target_month,gross,net,turnover,strategy
2000-01,-0.006139498948767405,-0.006139498948767405,0.0,enet:dm_only
2000-02,0.010860249135929081,0.009216759172202355,0.821744981863364,enet:dm_only
2000-03,0.0008795724709513697,-0.0005365035278663373,0.708037999408854,enet:dm_only
2000-04,-0.004684713643795944,-0.006142568545345832,0.7289274507749445,enet:dm_only
2000-05,0.0012927733687443815,-2.3977214040553406e-05,0.6583752913924675,enet:dm_only
2000-06,-0.004009644299861028,-0.005386408521084242,0.6883821106116071,enet:dm_only
2000-07,0.005791840948914365,0.004387157737673321,0.7023416056205218,enet:dm_only
2000-08,0.003561958855706325,0.0023070008149359772,0.6274790203851738,enet:dm_only
2000-09,0.007634298267317833,0.0062710413089394805,0.6816284791891764,enet:dm_only
2000-10,0.009306548033057685,0.008138893643350192,0.583827194853747,enet:dm_only
2000-11,0.008667710265282975,0.007531279360829043,0.568215452226966,enet:dm_only
2000-12,0.0038423337822890242,0.00269811409199574,0.5721098451466416,enet:dm_only
2001-01,-0.024824744991262436,-0.026537846679344886,0.8565508440412241,enet:dm_only
2001-02,0.003699974915024759,0.0013918779475381214,1.1540484837433183,enet:dm_only
2001-03,0.030275226069078412,0.028139762008239557,1.0677320304194284,enet:dm_only
2001-04,0.002051650246233814,0.0006110212934835544,0.7203144763751299,enet:dm_only
2001-05,0.011753805775698614,0.010013837867396225,0.869983954151194,enet:dm_only
2001-06,0.006308856321572385,0.004767283711009766,0.7707863052813095,enet:dm_only
2001-07,0.01477802796323961,0.013253885324481192,0.7620713193792098,enet:dm_only
2001-08,0.0015465091623724767,0.00018409929277506305,0.681204934798707,enet:dm_only
2001-09,0.011596522985171666,0.010082053174070987,0.7572349055503395,enet:dm_only
2001-10,-0.013793017574103497,-0.01538957995813564,0.798281192016073,enet:dm_only
2001-11,0.013255083488894204,0.011309920250785071,0.9725816190545664,enet:dm_only
2001-12,0.005973635198521591,0.004209353626736787,0.8821407858924019,enet:dm_only
2002-01,0.0023775479983402597,0.0004570754839046223,0.9602362572178189,enet:dm_only
2002-02,0.004126947097217195,0.0027819603179367594,0.6724933896402181,enet:dm_only
2002-03,0.008264545048174267,0.006872321719900549,0.6961116641368589,enet:dm_only
2002-04,0.014701003066993472,0.013424774727026948,0.6381141699832611,enet:dm_only
2002-05,0.010146328735698545,0.008769362489995906,0.6884831228513197,enet:dm_only
2002-06,0.01951230873627673,0.01824692335121673,0.6326926925299999,enet:dm_only
2002-07,0.008220812356214505,0.006976909353270764,0.6219515014718712,enet:dm_only
2002-08,0.004312703282927807,0.0031397587777745525,0.5864722525766273,enet:dm_only
2002-09,0.01575951650602324,0.014610793486175494,0.5743615099238724,enet:dm_only
2002-10,0.006884401508691773,0.005882369713429551,0.5010158976311118,enet:dm_only
2002-11,0.0021033988297006283,0.00087027299367828,0.6165629180111742,enet:dm_only
2002-12,0.005014375631301829,0.003772482818267699,0.6209464065170649,enet:dm_only
2003-01,0.009092678620598173,0.007864230368167337,0.614224126215418,enet:dm_only
2003-02,0.003756167258109361,0.002755499553566219,0.5003338522715711,enet:dm_only
2003-03,0.010094089059024902,0.009151384479302102,0.4713522898614007,enet:dm_only
2003-04,-0.005894949715135986,-0.006627121754963553,0.3660860199137835,enet:dm_only
2003-05,0.012051536586559908,0.01072499455046033,0.6632710180497889,enet:dm_only
2003-06,0.007656828989218699,0.00642005659730008,0.6183861959593092,enet:dm_only
2003-07,0.015427011430383223,0.014411927134280703,0.5075421480512601,enet:dm_only
2003-08,0.014686208313249967,0.013504761717526409,0.5907232978617788,enet:dm_only
2003-09,-0.01123577841349775,-0.012538048710556419,0.6511351485293347,enet:dm_only
2003-10,0.007932047708195052,0.00654893675118721,0.6915554785039212,enet:dm_only
2003-11,0.004869744682427816,0.0036527896549034293,0.6084775137621937,enet:dm_only
2003-12,-0.0012891695313501847,-0.0026031338635043484,0.6569821660770817,enet:dm_only
2004-01,0.008299159473775118,0.007068965392217941,0.6150970407785887,enet:dm_only
2004-02,0.009080273298531422,0.00766962470113468,0.7053242986983715,enet:dm_only
2004-03,0.006952435807417325,0.005947343323850652,0.5025462417833367,enet:dm_only
2004-04,0.019617462325652858,0.018574913138961875,0.5212745933454923,enet:dm_only
2004-05,-0.005212095512614687,-0.006270272842400463,0.529088664892888,enet:dm_only
2004-06,-0.00736826270533128,-0.00856437253011578,0.5980549123922504,enet:dm_only
2004-07,0.009418151938425951,0.008228383158418137,0.5948843900039067,enet:dm_only
2004-08,0.005969529644118927,0.004914601370229908,0.5274641369445098,enet:dm_only
2004-09,0.01321860478559586,0.012073772156912174,0.5724163143418423,enet:dm_only
2004-10,0.003423832734304585,0.0023276237463146277,0.5481044939949786,enet:dm_only
2004-11,0.008255701798691817,0.007053953697910806,0.6008740503905048,enet:dm_only
2004-12,0.005400817043700273,0.004125516257254994,0.637650393222639,enet:dm_only
2005-01,0.004606018502146901,0.0033200199242018214,0.64299928897254,enet:dm_only
2005-02,0.002532459983829987,0.0012487084571404248,0.6418757633447809,enet:dm_only
2005-03,0.010656033139648849,0.009328208958824444,0.6639120904122014,enet:dm_only
2005-04,0.016409997705461307,0.015289910387162606,0.5600436591493508,enet:dm_only
2005-05,-0.0048271726478853905,-0.005833298559401642,0.5030629557581259,enet:dm_only
2005-06,0.004024495422197626,0.002675643882825274,0.6744257696861762,enet:dm_only
2005-07,0.003654088975931274,0.0024717469306426714,0.5911710226443011,enet:dm_only
2005-08,0.003546087593867172,0.002359595121746836,0.5932462360601679,enet:dm_only
2005-09,-4.084990414260001e-05,-0.0014712016419939473,0.7151758689256735,enet:dm_only
2005-10,0.010305522261152833,0.009010144589869297,0.647688835641768,enet:dm_only
2005-11,0.004406750432944208,0.003341214716207817,0.532767858368196,enet:dm_only
2005-12,0.002475142821329567,0.0013256428537415268,0.5747499837940198,enet:dm_only
2006-01,-0.007033593100624137,-0.008181165310210002,0.573786104792933,enet:dm_only
2006-02,0.013716284292300379,0.012113905950851071,0.8011891707246539,enet:dm_only
2006-03,-0.006627327614230785,-0.007908138996135542,0.6404056909523792,enet:dm_only
2006-04,0.0013143527600625875,-5.4896859638077835e-05,0.6846248098503325,enet:dm_only
2006-05,0.0031072310320484167,0.0016089823532311868,0.749124339408615,enet:dm_only
2006-06,0.014219281424851174,0.012900061516301355,0.6596099542749096,enet:dm_only
2006-07,0.0021134468396490588,0.0009623542857501909,0.5755462769494337,enet:dm_only
2006-08,0.003772156628950037,0.002621461591046036,0.5753475189520004,enet:dm_only
2006-09,0.008726033897288836,0.007587589910882964,0.5692219932029363,enet:dm_only
2006-10,-2.680570622784671e-05,-0.0010775850943952566,0.5253896940837048,enet:dm_only
2006-11,0.008375746492725024,0.007184620085371749,0.5955632036766374,enet:dm_only
2006-12,0.006281765747573868,0.005221902657574189,0.5299315449998394,enet:dm_only
2007-01,0.0065755572489207105,0.0054747924767952405,0.5503823860627355,enet:dm_only
2007-02,0.005624594731993473,0.0043604324447869824,0.6320811436032459,enet:dm_only
2007-03,0.0003857581028890485,-0.0008353369121383783,0.6105475075137137,enet:dm_only
2007-04,0.015304377372738251,0.013980631283218803,0.6618730447597242,enet:dm_only
2007-05,0.006787827564007083,0.005644826039006829,0.5715007625001268,enet:dm_only
2007-06,0.0020209935931307186,0.0007533296744540269,0.6338319593383461,enet:dm_only
2007-07,0.004176361904496467,0.0027252370392725146,0.7255624326119757,enet:dm_only
2007-08,0.003052279056188161,0.0017332732972674403,0.6595028794603605,enet:dm_only
2007-09,0.0017242431704021445,0.0004805720842346328,0.6218355430837557,enet:dm_only
2007-10,-0.003582115319098045,-0.004772801270446196,0.5953429756740751,enet:dm_only
2007-11,0.00403710415372235,0.002785441955380781,0.625831099170784,enet:dm_only
2007-12,0.013036879456159294,0.011695609933649773,0.67063476125476,enet:dm_only
2008-01,0.00564579951877495,0.00457652784230984,0.5346358382325546,enet:dm_only
2008-02,-0.0014420504489269532,-0.002698041334030584,0.6279954425518152,enet:dm_only
2008-03,0.009030764941574333,0.007746146133915562,0.6423094038293845,enet:dm_only
2008-04,0.0020390281512644146,0.0008340843672848224,0.6024718919897963,enet:dm_only
2008-05,0.0013433382908408851,3.123878605636953e-05,0.6560497523922578,enet:dm_only
2008-06,0.009455713343213715,0.008180156060658347,0.6377786412776836,enet:dm_only
2008-07,0.002262365814243749,0.0011608106120149933,0.5507776011143778,enet:dm_only
2008-08,0.009877436870988477,0.008582562029090713,0.6474374209488829,enet:dm_only
2008-09,0.014277195745949605,0.013341516409713537,0.4678396681180347,enet:dm_only
2008-10,0.026974700021388534,0.02605363745326442,0.4605312840620577,enet:dm_only
2008-11,0.006683339074654255,0.0057335484465785005,0.4748953140378776,enet:dm_only
2008-12,0.005349908349501103,0.004244105951245675,0.5529011991277138,enet:dm_only
2009-01,0.007042265216923494,0.0057860696320888826,0.6280977924173053,enet:dm_only
2009-02,0.006954033113545372,0.0057863578416163745,0.5838376359644989,enet:dm_only
2009-03,-0.0076500995638919,-0.00872445838103559,0.5371794085718445,enet:dm_only
2009-04,-0.008197239732527659,-0.00960906519969697,0.7059127335846562,enet:dm_only
2009-05,0.015827586854573892,0.014017648782534536,0.9049690360196782,enet:dm_only
2009-06,-0.000973027344458207,-0.0024080939105631384,0.7175332830524658,enet:dm_only
2009-07,0.0016939262658821313,0.00026793638768467514,0.7129949390987279,enet:dm_only
2009-08,0.004888419586667012,0.0036871575504345898,0.6006310181162109,enet:dm_only
2009-09,0.005285692622507592,0.004159887066206781,0.562902778150406,enet:dm_only
2009-10,0.0037728064185587455,0.0027168812863215645,0.5279625661185907,enet:dm_only
2009-11,0.00359298650975409,0.002429937646692959,0.5815244315305655,enet:dm_only
2009-12,0.0013028104472271368,0.00025014452295724147,0.5263329621349477,enet:dm_only
2010-01,0.004761421521453865,0.0036796822188005047,0.5408696513266805,enet:dm_only
2010-02,0.0019512920857193076,0.0007837925013758853,0.5837497921717111,enet:dm_only
2010-03,0.004736399011771634,0.0036642747711365955,0.5360621203175193,enet:dm_only
2010-04,0.007993181885688231,0.006967963106858043,0.5126093894150944,enet:dm_only
2010-05,0.004012712768214011,0.002949101132883182,0.531805817665415,enet:dm_only
2010-06,0.008546873362506034,0.007475876760813676,0.5354983008461793,enet:dm_only
2010-07,0.0014511716027209437,0.0005989569562897059,0.4261073232156188,enet:dm_only
2010-08,0.0060537955905852255,0.0049936763498256995,0.5300596203797627,enet:dm_only
2010-09,0.003004065604890045,0.0019533339805609955,0.5253658121645247,enet:dm_only
2010-10,0.005026693029099869,0.003987965746533132,0.5193636412833686,enet:dm_only
2010-11,0.004976091699029395,0.00399300993507198,0.4915408819787071,enet:dm_only
2010-12,0.0035965087694058108,0.0026191642421888126,0.488672263608499,enet:dm_only
2011-01,0.009645436344304982,0.008715235249972147,0.4651005471664175,enet:dm_only
2011-02,0.004015434849835115,0.0030164520764907384,0.49949138667218795,enet:dm_only
2011-03,0.002521933069310604,0.0015663397583287767,0.4777966554909137,enet:dm_only
2011-04,0.007211528809864211,0.006287561801564312,0.46198350414994965,enet:dm_only
2011-05,0.007680379457351953,0.006800880325926081,0.4397495657129359,enet:dm_only
2011-06,0.004426495027507952,0.0035008563525545655,0.4628193374766935,enet:dm_only
2011-07,0.0049840543936763276,0.004098957863287905,0.44254826519421153,enet:dm_only
2011-08,0.00687997811849164,0.0059905324924470855,0.4447228130222782,enet:dm_only
2011-09,0.006929462443385369,0.006036444449263311,0.44650899706102926,enet:dm_only
2011-10,-0.004149524293344427,-0.005193596303483472,0.5220360050695225,enet:dm_only
2011-11,0.005818384331081852,0.004712460143507772,0.5529620937870395,enet:dm_only
2011-12,0.0059992028628899335,0.004974153172709754,0.5125248450900899,enet:dm_only
2012-01,-0.009062601853523432,-0.010020275945239923,0.4788370458582461,enet:dm_only
2012-02,0.0023237333039729142,0.0010955193382721636,0.6141069828503755,enet:dm_only
2012-03,0.0030192310538621845,0.0018727807320911773,0.5732251608855037,enet:dm_only
2012-04,0.00688013442369064,0.005733367045479682,0.5733836891054788,enet:dm_only
2012-05,0.007370670664911186,0.0063931793829225736,0.48874564099430645,enet:dm_only
2012-06,0.00337065043236215,0.002448238137290606,0.4612061475357722,enet:dm_only
2012-07,0.0049951121899734115,0.0041922675054312615,0.4014223422710748,enet:dm_only
2012-08,0.008780555103661058,0.007888544723915366,0.446005189872846,enet:dm_only
2012-09,0.0030581411052551474,0.0021917267219453826,0.4332071916548828,enet:dm_only
2012-10,0.001981930295260517,0.0011156102100441884,0.4331600426081643,enet:dm_only
2012-11,0.0030480621671641625,0.00214327251450374,0.45239482633021144,enet:dm_only
2012-12,-0.0003827762488645586,-0.0013058711380516065,0.4615474445935238,enet:dm_only
2013-01,0.005212268522628736,0.0042571416133526194,0.4775634546380586,enet:dm_only
2013-02,0.005462529604133019,0.004521252084927728,0.4706387596026452,enet:dm_only
2013-03,0.008322308013952938,0.007435006708602451,0.4436506526752438,enet:dm_only
2013-04,0.0076213523573743095,0.006869687889317892,0.37583223402820903,enet:dm_only
2013-05,0.009174573859550308,0.008316975441077089,0.42879920923660897,enet:dm_only
2013-06,0.004307322771681736,0.003302885408307942,0.5022186816868968,enet:dm_only
2013-07,0.0019267171397677725,0.0009445289819022783,0.4910940789327471,enet:dm_only
2013-08,0.004555775857265187,0.0035721455282044933,0.49181516453034707,enet:dm_only
2013-09,-0.0006793264781579646,-0.0016987302416619167,0.5097018817519763,enet:dm_only
2013-10,0.0021083428545548787,0.001078957740110055,0.5146925572224119,enet:dm_only
2013-11,0.002985194766180074,0.002043159220722397,0.4710177727288382,enet:dm_only
2013-12,0.00638656440228409,0.005483366238962558,0.4515990816607658,enet:dm_only
2014-01,0.004034600369649115,0.0032728215043342774,0.38088943265741904,enet:dm_only
2014-02,0.001246802492344326,0.0003126812909455158,0.46706060069940514,enet:dm_only
2014-03,0.00030164785355497116,-0.0006284496427538201,0.4650487481543957,enet:dm_only
2014-04,0.005791465388995446,0.004910957682014965,0.44025385349024065,enet:dm_only
2014-05,0.005028691305970054,0.0041918494155881265,0.4184209451909639,enet:dm_only
2014-06,0.004582365448918649,0.003682078405465017,0.4501435217268161,enet:dm_only
2014-07,0.0007419546881308642,-0.00015934487620558547,0.4506497821682249,enet:dm_only
2014-08,0.0026050412536098074,0.0016150388163293603,0.49500121864022356,enet:dm_only
2014-09,0.0058757406391032295,0.005000490158523,0.4376252402901147,enet:dm_only
2014-10,0.005873193355977289,0.005029520035825679,0.42183666007580506,enet:dm_only
2014-11,0.0069692489748830215,0.006177217007282468,0.39601598380027664,enet:dm_only
2014-12,0.007895225685478045,0.007068571219297635,0.41332723309020536,enet:dm_only
2015-01,0.0025094463478149438,0.0015973132594158462,0.45606654419954856,enet:dm_only
2015-02,0.0007488061579607924,-0.00021468187618223683,0.48174401707151476,enet:dm_only
2015-03,0.005459439137300338,0.0045943121698116245,0.43256348374435644,enet:dm_only
2015-04,-0.005310095263648748,-0.006165176895475784,0.4275408159135176,enet:dm_only
2015-05,0.002638449933046135,0.0015500097211172826,0.5442201059644264,enet:dm_only
2015-06,0.001258564917573133,0.0002112423724007376,0.5236612725861977,enet:dm_only
2015-07,0.005190076213358494,0.004327426180233416,0.43132501656253863,enet:dm_only
2015-08,0.007327532983750371,0.0064637988269458805,0.43186707840224614,enet:dm_only
2015-09,0.00218986069404982,0.001321256692359429,0.43430200084519544,enet:dm_only
2015-10,0.001234516380037076,0.0003419303295051644,0.4462930252659558,enet:dm_only
2015-11,0.009792897859151665,0.008898012998744839,0.4474424302034117,enet:dm_only
2015-12,0.0024119095511631176,0.0015199880559662428,0.44596074759843746,enet:dm_only
2016-01,0.0015916659340803677,0.0006717129053652168,0.4599765143575754,enet:dm_only
2016-02,-0.00043206029479277684,-0.0013894088412666364,0.47867427323692996,enet:dm_only
2016-03,0.0010744144447035794,3.5107553407961155e-05,0.5196534456478091,enet:dm_only
2016-04,0.009565294096974585,0.008430787374960471,0.5672533610070561,enet:dm_only
2016-05,0.0025590847555279515,0.001577896540155383,0.4905941076862842,enet:dm_only
2016-06,0.0007117146153814034,-0.000250620914987322,0.48116776518436266,enet:dm_only
2016-07,0.0028369067293500783,0.0019748966043783268,0.43100506248587594,enet:dm_only
2016-08,0.006025507677396709,0.005117737974113339,0.45388485164168446,enet:dm_only
2016-09,0.0032472947002593817,0.002405178337614111,0.4210581813226353,enet:dm_only
2016-10,0.005827434766771445,0.005065012140703451,0.38121131303399713,enet:dm_only
2016-11,0.004591966654477672,0.0038105627465239208,0.39070195397687574,enet:dm_only
2016-12,0.0003278310146303934,-0.000556597181859135,0.44221409824476415,enet:dm_only
2017-01,0.010547666423806563,0.009676214570511295,0.4357259266476338,enet:dm_only
2017-02,0.003360645659489973,0.0024279190346940364,0.46636331239796797,enet:dm_only
2017-03,0.0047540686155438105,0.0038005015199670234,0.47678354778839377,enet:dm_only
2017-04,0.002890433622311012,0.0020391693229740203,0.4256321496684957,enet:dm_only
2017-05,0.0071287995066303105,0.006273939436136621,0.42743003524684525,enet:dm_only
2017-06,0.002126456939720221,0.0013680734321334079,0.3791917537934066,enet:dm_only
2017-07,0.006438512382983097,0.005712058467731943,0.36322695762557716,enet:dm_only
2017-08,0.005539079288975967,0.004704184479750599,0.41744740461268426,enet:dm_only
2017-09,0.004409737317050956,0.0036046209039979757,0.4025582065264902,enet:dm_only
2017-10,0.004564351672017029,0.003774507673600732,0.3949219992081487,enet:dm_only
2017-11,0.0015373667342096485,0.0007456903834304792,0.3958381753895845,enet:dm_only
2017-12,-0.001583147060792761,-0.0024556347476759636,0.43624384344160155,enet:dm_only
2018-01,0.0022936314684544323,0.001371752102804604,0.460939682824914,enet:dm_only
2018-02,0.005306445589204373,0.004338483837344309,0.4839808759300321,enet:dm_only
2018-03,0.0028955274609425417,0.001973732137063581,0.46089766193948023,enet:dm_only
2018-04,0.003892568961465975,0.0030022997847195462,0.4451345883732143,enet:dm_only
2018-05,0.00504571012075697,0.004076964667586293,0.48437272658533853,enet:dm_only
2018-06,0.0019142524087820134,0.0009659235698140215,0.47416441948399596,enet:dm_only
2018-07,0.0014942114222903263,0.0006296958983467608,0.4322577619717828,enet:dm_only
2018-08,0.003597606008152568,0.002710194673071778,0.44370566754039503,enet:dm_only
2018-09,0.0035765309683470307,0.0027505597376096297,0.4129856153687006,enet:dm_only
2018-10,0.004211118740846335,0.0034095216387747497,0.4007985510357924,enet:dm_only
2018-11,-0.0014331122047635111,-0.0023493358576237946,0.45811182643014176,enet:dm_only
2018-12,0.003260785459818717,0.0022409267116502403,0.509929374084238,enet:dm_only
2019-01,0.0008636365458740455,1.3178697931570954e-05,0.4252289239712372,enet:dm_only
2019-02,0.0008175695640098841,-0.00013579375051765865,0.4766816572637713,enet:dm_only
2019-03,0.003164274944912958,0.0022697939592749507,0.44724049281900363,enet:dm_only
2019-04,0.0010334985401054461,0.00016296217544976984,0.43526818232783815,enet:dm_only
2019-05,0.0063049964605515815,0.005483169657355482,0.4109134015980498,enet:dm_only
2019-06,0.002523103522633583,0.0017035978408041922,0.4097528409146955,enet:dm_only
2019-07,0.005832853830065099,0.0049521904257848704,0.44033170214011436,enet:dm_only
2019-08,0.002303156791181925,0.0014712887793745073,0.41593400590370866,enet:dm_only
2019-09,0.0027735498339844264,0.001947060260220774,0.41324478688182614,enet:dm_only
2019-10,0.0021510337337382283,0.0013467337730481716,0.40214998034502825,enet:dm_only
2019-11,0.004932392879109513,0.00403617068856645,0.4481110952715316,enet:dm_only
2019-12,0.002217680924901379,0.0013358498953943002,0.4409155147535395,enet:dm_only
2020-01,0.006321672472870903,0.005432560819465583,0.4445558267026602,enet:dm_only
2020-02,0.006834838191027673,0.005952174458108978,0.4413318664593476,enet:dm_only
2020-03,0.007379838990480663,0.006593435011997432,0.3932019892416159,enet:dm_only
2020-04,-0.019393330073231924,-0.020437120735444573,0.5218953311063245,enet:dm_only
2020-05,0.0035405395906130802,0.00181412402213013,0.8632077842414748,enet:dm_only
2020-06,0.008325250157908496,0.007166755869935187,0.5792471439866551,enet:dm_only
2020-07,0.008949714120080103,0.007830022627130223,0.5598457464749393,enet:dm_only
2020-08,0.010541481077352841,0.009369029558195373,0.5862257595787346,enet:dm_only
2020-09,0.01318018889671998,0.012143812021291216,0.5181884377143825,enet:dm_only
2020-10,0.0035974125583442627,0.0026793046440418823,0.45905395715119046,enet:dm_only
2020-11,-0.004771699896482384,-0.005723970407100123,0.47613525530886897,enet:dm_only
2020-12,0.007769956360202135,0.0064705184619269,0.6497189491376174,enet:dm_only
2021-01,0.008040333210106977,0.0069671920134951795,0.5365705983058988,enet:dm_only
2021-02,0.012117270360865266,0.011101006016025984,0.5081321724196406,enet:dm_only
2021-03,0.00874339924129413,0.007790458831565048,0.47647020486454095,enet:dm_only
2021-04,0.011363611166857506,0.010480865180652504,0.44137299310250094,enet:dm_only
2021-05,0.008421911750331341,0.007457393509672245,0.4822591203295472,enet:dm_only
2021-06,0.005295175807512164,0.0044254815184028825,0.43484714455464046,enet:dm_only
2021-07,0.004101480644562508,0.0032854199089130394,0.4080303678247342,enet:dm_only
2021-08,0.0029386426512155784,0.0021013533697597088,0.4186446407279348,enet:dm_only
2021-09,0.005217369696304139,0.004251958317165144,0.48270568956949744,enet:dm_only
2021-10,0.006924287643347238,0.006038131731930816,0.44307795570821074,enet:dm_only
2021-11,0.003687361488657016,0.0029207340802589643,0.3833137041990258,enet:dm_only
2021-12,0.006864573039024194,0.005914080927011337,0.4752460560064289,enet:dm_only
2022-01,0.011504887036767426,0.010700397918413028,0.4022445591771983,enet:dm_only
2022-02,0.0070841417761869805,0.006244596962135553,0.41977240702571356,enet:dm_only
2022-03,0.00895347097526235,0.008146454909088226,0.40350803308706146,enet:dm_only
2022-04,0.009154487271585514,0.008461147619338635,0.34666982612343894,enet:dm_only
2022-05,0.0063110536904369885,0.005573465356458625,0.36879416698918205,enet:dm_only
2022-06,0.005454527804896845,0.0047489145404487005,0.3528066322240723,enet:dm_only
2022-07,-0.0013008616204431796,-0.002029386942325889,0.36426266094135473,enet:dm_only
2022-08,0.00021598189739247271,-0.0005577058525713322,0.3868438749819024,enet:dm_only
2022-09,0.006233370705484135,0.005406804314096553,0.41328319569379135,enet:dm_only
2022-10,0.004987866369667285,0.004175788065030045,0.40603915231862014,enet:dm_only
2022-11,0.005179660533090078,0.004441259780858493,0.36920037611579276,enet:dm_only
2022-12,0.006833970439564214,0.006057384602542954,0.3882929185106301,enet:dm_only
2023-01,0.0016680707527390987,0.0009054888997399625,0.38129092649956814,enet:dm_only
2023-02,0.006912103589824547,0.00611556217929067,0.39827070526693864,enet:dm_only
2023-03,0.005848620646391792,0.005108760727106723,0.3699299596425343,enet:dm_only
2023-04,0.0010893324391845385,0.00037990573969608183,0.35471334974422836,enet:dm_only
2023-05,0.0018327528519074064,0.0011395554688183732,0.3465986915445166,enet:dm_only
2023-06,0.004895659669681219,0.004094988339683627,0.400335664998796,enet:dm_only
2023-07,0.003933871039701686,0.003079694415979554,0.42708831186106566,enet:dm_only
2023-08,0.004873026043206654,0.004044068851413011,0.4144785958968218,enet:dm_only
2023-09,0.006936870608826791,0.006170477556427015,0.3831965261998882,enet:dm_only
2023-10,0.007626118222258898,0.006939182699946589,0.3434677611561541,enet:dm_only
2023-11,-0.000119741721881351,-0.0008258216692986562,0.35303997370865264,enet:dm_only
2023-12,0.004937566999001302,0.004082645984113801,0.42746050744375075,enet:dm_only
2024-01,0.007151236070711726,0.0064110260735827035,0.3701049985645111,enet:dm_only
2024-02,0.006405949819237075,0.00557731303719057,0.41431839102325296,enet:dm_only
2024-03,0.00611314549273666,0.005374203657253971,0.36947091774134466,enet:dm_only
2024-04,0.004851389077922565,0.0041002338164557095,0.37557763073342776,enet:dm_only
2024-05,0.007927498665477796,0.007241857320359476,0.3428206725591608,enet:dm_only
2024-06,0.0032522553708862465,0.0025312677358214093,0.36049381753241855,enet:dm_only
2024-07,0.0021728218501178196,0.0015384075678813378,0.31720714111824094,enet:dm_only
2024-08,0.006353408276797658,0.005681246651524344,0.33608081263665696,enet:dm_only
2024-09,0.0019691357926157056,0.001315893679258518,0.32662105667859387,enet:dm_only
2024-10,0.005420108973657173,0.004741977471189298,0.3390657512339376,enet:dm_only
2024-11,0.008766543193234791,0.008061234857804444,0.3526541677151733,enet:dm_only
2024-12,0.003999011569666659,0.0033357212477890708,0.33164516093879437,enet:dm_only
2025-01,0.0020354884504748057,0.001436304879536027,0.29959178546938914,enet:dm_only
2025-02,0.0035685354004401926,0.0028752245677885506,0.34665541632582103,enet:dm_only
2025-03,0.00359692427087836,0.0028981774651725065,0.3493734028529269,enet:dm_only
2025-04,0.0013983644667786715,0.0006735237307846849,0.36242036799699334,enet:dm_only
2025-05,0.002985011536825957,0.002282827928366372,0.3510918042297927,enet:dm_only
2025-06,-0.00038430137488943854,-0.0010905383156353623,0.35311847037296196,enet:dm_only
2025-07,0.0035042397846028793,0.0027163049350161016,0.39396742479338853,enet:dm_only
2025-08,0.007213069759082358,0.006447104187492726,0.3829827857948153,enet:dm_only
2025-09,0.008411890044208259,0.007618340116718149,0.39677496374505417,enet:dm_only
2025-10,0.002989284355677703,0.0022581221947535935,0.36558108046205473,enet:dm_only
2025-11,0.004106264600201025,0.0033323898904753933,0.3869373548628156,enet:dm_only
2025-12,0.0060462014633669466,0.005288572423571509,0.37881451989771886,enet:dm_only
2000-01,0.006846250248373404,0.006846250248373404,0.0,static_ew
2000-02,0.004535334565696931,0.004491151336315652,0.022091614690639496,static_ew
2000-03,0.0077772590773389945,0.007743612784124525,0.016823146607234538,static_ew
2000-04,0.004967752646171879,0.004884044472233125,0.04185408696937716,static_ew
2000-05,0.006604757087176753,0.006232031176107035,0.18636295553485913,static_ew
2000-06,0.006497899245336284,0.0063146146151093424,0.09164231511347082,static_ew
2000-07,0.008252031749329236,0.00821284831279673,0.019591718266253874,static_ew
2000-08,0.0012595468372235445,0.0012426760748999231,0.008435381161810512,static_ew
2000-09,0.005152974189285024,0.0051270330346124045,0.012970577336309628,static_ew
2000-10,0.010074338472387097,0.010006696268722916,0.033821101832090604,static_ew
2000-11,0.004540839102157787,0.004496750992818254,0.022044054669766257,static_ew
2000-12,0.012773939544789817,0.012648732037787614,0.06260375350110112,static_ew
2001-01,-0.013678733797584193,-0.013720824206863417,0.021045204639611702,static_ew
2001-02,0.014922165055231092,0.014918082810496355,0.0020411223673687078,static_ew
2001-03,0.01513686637987934,0.01508148497826209,0.02769070080862534,static_ew
2001-04,0.0009109529392298349,0.000890692037934451,0.010130450647692033,static_ew
2001-05,0.0075332228725037646,0.007272184859164493,0.13051900666963534,static_ew
2001-06,0.009025790322376347,0.00899164572598837,0.01707229819398765,static_ew
2001-07,0.005696089665112426,0.00567169801214166,0.012195826485382732,static_ew
2001-08,0.005452165993621436,0.005353249721362441,0.049458136129498134,static_ew
2001-09,0.015866135433328706,0.015833323372112344,0.016406030608181136,static_ew
2001-10,-0.0042815297378208,-0.004490325427350435,0.10439784476481727,static_ew
2001-11,-0.014125351438075192,-0.01413749932917045,0.006073945547629763,static_ew
2001-12,0.0027474721665460226,0.0027360251077224933,0.005723529411764706,static_ew
2002-01,-0.0006458184827407507,-0.000654576220221708,0.004378868740478647,static_ew
2002-02,0.007071934646719124,0.007015674834156675,0.028129906281224314,static_ew
2002-03,0.006028983454430532,0.005948385137407294,0.0402991585116188,static_ew
2002-04,0.006526442343564921,0.006405642743677106,0.060399799943907644,static_ew
2002-05,0.0015096928405996606,0.0013947246319440372,0.0574841043278119,static_ew
2002-06,0.0074250789116143134,0.0073516461307809216,0.036716390416696214,static_ew
2002-07,0.012078108865461162,0.012078108865461162,0.0,static_ew
2002-08,0.005193566652749977,0.0051245943422682325,0.034486155240872216,static_ew
2002-09,0.01632717848434468,0.01630041046884427,0.013384007750204933,static_ew
2002-10,0.00837292330457,0.008367119863333489,0.002901720618256054,static_ew
2002-11,-0.0015517633923838757,-0.0016727831134035964,0.060509860509860514,static_ew
2002-12,0.009582239762595297,0.009529428830492329,0.026405466051483743,static_ew
2003-01,0.0038379851793177836,0.003801091416987828,0.018446881164977762,static_ew
2003-02,0.009356139052018162,0.009306806816545447,0.024666117736358493,static_ew
2003-03,0.006529500595120906,0.006497219039600189,0.01614077776035817,static_ew
2003-04,-0.011705127256257391,-0.011781267325063639,0.038070034403123565,static_ew
2003-05,0.0008720896265462903,0.0006305004885679741,0.12079456898915815,static_ew
2003-06,0.0003930395120190519,0.0003356285814463569,0.028705465286347626,static_ew
2003-07,0.004156735149473903,0.004118466714045953,0.01913421771397525,static_ew
2003-08,0.00068467123873153,0.0006387475547774426,0.022961841977043672,static_ew
2003-09,-0.014843928699008035,-0.01515814937994979,0.15711034047087685,static_ew
2003-10,0.0038672289292397397,0.003843113395795848,0.012057766721945829,static_ew
2003-11,0.002872195708895595,0.0028517391105213788,0.010228299187108323,static_ew
2003-12,-0.007862082960119808,-0.007899532020389077,0.01872453013463451,static_ew
2004-01,-0.000581309786023757,-0.0006275086164331138,0.02309941520467837,static_ew
2004-02,-0.001797984262859435,-0.0018822305721057444,0.04212315462315461,static_ew
2004-03,0.0025809192617342763,0.0025377245807322183,0.021597340501029023,static_ew
2004-04,0.0013814515409556992,0.001351253223648007,0.015099158653846152,static_ew
2004-05,0.0037209720179275925,0.0036128727459993743,0.054049635964109013,static_ew
2004-06,0.005710001270758247,0.005670418618698076,0.019791326030085005,static_ew
2004-07,0.006990225642899871,0.0069665370074329085,0.011844317733481135,static_ew
2004-08,-0.0014326918084971963,-0.0014869043878122346,0.027106289657519166,static_ew
2004-09,-0.005917082298976042,-0.006000548367395472,0.04173303420971473,static_ew
2004-10,0.005664773333260945,0.005635491822422058,0.014640755419443936,static_ew
2004-11,0.0030921752747330635,0.003025306154981808,0.03343455987562776,static_ew
2004-12,0.002458055525586651,0.002428218717445673,0.014918404070488951,static_ew
2005-01,0.0004450094407542081,0.0002608314516237732,0.09208899456521738,static_ew
2005-02,0.0006308086263915909,0.0006094483236719011,0.010680151359844911,static_ew
2005-03,0.002122281339140419,0.002092538019518422,0.014871659810998411,static_ew
2005-04,0.005688712947313368,0.0056664326081506755,0.011140169581346046,static_ew
2005-05,-0.002656424708806255,-0.002749986206313273,0.046780748753509065,static_ew
2005-06,-0.00032637338734491463,-0.00034185183251085973,0.007739222582972584,static_ew
2005-07,0.00014862959814904695,0.00013121432023603002,0.008707638956508508,static_ew
2005-08,0.0007938723329807972,0.0007728486845800547,0.010511824200371285,static_ew
2005-09,-0.0010897219552546344,-0.001177383205045219,0.043830624895292346,static_ew
2005-10,0.0036541790041915464,0.0036401205582325177,0.007029222979514402,static_ew
2005-11,0.00022349951142382733,0.00018083801758441397,0.02133074691970666,static_ew
2005-12,-0.002028407694751526,-0.002056433291898515,0.014012798573494675,static_ew
2006-01,8.550859777867507e-06,-1.1212221344801993e-06,0.004836040956173839,static_ew
2006-02,0.006746973105352491,0.006548060274798351,0.09945641527707018,static_ew
2006-03,0.0009358886227659271,0.0009301425910198951,0.0028730158730158706,static_ew
2006-04,0.00290220643293174,0.00279773020207492,0.052238115428409886,static_ew
2006-05,0.00430706821803099,0.00425017757610537,0.028445320962809533,static_ew
2006-06,0.0023149258758538523,0.002302486579630658,0.006219648111597565,static_ew
2006-07,0.0035684204228538336,0.003317695662121898,0.12536238036596792,static_ew
2006-08,-0.005217999123204908,-0.005344295569001665,0.06314822289837835,static_ew
2006-09,-0.001202626580386997,-0.0013656853991588593,0.08152940938593121,static_ew
2006-10,0.002393289626816041,0.0023123485450433395,0.04047054088635069,static_ew
2006-11,0.004293144115809218,0.004252446912538735,0.020348601635241634,static_ew
2006-12,0.0032634977280516075,0.0032513284263487215,0.006084650851443113,static_ew
2007-01,0.002772767472669673,0.002703136899811778,0.03481528642894777,static_ew
2007-02,-0.0021153916283696075,-0.0024113366894007527,0.14797253051557252,static_ew
2007-03,0.0004606679081937162,0.00038603410824853535,0.03731689997259044,static_ew
2007-04,0.0008491691729926647,0.0007429407924058931,0.05311419029338576,static_ew
2007-05,8.794379557638488e-05,-5.4269725967038e-05,0.07110676077171152,static_ew
2007-06,-0.0036653997761466766,-0.0037050341416994636,0.019817182776393282,static_ew
2007-07,-0.0022482387007603864,-0.0023747441483506723,0.06325272379514275,static_ew
2007-08,0.004923539363621122,0.00482189820983393,0.05082057689359569,static_ew
2007-09,0.0011488729927269365,0.0010829831272854509,0.032944932720742795,static_ew
2007-10,-0.0007094685329296096,-0.0008928911278911959,0.09171129748079303,static_ew
2007-11,0.004953508866275937,0.004841752372337222,0.05587824696935779,static_ew
2007-12,0.005045194225205097,0.004940992519017321,0.052100853093887824,static_ew
2008-01,0.007075397266559725,0.006946184212163064,0.06460652719833028,static_ew
2008-02,-0.0021861621865683417,-0.002285035420935947,0.04943661718380262,static_ew
2008-03,0.006987003547567876,0.0069381290154242325,0.024437266071821576,static_ew
2008-04,0.000637994531908636,0.0005949134517866089,0.021540540061013413,static_ew
2008-05,-0.0009730122559482834,-0.0010671438088629308,0.047065776457323835,static_ew
2008-06,0.007696194773049656,0.007663769088106486,0.016212842471585488,static_ew
2008-07,0.003870070858996698,0.003849019030365665,0.01052591431551664,static_ew
2008-08,0.006510463978434189,0.006484272980675786,0.013095498879201114,static_ew
2008-09,0.01073204538084731,0.01070730895772873,0.012368211559289872,static_ew
2008-10,0.018490600008656786,0.018455485607302084,0.01755720067735098,static_ew
2008-11,0.004667832579229529,0.004628339127519014,0.019746725855257642,static_ew
2008-12,0.0006132607788188689,0.0005764671351892524,0.018396821814808298,static_ew
2009-01,0.0026139855849007213,0.0025813980829617975,0.016293750969462048,static_ew
2009-02,0.00567337343602216,0.0056087872830403495,0.03229307649090513,static_ew
2009-03,-0.002717314547344427,-0.0027511381568256933,0.016911804740633,static_ew
2009-04,-0.013462025495498865,-0.01349610279416349,0.017038649332312045,static_ew
2009-05,-0.019211315325725557,-0.019269988415188868,0.02933654473165522,static_ew
2009-06,0.0040945995549451905,0.004091107912767417,0.0017458210888867882,static_ew
2009-07,0.002244417919892053,0.002201379966727873,0.021518976582090177,static_ew
2009-08,0.0022530540144185002,0.0022313393741350013,0.010857320141749331,static_ew
2009-09,0.0006618615401991941,0.0006481551454766732,0.0068531973612604635,static_ew
2009-10,0.006633504557487604,0.006623978141107256,0.004763208190173451,static_ew
2009-11,0.007836861462244493,0.007824050549233243,0.006405456505624612,static_ew
2009-12,0.003983810391889714,0.00396945292902208,0.007178731433817373,static_ew
2010-01,0.003130278000472847,0.0031150793292421598,0.0075993356153435995,static_ew
2010-02,0.006745646042024941,0.006711178283516101,0.017233879254419934,static_ew
2010-03,0.006019320895392907,0.0059892507069731205,0.015035094209893386,static_ew
2010-04,0.00627175636967025,0.006253483043278046,0.009136663196102124,static_ew
2010-05,0.008036080440849353,0.008000597184258005,0.01774162829567434,static_ew
2010-06,0.006460197603099593,0.006447798334479596,0.006199634309998528,static_ew
2010-07,0.001000868251688254,0.000992084349363385,0.004391951162434457,static_ew
2010-08,0.006072733109813552,0.006037287818245893,0.017722645783829385,static_ew
2010-09,0.0024238081680220463,0.0024014904519652656,0.01115885802839034,static_ew
2010-10,0.0021351343522700195,0.0021278405013097994,0.003646925480110154,static_ew
2010-11,0.005442460883945341,0.0054316394897390265,0.005410697103157608,static_ew
2010-12,0.0014634222977655091,0.0014547495068551984,0.004336395455155419,static_ew
2011-01,0.007171612333078273,0.007163366520186055,0.00412290644610926,static_ew
2011-02,0.004086065954429272,0.004061549624180473,0.012258165124399352,static_ew
2011-03,0.0023381116326072577,0.002287653248647809,0.025229191979724227,static_ew
2011-04,0.0032300363549872665,0.003213607319405759,0.008214517790753764,static_ew
2011-05,0.005498275888359601,0.005467410923741759,0.015432482308921094,static_ew
2011-06,0.004719839511263485,0.0047057037932853405,0.007067858989072069,static_ew
2011-07,0.001618617989173523,0.0016021845323219476,0.008216728425787663,static_ew
2011-08,0.006088822560689807,0.006076613232514092,0.006104664087857355,static_ew
2011-09,0.005475996791466945,0.005458817457194361,0.008589667136291905,static_ew
2011-10,-0.00307392095354938,-0.003076037355665782,0.001058201058201055,static_ew
2011-11,0.0061876216381149315,0.0061741905255216275,0.006715556296651588,static_ew
2011-12,0.004587941687931708,0.00458150139101522,0.0032201484582436886,static_ew
2012-01,-0.005263356020065814,-0.005407908084187381,0.07227603206078435,static_ew
2012-02,-0.006248557007105648,-0.006254523000940789,0.0029829969175698525,static_ew
2012-03,0.0068121131405545505,0.006808999295335441,0.0015569226095541872,static_ew
2012-04,0.004164054372823348,0.004029754253183294,0.0671500598200271,static_ew
2012-05,0.0073967646338511306,0.007340882418894954,0.027941107478088312,static_ew
2012-06,0.004215273088307727,0.004205766935086334,0.00475307661069618,static_ew
2012-07,0.0032095585418525896,0.003185885482274902,0.011836529788843954,static_ew
2012-08,0.0030511285372512046,0.0030375745618664123,0.0067769876923960675,static_ew
2012-09,-0.0009561085929329985,-0.0009724804619125405,0.008185934489771056,static_ew
2012-10,0.002591082976930032,0.002587650973498028,0.0017160017160017197,static_ew
2012-11,0.004896761097141351,0.004884615249791422,0.006072923674964497,static_ew
2012-12,-0.0005711954869023787,-0.0005865843427009044,0.007694427899262742,static_ew
2013-01,0.0027981150198020614,0.002788532845388782,0.004791087206639632,static_ew
2013-02,0.004278709959956324,0.004232460215158139,0.02312487239909266,static_ew
2013-03,0.0054127415651311446,0.005375353194931388,0.018694185099878198,static_ew
2013-04,0.0034568211871339343,0.0034092056555505698,0.02380776579168191,static_ew
2013-05,0.003189967739871686,0.0031672153450257538,0.01137619742296642,static_ew
2013-06,0.008621510397507757,0.00860019682226649,0.010656787620634312,static_ew
2013-07,0.0026466283633349743,0.0026123304450799754,0.017148959127499648,static_ew
2013-08,0.0041212996525198265,0.0041017044153641834,0.009797618577821654,static_ew
2013-09,-0.0016210021363860792,-0.0017171851900441666,0.04809152682904367,static_ew
2013-10,-0.00045877873939371543,-0.0005014191019629243,0.021320181284604375,static_ew
2013-11,0.0040042653640671765,0.003938996864505433,0.03263424978087218,static_ew
2013-12,0.0036963887569462675,0.0036855998151133387,0.005394470916464232,static_ew
2014-01,0.000922458159410854,0.0009024520837292318,0.010003037840811042,static_ew
2014-02,0.001847209589871815,0.001833087957574224,0.007060816148795523,static_ew
2014-03,0.0021752245722297713,0.002162555480793557,0.006334545718107363,static_ew
2014-04,9.341478214407745e-05,3.1027063098253496e-05,0.03119385952291195,static_ew
2014-05,0.002215636991164621,0.00219731882013709,0.009159085513765312,static_ew
2014-06,0.004690656924929283,0.004690656924929283,0.0,static_ew
2014-07,0.002213142495473054,0.002209836710349087,0.0016528925619834697,static_ew
2014-08,0.0011696677270782777,0.0011018213413661931,0.03392319285604222,static_ew
2014-09,0.0034157769147715217,0.003412684367678975,0.0015462735462735417,static_ew
2014-10,0.0019928033227132064,0.0019717926066116693,0.010505358050768706,static_ew
2014-11,0.00392522322396267,0.0039195155869732705,0.0028538184946993506,static_ew
2014-12,0.007545186908141904,0.007535885579682553,0.004650664229675821,static_ew
2015-01,0.002605572906090071,0.0025979648195346154,0.003804043277727485,static_ew
2015-02,-0.00019272844716427252,-0.0002181713969374864,0.012721474886606883,static_ew
2015-03,0.005955855051758254,0.0059188177456966865,0.01851865303078358,static_ew
2015-04,-0.0027390915552545953,-0.00281006191937354,0.03548518205947243,static_ew
2015-05,0.005108514171648222,0.00504936310708949,0.029575532279366355,static_ew
2015-06,0.0036906650776182136,0.0036864681764801357,0.002098450569038793,static_ew
2015-07,0.004026200936614102,0.004022011951430988,0.0020944925915571742,static_ew
2015-08,0.007300010048103809,0.007284148487997096,0.007930780053356576,static_ew
2015-09,0.00199182978020264,0.001990341684964545,0.0007440476190476184,static_ew
2015-10,-0.00037286923811899247,-0.0003880883103172241,0.007609536099115849,static_ew
2015-11,0.0059290587984488705,0.005920603273912363,0.004227762268253475,static_ew
2015-12,0.0007278847654394597,0.0007176064190878376,0.005139173175811111,static_ew
2016-01,0.003973013683238993,0.0039684868870132565,0.0022633981128683304,static_ew
2016-02,-0.0028378621773340667,-0.0028469605311617174,0.004549176913825397,static_ew
2016-03,-0.006678542600692765,-0.006687436875658468,0.0044471374828517615,static_ew
2016-04,0.0017354244521446643,0.001730869982643935,0.002277234750364657,static_ew
2016-05,0.0038214412912776032,0.003801031523277,0.010204884000301713,static_ew
2016-06,0.0013408537849933521,0.001336755257140817,0.0020492639262677135,static_ew
2016-07,0.0013490230927024154,0.0013473950910744138,0.0008140008140008087,static_ew
2016-08,0.0017282993757778478,0.001712486317327418,0.007906529225214882,static_ew
2016-09,0.003486953810832538,0.003448818972317332,0.01906741925760316,static_ew
2016-10,0.0024118511905420175,0.0024064926792890574,0.0026792556264801943,static_ew
2016-11,0.0025814243645454673,0.002567689824364087,0.0068672700906900926,static_ew
2016-12,7.604567105143387e-05,-5.796527185333729e-06,0.04092109911838379,static_ew
2017-01,0.00022480063403856106,0.00019514356023510418,0.014828536901728489,static_ew
2017-02,0.004808767814694524,0.004796859292317396,0.005954261188564554,static_ew
2017-03,0.0024381885740650494,0.002429113638160845,0.004537467952102095,static_ew
2017-04,0.0023388532074777335,0.002317100337628389,0.010876434924672197,static_ew
2017-05,0.005287846305534226,0.005270894309068864,0.008475998232680946,static_ew
2017-06,0.0011995888365353546,0.0011847739088506944,0.007407463842330078,static_ew
2017-07,0.0014423102998193126,0.0014386189007790763,0.0018456995201181253,static_ew
2017-08,0.0022501736946745473,0.0022474049427293244,0.0013843759726112604,static_ew
2017-09,0.001920092867574558,0.0019120755515572422,0.004008658008658005,static_ew
2017-10,0.0023239584411836158,0.0023041721056273256,0.009893167778144946,static_ew
2017-11,0.004002866830936425,0.003989232597602598,0.006817116666913122,static_ew
2017-12,-0.001018678510628349,-0.0010281140321052394,0.004717760738445305,static_ew
2018-01,0.0015494955487994515,0.001544090148504388,0.002702700147531734,static_ew
2018-02,0.003946834225441525,0.003946834225441525,0.0,static_ew
2018-03,0.00285471148759375,0.0028028048846618536,0.025953301465948077,static_ew
2018-04,0.001496505954330704,0.001489495411072274,0.0035052716292150263,static_ew
2018-05,0.004453052594960162,0.00442659167062606,0.013230462167051166,static_ew
2018-06,0.0030893649345975997,0.0030714256298013665,0.00896965239811673,static_ew
2018-07,0.0006767504825272274,0.00065470650656587,0.011021987980678709,static_ew
2018-08,0.0035565685216759975,0.003543564360852079,0.006502080411959332,static_ew
2018-09,0.0025127481100594737,0.002500750186985838,0.005998961536817895,static_ew
2018-10,0.002243373291605877,0.0022356984613504014,0.0038374151277377143,static_ew
2018-11,-0.0010737041342590002,-0.0010891269206584377,0.007711393199718791,static_ew
2018-12,0.0012785239168243863,0.0012759810051905655,0.0012714558169103613,static_ew
2019-01,0.0006697429280016653,0.0006697429280016653,0.0,static_ew
2019-02,-0.0004534991336799363,-0.0004581528133336159,0.0023268398268398295,static_ew
2019-03,0.0021929653850979625,0.0021849067770393546,0.004029304029304032,static_ew
2019-04,0.0021495079849113276,0.0021449340916513027,0.0022869466300123246,static_ew
2019-05,0.0047445622947961934,0.004736092584638933,0.004234855078630399,static_ew
2019-06,0.0008632846927041095,0.0008594667697281633,0.0019089614879730765,static_ew
2019-07,0.0031318355646939816,0.0031262726037058004,0.0027814804940904697,static_ew
2019-08,0.0020197480870261107,0.002000834993752207,0.00945654663695173,static_ew
2019-09,0.0012388323520865121,0.001236898116109723,0.0009671179883945893,static_ew
2019-10,0.0014492094983642775,0.0014442301626076675,0.0024896678783050403,static_ew
2019-11,0.0030094064530482604,0.0030034885576345673,0.0029589477068468636,static_ew
2019-12,0.0010404052656499913,0.0010244064122810882,0.007999426684451524,static_ew
2020-01,0.004048017948879005,0.004048017948879005,0.0,static_ew
2020-02,0.0046827476894142775,0.004678228781975188,0.002259453719544567,static_ew
2020-03,0.00614015508999759,0.006131838817947753,0.00415813602491825,static_ew
2020-04,-0.008107427418490624,-0.008129160667616812,0.01086662456309298,static_ew
2020-05,0.001122834687340509,0.0010995548228394686,0.011639932250520141,static_ew
2020-06,-0.005624053607506191,-0.005627124948139898,0.0015356703168534944,static_ew
2020-07,-0.0008543754428183681,-0.0009060718945148199,0.025848225848225846,static_ew
2020-08,-0.0015233764791723545,-0.0015292238316729823,0.002923676250313964,static_ew
2020-09,-0.00011650099086190205,-0.0001222266036876875,0.002862806412892725,static_ew
2020-10,0.005116675302278381,0.005111338198575405,0.0026685518514884482,static_ew
2020-11,-0.007486338304804086,-0.007499439017142245,0.006550356169079457,static_ew
2020-12,0.0006584996509338254,0.0006532434525867179,0.002628099173553713,static_ew
2021-01,0.0031301100552551977,0.003124210266580289,0.002949894337454148,static_ew
2021-02,0.000844066154550997,0.0008395571887461595,0.002254482902418675,static_ew
2021-03,0.0037170822212914704,0.0036952444072848685,0.010918907003301066,static_ew
2021-04,0.003099476028458728,0.003096583466475257,0.0014462809917355325,static_ew
2021-05,0.0017524592326719427,0.0017390714445166648,0.0066938940776388595,static_ew
2021-06,0.0010647953213113147,0.0010633967199127133,0.0006993006993006962,static_ew
2021-07,0.0006525222865315348,0.0006497775093763669,0.0013723885775839772,static_ew
2021-08,0.00346901686616175,0.00346901686616175,0.0,static_ew
2021-09,0.002960656934109519,0.0029554204448836276,0.0026182446129458135,static_ew
2021-10,0.0033665310704651345,0.003365310814211321,0.000610128126906654,static_ew
2021-11,0.004284106185737057,0.004281330335632962,0.001387925052047198,static_ew
2021-12,0.0025832630720078113,0.002581735188126986,0.0007639419404125304,static_ew
2022-01,0.004130481783583374,0.004123374345566845,0.0035537190082644585,static_ew
2022-02,0.005793996116185408,0.005789807219281279,0.0020944484520643443,static_ew
2022-03,0.0021027568792510664,0.0021027568792510664,0.0,static_ew
2022-04,0.005613267597926832,0.005590798686278665,0.01123445582408371,static_ew
2022-05,0.003282660221467171,0.003268404389312203,0.007127916077484074,static_ew
2022-06,0.00487077023133651,0.004862909182320011,0.003930524508249345,static_ew
2022-07,-0.0012929181895856906,-0.0012929181895856906,0.0,static_ew
2022-08,-0.0013633378048164163,-0.001366866937124944,0.0017645661542638046,static_ew
2022-09,0.006101164377405121,0.006093999371211889,0.0035825030966162093,static_ew
2022-10,0.002046614444658596,0.002042642290686442,0.00198607698607698,static_ew
2022-11,0.0022442884847563714,0.0022375018820091856,0.003393301373593007,static_ew
2022-12,0.005152449515431778,0.00514993582012632,0.00125684765272866,static_ew
2023-01,0.0008810216918736042,0.0008752344966127247,0.00289359763043974,static_ew
2023-02,0.005233308878471903,0.005208602070708925,0.012353403881488801,static_ew
2023-03,0.005124261176711436,0.005123032675482934,0.00061425061425061,static_ew
2023-04,0.0003335606441231767,0.00032873860084383505,0.002411021639670855,static_ew
2023-05,0.00012634590228948137,9.914675091712244e-05,0.013599575686179434,static_ew
2023-06,0.0018570394095249374,0.0018542836572762846,0.0013778761243264262,static_ew
2023-07,0.0009696479850882788,0.0009623671227738593,0.0036404311572096793,static_ew
2023-08,0.0026214525465239735,0.002616480049924169,0.002486248299902217,static_ew
2023-09,0.005110777931154847,0.005107381362159104,0.0016982844978712741,static_ew
2023-10,0.006274814667344692,0.006274814667344692,0.0,static_ew
2023-11,0.00039301729155371846,0.000341448532899564,0.0257843793270773,static_ew
2023-12,0.0025821133664836226,0.0025821133664836226,0.0,static_ew
2024-01,0.005089105501114365,0.005081250934846307,0.0039272831340288585,static_ew
2024-02,0.002809084032675844,0.002799639468994613,0.004722281840615517,static_ew
2024-03,0.004243809725109198,0.004238457501575157,0.0026761117670208614,static_ew
2024-04,0.0027418271509720943,0.0027129326005464432,0.014447275212825454,static_ew
2024-05,0.006069375418831561,0.006021623774456216,0.023875822187672247,static_ew
2024-06,0.0028891517984420186,0.0028691886037419817,0.0099815973500184,static_ew
2024-07,0.0001480130882314251,0.00014640407777285713,0.0008045052292839885,static_ew
2024-08,0.0032972922884404133,0.0032889492596500413,0.004171514395186035,static_ew
2024-09,0.0005606185252457378,0.0005576859739260897,0.0014662756598240506,static_ew
2024-10,0.0023464999966463953,0.002343398423422871,0.0015507866117622214,static_ew
2024-11,0.004333392322078951,0.004332084277605439,0.0006540222367560478,static_ew
2024-12,0.0009883358876413742,0.0009785260793059034,0.004904904167735354,static_ew
2025-01,0.0014901440392669405,0.0014828021998198376,0.003670919723551311,static_ew
2025-02,0.0030604241360671415,0.0030560230555902413,0.0022005402384500713,static_ew
2025-03,0.0033211310914533225,0.0033145969540100944,0.0032670687216141757,static_ew
2025-04,0.0005725944616450498,0.0005547035853363236,0.008945438154363104,static_ew
2025-05,0.0005632272470157656,0.0005527618785544621,0.005232684230651754,static_ew
2025-06,-0.000908502744515009,-0.00092215761021525,0.0068274328501205205,static_ew
2025-07,-0.0018189294150991132,-0.0018201579163276145,0.0006142506142506102,static_ew
2025-08,-0.001312831560868571,-0.0013157967025198439,0.0014825708256365174,static_ew
2025-09,0.00013252921973298866,0.0001288925306658361,0.0018183445335763168,static_ew
2025-10,0.003463495136538154,0.0034569243263959156,0.0032854050711193603,static_ew
2025-11,0.004964054672300805,0.0049624456618422375,0.0008045052292839885,static_ew
2025-12,0.0010852315176454045,0.0010836366213136661,0.0007974481658692203,static_ew
2000-01,-0.00211349711005846,-0.00211349711005846,0.0,enet:own
2000-02,0.0014439436280988826,-0.0004160651223244553,0.9300043752116691,enet:own
2000-03,0.004944434817286551,0.003471395378480931,0.7365197194028099,enet:own
2000-04,0.01076151683652193,0.008882367256856935,0.9395747898324982,enet:own
2000-05,0.006569638022562083,0.004951759413275493,0.8089393046432953,enet:own
2000-06,-0.0013817435642103448,-0.0030096796935115333,0.8139680646505943,enet:own
2000-07,0.007631540012670223,0.0061423162430727695,0.7446118847987272,enet:own
2000-08,9.83860505697462e-05,-0.001143534966827299,0.6209605086985229,enet:own
2000-09,0.007441194450414327,0.006165797468801103,0.6376984908066126,enet:own
2000-10,0.011581383130706004,0.010378452176566194,0.6014654770699052,enet:own
2000-11,0.007657276064609916,0.006505498158675002,0.5758889529674571,enet:own
2000-12,-0.0010816175418150882,-0.0024809755824201606,0.6996790203025357,enet:own
2001-01,-0.018225598903787867,-0.019644763269322258,0.7095821827671949,enet:own
2001-02,0.008509988410624923,0.0069468506652093955,0.7815688727077634,enet:own
2001-03,0.021951867189159223,0.020371588094294416,0.7901395474324038,enet:own
2001-04,0.0022246807681879166,0.0011734833137107986,0.5255987272385589,enet:own
2001-05,0.00832236177387766,0.006882106550404764,0.7201276117364479,enet:own
2001-06,0.0016576507792969227,0.0005396950860122844,0.5589778466423191,enet:own
2001-07,0.0063840217171397306,0.005207598811741352,0.5882114526991897,enet:own
2001-08,-0.0009278352164070361,-0.001993274496041419,0.5327196398171915,enet:own
2001-09,-0.0014918537441290047,-0.002715366197681458,0.6117562267762268,enet:own
2001-10,0.0037277252114837293,0.0025057626215020806,0.6109812949908241,enet:own
2001-11,0.02559260869808672,0.02424530950130353,0.6736495983915959,enet:own
2001-12,0.004572343940656902,0.0033387100012930815,0.6168169696819099,enet:own
2002-01,0.0024743556155426847,0.000605128957002866,0.9346133292699089,enet:own
2002-02,0.003271543295200457,0.0021713712922544226,0.5500860014730172,enet:own
2002-03,-0.0006068280674891845,-0.0017850548080806836,0.5891133702957496,enet:own
2002-04,0.014752965995825866,0.013636861635562037,0.5580521801319145,enet:own
2002-05,0.008684893312982564,0.0074658026309040015,0.609545341039282,enet:own
2002-06,0.003721947822007543,0.0025791474133297146,0.5714002043389143,enet:own
2002-07,0.006518067904933178,0.005323447215462475,0.5973103447353509,enet:own
2002-08,0.003671201066846553,0.002599728243508998,0.5357364116687773,enet:own
2002-09,0.004734891118478803,0.0037902539790703026,0.47231856970425073,enet:own
2002-10,0.006668655287191627,0.00564964928382869,0.5095030016814683,enet:own
2002-11,0.00776915875106964,0.00687403014634375,0.4475643023629447,enet:own
2002-12,-0.000924739207169763,-0.0018728945470928649,0.4740776699615511,enet:own
2003-01,0.009594415899962865,0.008410203541754925,0.5921061791039691,enet:own
2003-02,0.0012014977212398215,0.0003100694584538863,0.44571413139296767,enet:own
2003-03,0.008292425614273605,0.007385132993812621,0.4536463102304919,enet:own
2003-04,-0.0004566354123038508,-0.0011159343283198815,0.329649458008015,enet:own
2003-05,0.015511685691679909,0.014445798384764093,0.5329436534579076,enet:own
2003-06,0.005522815521546154,0.004490124068003245,0.5163457267714541,enet:own
2003-07,0.009106808451249499,0.008182674040680297,0.4620672052846011,enet:own
2003-08,0.00881082591378931,0.007783123038712051,0.5138514375386289,enet:own
2003-09,-0.0031963850918750748,-0.004371406351926694,0.5875106300258093,enet:own
2003-10,0.005525035970391787,0.004392861070427238,0.5660874499822741,enet:own
2003-11,0.0067748027720934585,0.005747480610210614,0.5136610809414216,enet:own
2003-12,-0.0023643866561920577,-0.0034199109514909403,0.5277621476494413,enet:own
2004-01,0.00824545336030083,0.007323321504932648,0.46106592768409127,enet:own
2004-02,0.006182965400971434,0.005087513936927652,0.547725732021891,enet:own
2004-03,0.006412735446245638,0.005512191621404854,0.4502719124203918,enet:own
2004-04,0.014480134379476765,0.01365270373812588,0.4137153206754412,enet:own
2004-05,-0.004628210030284075,-0.005491841019011485,0.43181549436370464,enet:own
2004-06,-0.006186666275667346,-0.007124222479472018,0.4687781019023359,enet:own
2004-07,0.007638065665349951,0.006800882128528829,0.4185917684105609,enet:own
2004-08,0.009389706634031068,0.008542059224233334,0.42382370489886745,enet:own
2004-09,0.011502765293694992,0.010762816912469976,0.3699741906125073,enet:own
2004-10,0.0012493367082944114,0.0004839324913453659,0.3827021084745226,enet:own
2004-11,0.00597215105522866,0.005045715332522147,0.4632178613532565,enet:own
2004-12,0.005076180670262011,0.004203700507934802,0.4362400811636045,enet:own
2005-01,0.0028596780773585528,0.0018563889141612955,0.5016445815986287,enet:own
2005-02,0.0033275129060096114,0.0024168361704552705,0.45533836777717046,enet:own
2005-03,0.00523226091814206,0.004286879517542221,0.4726907002999193,enet:own
2005-04,0.011262142623984206,0.01041917400593591,0.42148430902414746,enet:own
2005-05,0.0011562518616165143,0.00032964811071797487,0.4133018754492698,enet:own
2005-06,0.0044294831432938175,0.0034578599210422127,0.4858116111258025,enet:own
2005-07,0.0028768252428161873,0.0019929363433382565,0.44194444973896535,enet:own
2005-08,0.0017960128946834556,0.0008967641876110868,0.4496243535361842,enet:own
2005-09,-0.0021358213153366487,-0.0032380276342972554,0.5511031594803033,enet:own
2005-10,0.007915870310459957,0.00696352119005937,0.47617456020029325,enet:own
2005-11,0.0024466915527948958,0.0016391186513567526,0.40378645071907143,enet:own
2005-12,0.0009406604742569103,9.951650831341869e-05,0.42057198297174575,enet:own
2006-01,-0.008687667313796828,-0.009505550607611893,0.40894164690753254,enet:own
2006-02,0.013301254839559998,0.012056405096350722,0.6224248716046391,enet:own
2006-03,-0.007272376286552359,-0.008247150503902676,0.48738710867515866,enet:own
2006-04,0.0008661995999609622,-0.00014130394384281801,0.5037517719018901,enet:own
2006-05,0.01148580622036843,0.01026994773771652,0.6079292413259556,enet:own
2006-06,0.01494933249067015,0.014000033019140745,0.4746497357647039,enet:own
2006-07,0.0024164668584634656,0.0014817628905924776,0.4673519839354941,enet:own
2006-08,0.002547095876253317,0.0016558618272330646,0.44561702451012614,enet:own
2006-09,0.008748431423166284,0.00788982792324306,0.42930174996161136,enet:own
2006-10,0.0004944888350231525,-0.00028643897015641107,0.3904639025897816,enet:own
2006-11,0.006401331417408643,0.005558535165846694,0.42139812578097396,enet:own
2006-12,0.006419516627806163,0.005661776732681718,0.378869947562223,enet:own
2007-01,0.008315826473708656,0.007352500337705894,0.48166306800138065,enet:own
2007-02,0.007363766344030427,0.006279216562929276,0.5422748905505758,enet:own
2007-03,0.0004204459733729041,-0.000683994683091776,0.5522203282323398,enet:own
2007-04,0.013460548854549947,0.012257283965175034,0.6016324446874561,enet:own
2007-05,0.006372408615908073,0.0053638873284778885,0.5042606437150927,enet:own
2007-06,0.0026573959653345635,0.001550103209820357,0.5536463777571033,enet:own
2007-07,0.003477147182812295,0.002153542942153343,0.6618021203294762,enet:own
2007-08,0.00540188165834933,0.004225615530200699,0.5881330640743155,enet:own
2007-09,0.00032697525577100883,-0.0007615675887787867,0.5442714222748978,enet:own
2007-10,-0.006008333095080398,-0.007111525690534793,0.5515962977271978,enet:own
2007-11,0.0028806275006142096,0.0017988946397931034,0.5408664304105533,enet:own
2007-12,0.008817629762218818,0.007679545030413709,0.569042365902554,enet:own
2008-01,0.004132867903604953,0.003171385003624333,0.4807414499903103,enet:own
2008-02,0.0008072768347340137,-0.0003317029187718433,0.5694898767529283,enet:own
2008-03,0.005077552563592959,0.003956956634256912,0.5602979646680231,enet:own
2008-04,0.0026116370920513457,0.001508767039352631,0.551435026349357,enet:own
2008-05,0.0005467810394525942,-0.0005392563924491213,0.5430187159508577,enet:own
2008-06,0.007407398871318473,0.006284291184212657,0.5615538435529077,enet:own
2008-07,0.0032505144299617354,0.0022969865170483256,0.47676395645670494,enet:own
2008-08,0.007940513499416749,0.00679748910486106,0.5715121972778449,enet:own
2008-09,0.009571089781792884,0.008659841950981273,0.45562391540580616,enet:own
2008-10,0.019095619828828878,0.018198410543230813,0.4486046427990333,enet:own
2008-11,0.0067847470124409,0.0058563284320978706,0.46420929017151447,enet:own
2008-12,0.007908068128311137,0.0067622483598565345,0.572909884227301,enet:own
2009-01,0.007885215067894606,0.006746716584219917,0.5692492418373439,enet:own
2009-02,0.007412335762701224,0.006348603822563498,0.5318659700688624,enet:own
2009-03,-0.005012530411713284,-0.005970871515266133,0.47917055177642426,enet:own
2009-04,-0.005125435970704615,-0.006388553596702426,0.6315588129989058,enet:own
2009-05,0.012163716062110079,0.010591320022219929,0.7861980199450749,enet:own
2009-06,-0.0004157028553561599,-0.0018089693519238567,0.6966332482838483,enet:own
2009-07,0.0014754870631967997,0.00012598107891658775,0.674752992140106,enet:own
2009-08,0.004766562317916197,0.0037034704355296782,0.5315459411932593,enet:own
2009-09,0.004581717420525667,0.0035780432278943734,0.5018370963156468,enet:own
2009-10,0.004088762897314613,0.0031725780278036727,0.4580924347554703,enet:own
2009-11,0.0035040362899406556,0.002500937482370927,0.5015494037848642,enet:own
2009-12,0.00039331711353003066,-0.0005386686020217579,0.46599285777589416,enet:own
2010-01,0.005546824381655615,0.004600275926776993,0.4732742274393107,enet:own
2010-02,0.0020547203406710113,0.0010818142535617935,0.4864530435546088,enet:own
2010-03,0.005229336517710646,0.004311867433707843,0.4587345420014018,enet:own
2010-04,0.008773198733782446,0.007933304335094822,0.41994719934381153,enet:own
2010-05,0.0024821141856414125,0.0016215887840205139,0.4302627008104494,enet:own
2010-06,0.006616081298272938,0.0057812542182649395,0.41741354000399905,enet:own
2010-07,0.0023538719054195293,0.0016418069247990435,0.3560324903102429,enet:own
2010-08,0.004794134266907418,0.003943884765194154,0.4251247508566326,enet:own
2010-09,0.0027378452839291576,0.0018717475620230954,0.433048860953031,enet:own
2010-10,0.003613762203223216,0.002783547445105478,0.41510737905886913,enet:own
2010-11,0.0036174755777394433,0.0028019280275402704,0.40777377509958673,enet:own
2010-12,0.0028757855813865804,0.002070359233186031,0.4027131741002746,enet:own
2011-01,0.009992674698024173,0.009260215097716353,0.36622980015391,enet:own
2011-02,0.003356272889664318,0.002594085629958619,0.3810936298528494,enet:own
2011-03,0.0020525167134684474,0.0012741369734973734,0.38918986998553706,enet:own
2011-04,0.007034828205524817,0.006318507240130957,0.35816048269692935,enet:own
2011-05,0.006837279603637924,0.00615516523039053,0.3410571866236972,enet:own
2011-06,0.004213824243838711,0.003481867442677461,0.3659784005806249,enet:own
2011-07,0.004370733490934602,0.0036880815853474894,0.3413259527935565,enet:own
2011-08,0.004105415453547199,0.0034335106088755115,0.3359524223358437,enet:own
2011-09,0.0077634006638892675,0.007064352597918142,0.3495240329855632,enet:own
2011-10,-0.0031525648823585526,-0.003930687692026523,0.38906140483398555,enet:own
2011-11,0.004397069374716561,0.0035260189196509037,0.43552522753282863,enet:own
2011-12,0.005679973703634131,0.004837977150424702,0.42099827660471417,enet:own
2012-01,-0.006399337518655005,-0.007175216175188351,0.38793932826667304,enet:own
2012-02,0.004055393424161999,0.00305138704246691,0.5020031908475444,enet:own
2012-03,0.0037608898202149536,0.0027967885575845832,0.48205063131518505,enet:own
2012-04,0.006249319328080987,0.005248907247078766,0.5002060405011103,enet:own
2012-05,0.006325404804038489,0.005500078472208438,0.4126631659150252,enet:own
2012-06,0.0011730047674695058,0.0004568471434564124,0.3580788120065467,enet:own
2012-07,0.0047828976488200016,0.004137944259634021,0.32247669459299,enet:own
2012-08,0.008692487815682133,0.00800082328464403,0.34583226551905205,enet:own
2012-09,0.0029039126465388366,0.0022332618979590915,0.3353253742898724,enet:own
2012-10,0.0016795433034042227,0.0009994894182020122,0.3400269426011053,enet:own
2012-11,0.0029350421130935147,0.002216387068146616,0.35932752247344923,enet:own
2012-12,-0.0006743926110865599,-0.0013869666860524608,0.35628703748295043,enet:own
2013-01,0.004816440693745709,0.004060830769463371,0.377804962141169,enet:own
2013-02,0.004520523504604172,0.00378638567500799,0.36706891479809106,enet:own
2013-03,0.0073139345076873785,0.006621707405864066,0.34611355091165563,enet:own
2013-04,0.005657450759123276,0.005057059657424116,0.3001955508495799,enet:own
2013-05,0.008322851373150976,0.007654846831699427,0.3340022707257746,enet:own
2013-06,0.0036810626419142727,0.0028874883758829577,0.3967871330156574,enet:own
2013-07,0.0017294836388726171,0.0008855298341601537,0.4219769023562315,enet:own
2013-08,0.004733541557135376,0.003935992184656055,0.39877468623966017,enet:own
2013-09,7.948985387140104e-06,-0.0008221489428729529,0.4150489641300463,enet:own
2013-10,0.0023347490477190758,0.001529221278353441,0.4027638846828175,enet:own
2013-11,0.0031708534699520247,0.002387371008886866,0.39174123053257937,enet:own
2013-12,0.00610460614851211,0.005356007167213621,0.37429949064924456,enet:own
2014-01,0.0037738429319897834,0.0031714874808344644,0.30117772557765926,enet:own
2014-02,0.0012029138477714955,0.0004709946066366507,0.36595962056742243,enet:own
2014-03,0.0013216657089026717,0.000563832785445407,0.3789164617286324,enet:own
2014-04,0.005555672292814262,0.004863408518448739,0.3461318871827611,enet:own
2014-05,0.004597809651268455,0.003925674983427832,0.3360673339203119,enet:own
2014-06,0.004501275990504514,0.003782622219368742,0.3593268855678859,enet:own
2014-07,0.0020589492817543933,0.0013629462535432065,0.3480015141055933,enet:own
2014-08,0.0030950166326014785,0.0022920608374891872,0.40147789755614566,enet:own
2014-09,0.005349693283619729,0.00467730572942971,0.3361937770950099,enet:own
2014-10,0.0043915122589433175,0.0037314576399977467,0.33002730947278525,enet:own
2014-11,0.005960010595097664,0.005350200425545565,0.3049050847760491,enet:own
2014-12,0.006633081649478529,0.0059868129881320755,0.3231343306732269,enet:own
2015-01,0.0027108561449948813,0.0020035309749387104,0.3536625850280851,enet:own
2015-02,0.0005607228327235485,-0.00023298330260823058,0.39685306766588935,enet:own
2015-03,0.004700252992273008,0.003997314071792184,0.35146946024041165,enet:own
2015-04,-0.004458930656315276,-0.0051547605000645666,0.34791492187464496,enet:own
2015-05,0.002702454379770727,0.0018566093274970925,0.4229225261368171,enet:own
2015-06,0.0012336760288000593,0.00040924622604213753,0.41221490137896083,enet:own
2015-07,0.0051396128571916415,0.004446567688320677,0.34652258443548234,enet:own
2015-08,0.0065750996621640944,0.0058958699284264345,0.3396148668688295,enet:own
2015-09,0.002422703903757075,0.0017312526578633972,0.3457256229468386,enet:own
2015-10,0.0019675143458376967,0.0012420780049110052,0.3627181704633459,enet:own
2015-11,0.008642451994768999,0.007941085609891037,0.3506831924389795,enet:own
2015-12,0.002519222019590297,0.0018020914620109907,0.3585652787896532,enet:own
2016-01,0.0022616365998144325,0.0015938552192812428,0.3338906902665948,enet:own
2016-02,0.00037186693960393024,-0.00028448497886971374,0.3281759592368219,enet:own
2016-03,0.0006607225614807302,-5.0426468754923266e-05,0.3555745151178267,enet:own
2016-04,0.009020592481448764,0.008227834154244055,0.39637916360235426,enet:own
2016-05,0.0027283206909480603,0.0020192301432779987,0.35454527383503076,enet:own
2016-06,0.000983170146776107,0.00033350583969843367,0.32483215353883665,enet:own
2016-07,0.004114290154047,0.0035170929118160327,0.29859862111548374,enet:own
2016-08,0.005718448059219467,0.005097634540189629,0.31040675951491836,enet:own
2016-09,0.0031986754850097834,0.002603263741150531,0.29770587192962633,enet:own
2016-10,0.00555253051779946,0.005036679594167906,0.25792546181577697,enet:own
2016-11,0.004731937635138311,0.004198364593587848,0.2667865207752321,enet:own
2016-12,0.0005223491528775329,-9.187089366198159e-05,0.3071100232697573,enet:own
2017-01,0.009092070035795373,0.008484258664996865,0.3039056853992532,enet:own
2017-02,0.0035052390102798575,0.00282593992850577,0.33964954088704374,enet:own
2017-03,0.004405273050934055,0.0036854773859541865,0.3598978324899346,enet:own
2017-04,0.0031043027240262736,0.0024869145332549964,0.30869409538563874,enet:own
2017-05,0.006276852314223787,0.005666375312223437,0.30523850100017497,enet:own
2017-06,0.0017539082452305255,0.001210805102248229,0.2715515714911482,enet:own
2017-07,0.006458850531995333,0.005938562827122923,0.26014385243620464,enet:own
2017-08,0.0053673090911415524,0.004773315562495518,0.2969967643230174,enet:own
2017-09,0.0044268003585849845,0.0038313494267076635,0.2977254659386605,enet:own
2017-10,0.0040551981402259735,0.0034976748055001224,0.27876166736292557,enet:own
2017-11,0.0019530856644430236,0.0014011519483548567,0.2759668580440834,enet:own
2017-12,-0.0013732368236974925,-0.001980622626968228,0.3036929016353678,enet:own
2018-01,0.002293385547419065,0.0016561620614894935,0.3186117429647857,enet:own
2018-02,0.005084084826474055,0.004419603140745536,0.3322408428642597,enet:own
2018-03,0.003206058675098635,0.0025531566946159893,0.326450990241323,enet:own
2018-04,0.0035264468354753997,0.002936557265467743,0.2949447850038283,enet:own
2018-05,0.0052291290613003935,0.004549412398774425,0.3398583312629841,enet:own
2018-06,0.0020411923774321925,0.001377992284999479,0.33160004621635675,enet:own
2018-07,0.001756624017491714,0.0011594239838015055,0.2986000168451042,enet:own
2018-08,0.0034444455140055564,0.0028419170413599816,0.30126423632278737,enet:own
2018-09,0.003032998398459499,0.0024690867431265457,0.2819558276664767,enet:own
2018-10,0.004010313408852352,0.0034781992950597353,0.2660570568963083,enet:own
2018-11,-0.0007508372521449422,-0.0013811331724231351,0.3151479601390965,enet:own
2018-12,0.00327250773700228,0.0025703246108004564,0.3510915631009117,enet:own
2019-01,0.002282969068679441,0.0016896586758493907,0.2966551964150252,enet:own
2019-02,0.001079134082579603,0.0004525459340879182,0.31329407424584255,enet:own
2019-03,0.003170369216156643,0.002553041954194059,0.3086636309812918,enet:own
2019-04,0.0007290275804217375,0.0001366601014185062,0.2961837395016156,enet:own
2019-05,0.005401726838007159,0.004828048862323639,0.28683898784175965,enet:own
2019-06,0.0028644485926338295,0.002308526418058286,0.2779610872877719,enet:own
2019-07,0.005514438872827368,0.004907069553739554,0.30368465954390644,enet:own
2019-08,0.002201298153739632,0.0016243114517547708,0.2884933509924307,enet:own
2019-09,0.0026363567722270287,0.0020618923240005855,0.2872322241132215,enet:own
2019-10,0.0020511409191644836,0.001501844150888564,0.2746483841379598,enet:own
2019-11,0.004714452550528956,0.004103543558624346,0.30545449595230506,enet:own
2019-12,0.002986311214447314,0.0023757505148048748,0.30528034982121954,enet:own
2020-01,0.00643486216857193,0.005807448934760528,0.31370661690570123,enet:own
2020-02,0.006004102337305118,0.005375985255049177,0.31405854112797055,enet:own
2020-03,0.006062619976899928,0.005481103358909871,0.2907583089950286,enet:own
2020-04,-0.01328728715730229,-0.01402530717624791,0.36901000947281143,enet:own
2020-05,0.0022427123181463175,0.0009328401632516075,0.6549360774473549,enet:own
2020-06,0.0052033868798198124,0.004279946957649703,0.46171996108505464,enet:own
2020-07,0.005411734505309521,0.00459505159952637,0.4083414528915758,enet:own
2020-08,0.008911516781102862,0.00801640710815296,0.4475548364749511,enet:own
2020-09,0.010943935048020633,0.010152190017899295,0.3958725150606686,enet:own
2020-10,0.004196713622519938,0.0034975724754773684,0.3495705735212847,enet:own
2020-11,-0.003749381384725099,-0.004482019666234107,0.3663191407545041,enet:own
2020-12,0.006760787959947912,0.005824028577815599,0.468379691066156,enet:own
2021-01,0.007464524029366148,0.006664245744646775,0.4001391423596859,enet:own
2021-02,0.010013434593522141,0.009294080204908661,0.35967719430674033,enet:own
2021-03,0.009577777695953464,0.008869895701922627,0.35394099701541865,enet:own
2021-04,0.010932262611059,0.010293631121534093,0.31931574476245383,enet:own
2021-05,0.008442998215944604,0.007729858370085816,0.35656992292939477,enet:own
2021-06,0.004952169334041952,0.004312563708531116,0.3198028127554181,enet:own
2021-07,0.0033270812415360593,0.0027357473855032077,0.2956669280164262,enet:own
2021-08,0.004230229441788723,0.003647777222002527,0.29122610989309805,enet:own
2021-09,0.005105909321875242,0.004429414873367871,0.3382472242536858,enet:own
2021-10,0.005867549001833813,0.005232091059450327,0.3177289711917435,enet:own
2021-11,0.004035809701910216,0.0034774617592676625,0.27917397132127697,enet:own
2021-12,0.006284138390692468,0.005613670570474435,0.33523391010901615,enet:own
2022-01,0.011532065892735888,0.01092005511420035,0.3060053892677684,enet:own
2022-02,0.006484862825941754,0.00584526248661579,0.3198001696629827,enet:own
2022-03,0.007801988034269376,0.007158986508412294,0.3215007629285407,enet:own
2022-04,0.008174443386315167,0.0076158528166227,0.27929528484623406,enet:own
2022-05,0.005956751746557076,0.005374760901769476,0.2909954223938003,enet:own
2022-06,0.005100683802110167,0.004547384345366662,0.2766497283717524,enet:own
2022-07,-0.000869570499065992,-0.0014343876459336593,0.28240857343383347,enet:own
2022-08,0.001161068481683347,0.0005636318659389233,0.298718307872212,enet:own
2022-09,0.006030866770061822,0.005411601588721431,0.30963259067019544,enet:own
2022-10,0.004677670589642246,0.004029133486263253,0.3242685516894962,enet:own
2022-11,0.005114469560807878,0.004536553750731153,0.28895790503836244,enet:own
2022-12,0.006867502393634492,0.006258123776794936,0.30468930841977815,enet:own
2023-01,0.0019870044252918444,0.001367459427266873,0.30977249901248566,enet:own
2023-02,0.006512748855606656,0.005865979059694501,0.3233848979560778,enet:own
2023-03,0.005801175160277336,0.005216159245678905,0.29250795729921575,enet:own
2023-04,0.0015029145067561541,0.0009455830211161721,0.2786657428199909,enet:own
2023-05,0.002387743350671277,0.0018188653100955953,0.28443902028784074,enet:own
2023-06,0.0044754694502058285,0.003846689695501697,0.3143898773520658,enet:own
2023-07,0.003468993249354747,0.002795446201441842,0.3367735239564522,enet:own
2023-08,0.00558974422242671,0.004940071859526313,0.32483618145019816,enet:own
2023-09,0.007045180848184993,0.006451478218189169,0.296851314997912,enet:own
2023-10,0.007447609446500385,0.00690457338082037,0.2715180328400077,enet:own
2023-11,0.0006173388868323735,7.15413115404068e-05,0.27289878764598335,enet:own
2023-12,0.00474001746574581,0.004059753295103521,0.34013208532114464,enet:own
2024-01,0.007550547019731222,0.006956206653405273,0.2971701831629747,enet:own
2024-02,0.005921676452978919,0.005250884531718341,0.335395960630289,enet:own
2024-03,0.005946454674151124,0.005342818260988544,0.3018182065812897,enet:own
2024-04,0.004317204628472342,0.003699696626261466,0.308754001105438,enet:own
2024-05,0.0078052312763992595,0.007237061687877643,0.2840847942608083,enet:own
2024-06,0.0026073948635136628,0.002027860562354381,0.2897671505796407,enet:own
2024-07,0.0027912472479109498,0.002263291698718638,0.26397777459615607,enet:own
2024-08,0.006122133448072523,0.0055924140068225265,0.26485972062499835,enet:own
2024-09,0.0022459333618186157,0.0017231641830579875,0.2613845893803143,enet:own
2024-10,0.005449741845601723,0.004919596325126108,0.2650727602378076,enet:own
2024-11,0.008465749036693436,0.007911434463175023,0.27715728675920637,enet:own
2024-12,0.0036779232281424416,0.003153044733926745,0.26243924710784844,enet:own
2025-01,0.0022779601509314564,0.0017908644341028716,0.24354785841429233,enet:own
2025-02,0.003254228565026813,0.002683344305947968,0.2854421295394223,enet:own
2025-03,0.0035959635995322634,0.003012989632398112,0.29148698356707575,enet:own
2025-04,0.0013602747791274612,0.0007709250061099493,0.2946748865087559,enet:own
2025-05,0.0028237790266646048,0.0022430147598091824,0.29038213342771113,enet:own
2025-06,-0.0006665163610837299,-0.0012391980294198628,0.2863408341680664,enet:own
2025-07,0.002979754430508849,0.0023429551826720757,0.3183996239183867,enet:own
2025-08,0.005514399082800838,0.004880822587379593,0.3167882477106226,enet:own
2025-09,0.007277821080944294,0.0066313713191296425,0.3232248809073259,enet:own
2025-10,0.003259117590728784,0.002667712271665337,0.2957026595317236,enet:own
2025-11,0.004211209103344679,0.0035812249377039835,0.3149920828203474,enet:own
2025-12,0.005241707597460843,0.004625756826345079,0.30797538555788184,enet:own
2000-01,-0.002709415008416528,-0.002709415008416528,0.0,enet:pooled
2000-02,0.01205527472272621,0.010330743654201622,0.8622655342622936,enet:pooled
2000-03,0.001083642172234967,-0.00035497033770485776,0.7193062549699126,enet:pooled
2000-04,-0.0037587629594253926,-0.0053351639956552115,0.7882005181149093,enet:pooled
2000-05,0.0027894893566226416,0.001336624266837905,0.7264325448923682,enet:pooled
2000-06,-0.0040280564016096,-0.00546660906970897,0.7192763340496849,enet:pooled
2000-07,0.00512770325813014,0.0037244764220279274,0.7016134180511062,enet:pooled
2000-08,0.004335075172352205,0.0030566968285163096,0.6391891719179478,enet:pooled
2000-09,0.006530294204964385,0.00520179888924775,0.6642476578583175,enet:pooled
2000-10,0.008940571112005441,0.007745133425330482,0.597718843337479,enet:pooled
2000-11,0.008032050392880997,0.006857727212432759,0.5871615902241187,enet:pooled
2000-12,0.004295051131369245,0.0031030744326505516,0.5959883493593464,enet:pooled
2001-01,-0.02329430021171818,-0.024784082718494575,0.7448912533881958,enet:pooled
2001-02,0.007290134145875588,0.005248350691072578,1.0208917274015057,enet:pooled
2001-03,0.029595830026340725,0.027686265805744355,0.9547821102981849,enet:pooled
2001-04,0.002363788010275714,0.0010996966831832403,0.632045663546237,enet:pooled
2001-05,0.012215523608257062,0.010696915913709422,0.75930384727382,enet:pooled
2001-06,0.006591353946012133,0.005278649500122479,0.656352222944827,enet:pooled
2001-07,0.012969587367812155,0.011678082187300383,0.6457525902558864,enet:pooled
2001-08,0.0021891034211608336,0.0010143030358529886,0.5874001926539223,enet:pooled
2001-09,0.013909414751817133,0.012597171597577757,0.6561215771196868,enet:pooled
2001-10,-0.012087117830916178,-0.013446116009061294,0.6794990890725588,enet:pooled
2001-11,0.009952955809811677,0.008303612510271714,0.824671649769982,enet:pooled
2001-12,0.007063086659668317,0.005479343204685962,0.7918717274911773,enet:pooled
2002-01,0.0027146582827370738,0.0009502031263701317,0.8822275781834711,enet:pooled
2002-02,0.004492186197012676,0.003291370644723084,0.6004077761447956,enet:pooled
2002-03,0.005985405976640361,0.004734933967196684,0.6252360047218383,enet:pooled
2002-04,0.015618792032809935,0.014421945797386518,0.5984231177117075,enet:pooled
2002-05,0.009818134355726886,0.00855856599719935,0.6297841792637672,enet:pooled
2002-06,0.016404746587167215,0.01521212947238861,0.596308557389302,enet:pooled
2002-07,0.00845894961974361,0.0072766724829191245,0.5911385684122419,enet:pooled
2002-08,0.004580952241229139,0.0034770888482111213,0.5519316965090098,enet:pooled
2002-09,0.01412508398186502,0.0130862335381041,0.519425221880459,enet:pooled
2002-10,0.007308921052358462,0.006361275145219899,0.4738229535692816,enet:pooled
2002-11,0.0033350305363739207,0.002243440454742799,0.5457950408155603,enet:pooled
2002-12,0.004560640712161634,0.0034501029105687164,0.5552689007964582,enet:pooled
2003-01,0.009293569854664039,0.008138338969872731,0.5776154423956543,enet:pooled
2003-02,0.003931899679417766,0.0030154803909080976,0.45820964425483407,enet:pooled
2003-03,0.009722760734953267,0.008843619951817532,0.4395703915678688,enet:pooled
2003-04,-0.004955693964743464,-0.005633897324429999,0.33910167984326783,enet:pooled
2003-05,0.013473509057002224,0.0122579982838745,0.6077553865638616,enet:pooled
2003-06,0.007010505481498746,0.005878684849700972,0.5659103158988865,enet:pooled
2003-07,0.01407666196044668,0.013130479976789388,0.4730909918286458,enet:pooled
2003-08,0.013387075583731051,0.01226928052657286,0.5588975285790961,enet:pooled
2003-09,-0.009782768246449351,-0.011034865574498643,0.6260486640246465,enet:pooled
2003-10,0.0075341982132829995,0.006239854159846061,0.647172026718469,enet:pooled
2003-11,0.0061918607995693035,0.005067346950314713,0.5622569246272949,enet:pooled
2003-12,-0.001375850978954047,-0.0025883207562054328,0.6062348886256927,enet:pooled
2004-01,0.008914149111644079,0.007816470096725942,0.5488395074590684,enet:pooled
2004-02,0.008512725995191872,0.007235268658902331,0.6387286681447707,enet:pooled
2004-03,0.006666630347174909,0.005735874586867831,0.46537788015353876,enet:pooled
2004-04,0.018989263268712246,0.01804781145757196,0.47072590557014277,enet:pooled
2004-05,-0.005350214862191909,-0.00631031189054136,0.4800485141747256,enet:pooled
2004-06,-0.007670604532239972,-0.008747613677011209,0.5385045723856186,enet:pooled
2004-07,0.008926134637938706,0.007856683702173255,0.5347254678827253,enet:pooled
2004-08,0.008160057004132163,0.007204287012833756,0.47788499564920417,enet:pooled
2004-09,0.013222450620925525,0.012213815360917904,0.5043176300038099,enet:pooled
2004-10,0.0024689168411179607,0.0015040539370432386,0.4824314520373611,enet:pooled
2004-11,0.007464535232812748,0.006369999226123567,0.5472680033445905,enet:pooled
2004-12,0.005678440415036641,0.0045354139361429135,0.5715132394468637,enet:pooled
2005-01,0.0044407876844676855,0.0032726917722322993,0.584047956117693,enet:pooled
2005-02,0.003058898394624215,0.001921081089894176,0.5689086523650194,enet:pooled
2005-03,0.009312979079848021,0.00812440062596785,0.5942892269400852,enet:pooled
2005-04,0.015373224730885099,0.014360259220619094,0.5064827551330022,enet:pooled
2005-05,-0.0033488436217027906,-0.004264538539108988,0.4578474587030988,enet:pooled
2005-06,0.004123462808419394,0.002911929051188311,0.6057668786155416,enet:pooled
2005-07,0.003627767774836249,0.0025732193992985862,0.5272741877688312,enet:pooled
2005-08,0.0037377516977112027,0.002671853856648434,0.5329489205313844,enet:pooled
2005-09,-0.0005157696591756972,-0.001813066886301853,0.6486486135630779,enet:pooled
2005-10,0.009649609443997833,0.008489738293786277,0.5799355751057778,enet:pooled
2005-11,0.004125785362234453,0.0031723469900961964,0.4767191860691283,enet:pooled
2005-12,0.0021537054741864454,0.0011213180583292217,0.5161937079286117,enet:pooled
2006-01,-0.00737410720409995,-0.00839387518813816,0.5098839920191051,enet:pooled
2006-02,0.01376198923432449,0.012289900549728219,0.7360443422981351,enet:pooled
2006-03,-0.007462511891902656,-0.008610393802510708,0.5739409553040269,enet:pooled
2006-04,0.0014472349604610873,0.00019909565426400703,0.6240696530985402,enet:pooled
2006-05,0.005284739437707934,0.003909692646508762,0.6875233955995861,enet:pooled
2006-06,0.01420744388171398,0.013024971824069292,0.5912360288223444,enet:pooled
2006-07,0.002139101655651012,0.00109039292589938,0.5243543648758159,enet:pooled
2006-08,0.004238609226917139,0.0031993125687784815,0.5196483290693287,enet:pooled
2006-09,0.008850258744656682,0.007832183062306198,0.5090378411752422,enet:pooled
2006-10,0.0001806042463197992,-0.0007488435155528262,0.4647238809363127,enet:pooled
2006-11,0.006869599586954546,0.005817150496626172,0.5262245451641875,enet:pooled
2006-12,0.006274028801161189,0.005323019276701482,0.4755047622298534,enet:pooled
2007-01,0.007152828207837563,0.006128149582164929,0.5123393128363172,enet:pooled
2007-02,0.006094621314379106,0.004900023489345075,0.5972989125170152,enet:pooled
2007-03,0.0001353206325716639,-0.00102681814101597,0.5810693867938169,enet:pooled
2007-04,0.015167390043355777,0.013909530188934094,0.6289299272108415,enet:pooled
2007-05,0.0066915405451094,0.005629301055900706,0.5311197446043465,enet:pooled
2007-06,0.0019548921133940096,0.0007833073614134758,0.5857923759902668,enet:pooled
2007-07,0.004219695868236768,0.002845211076207713,0.6872423960145271,enet:pooled
2007-08,0.003720862774134542,0.002484718797053674,0.6180719885404343,enet:pooled
2007-09,0.0014691831470884477,0.00031516967015497255,0.5770067384667378,enet:pooled
2007-10,-0.004196486015980894,-0.005321646814533486,0.5625803992762961,enet:pooled
2007-11,0.0036395550301042373,0.0024786677493535444,0.5804436403753466,enet:pooled
2007-12,0.01160634540357109,0.010360021617199072,0.6231618931860092,enet:pooled
2008-01,0.00518504814361604,0.004169689687626761,0.5076792279946398,enet:pooled
2008-02,-0.0006476940631987208,-0.0018420782702022155,0.5971921035017475,enet:pooled
2008-03,0.007993574256450928,0.006791200027361058,0.6011871145449346,enet:pooled
2008-04,0.002301254251864896,0.0011596988346900625,0.5707777085874165,enet:pooled
2008-05,0.0012474822001247675,3.06693449167089e-05,0.6084064276040293,enet:pooled
2008-06,0.008894091161575544,0.0076997306574249835,0.5971802520752801,enet:pooled
2008-07,0.0025606515675807924,0.001528731521862591,0.5159600228591007,enet:pooled
2008-08,0.009414313254555919,0.008201102415502549,0.6066054195266848,enet:pooled
2008-09,0.013166362416192566,0.01227913969887709,0.4436113586577381,enet:pooled
2008-10,0.0251708602021276,0.02428416709847707,0.44334655182526744,enet:pooled
2008-11,0.00683814195075067,0.005928739387733229,0.45470128150871997,enet:pooled
2008-12,0.005986537168747622,0.0049209647709653305,0.5327861988911459,enet:pooled
2009-01,0.00734112708649158,0.006173646486351303,0.5837403000701391,enet:pooled
2009-02,0.007134163754142994,0.006051251911048633,0.5414559215471809,enet:pooled
2009-03,-0.007037676725624539,-0.008031006971442704,0.4966651229090825,enet:pooled
2009-04,-0.0077805485817879355,-0.009097091131990694,0.6582712751013792,enet:pooled
2009-05,0.014801690147183848,0.013099540758711848,0.8510746942359989,enet:pooled
2009-06,-0.0007371342710604772,-0.0021144914472095598,0.6886785880745414,enet:pooled
2009-07,0.0017767913302132508,0.00042814150296338914,0.6743249136249309,enet:pooled
2009-08,0.004920837490992868,0.003807307907112198,0.5567647919403345,enet:pooled
2009-09,0.005097908319489461,0.004053704820360545,0.5221017495644578,enet:pooled
2009-10,0.0037271997712083147,0.0027466064099327865,0.49029668063776416,enet:pooled
2009-11,0.003235418884879491,0.0021597924633880083,0.5378132107457413,enet:pooled
2009-12,0.0009516259800843061,-2.4987750226902727e-05,0.4883068651556043,enet:pooled
2010-01,0.005063655850357041,0.004053198450944639,0.505228699706201,enet:pooled
2010-02,0.001725551078711248,0.0006346379299426759,0.5454565743842862,enet:pooled
2010-03,0.00475036725911664,0.003740172024829878,0.5050976171433811,enet:pooled
2010-04,0.008122867183542546,0.007170138675343546,0.4763642540995004,enet:pooled
2010-05,0.0032509667078288187,0.002258974727874721,0.49599598997704875,enet:pooled
2010-06,0.007938286427961728,0.0069441904847370554,0.49704797161233666,enet:pooled
2010-07,0.0018058735649472866,0.0010147419119324623,0.39556582650741223,enet:pooled
2010-08,0.0057095393016966785,0.004733282626993595,0.48812833735154154,enet:pooled
2010-09,0.003029304591852025,0.0020485936635484705,0.4903554641517767,enet:pooled
2010-10,0.004620595788347973,0.00366756059513483,0.4765175966065716,enet:pooled
2010-11,0.0047428598705894385,0.003830885456828277,0.45598720688058075,enet:pooled
2010-12,0.003440781998687641,0.0025344519207332085,0.45316503897721616,enet:pooled
2011-01,0.009868007311910206,0.009017676071041968,0.4251656204341199,enet:pooled
2011-02,0.003891681080170669,0.0029849234659129397,0.4533788071288647,enet:pooled
2011-03,0.002490500987184561,0.0016032181114473542,0.44364143786860344,enet:pooled
2011-04,0.0072304586734107295,0.00639016695085495,0.42014586127788983,enet:pooled
2011-05,0.007490004910379582,0.006691770444083438,0.3991172331480719,enet:pooled
2011-06,0.004380866649201534,0.003529639232705297,0.4256137082481185,enet:pooled
2011-07,0.0047817610134333315,0.0039728432130336005,0.4044589001998655,enet:pooled
2011-08,0.006009053687428335,0.005202605100595666,0.4032242934163344,enet:pooled
2011-09,0.007328867245275017,0.006510090935782622,0.40938815474619683,enet:pooled
2011-10,-0.0038494804820560715,-0.004791043138956999,0.47078132845046383,enet:pooled
2011-11,0.005424845519975276,0.0044078191903088254,0.5085131648332253,enet:pooled
2011-12,0.005994752731195982,0.00503692027115156,0.47891623002221095,enet:pooled
2012-01,-0.008371399773581737,-0.009255028114821307,0.4418141706197851,enet:pooled
2012-02,0.002575868693744094,0.0014304030698111872,0.5727328119664532,enet:pooled
2012-03,0.003554636245268029,0.002470347854983311,0.5421441951423589,enet:pooled
2012-04,0.006724585592687017,0.00563247686530237,0.5460543636923237,enet:pooled
2012-05,0.007184239249365931,0.006267220526457006,0.4585093614544627,enet:pooled
2012-06,0.0027140037774064287,0.0018732786766214127,0.42036255039250797,enet:pooled
2012-07,0.005156661244131923,0.0044155259152980145,0.37056766441695405,enet:pooled
2012-08,0.008859240621949236,0.00804355486764449,0.4078428771523724,enet:pooled
2012-09,0.003028662216981546,0.0022326281428402726,0.39801703707063657,enet:pooled
2012-10,0.001891227296249941,0.0010938423591361351,0.3986924685569029,enet:pooled
2012-11,0.003134231264979451,0.0022950263846356835,0.41960244017188364,enet:pooled
2012-12,-0.00046616527605560583,-0.0013091162473217687,0.4214754856330815,enet:pooled
2013-01,0.005053522627219643,0.004170888813702899,0.4413169067583717,enet:pooled
2013-02,0.005218677107042382,0.004352598091522255,0.43303950776006284,enet:pooled
2013-03,0.008100885955376738,0.007282737639607686,0.40907415788452633,enet:pooled
2013-04,0.007087406209403922,0.0063981463096476916,0.3446299498781155,enet:pooled
2013-05,0.008875896137975906,0.008093494017324551,0.3912010603256784,enet:pooled
2013-06,0.00400634257854672,0.003079444666123193,0.4634489562117633,enet:pooled
2013-07,0.0018455207850287154,0.0009128169584718006,0.4663519132784577,enet:pooled
2013-08,0.0045736013510577975,0.003661141893434977,0.45622972881141005,enet:pooled
2013-09,-0.000389569603096695,-0.001336912627339361,0.4736715121213329,enet:pooled
2013-10,0.0022299163162651627,0.0012856239126962591,0.47214620178445177,enet:pooled
2013-11,0.0030719693279998976,0.0021939627050862197,0.43900331145683896,enet:pooled
2013-12,0.0062948354519579966,0.0054495515768963705,0.42264193753081264,enet:pooled
2014-01,0.003973310506073755,0.0032768524649285256,0.34822902057261446,enet:pooled
2014-02,0.0012860085844331565,0.00042890774207879914,0.42855042117717884,enet:pooled
2014-03,0.000684920288616081,-0.00017960473620555768,0.4322625124108193,enet:pooled
2014-04,0.005746995677195143,0.004940091104153854,0.4034522865206449,enet:pooled
2014-05,0.004886962532672744,0.004113385402321642,0.38678856517555116,enet:pooled
2014-06,0.004586795305761008,0.0037531020618515095,0.41684662195474903,enet:pooled
2014-07,0.0013424501000422794,0.0005194482684808041,0.4115009157807376,enet:pooled
2014-08,0.0028444247770239893,0.0019213026591359849,0.4615610589440022,enet:pooled
2014-09,0.005711841497634867,0.004911568756657634,0.40013637048861644,enet:pooled
2014-10,0.00536925945635365,0.004591985950019059,0.3886367531672957,enet:pooled
2014-11,0.006651431033255814,0.005927355558853933,0.36203773720094073,enet:pooled
2014-12,0.007497622211790262,0.006735889114984983,0.3808665484026404,enet:pooled
2015-01,0.002572449746594037,0.0017367940283478005,0.41782785912311815,enet:pooled
2015-02,0.0007718912522087558,-0.00012843257248851983,0.4501619123486378,enet:pooled
2015-03,0.005229225223947134,0.004426911408869817,0.40115690753865857,enet:pooled
2015-04,-0.005063500600353763,-0.005854150036579125,0.39532471811268105,enet:pooled
2015-05,0.0026309253974333095,0.0016376363173339528,0.4966445400496784,enet:pooled
2015-06,0.0013115363346529777,0.0003487705315684166,0.48138290154228064,enet:pooled
2015-07,0.005183433077968243,0.004386528934229257,0.3984520718694934,enet:pooled
2015-08,0.007183788778756743,0.006392798354154524,0.39549521230110973,enet:pooled
2015-09,0.0023079569790193854,0.0015101977630099528,0.3988796080047162,enet:pooled
2015-10,0.001404894049863175,0.0005791384223386398,0.4128778137622675,enet:pooled
2015-11,0.009462542655147635,0.008641758069842652,0.4103922926524912,enet:pooled
2015-12,0.002446384718103581,0.00162109506847743,0.4126448248130758,enet:pooled
2016-01,0.0018522250427678967,0.0010299426476780911,0.4111411975449029,enet:pooled
2016-02,-0.00027541289749761946,-0.0011188256806457127,0.42170639157404655,enet:pooled
2016-03,0.0006853059591640027,-0.00022722498348610662,0.45626547132505474,enet:pooled
2016-04,0.009326354528738326,0.00831676855584972,0.504792986444303,enet:pooled
2016-05,0.0027893461909012035,0.0019029718578823871,0.44318716650940815,enet:pooled
2016-06,0.0008678257888496341,2.3015412253747374e-05,0.4224051882979433,enet:pooled
2016-07,0.0032591843176683153,0.0024997532842934013,0.3797155166874568,enet:pooled
2016-08,0.0059489197951013845,0.0051485958239939015,0.4001619855537418,enet:pooled
2016-09,0.003263610762683528,0.002515958826110876,0.3738259682863261,enet:pooled
2016-10,0.0057257165163391915,0.005056408508552749,0.33465400389322114,enet:pooled
2016-11,0.004629831591728201,0.003943042096364677,0.3433947476817622,enet:pooled
2016-12,0.0004005955427585874,-0.00038179764090511724,0.39119659183185235,enet:pooled
2017-01,0.010159083760276603,0.009386593692782838,0.3862450337468814,enet:pooled
2017-02,0.003382525925552691,0.00254188948850664,0.42031821852302526,enet:pooled
2017-03,0.00466563302145072,0.003795557238710389,0.43503789137016535,enet:pooled
2017-04,0.003015771474945668,0.0022506600435777506,0.3825557156839584,enet:pooled
2017-05,0.006816361218860819,0.006055120893839522,0.38062016251064873,enet:pooled
2017-06,0.001956141096579573,0.001281066241329226,0.33753742762517375,enet:pooled
2017-07,0.006541311002150122,0.005893019187899496,0.3241459071253135,enet:pooled
2017-08,0.005521491335947052,0.0047790687972597175,0.37121126934366727,enet:pooled
2017-09,0.0044409271427052225,0.0037133033406624265,0.36381190102139804,enet:pooled
2017-10,0.004411904589155449,0.0037107286698431574,0.3505879596561456,enet:pooled
2017-11,0.001731281902414641,0.0010318195904113708,0.34973115600163485,enet:pooled
2017-12,-0.0014647352980058854,-0.0022346227796859793,0.38494374084004707,enet:pooled
2018-01,0.0022940165167378143,0.0014826452699327776,0.4056856234025184,enet:pooled
2018-02,0.0052805310789693334,0.004429071519627826,0.4257297796707539,enet:pooled
2018-03,0.0030328962151737306,0.0022121702660687042,0.41036297455251297,enet:pooled
2018-04,0.0038023965960149063,0.0030311342497967102,0.3856311731090978,enet:pooled
2018-05,0.005170648211462238,0.004308864011351656,0.4308921000552914,enet:pooled
2018-06,0.001922350259640209,0.0010801403076887467,0.42110497597573127,enet:pooled
2018-07,0.0016302663431335429,0.0008654255797413946,0.38242038169607384,enet:pooled
2018-08,0.003561298079704715,0.002782668694363681,0.38931469267051694,enet:pooled
2018-09,0.0033679510557800755,0.0026411248395714726,0.3634131081043013,enet:pooled
2018-10,0.0041545103435462125,0.003456878291615836,0.3488160259651882,enet:pooled
2018-11,-0.0011708802502436095,-0.001980726468409069,0.4049231090827296,enet:pooled
2018-12,0.003284038073031247,0.0023836959906611568,0.45017104118504486,enet:pooled
2019-01,0.0014230634884201275,0.000667221069667722,0.3779212093762028,enet:pooled
2019-02,0.0009154580837738517,9.229013331557355e-05,0.411583975229139,enet:pooled
2019-03,0.0032121278119900784,0.002425599950187441,0.39326393090131867,enet:pooled
2019-04,0.000922423020485523,0.0001597994771240802,0.38131177168072145,enet:pooled
2019-05,0.0060511506215349615,0.005323430798827167,0.363859911353897,enet:pooled
2019-06,0.002661822611898287,0.0019436379074810597,0.3590923522086136,enet:pooled
2019-07,0.0056890980607588884,0.004912176899792831,0.38846058048302934,enet:pooled
2019-08,0.0022361713804423568,0.0015002208570035083,0.3679752617194243,enet:pooled
2019-09,0.0027413666821215882,0.002011369653166414,0.364998514477587,enet:pooled
2019-10,0.0021365990044210923,0.0014305297179118596,0.3530346432546163,enet:pooled
2019-11,0.004931464868284602,0.004144595284092728,0.39343479209593735,enet:pooled
2019-12,0.002451078080101191,0.0016735286381038446,0.3887747209986733,enet:pooled
2020-01,0.006371387284675701,0.0055787587321062355,0.3963142762847328,enet:pooled
2020-02,0.006592261809570654,0.005802628151775195,0.39481682889772945,enet:pooled
2020-03,0.007016615945762947,0.006303487542880051,0.3565642014414481,enet:pooled
2020-04,-0.01745065438502263,-0.018378192497078175,0.46376905602777224,enet:pooled
2020-05,0.0031278411171560714,0.001539576309029045,0.794132404063513,enet:pooled
2020-06,0.00702493779043721,0.005941372852713539,0.5417824688618353,enet:pooled
2020-07,0.00775825180535081,0.0067468620747294285,0.5056948653106909,enet:pooled
2020-08,0.010067055967579393,0.008989427514327592,0.5388142266259002,enet:pooled
2020-09,0.012585042816873794,0.011630407992978403,0.47731741194769467,enet:pooled
2020-10,0.0037916657243136365,0.0029481015491493665,0.4217820875821348,enet:pooled
2020-11,-0.004688018056790654,-0.005564752310659138,0.43836712693424196,enet:pooled
2020-12,0.007524678968424661,0.006340599205805416,0.5920398813096222,enet:pooled
2021-01,0.008056718104823444,0.007081758954161321,0.48747957533106107,enet:pooled
2021-02,0.01157687255726175,0.01066936455016025,0.45375400355074996,enet:pooled
2021-03,0.009075372451534643,0.008206718307515678,0.4343270720094827,enet:pooled
2021-04,0.011435422721542325,0.010642701058492155,0.39636083152508433,enet:pooled
2021-05,0.008490604378855196,0.0076191674457740215,0.4357184665405878,enet:pooled
2021-06,0.005234957972431385,0.004452316906354009,0.39132053303868825,enet:pooled
2021-07,0.0037756473975931026,0.003046956253671236,0.3643455719609332,enet:pooled
2021-08,0.003429213229141011,0.0026891960300215517,0.3700085995597295,enet:pooled
2021-09,0.005173136568989428,0.004321066649369264,0.42603495981008205,enet:pooled
2021-10,0.006535268930696761,0.00574591681803871,0.3946760563290255,enet:pooled
2021-11,0.0036917637718555246,0.0030063835257137434,0.3426901230708906,enet:pooled
2021-12,0.006661405284961214,0.005809318137797435,0.42604357358188927,enet:pooled
2022-01,0.011574702573216706,0.01084755120170261,0.36357568575704835,enet:pooled
2022-02,0.006934927348664122,0.0061768518303731675,0.37903775914547727,enet:pooled
2022-03,0.008580721455842691,0.007839413418176419,0.3706540188331369,enet:pooled
2022-04,0.008854372761328303,0.00821750833815982,0.318432211584241,enet:pooled
2022-05,0.00623967200075554,0.0055663166345163795,0.3366776831195805,enet:pooled
2022-06,0.005355796118946021,0.004715221112107482,0.3202875034192696,enet:pooled
2022-07,-0.0011106123649167606,-0.0017680347957126424,0.3287112153979408,enet:pooled
2022-08,0.0005058488466335351,-0.0001917824809852915,0.34881566380941315,enet:pooled
2022-09,0.006225948343000923,0.005489334686256809,0.36830682837205725,enet:pooled
2022-10,0.004979187816611958,0.004234756915166469,0.3722154507227447,enet:pooled
2022-11,0.00521882667412954,0.0045498264612425935,0.334500106443473,enet:pooled
2022-12,0.006921768167339439,0.006217928081126116,0.3519200431066611,enet:pooled
2023-01,0.0017397389378630708,0.0010357333247978094,0.35200280653263055,enet:pooled
2023-02,0.006782919892174516,0.0060469257069847605,0.3679970925948773,enet:pooled
2023-03,0.005889747778812417,0.0052145704963033135,0.33758864125455185,enet:pooled
2023-04,0.0012959717511190382,0.0006503731832746064,0.3227992839222158,enet:pooled
2023-05,0.001958762068493936,0.0013164021528982836,0.32117995779782604,enet:pooled
2023-06,0.0047024764564820324,0.003970266582865604,0.36610493680821427,enet:pooled
2023-07,0.003836389581197026,0.003050740954910609,0.3928243131432083,enet:pooled
2023-08,0.005203805293628356,0.0044470429652525316,0.3783811641879122,enet:pooled
2023-09,0.007078385678584282,0.006383883180638878,0.3472512489727022,enet:pooled
2023-10,0.007598501113854423,0.006971819465965459,0.31334082394448276,enet:pooled
2023-11,0.0002144968871386243,-0.0004243948713012591,0.3194458792199417,enet:pooled
2023-12,0.004905842784093,0.0041229515144215615,0.3914456348357192,enet:pooled
2024-01,0.007329581646022768,0.006646726218689958,0.3414277136664052,enet:pooled
2024-02,0.006258187335350538,0.005490815232745743,0.3836860513023982,enet:pooled
2024-03,0.006191598890317563,0.005505049942544112,0.3432744738867258,enet:pooled
2024-04,0.0047177734569271036,0.004018510545452812,0.3496314557371462,enet:pooled
2024-05,0.007880631853348103,0.007242426823768287,0.319102514789908,enet:pooled
2024-06,0.003128230740973227,0.0024658618995804004,0.3311844206964132,enet:pooled
2024-07,0.0024098475201482896,0.0018176891096740879,0.2960792052371009,enet:pooled
2024-08,0.00629743902549049,0.005685631996713753,0.3059035143883687,enet:pooled
2024-09,0.0020505816869279474,0.0014524013950281975,0.29909014594987493,enet:pooled
2024-10,0.0053502239838132395,0.0047321927848357,0.3090155994887693,enet:pooled
2024-11,0.008660806928619579,0.008014306353655893,0.323250287481843,enet:pooled
2024-12,0.003917789650853306,0.00330853520366107,0.304627223596118,enet:pooled
2025-01,0.0021578034539410434,0.0016057836983211823,0.27600987780993047,enet:pooled
2025-02,0.0034890045448554012,0.0028448495882093263,0.32207747832303774,enet:pooled
2025-03,0.0036666691393734646,0.0030121138968725596,0.32727762125045246,enet:pooled
2025-04,0.0013879062790325381,0.000718443897655307,0.33473119068861557,enet:pooled
2025-05,0.002924253618523817,0.0022688085269276636,0.3277225457980767,enet:pooled
2025-06,-0.0005006640906571655,-0.0011541406739248457,0.3267382916338401,enet:pooled
2025-07,0.003273429077798748,0.0025469461309556457,0.36324147342155133,enet:pooled
2025-08,0.006532396106542343,0.0058164076709830426,0.3579942177796498,enet:pooled
2025-09,0.008022059911755159,0.007283681205953744,0.36918935290070753,enet:pooled
2025-10,0.003129524549133388,0.0024522188811560907,0.3386528339886489,enet:pooled
2025-11,0.004117948234320824,0.003397362169270036,0.3602930325253938,enet:pooled
2025-12,0.00577497115363065,0.005069849846284187,0.352560653673231,enet:pooled
2000-01,-0.006274968695727501,-0.006274968695727501,0.0,fmom:rule
2000-02,-0.004545214579863547,-0.00499540398673196,0.22509470343420637,fmom:rule
2000-03,0.00038191508923184005,-4.0030828793147645e-05,0.21097295901249413,fmom:rule
2000-04,-0.005990261084306201,-0.0065754067024801684,0.2925728090869831,fmom:rule
2000-05,0.006098802035242748,0.00525903467808967,0.41988367857653974,fmom:rule
2000-06,-0.0005378531095586574,-0.001111742622560738,0.2869447565010403,fmom:rule
2000-07,0.003342873069126751,0.0027354846189732076,0.30369422507677163,fmom:rule
2000-08,0.0013667133690602213,0.000846339679027397,0.26018684501641204,fmom:rule
2000-09,0.009463689218559172,0.008985152969984467,0.23926812428735197,fmom:rule
2000-10,0.007017985044093009,0.00653968397582514,0.23915053413393464,fmom:rule
2000-11,0.007048980196895131,0.006578448630317261,0.2352657832889354,fmom:rule
2000-12,0.005625478943530831,0.005043301990344419,0.29108847659320597,fmom:rule
2001-01,-0.014139440068513972,-0.014861482481433722,0.3610212064598746,fmom:rule
2001-02,0.01028925701192348,0.009779334863140473,0.2549610743915027,fmom:rule
2001-03,0.01645428343699836,0.015873291275070665,0.290496080963848,fmom:rule
2001-04,-0.0007015967438335671,-0.0011663429264499121,0.23237309130817235,fmom:rule
2001-05,0.006455612849054494,0.00580694934500924,0.3243317520226269,fmom:rule
2001-06,0.005554927462099522,0.005068338479008098,0.24329449154571178,fmom:rule
2001-07,-0.0007375151813546715,-0.001070786770801882,0.1666357947236052,fmom:rule
2001-08,-0.003366279281658888,-0.00387334914202816,0.25353493018463574,fmom:rule
2001-09,0.013662055875036352,0.013160791162303493,0.2506323563664286,fmom:rule
2001-10,-0.0037626936522436793,-0.00429609059925878,0.26669847350755044,fmom:rule
2001-11,-0.010234965365100905,-0.01066128935515759,0.2131619950283426,fmom:rule
2001-12,0.004775998098367009,0.0041081910433095736,0.3339035275287174,fmom:rule
2002-01,0.0007698913331645398,0.00028100828103707915,0.24444152606373037,fmom:rule
2002-02,0.004067186709283055,0.0034598769405714126,0.30365488435582105,fmom:rule
2002-03,0.0002241770470533682,-0.00032211917157621385,0.273148109314791,fmom:rule
2002-04,0.011207490628288068,0.010479109129747831,0.36419074927011824,fmom:rule
2002-05,0.0013064945229576894,0.0006966784535604139,0.30490803469863764,fmom:rule
2002-06,0.01577603242530428,0.015219817080329831,0.2781076724872241,fmom:rule
2002-07,0.005720192490094595,0.005341275664495421,0.18945841279958753,fmom:rule
2002-08,-0.0037025303050493416,-0.004225588574907949,0.26152913492930424,fmom:rule
2002-09,0.007041681056621977,0.0065793074275192175,0.2311868145513801,fmom:rule
2002-10,0.004642297173560499,0.004285191021348705,0.17855307610589716,fmom:rule
2002-11,0.00461232998493687,0.004093369736596053,0.2594801241704083,fmom:rule
2002-12,0.014217707196420367,0.013685291394544153,0.2662079009381074,fmom:rule
2003-01,0.003105882165470124,0.002806816471604137,0.1495328469329932,fmom:rule
2003-02,0.005520284924051427,0.005038242727010728,0.24102109852034917,fmom:rule
2003-03,-0.0009491297983633941,-0.0012599792150540968,0.1554247083453512,fmom:rule
2003-04,-0.011779808292721615,-0.012261539096732799,0.24086540200559164,fmom:rule
2003-05,0.00738932290935608,0.006498673278121937,0.4453248156170714,fmom:rule
2003-06,0.001970604841311648,0.0015890333438976403,0.19078574870700413,fmom:rule
2003-07,0.0005641957769444653,3.9039073622196274e-05,0.26257835166113475,fmom:rule
2003-08,0.005034026736657994,0.004339941049761101,0.3470428434484464,fmom:rule
2003-09,-0.012945995684718119,-0.013749481566011162,0.4017429406465216,fmom:rule
2003-10,0.008257875946322909,0.0077344953705034344,0.26169028790973725,fmom:rule
2003-11,0.005084806541493907,0.004722935894153304,0.18093532367030168,fmom:rule
2003-12,0.010058909849562259,0.009658410396951317,0.20024972630547033,fmom:rule
2004-01,0.010358479598265132,0.009951290458784541,0.20359456974029475,fmom:rule
2004-02,0.002511852695022334,0.0020269585002554817,0.24244709738342612,fmom:rule
2004-03,0.001961832532692918,0.001577393860616764,0.1922193360380772,fmom:rule
2004-04,0.014813529177227376,0.014494982217837193,0.15927347969509073,fmom:rule
2004-05,-0.005759890886857946,-0.006232451100369689,0.23628010675587163,fmom:rule
2004-06,-0.0027717062062111737,-0.0030841913517363558,0.1562425727625911,fmom:rule
2004-07,0.0021351203798087234,0.0017297309035495844,0.20269473812956945,fmom:rule
2004-08,0.007868625648530688,0.00744796900748071,0.21032832052498865,fmom:rule
2004-09,0.014476986783244387,0.013971212420962826,0.25288718114078057,fmom:rule
2004-10,0.0019021685236541505,0.0015026005493214726,0.19978398716633894,fmom:rule
2004-11,-0.0038079741260813884,-0.004183715727020279,0.18787080046944568,fmom:rule
2004-12,0.007005006783547893,0.006692400941270942,0.1563029211384753,fmom:rule
2005-01,-0.0008713669618696773,-0.001403695693793013,0.2661643659616677,fmom:rule
2005-02,0.006710419414213921,0.006200273397058247,0.25507300857783743,fmom:rule
2005-03,0.0098976221178231,0.009430426993733266,0.2335975620449167,fmom:rule
2005-04,0.012287656690441922,0.01190793996089879,0.18985836477156515,fmom:rule
2005-05,-0.0034046804338383504,-0.003868576020978513,0.23194779357008172,fmom:rule
2005-06,-0.0011331363431733043,-0.0014342668443216324,0.15056525057416392,fmom:rule
2005-07,0.008650290404556863,0.008273009963409919,0.188640220573472,fmom:rule
2005-08,-4.12616014679999e-06,-0.00032521627187863747,0.16054505586591863,fmom:rule
2005-09,-0.000433688303601006,-0.0009028346951704949,0.2345731957847444,fmom:rule
2005-10,0.0025898004537652985,0.0021165506498405113,0.2366249019623936,fmom:rule
2005-11,0.008040087176290444,0.007586424098052666,0.22683153911888826,fmom:rule
2005-12,0.00112441446847982,0.0006874658433080344,0.21847431258589284,fmom:rule
2006-01,0.0049682906434081004,0.004609627190894267,0.17933172625691682,fmom:rule
2006-02,0.00470557511935998,0.00403609854212295,0.33473828861851523,fmom:rule
2006-03,-0.008926537578872197,-0.009368228251754322,0.22084533644106225,fmom:rule
2006-04,0.004157559906511735,0.0036240931332293578,0.266733386641189,fmom:rule
2006-05,0.0016436636204685414,0.001259907080114483,0.1918782701770294,fmom:rule
2006-06,0.00034217691624867705,-4.473917980312e-05,0.19345804802589844,fmom:rule
2006-07,-7.062439116950497e-05,-0.0006509799078285902,0.29017775832954246,fmom:rule
2006-08,0.0048360274973834995,0.0042285812105523875,0.3037231434155558,fmom:rule
2006-09,0.004547117242925791,0.00394870052646475,0.2992083582305212,fmom:rule
2006-10,-0.0008259634762054632,-0.0013310123856271076,0.2525244547108222,fmom:rule
2006-11,-0.0004962250210386585,-0.0009608215872656002,0.23229828311347078,fmom:rule
2006-12,0.001054501078841501,0.0005289192811557534,0.26279089884287377,fmom:rule
2007-01,0.004705480800895429,0.004182072645074274,0.26170407791057765,fmom:rule
2007-02,0.003263983331320834,0.0024120314782869203,0.42597592651695704,fmom:rule
2007-03,0.003718255746460234,0.00322125658173589,0.24849958236217226,fmom:rule
2007-04,0.01107793763421432,0.010449523398453404,0.3142071178804575,fmom:rule
2007-05,0.004389051064462589,0.00384727008603515,0.2708904892137194,fmom:rule
2007-06,0.0004519901355743227,-4.743380136128553e-05,0.24971196846780414,fmom:rule
2007-07,0.004555754552176876,0.003975252986940106,0.29025078261838494,fmom:rule
2007-08,-0.0016464519839968666,-0.002192826616089007,0.2731873160460703,fmom:rule
2007-09,0.003776081392209537,0.003314796265170277,0.23064256351963053,fmom:rule
2007-10,-0.0005373131481235798,-0.001112167724742832,0.2874272883096263,fmom:rule
2007-11,0.000597297906264677,0.00011244232023581216,0.24242779301443237,fmom:rule
2007-12,0.0034372710217000966,0.002892737622918889,0.2722666993906033,fmom:rule
2008-01,0.0005051722941325987,-2.4528295567380154e-05,0.2648502948499894,fmom:rule
2008-02,0.0016566505938484712,0.0011449105327807415,0.2558700305338649,fmom:rule
2008-03,0.0039016020448148113,0.0034484442491940137,0.22657889781039914,fmom:rule
2008-04,-0.000418631752572664,-0.0009172909475571164,0.24932959749222616,fmom:rule
2008-05,0.0007404930480561977,0.0001640778007173779,0.2882076236694099,fmom:rule
2008-06,0.0046453855718233145,0.004103297528219666,0.27104402180182463,fmom:rule
2008-07,-0.0034647560773899346,-0.003955647585669276,0.24544575413967032,fmom:rule
2008-08,0.0027369625457184053,0.0022721892732316144,0.2323866362433957,fmom:rule
2008-09,0.008954395298389482,0.008618023011114027,0.1681861436377272,fmom:rule
2008-10,0.01572986030132917,0.015308328407720513,0.21076594680432992,fmom:rule
2008-11,0.006233476443986371,0.005785099842044631,0.2241883009708701,fmom:rule
2008-12,-0.0005855405921799248,-0.0009427459838684774,0.1786026958442763,fmom:rule
2009-01,5.142565107974499e-05,-0.00044122260671471456,0.2463241288972296,fmom:rule
2009-02,-0.0007069842660163511,-0.0011762899251818323,0.23465282958274056,fmom:rule
2009-03,-0.00335997363733568,-0.0038164798826768403,0.22825312267057984,fmom:rule
2009-04,-0.020806566126446376,-0.0213141542334517,0.2537940535026642,fmom:rule
2009-05,-0.0012275980523415908,-0.001981441762680359,0.37692185516938376,fmom:rule
2009-06,2.6130423175804805e-05,-0.0006073385053388583,0.31673446425733154,fmom:rule
2009-07,0.0024546761654809473,0.0020327232772003826,0.21097644414028235,fmom:rule
2009-08,0.0007031600758020957,0.0002907808366302487,0.20618961958592344,fmom:rule
2009-09,0.0019190144484410095,0.0015449647575010766,0.18702484546996637,fmom:rule
2009-10,0.00033520324997237793,-6.651302819790528e-05,0.20085813908514166,fmom:rule
2009-11,0.0005517799052395495,9.72290908302783e-05,0.22727540720463563,fmom:rule
2009-12,-0.0004389640659056641,-0.0008573974979296003,0.20921671601196798,fmom:rule
2010-01,0.002900401704286046,0.0024956267729216415,0.2023874656822022,fmom:rule
2010-02,0.0011221533245620906,0.0007468439460912427,0.18765468923542394,fmom:rule
2010-03,0.0023262429966955404,0.0019308597122890492,0.19769164220324556,fmom:rule
2010-04,0.0039049966058586367,0.0034746207348067535,0.2151879355259414,fmom:rule
2010-05,0.0029727519279253937,0.0023088632800063544,0.3319443239595197,fmom:rule
2010-06,0.005633438619509438,0.0049092042636433185,0.3621171779330598,fmom:rule
2010-07,0.0008906248578927186,0.0004893706294477506,0.200627114222484,fmom:rule
2010-08,0.006372874411943083,0.00591515476369164,0.22885982412572137,fmom:rule
2010-09,0.0015641258230726365,0.0011596295323499433,0.20224814536134658,fmom:rule
2010-10,0.002906135207715626,0.0025181131637329007,0.1940110219913624,fmom:rule
2010-11,0.005877042654672781,0.005488003570233594,0.19451954221959344,fmom:rule
2010-12,0.0034102165038209595,0.0030318330805000644,0.18919171166044765,fmom:rule
2011-01,0.0025764079686671003,0.002217046660131049,0.1796806542680256,fmom:rule
2011-02,0.004809663374006159,0.00434763114849342,0.23101611275636957,fmom:rule
2011-03,0.0033846728754842624,0.0030044032086315843,0.19013483342633913,fmom:rule
2011-04,0.005111275819668619,0.004717373382544867,0.19695121856187567,fmom:rule
2011-05,0.004623355154733154,0.00419954524301443,0.2119049558593618,fmom:rule
2011-06,0.004824310596329324,0.004467472163301985,0.17841921651366896,fmom:rule
2011-07,0.002243712541215253,0.001918629336125938,0.16254160254465747,fmom:rule
2011-08,0.006511940344445754,0.006109739098045482,0.201100623200136,fmom:rule
2011-09,0.003546787918691072,0.0031575488070624803,0.19461955581429577,fmom:rule
2011-10,-0.0010150725400524222,-0.0014807251169237628,0.2328262884356703,fmom:rule
2011-11,0.00549570506366824,0.005090309073362299,0.20269799515297024,fmom:rule
2011-12,0.0034813168490229274,0.003101676553405606,0.18982014780866072,fmom:rule
2012-01,-0.008478145130003372,-0.009001895068729867,0.261874969363247,fmom:rule
2012-02,-0.006091348820359451,-0.006577437432188652,0.24304430591460044,fmom:rule
2012-03,0.0025352581399575485,0.0020228684980751308,0.2561948209412089,fmom:rule
2012-04,0.007003957268251879,0.006375944953432234,0.3140061574098226,fmom:rule
2012-05,0.004460359518081789,0.004020342100695958,0.22000870869291497,fmom:rule
2012-06,0.0018996057615867274,0.0015053195925907262,0.19714308449800044,fmom:rule
2012-07,0.005999209133949378,0.005623463507265677,0.1878728133418503,fmom:rule
2012-08,0.004239096196564199,0.0038038807143884433,0.2176077410878778,fmom:rule
2012-09,0.0008178308087196374,0.00035995733751824143,0.22893673560069805,fmom:rule
2012-10,0.0018322630228760912,0.0013899200711075287,0.22117147588428115,fmom:rule
2012-11,0.0032581917346179304,0.002860625633911025,0.19878305035345226,fmom:rule
2012-12,0.0027938423709384717,0.0023622163422286646,0.2158130143549037,fmom:rule
2013-01,0.0007843759771145727,0.00039775717040518047,0.19330940335469599,fmom:rule
2013-02,0.005905895055643094,0.005361732948535945,0.27208105355357387,fmom:rule
2013-03,0.00679040814556828,0.006227501572056558,0.2814532867558611,fmom:rule
2013-04,0.010769544406754702,0.010361822824909323,0.20386079092268986,fmom:rule
2013-05,0.00586592522495581,0.005456418510870838,0.20475335704248657,fmom:rule
2013-06,0.00043363134666313203,-2.3497563281825252e-05,0.22856445497247865,fmom:rule
2013-07,0.0023156648947539006,0.0018995926246226783,0.2080361350656114,fmom:rule
2013-08,-0.0005803035598615749,-0.0010261297086137779,0.22291307437610158,fmom:rule
2013-09,0.0006634894968554039,0.00021115525628048472,0.22616712028745958,fmom:rule
2013-10,-0.0007652972248858536,-0.0011201720351537692,0.17743740513395798,fmom:rule
2013-11,0.0034033913938646245,0.0029938175715010893,0.2047869111817677,fmom:rule
2013-12,0.0028388838708506394,0.0024545249430478673,0.19217946390138618,fmom:rule
2014-01,0.001498876750766423,0.0011516399302279154,0.17361841026925398,fmom:rule
2014-02,0.0030426700459099992,0.0025796101079487575,0.23152996898062064,fmom:rule
2014-03,-0.001688799804384817,-0.0021021648600388467,0.20668252782701477,fmom:rule
2014-04,-0.00165835798185973,-0.00210277941765427,0.22221071789726998,fmom:rule
2014-05,0.0025517441147587484,0.0020627534893613024,0.24449531269872307,fmom:rule
2014-06,0.0007223043990343201,0.0002588305078322776,0.23173694560102123,fmom:rule
2014-07,0.00453739452651858,0.004085060361504669,0.22616708250695516,fmom:rule
2014-08,0.003509053606202567,0.0029964111959285273,0.2563212051370201,fmom:rule
2014-09,0.0038086401188706185,0.003407578605236999,0.20053075681680996,fmom:rule
2014-10,0.004191958623736225,0.003724139516118079,0.23390955380907322,fmom:rule
2014-11,0.004142621526406514,0.0037418851115732427,0.2003682074166351,fmom:rule
2014-12,0.004051325694364841,0.003685939816226577,0.18269293906913261,fmom:rule
2015-01,0.003807890610878803,0.0034039812738687887,0.20195466850500726,fmom:rule
2015-02,0.0016425635054793985,0.0012338880964962292,0.20433770449158464,fmom:rule
2015-03,0.006639221794605948,0.00625100179272187,0.19411000094203815,fmom:rule
2015-04,-0.0028809036350884803,-0.0033219511030731295,0.22052373399232475,fmom:rule
2015-05,0.003273839162861473,0.002830135138256277,0.22185201230259788,fmom:rule
2015-06,0.005266314843581468,0.0048379570504507845,0.21417889656534161,fmom:rule
2015-07,0.00401269938979666,0.003618952335999198,0.19687352689873094,fmom:rule
2015-08,0.006060112420684733,0.005649863572101142,0.20512442429179503,fmom:rule
2015-09,0.0014233784285780894,0.0010521016764620554,0.18563837605801692,fmom:rule
2015-10,-0.0005376310021599442,-0.0009057596327931942,0.18406431531662498,fmom:rule
2015-11,0.007780699229454389,0.007330603768367043,0.2250477305436722,fmom:rule
2015-12,0.0010329522960545272,0.0005769162071688263,0.22801804444285037,fmom:rule
2016-01,0.0005678235128913539,0.00014461767009313657,0.21160292139910877,fmom:rule
2016-02,-0.005166950469614637,-0.005586246104251037,0.20964781731819992,fmom:rule
2016-03,-0.006489492166617384,-0.006996695115945215,0.253601474663915,fmom:rule
2016-04,0.0037872510971481885,0.003217784047792039,0.2847335246780749,fmom:rule
2016-05,0.003966672478783848,0.003504969452025298,0.2308515133792747,fmom:rule
2016-06,0.0010564086230784016,0.0006046884871562221,0.22586006796108973,fmom:rule
2016-07,0.0035882359280285914,0.003176112792698797,0.20606156766489736,fmom:rule
2016-08,0.0021582327468654015,0.0017448334932983498,0.20669962678352585,fmom:rule
2016-09,-3.3389551109814544e-05,-0.0005313761547888422,0.24899330183951376,fmom:rule
2016-10,0.003474444191047724,0.0030690153315815027,0.20271442973311044,fmom:rule
2016-11,0.0022729972253924895,0.0018295783380455817,0.22170944367345394,fmom:rule
2016-12,-0.001591811311346721,-0.002124593501645319,0.26639109514929915,fmom:rule
2017-01,0.005628554965929815,0.005189058401953036,0.21974828198839044,fmom:rule
2017-02,0.00032092498755111276,-0.00016577815927052428,0.24335157341081853,fmom:rule
2017-03,0.0019334052759379693,0.0014743106021177013,0.22954733691013396,fmom:rule
2017-04,0.000766447685141916,0.00019688210803699082,0.2847827885524626,fmom:rule
2017-05,0.00020316606153913423,-0.0002713822381280005,0.23727414983356743,fmom:rule
2017-06,0.0018273761453616935,0.0013554112497910422,0.2359824477853256,fmom:rule
2017-07,0.00705488423350311,0.006661313883557118,0.19678517497299608,fmom:rule
2017-08,0.0027244734527785233,0.0022968835786283145,0.2137949370751045,fmom:rule
2017-09,0.0009052478328508229,0.0005179615632483033,0.19364313480125978,fmom:rule
2017-10,0.005296829705905412,0.004904128807853059,0.19635044902617618,fmom:rule
2017-11,0.0015884413514655655,0.0012125999146999189,0.18792071838282348,fmom:rule
2017-12,0.002127845532539917,0.0017296696645552057,0.19908793399235553,fmom:rule
2018-01,0.0014696621687574495,0.001074725583379627,0.197468292688911,fmom:rule
2018-02,0.004068815867514358,0.0036054369213976488,0.2316894730583546,fmom:rule
2018-03,0.001903846718392341,0.0014043943102949464,0.24972620404869728,fmom:rule
2018-04,0.004777250164609107,0.004303266943683427,0.23699161046284,fmom:rule
2018-05,0.003544320918845417,0.0031576345826346895,0.19334316810536378,fmom:rule
2018-06,0.000502665054043916,0.00011493774437543774,0.19386365483423915,fmom:rule
2018-07,0.0012007448397683195,0.0008423558066872158,0.1791945165405519,fmom:rule
2018-08,0.0032842153480184193,0.0028785071280863776,0.20285410996602077,fmom:rule
2018-09,0.001944143065940565,0.0015814952901701729,0.18132388788519596,fmom:rule
2018-10,0.00011209064817660372,-0.00032493144689565995,0.21851104753613199,fmom:rule
2018-11,-0.0015714479017122673,-0.0019979168276721354,0.2132344629799342,fmom:rule
2018-12,0.002575945562463278,0.0020784475198528077,0.24874902130523502,fmom:rule
2019-01,-0.00011742457203580728,-0.0005856083746513589,0.2340919013077757,fmom:rule
2019-02,-0.0007409123633167814,-0.0011727327885677394,0.21591021262547896,fmom:rule
2019-03,-0.0005753095411858037,-0.0010040250334138253,0.21435774611401073,fmom:rule
2019-04,0.002194402171904738,0.00165768697461732,0.268357598643709,fmom:rule
2019-05,0.004134377210254754,0.003653130201544528,0.24062350435511332,fmom:rule
2019-06,0.0015794398764295955,0.0010940497242738817,0.24269507607785706,fmom:rule
2019-07,0.004089232620029328,0.0036818891970304846,0.20367171149942181,fmom:rule
2019-08,0.0017250644865512573,0.0012535715412653255,0.23574647264296586,fmom:rule
2019-09,0.0015513363964800824,0.0011356125087760532,0.20786194385201454,fmom:rule
2019-10,0.003912758331043331,0.0034783334652165594,0.21721243291338588,fmom:rule
2019-11,0.003177843023989263,0.002724246479591345,0.22679827219895915,fmom:rule
2019-12,6.298293112054617e-05,-0.0004153537619581961,0.23916834653937108,fmom:rule
2020-01,0.004943558479046997,0.004527092049970124,0.20823321453843657,fmom:rule
2020-02,0.004909262775997309,0.004466417534120364,0.22142262093847292,fmom:rule
2020-03,0.0021425775035913185,0.0017449420486449927,0.19881772747316306,fmom:rule
2020-04,-0.008572803447844526,-0.009140595931225409,0.28389624169044175,fmom:rule
2020-05,0.0033736731026791492,0.002711405305056763,0.3311338988111934,fmom:rule
2020-06,0.005533439758823713,0.005075693535341681,0.22887311174101665,fmom:rule
2020-07,0.009710951450535488,0.009145737022786525,0.2826072138744809,fmom:rule
2020-08,0.004969248881165522,0.004550553711144619,0.20934758501045198,fmom:rule
2020-09,0.006824065957330406,0.006424371138996571,0.19984740916691693,fmom:rule
2020-10,-0.0012615467504629276,-0.0016032832311711055,0.17086824035408907,fmom:rule
2020-11,0.0008496524625396759,0.000512123741608764,0.1687643604654559,fmom:rule
2020-12,0.003594363998421474,0.003167796105511583,0.21328394645494564,fmom:rule
2021-01,0.00512185220911457,0.0047426523458430165,0.18959993163577638,fmom:rule
2021-02,0.006412093761398874,0.0060395697669935805,0.18626199720264694,fmom:rule
2021-03,0.0018554576766701295,0.0014806183424511308,0.18741966710949934,fmom:rule
2021-04,0.00711624794570699,0.006713907276100334,0.20117033480332747,fmom:rule
2021-05,0.002345104390668724,0.0018811307790665692,0.23198680580107742,fmom:rule
2021-06,0.0021209445490732357,0.0018159643242142837,0.15249011242947583,fmom:rule
2021-07,0.00013967540605246394,-0.00025045305580205475,0.19506423092725925,fmom:rule
2021-08,0.002165711167701294,0.0017788144909886604,0.19344833835631692,fmom:rule
2021-09,0.0030049063656502465,0.002598704982931316,0.20310069135946546,fmom:rule
2021-10,0.0002752738679146597,-0.0001466923249572872,0.21098309643597338,fmom:rule
2021-11,-0.0011806944740355583,-0.0015641711375560655,0.19173833176025365,fmom:rule
2021-12,0.003432041555779143,0.002844469742801611,0.2937859064887663,fmom:rule
2022-01,0.005202267601024585,0.004744646822991243,0.2288103890166713,fmom:rule
2022-02,0.003836683553539415,0.003359054212763693,0.23881467038786083,fmom:rule
2022-03,0.005395126761741774,0.005001345766566128,0.19689049758782284,fmom:rule
2022-04,0.006143474717433655,0.005774078987492487,0.18469786497058374,fmom:rule
2022-05,0.0028271051474685004,0.002366193323595138,0.23045591193668108,fmom:rule
2022-06,0.0021256695829882143,0.0017472261544549254,0.18922171426664455,fmom:rule
2022-07,-0.00043262621520876197,-0.0007996608962492633,0.1835173405202507,fmom:rule
2022-08,-0.0021477671497303306,-0.002466163218357115,0.15919803431339205,fmom:rule
2022-09,0.005020839805953802,0.004575323990327624,0.22275790781308952,fmom:rule
2022-10,0.0034914698404993074,0.0030632362982374334,0.21411677113093663,fmom:rule
2022-11,0.002726670745240653,0.0023330044431186655,0.19683315106099372,fmom:rule
2022-12,0.004137728770313582,0.0036445854394511275,0.24657166543122713,fmom:rule
2023-01,0.00017002859037953678,-0.00025120032138864593,0.21061445588409142,fmom:rule
2023-02,0.005860795530995558,0.005467081153202496,0.19685718889653067,fmom:rule
2023-03,0.0023715837411291516,0.0019646306652602264,0.2034765379344626,fmom:rule
2023-04,3.453527887785495e-05,-0.0003385324795603968,0.18653387921912587,fmom:rule
2023-05,-0.0010255867132148715,-0.0014508951673523286,0.2126542270687284,fmom:rule
2023-06,0.0030024642600537817,0.0025080711671730854,0.24719654644034794,fmom:rule
2023-07,0.003486779417079937,0.002936955103031568,0.2749121570241846,fmom:rule
2023-08,0.0007584092234030544,0.00030826883292816063,0.22507019523744692,fmom:rule
2023-09,0.0041502739799342365,0.003696159878058535,0.2270570509378505,fmom:rule
2023-10,0.0050248877328214255,0.004614093798673976,0.205396967073725,fmom:rule
2023-11,0.0013391242101232666,0.0009345704460387266,0.2022768820422699,fmom:rule
2023-12,0.002862167140593668,0.0024230703078414067,0.21954841637613046,fmom:rule
2024-01,0.0038882830507698685,0.0034918757730930906,0.19820363883838876,fmom:rule
2024-02,0.003537932025108342,0.0030484107683567603,0.24476062837579107,fmom:rule
2024-03,0.002609239644347242,0.002253071056971205,0.17808429368801837,fmom:rule
2024-04,0.002785022607510783,0.002392690020404213,0.19616629355328505,fmom:rule
2024-05,0.004381059360043461,0.0040459821503479165,0.16753860484777228,fmom:rule
2024-06,0.0031357819536710126,0.0026107925387344657,0.2624947074682732,fmom:rule
2024-07,0.0005277658888179603,0.00018046389144448288,0.17365099868673853,fmom:rule
2024-08,0.0018706537198047953,0.001450904531533241,0.20987459413577703,fmom:rule
2024-09,0.0015626673455513317,0.001175929969523494,0.19336868801391888,fmom:rule
2024-10,0.00295960702035247,0.002580552713482613,0.18952715343492868,fmom:rule
2024-11,0.005723689569220903,0.005310972979421809,0.20635829489954657,fmom:rule
2024-12,0.004152923592548221,0.0037573418731051854,0.1977908597215176,fmom:rule
2025-01,0.00019535247740522604,-0.0001735868367718671,0.1844696570885466,fmom:rule
2025-02,0.00499757792024395,0.004576446548630143,0.21056568580690363,fmom:rule
2025-03,0.002417055090063122,0.0020022451416416643,0.20740497421072873,fmom:rule
2025-04,0.0018636840612210942,0.0014716099770046148,0.1960370421082396,fmom:rule
2025-05,0.0017018466970442037,0.0013202324870924783,0.19080710497586265,fmom:rule
2025-06,0.002477308099299257,0.0020452857897562244,0.21601115477151636,fmom:rule
2025-07,0.002139158962040329,0.0017467286770125013,0.1962151425139137,fmom:rule
2025-08,0.0046682162674693975,0.00425032742757532,0.2089444199470387,fmom:rule
2025-09,0.006310980999494125,0.005840820079301374,0.23508046009637562,fmom:rule
2025-10,0.004376759914898581,0.003962404490515533,0.20717771219152462,fmom:rule
2025-11,0.0026303497108582535,0.0022445153344615425,0.19291718819835554,fmom:rule
2025-12,0.006294292553052078,0.005924484684667364,0.1849039341923567,fmom:rule
2000-01,0.007890327268170341,0.007890327268170341,0.0,gbrt:dm_only
2000-02,0.012666015948262686,0.010891806718748086,0.8871046147573011,gbrt:dm_only
2000-03,-0.002295275927544611,-0.004091888163449728,0.8983061179525583,gbrt:dm_only
2000-04,0.0023389807438518443,0.0004934998267365825,0.9227404585576308,gbrt:dm_only
2000-05,0.010618556212030995,0.008853459022324855,0.8825485948530707,gbrt:dm_only
2000-06,1.4476280747564765e-05,-0.0015615406349598492,0.7880084578537069,gbrt:dm_only
2000-07,0.0014589160198023167,-8.019723686502125e-05,0.7695566283336691,gbrt:dm_only
2000-08,0.005046860194996367,0.003615658489485644,0.7156008527553619,gbrt:dm_only
2000-09,0.0048028218636220615,0.0032969812316649295,0.7529203159785663,gbrt:dm_only
2000-10,0.008721154287930216,0.00740755738475627,0.656798451586973,gbrt:dm_only
2000-11,0.0054645957181400865,0.004190168722209135,0.6372134979654759,gbrt:dm_only
2000-12,0.003695661804812471,0.0023293745155787337,0.6831436446168683,gbrt:dm_only
2001-01,-0.015359284452556113,-0.016846933885325027,0.7438247163844566,gbrt:dm_only
2001-02,0.007328861723467379,0.005411558827383794,0.958651448041793,gbrt:dm_only
2001-03,0.028259557920672085,0.026442580607213717,0.9084886567291834,gbrt:dm_only
2001-04,0.0020822343171388647,0.0007729134711979455,0.6546604229704597,gbrt:dm_only
2001-05,0.0095157085342706,0.007935850931731828,0.7899288012693858,gbrt:dm_only
2001-06,0.007166848443397664,0.005804009604757796,0.6814194193199341,gbrt:dm_only
2001-07,0.01272496548939078,0.011413583916477484,0.6556907864566475,gbrt:dm_only
2001-08,0.003125814076917942,0.0019158561562306609,0.6049789603436404,gbrt:dm_only
2001-09,0.010391286264604326,0.009169501292207763,0.6108924861982812,gbrt:dm_only
2001-10,-0.012766768324818824,-0.014096631846210237,0.6649317606957067,gbrt:dm_only
2001-11,0.011514046573640397,0.00995454489674311,0.7797508384486451,gbrt:dm_only
2001-12,0.006802045153634033,0.005214725767201096,0.7936596932164685,gbrt:dm_only
2002-01,0.0033541251446750414,0.0015633855764972996,0.8953697840888711,gbrt:dm_only
2002-02,0.004102500255335441,0.0029068665183876905,0.5978168684738756,gbrt:dm_only
2002-03,0.012505563394585953,0.011203424166890784,0.6510696138475851,gbrt:dm_only
2002-04,0.014986826965802343,0.013822394563944318,0.5822162009290126,gbrt:dm_only
2002-05,0.00799767583828895,0.006763418396133226,0.6171287210778621,gbrt:dm_only
2002-06,0.02019073776741279,0.019027571680699726,0.581583043356531,gbrt:dm_only
2002-07,0.013826323501445695,0.012615838160998403,0.6052426702236462,gbrt:dm_only
2002-08,0.007468782093387313,0.006478111033742588,0.4953355298223622,gbrt:dm_only
2002-09,0.018024026236976857,0.01697964089943296,0.5221926687719481,gbrt:dm_only
2002-10,0.0064152089322263165,0.005489795316563372,0.46270680783147194,gbrt:dm_only
2002-11,-3.6061329829245824e-05,-0.0011432202617349756,0.5535794659528649,gbrt:dm_only
2002-12,0.009296640150024573,0.008169254742808706,0.5636927036079327,gbrt:dm_only
2003-01,0.0085131673505539,0.007399070132917492,0.557048608818204,gbrt:dm_only
2003-02,0.004990086645324246,0.004103974603412741,0.44305602095575247,gbrt:dm_only
2003-03,0.00914053573419421,0.008246366057354305,0.4470848384199528,gbrt:dm_only
2003-04,-0.010939665225463528,-0.011638059939123112,0.349197356829792,gbrt:dm_only
2003-05,0.011404878292341929,0.010335569299743082,0.5346544962994236,gbrt:dm_only
2003-06,0.001972582223279325,0.0010428036065607388,0.4648893083592927,gbrt:dm_only
2003-07,0.015339603530860215,0.01420923491032676,0.5651843102667277,gbrt:dm_only
2003-08,0.01510005877899334,0.013909883890039646,0.5950874444768471,gbrt:dm_only
2003-09,-0.008060681954314294,-0.00940736586436455,0.6733419550251265,gbrt:dm_only
2003-10,0.008208113883833516,0.006691361343344424,0.7583762702445462,gbrt:dm_only
2003-11,0.0007657314468108069,-0.0005600921747179639,0.6629118107643852,gbrt:dm_only
2003-12,0.002936096867454946,0.0015484652691257256,0.6938157991646101,gbrt:dm_only
2004-01,0.01214598381092032,0.010751329622938937,0.6973270939906918,gbrt:dm_only
2004-02,0.012340282808874156,0.010935032266139332,0.7026252713674117,gbrt:dm_only
2004-03,0.012413677731155143,0.01129930645574189,0.5571856377066258,gbrt:dm_only
2004-04,0.018937179313870182,0.01791200497386317,0.5125871700035075,gbrt:dm_only
2004-05,-0.004593433300373874,-0.005811592460404109,0.6090795800151171,gbrt:dm_only
2004-06,-0.0063033419899085185,-0.0075964784482892185,0.6465682291903502,gbrt:dm_only
2004-07,0.01055803818285354,0.009326672040433753,0.6156830712098931,gbrt:dm_only
2004-08,0.00700916125255468,0.005819036690959439,0.5950622807976209,gbrt:dm_only
2004-09,0.015735196019526887,0.014734415735637132,0.5003901419448771,gbrt:dm_only
2004-10,0.0062717484671558485,0.005140064078112473,0.5658421945216876,gbrt:dm_only
2004-11,0.01009844776203878,0.009009026195822237,0.5447107831082717,gbrt:dm_only
2004-12,0.007246004146737007,0.006096808418271656,0.5745978642326763,gbrt:dm_only
2005-01,0.002841867991368008,0.0016427642435942007,0.5995518738869038,gbrt:dm_only
2005-02,0.003834260893048488,0.0025086531634956784,0.6628038647764046,gbrt:dm_only
2005-03,0.009389893579308615,0.008257522547376056,0.5661855159662804,gbrt:dm_only
2005-04,0.014558016431661958,0.01352215062177544,0.5179329049432599,gbrt:dm_only
2005-05,-0.004251396840283509,-0.005225120685097843,0.4868619224071673,gbrt:dm_only
2005-06,0.002048605169601879,0.0008247192031522953,0.6119429832247918,gbrt:dm_only
2005-07,0.004766157218872483,0.003675043140591053,0.5455570391407149,gbrt:dm_only
2005-08,0.0031429181920330507,0.0020626717669396727,0.540123212546689,gbrt:dm_only
2005-09,0.0028289509176111084,0.0015341210553034244,0.6474149311538417,gbrt:dm_only
2005-10,0.009692257752047023,0.008466345609508902,0.6129560712690608,gbrt:dm_only
2005-11,0.004795285211187499,0.003779816607464512,0.5077343018614933,gbrt:dm_only
2005-12,0.0029127980991551367,0.0017698504749714772,0.5714738120918298,gbrt:dm_only
2006-01,-0.007587985671170511,-0.008692203164451306,0.5521087466403976,gbrt:dm_only
2006-02,0.0038478956601180436,0.002342402818697374,0.7527464207103349,gbrt:dm_only
2006-03,0.01585149070012285,0.014569022225273308,0.6412342374247698,gbrt:dm_only
2006-04,-0.00041430237127852574,-0.0016817327916264942,0.6337152101739844,gbrt:dm_only
2006-05,-0.0010088706415637219,-0.002513113448052995,0.7521214032446364,gbrt:dm_only
2006-06,0.011974878262230856,0.010636754190067125,0.669062036081865,gbrt:dm_only
2006-07,0.001319541215656538,0.00012875383943891576,0.5953936881088111,gbrt:dm_only
2006-08,-0.0027419146437868457,-0.0039976213821404,0.627853369176777,gbrt:dm_only
2006-09,0.0030023062952374245,0.0017362852991700086,0.6330104980337077,gbrt:dm_only
2006-10,0.00023760441923964076,-0.0008161494540961832,0.526876936667912,gbrt:dm_only
2006-11,0.01372842098175883,0.012593081279396588,0.56766985118112,gbrt:dm_only
2006-12,0.006134004357564925,0.005097760830426314,0.5181217635693055,gbrt:dm_only
2007-01,0.008823341347888843,0.007742147055884103,0.5405971460023692,gbrt:dm_only
2007-02,0.004208306740529221,0.00297525507033558,0.61652583509682,gbrt:dm_only
2007-03,0.00043658226119994885,-0.0007897096778969647,0.6131459695484567,gbrt:dm_only
2007-04,0.015651652552439502,0.014358361804624091,0.6466453739077052,gbrt:dm_only
2007-05,0.006110316334643151,0.004983522631034594,0.5633968518042777,gbrt:dm_only
2007-06,0.003107667082598719,0.0018440811525974802,0.6317929650006194,gbrt:dm_only
2007-07,0.004554413013087268,0.003245207347522276,0.6546028327824959,gbrt:dm_only
2007-08,-0.0005899649065378548,-0.0018176557183891009,0.6138454059256231,gbrt:dm_only
2007-09,0.00234834820950434,0.0011693378119202384,0.5895051987920509,gbrt:dm_only
2007-10,-0.0029964241155186954,-0.004169621600491575,0.5865987424864396,gbrt:dm_only
2007-11,0.005600506763142266,0.004398879580936143,0.6008135911030619,gbrt:dm_only
2007-12,0.013477897356724963,0.012318154145651527,0.5798716055367187,gbrt:dm_only
2008-01,0.005929202703107027,0.004854503502442135,0.5373496003324459,gbrt:dm_only
2008-02,-0.002217650001220307,-0.003432463596003112,0.6074067973914025,gbrt:dm_only
2008-03,0.006584002333017139,0.005440070507211194,0.5719659129029727,gbrt:dm_only
2008-04,-0.0008783630758340153,-0.002004957160454082,0.5632970423100331,gbrt:dm_only
2008-05,0.001808080268445524,0.00047860853602890035,0.6647358662083118,gbrt:dm_only
2008-06,0.009253458305569093,0.008036329446917172,0.6085644293259603,gbrt:dm_only
2008-07,0.00035705421208754966,-0.0007067989256322297,0.5319265688598899,gbrt:dm_only
2008-08,0.009259216311898907,0.008048099007726024,0.6055586520864401,gbrt:dm_only
2008-09,0.012970187339063117,0.012089364966562183,0.44041118625046777,gbrt:dm_only
2008-10,0.025166000072976688,0.024263503211778045,0.45124843059932096,gbrt:dm_only
2008-11,0.006523790509266822,0.005600095125151996,0.4618476920574132,gbrt:dm_only
2008-12,0.003964326359982057,0.00305929060659107,0.4525178766954934,gbrt:dm_only
2009-01,0.005151960735422095,0.00414577701072815,0.5030918623469729,gbrt:dm_only
2009-02,0.007932159527211812,0.006930299372812899,0.5009300771994561,gbrt:dm_only
2009-03,-0.007060087589405319,-0.008010010042965613,0.47496122678014685,gbrt:dm_only
2009-04,-0.014322415838347117,-0.015478203433807203,0.5778937977300443,gbrt:dm_only
2009-05,0.011439767609747688,0.009819149194540426,0.8103092076036312,gbrt:dm_only
2009-06,-0.00164233139723857,-0.0030733167655079136,0.7154926841346718,gbrt:dm_only
2009-07,0.002080349617159158,0.0005857360206013826,0.7473067982788877,gbrt:dm_only
2009-08,0.004192843107763706,0.0028011347539877575,0.6958541768879742,gbrt:dm_only
2009-09,0.006073260884875592,0.004830921652986269,0.6211696159446611,gbrt:dm_only
2009-10,0.004057308128299386,0.0027562109964156065,0.6505485659418894,gbrt:dm_only
2009-11,0.0030673995209132775,0.0017531696748811082,0.6571149230160848,gbrt:dm_only
2009-12,0.002736355766827779,0.0014913423571742612,0.6225067048267587,gbrt:dm_only
2010-01,0.0032625996834636187,0.0020680183321400755,0.5972906756617715,gbrt:dm_only
2010-02,0.002615082700180253,0.0013859299565735705,0.6145763718033411,gbrt:dm_only
2010-03,0.006326595797610687,0.005147594019448142,0.589500889081272,gbrt:dm_only
2010-04,0.008993679876078485,0.007842470086102378,0.5756048949880537,gbrt:dm_only
2010-05,0.00461549253543364,0.003503046663147816,0.5562229361429121,gbrt:dm_only
2010-06,0.007571046132361824,0.00659718971512992,0.48692820861595204,gbrt:dm_only
2010-07,0.0026178843541809316,0.0018368455830320284,0.39051938557445154,gbrt:dm_only
2010-08,0.006867361236781824,0.006007353631405616,0.4300038026881033,gbrt:dm_only
2010-09,0.0028379588713348916,0.0019397928497141331,0.4490830108103792,gbrt:dm_only
2010-10,0.004748332779114649,0.0038342287987098117,0.4570519902024184,gbrt:dm_only
2010-11,0.005294624379581369,0.004464885906845514,0.4148692363679274,gbrt:dm_only
2010-12,0.004212966659357075,0.0033968161061229863,0.4080752766170443,gbrt:dm_only
2011-01,0.008478744506828069,0.007648923601507076,0.414910452660496,gbrt:dm_only
2011-02,0.0044955063005466195,0.003624073083120734,0.43571660871294277,gbrt:dm_only
2011-03,0.00333696222692502,0.002571051382039173,0.3829554224429235,gbrt:dm_only
2011-04,0.0072886719327334044,0.006532890520279079,0.3778907062271626,gbrt:dm_only
2011-05,0.00827433703305532,0.007520843128000475,0.3767469525274226,gbrt:dm_only
2011-06,0.004809636122493667,0.004054585223747839,0.37752544937291366,gbrt:dm_only
2011-07,0.005063330865781295,0.004352433008574511,0.35544892860339244,gbrt:dm_only
2011-08,0.00758035936783572,0.00679861051245894,0.39087442768839054,gbrt:dm_only
2011-09,0.005037817949116187,0.004297777153031044,0.3700203980425721,gbrt:dm_only
2011-10,-0.0032409555664101317,-0.004216978979175638,0.4880117063827527,gbrt:dm_only
2011-11,0.006967633194049318,0.006019383720095236,0.4741247369770414,gbrt:dm_only
2011-12,0.005683452974476068,0.004816048745382035,0.4337021145470162,gbrt:dm_only
2012-01,-0.007299614349696108,-0.008284287528002176,0.49233658915303397,gbrt:dm_only
2012-02,-0.002517366340039003,-0.003588713224335537,0.5356734421482668,gbrt:dm_only
2012-03,0.0034274135668034035,0.0023344576150265677,0.546477975888418,gbrt:dm_only
2012-04,0.006898609681092908,0.005801119363934773,0.548745158579067,gbrt:dm_only
2012-05,0.006864487819249527,0.005903072343877896,0.4807077376858151,gbrt:dm_only
2012-06,0.004066653032811528,0.0031488786472242437,0.458887192793642,gbrt:dm_only
2012-07,0.0057397082442851455,0.004964102072376972,0.3878030859540867,gbrt:dm_only
2012-08,0.009040317268823603,0.008187466804747506,0.4264252320380483,gbrt:dm_only
2012-09,0.003435248290261827,0.002555354895014481,0.43994669762367267,gbrt:dm_only
2012-10,0.002549327973448079,0.0016446911956639546,0.45231838889206216,gbrt:dm_only
2012-11,0.00401519965350448,0.0031413512477293276,0.4369242028875764,gbrt:dm_only
2012-12,-0.0005637514623249067,-0.001462047486166918,0.4491480119210056,gbrt:dm_only
2013-01,0.005721341433076663,0.004854157691183539,0.43359187094656193,gbrt:dm_only
2013-02,0.006518751702824238,0.005644382082288647,0.4371848102677951,gbrt:dm_only
2013-03,0.008320508869236708,0.007479868342385976,0.4203202634253658,gbrt:dm_only
2013-04,0.008761335275239313,0.008068633857731319,0.3463507087539963,gbrt:dm_only
2013-05,0.009576864435388091,0.008848014036869353,0.3644251992593685,gbrt:dm_only
2013-06,0.0037940884422827392,0.002965181813012024,0.4144533146353573,gbrt:dm_only
2013-07,0.0015668865909638401,0.0007163487658462575,0.42526891255879123,gbrt:dm_only
2013-08,0.0037032474891907476,0.0028084052539398222,0.4474211176254626,gbrt:dm_only
2013-09,0.0005700930501520009,-0.0003200022956149967,0.44504767288349883,gbrt:dm_only
2013-10,0.0027897525540523794,0.0018648507012123733,0.4624509264200031,gbrt:dm_only
2013-11,0.0032930954482522537,0.0023889726901889234,0.45206137903166543,gbrt:dm_only
2013-12,0.006070208069144169,0.0052178421376841005,0.4261829657300342,gbrt:dm_only
2014-01,0.0031272141549886713,0.0024069712323503906,0.36012146131914036,gbrt:dm_only
2014-02,0.0015565148936124587,0.0007022544029091237,0.4271302453516674,gbrt:dm_only
2014-03,0.0004750398841955767,-0.0002990392678176643,0.38703957600662053,gbrt:dm_only
2014-04,0.0054133188484651535,0.004599108047390891,0.40710540053713123,gbrt:dm_only
2014-05,0.00608635638579905,0.005269298025776019,0.4085291800115158,gbrt:dm_only
2014-06,0.004200228910848444,0.0033565653716323986,0.4218317696080227,gbrt:dm_only
2014-07,-0.0011858874222046927,-0.002038436707550328,0.4262746426728176,gbrt:dm_only
2014-08,0.002760914301453192,0.0018345826017619924,0.4631658498455998,gbrt:dm_only
2014-09,0.0070576901354762805,0.006233699984158478,0.41199507565890153,gbrt:dm_only
2014-10,0.005785082163629371,0.005024688984407711,0.38019658961083014,gbrt:dm_only
2014-11,0.007799996977016133,0.007041763172676276,0.37911690216992855,gbrt:dm_only
2014-12,0.0079186537446754,0.007176333376288375,0.3711601841935133,gbrt:dm_only
2015-01,0.003001730844670261,0.002118325924399983,0.441702460135139,gbrt:dm_only
2015-02,0.0014002179620951631,0.0005233202587221077,0.4384488516865277,gbrt:dm_only
2015-03,0.005960802696530678,0.005149789149638019,0.40550677344632946,gbrt:dm_only
2015-04,-0.005176673065753862,-0.006029015105586194,0.42617101991616574,gbrt:dm_only
2015-05,0.0029330736791734796,0.0018854639246767954,0.5238048772483421,gbrt:dm_only
2015-06,0.0015839077664814986,0.0005964410778169154,0.49373334433229155,gbrt:dm_only
2015-07,0.005786023025337476,0.0049688136955951,0.40860466487118846,gbrt:dm_only
2015-08,0.007971586618291702,0.007175691490301551,0.3979475639950759,gbrt:dm_only
2015-09,0.002567695982920906,0.001779812641629316,0.3939416706457951,gbrt:dm_only
2015-10,0.0004158683710083014,-0.0003666597277259224,0.3912640493671119,gbrt:dm_only
2015-11,0.010726508955000562,0.009865669433864714,0.43041976056792397,gbrt:dm_only
2015-12,0.002184867381332121,0.001377074491500562,0.4038964449157793,gbrt:dm_only
2016-01,0.001068877438433886,0.00019218567932283197,0.43834587955552695,gbrt:dm_only
2016-02,-0.002527035969221765,-0.0034098875918673003,0.4414258113227678,gbrt:dm_only
2016-03,0.0010690030932764187,-1.3734690078480917e-06,0.5351882811421333,gbrt:dm_only
2016-04,0.009557823701885786,0.008430414717119774,0.5637044923830062,gbrt:dm_only
2016-05,0.0020656286658691453,0.00112431850623581,0.47065507981666765,gbrt:dm_only
2016-06,0.0007994573915365155,-0.00020507519801817552,0.5022662947773455,gbrt:dm_only
2016-07,0.0023846886514136893,0.0014788064056137625,0.45294112289996347,gbrt:dm_only
2016-08,0.005905997417504917,0.004948024239581247,0.4789865889618349,gbrt:dm_only
2016-09,0.0031141258108751,0.0022146294301117293,0.4497481903816852,gbrt:dm_only
2016-10,0.006238815545619462,0.005444014462523425,0.39740054154801885,gbrt:dm_only
2016-11,0.00458467995057116,0.0037846305159839762,0.4000247172935921,gbrt:dm_only
2016-12,0.0006138252656028648,-0.0002832434302074678,0.4485343479051662,gbrt:dm_only
2017-01,0.00984551398441851,0.008929993507162365,0.4577602386280722,gbrt:dm_only
2017-02,0.003421251488199705,0.0024492716293159876,0.4859899294418586,gbrt:dm_only
2017-03,0.0043516196966948625,0.0034181436753834248,0.4667380106557187,gbrt:dm_only
2017-04,0.002474113386489767,0.0016397804493486628,0.4171664685705518,gbrt:dm_only
2017-05,0.0066123615655177565,0.005742661236663114,0.4348501644273211,gbrt:dm_only
2017-06,0.0026483492792779067,0.0018784804059794526,0.3849344366492269,gbrt:dm_only
2017-07,0.006366457067038407,0.005645592405368389,0.3604323308350091,gbrt:dm_only
2017-08,0.005842729337705018,0.005008894939819599,0.41691719894270984,gbrt:dm_only
2017-09,0.0042157898563781925,0.003457606714627675,0.37909157087525847,gbrt:dm_only
2017-10,0.005545830339821735,0.0047702865614259226,0.3877718891979059,gbrt:dm_only
2017-11,0.001002600785716509,0.00023154788003951768,0.38552645283849546,gbrt:dm_only
2017-12,-0.001425190271929123,-0.0022467402128302496,0.41077497045056305,gbrt:dm_only
2018-01,0.0022484741943230462,0.0013258648198618285,0.46130468723060886,gbrt:dm_only
2018-02,0.005617026946817712,0.004686980054860813,0.46502344597844913,gbrt:dm_only
2018-03,0.002030544322448477,0.0011360068421165076,0.4472687401659844,gbrt:dm_only
2018-04,0.005337574837480848,0.004448168731383888,0.4447030530484799,gbrt:dm_only
2018-05,0.004442990424327998,0.0035715902355870836,0.4357000943704573,gbrt:dm_only
2018-06,0.0017951829594972373,0.0009493892355179903,0.4228968619896234,gbrt:dm_only
2018-07,0.0018558729779567392,0.001058737219399855,0.39856787927844217,gbrt:dm_only
2018-08,0.0034724762336027976,0.002616086807257452,0.42819471317267294,gbrt:dm_only
2018-09,0.0033373556181168847,0.0025522436701014162,0.3925559740077341,gbrt:dm_only
2018-10,0.004408969964355166,0.0035974730288378734,0.4057484677586462,gbrt:dm_only
2018-11,-0.0010531715335114617,-0.0019138263074347567,0.4303273869616476,gbrt:dm_only
2018-12,0.0041008431784012095,0.0031077700986017285,0.49653653989974006,gbrt:dm_only
2019-01,0.00040722433933665305,-0.0004307786938234338,0.41900151658004353,gbrt:dm_only
2019-02,0.0012705756823918964,0.00028794959447232924,0.4913130439597834,gbrt:dm_only
2019-03,0.0030717930145317315,0.0022129492227105454,0.429421895910593,gbrt:dm_only
2019-04,0.0018491268656724345,0.0009758464803501791,0.4366401926611278,gbrt:dm_only
2019-05,0.006902673756084568,0.0061031779211201675,0.3997479174822006,gbrt:dm_only
2019-06,0.0028998462644262567,0.002110126196846406,0.39486003378992557,gbrt:dm_only
2019-07,0.006025894577494802,0.005173901459298573,0.4259965590981141,gbrt:dm_only
2019-08,0.0025345863339920264,0.00169611499322068,0.41923567038567316,gbrt:dm_only
2019-09,0.0031556025301500705,0.002339789670348164,0.40790642990095377,gbrt:dm_only
2019-10,0.0032964377389260112,0.002479604249816321,0.408416744554845,gbrt:dm_only
2019-11,0.005198551678697732,0.004301792201764637,0.44837973846654716,gbrt:dm_only
2019-12,0.002314022990436381,0.0014686973150526957,0.4226628376918427,gbrt:dm_only
2020-01,0.005879902909038882,0.004995782741645387,0.44206008369674693,gbrt:dm_only
2020-02,0.007287502863082146,0.006429520251837928,0.4289913056221089,gbrt:dm_only
2020-03,0.005505700709401359,0.0047978597198245895,0.35392049478838483,gbrt:dm_only
2020-04,-0.017422148581724983,-0.018423085164075266,0.5004682911751421,gbrt:dm_only
2020-05,0.004247588024857609,0.0026833089367110327,0.7821395440732881,gbrt:dm_only
2020-06,0.010793704324721824,0.009770078824583913,0.5118127500689553,gbrt:dm_only
2020-07,0.010645975794591984,0.009444436396124238,0.6007696992338736,gbrt:dm_only
2020-08,0.01047090737522236,0.009291293635703999,0.5898068697591801,gbrt:dm_only
2020-09,0.013340653205295407,0.012239965089876464,0.5503440577094719,gbrt:dm_only
2020-10,0.005907466149036405,0.004733472720075333,0.5869967144805358,gbrt:dm_only
2020-11,-0.0031900635691206715,-0.00428898156518539,0.5494589980323595,gbrt:dm_only
2020-12,0.005221873665861513,0.003865318838152536,0.6782774138544885,gbrt:dm_only
2021-01,0.0034798659169787876,0.0021992294233752316,0.6403182468017778,gbrt:dm_only
2021-02,0.008504801836394772,0.007186352077432528,0.6592248794811225,gbrt:dm_only
2021-03,0.009392636058051324,0.008260972836596726,0.5658316107272983,gbrt:dm_only
2021-04,0.006984690115621962,0.005798604012691139,0.593043051465412,gbrt:dm_only
2021-05,0.007080135160283668,0.005804538639735904,0.6377982602738821,gbrt:dm_only
2021-06,0.006463240859280194,0.005391303576649466,0.5359686413153641,gbrt:dm_only
2021-07,0.003237141638789907,0.002218365391541339,0.5093881236242841,gbrt:dm_only
2021-08,0.002935085703549671,0.0018996837375208067,0.517700983014432,gbrt:dm_only
2021-09,0.005534362910748424,0.004441172074078874,0.5465954183347745,gbrt:dm_only
2021-10,0.0063731711098727025,0.005405121043217337,0.4840250333276826,gbrt:dm_only
2021-11,0.0038581117509590757,0.0029483606496282597,0.4548755506654078,gbrt:dm_only
2021-12,0.006240881751987129,0.005229049863558613,0.5059159442142577,gbrt:dm_only
2022-01,0.010396696301410291,0.009526655419647296,0.4350204408814969,gbrt:dm_only
2022-02,0.007565867046023911,0.006638178905344189,0.46384407033986047,gbrt:dm_only
2022-03,0.009685045875846893,0.008823853403507255,0.4305962361698192,gbrt:dm_only
2022-04,0.008939164238601067,0.008216532613469343,0.3613158125658622,gbrt:dm_only
2022-05,0.00644783785854981,0.00566400741058701,0.39191522398139983,gbrt:dm_only
2022-06,0.005134065103776637,0.004375204737011949,0.37943018338234374,gbrt:dm_only
2022-07,-0.00139379071584585,-0.0021975286209309484,0.4018689525425492,gbrt:dm_only
2022-08,-0.0008753107438494013,-0.0016775098914128454,0.401099573781722,gbrt:dm_only
2022-09,0.006388952545547864,0.005512570177264094,0.4381911841418853,gbrt:dm_only
2022-10,0.00543686433242807,0.004602179011865045,0.4173426602815127,gbrt:dm_only
2022-11,0.004978125286390688,0.004182093017754043,0.39801613431832267,gbrt:dm_only
2022-12,0.0064487979696981525,0.005597940513333986,0.42542872818208344,gbrt:dm_only
2023-01,0.0022624566725055204,0.001456686517432556,0.40288507753648234,gbrt:dm_only
2023-02,0.006963675179302887,0.006178008096553596,0.3928335413746453,gbrt:dm_only
2023-03,0.0056354538890433375,0.004912130698845438,0.3616615950989497,gbrt:dm_only
2023-04,0.0010541512201478046,0.00031186239638825836,0.37114441187977315,gbrt:dm_only
2023-05,0.0007859119272809654,6.778059053006034e-05,0.35906566837545256,gbrt:dm_only
2023-06,0.004536339912190832,0.003727436154667091,0.4044518787618705,gbrt:dm_only
2023-07,0.004431228441475737,0.0035401847533807445,0.4455218440474961,gbrt:dm_only
2023-08,0.004925554477321926,0.004126661560174163,0.3994464585738815,gbrt:dm_only
2023-09,0.007553692707445708,0.006806217730626255,0.37373748840972676,gbrt:dm_only
2023-10,0.007611911685659556,0.006907070192873399,0.3524207463930783,gbrt:dm_only
2023-11,0.0005693086313954196,-0.00017006996685334767,0.3696892991243836,gbrt:dm_only
2023-12,0.005257027199414664,0.004425445936677741,0.41579063136846117,gbrt:dm_only
2024-01,0.007732855042940117,0.006987107193344135,0.3728739247979909,gbrt:dm_only
2024-02,0.006178800348668998,0.005328904665155808,0.424947841756595,gbrt:dm_only
2024-03,0.005344757282592122,0.004582365439071503,0.3811959217603096,gbrt:dm_only
2024-04,0.005324162667930923,0.00451093524075388,0.4066137135885215,gbrt:dm_only
2024-05,0.008455990441403131,0.007731745570286438,0.36212243555834683,gbrt:dm_only
2024-06,0.004342343734017241,0.0036385762889882263,0.3518837225145074,gbrt:dm_only
2024-07,0.0023060937200533103,0.0017042157028191714,0.3009390086170694,gbrt:dm_only
2024-08,0.006694848755358692,0.00600564827402491,0.34460024066689127,gbrt:dm_only
2024-09,0.0022144334488885197,0.0015545798197500146,0.3299268145692525,gbrt:dm_only
2024-10,0.005495613677697813,0.004824147870923697,0.3357329033870577,gbrt:dm_only
2024-11,0.009113412555140164,0.008414550203729056,0.34943117570555365,gbrt:dm_only
2024-12,0.003585428644977399,0.0029515675077207153,0.3169305686283417,gbrt:dm_only
2025-01,0.0018344299679286455,0.0012091418108881081,0.3126440785202686,gbrt:dm_only
2025-02,0.0045822451798582745,0.0038918113366174854,0.3452169216203946,gbrt:dm_only
2025-03,0.0038144094258398833,0.0031518558113043426,0.33127680726777037,gbrt:dm_only
2025-04,0.0017108997756011908,0.0010038028215384831,0.3535484770313538,gbrt:dm_only
2025-05,0.003405901239097327,0.002723921422328463,0.34098990838443216,gbrt:dm_only
2025-06,-0.00013452535986928195,-0.0008338940531923564,0.3496843466615372,gbrt:dm_only
2025-07,0.002612947338640572,0.00184010546796794,0.3864209353363161,gbrt:dm_only
2025-08,0.00682212220490862,0.006065592010264834,0.37826509732189345,gbrt:dm_only
2025-09,0.007762949958676846,0.006927060898319199,0.41794453017882377,gbrt:dm_only
2025-10,0.003505731127377823,0.0027167841729553023,0.39447347721126014,gbrt:dm_only
2025-11,0.002607075650502278,0.0017841911315839168,0.41144225945918067,gbrt:dm_only
2025-12,0.004656353839257733,0.0038457831628883987,0.4052853381846669,gbrt:dm_only
2000-01,-0.00046556033969212865,-0.00046556033969212865,0.0,gbrt:own
2000-02,0.005424209944079386,0.003517121186647383,0.9535443787160012,gbrt:own
2000-03,0.007458981402089699,0.005868385758413688,0.7952978218380055,gbrt:own
2000-04,0.00502580906008887,0.0033528235005421342,0.8364927797733681,gbrt:own
2000-05,0.0024243118107823134,0.0007080681179251779,0.8581218464285675,gbrt:own
2000-06,0.0002748995651234334,-0.0012370408709161647,0.7559702180197991,gbrt:own
2000-07,0.004731202682452111,0.003311008548914091,0.7100970667690101,gbrt:own
2000-08,0.001484611322689215,0.00025306879767938095,0.6157712625049171,gbrt:own
2000-09,0.00545045409453149,0.004127038394974872,0.6617078497783088,gbrt:own
2000-10,0.010669353270016233,0.009440103202762168,0.6146250336270326,gbrt:own
2000-11,0.008268278498651718,0.0071469086368710355,0.5606849308903412,gbrt:own
2000-12,0.0016032959742571726,0.000276371055645591,0.6634624593057906,gbrt:own
2001-01,0.0011894570604745283,-0.0004377784930469639,0.8136177767607459,gbrt:own
2001-02,0.016828255986546397,0.015298417678178335,0.7649191541840311,gbrt:own
2001-03,0.020522642417008505,0.01882299717997637,0.8498226185160677,gbrt:own
2001-04,-0.0019847439169925355,-0.003464827613765607,0.7400418483865357,gbrt:own
2001-05,0.0025801659482934457,0.0011412017416001395,0.7194821033466531,gbrt:own
2001-06,0.00410700577882599,0.002677116906538019,0.7149444361439857,gbrt:own
2001-07,0.009795382168026619,0.008248452059041378,0.7734650544926205,gbrt:own
2001-08,0.0010631179118944754,-0.00012610920675414384,0.5946135593243096,gbrt:own
2001-09,0.006106158383780252,0.004696931385140007,0.704613499320122,gbrt:own
2001-10,0.0029214018263349537,0.001571904181951205,0.6747488221918744,gbrt:own
2001-11,0.014092637005163262,0.01264789655038587,0.7223702273886968,gbrt:own
2001-12,0.0054475100360683966,0.003596170636887182,0.9256696995906073,gbrt:own
2002-01,0.003424553297700228,0.0015319143617988302,0.9463194679506989,gbrt:own
2002-02,0.002721768817125755,0.0012814042664980596,0.7201822753138477,gbrt:own
2002-03,-0.0006046920129984078,-0.0022150235852901306,0.8051657861458617,gbrt:own
2002-04,0.005674335761969211,0.004199352817793813,0.7374914720876987,gbrt:own
2002-05,0.001783467396928674,0.0004769080444329883,0.6532796762478428,gbrt:own
2002-06,-0.004285437508114808,-0.005511614402123941,0.613088447004566,gbrt:own
2002-07,0.003847348816774263,0.002548147290057754,0.6496007633582547,gbrt:own
2002-08,0.007788217702995991,0.006547541554881644,0.6203380740571738,gbrt:own
2002-09,0.006227602679996851,0.004946910115800337,0.640346282098257,gbrt:own
2002-10,0.002954605270543967,0.0015424467224976156,0.7060792740231755,gbrt:own
2002-11,0.0007202121089720762,-0.0003893340181859092,0.5547730635789928,gbrt:own
2002-12,-0.0005701945596779436,-0.0017408671445752989,0.5853362924486774,gbrt:own
2003-01,0.011182450275527323,0.009964209785565111,0.6091202449811062,gbrt:own
2003-02,0.007219251514285523,0.006043673951575425,0.5877887813550496,gbrt:own
2003-03,0.004225478340475386,0.0031640435978709464,0.5307173713022195,gbrt:own
2003-04,-0.0011722079345384065,-0.00196244044530738,0.3951162553844868,gbrt:own
2003-05,0.017272129042102697,0.0160992752272762,0.5864269074132475,gbrt:own
2003-06,0.005547570795360962,0.0043872230680713125,0.5801738636448246,gbrt:own
2003-07,0.01320404201998861,0.01214152625545747,0.5312578822655695,gbrt:own
2003-08,0.0073305241029406314,0.006062139045507521,0.6341925287165556,gbrt:own
2003-09,-0.0025183960983040186,-0.0038223138481451053,0.6519588749205436,gbrt:own
2003-10,0.0032500008209271148,0.001966258912069801,0.6418709544286573,gbrt:own
2003-11,0.005148296134131969,0.004100609131882552,0.5238435011247086,gbrt:own
2003-12,-0.0034698487016814913,-0.00447012745312662,0.5001393757225651,gbrt:own
2004-01,0.008621938371329406,0.007465782618214385,0.5780778765575103,gbrt:own
2004-02,0.006541137059846792,0.005349908977367539,0.5956140412396262,gbrt:own
2004-03,0.009628648855516798,0.008713492465110452,0.4575781952031735,gbrt:own
2004-04,0.01138459889875186,0.010544876715150382,0.4198610918007396,gbrt:own
2004-05,-0.0018081383152168246,-0.002810625946906288,0.5012438158447315,gbrt:own
2004-06,-0.006082241833016462,-0.007056257980790749,0.48700807388714407,gbrt:own
2004-07,0.006462797667444556,0.005546312130105528,0.45824276866951413,gbrt:own
2004-08,0.00967765752705557,0.008708602509127148,0.4845275089642118,gbrt:own
2004-09,0.014577272082141164,0.013701162685597432,0.438054698271866,gbrt:own
2004-10,0.0009315668161137447,2.8328992661288445e-05,0.45161891172622776,gbrt:own
2004-11,0.00966412045270613,0.008641448483061837,0.5113359848221463,gbrt:own
2004-12,0.006367335856633825,0.005262306042037795,0.5525149072980148,gbrt:own
2005-01,0.0032016606350432123,0.0020168652805502424,0.5923976772464848,gbrt:own
2005-02,0.00465112130303811,0.003554549873010149,0.5482857150139804,gbrt:own
2005-03,0.0059343761240632465,0.0048657711893968945,0.5343024673331759,gbrt:own
2005-04,0.011092516352020479,0.010109814614760427,0.491350868630026,gbrt:own
2005-05,-0.0007884387390208826,-0.001804712861018761,0.5081370609989392,gbrt:own
2005-06,0.004220597125589807,0.0030067548723478163,0.6069211266209961,gbrt:own
2005-07,0.00306373529000341,0.0020145344158087157,0.5246004370973473,gbrt:own
2005-08,0.0003703467692792857,-0.0006855658582429281,0.527956313761107,gbrt:own
2005-09,-0.0011782911683139762,-0.00244232529311692,0.6320170624014716,gbrt:own
2005-10,0.007988247595402538,0.006837329772726376,0.5754589113380817,gbrt:own
2005-11,0.0019615417791733324,0.0010327250358527387,0.4644083716602967,gbrt:own
2005-12,-2.6064082426138085e-06,-0.0009943185902448,0.4958560910010931,gbrt:own
2006-01,0.012256460301330329,0.011222738615415211,0.5168608429575586,gbrt:own
2006-02,0.010419447250965094,0.009090169863817577,0.6646386935737587,gbrt:own
2006-03,-0.0032479466343589727,-0.004334639439763835,0.5433464027024317,gbrt:own
2006-04,0.0075511851679170745,0.006419328918693369,0.5659281246118528,gbrt:own
2006-05,0.002913009803034064,0.0017502952215313046,0.5813572907513795,gbrt:own
2006-06,0.010683090492658956,0.00956947233396196,0.556809079348499,gbrt:own
2006-07,0.001808892912945261,0.0007305967118431518,0.5391481005510546,gbrt:own
2006-08,-0.0014348808831525872,-0.0025505992931951957,0.5578592050213044,gbrt:own
2006-09,0.006631126942935509,0.005575966580577797,0.5275801811788563,gbrt:own
2006-10,-0.0008474656302575115,-0.0018110440053024836,0.481789187522486,gbrt:own
2006-11,0.014627751354164472,0.013547135205725614,0.5403080742194278,gbrt:own
2006-12,0.006689572411931412,0.00574397619232002,0.472798109805696,gbrt:own
2007-01,0.008499982506722827,0.0074022424132692685,0.5488700467267789,gbrt:own
2007-02,0.006692060491385999,0.005559852123809822,0.5661041837880882,gbrt:own
2007-03,0.0013756521059046557,0.0002310661053189557,0.5722930002928498,gbrt:own
2007-04,0.01364169205816814,0.012411354510176498,0.6151687739958211,gbrt:own
2007-05,0.006832666954321302,0.005807624075289448,0.5125214395159278,gbrt:own
2007-06,0.0024733877985859943,0.0013170802849652643,0.5781537568103648,gbrt:own
2007-07,0.004273719793525656,0.00292515495784393,0.6742824178408631,gbrt:own
2007-08,0.0030287441830229196,0.001756782785701568,0.6359806986606759,gbrt:own
2007-09,0.0006967186415881762,-0.0004132212949340295,0.5549699682611029,gbrt:own
2007-10,-0.004361019395224595,-0.005436757457322562,0.5378690310489838,gbrt:own
2007-11,0.003794028208914764,0.002673654631396427,0.5601867887591685,gbrt:own
2007-12,0.00985704110832084,0.008752311550558691,0.5523647788810748,gbrt:own
2008-01,0.004840088906355442,0.0038252859924067122,0.5074014569743648,gbrt:own
2008-02,0.001995013326369671,0.0008536551411046053,0.5706790926325328,gbrt:own
2008-03,0.006518006712223495,0.005420395455595184,0.5488056283141555,gbrt:own
2008-04,0.0013570074425063386,0.00030452503574581293,0.5262412033802629,gbrt:own
2008-05,0.0014174160755893118,0.00025547551247937644,0.5809702815549675,gbrt:own
2008-06,0.008049854826405918,0.00690475098788631,0.5725519192598036,gbrt:own
2008-07,0.0016044812104163328,0.0005979610650960729,0.5032600726601301,gbrt:own
2008-08,0.007681954398570883,0.006573807894255857,0.5540732521575128,gbrt:own
2008-09,0.010223732613610743,0.009377500436950476,0.4231160883301323,gbrt:own
2008-10,0.017599774597795062,0.016717521774845864,0.4411264114745983,gbrt:own
2008-11,0.006769603879095348,0.005777584088150936,0.49600989547220614,gbrt:own
2008-12,0.006854594917048932,0.005842359973175507,0.5061174719367126,gbrt:own
2009-01,0.007828090146530027,0.0067468790312895325,0.540605557620247,gbrt:own
2009-02,0.008601022408243697,0.007644510160983734,0.4782561236299813,gbrt:own
2009-03,7.769103757704369e-05,-0.0008522282587556299,0.46495964816633656,gbrt:own
2009-04,-0.009256528296957365,-0.010351671928206095,0.5475718156243651,gbrt:own
2009-05,0.0067735116116367676,0.0052480300008045455,0.7627408054161112,gbrt:own
2009-06,-0.0013833859073617164,-0.002804233231469809,0.7104236620540464,gbrt:own
2009-07,0.0022526635838989815,0.0008005700194952101,0.7260467822018858,gbrt:own
2009-08,0.004256518036738424,0.003023117017498362,0.6167005096200306,gbrt:own
2009-09,0.005184464725004303,0.00412580809687984,0.5293283140622316,gbrt:own
2009-10,0.004281752565978545,0.0032827680671361353,0.49949224942120446,gbrt:own
2009-11,0.00463095857143626,0.0035646794006248222,0.5331395854057187,gbrt:own
2009-12,0.001710834597561337,0.0007398844477308167,0.48547507491525993,gbrt:own
2010-01,0.004556137894769756,0.0035148543109918477,0.520641791888954,gbrt:own
2010-02,0.003297833253729633,0.002319127586105817,0.4893528338119078,gbrt:own
2010-03,0.005237726616839869,0.004322092449923636,0.4578170834581167,gbrt:own
2010-04,0.010216228041557269,0.0093017625525862,0.45723274448553447,gbrt:own
2010-05,0.003857581500990827,0.0029825532247173265,0.4375141381367504,gbrt:own
2010-06,0.005838932384085927,0.004925078291060858,0.45692704651253474,gbrt:own
2010-07,0.0027761958153461486,0.0019426601707130267,0.4167678223165611,gbrt:own
2010-08,0.005135755361982689,0.004247982486355867,0.4438864378134113,gbrt:own
2010-09,0.0032907728989917716,0.002408043758453904,0.44136457026893355,gbrt:own
2010-10,0.003807656285949554,0.002901779910807653,0.45293818757095045,gbrt:own
2010-11,0.00421341729658948,0.0033840036844064226,0.41470680609152893,gbrt:own
2010-12,0.0036233267219968213,0.002820716838403188,0.4013049417968169,gbrt:own
2011-01,0.009119225343830743,0.008286310402685909,0.4164574705724178,gbrt:own
2011-02,0.0038046600918393418,0.0029697700718815724,0.4174450099788847,gbrt:own
2011-03,0.0029362378423707556,0.0022142936956541146,0.36097207335832016,gbrt:own
2011-04,0.006770539590259011,0.006064794726028484,0.35287243211526376,gbrt:own
2011-05,0.008074413883868967,0.007350960770873988,0.36172655649748914,gbrt:own
2011-06,0.004517652197627976,0.0038177044276063153,0.34997388501083004,gbrt:own
2011-07,0.0046548810742950515,0.004011056155056021,0.3219124596195152,gbrt:own
2011-08,0.006129224645492698,0.005409392546213314,0.35991604963969176,gbrt:own
2011-09,0.004825442872457579,0.004109616341098718,0.3579132656794307,gbrt:own
2011-10,-0.0034782153889027713,-0.004377025124517717,0.44940486780747285,gbrt:own
2011-11,0.005702510146727898,0.004783899123217521,0.45930551175518874,gbrt:own
2011-12,0.005515632774610202,0.00467888196271766,0.4183754059462711,gbrt:own
2012-01,-0.0057751603985821435,-0.006600683693584757,0.4127616475013066,gbrt:own
2012-02,-0.001078152707558175,-0.002032849841592602,0.4773485670172132,gbrt:own
2012-03,0.00230481227597388,0.0012867015046615507,0.5090553856561646,gbrt:own
2012-04,0.006214322585079526,0.005179195406533111,0.5175635892732076,gbrt:own
2012-05,0.006368233286638044,0.00547957663412394,0.4443283262570519,gbrt:own
2012-06,0.0025044779596106515,0.0017296734855927493,0.3874022370089512,gbrt:own
2012-07,0.00548973148492357,0.00482669779897794,0.3315168429728155,gbrt:own
2012-08,0.009038217579788562,0.008331845920237982,0.3531858297752895,gbrt:own
2012-09,0.0030784899938590704,0.0023643671365927233,0.3570614286331735,gbrt:own
2012-10,0.00225286618163743,0.0015031565778525983,0.37485480189241605,gbrt:own
2012-11,0.0037670961230003414,0.0029882667969005454,0.3894146630498977,gbrt:own
2012-12,0.0004022511412233536,-0.0003663527091603156,0.3843019251918345,gbrt:own
2013-01,0.004622151775601147,0.003846348536498673,0.38790161955123686,gbrt:own
2013-02,0.006642409810443124,0.005858245724899211,0.39208204277195646,gbrt:own
2013-03,0.008439220459038327,0.007696733525026932,0.37124346700569744,gbrt:own
2013-04,0.0073753750282797795,0.006748950921053651,0.31321205361306464,gbrt:own
2013-05,0.009097671214732369,0.008389569497946045,0.35405085839316275,gbrt:own
2013-06,0.004222424604859935,0.003417481645316188,0.40247147977187375,gbrt:own
2013-07,0.003180155085194487,0.00233876672439489,0.4206941803997984,gbrt:own
2013-08,0.004772813602818427,0.003939454536975118,0.41667953292165455,gbrt:own
2013-09,0.0003888848947679099,-0.00047819785988006345,0.4335413773239866,gbrt:own
2013-10,0.0018625637862989173,0.0009956421775243298,0.4334608043872937,gbrt:own
2013-11,0.003158527271503374,0.0023408323025617354,0.40884748447081914,gbrt:own
2013-12,0.005970692782929742,0.005174454380283901,0.3981192013229206,gbrt:own
2014-01,0.003240556600990764,0.002573159359689192,0.33369862065078615,gbrt:own
2014-02,0.0016181340762606244,0.0008119110597907761,0.40311150823492403,gbrt:own
2014-03,0.0012456402178641648,0.0004948329195130564,0.3754036491755542,gbrt:own
2014-04,0.005879966656069135,0.005114743011251594,0.3826118224087706,gbrt:own
2014-05,0.0055479490827982855,0.00483121293298477,0.3583680749067581,gbrt:own
2014-06,0.004549868024538846,0.003809625154756408,0.370121434891219,gbrt:own
2014-07,0.0013028817201133159,0.0005397352111627087,0.3815732544753036,gbrt:own
2014-08,0.0027658712792127424,0.001969266573831473,0.3983023526906347,gbrt:own
2014-09,0.00613618715249348,0.005381828136419914,0.3771795080367829,gbrt:own
2014-10,0.005346805100676231,0.004637890502748567,0.3544572989638321,gbrt:own
2014-11,0.007170566325925811,0.00650172850590636,0.33441891000972557,gbrt:own
2014-12,0.008396672989266706,0.0077251769262265185,0.33574803152009347,gbrt:own
2015-01,0.0032577802129032303,0.002497659515240252,0.3800603488314889,gbrt:own
2015-02,0.0010240663455858303,0.000236348032806711,0.3938591563895596,gbrt:own
2015-03,0.006744502393323141,0.006006264966841601,0.36911871324077017,gbrt:own
2015-04,-0.004731882635093394,-0.005453300291731172,0.3607088283188886,gbrt:own
2015-05,0.002422291086795643,0.00148407222029892,0.4691094332483615,gbrt:own
2015-06,0.0022911792515888808,0.0013957309728217238,0.4477241393835784,gbrt:own
2015-07,0.00620903122116428,0.005479858440551671,0.3645863903063044,gbrt:own
2015-08,0.007644940991095705,0.006933008622743895,0.35596618417590536,gbrt:own
2015-09,0.0026775236216220557,0.001976518961500009,0.3505023300610234,gbrt:own
2015-10,0.0009180958812184016,0.00018467372450933715,0.3667110783545321,gbrt:own
2015-11,0.010545961823604807,0.00975736522451717,0.39429829954381884,gbrt:own
2015-12,0.0027494723384048317,0.002009265508877229,0.37010341476380143,gbrt:own
2016-01,0.0015189969681511392,0.0007825572088516178,0.3682198796497607,gbrt:own
2016-02,-0.0019150055474854975,-0.0026281109866974775,0.35655271960599,gbrt:own
2016-03,0.001189584951762632,0.0003028243101934197,0.44338032078460643,gbrt:own
2016-04,0.009689791164581688,0.008686220319671756,0.5017854224549663,gbrt:own
2016-05,0.002469354355048541,0.0016382386014753632,0.4155578767865889,gbrt:own
2016-06,0.0012157112096279478,0.0004152890922411428,0.40021105869340257,gbrt:own
2016-07,0.0035958321049720117,0.0028921666427995313,0.3518327310862401,gbrt:own
2016-08,0.005770127144314571,0.005024827568207992,0.37264978805328924,gbrt:own
2016-09,0.003444447896813961,0.0027055332626406445,0.36945731708665835,gbrt:own
2016-10,0.006386228221942975,0.005756812449997323,0.314707885972826,gbrt:own
2016-11,0.004924012276172811,0.004280942319293008,0.32153497843990136,gbrt:own
2016-12,0.0009315732135487007,0.000205276267294968,0.3631484731268663,gbrt:own
2017-01,0.00987538802586817,0.009140201310994958,0.3675933574366059,gbrt:own
2017-02,0.0030420238136660976,0.0022219599540773244,0.41003192979438663,gbrt:own
2017-03,0.004908567332320567,0.004111455835394809,0.39855574846287906,gbrt:own
2017-04,0.003101254882133175,0.002421523292749093,0.3398657946920411,gbrt:own
2017-05,0.006879883608747554,0.006183930438012852,0.3479765853673514,gbrt:own
2017-06,0.0023906103793448425,0.001796972761568023,0.2968188088884096,gbrt:own
2017-07,0.0066907136526162606,0.006082605643558751,0.30405400452875453,gbrt:own
2017-08,0.00602449679452151,0.005333743812449339,0.34537649103608553,gbrt:own
2017-09,0.004450362564592656,0.003815470612581001,0.3174459760058276,gbrt:own
2017-10,0.005336605818310616,0.004685609615975781,0.32549810116741745,gbrt:own
2017-11,0.001719580819183361,0.0010724310897059833,0.32357486473868874,gbrt:own
2017-12,-0.0015692165402498778,-0.0022572953011759855,0.344039380463054,gbrt:own
2018-01,0.0024518050044109725,0.0016659004532480124,0.39295227558148005,gbrt:own
2018-02,0.00588674720414423,0.005092287832622827,0.39722968576070145,gbrt:own
2018-03,0.00291178806126352,0.002165633306100687,0.3730773775814163,gbrt:own
2018-04,0.0045480021038941726,0.0038126091163916877,0.3676964937512427,gbrt:own
2018-05,0.0049697515710071475,0.004196191905123257,0.3867798329419454,gbrt:own
2018-06,0.0017831508916026971,0.0009963576518684345,0.39339661986713126,gbrt:own
2018-07,0.002014219373657736,0.0013112064740138554,0.3515064498219403,gbrt:own
2018-08,0.003751491182118198,0.00299641848897314,0.377536346572529,gbrt:own
2018-09,0.0032962341395136444,0.002627317544114944,0.33445829769935026,gbrt:own
2018-10,0.0046044115581491745,0.003919666511048027,0.3423725235505742,gbrt:own
2018-11,-0.0009157858231256372,-0.0016723009059754963,0.37825754142492946,gbrt:own
2018-12,0.004042904910131533,0.003208529834971126,0.41718753758020327,gbrt:own
2019-01,0.001256043082160742,0.0005438109406508932,0.3561160707549245,gbrt:own
2019-02,0.0016120847451508763,0.0008275817104116633,0.39225151736960656,gbrt:own
2019-03,0.003430083896218933,0.0027263663384042443,0.3518587789073444,gbrt:own
2019-04,0.0016780050782176025,0.0009821866512313825,0.3479092134931101,gbrt:own
2019-05,0.006439901321528229,0.005812733563774284,0.3135838788769718,gbrt:own
2019-06,0.0031490314020870434,0.0025110015825955713,0.319014909745736,gbrt:own
2019-07,0.006273374665715755,0.005596028530038033,0.3386730678388608,gbrt:own
2019-08,0.0025535344448964093,0.0018978546385092574,0.32783990319357587,gbrt:own
2019-09,0.0033168766076560325,0.002686843232232312,0.3150166877118601,gbrt:own
2019-10,0.003227148626474154,0.0025970761666309033,0.3150362299216252,gbrt:own
2019-11,0.004966268165740637,0.004259723663680771,0.35327225102993326,gbrt:own
2019-12,0.0026161389077240453,0.0019368890745956858,0.33962491656417987,gbrt:own
2020-01,0.006206825854767817,0.005492797693630854,0.3570140805684821,gbrt:own
2020-02,0.006437323063907498,0.005739893649741587,0.3487147070829555,gbrt:own
2020-03,0.00540082032176369,0.004796407278253742,0.3022065217549741,gbrt:own
2020-04,-0.01381487511010816,-0.014624316884033622,0.4047208869627315,gbrt:own
2020-05,0.0025065738662905877,0.0011506708714197741,0.6779514974354067,gbrt:own
2020-06,0.006800165280298887,0.005816074023207881,0.4920456285455035,gbrt:own
2020-07,0.0041533339015426335,0.00323408961229175,0.4596221446254416,gbrt:own
2020-08,0.004334944506753451,0.0033756845398705024,0.47962998344147434,gbrt:own
2020-09,0.009442941469796705,0.00856352596055826,0.4397077546192223,gbrt:own
2020-10,0.0069432590730841015,0.006182026222917666,0.38061642508321825,gbrt:own
2020-11,-0.0060010106995207445,-0.006815398730624255,0.4071940155517557,gbrt:own
2020-12,0.0060756339780112965,0.004999178162463634,0.5382279077738309,gbrt:own
2021-01,0.003883708110835815,0.002894138539033847,0.4947847859009839,gbrt:own
2021-02,0.006316591868403023,0.005405799350365559,0.4553962590187321,gbrt:own
2021-03,0.009669260208720318,0.00879075292928629,0.439253639717014,gbrt:own
2021-04,0.00747108550166824,0.006539227665472622,0.4659289180978093,gbrt:own
2021-05,0.00665315341334776,0.005649488872175491,0.5018322705861348,gbrt:own
2021-06,0.004792400246632058,0.0039473610122065985,0.42251961721272996,gbrt:own
2021-07,0.0020687454892851123,0.0012605097035958024,0.4041178928446549,gbrt:own
2021-08,0.003965784863250846,0.0031433463780155017,0.4112192426176723,gbrt:own
2021-09,0.005592408002262441,0.004724942488747556,0.4337327567574428,gbrt:own
2021-10,0.005852069677552161,0.005049988167434052,0.4010407550590547,gbrt:own
2021-11,0.003978726923555356,0.003227261363955279,0.37573277980003844,gbrt:own
2021-12,0.006447654798560637,0.005537191383010182,0.45523170777522726,gbrt:own
2022-01,0.010847540696913934,0.010127107725123905,0.36021648589501354,gbrt:own
2022-02,0.00761835536492064,0.006863980069033295,0.3771876479436724,gbrt:own
2022-03,0.008432221552211404,0.007763447639908558,0.334386956151422,gbrt:own
2022-04,0.00888430602745778,0.00829152921126459,0.29638840809659484,gbrt:own
2022-05,0.006067653711747247,0.005457278844818788,0.3051874334642294,gbrt:own
2022-06,0.005378006312702738,0.004749883891529642,0.31406121058654796,gbrt:own
2022-07,0.0005034857971325245,-0.0001934419957104796,0.34846389642150205,gbrt:own
2022-08,0.0009912407356075757,0.0003131060533916751,0.3390673411079504,gbrt:own
2022-09,0.006631545911807091,0.0058964673245011255,0.36753929365298244,gbrt:own
2022-10,0.00459284515950218,0.003941776137075146,0.3255345112135169,gbrt:own
2022-11,0.005191744644352029,0.004560508275872426,0.31561818423980115,gbrt:own
2022-12,0.0070112037926086754,0.006333239925439188,0.33898193358474427,gbrt:own
2023-01,0.0019964112606618424,0.0012917053304534651,0.35235296510418873,gbrt:own
2023-02,0.007003691062577009,0.006285183535284599,0.3592537636462048,gbrt:own
2023-03,0.005832743988049144,0.005174668103743286,0.3290379421529285,gbrt:own
2023-04,0.0009214680239653851,0.0002880985190748608,0.31668475244526206,gbrt:own
2023-05,0.0017165915355000195,0.001068681625744643,0.32395495487768816,gbrt:own
2023-06,0.004842086649127471,0.004088124793296941,0.3769809279152645,gbrt:own
2023-07,0.0036905878635639503,0.002876610113382019,0.40698887509096604,gbrt:own
2023-08,0.005417917769701238,0.004688699369984637,0.36460919985830026,gbrt:own
2023-09,0.007003453790584927,0.0063245290171934235,0.3394623866957518,gbrt:own
2023-10,0.007245953684994927,0.006658659944666832,0.29364687016404734,gbrt:own
2023-11,0.00099661311557462,0.0003753032084622444,0.31065495355618783,gbrt:own
2023-12,0.005001191144006329,0.004264836992171791,0.3681770759172689,gbrt:own
2024-01,0.00796731939509502,0.007267838461178355,0.3497404669583324,gbrt:own
2024-02,0.005990136837701568,0.0052532175472991055,0.3684596452012313,gbrt:own
2024-03,0.005814423563658234,0.005154115817531182,0.3301538730635252,gbrt:own
2024-04,0.005144752054214588,0.004441400470168198,0.35167579202319527,gbrt:own
2024-05,0.008363928516511356,0.007744607309248097,0.3096606036316288,gbrt:own
2024-06,0.0034488467580062934,0.002794068335424427,0.3273892112909328,gbrt:own
2024-07,0.002711876109669836,0.0021186623447823623,0.29660688244373684,gbrt:own
2024-08,0.006210089113370396,0.005585130317182254,0.31247939809407094,gbrt:own
2024-09,0.0025297666329450416,0.0019264700875938248,0.3016482726756084,gbrt:own
2024-10,0.005897529242117464,0.005273927350429603,0.31180094584393087,gbrt:own
2024-11,0.008862434964581266,0.008210559041244077,0.32593796166859484,gbrt:own
2024-12,0.0040344603927528425,0.0034319259132001285,0.30126723977635717,gbrt:own
2025-01,0.0017405587149026845,0.0011532171130651534,0.2936708009187654,gbrt:own
2025-02,0.004437900693303838,0.003768282623207915,0.3348090350479612,gbrt:own
2025-03,0.0037963473391938642,0.003148493489305052,0.32392692494440606,gbrt:own
2025-04,0.0017261936052381398,0.0010418747599863986,0.3421594226258708,gbrt:own
2025-05,0.0030859419196416302,0.0024186968497226452,0.33362253495949257,gbrt:own
2025-06,-3.520643041515466e-05,-0.0007194756944873048,0.3421346320360752,gbrt:own
2025-07,0.003162474139591916,0.002429978347377595,0.36624789610716024,gbrt:own
2025-08,0.006288022815425873,0.005564192669511866,0.361915072957004,gbrt:own
2025-09,0.003662955680223804,0.0028893920227921754,0.3867818287158144,gbrt:own
2025-10,0.0036184829708512,0.0029213621181491648,0.3485604263510175,gbrt:own
2025-11,0.0032717628642394696,0.00253933886350473,0.36621200036737006,gbrt:own
2025-12,0.005066473770965695,0.004332278588724737,0.36709759112047924,gbrt:own
2000-01,0.006183980178656898,0.006183980178656898,0.0,gbrt:pooled
2000-02,0.011643433871901096,0.00991354890216267,0.8649424848692133,gbrt:pooled
2000-03,0.004847032139344509,0.0032998895995489668,0.7735712698977711,gbrt:pooled
2000-04,0.0004335568361776961,-0.001255306450596743,0.8444316433872194,gbrt:pooled
2000-05,0.006757273835331232,0.005025570841383579,0.8658514969738266,gbrt:pooled
2000-06,-0.0007193412659328606,-0.002244558073370716,0.7626084037189277,gbrt:pooled
2000-07,0.0065101504318882805,0.005097716040667484,0.7062171956103984,gbrt:pooled
2000-08,0.0044431724319761905,0.003140545907767441,0.6513132621043748,gbrt:pooled
2000-09,0.005496630134408522,0.0041017889948977955,0.6974205697553635,gbrt:pooled
2000-10,0.01050491251509396,0.009321031422658443,0.5919405462177585,gbrt:pooled
2000-11,0.0029855145804453254,0.0018426193848378922,0.5714475978037163,gbrt:pooled
2000-12,0.0037692657891886024,0.0026305647029016854,0.5693505431434585,gbrt:pooled
2001-01,-0.019323644804790745,-0.02069837711180383,0.6873661535065418,gbrt:pooled
2001-02,0.013230238222111933,0.011464841936932804,0.8826981425895652,gbrt:pooled
2001-03,0.029320674352181636,0.027609751614126363,0.8554613690276378,gbrt:pooled
2001-04,0.0015857783053515888,0.0003702343501796041,0.6077719775859926,gbrt:pooled
2001-05,0.009245564154806029,0.007815504703445586,0.7150297256802215,gbrt:pooled
2001-06,0.007046661872212962,0.005761193987349351,0.6427339424318055,gbrt:pooled
2001-07,0.011682143338265522,0.010458316655001692,0.6119133416319144,gbrt:pooled
2001-08,0.002119708487405469,0.0009686487382927928,0.5755298745563385,gbrt:pooled
2001-09,0.011569181912437759,0.010390263049318465,0.5894594315596475,gbrt:pooled
2001-10,-0.009655584669341832,-0.010948026638660601,0.6462209846593848,gbrt:pooled
2001-11,0.00982774144485868,0.008373268424339901,0.72723651025939,gbrt:pooled
2001-12,0.007698480432708846,0.006152674142993247,0.7729031448577995,gbrt:pooled
2002-01,0.0035925820231392613,0.0018661676906906815,0.8632071662242901,gbrt:pooled
2002-02,0.00484867171165619,0.003710922860091901,0.5688744257821446,gbrt:pooled
2002-03,0.011612048009034728,0.010414248774803677,0.5988996171155249,gbrt:pooled
2002-04,0.015129429877315905,0.01408910113011613,0.5201643735998874,gbrt:pooled
2002-05,0.006551131090710774,0.005434366378847792,0.5583823559314912,gbrt:pooled
2002-06,0.017771445683531093,0.01665043834719185,0.56050366816962,gbrt:pooled
2002-07,0.013466206523198576,0.012301682045909415,0.5822622386445812,gbrt:pooled
2002-08,0.0068298586304992,0.005894904408664329,0.46747711091743543,gbrt:pooled
2002-09,0.016175985619583763,0.015155490183465814,0.5102477180589736,gbrt:pooled
2002-10,0.0066469758599574,0.005756126658765316,0.4454246005960422,gbrt:pooled
2002-11,0.0019961255783902355,0.0009318896791703153,0.5321179496099598,gbrt:pooled
2002-12,0.008001602276105085,0.006907115943200797,0.5472431664521442,gbrt:pooled
2003-01,0.010915684820384632,0.00981556209304191,0.550061363671361,gbrt:pooled
2003-02,0.002120395592901625,0.0012067631236805615,0.45681623461053183,gbrt:pooled
2003-03,0.008015864509679576,0.007134156686479742,0.44085391159991666,gbrt:pooled
2003-04,-0.007837699869362252,-0.008555477781684511,0.3588889561611291,gbrt:pooled
2003-05,0.01416083113917132,0.012942338943894679,0.6092460976383206,gbrt:pooled
2003-06,0.0077380670963572585,0.006758346681847489,0.4898602072548851,gbrt:pooled
2003-07,0.014943944081274854,0.013959713815320459,0.49211513297719733,gbrt:pooled
2003-08,0.013884519646670737,0.012737396411992577,0.5735616173390811,gbrt:pooled
2003-09,-0.010779828956869885,-0.012053282156681612,0.6367265999058633,gbrt:pooled
2003-10,0.008235578360162185,0.006770546017933672,0.7325161711142569,gbrt:pooled
2003-11,0.0008496703226767874,-0.00046346323566218834,0.6565667791694878,gbrt:pooled
2003-12,0.000574559392050589,-0.000691293103152842,0.6329262476017157,gbrt:pooled
2004-01,0.013422772426820483,0.01212614151694164,0.6483154549394211,gbrt:pooled
2004-02,0.010389140143905832,0.00906936126283061,0.6598894405376114,gbrt:pooled
2004-03,0.013334222579701108,0.012350073954079764,0.4920743128106722,gbrt:pooled
2004-04,0.017020231319036794,0.016087690247730244,0.4662705356532749,gbrt:pooled
2004-05,-0.0028212864942070105,-0.003909689511916818,0.5442015088549039,gbrt:pooled
2004-06,-0.0041678200391105785,-0.005314394177698723,0.5732870692940721,gbrt:pooled
2004-07,0.009596129460790434,0.008583992730827435,0.5060683649814999,gbrt:pooled
2004-08,0.006949543540876343,0.005910790571733466,0.5193764845714387,gbrt:pooled
2004-09,0.014691352190833245,0.013786446383801157,0.4524529035160445,gbrt:pooled
2004-10,0.006269226429595959,0.005283272465546317,0.4929769820248208,gbrt:pooled
2004-11,0.012215247452133315,0.011186966248206134,0.5141406019635906,gbrt:pooled
2004-12,0.007649212728547468,0.006576921689350703,0.536145519598383,gbrt:pooled
2005-01,0.002118733203564423,0.0009482326885577037,0.5852502575033597,gbrt:pooled
2005-02,0.0036229110579008377,0.0022896020190136925,0.6666545194435727,gbrt:pooled
2005-03,0.008734584866108203,0.007560061146438046,0.5872618598350783,gbrt:pooled
2005-04,0.013864325083831251,0.012826861939189376,0.5187315723209376,gbrt:pooled
2005-05,-0.0028596155850562142,-0.0038405391699708677,0.49046179245732674,gbrt:pooled
2005-06,0.0015534491370959038,0.0003256320285459506,0.6139085542749765,gbrt:pooled
2005-07,0.004624820233484425,0.0035418536713368396,0.541483281073793,gbrt:pooled
2005-08,0.0020315004295070826,0.0009105146162818012,0.5604929066126405,gbrt:pooled
2005-09,0.001752514091605929,0.0004250667249854151,0.6637236833102571,gbrt:pooled
2005-10,0.00966718035336868,0.008447300846425716,0.6099397534714829,gbrt:pooled
2005-11,0.00435473471797962,0.0033451932264066866,0.504770745786467,gbrt:pooled
2005-12,0.002103627939871182,0.0009756618217797955,0.5639830590456933,gbrt:pooled
2006-01,0.01594819711726812,0.014805898507651656,0.5711493048082329,gbrt:pooled
2006-02,0.011965424757907255,0.010450100541148475,0.7576621083793896,gbrt:pooled
2006-03,0.00814698467760219,0.006826492608052605,0.6602460347747925,gbrt:pooled
2006-04,0.0013323967581797204,0.0001270604337939221,0.6026681621928991,gbrt:pooled
2006-05,0.0015653539440558997,0.00011078390484462391,0.7272850196056379,gbrt:pooled
2006-06,0.009447956145501197,0.008186709546087296,0.6306232997069507,gbrt:pooled
2006-07,0.0015705099405752345,0.00038901183053446827,0.5907490550203831,gbrt:pooled
2006-08,-0.0023203900170586135,-0.0036222934940286222,0.6509517384850048,gbrt:pooled
2006-09,0.004032357705747634,0.002819603008008961,0.6063773488693364,gbrt:pooled
2006-10,-0.00027853152984490823,-0.0012470496833818009,0.48425907676844615,gbrt:pooled
2006-11,0.016034956136792535,0.01488774151816263,0.5736073093149517,gbrt:pooled
2006-12,0.005826984225909863,0.004815591767175337,0.505696229367263,gbrt:pooled
2007-01,0.00751815017401639,0.006379880903557544,0.5691346352294229,gbrt:pooled
2007-02,0.006331661652549695,0.005077511812911378,0.6270749198191583,gbrt:pooled
2007-03,0.00040087224471731497,-0.0008249681607055385,0.6129202027114268,gbrt:pooled
2007-04,0.014928993618009414,0.013609689518948339,0.6596520495305376,gbrt:pooled
2007-05,0.00643791893358882,0.0053068016465533776,0.5655586435177211,gbrt:pooled
2007-06,0.0025864825342230744,0.0013298592131639135,0.6283116605295803,gbrt:pooled
2007-07,0.0048022997460672075,0.0034692006313483937,0.6665495573594068,gbrt:pooled
2007-08,0.0007834176625575019,-0.0005245658183694379,0.6539917404634699,gbrt:pooled
2007-09,0.0011410123926262948,-9.347609913206825e-05,0.6172442458791815,gbrt:pooled
2007-10,-0.003404685258025598,-0.004619915908313053,0.6076153251437271,gbrt:pooled
2007-11,0.004843803512698345,0.0036307151949887657,0.6065441588547893,gbrt:pooled
2007-12,0.01328183821280535,0.012099799233692745,0.5910194895563021,gbrt:pooled
2008-01,0.005318705318667706,0.004260677170696614,0.5290140739855459,gbrt:pooled
2008-02,-0.00014345461810113175,-0.0013781825361265678,0.6173639590127179,gbrt:pooled
2008-03,0.0072548296706055155,0.006129667500293534,0.5625810851559904,gbrt:pooled
2008-04,0.00019470905189018865,-0.000921359085978545,0.5580340689343668,gbrt:pooled
2008-05,0.0009281314042941058,-0.0003897079062294471,0.6589196552617763,gbrt:pooled
2008-06,0.008692319621897157,0.007471865549577463,0.6102270361598476,gbrt:pooled
2008-07,0.0003848253197698541,-0.0006653756678740018,0.525100493821928,gbrt:pooled
2008-08,0.00898257914117488,0.007778710438914499,0.6019343511301901,gbrt:pooled
2008-09,0.012301066241617052,0.011428323582383488,0.4363713296167813,gbrt:pooled
2008-10,0.023435844513521674,0.02254222683617728,0.44680883867219556,gbrt:pooled
2008-11,0.0070407043796012585,0.006118847593181916,0.460928393209671,gbrt:pooled
2008-12,0.0048281347791751,0.003908790581436562,0.45967209886926896,gbrt:pooled
2009-01,0.006545598893100323,0.0055379608206971055,0.5038190362016087,gbrt:pooled
2009-02,0.00759791142812947,0.006648593149226859,0.4746591394513058,gbrt:pooled
2009-03,-0.005186069036083167,-0.006077105979205147,0.44551847156099006,gbrt:pooled
2009-04,-0.01419915776298404,-0.01527289981658822,0.5368710268020902,gbrt:pooled
2009-05,0.009495005590813862,0.007979752012376771,0.7576267892185459,gbrt:pooled
2009-06,-0.001994373460041698,-0.00339153042389982,0.6985784819290608,gbrt:pooled
2009-07,0.0027328978226388552,0.001273156612331458,0.7298706051536986,gbrt:pooled
2009-08,0.004491244158955961,0.003193390650294047,0.6489267543309575,gbrt:pooled
2009-09,0.006161788005139552,0.0049964948243612995,0.5826465903891261,gbrt:pooled
2009-10,0.0031680565280422022,0.0020215881337725516,0.573234197134825,gbrt:pooled
2009-11,0.004166020095919245,0.0029260402315480966,0.619989932185574,gbrt:pooled
2009-12,0.00315522852019816,0.0019958327470682626,0.5796978865649486,gbrt:pooled
2010-01,0.0034624754895846515,0.0023570472508444504,0.5527141193701004,gbrt:pooled
2010-02,0.002950301823226098,0.0017625092554954126,0.5938962838653428,gbrt:pooled
2010-03,0.005930978000827939,0.004792792619886798,0.5690926904705716,gbrt:pooled
2010-04,0.009645905576442272,0.00853978707920131,0.5530592486204814,gbrt:pooled
2010-05,0.004243307213844051,0.0032192571480907516,0.5120250328766497,gbrt:pooled
2010-06,0.007088932067999756,0.006182151710612318,0.4533901786937187,gbrt:pooled
2010-07,0.0028439360203694735,0.002103827625658608,0.3700541973554323,gbrt:pooled
2010-08,0.00667639328651094,0.0058591656255543665,0.40861383047828714,gbrt:pooled
2010-09,0.0027355799351112503,0.0018810074686579886,0.4272862332266307,gbrt:pooled
2010-10,0.004516434808170047,0.0036567380585132824,0.4298483748283821,gbrt:pooled
2010-11,0.0052263786333887115,0.004459546440677322,0.38341609635569507,gbrt:pooled
2010-12,0.004170470931723788,0.003401579766210924,0.38444558275643215,gbrt:pooled
2011-01,0.008813518515418688,0.008029811556494982,0.3918534794618537,gbrt:pooled
2011-02,0.0044422714355925,0.003610624502237319,0.4158234666775905,gbrt:pooled
2011-03,0.0032992483154694317,0.0025522794771529658,0.37348441915823294,gbrt:pooled
2011-04,0.007252507144590854,0.006506110271829228,0.37319843638081285,gbrt:pooled
2011-05,0.008361982665926134,0.0076314852138269955,0.36524872604956876,gbrt:pooled
2011-06,0.004729775067029836,0.003999728930832276,0.3650230680987801,gbrt:pooled
2011-07,0.004802370100189247,0.004118779945124881,0.34179507753218286,gbrt:pooled
2011-08,0.007388090755038861,0.006616761654949182,0.3856645500448391,gbrt:pooled
2011-09,0.005189291483702308,0.004480863033702692,0.3542142249998074,gbrt:pooled
2011-10,-0.003380564893257912,-0.004307640210308798,0.4635376585254432,gbrt:pooled
2011-11,0.006885247291792242,0.005964367188962246,0.460440051414998,gbrt:pooled
2011-12,0.005782517068145692,0.0049352829101295915,0.4236170790080505,gbrt:pooled
2012-01,-0.008020823754568937,-0.008951113721285363,0.46514498335821247,gbrt:pooled
2012-02,-0.0008399870856557014,-0.0019031253445649572,0.5315691294546282,gbrt:pooled
2012-03,0.0036550366283495585,0.0026029202783077487,0.5260581750209047,gbrt:pooled
2012-04,0.006930538413271362,0.0058738814047206425,0.5283285042753603,gbrt:pooled
2012-05,0.007363227188756832,0.006450981220340397,0.4561229842082175,gbrt:pooled
2012-06,0.0034529213728671224,0.002617001304882291,0.41796003399241566,gbrt:pooled
2012-07,0.005852184046211518,0.005122410843609225,0.36488660130114664,gbrt:pooled
2012-08,0.00930984425119373,0.008508736190889621,0.40055403015205454,gbrt:pooled
2012-09,0.0032789412940815357,0.002484118079501147,0.39741160729019415,gbrt:pooled
2012-10,0.002376918925786076,0.0015817196802492795,0.3975996227683982,gbrt:pooled
2012-11,0.004940991808585123,0.004101851887870912,0.41956996035710536,gbrt:pooled
2012-12,-2.5899235607810487e-05,-0.0008511795114794382,0.412640137935814,gbrt:pooled
2013-01,0.004757931659423507,0.00391956096645103,0.4191853464862386,gbrt:pooled
2013-02,0.006602004311199035,0.005773924814726235,0.4140397482363995,gbrt:pooled
2013-03,0.008439836865547907,0.007657207558140369,0.3913146537037691,gbrt:pooled
2013-04,0.008136217507833544,0.00749702835188852,0.31959457797251156,gbrt:pooled
2013-05,0.009215384158717851,0.00852709126424762,0.34414644723511434,gbrt:pooled
2013-06,0.004357236685942898,0.003567784241559454,0.3947262221917224,gbrt:pooled
2013-07,0.0029333085512693717,0.0021286002971433998,0.4023541270629862,gbrt:pooled
2013-08,0.0038207459226213183,0.0029676843042849453,0.42653080916818625,gbrt:pooled
2013-09,0.0006015505596461292,-0.0002744649898769796,0.4380077747615542,gbrt:pooled
2013-10,0.0023877242655076262,0.0015352219341612182,0.4262511656732039,gbrt:pooled
2013-11,0.0035271133150470545,0.002704380749502341,0.4113662827723568,gbrt:pooled
2013-12,0.005797054069530958,0.005023060569264159,0.38699675013339957,gbrt:pooled
2014-01,0.00341725765522305,0.002698573832825466,0.35934191119879205,gbrt:pooled
2014-02,0.0016657019634374805,0.000828869238544973,0.4184163624462538,gbrt:pooled
2014-03,0.0010082496731489996,0.00022122942158743587,0.39351012578078187,gbrt:pooled
2014-04,0.005687393755204093,0.004876220958530766,0.40558639833666316,gbrt:pooled
2014-05,0.005614672981054818,0.004834636826908338,0.3900180770732407,gbrt:pooled
2014-06,0.00448115534218171,0.0036936403095130994,0.39375751633430534,gbrt:pooled
2014-07,0.0001649519316718266,-0.0006555036419246292,0.41022778679822786,gbrt:pooled
2014-08,0.003093869248751591,0.002219079057262845,0.43739509574437285,gbrt:pooled
2014-09,0.006545000025987026,0.005741861338158704,0.4015693439141611,gbrt:pooled
2014-10,0.005810697544019538,0.005071946564944264,0.3693754895376367,gbrt:pooled
2014-11,0.007553964718833662,0.00682993628881313,0.3620142150102661,gbrt:pooled
2014-12,0.008364074712061177,0.007632872900287688,0.3656009058867444,gbrt:pooled
2015-01,0.0029662000084698967,0.0021182608939477243,0.4239695572610863,gbrt:pooled
2015-02,0.0013654025776231977,0.0004953119961373337,0.43504529074293197,gbrt:pooled
2015-03,0.006284956165305836,0.005452656441928615,0.4161498616886107,gbrt:pooled
2015-04,-0.004688860369425273,-0.005526080031093146,0.4186098308339367,gbrt:pooled
2015-05,0.0024119654310046004,0.0013635755206185803,0.5241949551930098,gbrt:pooled
2015-06,0.0022275827800153605,0.0012465582759536786,0.490512252030841,gbrt:pooled
2015-07,0.006044053732788193,0.005253012921953557,0.39552040541731753,gbrt:pooled
2015-08,0.00784995533637606,0.007071012690077101,0.3894713231494795,gbrt:pooled
2015-09,0.0026085623147905205,0.0018213025691366385,0.3936298728269411,gbrt:pooled
2015-10,0.0006601745714861118,-0.00013212442259390465,0.39614949704000824,gbrt:pooled
2015-11,0.010593154415867693,0.009726700174019892,0.43322712092390114,gbrt:pooled
2015-12,0.0025355524940938057,0.0017229775388081653,0.4062874776428199,gbrt:pooled
2016-01,0.00134963446013961,0.0005409497366803131,0.4043423617296484,gbrt:pooled
2016-02,-0.002351867683956369,-0.003147899622793985,0.3980159694188079,gbrt:pooled
2016-03,0.0006888263938195106,-0.0002967801520216989,0.4928032729206047,gbrt:pooled
2016-04,0.009688209095889218,0.008635476063034709,0.5263665164272544,gbrt:pooled
2016-05,0.002461783964581032,0.0016177062314474712,0.4220388665667804,gbrt:pooled
2016-06,0.0009518692844206015,7.128489066654928e-05,0.44029219687702603,gbrt:pooled
2016-07,0.0027738192782536934,0.001972409329087914,0.4007049745828896,gbrt:pooled
2016-08,0.005964675809181301,0.005104095458567393,0.4302901753069544,gbrt:pooled
2016-09,0.0033161528227088786,0.002519436903429375,0.39835795963975174,gbrt:pooled
2016-10,0.006001266107049294,0.00528224160988563,0.35951224858183184,gbrt:pooled
2016-11,0.004393944543534991,0.0036587561069026196,0.36759421831618594,gbrt:pooled
2016-12,0.0007639562085479057,-6.33430243002018e-05,0.41364961642405385,gbrt:pooled
2017-01,0.009821568664020525,0.009017368895688908,0.4020998841658088,gbrt:pooled
2017-02,0.0035306232040598225,0.0026731677421286187,0.4287277309656017,gbrt:pooled
2017-03,0.0046657224601038185,0.003839293409875988,0.4132145251139153,gbrt:pooled
2017-04,0.002915757158383122,0.0022136345491157146,0.35106130463370366,gbrt:pooled
2017-05,0.006811695340587458,0.006080412493880454,0.36564142335350175,gbrt:pooled
2017-06,0.0024087858358501366,0.0017657246451701864,0.3215305953399751,gbrt:pooled
2017-07,0.006756279583993766,0.006137945756456263,0.30916691376875166,gbrt:pooled
2017-08,0.006024246275744478,0.005297143150260796,0.36355156274184114,gbrt:pooled
2017-09,0.004374270053669478,0.003713306363274973,0.3304818451972525,gbrt:pooled
2017-10,0.005431604335417857,0.0047695760206377434,0.3310141573900569,gbrt:pooled
2017-11,0.0015368624677005518,0.0008731401123793863,0.3318611776605827,gbrt:pooled
2017-12,-0.0014804499858483455,-0.002191971129455397,0.3557605718035258,gbrt:pooled
2018-01,0.002193947229090223,0.0014008312607574982,0.3965579841663624,gbrt:pooled
2018-02,0.0060438569947482874,0.005267130631253521,0.3883631817473835,gbrt:pooled
2018-03,0.002273221264499575,0.001546792051733033,0.363214606383271,gbrt:pooled
2018-04,0.004972580999478036,0.004214707454215377,0.37893677263132947,gbrt:pooled
2018-05,0.005023586356750134,0.00427757872521023,0.3730038157699516,gbrt:pooled
2018-06,0.0018907318836787904,0.001160541847451762,0.36509501811351425,gbrt:pooled
2018-07,0.0018007419990686037,0.001144766799583674,0.3279875997424649,gbrt:pooled
2018-08,0.003645471521654708,0.0029512814786549313,0.34709502149988825,gbrt:pooled
2018-09,0.003397198277989963,0.0027450644399220317,0.32606691903396556,gbrt:pooled
2018-10,0.004294306490217937,0.0036154855572946855,0.33941046646162554,gbrt:pooled
2018-11,-0.0011180484127013936,-0.0018355715356892955,0.35876156149395083,gbrt:pooled
2018-12,0.003678266213646124,0.002866549171955254,0.4058585208454353,gbrt:pooled
2019-01,0.00019953353734593086,-0.0005734227045576768,0.3864781209518038,gbrt:pooled
2019-02,0.001394096029701129,0.0004718277845558978,0.4611341225726156,gbrt:pooled
2019-03,0.003173993704779958,0.0023731653056755825,0.40041419955218754,gbrt:pooled
2019-04,0.0016368170250090227,0.0008359565585129517,0.4004302332480354,gbrt:pooled
2019-05,0.006878737285228611,0.006123476741277125,0.37763027197574295,gbrt:pooled
2019-06,0.0028265347036101744,0.0020808142544355723,0.37286022458730095,gbrt:pooled
2019-07,0.00613966085799074,0.00534044636625687,0.39960724586693513,gbrt:pooled
2019-08,0.002432418543056821,0.001670888008333137,0.3807652673618419,gbrt:pooled
2019-09,0.003266604343336331,0.002523301400514957,0.371651471410687,gbrt:pooled
2019-10,0.0032656101586862937,0.002512768458167406,0.3764208502594437,gbrt:pooled
2019-11,0.005107563111564901,0.0042696757471903084,0.41894368218729616,gbrt:pooled
2019-12,0.0022618350631082936,0.0014708006727827206,0.3955171951627865,gbrt:pooled
2020-01,0.005901742209068534,0.005064682460336444,0.4185298743660448,gbrt:pooled
2020-02,0.007004617861207514,0.006195606388343258,0.40450573643212784,gbrt:pooled
2020-03,0.005885396743475785,0.005205639248300008,0.3398787475878885,gbrt:pooled
2020-04,-0.016159710459329693,-0.017103074555661506,0.4716820481659074,gbrt:pooled
2020-05,0.0030863963072171553,0.0015383407126005133,0.7740277973083208,gbrt:pooled
2020-06,0.00861458030871854,0.007514933460515461,0.5498234241015396,gbrt:pooled
2020-07,0.008363895131274265,0.007236823294758713,0.5635359182577764,gbrt:pooled
2020-08,0.008584423110648436,0.007416595080170469,0.5839140152389839,gbrt:pooled
2020-09,0.01331035194063722,0.01217818945615867,0.566081242239275,gbrt:pooled
2020-10,0.004982823327028306,0.003944592190721565,0.5191155681533708,gbrt:pooled
2020-11,-0.00723053092077151,-0.008324278969181064,0.5468740242047772,gbrt:pooled
2020-12,0.0065711207856448545,0.005161577781483882,0.7047715020804864,gbrt:pooled
2021-01,0.0027804659311315367,0.001582461425801864,0.5990022526648363,gbrt:pooled
2021-02,0.007063646175506929,0.006025338034219296,0.5191540706438168,gbrt:pooled
2021-03,0.009139018946587434,0.008209991994139227,0.4645134762241028,gbrt:pooled
2021-04,0.006393629596016429,0.005451264088789833,0.4711827536132985,gbrt:pooled
2021-05,0.006049746027056063,0.004975445626955226,0.5371502000504184,gbrt:pooled
2021-06,0.005782635943348352,0.00489916821675562,0.4417338632963661,gbrt:pooled
2021-07,0.0029026137288595127,0.0020343591035094258,0.43412731267504356,gbrt:pooled
2021-08,0.003823217256222053,0.0029555457305607126,0.43383576283067043,gbrt:pooled
2021-09,0.005433379942609461,0.0045048734241477685,0.46425325923084626,gbrt:pooled
2021-10,0.0059781435362388355,0.005151396742271163,0.41337339698383607,gbrt:pooled
2021-11,0.0037719352159386026,0.0029950406083199222,0.38844730380934,gbrt:pooled
2021-12,0.006293770739479176,0.005407855439735521,0.44295764987182795,gbrt:pooled
2022-01,0.010811033823095135,0.010072281120613811,0.3693763512406622,gbrt:pooled
2022-02,0.007726430283102145,0.0069429815576212426,0.3917243627404515,gbrt:pooled
2022-03,0.008975456822662008,0.008258081369575294,0.3586877265433572,gbrt:pooled
2022-04,0.009405750962420599,0.008776730726023722,0.3145101181984386,gbrt:pooled
2022-05,0.006447220062309128,0.0057892822797738965,0.328968891267616,gbrt:pooled
2022-06,0.005493190373700299,0.004840058819723123,0.32656577698858774,gbrt:pooled
2022-07,-0.0010537382248941125,-0.0017287565421737038,0.3375091586397957,gbrt:pooled
2022-08,-0.0004948506117303703,-0.001167896268752898,0.3365228285112639,gbrt:pooled
2022-09,0.006652544639399924,0.005868033265769652,0.3922556868151363,gbrt:pooled
2022-10,0.005241852030521799,0.004501454498555369,0.37019876598321494,gbrt:pooled
2022-11,0.005125069262926324,0.004454042327105245,0.33551346791053993,gbrt:pooled
2022-12,0.0070294620318155695,0.006274841747144908,0.3773101423353307,gbrt:pooled
2023-01,0.002089773505272716,0.0013410167967181973,0.37437835427725935,gbrt:pooled
2023-02,0.006801325170688969,0.006035549486122022,0.38288784228347333,gbrt:pooled
2023-03,0.005500654500318731,0.004801009145714309,0.34982267730221134,gbrt:pooled
2023-04,0.0011071807746487938,0.00040130441926015996,0.3529381776943169,gbrt:pooled
2023-05,0.0014276306269118326,0.0007476432091957758,0.33999370885802843,gbrt:pooled
2023-06,0.004366842855264597,0.003583721447656987,0.3915607038038049,gbrt:pooled
2023-07,0.004197112677533599,0.003326691854083783,0.4352104117249078,gbrt:pooled
2023-08,0.005213737506232157,0.004444514660833063,0.3846114226995473,gbrt:pooled
2023-09,0.007604723218779133,0.006901779606671648,0.35147180605374234,gbrt:pooled
2023-10,0.0073490163968265325,0.006692249966312408,0.32838321525706266,gbrt:pooled
2023-11,0.0007583878360936162,6.864245559507981e-05,0.3448726902492683,gbrt:pooled
2023-12,0.005151149461158421,0.0043633751417895055,0.393887159684458,gbrt:pooled
2024-01,0.007848563121988242,0.0071653920137884275,0.3415855540999074,gbrt:pooled
2024-02,0.00563869976646953,0.004889983905397684,0.37435793053592226,gbrt:pooled
2024-03,0.005516004786330806,0.004828145721585745,0.3439295323725309,gbrt:pooled
2024-04,0.005074793254754221,0.0043638470485424805,0.35547310310587044,gbrt:pooled
2024-05,0.008440831198435729,0.007791380404081697,0.32472539717701693,gbrt:pooled
2024-06,0.003914539076576225,0.0032402650016810043,0.3371370374476101,gbrt:pooled
2024-07,0.0022364447330002657,0.0016547907689387733,0.2908269820307462,gbrt:pooled
2024-08,0.006081827759455726,0.00543503795477411,0.3233949023408083,gbrt:pooled
2024-09,0.002299676055021675,0.0016711994799642332,0.31423828752872107,gbrt:pooled
2024-10,0.00591429802783503,0.005278974897335185,0.31766156524992234,gbrt:pooled
2024-11,0.008985753903429818,0.008341041125850303,0.32235638878975836,gbrt:pooled
2024-12,0.003895172351710645,0.003297362918573695,0.29890471656847506,gbrt:pooled
2025-01,0.0017164814964673585,0.001121209427757107,0.2976360343551259,gbrt:pooled
2025-02,0.004598146747067073,0.003936232495314401,0.33095712587633613,gbrt:pooled
2025-03,0.003652463900952772,0.0030332509969637628,0.3096064519945045,gbrt:pooled
2025-04,0.0018587620416419279,0.001193905007509316,0.33242851706630594,gbrt:pooled
2025-05,0.0032567289518040054,0.002624049994661602,0.3163394785712017,gbrt:pooled
2025-06,-0.000529736648217091,-0.0011779375681732218,0.3241004599780654,gbrt:pooled
2025-07,0.0027805236491916657,0.0020698313412226238,0.355346153984521,gbrt:pooled
2025-08,0.006766880350640974,0.0060524278220053015,0.35722626431783633,gbrt:pooled
2025-09,0.006068204550346654,0.005295778114722714,0.3862132178119705,gbrt:pooled
2025-10,0.0035486153519198728,0.0028279600442643366,0.36032765382776794,gbrt:pooled
2025-11,0.0025668219812053565,0.0018155528828777592,0.3756345491637986,gbrt:pooled
2025-12,0.004396106551985492,0.0036525604610708486,0.3717730454573218,gbrt:pooled
2000-01,-0.007124098392556905,-0.007124098392556905,0.0,hist_mean:rule
2000-02,0.010776813920529333,0.010401201933271221,0.1878059936290558,hist_mean:rule
2000-03,0.007696656560863412,0.0073770442565960345,0.15980615213368893,hist_mean:rule
2000-04,-0.004004809636156341,-0.004291165150598063,0.1431777572208613,hist_mean:rule
2000-05,0.0001256883930413391,-0.0003594178344290207,0.24255311373517996,hist_mean:rule
2000-06,0.004453219194144381,0.004080069597630585,0.18657479825689777,hist_mean:rule
2000-07,0.002361602812255956,0.002161194593379368,0.10020410943829389,hist_mean:rule
2000-08,0.006334766219712864,0.006144797209308367,0.094984505202248,hist_mean:rule
2000-09,0.0009072597003274862,0.0007053845196545945,0.10093759033644581,hist_mean:rule
2000-10,8.733588258915404e-05,-0.0001227302377058454,0.10503306014749961,hist_mean:rule
2000-11,0.009635042816124107,0.009439496718400036,0.097773048862035,hist_mean:rule
2000-12,-0.005937712281271818,-0.006203591713434322,0.13293971608125196,hist_mean:rule
2001-01,3.718264906730248e-05,-0.0001992191692883129,0.11820090917780768,hist_mean:rule
2001-02,0.0008902365983052888,0.0006610453430702166,0.11459562761753617,hist_mean:rule
2001-03,0.008201699062227306,0.007970540394216399,0.11557933400545312,hist_mean:rule
2001-04,0.0023350288483436014,0.002091636680894939,0.12169608372433106,hist_mean:rule
2001-05,0.011570041140743755,0.01118707334092954,0.19148389990710768,hist_mean:rule
2001-06,0.0062297275698438796,0.006029823106973286,0.09995223143529669,hist_mean:rule
2001-07,0.014882077428876523,0.01470664882626194,0.08771430130729256,hist_mean:rule
2001-08,-0.004817813526879437,-0.005134558631979633,0.15837255255009686,hist_mean:rule
2001-09,0.002719006188947467,0.0025637967065529226,0.07760474119727194,hist_mean:rule
2001-10,0.0031360774692657115,0.002790235681296583,0.1729208939845642,hist_mean:rule
2001-11,0.010173691999151786,0.010001078237374901,0.08630688088844284,hist_mean:rule
2001-12,0.0036319438694547377,0.0034348164134949647,0.09856372797988652,hist_mean:rule
2002-01,-0.0017947836554352513,-0.0019491975151770347,0.07720692987089167,hist_mean:rule
2002-02,0.0006375106528670502,0.0004584794218087012,0.08951561552917466,hist_mean:rule
2002-03,-0.00029853939551083297,-0.0004483775308408374,0.07491906766500271,hist_mean:rule
2002-04,0.004001591503406009,0.0037523113473270555,0.12464007803947724,hist_mean:rule
2002-05,0.0024582489542176456,0.0021994909646007475,0.12937899480844883,hist_mean:rule
2002-06,0.0076553203871450965,0.007478458767407857,0.08843080986861993,hist_mean:rule
2002-07,0.011397629684448629,0.011236329574058663,0.08065005519498349,hist_mean:rule
2002-08,0.004480207842097952,0.004334055339944483,0.07307625107673464,hist_mean:rule
2002-09,0.00802353043212925,0.00784000143920362,0.09176449646281451,hist_mean:rule
2002-10,0.005888580105560783,0.00577817118077207,0.05520446239435631,hist_mean:rule
2002-11,0.004877591885088819,0.004706569823170728,0.0855110309590458,hist_mean:rule
2002-12,0.0017819421487538288,0.0016307272760592547,0.0756074363472873,hist_mean:rule
2003-01,0.004443787169835064,0.004309085725965804,0.06735072193462939,hist_mean:rule
2003-02,0.0018397382617934463,0.001676113559461137,0.08181235116615465,hist_mean:rule
2003-03,0.0063302935068661505,0.006223498865781774,0.0533973205421889,hist_mean:rule
2003-04,0.0016292699721781048,0.0014807502453939748,0.07425986339206503,hist_mean:rule
2003-05,0.01645976918501774,0.01612773145571539,0.16601886465117707,hist_mean:rule
2003-06,0.008171702509556913,0.00802993346201694,0.07088452376998661,hist_mean:rule
2003-07,0.009905743180946463,0.009769166270632176,0.06828845515714377,hist_mean:rule
2003-08,0.0085954883231363,0.008409664313533101,0.09291200480159939,hist_mean:rule
2003-09,0.0009054560273830962,0.0005097331933749155,0.19786141700408982,hist_mean:rule
2003-10,0.00013560687497252415,-2.7968162304138947e-05,0.08178751863833145,hist_mean:rule
2003-11,0.016452667947342594,0.016321703948303047,0.06548199951977215,hist_mean:rule
2003-12,0.0009972346415687808,0.000875347502343611,0.060943569612584854,hist_mean:rule
2004-01,0.007641294221940092,0.007473951060985903,0.08367158047709417,hist_mean:rule
2004-02,0.0021533658355018174,0.0019606024183789054,0.09638170856145614,hist_mean:rule
2004-03,0.005640278572973494,0.005484243176555932,0.07801769820878096,hist_mean:rule
2004-04,0.02014355818625578,0.020002857324562813,0.07035043084648349,hist_mean:rule
2004-05,-0.00401912081478532,-0.004251242904795564,0.11606104500512164,hist_mean:rule
2004-06,-0.0034150885171188136,-0.003516527173850856,0.05071932836602122,hist_mean:rule
2004-07,0.005834271667853491,0.005723562827886418,0.055354419983536324,hist_mean:rule
2004-08,0.009963141743721145,0.00983990511696,0.061618313380572595,hist_mean:rule
2004-09,0.010291373354365876,0.01016818423513812,0.061594559613878344,hist_mean:rule
2004-10,-0.0024805222182256647,-0.0026146593357531224,0.06706855876372878,hist_mean:rule
2004-11,-0.0009889306596353195,-0.00112128138743533,0.06617536390000552,hist_mean:rule
2004-12,0.0027883074708169014,0.0026295120669867617,0.07939770191506974,hist_mean:rule
2005-01,0.0019772978476590933,0.0016814569209872244,0.14792046333593456,hist_mean:rule
2005-02,0.01110459725625958,0.010982519558645407,0.06103884880708624,hist_mean:rule
2005-03,0.005227521747700508,0.005103903681029763,0.061809033335372604,hist_mean:rule
2005-04,0.006204286747262125,0.006045463089432381,0.07941182891487189,hist_mean:rule
2005-05,0.004818631293178114,0.004635613278109687,0.0915090075342132,hist_mean:rule
2005-06,7.438634789599192e-05,-6.145076556078182e-05,0.0679185567283867,hist_mean:rule
2005-07,0.004671377073851845,0.004553923138654904,0.058726967598470244,hist_mean:rule
2005-08,0.010022804270463518,0.00990416306650296,0.0593206019802791,hist_mean:rule
2005-09,0.00017957132023657798,-1.8556643387082194e-06,0.09071349228764312,hist_mean:rule
2005-10,0.0026819725930888314,0.0025781365300370134,0.051918031525909035,hist_mean:rule
2005-11,0.003316240711776077,0.0031766896843448455,0.06977551371561591,hist_mean:rule
2005-12,0.003072400856764634,0.002951733679872101,0.060333588446266524,hist_mean:rule
2006-01,0.019534344915339123,0.01943789069886362,0.04822710823775295,hist_mean:rule
2006-02,0.009326861320064926,0.00900294374371122,0.16195878817685228,hist_mean:rule
2006-03,-0.015093989831941287,-0.015187542617422766,0.046776392740740434,hist_mean:rule
2006-04,0.003237149926938102,0.0030517968542940503,0.09267653632202578,hist_mean:rule
2006-05,0.01245875896967328,0.012313104334960847,0.07282731735621546,hist_mean:rule
2006-06,0.013068317978088662,0.012954005628921487,0.057156174583586634,hist_mean:rule
2006-07,0.0002702881179408234,-8.09007703836318e-05,0.17559444416222747,hist_mean:rule
2006-08,0.007905094453319376,0.0076791273327850166,0.11298356026718018,hist_mean:rule
2006-09,0.00809289790510011,0.007880478607018446,0.10620964904083299,hist_mean:rule
2006-10,-0.0008198265929526189,-0.0009352182246168371,0.057695815832109115,hist_mean:rule
2006-11,-0.006011443593803391,-0.006122686345830404,0.05562137601350596,hist_mean:rule
2006-12,0.0012439559229075496,0.0011220458392891461,0.06095504180920176,hist_mean:rule
2007-01,0.008014216712926842,0.007800398790905932,0.1069089610104553,hist_mean:rule
2007-02,0.0023329573236655124,0.0019350051081694919,0.19897610774801017,hist_mean:rule
2007-03,0.006604859298520204,0.006404000851715754,0.10042922340222389,hist_mean:rule
2007-04,0.006745978759151818,0.006506586634874937,0.1196960621384399,hist_mean:rule
2007-05,0.0007243116682866385,0.0005115961913877944,0.10635773844942202,hist_mean:rule
2007-06,-0.002021845534346574,-0.0021956385791339537,0.08689652239368988,hist_mean:rule
2007-07,0.0055373923019249646,0.0052981628733206835,0.11961471430214073,hist_mean:rule
2007-08,0.005091897219372776,0.004884926147739562,0.10348553581660654,hist_mean:rule
2007-09,-0.000310449199709227,-0.0004744684257622028,0.08200961302648803,hist_mean:rule
2007-10,-0.003974033173089195,-0.0042667274234498885,0.14634712518034657,hist_mean:rule
2007-11,0.003534459852885218,0.003321913571477709,0.10627314070375463,hist_mean:rule
2007-12,0.004232306738803705,0.004028418912984506,0.10194391290959962,hist_mean:rule
2008-01,0.002807879620204271,0.0025666742778443045,0.12060267117998313,hist_mean:rule
2008-02,0.0030198070331355024,0.002834193333696347,0.09280684971957782,hist_mean:rule
2008-03,0.0037027642075287393,0.003558788823400089,0.0719876920643253,hist_mean:rule
2008-04,0.002808364294688207,0.002655300720401696,0.07653178714325547,hist_mean:rule
2008-05,0.0010225826853694224,0.0008144647269651516,0.10405897920213525,hist_mean:rule
2008-06,0.0055627355029681845,0.005429678158326983,0.06652867232060074,hist_mean:rule
2008-07,0.00317826450746698,0.0030462235375265643,0.06602048497020807,hist_mean:rule
2008-08,0.0035611561352795335,0.00342754551823647,0.06680530852153181,hist_mean:rule
2008-09,0.002589494414960284,0.00247552082339614,0.05698679578207189,hist_mean:rule
2008-10,0.007133733038909172,0.006989373854692591,0.07217959210829,hist_mean:rule
2008-11,0.005678141741380895,0.005477302966070994,0.10041938765495086,hist_mean:rule
2008-12,0.00771546002025344,0.007550675166999946,0.08239242662674723,hist_mean:rule
2009-01,0.007318606313664941,0.007138048165575312,0.09027907404481438,hist_mean:rule
2009-02,0.0013562203746335334,0.0011771942217102306,0.0895130764616514,hist_mean:rule
2009-03,0.002158132849076525,0.0019894860148134113,0.08432341713155651,hist_mean:rule
2009-04,-0.0065183903613497554,-0.006723970593438835,0.10279011604453948,hist_mean:rule
2009-05,0.004500948471642098,0.0042386965342381825,0.13112596870195772,hist_mean:rule
2009-06,0.00014376658085485516,-6.437673132513617e-05,0.10407165608999547,hist_mean:rule
2009-07,0.0018987778038763033,0.0017524675775581376,0.073155113159083,hist_mean:rule
2009-08,0.0042447309914329205,0.004103947383044279,0.07039180419432087,hist_mean:rule
2009-09,0.004078676814165779,0.003941105433290206,0.06878569043778608,hist_mean:rule
2009-10,0.002970006958254266,0.002841218263231368,0.06439434751144905,hist_mean:rule
2009-11,0.003382118631218206,0.0032511639475130984,0.06547734185255408,hist_mean:rule
2009-12,-0.0017382064899241184,-0.001857531800988526,0.059662655532203734,hist_mean:rule
2010-01,0.005167462545554428,0.005050986017479339,0.05823826403754479,hist_mean:rule
2010-02,0.002056833493517962,0.001925363984987313,0.06573475426532432,hist_mean:rule
2010-03,0.0023072978184150703,0.0021897644068715628,0.058766705771753844,hist_mean:rule
2010-04,0.006243716683052519,0.006126618500897196,0.05854909107766155,hist_mean:rule
2010-05,-0.0008281864459464476,-0.0009755460473580065,0.07367980070577941,hist_mean:rule
2010-06,0.002190578224944929,0.0020810980578560077,0.0547400835444607,hist_mean:rule
2010-07,0.002578939831301497,0.0024911874811623176,0.04387617506958954,hist_mean:rule
2010-08,0.004509902947722935,0.0043837656075038055,0.06306867010956484,hist_mean:rule
2010-09,0.004001986696854885,0.003895770484706458,0.05310810607421379,hist_mean:rule
2010-10,0.0022364879745736515,0.0021330091736718503,0.05173940045090073,hist_mean:rule
2010-11,0.0031939768307719775,0.003088420547422507,0.0527781416747352,hist_mean:rule
2010-12,0.0025174162528412447,0.002416552429221089,0.05043191181007796,hist_mean:rule
2011-01,0.005655165703422899,0.00556070131100612,0.04723219620838969,hist_mean:rule
2011-02,0.003398729166146718,0.003281125227510157,0.05880196931828039,hist_mean:rule
2011-03,0.0013904917297250577,0.001255832346969651,0.06732969137770348,hist_mean:rule
2011-04,0.005028205455898542,0.004912826838906411,0.057689308496065385,hist_mean:rule
2011-05,0.006819900917000925,0.0067229816492552705,0.04845963387282785,hist_mean:rule
2011-06,0.0032356850948189815,0.0031387817343075212,0.048451680255729886,hist_mean:rule
2011-07,0.002892741860389614,0.002806188824256927,0.04327651806634338,hist_mean:rule
2011-08,0.0015830179681529462,0.0014872082893330621,0.04790483940994201,hist_mean:rule
2011-09,0.005148015917934648,0.005051247542014571,0.04838418796003877,hist_mean:rule
2011-10,-0.001122291879965907,-0.001216753087829712,0.04723060393190241,hist_mean:rule
2011-11,0.004063257516977007,0.003968422365636522,0.047417575670242455,hist_mean:rule
2011-12,0.00463967544333205,0.004558939777368996,0.04036783298152732,hist_mean:rule
2012-01,-0.0014777766748590678,-0.0016897568832853949,0.10599010421316392,hist_mean:rule
2012-02,-0.0026493210414425513,-0.002764095212345409,0.05738708545142888,hist_mean:rule
2012-03,0.008413390177386872,0.008282708184378654,0.06534099650410871,hist_mean:rule
2012-04,0.004146310615832092,0.003932921021133592,0.10669479734924997,hist_mean:rule
2012-05,0.0035718762689733526,0.00343666505871048,0.06760560513143635,hist_mean:rule
2012-06,0.00034767189544841943,0.00025756716172592453,0.04505236686124757,hist_mean:rule
2012-07,0.0046957935205547245,0.004596759909236056,0.04951680565933439,hist_mean:rule
2012-08,0.007439025212512818,0.007348156403378088,0.04543440456736535,hist_mean:rule
2012-09,0.0020489541039434137,0.0019468961566317066,0.05102897365585347,hist_mean:rule
2012-10,0.002788518678207217,0.00271318791930481,0.03766537945120363,hist_mean:rule
2012-11,0.0012641604408591739,0.0011798627526952554,0.04214884408195931,hist_mean:rule
2012-12,0.0007011519107781842,0.000603142653832236,0.04900462847297412,hist_mean:rule
2013-01,0.0029569676657573733,0.0028719121942831207,0.04252773573712612,hist_mean:rule
2013-02,0.0036611281836946676,0.0035388633799594595,0.06113240186760384,hist_mean:rule
2013-03,0.004847607248460029,0.004732413503319309,0.05759687257035948,hist_mean:rule
2013-04,0.0032890895588304756,0.003172138557532642,0.058475500648916524,hist_mean:rule
2013-05,0.0035394367884042273,0.0034280897328221004,0.055673527791063264,hist_mean:rule
2013-06,0.0021585339052935634,0.002047184831433036,0.05567453693026379,hist_mean:rule
2013-07,0.0053765754872920415,0.0052492202064596425,0.0636776404161994,hist_mean:rule
2013-08,0.0023784122938550335,0.0022703156536378354,0.054048320108598814,hist_mean:rule
2013-09,0.0002935068114343418,0.00013981467520996608,0.07684606811218775,hist_mean:rule
2013-10,4.165781141679032e-05,-6.877832480250237e-05,0.055218068109646266,hist_mean:rule
2013-11,0.0026278151256200507,0.002498250121516923,0.06478250205156379,hist_mean:rule
2013-12,0.00443802119039824,0.004360675188364832,0.03867300101670413,hist_mean:rule
2014-01,0.0022503018206891036,0.0021689870082889553,0.04065740620007424,hist_mean:rule
2014-02,0.0017241715455942061,0.0016324767860908015,0.0458473797517025,hist_mean:rule
2014-03,0.0018893451042284119,0.0018035284659571353,0.04290831913563828,hist_mean:rule
2014-04,0.005978500029247952,0.005849313351920665,0.06459333866364322,hist_mean:rule
2014-05,0.0044692298327102505,0.004369185790896463,0.05002202090689383,hist_mean:rule
2014-06,3.7357351542194634e-05,-4.3261648708416856e-05,0.04030950012530583,hist_mean:rule
2014-07,0.004063485472076165,0.003976658922428335,0.04341327482391448,hist_mean:rule
2014-08,0.004792878362268578,0.004664944688288521,0.06396683699002885,hist_mean:rule
2014-09,0.00393278422606445,0.0038613998951976024,0.0356921654334239,hist_mean:rule
2014-10,0.0014359622972300817,0.0013556195010424536,0.040171398093813995,hist_mean:rule
2014-11,0.004927065107764002,0.004851601897015247,0.03773160537437727,hist_mean:rule
2014-12,0.0022989065357703247,0.0022243482796822614,0.03727912804403188,hist_mean:rule
2015-01,0.004076845587283912,0.003983541699016087,0.04665194413391274,hist_mean:rule
2015-02,8.613141451276806e-05,-5.336486470220868e-06,0.04573395049149451,hist_mean:rule
2015-03,0.004819054664958561,0.004733851733092442,0.04260146593305985,hist_mean:rule
2015-04,-0.0022642725913792675,-0.0023812652956938306,0.05849635215728147,hist_mean:rule
2015-05,0.002363612885023968,0.002228162545944668,0.06772516953965008,hist_mean:rule
2015-06,0.0021615970135785917,0.002081946910788096,0.03982505139524781,hist_mean:rule
2015-07,0.004926817374599423,0.004860094210208081,0.03336158219567117,hist_mean:rule
2015-08,0.004726609866084404,0.004656266766572374,0.03517154975601493,hist_mean:rule
2015-09,0.0028616992810302513,0.0027913483527784,0.03517546412592575,hist_mean:rule
2015-10,0.0027184860086970275,0.0026426102584914957,0.03793787510276593,hist_mean:rule
2015-11,0.007318844403491657,0.007242275566558199,0.0382844184667293,hist_mean:rule
2015-12,0.0035986563548458745,0.003519651434087811,0.03950246037903179,hist_mean:rule
2016-01,0.0006897513153782515,0.0006137194241185081,0.03801594562987154,hist_mean:rule
2016-02,-0.0010348933673443152,-0.0011090980786026198,0.03710235562915246,hist_mean:rule
2016-03,-0.00359302021087602,-0.003691559667176316,0.049269728150148,hist_mean:rule
2016-04,0.004937662746359693,0.004831302675630351,0.05318003536467035,hist_mean:rule
2016-05,0.0016872075429279817,0.001600148684997412,0.043529428965285034,hist_mean:rule
2016-06,0.0009618718069860204,0.0008821440733307479,0.03986386682763624,hist_mean:rule
2016-07,0.003873219450390482,0.0038165984153281387,0.0283105175311718,hist_mean:rule
2016-08,0.00405276982953513,0.003978118650000147,0.03732558976749151,hist_mean:rule
2016-09,0.002060634138970059,0.001957394347040203,0.051619895964928116,hist_mean:rule
2016-10,0.005488183504341575,0.005433675851358164,0.02725382649170542,hist_mean:rule
2016-11,0.00385604575449187,0.0037950141580683373,0.03051579821176637,hist_mean:rule
2016-12,0.0016514598089337857,0.001512148234009604,0.06965578746209086,hist_mean:rule
2017-01,0.004376600497277827,0.004289637374209969,0.04348156153392891,hist_mean:rule
2017-02,0.004773796168587833,0.004680746572504563,0.046524798041634646,hist_mean:rule
2017-03,0.003194514928287897,0.0031217280909352284,0.036393418676334215,hist_mean:rule
2017-04,0.001726591427773518,0.0016497324912924023,0.03842946824055784,hist_mean:rule
2017-05,0.005435663547851764,0.005365113555616496,0.035274996117633996,hist_mean:rule
2017-06,0.0015147307528002208,0.0014498046408258902,0.03246305598716538,hist_mean:rule
2017-07,0.005532450507746787,0.0054801060638418764,0.026172221952455638,hist_mean:rule
2017-08,0.004651123325723915,0.004586620077658631,0.03225162403264237,hist_mean:rule
2017-09,0.0040244383472008115,0.003962786819734386,0.030825763733213014,hist_mean:rule
2017-10,0.003092029955003748,0.003017973405280614,0.03702827486156716,hist_mean:rule
2017-11,0.000998458704938785,0.0009333731853029039,0.032542759817940595,hist_mean:rule
2017-12,-0.0018725344410992994,-0.0019381049292607957,0.03278524408074803,hist_mean:rule
2018-01,0.0014087355795854312,0.0013373428132545594,0.03569638316543574,hist_mean:rule
2018-02,0.004655421335789018,0.00459470323208317,0.03035905185292419,hist_mean:rule
2018-03,0.002906423017514714,0.0027923228619886583,0.0570500777630276,hist_mean:rule
2018-04,0.0030430598404216224,0.0029715620175308237,0.03574891144539948,hist_mean:rule
2018-05,0.004866468243930623,0.004781460873412881,0.04250368525887082,hist_mean:rule
2018-06,0.00151422967788783,0.0014316170626085855,0.04130630763962219,hist_mean:rule
2018-07,0.0025712582130787555,0.0024991775110902413,0.03604035099425712,hist_mean:rule
2018-08,0.002820839657624317,0.002755259256826868,0.03279020039872452,hist_mean:rule
2018-09,0.0015944076396900958,0.001534617739379633,0.029894950155231345,hist_mean:rule
2018-10,0.003992596936124371,0.003932060159293141,0.030268388415614415,hist_mean:rule
2018-11,0.0008877529600552285,0.0008175734166430491,0.03508977170608973,hist_mean:rule
2018-12,0.003700664035708071,0.0036369522654175067,0.031855885145282085,hist_mean:rule
2019-01,0.003188040057222134,0.00313825811675582,0.024890970233157006,hist_mean:rule
2019-02,0.0016668965987756584,0.0016019019513753682,0.032497323700144874,hist_mean:rule
2019-03,0.002931602971900138,0.002874821974738194,0.02839049858097221,hist_mean:rule
2019-04,0.0007833701880308933,0.0007225191883947975,0.030425499818048006,hist_mean:rule
2019-05,0.0037375207446142546,0.0036846383126270736,0.02644121599359047,hist_mean:rule
2019-06,0.003886138265330835,0.0038272182752564668,0.029459995037183936,hist_mean:rule
2019-07,0.005072947490672359,0.005015576433063088,0.028685528804635943,hist_mean:rule
2019-08,0.002382032567337924,0.0023142652919925944,0.03388363767266486,hist_mean:rule
2019-09,0.0030936891962529286,0.003041106803362313,0.02629119644530796,hist_mean:rule
2019-10,0.0022657801753522065,0.002215930345228142,0.02492491506203229,hist_mean:rule
2019-11,0.004150364250555726,0.004085769265434106,0.03229749256080963,hist_mean:rule
2019-12,0.003852179849653637,0.0037929106462109316,0.029634601721352717,hist_mean:rule
2020-01,0.0052561646950522395,0.005197281964551922,0.029441365250159043,hist_mean:rule
2020-02,0.004957881566969769,0.004899009206612197,0.0294361801787857,hist_mean:rule
2020-03,0.0021562309071736477,0.002099787249241075,0.028221828966286333,hist_mean:rule
2020-04,-0.0015905730850546362,-0.0016945844699404313,0.052005692442897565,hist_mean:rule
2020-05,0.00046812073816006187,0.00034803416547929124,0.06004328634038522,hist_mean:rule
2020-06,0.003077732112036472,0.003012519039578388,0.03260653622904193,hist_mean:rule
2020-07,0.0012357222701045694,0.0011117724508579755,0.06197490962329708,hist_mean:rule
2020-08,0.005808971406574354,0.005714397455432824,0.047286975570764646,hist_mean:rule
2020-09,0.0076693460069192166,0.007591254753429832,0.039045626744692,hist_mean:rule
2020-10,0.003727290035622112,0.003652503227650411,0.03739340398585044,hist_mean:rule
2020-11,0.0010227266403093338,0.0009542762662731019,0.03422518701811586,hist_mean:rule
2020-12,0.0037435433252776262,0.0036576150632433757,0.04296413101712538,hist_mean:rule
2021-01,0.005584139376329986,0.00551068109488893,0.03672914072052837,hist_mean:rule
2021-02,0.006531663335351573,0.006446853265849231,0.04240503475117106,hist_mean:rule
2021-03,0.009132293308961004,0.009054770471356334,0.03876141880233462,hist_mean:rule
2021-04,0.007799914786012496,0.007734518277641048,0.032698254185723495,hist_mean:rule
2021-05,0.0074067876669002405,0.007325703648551883,0.04054200917417891,hist_mean:rule
2021-06,0.004792509287408182,0.0047313062648112825,0.030601511298449735,hist_mean:rule
2021-07,0.0020708249132864575,0.002014090301370085,0.028367305958186043,hist_mean:rule
2021-08,0.005031274684918136,0.004979076963520137,0.026098860698999717,hist_mean:rule
2021-09,0.0036691682662380247,0.0035961331584035976,0.03651755391721307,hist_mean:rule
2021-10,0.0009689848811039909,0.0009096595672054851,0.029662656949252773,hist_mean:rule
2021-11,0.0027674772390588976,0.0027052188382570893,0.03112920040090409,hist_mean:rule
2021-12,0.0036632027441519475,0.003600133431269642,0.03153465644115266,hist_mean:rule
2022-01,0.008856362471853405,0.00879939067159932,0.02848590012704253,hist_mean:rule
2022-02,0.004273261673663334,0.00420460699272878,0.03432734046727709,hist_mean:rule
2022-03,0.004049287479093297,0.003989665005808688,0.029811236642304586,hist_mean:rule
2022-04,0.004917296731558651,0.0048479852621057,0.03465573472647587,hist_mean:rule
2022-05,0.004068674013060596,0.003998082305965938,0.03529585354732917,hist_mean:rule
2022-06,0.002908719885561198,0.0028551850626042656,0.026767411478465994,hist_mean:rule
2022-07,-3.1620525742210575e-05,-8.656962560906297e-05,0.027474549933426164,hist_mean:rule
2022-08,0.0034565908962036042,0.0034024268588739833,0.027082018664810283,hist_mean:rule
2022-09,0.004651194185215697,0.004585623073813205,0.03278555570124576,hist_mean:rule
2022-10,0.0021031404844406502,0.0020482715805576622,0.027434451941494,hist_mean:rule
2022-11,0.003137605332273453,0.0030809648299821575,0.028320251145647648,hist_mean:rule
2022-12,0.004508979320318431,0.00444169239948223,0.033643460418100415,hist_mean:rule
2023-01,0.003538306778134731,0.0034815352905913466,0.028385743771691972,hist_mean:rule
2023-02,0.003502621617706555,0.0034333440913869766,0.034638763159789206,hist_mean:rule
2023-03,0.003760640069139388,0.00370952123715611,0.025559415991639165,hist_mean:rule
2023-04,0.0028330883721036444,0.002780087855785845,0.02650025815889964,hist_mean:rule
2023-05,0.0029936693831086342,0.002933176887493657,0.030246247807488833,hist_mean:rule
2023-06,0.0026642292703924655,0.0026013108653952155,0.031459202498625244,hist_mean:rule
2023-07,0.0022277770582662,0.0021669720039724366,0.030402527146881617,hist_mean:rule
2023-08,0.0056638750614209496,0.005604520488168714,0.02967728662611788,hist_mean:rule
2023-09,0.00680279195972952,0.006752443039235264,0.025174460247128005,hist_mean:rule
2023-10,0.005184292586847615,0.005138641178111972,0.022825704367821983,hist_mean:rule
2023-11,0.002556120745662993,0.0024612733289317615,0.04742370836561565,hist_mean:rule
2023-12,0.0037476204187050434,0.0036943856617706063,0.026617378467218646,hist_mean:rule
2024-01,0.007598732375779726,0.007544033891920581,0.02734924192957259,hist_mean:rule
2024-02,0.004011397824835587,0.003940680222796685,0.03535880101945104,hist_mean:rule
2024-03,0.004919334092083024,0.0048602478188613865,0.029543136610818813,hist_mean:rule
2024-04,0.004129652801194416,0.0040504979804005204,0.039577410396947635,hist_mean:rule
2024-05,0.006844093395173103,0.006768662203683413,0.03771559574484472,hist_mean:rule
2024-06,0.0019841139676524816,0.0019215155528048851,0.03129920742379823,hist_mean:rule
2024-07,0.0043845613586040435,0.004347636632679169,0.01846236296243747,hist_mean:rule
2024-08,0.004985846091659956,0.004934703909215376,0.025571091222289784,hist_mean:rule
2024-09,0.0024069622358090163,0.0023619166098834384,0.02252281296278882,hist_mean:rule
2024-10,0.005268238609740968,0.005222289356673044,0.022974626533962296,hist_mean:rule
2024-11,0.007648293160548219,0.007599938629506087,0.024177265521065902,hist_mean:rule
2024-12,0.0027142474698840656,0.0026677402348975433,0.023253617493261183,hist_mean:rule
2025-01,0.001913912665450116,0.0018685137374563085,0.02269946399690384,hist_mean:rule
2025-02,0.00279332600643253,0.002747677384393651,0.022824311019439533,hist_mean:rule
2025-03,0.003302799385661732,0.0032553634962076707,0.023717944727030538,hist_mean:rule
2025-04,0.001808319765890227,0.0017526249937218441,0.027847386084191583,hist_mean:rule
2025-05,0.002518359038890994,0.0024693076133110755,0.024525712789959322,hist_mean:rule
2025-06,-0.0007583491037635937,-0.0008152726956626118,0.02846179594950921,hist_mean:rule
2025-07,0.0023316046489271426,0.0022758024495588116,0.027901099684165452,hist_mean:rule
2025-08,0.0024075160095777927,0.0023561492694755453,0.025683370051123686,hist_mean:rule
2025-09,0.0030784091571030335,0.003021089743899942,0.028659706601546042,hist_mean:rule
2025-10,0.00252449382841458,0.0024725027024325645,0.02599556299100793,hist_mean:rule
2025-11,0.004610308746974173,0.004562338507516772,0.02398511972870111,hist_mean:rule
2025-12,0.003771587707522349,0.0037253884261953126,0.02309964066351851,hist_mean:rule
2000-01,-0.0051567066927988795,-0.0051567066927988795,0.0,ols:dm_only
2000-02,0.010200090098099093,0.008537065030150285,0.8315125339744041,ols:dm_only
2000-03,0.0004952711021578645,-0.0009587565629501023,0.7270138325539837,ols:dm_only
2000-04,-0.004540022491532007,-0.006065721220465051,0.7628493644665221,ols:dm_only
2000-05,0.0012786088164448998,-9.590996115518033e-05,0.6872593888000402,ols:dm_only
2000-06,-0.004584786176781775,-0.006034339263313795,0.7247765432660095,ols:dm_only
2000-07,0.0052120587908310164,0.003748522112792827,0.7317683390190944,ols:dm_only
2000-08,0.0036703721695700805,0.0023637889447962763,0.653291612386902,ols:dm_only
2000-09,0.007610115805750576,0.006220091849119454,0.6950119783155608,ols:dm_only
2000-10,0.009345095623247071,0.008138781480853518,0.6031570711967762,ols:dm_only
2000-11,0.008084946934562102,0.00690165285687476,0.5916470388436714,ols:dm_only
2000-12,0.0037977169622786743,0.002597080880258792,0.6003180410099412,ols:dm_only
2001-01,-0.025329065186654225,-0.02705162513462657,0.8612799739861721,ols:dm_only
2001-02,0.0042142012402104165,0.0019133522575503791,1.150424491330019,ols:dm_only
2001-03,0.030779466380806142,0.02864502231196868,1.067222034418732,ols:dm_only
2001-04,0.0020808529587077037,0.000646812474974177,0.7170202418667632,ols:dm_only
2001-05,0.011638861458565209,0.009907243913711124,0.8658087724270419,ols:dm_only
2001-06,0.00627317706800892,0.004727548931268552,0.7728140683701837,ols:dm_only
2001-07,0.013852022873729926,0.012332129743607818,0.759946565061054,ols:dm_only
2001-08,0.0013414822790877832,-3.402382888764617e-05,0.6877530539877149,ols:dm_only
2001-09,0.012189683932540047,0.010664553219362116,0.7625653565889652,ols:dm_only
2001-10,-0.013835886278332503,-0.015430094656160527,0.7971041889140129,ols:dm_only
2001-11,0.012750970822489303,0.01080344304128805,0.9737638906006262,ols:dm_only
2001-12,0.006088640384538152,0.004307024891619099,0.890807746459527,ols:dm_only
2002-01,0.0023803012613074176,0.0004118407747732205,0.9842302432670985,ols:dm_only
2002-02,0.004388759232788634,0.003031321500158522,0.6787188663150563,ols:dm_only
2002-03,0.00794861446263828,0.006544954374703082,0.7018300439675986,ols:dm_only
2002-04,0.014675980604779117,0.013375970620571557,0.6500049921037806,ols:dm_only
2002-05,0.010126037062568016,0.008727050747591919,0.699493157488049,ols:dm_only
2002-06,0.018897419915654683,0.01760063077339409,0.6483945711302957,ols:dm_only
2002-07,0.008081689345584793,0.006802426199600452,0.6396315729921705,ols:dm_only
2002-08,0.004337784116441082,0.0031364913253921424,0.6006463955244704,ols:dm_only
2002-09,0.015699681734925357,0.014526984346061606,0.5863486944318752,ols:dm_only
2002-10,0.006770692848132903,0.005738695212146827,0.5159988179930377,ols:dm_only
2002-11,0.0022447988833146715,0.000986407028170876,0.6291959275718979,ols:dm_only
2002-12,0.0049657805568539305,0.0036983557866116135,0.6337123851211588,ols:dm_only
2003-01,0.008903771732121517,0.007646352000239952,0.6287098659407834,ols:dm_only
2003-02,0.0038662322515862994,0.0028438689644321754,0.5111816435770619,ols:dm_only
2003-03,0.00995845177648095,0.008989913904332542,0.4842689360742051,ols:dm_only
2003-04,-0.005882890678100587,-0.006633904559960448,0.37550694092993087,ols:dm_only
2003-05,0.012068086075978323,0.010713177150912618,0.6774544625328519,ols:dm_only
2003-06,0.007247313533503076,0.005977617522724843,0.6348480053891166,ols:dm_only
2003-07,0.014872802076093015,0.013824249840484033,0.524276117804491,ols:dm_only
2003-08,0.014420389814987205,0.013194672937650666,0.6128584386682696,ols:dm_only
2003-09,-0.010922618406803274,-0.012265213691779733,0.6712976424882299,ols:dm_only
2003-10,0.007899466449400228,0.006478417569537911,0.7105244399311583,ols:dm_only
2003-11,0.004312637699876458,0.003054772245974319,0.6289327269510695,ols:dm_only
2003-12,-0.001405747973690784,-0.0027617356813380697,0.6779938538236424,ols:dm_only
2004-01,0.008249184363976206,0.007000674528977276,0.6242549174994658,ols:dm_only
2004-02,0.009126047829140435,0.007698605793428189,0.7137210178561229,ols:dm_only
2004-03,0.006743106050738506,0.00572442578442378,0.5093401331573628,ols:dm_only
2004-04,0.019548104632663568,0.018490118677876994,0.5289929773932864,ols:dm_only
2004-05,-0.005310764709582455,-0.0063802156354742165,0.5347254629458806,ols:dm_only
2004-06,-0.007574573489742173,-0.008787598907738737,0.6065127089982825,ols:dm_only
2004-07,0.009306913736791808,0.008099150683247663,0.6038815267720723,ols:dm_only
2004-08,0.005949194597973065,0.004877790279974816,0.5357021589991245,ols:dm_only
2004-09,0.01322885344434611,0.01206754139461685,0.5806560248646291,ols:dm_only
2004-10,0.0035325275209386695,0.002420173395954222,0.556177062492224,ols:dm_only
2004-11,0.008326053757268822,0.007106874498563712,0.6095896293525552,ols:dm_only
2004-12,0.0053514212717473975,0.004060613346949723,0.6454039623988373,ols:dm_only
2005-01,0.004624290451929081,0.0033282711011136303,0.6480096754077254,ols:dm_only
2005-02,0.0023641984109318954,0.0010668182868081024,0.6486900620618965,ols:dm_only
2005-03,0.010725169822533794,0.00938317817579136,0.6709958233712181,ols:dm_only
2005-04,0.016483306879007464,0.01535210306034284,0.5656019093323121,ols:dm_only
2005-05,-0.005049110360318575,-0.006066404428193663,0.5086470339375441,ols:dm_only
2005-06,0.003993163666790495,0.002630379575427916,0.6813920456812894,ols:dm_only
2005-07,0.0037083731330286992,0.0025134158493220916,0.597478641853304,ols:dm_only
2005-08,0.0033687573629834332,0.0021718683796001443,0.5984444916916443,ols:dm_only
2005-09,-2.122752830451105e-05,-0.001463205197080814,0.7209888343881519,ols:dm_only
2005-10,0.010357839126834027,0.00904947091460437,0.6541841061148281,ols:dm_only
2005-11,0.00445207226253125,0.003378550032988274,0.5367611147714877,ols:dm_only
2005-12,0.002470022973920405,0.0013112164422180005,0.5794032658512022,ols:dm_only
2006-01,-0.007171479426924185,-0.008329321364142724,0.5789209686092697,ols:dm_only
2006-02,0.013762091542205385,0.012143132757395585,0.8094793924048999,ols:dm_only
2006-03,-0.006487147236871583,-0.007784119920096824,0.6484863416126196,ols:dm_only
2006-04,0.0012591081408757148,-0.00011847975162824355,0.688793946251979,ols:dm_only
2006-05,0.0028898789536107032,0.0013829992494587347,0.7534398520759843,ols:dm_only
2006-06,0.014205302683305242,0.01287624829638639,0.6645271934594273,ols:dm_only
2006-07,0.002231870220546424,0.0010737629624998264,0.5790536290232989,ols:dm_only
2006-08,0.0037249291432502447,0.0025674711979756354,0.5787289726373047,ols:dm_only
2006-09,0.008679132929475914,0.007530302380650085,0.5744152744129147,ols:dm_only
2006-10,-5.633272914700903e-05,-0.0011182857974621474,0.5309765341575692,ols:dm_only
2006-11,0.00853317882191102,0.007331173439302157,0.6010026913044323,ols:dm_only
2006-12,0.00625663168324073,0.005190402049735719,0.5331148167525057,ols:dm_only
2007-01,0.006501214979635159,0.005394163965324949,0.5535255071551056,ols:dm_only
2007-02,0.005722711061359262,0.004453909261424766,0.6344008999672478,ols:dm_only
2007-03,0.00038924663250954376,-0.0008353157745472357,0.6122812035283898,ols:dm_only
2007-04,0.015355433433534809,0.014027158287128225,0.6641375732032915,ols:dm_only
2007-05,0.006825084134870624,0.005674846122767182,0.575119006051721,ols:dm_only
2007-06,0.0021229020388867158,0.0008462524790646717,0.6383247799110221,ols:dm_only
2007-07,0.0041890514785439285,0.0027291274055212186,0.7299620365113548,ols:dm_only
2007-08,0.002881213601407138,0.0015532463697172252,0.6639836158449564,ols:dm_only
2007-09,0.0018159449564014104,0.0005622461957883464,0.6268493803065319,ols:dm_only
2007-10,-0.003588975217200995,-0.004787641745296382,0.5993332640476934,ols:dm_only
2007-11,0.0040477376016397355,0.002787962940421619,0.629887330609058,ols:dm_only
2007-12,0.013232504941565613,0.011880382912444577,0.676061014560518,ols:dm_only
2008-01,0.005616874768293452,0.004541524463295159,0.5376751524991464,ols:dm_only
2008-02,-0.0015641243700886575,-0.0028297528925394478,0.632814261225395,ols:dm_only
2008-03,0.009154500321911863,0.007858937637696137,0.6477813421078624,ols:dm_only
2008-04,0.0020450971123557567,0.0008299984481430192,0.6075493321063687,ols:dm_only
2008-05,0.0013044921074378418,-1.6426058658085606e-05,0.6604590830479635,ols:dm_only
2008-06,0.009528752617674132,0.008242437820732057,0.6431573984710371,ols:dm_only
2008-07,0.0023093831735711556,0.001200356647909854,0.5545132628306507,ols:dm_only
2008-08,0.009941149250174803,0.008637750146015054,0.6516995520798742,ols:dm_only
2008-09,0.014458427263066377,0.013517878343676777,0.47027445969479903,ols:dm_only
2008-10,0.027157701755165273,0.02623296682181131,0.4623674666769812,ols:dm_only
2008-11,0.006667907031357488,0.005715252600537581,0.4763272154099536,ols:dm_only
2008-12,0.005259392965232314,0.0041514618261734105,0.5539655695294518,ols:dm_only
2009-01,0.006922484810768517,0.005660437873528022,0.6310234686202474,ols:dm_only
2009-02,0.006934319054743015,0.00575935185046266,0.5874836021401775,ols:dm_only
2009-03,-0.007835330104100842,-0.008915369807552264,0.5400198517257098,ols:dm_only
2009-04,-0.008473594106139562,-0.009892625697539495,0.7095157956999665,ols:dm_only
2009-05,0.015588341197743029,0.013767482912966944,0.9104291423880426,ols:dm_only
2009-06,-0.0009529151712737934,-0.002396833463437518,0.7219591460818624,ols:dm_only
2009-07,0.0016757255090738984,0.00024272531858467885,0.7165000952446098,ols:dm_only
2009-08,0.004850165400136739,0.003641341971987074,0.6044117140748329,ols:dm_only
2009-09,0.005247088551698278,0.0041142866584550596,0.5664009466216094,ols:dm_only
2009-10,0.0037585095008596733,0.0026944117523056473,0.532048874277013,ols:dm_only
2009-11,0.00354626830236468,0.002374650425916909,0.5858089382238855,ols:dm_only
2009-12,0.001318314225072356,0.0002580041134908194,0.5301550557907684,ols:dm_only
2010-01,0.0047053778065992286,0.003615159746323712,0.5451090301377581,ols:dm_only
2010-02,0.0019050935532880968,0.0007290036752575567,0.5880449390152701,ols:dm_only
2010-03,0.004700334155978375,0.0036184295263357227,0.5409523148213258,ols:dm_only
2010-04,0.007961691463149328,0.0069271093950149555,0.5172910340671858,ols:dm_only
2010-05,0.004069373037084186,0.0029925349131049825,0.5384190619896017,ols:dm_only
2010-06,0.00861880636070741,0.0075331706293738036,0.5428178656668031,ols:dm_only
2010-07,0.0014010472769835807,0.0005401529681617756,0.43044715441090253,ols:dm_only
2010-08,0.006108128425227452,0.0050394088281179574,0.5343597985547478,ols:dm_only
2010-09,0.002971769367612186,0.0019114389343925467,0.5301652166098196,ols:dm_only
2010-10,0.005071816720855087,0.004024162891137304,0.5238269148588913,ols:dm_only
2010-11,0.005049749055323189,0.004058040531446455,0.49585426193836707,ols:dm_only
2010-12,0.003618234249825629,0.0026321426324062303,0.4930458087096994,ols:dm_only
2011-01,0.009626028425504815,0.008686136648380987,0.4699458885619141,ols:dm_only
2011-02,0.004030325776415383,0.003019887090390933,0.5052193430122249,ols:dm_only
2011-03,0.0025246004064298014,0.0015586283324878624,0.48298603697096937,ols:dm_only
2011-04,0.0071974535174057774,0.006262143328334978,0.4676550945353998,ols:dm_only
2011-05,0.007681263550976972,0.006790183734396188,0.4455399082903925,ols:dm_only
2011-06,0.004412453179468687,0.0034759133483950105,0.46826991553683833,ols:dm_only
2011-07,0.005031830623718585,0.004134992363334693,0.4484191301919462,ols:dm_only
2011-08,0.006990947531957203,0.006088601134954708,0.4511731985012475,ols:dm_only
2011-09,0.006957695653919928,0.006052173313663322,0.4527611701283032,ols:dm_only
2011-10,-0.004242936666769911,-0.005299796891404085,0.5284301123170868,ols:dm_only
2011-11,0.005905673054831144,0.004788371604288091,0.5586507252715261,ols:dm_only
2011-12,0.006023288465126437,0.004987163401054644,0.5180625320358964,ols:dm_only
2012-01,-0.00928309165722088,-0.01025095805395168,0.4839331983653995,ols:dm_only
2012-02,0.0022486672741575146,0.0010062985867504567,0.6211843437035288,ols:dm_only
2012-03,0.0030080077156812096,0.0018492104267708548,0.5793986444551776,ols:dm_only
2012-04,0.006955377948815492,0.005798906934676536,0.5782355070694782,ols:dm_only
2012-05,0.007392433343444057,0.0064030007173478815,0.49471631304808805,ols:dm_only
2012-06,0.0033429878855964403,0.0024076007247994125,0.4676935803985141,ols:dm_only
2012-07,0.005000025144456903,0.0041855370893883375,0.4072440275342831,ols:dm_only
2012-08,0.008754164264619321,0.007848559483395032,0.45280239061214467,ols:dm_only
2012-09,0.003072069907186257,0.0021918285330162833,0.4401206870849867,ols:dm_only
2012-10,0.0019313462035911878,0.0010500162261221316,0.44066498873452803,ols:dm_only
2012-11,0.0029627897135436794,0.0020440087710476415,0.4593904712480188,ols:dm_only
2012-12,-0.00035602918472120426,-0.0012944029788884983,0.4691868970836472,ols:dm_only
2013-01,0.005261070598204049,0.004289651292821409,0.4857096526913204,ols:dm_only
2013-02,0.005447667954548462,0.0044897468845171845,0.4789605350156388,ols:dm_only
2013-03,0.008331705298756485,0.007428263793483969,0.4517207526362582,ols:dm_only
2013-04,0.007674632129301721,0.006910223437321254,0.38220434599023384,ols:dm_only
2013-05,0.0092429874881601,0.008371967479167682,0.43551000449620875,ols:dm_only
2013-06,0.00426420025983835,0.0032445901803413967,0.5098050397484766,ols:dm_only
2013-07,0.0019101468166342755,0.0009148234281092269,0.4976616942625243,ols:dm_only
2013-08,0.004558621245488544,0.003560676291255871,0.49897247711633647,ols:dm_only
2013-09,-0.0007297414861345366,-0.001763634722961968,0.5169466184137158,ols:dm_only
2013-10,0.002082080420078965,0.0010381298783324994,0.5219752708732328,ols:dm_only
2013-11,0.002945364343717423,0.001990938050860208,0.47721314642860724,ols:dm_only
2013-12,0.006380305913393567,0.005462832285639077,0.4587368138772446,ols:dm_only
2014-01,0.004108701230018561,0.003336159069010958,0.38627108050380166,ols:dm_only
2014-02,0.0012529178964658272,0.0003063399316019822,0.4732889824319224,ols:dm_only
2014-03,0.0001790518267424996,-0.0007617327419097201,0.47039228432610974,ols:dm_only
2014-04,0.005712681124039768,0.0048192909195296065,0.4466951022550807,ols:dm_only
2014-05,0.0050071832159180865,0.004157364432178763,0.4249093918696618,ols:dm_only
2014-06,0.004664142061237734,0.0037506862299984123,0.4567279156196608,ols:dm_only
2014-07,0.0006845185743760057,-0.00022896374549103012,0.4567411599335178,ols:dm_only
2014-08,0.002464844056008499,0.0014635578418612627,0.5006431070736183,ols:dm_only
2014-09,0.005849848231149885,0.004960280785270604,0.4447837229396407,ols:dm_only
2014-10,0.005950620046496686,0.005091595899284578,0.42951207360605365,ols:dm_only
2014-11,0.007002480740693998,0.006198321603610513,0.4020795685417426,ols:dm_only
2014-12,0.007903681583930577,0.00706418755235612,0.41974701578722884,ols:dm_only
2015-01,0.0024265713763375564,0.0015001760941574709,0.4631976410900428,ols:dm_only
2015-02,0.0007613461930776368,-0.00021775294673693956,0.48954956990728804,ols:dm_only
2015-03,0.005406800603152972,0.004527194650082127,0.4398029765354227,ols:dm_only
2015-04,-0.0053417260425764265,-0.00621198277386406,0.43512836564381646,ols:dm_only
2015-05,0.002602054878256422,0.0014971299198741413,0.5524624791911403,ols:dm_only
2015-06,0.0012704579461732335,0.0002061119984680988,0.5321729738525675,ols:dm_only
2015-07,0.00512144149187775,0.004245281134088487,0.43808017889463136,ols:dm_only
2015-08,0.007415417924537745,0.0065357223989230785,0.4398477628073333,ols:dm_only
2015-09,0.002147575829635232,0.0012655165260120182,0.4410296518116069,ols:dm_only
2015-10,0.0011949323129155827,0.0002889787462119669,0.4529767833518078,ols:dm_only
2015-11,0.009817255405475424,0.008906919952245764,0.45516772661483007,ols:dm_only
2015-12,0.0023720702921439145,0.001465680304737125,0.4531949937033945,ols:dm_only
2016-01,0.0015781471731885594,0.0006426310470901308,0.4677580630492142,ols:dm_only
2016-02,-0.00031197069250886146,-0.0012867687420374853,0.48739902476431174,ols:dm_only
2016-03,0.0010926661736201217,3.9285211246031885e-05,0.5266904811870449,ols:dm_only
2016-04,0.009571420401200952,0.008420596840934972,0.5754117801329895,ols:dm_only
2016-05,0.0025612359318688722,0.0015657086221839093,0.49776365484248136,ols:dm_only
2016-06,0.0006676062339861497,-0.00030976504083083127,0.4886856374084904,ols:dm_only
2016-07,0.002817764031299128,0.0019408987225233234,0.43843265438790235,ols:dm_only
2016-08,0.006045487377694265,0.005122400950506452,0.4615432135939062,ols:dm_only
2016-09,0.0032106993058495163,0.0023548637226473382,0.4279177916010889,ols:dm_only
2016-10,0.005802600509131107,0.005026824891060013,0.38788780903554704,ols:dm_only
2016-11,0.004610226344723955,0.003815058829625019,0.39758375754946834,ols:dm_only
2016-12,0.0002866500600796433,-0.0006126019015864621,0.44962598083305266,ols:dm_only
2017-01,0.010786566222042783,0.009900683365632289,0.44294142820524657,ols:dm_only
2017-02,0.003342162850917182,0.0023959962021359994,0.473083324390591,ols:dm_only
2017-03,0.0047281808016024565,0.0037594922503427827,0.4843442756298368,ols:dm_only
2017-04,0.0028745831585621547,0.002007819313835014,0.43338192236357026,ols:dm_only
2017-05,0.007108968795712376,0.006238692428267835,0.435138183722271,ols:dm_only
2017-06,0.002098458286778184,0.0013258218968087967,0.38631819498469355,ols:dm_only
2017-07,0.0064289938051352484,0.005688983855682278,0.3700049747264853,ols:dm_only
2017-08,0.00551924001730424,0.004669720084415701,0.4247599664442698,ols:dm_only
2017-09,0.004381831433069466,0.0035629527434718608,0.4094393447988027,ols:dm_only
2017-10,0.004561205245075728,0.0037559931176794044,0.40260606369816204,ols:dm_only
2017-11,0.0014776672577676685,0.0006711641280201917,0.4032515648737385,ols:dm_only
2017-12,-0.0015920348624010126,-0.002481910509494507,0.44493782354674705,ols:dm_only
2018-01,0.0022867928109713367,0.001349339724409886,0.4687265432807252,ols:dm_only
2018-02,0.0053208139216413255,0.004336122983931686,0.4923454688548201,ols:dm_only
2018-03,0.002840045115986416,0.0019023642031514403,0.4688404564174879,ols:dm_only
2018-04,0.00391021147005472,0.0030027664319702855,0.453722519042217,ols:dm_only
2018-05,0.005014179707612073,0.004028774383081483,0.4927026622652948,ols:dm_only
2018-06,0.0019179002881831947,0.0009519720845609474,0.4829641018111236,ols:dm_only
2018-07,0.001451410770908411,0.0005705584953274961,0.44042613779045753,ols:dm_only
2018-08,0.0036103238073345325,0.00270524628379174,0.45253876177139635,ols:dm_only
2018-09,0.0036123216093769672,0.002770242747353489,0.42103943101173924,ols:dm_only
2018-10,0.004162154405386812,0.0033453726217577487,0.4083908918145319,ols:dm_only
2018-11,-0.0015176104313992704,-0.0024500779025738583,0.46623373558729386,ols:dm_only
2018-12,0.0032377377613560326,0.002198686080917501,0.5195258402192658,ols:dm_only
2019-01,0.000743338392932404,-0.00012278030403674162,0.4330593484845729,ols:dm_only
2019-02,0.0007996678982390616,-0.00017160927077712024,0.48563858450809066,ols:dm_only
2019-03,0.0031267885383246684,0.002217062537292559,0.45486300051605505,ols:dm_only
2019-04,0.0009881905292379906,0.00010036724407414955,0.4439116425819206,ols:dm_only
2019-05,0.006283209524771305,0.0054453192235551775,0.41894515060806387,ols:dm_only
2019-06,0.0024564674187719042,0.0016197817335711698,0.4183428426003671,ols:dm_only
2019-07,0.005775362742441955,0.004877760008317106,0.4488013670624244,ols:dm_only
2019-08,0.002265563210608179,0.0014173515548945954,0.42410582785679174,ols:dm_only
2019-09,0.0027588992730080146,0.001916058168329339,0.42142055233933784,ols:dm_only
2019-10,0.0020982026612950625,0.0012780450834989794,0.41007878889804145,ols:dm_only
2019-11,0.0049351442430430065,0.004021729838214741,0.4567072024141332,ols:dm_only
2019-12,0.002169260974058852,0.001269820695707644,0.4497201391756041,ols:dm_only
2020-01,0.00629424717517582,0.005387305143664791,0.45347101575551463,ols:dm_only
2020-02,0.006827004217346736,0.005924717432690338,0.45114339232819967,ols:dm_only
2020-03,0.007477617622403897,0.006674769339651823,0.4014241413760373,ols:dm_only
2020-04,-0.019696857433390804,-0.020760366067445912,0.5317543170275552,ols:dm_only
2020-05,0.0036140159186094575,0.0018619207130135596,0.8760476027979489,ols:dm_only
2020-06,0.008554346212222978,0.007379618619692898,0.5873637962650393,ols:dm_only
2020-07,0.009127627065889078,0.007992839167539397,0.5673939491748414,ols:dm_only
2020-08,0.010563094473236124,0.00937486497988131,0.5941147466774065,ols:dm_only
2020-09,0.01328642128161891,0.012235022307240558,0.525699487189177,ols:dm_only
2020-10,0.0035775352480823396,0.0026474121759853873,0.46506153604847617,ols:dm_only
2020-11,-0.004858072012237377,-0.005823922645542548,0.4829253166525852,ols:dm_only
2020-12,0.00782481649138592,0.006504286166280173,0.6602651625528732,ols:dm_only
2021-01,0.008098919897759772,0.007010383077690455,0.544268410034659,ols:dm_only
2021-02,0.012213415552488959,0.011183451240032826,0.5149821562280672,ols:dm_only
2021-03,0.00863021461798993,0.007664289589329954,0.48296251432998805,ols:dm_only
2021-04,0.011352881458263683,0.010456416444167522,0.44823250704807993,ols:dm_only
2021-05,0.008412138296303539,0.007432123916146943,0.49000719007829896,ols:dm_only
2021-06,0.005285466027472105,0.004403695610031535,0.4408852087202853,ols:dm_only
2021-07,0.004143181983200977,0.0033135366493489997,0.41482266692598907,ols:dm_only
2021-08,0.0027963308081082774,0.0019435981024169698,0.4263663528456538,ols:dm_only
2021-09,0.005252248016439923,0.004270016979613773,0.49111551841307555,ols:dm_only
2021-10,0.007118130889740645,0.006216096717896377,0.4510170859221342,ols:dm_only
2021-11,0.00368384457793477,0.00290820172188009,0.3878214280273396,ols:dm_only
2021-12,0.00696325251445342,0.005996164637241375,0.48354393860602235,ols:dm_only
2022-01,0.011498294648053065,0.010683877623335392,0.40720851235883726,ols:dm_only
2022-02,0.007152117371527705,0.0063003838595995145,0.4258667559640951,ols:dm_only
2022-03,0.009036135018467518,0.008220547614448967,0.40779370200927595,ols:dm_only
2022-04,0.009217148361040404,0.00851721096064821,0.34996870019609794,ols:dm_only
2022-05,0.00634751180051692,0.005601146046171465,0.3731828771727279,ols:dm_only
2022-06,0.005505670166029565,0.004793248236285782,0.35621096487189113,ols:dm_only
2022-07,-0.0013240797961762906,-0.0020589494075923197,0.36743480570801473,ols:dm_only
2022-08,5.6099510783482384e-05,-0.0007244124655962854,0.39025598818988366,ols:dm_only
2022-09,0.006346575672567673,0.005512744961100788,0.41691535573344213,ols:dm_only
2022-10,0.005087159208568569,0.0042685110586112105,0.40932407497867906,ols:dm_only
2022-11,0.005207672541319066,0.004461286445395068,0.3731930479619992,ols:dm_only
2022-12,0.006878356642134478,0.006093213122584065,0.3925717597752063,ols:dm_only
2023-01,0.0015616648204425398,0.000790243672016964,0.38571057421278804,ols:dm_only
2023-02,0.006995512333321179,0.0061861481442156314,0.4046820945527736,ols:dm_only
2023-03,0.005900238030460228,0.005148747766140678,0.37574513215977484,ols:dm_only
2023-04,0.0009916675128393742,0.00027097355584066883,0.3603469784993527,ols:dm_only
2023-05,0.0017244358329577387,0.0010188726191704507,0.3527816068936441,ols:dm_only
2023-06,0.0049102262709236864,0.004094510730510085,0.40785777020680064,ols:dm_only
2023-07,0.003932741849570318,0.003061549322456235,0.4355962635570412,ols:dm_only
2023-08,0.004775745677394178,0.003930180683288198,0.42278249705299004,ols:dm_only
2023-09,0.0068812615297897005,0.006099144214080785,0.391058657854458,ols:dm_only
2023-10,0.007610413256050902,0.00690872700351964,0.35084312626563063,ols:dm_only
2023-11,-0.00023728292027490547,-0.0009569852906804748,0.35985118520278464,ols:dm_only
2023-12,0.004910522876518974,0.00403811145189016,0.4362057123144069,ols:dm_only
2024-01,0.006997350545704486,0.006241048181827961,0.3781511819382624,ols:dm_only
2024-02,0.006451731164429234,0.0056041851318500485,0.4237730162895925,ols:dm_only
2024-03,0.006118770554514508,0.0053644061373449535,0.37718220858477786,ols:dm_only
2024-04,0.004827557767977638,0.004061635234269118,0.3829612668542598,ols:dm_only
2024-05,0.007892775798745063,0.0071934862681172435,0.3496447653139096,ols:dm_only
2024-06,0.003244428688585455,0.00250946562834805,0.36748153011870266,ols:dm_only
2024-07,0.0020731611418585167,0.001426286389924516,0.32343737596700045,ols:dm_only
2024-08,0.006350042876702573,0.005663340977593161,0.3433509495547063,ols:dm_only
2024-09,0.0019219360481928037,0.0012541846145517907,0.3338757168205065,ols:dm_only
2024-10,0.005332738026098795,0.004639278184686243,0.34672992070627606,ols:dm_only
2024-11,0.008708967984673069,0.00798795031070382,0.36050883698462516,ols:dm_only
2024-12,0.004041560678274655,0.0033623034615533035,0.3396286083606759,ols:dm_only
2025-01,0.002016574273111662,0.0014038035343769525,0.3063853693673548,ols:dm_only
2025-02,0.0035242136495500145,0.0028121928530229702,0.3560103982635222,ols:dm_only
2025-03,0.003559947395200177,0.0028423119840402886,0.358817705579944,ols:dm_only
2025-04,0.0013702136325095251,0.0006262569260331222,0.37197835323820155,ols:dm_only
2025-05,0.002999324385259515,0.0022794053911328344,0.35995949706334035,ols:dm_only
2025-06,-0.00037180990603744767,-0.0010968804571591694,0.3625352755608608,ols:dm_only
2025-07,0.003529740588005131,0.002723124731553801,0.40330792822566486,ols:dm_only
2025-08,0.0074044933844977364,0.00661999658484232,0.3922483998277078,ols:dm_only
2025-09,0.008494775851771448,0.00768202591650346,0.4063749676339936,ols:dm_only
2025-10,0.002888818307856969,0.002139852167103815,0.37448307037657713,ols:dm_only
2025-11,0.003990519483327807,0.0031967937288958806,0.396862877215963,ols:dm_only
2025-12,0.00604263231121338,0.005265266817218491,0.3886827469974442,ols:dm_only
2000-01,-0.00184732017183612,-0.00184732017183612,0.0,ols:own
2000-02,0.0011009283602198582,-0.0007573957755994073,0.9291620679096331,ols:own
2000-03,0.00499489729474781,0.0035202993368382064,0.7372989789548021,ols:own
2000-04,0.010999034346404379,0.009108306883210003,0.9453637315971881,ols:own
2000-05,0.006658836307698907,0.005028848509984665,0.814993898857121,ols:own
2000-06,-0.0014416477479876272,-0.0030860851012831925,0.8222186766477826,ols:own
2000-07,0.007604683765422456,0.006100745022638063,0.7519693713921966,ols:own
2000-08,-7.7392306963343e-05,-0.0013262821839850989,0.6244449385108779,ols:own
2000-09,0.007507871771874788,0.006225061700403639,0.6414050357355745,ols:own
2000-10,0.011644700606241695,0.010433011209781172,0.6058446982302617,ols:own
2000-11,0.0075108166455194,0.006350457331679851,0.5801796569197747,ols:own
2000-12,-0.0009966394644541263,-0.002414497835705082,0.708929185625478,ols:own
2001-01,-0.01847980934701705,-0.01991414240301582,0.717166527999386,ols:own
2001-02,0.008320836067352436,0.006736791946570256,0.7920220603910899,ols:own
2001-03,0.021948437299515882,0.02034176755981514,0.8033348698503721,ols:own
2001-04,0.0022615624585886184,0.0011908674717574551,0.5353474934155817,ols:own
2001-05,0.00801677659405812,0.006546204462901871,0.7352860655781245,ols:own
2001-06,0.001401846166211122,0.00026156699433022647,0.5701395859404478,ols:own
2001-07,0.0059060210988174065,0.004701262819950798,0.6023791394333043,ols:own
2001-08,-0.0010948806072815169,-0.0021809195651597115,0.5430194789390972,ols:own
2001-09,-0.0018567571813930866,-0.0030995337168531287,0.6213882677300212,ols:own
2001-10,0.004054626641220516,0.0028215659543651505,0.6165303434276825,ols:own
2001-11,0.02606797186692502,0.024704709591693772,0.6816311376156252,ols:own
2001-12,0.004582798504545955,0.003328355688304253,0.6272214081208509,ols:own
2002-01,0.002467577934148773,0.0005588252881371412,0.954376323005816,ols:own
2002-02,0.003239219234017878,0.0021092568720850733,0.5649811809664025,ols:own
2002-03,-0.0009161248037729573,-0.0021311255936903675,0.6075003949587053,ols:own
2002-04,0.014714630281015793,0.013565607413772756,0.5745114336215184,ols:own
2002-05,0.008660648647134195,0.007404755092158801,0.6279467774876972,ols:own
2002-06,0.00311810468873918,0.0019431211219412914,0.587491783398944,ols:own
2002-07,0.0062042032046712514,0.004971578409120945,0.6163123977751529,ols:own
2002-08,0.0034168139712719187,0.0023156593390958177,0.5505773160880503,ols:own
2002-09,0.0042547974706235855,0.0032806337321683783,0.48708186922760377,ols:own
2002-10,0.006533348483294915,0.005479617550386143,0.526865466454386,ols:own
2002-11,0.007945555005357251,0.007027713006908997,0.45892099922412605,ols:own
2002-12,-0.001076722443820992,-0.0020493884851396646,0.4863330206593364,ols:own
2003-01,0.00940068506951443,0.008179924215412129,0.6103804270511499,ols:own
2003-02,0.0011761774966939122,0.00025286174292675213,0.46165787688358,ols:own
2003-03,0.008010452971979755,0.007068559586090433,0.47094669294466096,ols:own
2003-04,-0.0003108543011634908,-0.0009937403189572236,0.3414430088968659,ols:own
2003-05,0.01561816949879181,0.014525362141337672,0.5464036787270685,ols:own
2003-06,0.005234345148754993,0.004170572066676741,0.5318865410391259,ols:own
2003-07,0.00864060679539462,0.0076782859598054165,0.4811604177946017,ols:own
2003-08,0.00867837100011681,0.007613282866726165,0.5325440666953227,ols:own
2003-09,-0.003187232849749523,-0.0043963339255963805,0.6045505379234292,ols:own
2003-10,0.005483208232796271,0.004311426595649296,0.5858908185734878,ols:own
2003-11,0.006305125033263867,0.0052406477918721895,0.5322386206958392,ols:own
2003-12,-0.0023740242920652376,-0.003467233581887829,0.5466046449112958,ols:own
2004-01,0.008235238175507555,0.007279476000369704,0.4778810875689258,ols:own
2004-02,0.006235218062836518,0.005103944111595171,0.5656369756206737,ols:own
2004-03,0.006153591775322949,0.005218834605781091,0.46737858477092875,ols:own
2004-04,0.014273961614536436,0.013409854162471525,0.4320537260324553,ols:own
2004-05,-0.004731435547265407,-0.005629333532003221,0.44894899236890734,ols:own
2004-06,-0.006289635765722496,-0.007263577274407379,0.4869707543424413,ols:own
2004-07,0.0074344541031566656,0.00656353596769676,0.43545906772995263,ols:own
2004-08,0.009556734503949007,0.008670300570208938,0.4432169668700347,ols:own
2004-09,0.011622359954321627,0.010859108198302206,0.3816258780097108,ols:own
2004-10,0.0011847447550204621,0.00038732326715690686,0.3987107439317776,ols:own
2004-11,0.006059059855169031,0.005095356735949486,0.48185155960977244,ols:own
2004-12,0.005011895798701463,0.0041063117807620736,0.45279200896969457,ols:own
2005-01,0.002686341185799612,0.0016480556943263762,0.5191427457366178,ols:own
2005-02,0.0031942516668190596,0.0022444448657496655,0.47490340053469726,ols:own
2005-03,0.005334536890895681,0.004349369321029621,0.49258378493303023,ols:own
2005-04,0.011466069845464054,0.010589489645195618,0.43829010013421743,ols:own
2005-05,0.0010775730854755145,0.00021229202761632307,0.43264052892959587,ols:own
2005-06,0.004501690213928147,0.003495878474915296,0.5029058695064254,ols:own
2005-07,0.0030248135030483095,0.002103087975576719,0.4608627637357953,ols:own
2005-08,0.001102985467749151,0.00016763101454769409,0.4676772266007285,ols:own
2005-09,-0.0022584138301895633,-0.003403940311992417,0.5727632409014273,ols:own
2005-10,0.007950283145377353,0.00695730740830313,0.49648786853711113,ols:own
2005-11,0.002408887987088714,0.001566278238530055,0.42130487427932933,ols:own
2005-12,0.0008682455647317073,-8.358331906220068e-06,0.43830194831896374,ols:own
2006-01,-0.0076379451708281166,-0.008486883266162952,0.42446904766741744,ols:own
2006-02,0.013167583990928024,0.011902860100860531,0.632361945033747,ols:own
2006-03,-0.006999739107298471,-0.008018687159323626,0.5094740260125766,ols:own
2006-04,0.0007765327972202563,-0.0002489356194314872,0.512734208325872,ols:own
2006-05,0.01166561642070421,0.010409971703606434,0.627822358548888,ols:own
2006-06,0.014975934212708953,0.014000664028857489,0.4876350919257324,ols:own
2006-07,0.0025505370799133713,0.0015854786698716375,0.48252920502086694,ols:own
2006-08,0.0021907677600511953,0.001270346090402991,0.46021083482410224,ols:own
2006-09,0.008730691112921646,0.007840321817136663,0.4451846478924911,ols:own
2006-10,0.0004705869096523654,-0.00034234354720881434,0.40646522843058996,ols:own
2006-11,0.0070958187818652724,0.006218916688669909,0.43845104659768136,ols:own
2006-12,0.006455022972162385,0.005677854607698181,0.3885841822321018,ols:own
2007-01,0.00828581676578964,0.007294872465912628,0.49547214993850563,ols:own
2007-02,0.0076974346089678305,0.00658805688356042,0.5546888627037048,ols:own
2007-03,0.00033382983540999444,-0.0008023790210795875,0.5681044282447908,ols:own
2007-04,0.013591831292365183,0.012350832819466981,0.6204992364491024,ols:own
2007-05,0.006529975709834697,0.00548561511563837,0.522180297098163,ols:own
2007-06,0.0030360935346305943,0.0018972107428256414,0.5694413959024762,ols:own
2007-07,0.00330508792157405,0.0019448415489444633,0.6801231863147935,ols:own
2007-08,0.005310175614537771,0.004095821456240186,0.6071770791487925,ols:own
2007-09,0.0004274224311805482,-0.0007002324435736929,0.5638274373771205,ols:own
2007-10,-0.006219313937848084,-0.007356853162456633,0.5687696123042743,ols:own
2007-11,0.0027550646066728563,0.0016425479048579775,0.5562583509074395,ols:own
2007-12,0.008871177174611312,0.007693178225283791,0.5889994746637609,ols:own
2008-01,0.003991787238866876,0.0029990033579637486,0.4963919404515637,ols:own
2008-02,0.0007905514617163888,-0.0003878477618402771,0.5891996117783329,ols:own
2008-03,0.004927489039862706,0.0037689014861246243,0.5792937768690414,ols:own
2008-04,0.0026376826189059097,0.0014902366544408874,0.5737229822325111,ols:own
2008-05,0.0003650204263615387,-0.0007496168070693707,0.5573186167154548,ols:own
2008-06,0.007466163246016321,0.006301610818904851,0.5822762135557346,ols:own
2008-07,0.003278942870808771,0.0022923988597391837,0.4932720055347938,ols:own
2008-08,0.008041968986834689,0.0068602706386285415,0.5908491741030736,ols:own
2008-09,0.00974746807428184,0.00879805572500799,0.4747061746369248,ols:own
2008-10,0.019240560773413226,0.018309188023337596,0.46568637503781646,ols:own
2008-11,0.0068039698717079515,0.00585001582827295,0.47697702171750084,ols:own
2008-12,0.007820186736833712,0.006642570610946302,0.5888080629437051,ols:own
2009-01,0.007723503706486057,0.006551621840625702,0.5859409329301771,ols:own
2009-02,0.007518263638903275,0.006418128705437909,0.5500674667326827,ols:own
2009-03,-0.005394509970870116,-0.006380373465968453,0.49293174754916913,ols:own
2009-04,-0.0058211044466518124,-0.0071197589684436815,0.6493272608959345,ols:own
2009-05,0.011571260490835483,0.009964616720448018,0.8033218851937325,ols:own
2009-06,-0.0003491476199919449,-0.0017872771522707018,0.7190647661393785,ols:own
2009-07,0.0013444358694573195,-4.205305597561216e-05,0.6932444627164659,ols:own
2009-08,0.004739758843455377,0.0036360698300040963,0.5518445067256402,ols:own
2009-09,0.004470202851974679,0.0034286897788197265,0.5207565365774763,ols:own
2009-10,0.0039924618602933315,0.0030471759694007407,0.4726429454462952,ols:own
2009-11,0.0032998992714871177,0.002268486856197461,0.5157062076448282,ols:own
2009-12,0.00032754882827024817,-0.0006338768353131537,0.48071283179170093,ols:own
2010-01,0.005525808582760868,0.004539489218827058,0.49315968196690485,ols:own
2010-02,0.0019059260794959442,0.0008960285965240848,0.5049487414859296,ols:own
2010-03,0.005258726064561629,0.004300588154118139,0.4790689552217446,ols:own
2010-04,0.008871943830444911,0.007999387550705263,0.4362781398698242,ols:own
2010-05,0.002519436266706681,0.0016188194061332803,0.45030843028670037,ols:own
2010-06,0.0067107367938411076,0.005841267945658338,0.4347344240913849,ols:own
2010-07,0.002308331419348574,0.001565660406369574,0.3713355064895,ols:own
2010-08,0.004767821515953646,0.0038898174619925465,0.4390020269805501,ols:own
2010-09,0.002650635237824169,0.0017519492859550457,0.4493429759345617,ols:own
2010-10,0.003563249839979363,0.0027072607132632427,0.42799456335806013,ols:own
2010-11,0.00367342177671494,0.0028268455168608537,0.4232881299270432,ols:own
2010-12,0.0029070648595054954,0.0020701361096330524,0.4184643749362216,ols:own
2011-01,0.010029246555679387,0.009266979909425177,0.38113332312710485,ols:own
2011-02,0.003355482868609758,0.0025663656640884276,0.3945586022606651,ols:own
2011-03,0.002116124202794849,0.001304796395944578,0.40566390342513564,ols:own
2011-04,0.007120901537136023,0.006376777214892664,0.37206216112168,ols:own
2011-05,0.006724393481208251,0.006013755045326817,0.3553192179407177,ols:own
2011-06,0.004221444001524512,0.003458665852296405,0.38138907461405336,ols:own
2011-07,0.004416533431089152,0.003703255371218929,0.356639029935111,ols:own
2011-08,0.004036579641204087,0.0033343713709407226,0.35110413513168276,ols:own
2011-09,0.007936108861983843,0.007203194644592101,0.366457108695871,ols:own
2011-10,-0.00316654078040613,-0.003972276942695174,0.4028680811445219,ols:own
2011-11,0.004269106066994377,0.0033584397260200305,0.4553331704871732,ols:own
2011-12,0.005675795513752054,0.004790195270279025,0.4428001217365141,ols:own
2012-01,-0.006682925757723903,-0.0074873609467478,0.4022175945119486,ols:own
2012-02,0.004169828095656905,0.0031278742794623483,0.5209769080972783,ols:own
2012-03,0.003832786593387965,0.00283217662539838,0.5003049839947926,ols:own
2012-04,0.006411836675663316,0.0053748952700892975,0.5184707027870092,ols:own
2012-05,0.006377706640763445,0.0055149246948678,0.43139097294782314,ols:own
2012-06,0.0009515503115135138,0.0002005908175275893,0.3754797469929622,ols:own
2012-07,0.004811840581672763,0.004134177908065377,0.3388313368036929,ols:own
2012-08,0.008684625926715313,0.007961882136929757,0.36137189489277843,ols:own
2012-09,0.00295219062652713,0.0022529757876894253,0.3496074194188522,ols:own
2012-10,0.001589984267403822,0.0008753511064378499,0.357316580482986,ols:own
2012-11,0.0029060807740199134,0.002149526027684826,0.3782773731675438,ols:own
2012-12,-0.0007132890490021734,-0.0014573786171290454,0.37204478406343594,ols:own
2013-01,0.004778531744111523,0.003985281969198173,0.3966248874566751,ols:own
2013-02,0.004533536538804445,0.0037650879900648533,0.384224274369796,ols:own
2013-03,0.007424839054157369,0.006696062121931679,0.3643884661128447,ols:own
2013-04,0.005773510383247205,0.005145534870129182,0.3139877565590118,ols:own
2013-05,0.008400489449521724,0.007705979354279217,0.3472550476212528,ols:own
2013-06,0.003505337588623762,0.0026790127334628787,0.41316242758044147,ols:own
2013-07,0.0016502308897455539,0.0007666564753076979,0.4417872072189278,ols:own
2013-08,0.0046756458512051905,0.0038444015290670804,0.41562216106905525,ols:own
2013-09,-6.41857056344772e-06,-0.0008691085053851167,0.43134496741083445,ols:own
2013-10,0.002342298083325856,0.0015076289985904553,0.41733454236770023,ols:own
2013-11,0.0031206804182995706,0.002305992090573998,0.40734416386278594,ols:own
2013-12,0.006041315246618772,0.005255846691128207,0.392734277745282,ols:own
2014-01,0.0038350379995500585,0.003204512822791604,0.3152625883792275,ols:own
2014-02,0.001237440144416602,0.000473004223609033,0.3822179604037844,ols:own
2014-03,0.0012931102238910963,0.0005001387317234804,0.39648574608380777,ols:own
2014-04,0.005550505035355953,0.004827749569866988,0.36137773274448276,ols:own
2014-05,0.0045340321555117835,0.0038272179661746606,0.3534070946685616,ols:own
2014-06,0.004630966633709929,0.003879969020534871,0.37549880658752915,ols:own
2014-07,0.002167076922150375,0.0014421300144144356,0.36247345386796975,ols:own
2014-08,0.003082440880050996,0.002240221681197439,0.4211095994267786,ols:own
2014-09,0.005347148609629143,0.004638395537520505,0.354376536054319,ols:own
2014-10,0.0044817122380552184,0.0037830116987309574,0.3493502696621306,ols:own
2014-11,0.005951912148102986,0.005311879401894332,0.3200163731043266,ols:own
2014-12,0.006550798813067558,0.005872334199727288,0.339232306670135,ols:own
2015-01,0.002607212424123162,0.0018695314506354495,0.36884048674385633,ols:own
2015-02,0.0006472383316477341,-0.00018731331539328578,0.4172758235205098,ols:own
2015-03,0.0045448943694408675,0.003807675180784377,0.36860959432824525,ols:own
2015-04,-0.004534445529711253,-0.005267100829489329,0.36632764988903777,ols:own
2015-05,0.0025836591122247806,0.001706402467713008,0.43862832225588627,ols:own
2015-06,0.0012679255756124798,0.0004080000812465932,0.42996274718294314,ols:own
2015-07,0.005032168564229648,0.004307125066495903,0.3625217488668728,ols:own
2015-08,0.006665548380246875,0.005951838786781224,0.3568547967328255,ols:own
2015-09,0.002403506985073119,0.00168081412878412,0.36134642814449947,ols:own
2015-10,0.00195405232377742,0.0011968355948424462,0.378608364467487,ols:own
2015-11,0.008663496918158434,0.00792814293052331,0.3676769938175626,ols:own
2015-12,0.002450648002599482,0.001696899611186075,0.3768741957067034,ols:own
2016-01,0.0022642173054907024,0.0015614374301525361,0.3513899376690831,ols:own
2016-02,0.0005441253001732912,-0.00015209630239826065,0.34811080128577593,ols:own
2016-03,0.0007616237261865589,1.934403915392953e-05,0.37113984351631474,ols:own
2016-04,0.008981644258364774,0.008148427790739526,0.41660823381262435,ols:own
2016-05,0.002823469464895853,0.0020642627300473757,0.37960336742423867,ols:own
2016-06,0.0010246549613535654,0.0003431716197843112,0.34074167078462697,ols:own
2016-07,0.0041463245841439084,0.0035106775878722143,0.3178234981358472,ols:own
2016-08,0.005754256875497033,0.005097826154702674,0.3282153603971789,ols:own
2016-09,0.0031452225057858937,0.002513323052974623,0.3159497264056354,ols:own
2016-10,0.005485354476646044,0.0049370881724272765,0.2741331521093841,ols:own
2016-11,0.004724143420232857,0.0041567760192094995,0.2836837005116793,ols:own
2016-12,0.00045781291719717096,-0.00018674140342323352,0.32227716031020226,ols:own
2017-01,0.0093828083638115,0.008739379967325071,0.3217141982432148,ols:own
2017-02,0.0034536569230978467,0.0027397056704652274,0.3569756263163101,ols:own
2017-03,0.0044739101275094815,0.003711008642791129,0.3814507423591766,ols:own
2017-04,0.0031625416465518802,0.0025063495298143237,0.3280960583687782,ols:own
2017-05,0.006088916753354108,0.005437172843625354,0.32587195486437653,ols:own
2017-06,0.0016830539201695644,0.001105622107494509,0.28871590633752775,ols:own
2017-07,0.00660487154956086,0.006049454741972385,0.27770840379423756,ols:own
2017-08,0.005381485836852319,0.0047561597501647465,0.31266304334378664,ols:own
2017-09,0.00442364028928419,0.003789858815137375,0.31689073707340765,ols:own
2017-10,0.00405080628926671,0.0034605451339877226,0.2951305776394944,ols:own
2017-11,0.0019427623585071881,0.0013575557523550104,0.29260330307608884,ols:own
2017-12,-0.001271351809713399,-0.0019131796973217183,0.32091394380415966,ols:own
2018-01,0.0022291384722658235,0.001557774454127949,0.3356820090689373,ols:own
2018-02,0.005120246473015807,0.004414873337272259,0.3526865678717738,ols:own
2018-03,0.0032207534095576498,0.002528215690497176,0.3462688595302367,ols:own
2018-04,0.0035835477753364026,0.002963400363595415,0.31007370587049377,ols:own
2018-05,0.005184158398801887,0.00446148481957772,0.3613367896120833,ols:own
2018-06,0.0020036486852080754,0.0012992162303619862,0.35221622742304454,ols:own
2018-07,0.0017092031297428858,0.0010699541007014267,0.31962451452072954,ols:own
2018-08,0.0034495777196610717,0.0028054192354621233,0.3220792420994741,ols:own
2018-09,0.0030664050548787126,0.0024642775308983803,0.3010637619901661,ols:own
2018-10,0.0039062362737548343,0.003343922628365566,0.2811568226946343,ols:own
2018-11,-0.000794495996793143,-0.001462670644573433,0.334087323890145,ols:own
2018-12,0.0032457969433142895,0.0025014729631115847,0.3721619901013524,ols:own
2019-01,0.0022915095231309302,0.0016539720825345797,0.31876872029817543,ols:own
2019-02,0.0010721354644767115,0.000416409440003436,0.3278630122366377,ols:own
2019-03,0.003153975124215303,0.002495747784089413,0.32911367006294495,ols:own
2019-04,0.0006317092210565448,2.758205749306499e-06,0.3144755076536191,ols:own
2019-05,0.0053624830993290185,0.004744212424569205,0.30913533737990656,ols:own
2019-06,0.002772229861419065,0.0021791351243909502,0.29654736851405744,ols:own
2019-07,0.005389394566541375,0.004742572989805988,0.323410788367694,ols:own
2019-08,0.0021008868497116497,0.0014868139464225703,0.3070364516445397,ols:own
2019-09,0.0026089248054133535,0.001994343881702072,0.3072904618556408,ols:own
2019-10,0.001956550561348368,0.001369629187476677,0.2934606869358452,ols:own
2019-11,0.004749800065136258,0.004099557431750079,0.3251213166930895,ols:own
2019-12,0.002879330098549705,0.002228943621477519,0.32519323853609294,ols:own
2020-01,0.006463327763018898,0.005796727812223821,0.3332999753975382,ols:own
2020-02,0.006014221789796544,0.0053427008376609655,0.3357604760677892,ols:own
2020-03,0.006345458683246069,0.005719926651747995,0.3127660157490368,ols:own
2020-04,-0.013691590139693831,-0.014460978920997097,0.3846943906516336,ols:own
2020-05,0.002239743099626643,0.0008560366844104013,0.6918532076081209,ols:own
2020-06,0.004949843141071613,0.003955418442758771,0.497212349156421,ols:own
2020-07,0.005207888416142507,0.004355546432709791,0.42617099171635825,ols:own
2020-08,0.008873269103063137,0.007928101117618783,0.4725839927221775,ols:own
2020-09,0.011172186815868334,0.010330760986768375,0.42071291454997956,ols:own
2020-10,0.004214862978025669,0.0034736483618962337,0.370607308064718,ols:own
2020-11,-0.0043507786464575746,-0.005135180807313649,0.39220108042803703,ols:own
2020-12,0.006956057670769203,0.005955741689484978,0.5001579906421123,ols:own
2021-01,0.007755698747567236,0.006909516706306463,0.4230910206303863,ols:own
2021-02,0.01015629201334448,0.009403699521389992,0.37629624597724454,ols:own
2021-03,0.00954578638385445,0.00879175955640028,0.37701341372708613,ols:own
2021-04,0.011066447173246141,0.010395778867652227,0.3353341527969576,ols:own
2021-05,0.008472852973516234,0.007722904910207953,0.3749740316541405,ols:own
2021-06,0.004937988354094407,0.004265892296594034,0.33604802875018625,ols:own
2021-07,0.0033331448550560543,0.0027093747430073827,0.31188505602433597,ols:own
2021-08,0.004110939902373548,0.003495790577978289,0.30757466219762936,ols:own
2021-09,0.005163506795693991,0.004454756128236565,0.35437533372871266,ols:own
2021-10,0.0061103182273069155,0.005441119270742878,0.33459947828201925,ols:own
2021-11,0.003980430473232959,0.00339824802187845,0.2910912256772546,ols:own
2021-12,0.006371270748705893,0.0056645380418519214,0.3533663534269864,ols:own
2022-01,0.011570881678302924,0.010928964868339091,0.3209584049819169,ols:own
2022-02,0.006563949114057843,0.005896750611763226,0.33359925114730876,ols:own
2022-03,0.007945548481972016,0.007271726743977478,0.33691086899726946,ols:own
2022-04,0.008234240498252958,0.007650893158270092,0.29167366999143374,ols:own
2022-05,0.006015023925257656,0.0054075848285275036,0.303719548365076,ols:own
2022-06,0.005172665273195303,0.004596813987509673,0.28792564284281563,ols:own
2022-07,-0.0008767898604368833,-0.0014627278169098536,0.2929689782364852,ols:own
2022-08,0.0009650363274509189,0.00034603634898608176,0.3094999892324185,ols:own
2022-09,0.006118247216223696,0.005479767722567834,0.31923974682793177,ols:own
2022-10,0.004893689975626504,0.00421601444331262,0.3388377661569421,ols:own
2022-11,0.005213123773433663,0.004610881115754972,0.3011213288393449,ols:own
2022-12,0.0069629697474211626,0.006327619734638415,0.3176750063913741,ols:own
2023-01,0.0017440144329462957,0.0010929620968441328,0.3255261680510816,ols:own
2023-02,0.006610149830561591,0.005930108018341319,0.3400209061101357,ols:own
2023-03,0.005877170059057971,0.005264465470656979,0.3063522942004961,ols:own
2023-04,0.0014564352572613668,0.0008738644978437906,0.2912853797087881,ols:own
2023-05,0.0022765362753923535,0.001674281654795988,0.3011273102981829,ols:own
2023-06,0.004473698500116764,0.003813757606809513,0.32997044665362574,ols:own
2023-07,0.0035360461020986582,0.002826622905123968,0.35471159848734507,ols:own
2023-08,0.005567118437564298,0.004882745313035734,0.3421865622642822,ols:own
2023-09,0.007059781287179626,0.006434545888071519,0.3126176995540535,ols:own
2023-10,0.007474112293765245,0.0068990104504723145,0.2875509216464653,ols:own
2023-11,0.0005460266218523514,-2.414114987185216e-05,0.2850838858621017,ols:own
2023-12,0.004709594322846428,0.003994074810882089,0.35775975598216925,ols:own
2024-01,0.007375712177018375,0.00674423069024632,0.31574074338602764,ols:own
2024-02,0.005999441696907789,0.005287819025045863,0.35581133593096276,ols:own
2024-03,0.0060270925648498504,0.005384995760450677,0.3210484021995867,ols:own
2024-04,0.004256271848738863,0.0036004239331359797,0.3279239578014415,ols:own
2024-05,0.007732447313981022,0.007128196797106582,0.3021252584372194,ols:own
2024-06,0.0026126436387452763,0.0020035461035305224,0.3045487676073768,ols:own
2024-07,0.0027393889255943435,0.0021775221373029857,0.2809333941456787,ols:own
2024-08,0.006168097246880217,0.005611156080276286,0.2784705833019654,ols:own
2024-09,0.0022853925457105594,0.0017309717349369008,0.2772104053868294,ols:own
2024-10,0.005292489785345775,0.004733891192429055,0.27929929645836,ols:own
2024-11,0.008388851047182112,0.007800916597119447,0.2939672250313326,ols:own
2024-12,0.003794289324615058,0.0032365453214364625,0.27887200158929776,ols:own
2025-01,0.002277912396065364,0.0017659334510927674,0.25598947248629816,ols:own
2025-02,0.0032318862269900242,0.002626594078283543,0.3026460743532405,ols:own
2025-03,0.003597671758912517,0.0029768677762239282,0.31040199134429436,ols:own
2025-04,0.0013296628499874419,0.0007071301756934521,0.3112663371469948,ols:own
2025-05,0.0028476107093716465,0.0022307126036487514,0.3084490528614478,ols:own
2025-06,-0.000614885498826658,-0.001221423555592638,0.30326902838299,ols:own
2025-07,0.002979914881923185,0.0023111018934645826,0.33440649422930124,ols:own
2025-08,0.005657370740697043,0.004986910436539021,0.335230152079011,ols:own
2025-09,0.007394350829673029,0.006711957152702263,0.34119683848538246,ols:own
2025-10,0.0032390780955376727,0.00261302081307319,0.31302864123224117,ols:own
2025-11,0.004026761574670548,0.0033580974852382883,0.3343320447161302,ols:own
2025-12,0.005249847876723548,0.004593670383866087,0.3280887464287305,ols:own
2000-01,-0.0023474424540065224,-0.0023474424540065224,0.0,ols:pooled
2000-02,0.01155041644075801,0.009800413859130781,0.8750012908136143,ols:pooled
2000-03,0.0007537987717444158,-0.0007147638350481069,0.734281303396262,ols:pooled
2000-04,-0.003716813794298962,-0.005356707170924809,0.819946688312923,ols:pooled
2000-05,0.002664287138582839,0.001149904609120893,0.7571912647309731,ols:pooled
2000-06,-0.004376761958872072,-0.0058824651484127915,0.7528515947703596,ols:pooled
2000-07,0.0046854786306304635,0.003234784848415673,0.7253468911073953,ols:pooled
2000-08,0.0043401826135498825,0.003019893869780052,0.660144371884915,ols:pooled
2000-09,0.0064332355744640135,0.005072470454892862,0.6803825597855754,ols:pooled
2000-10,0.008948279468548958,0.007715304416547808,0.6164875260005751,ols:pooled
2000-11,0.00756156859336006,0.006347232409251691,0.6071680920541849,ols:pooled
2000-12,0.00456135946077691,0.0033243636504677633,0.6184979051545735,ols:pooled
2001-01,-0.02362699572616255,-0.025133980346737493,0.7534923102874718,ols:pooled
2001-02,0.007346175445604791,0.005283195245315087,1.0314901001448524,ols:pooled
2001-03,0.030188439955573704,0.02824454391676303,0.9719480194053356,ols:pooled
2001-04,0.002482949978950461,0.001194849718497014,0.6440501302267233,ols:pooled
2001-05,0.01215227989612026,0.010588067984522963,0.7821059557986484,ols:pooled
2001-06,0.006321786361480075,0.0049745846507438,0.6736008553681375,ols:pooled
2001-07,0.012266559739127944,0.010942459734294778,0.6620500024165829,ols:pooled
2001-08,0.0020280099988819124,0.000818467771005819,0.6047711139380465,ols:pooled
2001-09,0.014213436065702986,0.012855388010304725,0.6790240276991302,ols:pooled
2001-10,-0.011886191271368007,-0.013275382712146972,0.6945957203894825,ols:pooled
2001-11,0.010649018610038901,0.008953702892814835,0.8476578586120336,ols:pooled
2001-12,0.007177988940508267,0.005559079840342291,0.8094545500829885,ols:pooled
2002-01,0.0027098958727021162,0.0008853124123814036,0.9122917301603565,ols:pooled
2002-02,0.004722164609372772,0.0035062552855548716,0.6079546619089501,ols:pooled
2002-03,0.005718551528994389,0.004449363317392011,0.6345941058011889,ols:pooled
2002-04,0.015593640524147216,0.01437154934562274,0.6110455892622383,ols:pooled
2002-05,0.0098111238806359,0.008525268620445121,0.6429276300953894,ols:pooled
2002-06,0.015771757754610392,0.01454694213322198,0.6124078106942065,ols:pooled
2002-07,0.008311235731596749,0.007091737890983476,0.6097489203066363,ols:pooled
2002-08,0.00458110446052091,0.003447490754805795,0.5668068528575574,ols:pooled
2002-09,0.014062291042977773,0.012996106750872809,0.5330921460524835,ols:pooled
2002-10,0.00721623029904915,0.0062298316420666446,0.49319932849125186,ols:pooled
2002-11,0.003488753556729959,0.002372661847296123,0.5580458547169177,ols:pooled
2002-12,0.004537786976680521,0.0034009192259979843,0.5684338753412693,ols:pooled
2003-01,0.009122179509316536,0.007938958425643452,0.5916105418365415,ols:pooled
2003-02,0.004050933501096221,0.003113281097379341,0.4688262018584403,ols:pooled
2003-03,0.009577662565141535,0.008671226205582666,0.45321817977943474,ols:pooled
2003-04,-0.0049593868770550905,-0.005656708548133807,0.3486608355393586,ols:pooled
2003-05,0.013501889664010018,0.012256752052255864,0.622568805877077,ols:pooled
2003-06,0.00661847867299504,0.005455494948900148,0.5814918620474459,ols:pooled
2003-07,0.013532304901007219,0.012548449666861097,0.491927617073061,ols:pooled
2003-08,0.01314930905523831,0.011988333338053816,0.580487858592247,ols:pooled
2003-09,-0.009479934880190298,-0.010770462474035432,0.6452637969225666,ols:pooled
2003-10,0.007516853955535429,0.006182191030208203,0.6673314626636123,ols:pooled
2003-11,0.005729644781544828,0.004564629943684962,0.5825074189299325,ols:pooled
2003-12,-0.0014919570298901662,-0.002745493161006751,0.626768065558292,ols:pooled
2004-01,0.008969910159048904,0.007844419778953162,0.5627451900478706,ols:pooled
2004-02,0.008597544428166149,0.00729064198487576,0.6534512216451942,ols:pooled
2004-03,0.006397883706049041,0.0054370723147007275,0.48040569567415725,ols:pooled
2004-04,0.018919222903122535,0.017947845996906193,0.4856884531081698,ols:pooled
2004-05,-0.005508660542583919,-0.0064938245429620265,0.49258200018905374,ols:pooled
2004-06,-0.007952159993563539,-0.009061286211227575,0.5545631088320186,ols:pooled
2004-07,0.00874710115837536,0.007645399547687456,0.5508508053439521,ols:pooled
2004-08,0.008390865215298571,0.007400182526292997,0.4953413445027872,ols:pooled
2004-09,0.013276941892761606,0.012247242045141413,0.5148499238100958,ols:pooled
2004-10,0.0025621021131332763,0.0015674288971043453,0.4973366080144656,ols:pooled
2004-11,0.00768568031737535,0.0065527068968147285,0.566486710280311,ols:pooled
2004-12,0.005615314216014534,0.004445882422291515,0.5847158968615096,ols:pooled
2005-01,0.004259009439917759,0.00305298719758159,0.6030111211680844,ols:pooled
2005-02,0.002817569358774167,0.001641386193490058,0.5880915826420543,ols:pooled
2005-03,0.009418152295228766,0.008191080931012156,0.6135356821083041,ols:pooled
2005-04,0.015557990943658753,0.014516728316159824,0.5206313137494641,ols:pooled
2005-05,-0.0033551833413713876,-0.004305176625357991,0.4749966419933017,ols:pooled
2005-06,0.00417337087994711,0.002930017047860721,0.6216769160431945,ols:pooled
2005-07,0.003763446227565305,0.0026710063740729975,0.5462199267461537,ols:pooled
2005-08,0.002762814176466019,0.0016606737371520086,0.551070219657005,ols:pooled
2005-09,-0.000609527593319548,-0.0019505098010964537,0.6704911038884525,ols:pooled
2005-10,0.009718431963861681,0.008517644349365146,0.6003938072482674,ols:pooled
2005-11,0.0040481134491529465,0.003061482174340422,0.49331563740626233,ols:pooled
2005-12,0.0019953143841397692,0.0009260445333123713,0.5346349254136988,ols:pooled
2006-01,-0.007546028312712518,-0.008597805536501826,0.5258886118946536,ols:pooled
2006-02,0.013608086447884419,0.012102375038188999,0.752855704847709,ols:pooled
2006-03,-0.00720410172124078,-0.008398907909695068,0.5974030942271441,ols:pooled
2006-04,0.001372225914066828,0.00010485137535187318,0.6336872693574773,ols:pooled
2006-05,0.005389015821681743,0.003968796810624283,0.71010950552873,ols:pooled
2006-06,0.01431902488585225,0.013106498027206934,0.606263429322657,ols:pooled
2006-07,0.0023554581962301657,0.0012756968657261095,0.5398806652520282,ols:pooled
2006-08,0.00372802837738944,0.002661501774591435,0.5332633013990021,ols:pooled
2006-09,0.008801116415972325,0.007753218640309049,0.523948887831638,ols:pooled
2006-10,0.00021190680761701673,-0.0007512144907465418,0.4815606491817794,ols:pooled
2006-11,0.007768279393567813,0.006685228360115218,0.5415255167262972,ols:pooled
2006-12,0.006296142468542981,0.005330778884164664,0.4826817921891586,ols:pooled
2007-01,0.007169933068316594,0.0061148395894601495,0.5275467394282227,ols:pooled
2007-02,0.006478992805394203,0.005258161389710976,0.6104157078416133,ols:pooled
2007-03,0.0001277370184121131,-0.0010623712588399596,0.5950541386260365,ols:pooled
2007-04,0.015212923378923176,0.013922768465725151,0.645077456599012,ols:pooled
2007-05,0.00682480041072559,0.005732169189805838,0.5463156104598751,ols:pooled
2007-06,0.0022998603559884743,0.0010994399541683288,0.6002102009100732,ols:pooled
2007-07,0.004114694524452359,0.002701037052719291,0.7068287358665339,ols:pooled
2007-08,0.0036790469004832605,0.0024090430672246434,0.6350019166293085,ols:pooled
2007-09,0.0015407200052507824,0.0003526378965241562,0.594041054363313,ols:pooled
2007-10,-0.004344413428150933,-0.005503088307378307,0.579337439613687,ols:pooled
2007-11,0.0034755349918851935,0.0022863020396068747,0.5946164761391594,ols:pooled
2007-12,0.011745582505213813,0.010459066665579721,0.6432579198170458,ols:pooled
2008-01,0.0050313785816845724,0.003989727679351042,0.5208254511667653,ols:pooled
2008-02,-0.0006887062712408118,-0.0019196313329867443,0.6154625308729665,ols:pooled
2008-03,0.007858671387457501,0.006617159233652586,0.6207560769024569,ols:pooled
2008-04,0.0023500848439100756,0.0011692155001764917,0.5904346718667919,ols:pooled
2008-05,0.0010624893447805765,-0.00017645600147922624,0.6194726731299014,ols:pooled
2008-06,0.008980750524799661,0.00774921140813792,0.6157695583308711,ols:pooled
2008-07,0.002674065801828069,0.0016145768806409984,0.5297444605935354,ols:pooled
2008-08,0.009500794484548823,0.008254430471810566,0.6231820063691283,ols:pooled
2008-09,0.0133270319188601,0.012409394205904478,0.4588188564778117,ols:pooled
2008-10,0.025240708603855456,0.024328365036593105,0.45617178363117433,ols:pooled
2008-11,0.006841283459035713,0.005915292308049302,0.4629955754932056,ols:pooled
2008-12,0.005959968737533877,0.00486656227673489,0.5467032303994941,ols:pooled
2009-01,0.0071865277642381145,0.005988995387852228,0.5987661881929426,ols:pooled
2009-02,0.007236305471867771,0.006121000989616274,0.5576522411257481,ols:pooled
2009-03,-0.007354617049245518,-0.008372415184378776,0.5088990675666282,ols:pooled
2009-04,-0.008335272787994261,-0.00968420926737998,0.6744682396928591,ols:pooled
2009-05,0.014010191093830442,0.012275295930690112,0.8674475815701641,ols:pooled
2009-06,-0.0006659780705157662,-0.0020896866353278688,0.711854282406051,ols:pooled
2009-07,0.0016341196792945488,0.00023944057776948866,0.6973395507625301,ols:pooled
2009-08,0.004881227630809284,0.0037408562437359185,0.5701856935366828,ols:pooled
2009-09,0.004975477152391844,0.0039022310206504093,0.5366230658707173,ols:pooled
2009-10,0.0036616215878159993,0.002654311617608168,0.5036549851039156,ols:pooled
2009-11,0.003087425772657162,0.0019841491491265077,0.5516383117653274,ols:pooled
2009-12,0.0008864524190491066,-0.0001174837787682802,0.5019680989086934,ols:pooled
2010-01,0.005003639920999329,0.003980098109482352,0.5117709057584886,ols:pooled
2010-02,0.0016638088359962673,0.0005620783776523959,0.5508652291719357,ols:pooled
2010-03,0.004705819016287409,0.0036847325271677817,0.5105432445598136,ols:pooled
2010-04,0.008091793613384928,0.007128218184238897,0.48178771457301495,ols:pooled
2010-05,0.0033008358664161764,0.0022936404667452245,0.5035976998354758,ols:pooled
2010-06,0.008022038455600261,0.0070113590716068645,0.5053396919966983,ols:pooled
2010-07,0.0017502612088204396,0.0009494570638613892,0.40040207247952525,ols:pooled
2010-08,0.005772634230917988,0.004785807678694174,0.4934132761119066,ols:pooled
2010-09,0.003003910059761923,0.002012103474117335,0.4959032928222939,ols:pooled
2010-10,0.0046725736085225685,0.0037093771474556443,0.48159823053346246,ols:pooled
2010-11,0.0048250362585340635,0.003903593274914045,0.46072149181000943,ols:pooled
2010-12,0.003473407240082718,0.0025570142778482607,0.45819648111722894,ols:pooled
2011-01,0.00985277207056741,0.008991598835132036,0.43058661771768736,ols:pooled
2011-02,0.003916163647068293,0.002996892023968987,0.4596358115496531,ols:pooled
2011-03,0.0025040884841323477,0.0016056245179609141,0.44923198308571666,ols:pooled
2011-04,0.007226629537901447,0.0063742514609933295,0.426189038454059,ols:pooled
2011-05,0.007495149336339209,0.006684990370188802,0.4050794830752037,ols:pooled
2011-06,0.004370700293995121,0.003507536209491068,0.4315820422520261,ols:pooled
2011-07,0.0048288445878422945,0.004007339214181716,0.410752686830289,ols:pooled
2011-08,0.00612716361948293,0.0053068979509167434,0.41013283428309305,ols:pooled
2011-09,0.0073543813559531265,0.006522269987419224,0.41605568426695116,ols:pooled
2011-10,-0.003939856888180788,-0.004895804569619234,0.47797384071922283,ols:pooled
2011-11,0.005509166019631644,0.004479171104233355,0.5149974576991441,ols:pooled
2011-12,0.006019994033557976,0.005049639070891574,0.48517748133320104,ols:pooled
2012-01,-0.008606402943302723,-0.009501720378133058,0.44765871741516794,ols:pooled
2012-02,0.0024897841339940182,0.0013284979300793986,0.58064310195731,ols:pooled
2012-03,0.0035322500966984325,0.002434094781273407,0.5490776577125127,ols:pooled
2012-04,0.006804745505395052,0.005701983804421634,0.5513808504867092,ols:pooled
2012-05,0.007206757135203772,0.006276123414467629,0.46531686036807157,ols:pooled
2012-06,0.0026937053762507404,0.0018380588122093203,0.42782328202071024,ols:pooled
2012-07,0.005173598511049517,0.004419376030398702,0.3771112403254074,ols:pooled
2012-08,0.008845166192366746,0.008014591578955253,0.4152873067057463,ols:pooled
2012-09,0.0030524586275929803,0.0022415581730020093,0.40545022729548547,ols:pooled
2012-10,0.0018428266044312508,0.0010295364633754816,0.4066450705278847,ols:pooled
2012-11,0.0030529657600487266,0.0021983837827511793,0.42729098864877346,ols:pooled
2012-12,-0.00043616875894055153,-0.0012955563529275513,0.42969379699349985,ols:pooled
2013-01,0.0051011498189225376,0.00420162897186571,0.44976042352841394,ols:pooled
2013-02,0.005216460122831921,0.004333106240142382,0.44167694134476904,ols:pooled
2013-03,0.008122738287295822,0.00728735854849549,0.417689869400166,ols:pooled
2013-04,0.007165256523455793,0.0064629822160382185,0.35113715370878723,ols:pooled
2013-05,0.008950507743375432,0.008153963064246548,0.39827233956444336,ols:pooled
2013-06,0.003953264544820599,0.003010268028843738,0.4714982579884306,ols:pooled
2013-07,0.0018268460083138481,0.0008801160427590226,0.4733649827774128,ols:pooled
2013-08,0.00456869532212686,0.003640737345876596,0.46397898812513216,ols:pooled
2013-09,-0.00043721559712907657,-0.001399960329964625,0.4813723664177742,ols:pooled
2013-10,0.0022082260140295893,0.0012482942568742955,0.479965878577647,ols:pooled
2013-11,0.0030329459210326915,0.00214217772509103,0.44538409797083084,ols:pooled
2013-12,0.006291890903491012,0.005431737777645628,0.4300765629226913,ols:pooled
2014-01,0.004051275336010942,0.003343276265445847,0.35399953528254746,ols:pooled
2014-02,0.0012939705709914102,0.0004230757392970685,0.4354474158471709,ols:pooled
2014-03,0.0005595122788116306,-0.0003171512093551715,0.438331744083401,ols:pooled
2014-04,0.0056800916675939506,0.004859602907987113,0.41024437980341877,ols:pooled
2014-05,0.004874821808147579,0.004087273620620326,0.39377409376362665,ols:pooled
2014-06,0.004661374621768994,0.003813546166685329,0.4239142275418328,ols:pooled
2014-07,0.0012854213245626625,0.0004488566864235139,0.41828231906957425,ols:pooled
2014-08,0.0027167112512671778,0.0017803521955563914,0.4681795278553933,ols:pooled
2014-09,0.005689938350481602,0.004873978731190321,0.40797980964564023,ols:pooled
2014-10,0.005455199507333068,0.004662011501555495,0.3965940028887866,ols:pooled
2014-11,0.006697072709151693,0.005959869472036702,0.3686016185574957,ols:pooled
2014-12,0.00751245103365042,0.006736839359233129,0.38780583720864664,ols:pooled
2015-01,0.0024948169457425333,0.0016435683832338886,0.4256242812543224,ols:pooled
2015-02,0.0007945871950175872,-0.00012207584464571928,0.45833151983165316,ols:pooled
2015-03,0.005188817110751218,0.004371488131061489,0.40866448984486414,ols:pooled
2015-04,-0.005105012056143767,-0.005910890495267626,0.4029392195619297,ols:pooled
2015-05,0.0025921179865965455,0.0015811417877589955,0.5054880994187747,ols:pooled
2015-06,0.0013217737965315521,0.00034080572447647226,0.49048403602753976,ols:pooled
2015-07,0.005125086544340467,0.0043138100573663985,0.40563824348703387,ols:pooled
2015-08,0.007274753429617152,0.00646748185057789,0.4036357895196313,ols:pooled
2015-09,0.002270781455767143,0.0014590428017688445,0.4058693269991493,ols:pooled
2015-10,0.0013602265459807725,0.0005205351697029278,0.4198456881389224,ols:pooled
2015-11,0.009504927657407916,0.008667944941139557,0.41849135813417926,ols:pooled
2015-12,0.002407924066611545,0.0015674737824458549,0.4202251420828449,ols:pooled
2016-01,0.00182674250186871,0.000988054747367656,0.41934387725052696,ols:pooled
2016-02,-0.00017971069512981392,-0.0010414775281474059,0.4308834165087959,ols:pooled
2016-03,0.0007052289768429812,-0.00022347981364658336,0.46435439524478184,ols:pooled
2016-04,0.00935428235617328,0.008325936737471706,0.5141728093507869,ols:pooled
2016-05,0.0027992652208453247,0.0018965848285453445,0.4513401961499901,ols:pooled
2016-06,0.0008219498873215109,-3.9502124006194326e-05,0.43072600566385255,ols:pooled
2016-07,0.003237300475712106,0.002461963038483485,0.38766871861431057,ols:pooled
2016-08,0.005980538448253613,0.005163174219601784,0.4086821143259142,ols:pooled
2016-09,0.0032277751827446913,0.002465025394072659,0.3813748943360164,ols:pooled
2016-10,0.005714909633659282,0.00503092843606219,0.3419905987985457,ols:pooled
2016-11,0.004644745924877749,0.003942809163072187,0.35096838090278043,ols:pooled
2016-12,0.0003608567078992692,-0.0004379528749876412,0.3994047914434553,ols:pooled
2017-01,0.010422904058662282,0.009634315801926157,0.39429412836806327,ols:pooled
2017-02,0.0033541099248040013,0.002497737708471113,0.42818610816644437,ols:pooled
2017-03,0.0046486992113560595,0.0037613526121712524,0.4436732995924037,ols:pooled
2017-04,0.0030009666080526086,0.002218358665485446,0.3913039712835815,ols:pooled
2017-05,0.006800404662705785,0.006022382461354372,0.389011100675706,ols:pooled
2017-06,0.0019313423900426635,0.0012412377091385045,0.34505234045207933,ols:pooled
2017-07,0.006547755148408304,0.005884973742356326,0.33139070302598916,ols:pooled
2017-08,0.005510356556373179,0.0047520720926865,0.3791422318433397,ols:pooled
2017-09,0.0044201921019336385,0.0036780748867533976,0.37105860759012066,ols:pooled
2017-10,0.004419149309918793,0.0037019238442635933,0.35861273282759953,ols:pooled
2017-11,0.0016684179187085332,0.0009531897619716204,0.3576140783684564,ols:pooled
2017-12,-0.0014706776615739823,-0.0022586703520058376,0.3939963452159277,ols:pooled
2018-01,0.0022872871368993263,0.0014592922612158027,0.4139974378417617,ols:pooled
2018-02,0.005305539917043131,0.004435672131386951,0.4349338928280902,ols:pooled
2018-03,0.002976982049556427,0.002139160493706553,0.41891077792493725,ols:pooled
2018-04,0.00383143037279787,0.0030421269775766243,0.39465169761062274,ols:pooled
2018-05,0.005144157778855329,0.004264529144407819,0.4398143172237553,ols:pooled
2018-06,0.0019191661021102163,0.0010582712300128483,0.43044743604868396,ols:pooled
2018-07,0.0015940261566040807,0.0008118837356693227,0.391071210467379,ols:pooled
2018-08,0.003576810684708265,0.0027797929565130737,0.3985088640975957,ols:pooled
2018-09,0.003403636267040018,0.002659698041992219,0.37196911252389936,ols:pooled
2018-10,0.004115024647427428,0.0034010189472743505,0.357002850076539,ols:pooled
2018-11,-0.0012558470336007665,-0.0020833864301383763,0.41376969826880483,ols:pooled
2018-12,0.003264060075818778,0.002343021751998842,0.46051916190996783,ols:pooled
2019-01,0.001304514729975432,0.0005318713249602368,0.3863217025075975,ols:pooled
2019-02,0.0008969526879677927,5.468311962186999e-05,0.42113478417296135,ols:pooled
2019-03,0.0031763739806262526,0.002373053845276641,0.40166006767480555,ols:pooled
2019-04,0.0008806045359053022,9.923557987684505e-05,0.3906844780142286,ols:pooled
2019-05,0.006041550071654022,0.005296386578369866,0.3725817466420778,ols:pooled
2019-06,0.0026029565592751106,0.0018661869151342754,0.3683848220704176,ols:pooled
2019-07,0.005632518519814111,0.004837357842728428,0.3975803385428416,ols:pooled
2019-08,0.002196427697602907,0.0014428531491250786,0.37678727423891395,ols:pooled
2019-09,0.002731305558715964,0.0019839538515632107,0.37367585357637656,ols:pooled
2019-10,0.0020925429882943307,0.0013695448356821143,0.3614990763061081,ols:pooled
2019-11,0.004945779409853083,0.00414016549632413,0.4028069567644765,ols:pooled
2019-12,0.002397076185365651,0.0016008777879259377,0.39809919871985644,ols:pooled
2020-01,0.006350387524430454,0.005538726986007661,0.4058302692113966,ols:pooled
2020-02,0.0065976506296210515,0.00578710892647426,0.4052708515733954,ols:pooled
2020-03,0.0071162871986326206,0.006385879776347131,0.3652037111427443,ols:pooled
2020-04,-0.017796406386715456,-0.018745886065684315,0.4747398394844296,ols:pooled
2020-05,0.0032202510373436142,0.0016022931635547863,0.8089789368944136,ols:pooled
2020-06,0.007299553376615981,0.0061980738164131525,0.5507397801014143,ols:pooled
2020-07,0.007992083808894164,0.006962716180751547,0.5146838140713084,ols:pooled
2020-08,0.010141132681353155,0.009044905462172174,0.5481136095904905,ols:pooled
2020-09,0.012735554352019134,0.011763806445018943,0.48587395350009505,ols:pooled
2020-10,0.003757778432891978,0.002899820091906087,0.4289791704929456,ols:pooled
2020-11,-0.004764648937830748,-0.0056569709514018435,0.44616100678554765,ols:pooled
2020-12,0.007604656279804983,0.0063956974497366955,0.6044794150341434,ols:pooled
2021-01,0.00813431492634384,0.0071414644092139,0.49642525856497033,ols:pooled
2021-02,0.011719906067052812,0.010795683716073638,0.4621111754895875,ols:pooled
2021-03,0.008957703603458765,0.008073547623970832,0.44207798974396656,ols:pooled
2021-04,0.01144753272905576,0.010638804017965553,0.4043643555451038,ols:pooled
2021-05,0.008481301697812011,0.007591807412713888,0.44474714254906184,ols:pooled
2021-06,0.0052358447203539535,0.004439106964938311,0.39836887770782153,ols:pooled
2021-07,0.003821676781647757,0.00307762306477279,0.3720268584374839,ols:pooled
2021-08,0.0032846355553907834,0.0025267245475287126,0.37895550393103555,ols:pooled
2021-09,0.005207165722895296,0.0043361882162381675,0.43548875332856435,ols:pooled
2021-10,0.0067305414382513975,0.005923235487083256,0.40365297558407087,ols:pooled
2021-11,0.0036816110674165324,0.002985008973183163,0.348301047116685,ols:pooled
2021-12,0.006764163445048104,0.005892108388304745,0.4360275283716797,ols:pooled
2022-01,0.011584730803985373,0.010845689683703348,0.3695205601410123,ols:pooled
2022-02,0.007010562123358459,0.006238878936300688,0.3858415935288861,ols:pooled
2022-03,0.008691167808203292,0.007939824295904972,0.3756717561491603,ols:pooled
2022-04,0.008934067828266048,0.008289193442067562,0.3224371930992435,ols:pooled
2022-05,0.006286059541669461,0.005602630412731672,0.3417145644688947,ols:pooled
2022-06,0.005410244136069123,0.00476147968653549,0.32438222476681633,ols:pooled
2022-07,-0.0011335787751494864,-0.0017988356069220813,0.33262841588629743,ols:pooled
2022-08,0.0003366142438609954,-0.0003690116308209443,0.3528129373409701,ols:pooled
2022-09,0.006342488141908736,0.005596566094295489,0.3729610238066234,ols:pooled
2022-10,0.005082952460884558,0.004330684171808207,0.37613414453817595,ols:pooled
2022-11,0.0052501809483477884,0.004571770794920793,0.3392050767134973,ols:pooled
2022-12,0.0069827553402827475,0.006269237796550878,0.35675877186593463,ols:pooled
2023-01,0.0016357216372821601,0.0009216687158746542,0.3570264607037531,ols:pooled
2023-02,0.006869130075333896,0.006119236274898159,0.37494690021786836,ols:pooled
2023-03,0.005941763565190653,0.005253878884970576,0.3439423401100383,ols:pooled
2023-04,0.0011986883977515152,0.0005406210723312043,0.3290336627101554,ols:pooled
2023-05,0.0018469925233846004,0.0011910662825789944,0.3279631204028028,ols:pooled
2023-06,0.004723275291530577,0.0039748751190279855,0.37420008625129564,ols:pooled
2023-07,0.0038507991099039295,0.0030468508806668834,0.4019741146185231,ols:pooled
2023-08,0.005110467940970631,0.004335902870450308,0.38728253526016143,ols:pooled
2023-09,0.007037189015041131,0.006326082135969509,0.3555534395358109,ols:pooled
2023-10,0.007586891223908771,0.006944791064469488,0.3210500797196415,ols:pooled
2023-11,0.00010248791177894214,-0.0005510911444881546,0.3267895281335484,ols:pooled
2023-12,0.004885937268030211,0.00408472461315303,0.40060632743859065,ols:pooled
2024-01,0.007186775916760892,0.006487354812858875,0.349710551951009,ols:pooled
2024-02,0.006313845273282158,0.005526750906473064,0.39354718340454675,ols:pooled
2024-03,0.006199574552924001,0.005496814668379279,0.3513799422723614,ols:pooled
2024-04,0.004703930539916236,0.00398907776104886,0.35742638943368804,ols:pooled
2024-05,0.007850485707624725,0.007197885119900593,0.3263002938620667,ols:pooled
2024-06,0.0031318414297076265,0.002454582329124265,0.33862955029168057,ols:pooled
2024-07,0.002313557531128843,0.0017083559736851587,0.30260077872184227,ols:pooled
2024-08,0.006299348822344661,0.005672513011757597,0.3134179052935319,ols:pooled
2024-09,0.0020060318837977955,0.0013930084769070794,0.306511703445358,ols:pooled
2024-10,0.005265369574570039,0.00463133172381027,0.3170189253798841,ols:pooled
2024-11,0.008617092944169775,0.007954077808126172,0.33150756802180126,ols:pooled
2024-12,0.003965524944677312,0.0033397443169938877,0.3128903138417122,ols:pooled
2025-01,0.002138558086410147,0.0015724434715637594,0.2830573074231937,ols:pooled
2025-02,0.0034525728975687074,0.002789186556839543,0.331693170364582,ols:pooled
2025-03,0.0036337767698168253,0.002959715497083684,0.33703063636657093,ols:pooled
2025-04,0.0013630919396674763,0.000673967137131455,0.34456240126801063,ols:pooled
2025-05,0.0029417647323928754,0.0022678497327610673,0.3369574998159042,ols:pooled
2025-06,-0.0004813370092617083,-0.001154351599217999,0.3365072949781454,ols:pooled
2025-07,0.003313745047976949,0.002567436920487587,0.37315406374468113,ols:pooled
2025-08,0.0067531621279483785,0.006017646065932494,0.3677580310079431,ols:pooled
2025-09,0.008127157378652702,0.007367892042413373,0.3796326681196645,ols:pooled
2025-10,0.003036132417744278,0.0023394970653845197,0.34831767617987913,ols:pooled
2025-11,0.004010392446066809,0.003268954062945403,0.3707191915607029,ols:pooled
2025-12,0.005786783026593745,0.005061009326903283,0.3628868498452312,ols:pooled
2000-01,0.009122245780855263,0.009122245780855263,0.0,shrink_mean:rule
2000-02,0.011924014559085795,0.011726082537907977,0.0989660105889088,shrink_mean:rule
2000-03,0.009300996051532394,0.00908324124247675,0.1088774045278224,shrink_mean:rule
2000-04,-0.00337293025801016,-0.003563054724296766,0.09506223314330339,shrink_mean:rule
2000-05,-0.000321968629407971,-0.0007599769500615117,0.21900416032677023,shrink_mean:rule
2000-06,0.004009808439200977,0.003709213100892471,0.1502976691542528,shrink_mean:rule
2000-07,0.0056333735701792915,0.00546315872489598,0.08510742264165529,shrink_mean:rule
2000-08,0.008033247470708844,0.007881473823091819,0.07588682380851276,shrink_mean:rule
2000-09,0.004270364081998658,0.004132374538967001,0.06899477151582868,shrink_mean:rule
2000-10,0.00293415258756959,0.0027869297726842847,0.07361140744265288,shrink_mean:rule
2000-11,0.01189325264440289,0.011736764387739657,0.07824412833161724,shrink_mean:rule
2000-12,-0.004951511321713858,-0.005168009160253645,0.10824891926989288,shrink_mean:rule
2001-01,0.003287829898589934,0.003102493425716461,0.09266823643673694,shrink_mean:rule
2001-02,0.01059905759242696,0.010367109416925441,0.1159740877507591,shrink_mean:rule
2001-03,0.010324093746193096,0.010138629615856001,0.09273206516854722,shrink_mean:rule
2001-04,-0.0010782968134556532,-0.0012681402600115133,0.09492172327793,shrink_mean:rule
2001-05,0.012926663747100378,0.012658262699433185,0.1342005238335967,shrink_mean:rule
2001-06,0.007560367295919827,0.007409685991773958,0.07534065207293456,shrink_mean:rule
2001-07,0.015877475347426426,0.01573223555705535,0.07261989518553619,shrink_mean:rule
2001-08,0.0030523971810832357,0.0028813911407593257,0.08550302016195523,shrink_mean:rule
2001-09,0.005130175555110796,0.005009548737974065,0.06031340856836553,shrink_mean:rule
2001-10,-0.0005643550792629927,-0.0008907629905821215,0.16320395565956422,shrink_mean:rule
2001-11,0.006378062462015249,0.0062436127535947595,0.06722485421024435,shrink_mean:rule
2001-12,0.0030741159252512247,0.002893064788732133,0.09052556825954565,shrink_mean:rule
2002-01,0.002280845551926856,0.002154321048271323,0.06326225182776651,shrink_mean:rule
2002-02,0.002115062049178339,0.001981230971066645,0.06691553905584674,shrink_mean:rule
2002-03,0.0018022474048789232,0.0016794214162173453,0.06141299433078927,shrink_mean:rule
2002-04,0.012141290273944633,0.011946827166260292,0.09723155384217068,shrink_mean:rule
2002-05,0.006611907890256007,0.006395050131083696,0.10842887958615557,shrink_mean:rule
2002-06,0.012930085517986445,0.012800610573496622,0.06473747224491165,shrink_mean:rule
2002-07,0.011089333783808416,0.010969383672457268,0.05997505567557369,shrink_mean:rule
2002-08,0.004310228043912069,0.004196173357646333,0.057027343132867496,shrink_mean:rule
2002-09,0.00925787170184487,0.009119433134787318,0.06921928352877679,shrink_mean:rule
2002-10,0.007843557815228113,0.007734184861299777,0.054686476964168694,shrink_mean:rule
2002-11,0.004460073265349567,0.00434024443951298,0.059914412918293226,shrink_mean:rule
2002-12,0.0035092433166785744,0.00339656739485245,0.05633796091306217,shrink_mean:rule
2003-01,0.0113711120166316,0.011250297554035123,0.06040723129823797,shrink_mean:rule
2003-02,0.0015464422156986563,0.0014061184176775608,0.07016189901054773,shrink_mean:rule
2003-03,0.008000521628297747,0.00790412146621496,0.0482000810413931,shrink_mean:rule
2003-04,0.0011236028055891395,0.0010034841165383146,0.06005934452541211,shrink_mean:rule
2003-05,0.01769500235263432,0.01743765277250599,0.12867479006416335,shrink_mean:rule
2003-06,0.008512299510437575,0.008372810445339494,0.06974453254904069,shrink_mean:rule
2003-07,0.012904335962910258,0.012794071721261993,0.05513212082413229,shrink_mean:rule
2003-08,0.008739739140656372,0.008561746863732638,0.08899613846186706,shrink_mean:rule
2003-09,-0.0021772327135210984,-0.002547601401391265,0.18518434393508296,shrink_mean:rule
2003-10,0.004111058173955777,0.003982776535586657,0.0641408191845598,shrink_mean:rule
2003-11,0.01597666727665932,0.01587674759311786,0.0499598417707293,shrink_mean:rule
2003-12,-0.0013584427621338032,-0.0014570622380249128,0.04930973794555475,shrink_mean:rule
2004-01,0.007534952124630422,0.00742288153817738,0.05603529322652073,shrink_mean:rule
2004-02,0.0019849342648757145,0.0018388004556345989,0.07306690462055805,shrink_mean:rule
2004-03,0.007572675547533251,0.007429480234839731,0.07159765634675982,shrink_mean:rule
2004-04,0.01472682335584239,0.014627430336042843,0.049696509899773894,shrink_mean:rule
2004-05,-0.0020916414812038324,-0.0022741511006580555,0.09125480972711156,shrink_mean:rule
2004-06,-0.004570146885511975,-0.004649119321992603,0.03948621824031406,shrink_mean:rule
2004-07,0.007805771507339274,0.007715604413237363,0.04508354705095587,shrink_mean:rule
2004-08,0.009133734687923301,0.009030582019201136,0.051576334361083116,shrink_mean:rule
2004-09,0.01004494791998434,0.009941595170605694,0.05167637468932276,shrink_mean:rule
2004-10,-0.0013674537264036963,-0.0014796814880036252,0.05611388079996476,shrink_mean:rule
2004-11,0.0007558107890868929,0.0006466476368495436,0.05458157611867478,shrink_mean:rule
2004-12,0.004371002394130543,0.004259014446365885,0.05599397388232874,shrink_mean:rule
2005-01,0.003951140511010807,0.0036958523949085042,0.12764405805115164,shrink_mean:rule
2005-02,0.006333581597114617,0.006251355723998179,0.04111293655821914,shrink_mean:rule
2005-03,-0.0005148476242555421,-0.0006086135407771453,0.04688295826080149,shrink_mean:rule
2005-04,0.0025399683157717014,0.002429074446862948,0.05544693445437654,shrink_mean:rule
2005-05,0.007887765990217562,0.007738610143202983,0.07457792350728983,shrink_mean:rule
2005-06,0.002027313760498388,0.0019266189610778472,0.05034739971027041,shrink_mean:rule
2005-07,0.001908098988220066,0.0018233031550783849,0.04239791657084068,shrink_mean:rule
2005-08,0.011249467573981263,0.011163201192819721,0.04313319058077095,shrink_mean:rule
2005-09,-0.0017415613549552943,-0.0018738021929658923,0.066120419005299,shrink_mean:rule
2005-10,0.0038856767713568116,0.0037990059269681774,0.04333542219431715,shrink_mean:rule
2005-11,0.0016719551393646268,0.0015543794999460974,0.05878781970926472,shrink_mean:rule
2005-12,0.0021981919388752583,0.002107819038495857,0.045186450189700494,shrink_mean:rule
2006-01,0.01934040947916932,0.01926376687356252,0.03832130280340063,shrink_mean:rule
2006-02,0.013335913931033361,0.013027804348929218,0.15405479105207143,shrink_mean:rule
2006-03,-0.012245624200606823,-0.012321421851098741,0.037898825245959715,shrink_mean:rule
2006-04,0.005376268374272509,0.005213202544720541,0.08153291477598347,shrink_mean:rule
2006-05,0.014498221975511375,0.014391065210877328,0.053578382317023936,shrink_mean:rule
2006-06,0.013391251839300016,0.013286203483289225,0.05252417800539763,shrink_mean:rule
2006-07,0.0027377681120288665,0.0024142062375878117,0.16178093722052736,shrink_mean:rule
2006-08,0.005656420672451363,0.0054523968942822385,0.1020118890845624,shrink_mean:rule
2006-09,0.007595018871294426,0.0073943567058740445,0.10033108271019071,shrink_mean:rule
2006-10,0.001540557351253732,0.0014595145881813824,0.04052138153617466,shrink_mean:rule
2006-11,-0.0024107303037069795,-0.0024923799259405697,0.04082481111679497,shrink_mean:rule
2006-12,0.0034285436577821556,0.00332869942852124,0.04992211463045807,shrink_mean:rule
2007-01,0.010088791172819855,0.009950338194318266,0.06922648925079451,shrink_mean:rule
2007-02,0.00365217979168749,0.003332474962621994,0.15985241453274796,shrink_mean:rule
2007-03,0.005942858481455614,0.005800406626619752,0.07122592741793035,shrink_mean:rule
2007-04,0.008654506576764582,0.008455733761212211,0.09938640777618472,shrink_mean:rule
2007-05,0.0021195347492314574,0.0019358172086297032,0.09185877030087697,shrink_mean:rule
2007-06,-0.0011674942352705145,-0.001292293308256395,0.06239953649294022,shrink_mean:rule
2007-07,0.006349335603833999,0.006129086783064254,0.11012441038487186,shrink_mean:rule
2007-08,0.006094306996675557,0.005948373471094163,0.07296676279069747,shrink_mean:rule
2007-09,-4.3775117082019745e-05,-0.00021148724521924888,0.08385606406861452,shrink_mean:rule
2007-10,-0.005300435981107891,-0.005549035362656996,0.12429969077455198,shrink_mean:rule
2007-11,0.0035750183619553625,0.003400291302895071,0.08736352953014558,shrink_mean:rule
2007-12,0.005288241176026832,0.005128002922292636,0.08011912686709788,shrink_mean:rule
2008-01,0.004494444073699814,0.004308556293673223,0.09294389001329523,shrink_mean:rule
2008-02,0.0022898557705152817,0.002105103378263761,0.09237619612576034,shrink_mean:rule
2008-03,0.00533267751474271,0.005213750136160558,0.059463689291075955,shrink_mean:rule
2008-04,0.002863907998933038,0.0027448966492501815,0.05950567484142834,shrink_mean:rule
2008-05,0.0017073317999390662,0.0015326802032430778,0.08732579834799425,shrink_mean:rule
2008-06,0.005622927235719755,0.005522991914548778,0.04996766058548824,shrink_mean:rule
2008-07,0.00445051506035073,0.00436128559036169,0.04461473499451984,shrink_mean:rule
2008-08,0.004614599464960901,0.004520656569260016,0.046971447850442535,shrink_mean:rule
2008-09,0.004514439510639476,0.00443803633868103,0.03820158597922329,shrink_mean:rule
2008-10,0.010019828660915074,0.009899486424962516,0.06017111797627855,shrink_mean:rule
2008-11,0.0067015618311965005,0.00653220083341515,0.08468049889067436,shrink_mean:rule
2008-12,0.00769803438160676,0.007579512075690359,0.05926115295820045,shrink_mean:rule
2009-01,0.009105905001902437,0.008981660951725328,0.062122025088555,shrink_mean:rule
2009-02,0.006068079473641693,0.0059373793909558775,0.06535004134290799,shrink_mean:rule
2009-03,0.0028385632245110405,0.0027320385624345443,0.05326233103824796,shrink_mean:rule
2009-04,-0.0013338149548271414,-0.0014752847465421077,0.07073489585748338,shrink_mean:rule
2009-05,0.003354260558598572,0.0031311497956621475,0.11155538146821181,shrink_mean:rule
2009-06,0.002096794202637634,0.0019149585357664458,0.0909178334355941,shrink_mean:rule
2009-07,0.0027054432110000582,0.002602861676619311,0.05129076719037371,shrink_mean:rule
2009-08,0.0046467202163165055,0.004548402393270786,0.049158911522860047,shrink_mean:rule
2009-09,0.003526818454929796,0.003440189912612089,0.04331427115885334,shrink_mean:rule
2009-10,0.0061005959395025455,0.006015726075704972,0.04243493189878725,shrink_mean:rule
2009-11,0.004235552603042489,0.004145483037793519,0.045034782624484876,shrink_mean:rule
2009-12,0.00044826076168036724,0.00036058245565578104,0.04383915301229319,shrink_mean:rule
2010-01,0.007101549469260248,0.007020594997269747,0.04047723599525078,shrink_mean:rule
2010-02,0.003186420132120937,0.0030954094163605896,0.045505357880173763,shrink_mean:rule
2010-03,0.004701811507351204,0.004615280357454322,0.04326557494844115,shrink_mean:rule
2010-04,0.008029760334995481,0.00794812335433075,0.04081849033236559,shrink_mean:rule
2010-05,0.0001873934163060664,8.552538335370626e-05,0.05093401647618014,shrink_mean:rule
2010-06,0.002878517891726016,0.0027878531556264886,0.04533236804976365,shrink_mean:rule
2010-07,0.003860379780105678,0.0037928555074514063,0.03376213632713565,shrink_mean:rule
2010-08,0.005575159000132486,0.0054860283040305885,0.0445653480509485,shrink_mean:rule
2010-09,0.0031411959501473,0.003067071886356322,0.03706203189548923,shrink_mean:rule
2010-10,0.002016021411826321,0.0019444499357534307,0.03578573803644495,shrink_mean:rule
2010-11,0.0030857007984507897,0.0030145295619393372,0.03558561825572629,shrink_mean:rule
2010-12,0.0024928583488767284,0.0024270884446250186,0.03288495212585496,shrink_mean:rule
2011-01,0.00928617284797268,0.00922653321705001,0.02981981546133514,shrink_mean:rule
2011-02,0.003292807698750091,0.0032149173979204794,0.03894515041480603,shrink_mean:rule
2011-03,0.0018298350750689378,0.0017326182636751154,0.04860840569691106,shrink_mean:rule
2011-04,0.0055656544206934685,0.005493609964222993,0.03602222823523776,shrink_mean:rule
2011-05,0.006991609103578014,0.006924573999481561,0.03351755204822626,shrink_mean:rule
2011-06,0.0038993152902045817,0.0038333929425717578,0.032961173816411705,shrink_mean:rule
2011-07,0.0029479526390783347,0.0028943296522136995,0.02681149343231771,shrink_mean:rule
2011-08,0.0014932096641124461,0.0014333977302164382,0.02990596694800396,shrink_mean:rule
2011-09,0.006380152417920514,0.00630261650321997,0.03876795735027202,shrink_mean:rule
2011-10,-0.0019316950814588128,-0.001999022457657488,0.0336636880993376,shrink_mean:rule
2011-11,0.004922971921728519,0.004854180393066083,0.03439576433121813,shrink_mean:rule
2011-12,0.005425697224505831,0.005366858563682179,0.029419330411826244,shrink_mean:rule
2012-01,-0.000531459393660654,-0.0007166370149768567,0.09258881065810168,shrink_mean:rule
2012-02,-0.0003067282274026696,-0.0003923350401068387,0.042803406352084405,shrink_mean:rule
2012-03,0.008216337998060467,0.00812256291711246,0.046887540474003314,shrink_mean:rule
2012-04,0.0034363945242416403,0.003267598305935517,0.08439810915306158,shrink_mean:rule
2012-05,0.004428178399063825,0.004332830692007486,0.0476738535281693,shrink_mean:rule
2012-06,0.0004023235119426613,0.0003365610756992476,0.03288121812170687,shrink_mean:rule
2012-07,0.004324023898748686,0.004256036151486944,0.033993873630870995,shrink_mean:rule
2012-08,0.007935408972261573,0.007870214345024986,0.03259731361829255,shrink_mean:rule
2012-09,0.001738835274566989,0.0016759289044721267,0.031453185047431026,shrink_mean:rule
2012-10,0.0028054244967777387,0.0027524688106798953,0.026477843048921663,shrink_mean:rule
2012-11,0.002676216467007923,0.0026172988447539423,0.02945881112699059,shrink_mean:rule
2012-12,0.0002836494760449839,0.00021455396466448206,0.03454775569025079,shrink_mean:rule
2013-01,0.004334532984860017,0.004283170243317726,0.025681370771144758,shrink_mean:rule
2013-02,0.003953446185534857,0.003866985132049016,0.04323052674292055,shrink_mean:rule
2013-03,0.005792550647606719,0.00570757228419873,0.04248918170399428,shrink_mean:rule
2013-04,0.003324578113869676,0.0032357927250741664,0.0443926943977546,shrink_mean:rule
2013-05,0.005147879682338751,0.005065659332321714,0.0411101750085184,shrink_mean:rule
2013-06,0.005159140614646609,0.005078243290171142,0.04044866223773341,shrink_mean:rule
2013-07,0.004456394182099663,0.004354289298438039,0.05105244183081226,shrink_mean:rule
2013-08,0.004177705375365496,0.004102773037295983,0.03746616903475664,shrink_mean:rule
2013-09,0.0009279111524544845,0.0007972331803720211,0.06533898604123181,shrink_mean:rule
2013-10,0.0015106377722376378,0.001420942634072945,0.044847569082346446,shrink_mean:rule
2013-11,0.003969068886118605,0.00386509633512135,0.05198627549862742,shrink_mean:rule
2013-12,0.0055306998919997,0.00547910722354454,0.02579633422757973,shrink_mean:rule
2014-01,0.002925054179303892,0.0028666845896517163,0.02918479482608796,shrink_mean:rule
2014-02,0.0014921015930320916,0.0014242767259610015,0.03391243353554503,shrink_mean:rule
2014-03,0.002082142262083132,0.0020216810629243146,0.030230599579408605,shrink_mean:rule
2014-04,0.004999442498526297,0.004897089036320118,0.051176731103089755,shrink_mean:rule
2014-05,0.004470552607228331,0.004398359408576386,0.036096599325971986,shrink_mean:rule
2014-06,0.002327464469717266,0.0022743945065608756,0.026534981578195317,shrink_mean:rule
2014-07,0.0046725703323003505,0.0046134350228433044,0.029567654728522987,shrink_mean:rule
2014-08,0.004017611850607981,0.003911535213582853,0.05303831851256424,shrink_mean:rule
2014-09,0.004464865413862736,0.004416167663247859,0.024348875307438445,shrink_mean:rule
2014-10,0.001549274887488654,0.0014908912533881833,0.02919181705023529,shrink_mean:rule
2014-11,0.004824744847433348,0.004770988353000771,0.0268782472162882,shrink_mean:rule
2014-12,0.004488103212146737,0.004434566605218109,0.026768303464313883,shrink_mean:rule
2015-01,0.004095274349909947,0.004026569506588141,0.034352421660902674,shrink_mean:rule
2015-02,0.000535464647409104,0.0004696178020333069,0.03292342268789844,shrink_mean:rule
2015-03,0.00554763156556045,0.005484862139308368,0.03138471312604101,shrink_mean:rule
2015-04,-0.0016462596626835439,-0.0017455814358456644,0.0496608865810602,shrink_mean:rule
2015-05,0.0034335630486313274,0.0033294990447406514,0.05203200194533777,shrink_mean:rule
2015-06,0.00251570229030648,0.002460262643803927,0.027719823251276508,shrink_mean:rule
2015-07,0.005957557484500218,0.005909961304158258,0.02379809017098054,shrink_mean:rule
2015-08,0.005852008670238091,0.005797143445018499,0.027432612609796236,shrink_mean:rule
2015-09,0.00344958430105556,0.0033971176561804076,0.0262333224375764,shrink_mean:rule
2015-10,0.0026649055220833826,0.002609283883542901,0.027810819270240678,shrink_mean:rule
2015-11,0.007874624614775864,0.007821652118638544,0.026486248068660262,shrink_mean:rule
2015-12,0.003318931504782303,0.003261452641702683,0.028739431539810317,shrink_mean:rule
2016-01,0.002280218721775974,0.0022286707876730794,0.02577396705144742,shrink_mean:rule
2016-02,-0.00037657963614563583,-0.0004310225661829884,0.027221465018676335,shrink_mean:rule
2016-03,-0.0035975620977516526,-0.003668371037738912,0.035404469993629645,shrink_mean:rule
2016-04,0.006420199425840116,0.00633994210893965,0.04012865845023309,shrink_mean:rule
2016-05,0.0025398566014446632,0.002475208353874502,0.03232412378508056,shrink_mean:rule
2016-06,0.0012093729700901504,0.0011536767035015033,0.0278481332943234,shrink_mean:rule
2016-07,0.004986130549282229,0.004947222017940363,0.019454265670933238,shrink_mean:rule
2016-08,0.0049318201031123545,0.004875780057171581,0.028020022970386495,shrink_mean:rule
2016-09,0.0033002719529315414,0.0032194239493938417,0.04042400176884991,shrink_mean:rule
2016-10,0.005784932207112257,0.005743357367048624,0.020787420031816085,shrink_mean:rule
2016-11,0.004459471985801125,0.004413414312780321,0.023028836510402304,shrink_mean:rule
2016-12,0.001406101258549449,0.0012859459929212861,0.060077632814081655,shrink_mean:rule
2017-01,0.006682243340098654,0.0066158043212469755,0.03321950942583985,shrink_mean:rule
2017-02,0.005479877980936489,0.005408207913825692,0.03583503355539839,shrink_mean:rule
2017-03,0.0037566379175035932,0.003705155724620152,0.025741096441720634,shrink_mean:rule
2017-04,0.0027678633704836197,0.002711939770041121,0.02796180022124941,shrink_mean:rule
2017-05,0.005711569340379242,0.005660804774356575,0.025382283011333343,shrink_mean:rule
2017-06,0.0016610825098654963,0.0016131999948697617,0.023941257497867352,shrink_mean:rule
2017-07,0.005932202130654855,0.0058957903602259824,0.01820588521443667,shrink_mean:rule
2017-08,0.005158237753399422,0.0051111260670083,0.023555843195560824,shrink_mean:rule
2017-09,0.00442161432068845,0.0043754115336837734,0.02310139350233793,shrink_mean:rule
2017-10,0.003580574875360245,0.003531132867730478,0.024721003814883877,shrink_mean:rule
2017-11,0.0019674976300598944,0.0019197795329248333,0.023859048567530586,shrink_mean:rule
2017-12,-0.001465914544000614,-0.0015133601172955989,0.023722786647492472,shrink_mean:rule
2018-01,0.0023973277746680084,0.0023444161341005356,0.02645582028373645,shrink_mean:rule
2018-02,0.004841754608024125,0.004798497464265543,0.021628571879290598,shrink_mean:rule
2018-03,0.0027383822536820087,0.0026471747818097467,0.0456037359361314,shrink_mean:rule
2018-04,0.0033726057411635852,0.0033206384794169236,0.025983630873330433,shrink_mean:rule
2018-05,0.005556113436751777,0.005492898735248135,0.03160735075182107,shrink_mean:rule
2018-06,0.0016910403541059264,0.001623193807413975,0.033923273345975544,shrink_mean:rule
2018-07,0.002564315897749263,0.0025105080133583026,0.026903942195480222,shrink_mean:rule
2018-08,0.0030913831518791304,0.0030446163103274014,0.023383420775864527,shrink_mean:rule
2018-09,0.00187896143514742,0.001835437149923871,0.021762142611774518,shrink_mean:rule
2018-10,0.004312282724123735,0.004269496593799021,0.02139306516235741,shrink_mean:rule
2018-11,0.0006044383174109737,0.0005517317428254943,0.026353287292739568,shrink_mean:rule
2018-12,0.003708234269040027,0.0036623302811322252,0.022951993953901104,shrink_mean:rule
2019-01,0.00355012088715714,0.0035149789302532865,0.01757097845192696,shrink_mean:rule
2019-02,0.001539458624051889,0.0014923077883439535,0.02357541785396766,shrink_mean:rule
2019-03,0.0032425361716718793,0.0031997607224760406,0.021387724597919145,shrink_mean:rule
2019-04,0.00105887392241504,0.0010143641067615781,0.022254907826731066,shrink_mean:rule
2019-05,0.004543646054826462,0.004503454173522035,0.02009594065221364,shrink_mean:rule
2019-06,0.003879208606743276,0.0038354160886371895,0.021896259053043435,shrink_mean:rule
2019-07,0.005482563385752099,0.005440066175093039,0.02124860532952979,shrink_mean:rule
2019-08,0.0023795354065505054,0.002329753264143858,0.024891071203323786,shrink_mean:rule
2019-09,0.002830241466685387,0.0027899653164642764,0.020138075110555417,shrink_mean:rule
2019-10,0.0025540222530940943,0.002517717973526627,0.01815213978373346,shrink_mean:rule
2019-11,0.0042967168656601685,0.004248402284726995,0.024157290466586715,shrink_mean:rule
2019-12,0.004354922127134335,0.004314164515269848,0.0203788059322435,shrink_mean:rule
2020-01,0.0058272458964685045,0.005784462409610555,0.02139174342897427,shrink_mean:rule
2020-02,0.005212481743061215,0.005167589835279683,0.022445953890765393,shrink_mean:rule
2020-03,0.002229449158439332,0.0021866697020926787,0.021389728173326506,shrink_mean:rule
2020-04,-0.002085357407817005,-0.002169163921661411,0.04190325692220283,shrink_mean:rule
2020-05,-5.9269267778928484e-05,-0.00015845540290594147,0.049593067563506496,shrink_mean:rule
2020-06,0.0023237460624679143,0.002274322697274542,0.0247116825966863,shrink_mean:rule
2020-07,0.0007068317675136416,0.0005999834104344226,0.05342417853960963,shrink_mean:rule
2020-08,0.0055989680707098765,0.005525164847168434,0.03690161177072106,shrink_mean:rule
2020-09,0.00680229940782775,0.006741184970633336,0.03055721859720679,shrink_mean:rule
2020-10,0.005120531187399769,0.005061344403822644,0.02959339178856243,shrink_mean:rule
2020-11,0.0005679103783390759,0.0005147703516857564,0.026570013326659727,shrink_mean:rule
2020-12,0.004507102450263922,0.004433227702575766,0.03693737384407791,shrink_mean:rule
2021-01,0.005374674467794195,0.005316897539140147,0.028888464327024146,shrink_mean:rule
2021-02,0.006834835194167609,0.006774520169686638,0.030157512240485254,shrink_mean:rule
2021-03,0.009866184607365144,0.009804361259614197,0.030911673875473233,shrink_mean:rule
2021-04,0.009261554761220737,0.009212117803277792,0.024718478971473265,shrink_mean:rule
2021-05,0.007597024210669448,0.007536215251391742,0.030404479638852466,shrink_mean:rule
2021-06,0.004794976128922345,0.0047513056416514255,0.021835243635460112,shrink_mean:rule
2021-07,0.0021709922193939844,0.0021274271036228424,0.021782557885571128,shrink_mean:rule
2021-08,0.00537293083628033,0.005332888076297202,0.02002137999156421,shrink_mean:rule
2021-09,0.004180410420843492,0.004128121497098721,0.02614446187238503,shrink_mean:rule
2021-10,0.0021318613617291498,0.0020873277602260296,0.022266800751560064,shrink_mean:rule
2021-11,0.0029329191979613274,0.0028852075746889127,0.023855811636207525,shrink_mean:rule
2021-12,0.004240966953255867,0.004190190886467281,0.025388033394292662,shrink_mean:rule
2022-01,0.009726450271868789,0.009683287598394812,0.021581336736988622,shrink_mean:rule
2022-02,0.004233153309973271,0.004182803239604232,0.025175035184519388,shrink_mean:rule
2022-03,0.00400802037642127,0.0039607614770486585,0.023629449686305672,shrink_mean:rule
2022-04,0.005672883744446661,0.005617569908012888,0.027656918216886008,shrink_mean:rule
2022-05,0.004577747485890581,0.004523891844311767,0.026927820789407256,shrink_mean:rule
2022-06,0.003892236958699979,0.0038508409338078183,0.020698012446080178,shrink_mean:rule
2022-07,1.142801029899325e-05,-3.3240198175813745e-05,0.022334104237403448,shrink_mean:rule
2022-08,0.0035094334892443206,0.0034662863107955346,0.021573589224392817,shrink_mean:rule
2022-09,0.00547609741914334,0.005426587594403478,0.024754912369930816,shrink_mean:rule
2022-10,0.0022066833001277465,0.0021631232400405567,0.02178003004359501,shrink_mean:rule
2022-11,0.0035666984822868312,0.0035217345478447885,0.022481967221021512,shrink_mean:rule
2022-12,0.005472175187649135,0.005426801765760551,0.022686710944292324,shrink_mean:rule
2023-01,0.0034640104874341564,0.003421463331352578,0.021273578040788988,shrink_mean:rule
2023-02,0.004397424960510808,0.004340598611900197,0.02841317430530509,shrink_mean:rule
2023-03,0.004718012959067625,0.00467763928676109,0.02018683615326786,shrink_mean:rule
2023-04,0.0027434224683455144,0.002703881880528954,0.01977029390828015,shrink_mean:rule
2023-05,0.003127814914926949,0.003083914116775738,0.021950399075605424,shrink_mean:rule
2023-06,0.003387296508232067,0.0033398925194873725,0.023701994372347143,shrink_mean:rule
2023-07,0.0025978713057351866,0.0025527528373217655,0.022559234206710563,shrink_mean:rule
2023-08,0.006335054327994905,0.006292652559006728,0.021200884494088475,shrink_mean:rule
2023-09,0.007409240363420028,0.0073696849015230485,0.01977773094849007,shrink_mean:rule
2023-10,0.005998901710836329,0.00596459184693778,0.01715493194927451,shrink_mean:rule
2023-11,0.0024196526349808557,0.0023468604983860287,0.03639606829741356,shrink_mean:rule
2023-12,0.004406007685803439,0.004365188811632481,0.020409437085479064,shrink_mean:rule
2024-01,0.009145111215125455,0.009101502450864163,0.021804382130645783,shrink_mean:rule
2024-02,0.004103449721364141,0.004050166041479609,0.02664183994226574,shrink_mean:rule
2024-03,0.005369566684433539,0.005324041646005845,0.02276251921384663,shrink_mean:rule
2024-04,0.004287059618081883,0.004219130176658776,0.03396472071155349,shrink_mean:rule
2024-05,0.007712972089418649,0.007648156310580972,0.03240788941883877,shrink_mean:rule
2024-06,0.0023485968007056577,0.0023012511536660398,0.023672823519808987,shrink_mean:rule
2024-07,0.0038653027301949095,0.003836165812704953,0.014568458744978042,shrink_mean:rule
2024-08,0.0052099912251275865,0.005169721488863869,0.020134868131858955,shrink_mean:rule
2024-09,0.002120470650969575,0.0020876678487625182,0.016401401103528224,shrink_mean:rule
2024-10,0.005658361228750065,0.005623884095264402,0.01723856674283095,shrink_mean:rule
2024-11,0.007747962944585443,0.007711208645697646,0.018377149443898153,shrink_mean:rule
2024-12,0.002513062264752224,0.0024756002609076302,0.018731001922296833,shrink_mean:rule
2025-01,0.0026204473545400645,0.002585406384199475,0.017520485170294583,shrink_mean:rule
2025-02,0.003010265472930826,0.00297384306123507,0.018211205847877915,shrink_mean:rule
2025-03,0.003548178599967815,0.0035106999764827392,0.01873931174253782,shrink_mean:rule
2025-04,0.0014370440303780529,0.0013909649082974006,0.023039561040326118,shrink_mean:rule
2025-05,0.002506861392165974,0.0024656238067035092,0.02061879273123243,shrink_mean:rule
2025-06,-0.0012364342156308433,-0.0012825923503448253,0.023079067356990966,shrink_mean:rule
2025-07,0.001928210866179527,0.0018841303591691095,0.02204025350520884,shrink_mean:rule
2025-08,0.0021726342001852817,0.002133083186288682,0.019775506948299673,shrink_mean:rule
2025-09,0.0028230257034364626,0.002779771250072104,0.021627226682179337,shrink_mean:rule
2025-10,0.0029461973084770675,0.002906376591467923,0.01991035850457226,shrink_mean:rule
2025-11,0.0052571063571290625,0.00521916289053912,0.018971733294971586,shrink_mean:rule
2025-12,0.0035289047674204373,0.003492595443677213,0.01815466187161217,shrink_mean:rule
