target_month,gross,net,turnover,strategy
2000-01,0.009963895438209771,0.009963895438209771,0.0,enet:dm_only
2000-02,0.01650340770281604,0.014593016301973852,0.9551957004210925,enet:dm_only
2000-03,-0.007306568542289443,-0.009208475073244493,0.9509532654775242,enet:dm_only
2000-04,-0.009751554560263352,-0.011668413982836346,0.9584297112864958,enet:dm_only
2000-05,-0.004127750706465424,-0.006104831572481236,0.9885404330079061,enet:dm_only
2000-06,-0.0023567463521497263,-0.004273887294585085,0.9585704712176792,enet:dm_only
2000-07,-0.002107363847952808,-0.004055716249798027,0.9741762009226095,enet:dm_only
2000-08,-0.0029612707853758835,-0.004727856610050954,0.883292912337535,enet:dm_only
2000-09,-0.00048341460477918294,-0.0023619403628836757,0.9392628790522466,enet:dm_only
2000-10,0.0038164219004909053,0.0019973851371837383,0.9095183816535833,enet:dm_only
2000-11,0.009096993225022392,0.007460087646948261,0.8184527890370653,enet:dm_only
2000-12,0.0007697861226286538,-0.0008695152989675288,0.8196507107980914,enet:dm_only
2001-01,-0.007919283148786756,-0.0097936390499145,0.9371779505638713,enet:dm_only
2001-02,0.0032964078739785934,0.0011553573371456077,1.0705252684164925,enet:dm_only
2001-03,0.025097199779346675,0.022912798632092578,1.092200573627048,enet:dm_only
2001-04,0.0024319354658041943,0.0006965143685328575,0.8677105486356685,enet:dm_only
2001-05,0.008271324214067973,0.0062656970081492016,1.0028136029593857,enet:dm_only
2001-06,-0.007098152467827234,-0.008800893257157242,0.8513703946650043,enet:dm_only
2001-07,0.0162544878876411,0.014287081483599933,0.983703202020584,enet:dm_only
2001-08,-0.004627325483697135,-0.006245383066752874,0.8090287915278703,enet:dm_only
2001-09,0.012420371007252769,0.010437141420018616,0.9916147936170775,enet:dm_only
2001-10,-0.015994952191656284,-0.017802712529089867,0.9038801687167923,enet:dm_only
2001-11,-0.001782689907111155,-0.004034357640393737,1.1258338666412908,enet:dm_only
2001-12,0.001959495361598338,-0.00019329393530328028,1.076394648450809,enet:dm_only
2002-01,0.0021339891762863984,-8.430432420454842e-06,1.0712098043534268,enet:dm_only
2002-02,0.012969638925488056,0.011451335324818821,0.7591518003346178,enet:dm_only
2002-03,0.013187062159999026,0.011906951692118565,0.6400552339402303,enet:dm_only
2002-04,0.01107005341186655,0.00990727612379106,0.5813886440377443,enet:dm_only
2002-05,0.0074193898430629235,0.006039008586988813,0.6901906280370549,enet:dm_only
2002-06,0.007170832764262045,0.0058329453268478925,0.668943718707076,enet:dm_only
2002-07,0.004022910605423651,0.002729154441295446,0.6468780820641024,enet:dm_only
2002-08,0.0007230480079552211,-0.0005427956540473071,0.6329218310012641,enet:dm_only
2002-09,0.0037225526955247615,0.0024134671271497056,0.6545427841875275,enet:dm_only
2002-10,0.002050501598479473,0.000782080738398054,0.6342104300407092,enet:dm_only
2002-11,-0.0006662864800221337,-0.002227480766427575,0.7805971432027209,enet:dm_only
2002-12,0.0021983703311861348,0.0008054955055638571,0.6964374128111392,enet:dm_only
2003-01,0.0012684232356250467,-4.027442569902277e-05,0.6543488306620348,enet:dm_only
2003-02,9.248351359810986e-05,-0.0008679381729978343,0.4802108432979721,enet:dm_only
2003-03,0.009317340547944005,0.008293765466170803,0.5117875408866002,enet:dm_only
2003-04,-0.004557778759455834,-0.00533413313109373,0.3881771858189484,enet:dm_only
2003-05,0.00582479996996796,0.004713941401266802,0.555429284350579,enet:dm_only
2003-06,0.0034080200758613175,0.002294870341523934,0.5565748671686918,enet:dm_only
2003-07,0.007625947193125983,0.0065385226459570706,0.5437122735844564,enet:dm_only
2003-08,0.0038553989990360747,0.0027930866862502127,0.5311561563929311,enet:dm_only
2003-09,-0.0007952828472575788,-0.0019158256030258666,0.5602713778841438,enet:dm_only
2003-10,0.014132437661173817,0.01302635655497893,0.5530405530974435,enet:dm_only
2003-11,0.002724660825003914,0.0016573351033871845,0.5336628608083648,enet:dm_only
2003-12,0.0019961193620662643,0.000904049311686422,0.5460350251899215,enet:dm_only
2004-01,-0.0010474546894566946,-0.002177368336935033,0.5649568237391692,enet:dm_only
2004-02,0.0029093759320563176,0.0014496471941987054,0.7298643689288059,enet:dm_only
2004-03,0.0033174770742439587,0.0022170897119249636,0.5501936811594974,enet:dm_only
2004-04,0.0007985971582676518,-0.00020293605957782263,0.5007666089227373,enet:dm_only
2004-05,-0.0007307634632336315,-0.0016933986814858901,0.4813176091261294,enet:dm_only
2004-06,0.006057957756603366,0.005031189622147452,0.5133840672279575,enet:dm_only
2004-07,0.008180939943117523,0.007208379546986102,0.4862801980657103,enet:dm_only
2004-08,0.0057750195926031785,0.00492631595826667,0.42435181716825493,enet:dm_only
2004-09,0.00598539737204608,0.005060690348195059,0.46235351192551033,enet:dm_only
2004-10,0.007557640504692042,0.006624126670369923,0.4667569171610594,enet:dm_only
2004-11,0.0030927882106581007,0.00226769832776092,0.41254494144859044,enet:dm_only
2004-12,0.00852444273767979,0.007487097473624623,0.5186726320275842,enet:dm_only
2005-01,0.0006485851778961084,-0.00045309479734557273,0.5508399876208406,enet:dm_only
2005-02,0.007704727876502294,0.006734928670623768,0.48489960293926343,enet:dm_only
2005-03,0.0010088582132915121,5.4115151866942585e-05,0.4773715307122848,enet:dm_only
2005-04,0.008136674642386802,0.0071283196402200846,0.5041775010833585,enet:dm_only
2005-05,-0.005001253908867226,-0.005816998352308898,0.40787222172083554,enet:dm_only
2005-06,-0.0017314657626349454,-0.002757807839911852,0.5131710386384536,enet:dm_only
2005-07,0.005612620101150483,0.004661939330140874,0.4753403855048048,enet:dm_only
2005-08,0.0010456341677279977,4.1861905606164546e-05,0.5018861310609166,enet:dm_only
2005-09,0.003006231595165837,0.0018707693769247002,0.5677311091205686,enet:dm_only
2005-10,-0.000669051066215282,-0.0016962905178239242,0.513619725804321,enet:dm_only
2005-11,-0.0053889307566265384,-0.006459256722254794,0.5351629828141278,enet:dm_only
2005-12,0.0006716545882435431,-0.00042354183416573127,0.5475982112046374,enet:dm_only
2006-01,-0.0025021205328689625,-0.0036441081554385497,0.5709938112847934,enet:dm_only
2006-02,0.0004752666954777954,-0.0010373073658379328,0.7562870306578642,enet:dm_only
2006-03,-6.951159628390655e-05,-0.0013086489868965527,0.619568695306323,enet:dm_only
2006-04,0.006289660831513588,0.005072184614953554,0.608738108280017,enet:dm_only
2006-05,0.0014052633565851938,0.00025957771850812364,0.572842819038535,enet:dm_only
2006-06,0.007057012470635141,0.00584178528189217,0.6076135943714859,enet:dm_only
2006-07,-0.0004412606330275312,-0.0014522215871615916,0.5054804770670301,enet:dm_only
2006-08,-0.000536441156581779,-0.0017690154262880783,0.6162871348531497,enet:dm_only
2006-09,-0.0014969480638552999,-0.0027533442582902226,0.6281980972174614,enet:dm_only
2006-10,-0.0004306507133711862,-0.0014945267934628687,0.5319380400458412,enet:dm_only
2006-11,0.004498458926672457,0.0034258800883957886,0.5362894191383342,enet:dm_only
2006-12,0.002458075643761301,0.0013703508442514068,0.5438623997549468,enet:dm_only
2007-01,0.003841690658286447,0.002596180602991576,0.6227550276474358,enet:dm_only
2007-02,0.0027780782816353203,0.0015239479229297252,0.6270651793527976,enet:dm_only
2007-03,0.005943422094138172,0.004822925527825813,0.5602482831561799,enet:dm_only
2007-04,0.0053514575165602134,0.0042758203634374005,0.5378185765614066,enet:dm_only
2007-05,0.002904378788285116,0.0018488099906156272,0.5277843988347444,enet:dm_only
2007-06,-0.0023575853005103416,-0.003634516654930075,0.6384656772098667,enet:dm_only
2007-07,-2.998128081303326e-05,-0.0013857900045528677,0.6779043618699174,enet:dm_only
2007-08,0.005758010941647539,0.004453346342955021,0.6523322993462592,enet:dm_only
2007-09,0.0008606415788970616,-0.0003736459442015112,0.6171437615492864,enet:dm_only
2007-10,0.0145219047363034,0.013284695507617919,0.6186046143427408,enet:dm_only
2007-11,0.005614319730585622,0.004440022983225519,0.5871483736800515,enet:dm_only
2007-12,0.003159332916611647,0.0018076949051166313,0.6758190057475078,enet:dm_only
2008-01,0.0029050733895112433,0.0016729101498476745,0.6160816198317841,enet:dm_only
2008-02,-0.00025671944312941297,-0.0015999567134856597,0.6716186351781234,enet:dm_only
2008-03,0.011941549358701882,0.010517449422392241,0.712049968154819,enet:dm_only
2008-04,-0.0002860869570871505,-0.0014707492704227282,0.5923311566677889,enet:dm_only
2008-05,0.0017200359413673432,0.00038949556005282005,0.6652701906572615,enet:dm_only
2008-06,0.012383708108687006,0.011095103661110254,0.6443022237883754,enet:dm_only
2008-07,-0.006468573441911299,-0.00764076612935537,0.5860963437220355,enet:dm_only
2008-08,0.012828918912881588,0.011326144293678952,0.751387309601317,enet:dm_only
2008-09,0.01707989181689332,0.01600432149952425,0.537785158684536,enet:dm_only
2008-10,0.03588904740118984,0.03487654102107147,0.5062531900591867,enet:dm_only
2008-11,0.015937046831720692,0.014947963811682575,0.49454151001905794,enet:dm_only
2008-12,-0.01050987002875337,-0.011739477480377304,0.6148037258119667,enet:dm_only
2009-01,-7.33182042901738e-05,-0.001575098551892081,0.7508901738009535,enet:dm_only
2009-02,0.007883917773416065,0.006334842577724088,0.7745375978459885,enet:dm_only
2009-03,-0.008095153364550137,-0.00926173343140276,0.5832900334263099,enet:dm_only
2009-04,-0.01731449481489041,-0.018737692643306103,0.7115989142078464,enet:dm_only
2009-05,0.008926670708002635,0.007171982045228674,0.877344331386981,enet:dm_only
2009-06,-0.00731695180880193,-0.008925602471748631,0.8043253314733507,enet:dm_only
2009-07,0.002895538753184808,0.0011176342454288165,0.8889522538779957,enet:dm_only
2009-08,0.002595793732592102,0.0012303097224440293,0.6827420050740364,enet:dm_only
2009-09,0.00027668655696820403,-0.0010198489647620032,0.6482677608651036,enet:dm_only
2009-10,0.001522505022463065,0.00038214313172614203,0.5701809453684615,enet:dm_only
2009-11,0.00223447718952155,0.0010069553815786967,0.6137609039714265,enet:dm_only
2009-12,-0.0018124258426837874,-0.0030167435824322536,0.6021588698742331,enet:dm_only
2010-01,-0.003978422946155888,-0.005372174525197627,0.6968757895208693,enet:dm_only
2010-02,-0.0009625351295838535,-0.002455219933497356,0.7463424019567514,enet:dm_only
2010-03,-0.003705772235529112,-0.005168373745314399,0.7313007548926435,enet:dm_only
2010-04,0.0032776313505727766,0.0018448728281212142,0.7163792612257811,enet:dm_only
2010-05,0.005021207444376767,0.0036821093581246257,0.6695490431260707,enet:dm_only
2010-06,0.0042570084555794115,0.003072384853479513,0.5923118010499491,enet:dm_only
2010-07,0.004531441588023722,0.0034673647624355874,0.5320384127940675,enet:dm_only
2010-08,0.005078439535844352,0.0038574258406123465,0.6105068476160032,enet:dm_only
2010-09,-0.0017038739793971958,-0.0029376533862928524,0.6168897034478283,enet:dm_only
2010-10,0.005863241040352183,0.004445853612618119,0.7086937138670324,enet:dm_only
2010-11,0.006458023398057683,0.0051937326054010136,0.632145396328335,enet:dm_only
2010-12,0.00658338205324796,0.005298642924937541,0.6423695641552098,enet:dm_only
2011-01,0.005210105583732339,0.003937457052685556,0.6363242655233915,enet:dm_only
2011-02,-0.0015407244782037228,-0.0028728494201045243,0.6660624709504009,enet:dm_only
2011-03,0.0011020287153359195,-0.00017333089917777485,0.6376798072568473,enet:dm_only
2011-04,0.0064842455293995,0.00529231198574488,0.5959667718273103,enet:dm_only
2011-05,0.00439528534370147,0.0033215856109876695,0.5368498663568998,enet:dm_only
2011-06,0.005400766959288118,0.004299481620643512,0.5506426693223028,enet:dm_only
2011-07,0.006735840736987929,0.00574170136233859,0.4970696873246696,enet:dm_only
2011-08,0.011206867805159275,0.010243525516105028,0.4816711445271245,enet:dm_only
2011-09,0.013496024800575063,0.012475878684162924,0.5100730582060711,enet:dm_only
2011-10,-0.01574187005545143,-0.016847403745686905,0.5527668451177372,enet:dm_only
2011-11,0.0068308234049015894,0.005287659092530269,0.7715821561856602,enet:dm_only
2011-12,0.0039460555239733,0.0025228153095307386,0.7116201072212808,enet:dm_only
2012-01,-0.010488593049346321,-0.011443326068022366,0.4773665093380229,enet:dm_only
2012-02,0.0014254885331350029,0.00013259394966297328,0.6464472917360147,enet:dm_only
2012-03,0.00512920335162151,0.003982919826141912,0.5731417627397986,enet:dm_only
2012-04,0.004318709641186412,0.0033105793578575913,0.5040651416644103,enet:dm_only
2012-05,0.00909874800484278,0.008186818616274155,0.4559646942843126,enet:dm_only
2012-06,0.004685225022706663,0.003774907022269832,0.45515900021841577,enet:dm_only
2012-07,0.007410475301363769,0.006355506077566614,0.5274846118985766,enet:dm_only
2012-08,0.004913977917565292,0.003946218939153421,0.4838794892059352,enet:dm_only
2012-09,-0.0016220107440203346,-0.0025718355807707954,0.4749124183752302,enet:dm_only
2012-10,0.0008183377703204084,-0.00032761366947695194,0.5729757198986802,enet:dm_only
2012-11,0.006495414138613757,0.0053216031653607705,0.586905486626493,enet:dm_only
2012-12,-0.002004119180127378,-0.003032349458418011,0.5141151391453169,enet:dm_only
2013-01,0.0031472771812898074,0.0019814096750535894,0.582933753118109,enet:dm_only
2013-02,0.004469170435531168,0.0033365566587719472,0.56630688837961,enet:dm_only
2013-03,0.007036802794082121,0.0060281418942981155,0.5043304498920033,enet:dm_only
2013-04,0.010871407577587503,0.009992482012161177,0.4394627827131636,enet:dm_only
2013-05,0.0032417750994690746,0.0023099901360385685,0.46589248171525294,enet:dm_only
2013-06,0.00464223738788101,0.0034965937085584733,0.5728218396612683,enet:dm_only
2013-07,0.00250152816035929,0.0014001387182051123,0.5506947210770887,enet:dm_only
2013-08,0.003907095963856339,0.0027759133336553114,0.5655913151005137,enet:dm_only
2013-09,-0.005520282525403461,-0.006662355469166283,0.5710364718814109,enet:dm_only
2013-10,0.0003341683447012191,-0.0008299843989124436,0.5820763718068314,enet:dm_only
2013-11,0.0009714954419937839,-9.291097009109467e-05,0.5322032060424393,enet:dm_only
2013-12,0.003447289774022238,0.0024639553186815177,0.49166722767036014,enet:dm_only
2014-01,-0.000758036529044987,-0.0016413231690952546,0.44164332002513373,enet:dm_only
2014-02,0.003003259226053979,0.0019843285289089024,0.5094653485725381,enet:dm_only
2014-03,-8.727144551654737e-05,-0.0011044081971001655,0.5085683757918089,enet:dm_only
2014-04,0.004861705205786581,0.0037924152327847003,0.5346449865009405,enet:dm_only
2014-05,0.00274994150461508,0.0017706153599114035,0.4896630723518379,enet:dm_only
2014-06,0.0012756244607969322,0.0003027648686565387,0.4864297960701968,enet:dm_only
2014-07,8.202146735943038e-05,-0.0008223904356965283,0.45220595152797927,enet:dm_only
2014-08,0.002889548821548286,0.0018329402957760652,0.5283042628861105,enet:dm_only
2014-09,-0.0018830878529894793,-0.0028693726468136185,0.4931423969120696,enet:dm_only
2014-10,0.003327282497611312,0.002333379190090666,0.4969516537603232,enet:dm_only
2014-11,0.008188020872473598,0.007165250377543991,0.5113852474648034,enet:dm_only
2014-12,0.01134612192185749,0.010417288489646081,0.4644167161057049,enet:dm_only
2015-01,0.006514935591834112,0.005591403337287332,0.46176612727338967,enet:dm_only
2015-02,-0.0011625121075512345,-0.002258418700930753,0.5479532966897596,enet:dm_only
2015-03,0.004902780415737545,0.003753434355004249,0.5746730303666482,enet:dm_only
2015-04,-0.011842455050330662,-0.012916166699603226,0.5368558246362811,enet:dm_only
2015-05,0.0002496409661221889,-0.001127959401230747,0.6888001836764679,enet:dm_only
2015-06,0.0023231744843294063,0.0009936668144987114,0.6647538349153475,enet:dm_only
2015-07,0.008679859243282127,0.007719580758636066,0.4801392423230307,enet:dm_only
2015-08,0.008818856933597624,0.007831911435220924,0.4934727491883499,enet:dm_only
2015-09,0.003288173311361403,0.0023111803848356147,0.48849646326289403,enet:dm_only
2015-10,-0.004970484997908811,-0.006012504558630747,0.521009780360968,enet:dm_only
2015-11,0.001866135323157412,0.0006651803146800784,0.6004775042386667,enet:dm_only
2015-12,2.0542757597803196e-06,-0.0011542319852542826,0.5781431305070316,enet:dm_only
2016-01,0.0020941313176266103,0.0009803318515281272,0.5568997330492417,enet:dm_only
2016-02,-0.0011284178781182919,-0.002232407159938973,0.5519946409103403,enet:dm_only
2016-03,-0.0046084092602021245,-0.0058228943541007066,0.6072425469492906,enet:dm_only
2016-04,0.004041533698525666,0.002765676650008187,0.6379285242587394,enet:dm_only
2016-05,0.001216182589141229,3.188757429506001e-05,0.5921475074230845,enet:dm_only
2016-06,-0.0022217417156354174,-0.0033861648471613334,0.582211565762958,enet:dm_only
2016-07,6.370606734098765e-05,-0.0009702551602230106,0.516980613781999,enet:dm_only
2016-08,0.006050632743616562,0.004908176145291216,0.5712282991626726,enet:dm_only
2016-09,0.0062299173139092915,0.005210797611399374,0.5095598512549591,enet:dm_only
2016-10,0.0027677549743799555,0.0020126572930095465,0.37754884068520467,enet:dm_only
2016-11,-0.0010666296332437254,-0.0019905114702554842,0.4619409185058795,enet:dm_only
2016-12,0.0009333083923562342,-0.0001583859590177477,0.545847175686991,enet:dm_only
2017-01,0.003651069784800293,0.0026001400494680125,0.5254648676661405,enet:dm_only
2017-02,-0.0006797077759973695,-0.0017568941722211357,0.5385931981118832,enet:dm_only
2017-03,0.0025304797556446115,0.0015068197762514951,0.5118299896965582,enet:dm_only
2017-04,5.4577880013617284e-05,-0.0009584470122724495,0.5065124461430333,enet:dm_only
2017-05,0.00405580585319405,0.003074358509858916,0.4907236716675668,enet:dm_only
2017-06,-0.0007185089654392693,-0.001771589257919693,0.526540146240212,enet:dm_only
2017-07,0.003580983615156392,0.0025020550284907887,0.5394642933328017,enet:dm_only
2017-08,0.003893447603039456,0.002897180491312106,0.49813355586367497,enet:dm_only
2017-09,0.0008208219726309465,-7.941321774286725e-05,0.45011759518690686,enet:dm_only
2017-10,0.00552297433145144,0.004608666819486483,0.45715375598247804,enet:dm_only
2017-11,0.003235754683821637,0.0021976103770838676,0.5190721533688848,enet:dm_only
2017-12,0.0045337173963489455,0.003457698696856524,0.5380093497462107,enet:dm_only
2018-01,0.0023863564583458596,0.0012858082965706331,0.5502740808876132,enet:dm_only
2018-02,0.002439782052437141,0.0011923805098943492,0.6237007712713961,enet:dm_only
2018-03,0.0024329854180769445,0.0013100739758743992,0.5614557211012724,enet:dm_only
2018-04,0.0008953553372352342,-9.93182152493994e-05,0.4973367762423171,enet:dm_only
2018-05,0.003386798757925674,0.0022403314382429726,0.5732336598413504,enet:dm_only
2018-06,0.003326419987105776,0.0022085685413478005,0.558925722878988,enet:dm_only
2018-07,0.0015716211799320012,0.0005950941582307292,0.4882635108506358,enet:dm_only
2018-08,0.0054115585444436875,0.004377578104746913,0.5169902198483871,enet:dm_only
2018-09,0.01376471400365556,0.012713544089615218,0.5255849570201708,enet:dm_only
2018-10,0.00286149848429611,0.0018884424985323722,0.4865279928818687,enet:dm_only
2018-11,-0.0031297341205048113,-0.0041716714118269944,0.5209686456610917,enet:dm_only
2018-12,0.005180377443872341,0.003861428295890748,0.6594745739907961,enet:dm_only
2019-01,-0.005441416322270063,-0.006524765631860107,0.5416746547950213,enet:dm_only
2019-02,-0.005311100008213187,-0.006627495680457998,0.6581978361224053,enet:dm_only
2019-03,0.00597102742198079,0.004761831037486574,0.6045981922471074,enet:dm_only
2019-04,0.0015765645336571705,0.000650391854728894,0.46308633946413824,enet:dm_only
2019-05,0.0016848310171268881,0.000692743962923068,0.4960435271019099,enet:dm_only
2019-06,0.003150628239554201,0.0020758451373536564,0.5373915511002721,enet:dm_only
2019-07,0.004967837799995133,0.0039335017639143795,0.5171680180403763,enet:dm_only
2019-08,0.0009383860829808084,-1.7238549739782057e-05,0.47781231636029514,enet:dm_only
2019-09,-0.004565654130352563,-0.005673082023567463,0.5537139466074504,enet:dm_only
2019-10,0.0024175981646640484,0.0011596950434930465,0.628951560585501,enet:dm_only
2019-11,-0.0010549802504724896,-0.0021171210466858366,0.5310703981066737,enet:dm_only
2019-12,0.0037519724633174024,0.0025892978414910773,0.5813373109131622,enet:dm_only
2020-01,0.005557528027274686,0.004544776428986626,0.5063757991440302,enet:dm_only
2020-02,0.0101140077791261,0.009088637423448424,0.5126851778388378,enet:dm_only
2020-03,0.014332909813272095,0.013388594773443707,0.4721575199141946,enet:dm_only
2020-04,-0.020593090000217872,-0.02198518678150581,0.6960483906439694,enet:dm_only
2020-05,-0.0008794301765830572,-0.0028249359608813057,0.9727528921491242,enet:dm_only
2020-06,-0.0034594287964280074,-0.00499625915501735,0.7684151792946712,enet:dm_only
2020-07,0.0037929204206250573,0.0024184989581968338,0.6872107312141115,enet:dm_only
2020-08,0.0004052567216151148,-0.0009622702486220004,0.6837634851185576,enet:dm_only
2020-09,-0.0010853735224725086,-0.0024404484919835832,0.6775374847555374,enet:dm_only
2020-10,0.004530145812828655,0.0032096846013599033,0.6602306057343758,enet:dm_only
2020-11,-0.02928341348406444,-0.03042533047345865,0.5709584946971055,enet:dm_only
2020-12,0.0022393072501976532,0.00031566639192281976,0.9618204291374166,enet:dm_only
2021-01,0.00199170983665195,0.0004405692040752124,0.7755703162883685,enet:dm_only
2021-02,0.0008915838007806635,-0.0004085253406867315,0.6500545707336975,enet:dm_only
2021-03,0.0057319642027976,0.004371120979727155,0.6804216115352221,enet:dm_only
2021-04,0.005024814473452675,0.0038242734485369797,0.6002705124578481,enet:dm_only
2021-05,0.002917516682394644,0.0016328348263673093,0.6423409280136674,enet:dm_only
2021-06,-0.004192650094350575,-0.005450286707692526,0.6288183066709755,enet:dm_only
2021-07,0.004017267624665311,0.002802268630936204,0.6074994968645536,enet:dm_only
2021-08,-0.0015053150354226302,-0.002643983384638437,0.5693341746079036,enet:dm_only
2021-09,0.007172050740192046,0.005982956216606275,0.5945472617928859,enet:dm_only
2021-10,0.0016768815419763601,0.0005516148548969629,0.5626333435396988,enet:dm_only
2021-11,0.005043495175225781,0.003921997719351165,0.5607487279373081,enet:dm_only
2021-12,0.009078047882391221,0.007822068210132012,0.6279898361296047,enet:dm_only
2022-01,0.011418791248459292,0.010401772316699094,0.5085094658800996,enet:dm_only
2022-02,0.009438944086254408,0.008507240841711658,0.4658516222713743,enet:dm_only
2022-03,0.00793223308197889,0.006894619173330751,0.5188069543240693,enet:dm_only
2022-04,0.01074109833605822,0.009775962933707081,0.4825677011755704,enet:dm_only
2022-05,0.0039037445312728523,0.0029533852255423094,0.47517965286527164,enet:dm_only
2022-06,0.001932360533119559,0.0008947968163995447,0.5187818583600068,enet:dm_only
2022-07,-0.00549969546540245,-0.006561442268428636,0.5308734015130928,enet:dm_only
2022-08,-0.0013102655056389005,-0.002434418205175325,0.5620763497682122,enet:dm_only
2022-09,0.006127413467176918,0.005110307338004748,0.5085530645860851,enet:dm_only
2022-10,0.004956877918511324,0.003966685306253484,0.49509630612892025,enet:dm_only
2022-11,-0.006320915327460256,-0.007391910377344763,0.5354975249422537,enet:dm_only
2022-12,0.005182925451842831,0.003978403167020055,0.6022611424113884,enet:dm_only
2023-01,0.0006860179319811981,-0.00035282141303959435,0.5194196725103961,enet:dm_only
2023-02,0.006922251682461126,0.005897946679483995,0.5121525014885653,enet:dm_only
2023-03,0.0031318491824216975,0.0022817087544480153,0.42507021398684164,enet:dm_only
2023-04,-0.0003666658621494989,-0.0013532841656766514,0.49330915176357615,enet:dm_only
2023-05,-0.00177204361723308,-0.0026898802037535505,0.45891829326023514,enet:dm_only
2023-06,0.0014446060755611148,0.0004673972663864146,0.48860440458735005,enet:dm_only
2023-07,0.004022922347344925,0.0029895323310864643,0.5166950081292306,enet:dm_only
2023-08,0.0016650222095624312,0.0006337271575644408,0.515647525998995,enet:dm_only
2023-09,0.010466724762928151,0.009473998056634857,0.4963633531466471,enet:dm_only
2023-10,0.008071601670066349,0.0072480927350132614,0.41175446752654427,enet:dm_only
2023-11,-0.009210980102131035,-0.010107842956910642,0.44843142738980313,enet:dm_only
2023-12,0.003432759371042834,0.0022968577198234936,0.5679508256096701,enet:dm_only
2024-01,0.008717770376517065,0.0077030399239155535,0.5073652263007554,enet:dm_only
2024-02,5.824617860975936e-05,-0.0009741960156002212,0.5162210971049902,enet:dm_only
2024-03,0.0034794230227796013,0.002398149547081493,0.5406367378490543,enet:dm_only
2024-04,-0.00027747191136668123,-0.0013249093665008314,0.5237187275670752,enet:dm_only
2024-05,0.0020572801260827552,0.0010265658642585355,0.51535713091211,enet:dm_only
2024-06,-0.0006473633466482792,-0.0016416554050318769,0.49714602919179857,enet:dm_only
2024-07,0.00026951577229263643,-0.0007197011326135623,0.4946084524530993,enet:dm_only
2024-08,0.003159961251675143,0.0021634967859918276,0.4982322328416577,enet:dm_only
2024-09,0.000451485489642932,-0.000516488171264504,0.4839868304537181,enet:dm_only
2024-10,0.004408614434638095,0.003379006856737485,0.5148037889503052,enet:dm_only
2024-11,0.009459232503702881,0.00843867885969317,0.510276822004855,enet:dm_only
2024-12,0.0018464797769402422,0.0008351595678900661,0.505660104525088,enet:dm_only
2025-01,0.0012378104110058385,0.0003717769224584049,0.43301674427371667,enet:dm_only
2025-02,0.004169435303963172,0.003165790191969402,0.5018225559968847,enet:dm_only
2025-03,0.005852169183001512,0.00491826479714114,0.466952192930186,enet:dm_only
2025-04,-0.0027906140485892596,-0.003708248874945562,0.4588174131781513,enet:dm_only
2025-05,-0.0011883932415670177,-0.0022173163344630918,0.5144615464480371,enet:dm_only
2025-06,-0.000586119726091384,-0.0015986254733889066,0.5062528736487613,enet:dm_only
2025-07,-0.0001729091655081087,-0.0010677455195687302,0.4474181770303108,enet:dm_only
2025-08,0.0023405660318874264,0.0013237702058100905,0.5083979130386681,enet:dm_only
2025-09,0.0036078332635714676,0.0025357034422911567,0.5360649106401554,enet:dm_only
2025-10,0.008621273128566621,0.007570812305133412,0.5252304117166049,enet:dm_only
2025-11,0.0015272065798257754,0.000412665572441211,0.557270503692282,enet:dm_only
2025-12,0.00962508829450056,0.008540091238576072,0.5424985279622445,enet:dm_only
2000-01,-0.004539311064142814,-0.004539311064142814,0.0,static_ew
2000-02,-0.005073384266431782,-0.005155116302305188,0.04086601793670307,static_ew
2000-03,0.007403012946382355,0.007372014335707412,0.015499305337471321,static_ew
2000-04,-0.0010814872295348125,-0.0011532264959585427,0.03586963321186536,static_ew
2000-05,0.0037825697610749122,0.0034524777336411724,0.16504601371686994,static_ew
2000-06,0.01092160241155538,0.01077497470737383,0.07331385209077665,static_ew
2000-07,0.006722105871512477,0.00665065557788185,0.035725146815312935,static_ew
2000-08,0.004301796608697295,0.004283480721729964,0.009157943483665273,static_ew
2000-09,0.007294516630067485,0.007257097039662723,0.018709795202381037,static_ew
2000-10,0.011214233195723823,0.011155413550439537,0.029409822642143073,static_ew
2000-11,0.013019909048550188,0.012969253945693945,0.025327551428120692,static_ew
2000-12,0.005047337902921123,0.004925895301574681,0.060721300673221325,static_ew
2001-01,-0.003838420518622403,-0.003915045226998163,0.038312354187879843,static_ew
2001-02,0.017578993708726176,0.017573747714918583,0.0026229969037959567,static_ew
2001-03,0.01938788446734796,0.01933969585090853,0.02409430821971581,static_ew
2001-04,0.0023653903288010847,0.0023047371633203332,0.030326582740375845,static_ew
2001-05,0.005576364706699818,0.005297658891497657,0.13935290760108046,static_ew
2001-06,0.010752770607620676,0.01069322738540411,0.029771611108283226,static_ew
2001-07,0.00598599625825361,0.005894281533366232,0.04585736244368857,static_ew
2001-08,0.00619234965083002,0.006058684529095353,0.06683256086733332,static_ew
2001-09,0.013066376607693041,0.013010359388220625,0.028008609736208296,static_ew
2001-10,-0.003331971796208383,-0.0035283634966384956,0.09819585021505628,static_ew
2001-11,-0.014351040086175972,-0.0144339550656305,0.04145748972726373,static_ew
2001-12,0.0033233756057275627,0.0033084163358407465,0.007479634943408259,static_ew
2002-01,0.0018075755931983896,0.0017822219230753697,0.012676835061509977,static_ew
2002-02,0.007638304973385992,0.007526320968572392,0.055992002406800453,static_ew
2002-03,0.0076607216302942574,0.007561936932806457,0.04939234874390038,static_ew
2002-04,0.0068189189564331265,0.0066864021185261135,0.06625841895350618,static_ew
2002-05,0.0002769746383564095,0.0001256245269415513,0.07567505570742923,static_ew
2002-06,0.0047375129832735036,0.004628811260676161,0.05435086129867159,static_ew
2002-07,0.005436871004153141,0.0054285376708198075,0.0041666666666666675,static_ew
2002-08,0.00276328375633884,0.0026904254939507295,0.03642913119405541,static_ew
2002-09,0.008892603485145336,0.008861117721983149,0.01574288158109407,static_ew
2002-10,0.004967774099800534,0.004962333373641303,0.0027203630796150506,static_ew
2002-11,-0.0004767832863868092,-0.0005980517748427976,0.060634244227994225,static_ew
2002-12,0.007914859420859096,0.007857773414436806,0.028543003211144797,static_ew
2003-01,0.0041100780162643446,0.004061204399794297,0.024436808235023796,static_ew
2003-02,0.0044281526665473775,0.004362653313333777,0.0327496766068009,static_ew
2003-03,0.006679997261338683,0.00665190721608149,0.014045022628596658,static_ew
2003-04,-0.007096930522606972,-0.007173070591413219,0.038070034403123565,static_ew
2003-05,0.0036214949341477707,0.003555143891407549,0.033175521370110546,static_ew
2003-06,0.003127298028211024,0.0031054106019118327,0.010943713149595496,static_ew
2003-07,0.00222259895902156,0.002206613863356921,0.007992547832319629,static_ew
2003-08,0.0037584282058957382,0.0037299117974683616,0.014258204213688166,static_ew
2003-09,-0.0032526241923340935,-0.0034060675772012335,0.07672169243356981,static_ew
2003-10,0.005030820323185496,0.0050204840935277936,0.00516811482885122,static_ew
2003-11,0.0046161604212931725,0.004606328762549981,0.004915829371595923,static_ew
2003-12,-0.0021790842510319365,-0.002190204940687109,0.005560344827586208,static_ew
2004-01,-0.003328659209601251,-0.003349921171323739,0.010630980861244024,static_ew
2004-02,0.005823300883553504,0.005526762128191219,0.1482693776811424,static_ew
2004-03,0.005174235547193807,0.00515938925558763,0.007423145803087938,static_ew
2004-04,0.0014885168218775216,0.001472927359596883,0.007794731140319381,static_ew
2004-05,0.001502700127440677,0.0014634571128986841,0.019621507270996364,static_ew
2004-06,0.006678578384816715,0.0065686098337554314,0.05498427553064192,static_ew
2004-07,0.0058395615212402914,0.005804262978652586,0.01764927129385266,static_ew
2004-08,0.004725092281623987,0.004706654975532992,0.009218653045497308,static_ew
2004-09,0.0040306526961689185,0.0038592133995323584,0.08571964831828005,static_ew
2004-10,0.002654397819727758,0.002610464142785232,0.02196683847126324,static_ew
2004-11,0.0032943248202863457,0.00326373429726843,0.01529526150895804,static_ew
2004-12,0.006112042452761655,0.006077897683498234,0.01707238463170995,static_ew
2005-01,0.000628485444751742,0.00046559480673741586,0.08144531900716308,static_ew
2005-02,0.0034338627686132145,0.00339482780656379,0.01951748102471218,static_ew
2005-03,0.002643781698715705,0.002608800371086357,0.017490663814673894,static_ew
2005-04,0.003518574484742499,0.0035036411514091656,0.007466666666666666,static_ew
2005-05,-0.0030921454351928008,-0.003122787230644772,0.015320897725985884,static_ew
2005-06,-0.00045352128290754637,-0.00047403391143904284,0.010256314265748233,static_ew
2005-07,0.002477032321939842,0.002466214184942843,0.005409068498499386,static_ew
2005-08,0.0016989905497619112,0.0016770360759260758,0.010977236917917679,static_ew
2005-09,-0.00015338066277044565,-0.00024935513168287173,0.04798723445621307,static_ew
2005-10,0.004909019503117091,0.004894023827427461,0.007497837844815362,static_ew
2005-11,-0.0037199946742293055,-0.0037655002676580127,0.02275279671435377,static_ew
2005-12,-0.0022601999633778775,-0.0022900939336679997,0.014946985145060987,static_ew
2006-01,-0.0011523195631324911,-0.001158217519702749,0.0029489782851288907,static_ew
2006-02,0.0022253707732602774,0.002004311230191217,0.11052977153453003,static_ew
2006-03,0.000984817203213537,0.000957817203213537,0.013499999999999998,static_ew
2006-04,0.0010860105193011057,0.0009707946087969849,0.05760795525206044,static_ew
2006-05,0.003303327180452095,0.003241092812826948,0.0311171838125735,static_ew
2006-06,0.004424060381071301,0.004407350732310133,0.008354824380584125,static_ew
2006-07,0.0028736772569689572,0.0028552519484273697,0.009212654270793798,static_ew
2006-08,0.001988189492581795,0.0018209637125468825,0.08361289001745613,static_ew
2006-09,-0.00151791263211509,-0.0016564375778142615,0.06926247284958577,static_ew
2006-10,-0.0006500919207083099,-0.000689985585662802,0.019946832477246094,static_ew
2006-11,-0.0010506402465805455,-0.001066237782640029,0.0077987680297417605,static_ew
2006-12,0.0009860630191018695,0.0009597501423852849,0.013156438358292425,static_ew
2007-01,0.0005785581849930077,0.0005736667293006366,0.0024457278461855153,static_ew
2007-02,-0.0028553817766322495,-0.003084678709548791,0.11464846645827065,static_ew
2007-03,-0.0011046860603798974,-0.0011588901317077323,0.02710203566391741,static_ew
2007-04,-0.00013255146843163594,-0.00020611778319926132,0.036783157383812624,static_ew
2007-05,0.0010999187665483318,0.0010449248084346077,0.027496979056862124,static_ew
2007-06,-0.003024535670382486,-0.003047222709168659,0.011343519393086459,static_ew
2007-07,-0.0018734623678507256,-0.0019653652943554187,0.04595146325234645,static_ew
2007-08,0.008765889961652552,0.008671225225878881,0.04733236788683506,static_ew
2007-09,-0.0014016093946411829,-0.0014660570624597338,0.032223833909275364,static_ew
2007-10,-0.0010374764423372066,-0.0011860804639081714,0.07430201078548224,static_ew
2007-11,0.004246397950159568,0.00416217010246176,0.042113923848903945,static_ew
2007-12,0.0018318310114088174,0.001752873011108264,0.03947900015027679,static_ew
2008-01,0.0054001694984387,0.005194563532482401,0.10280298297814919,static_ew
2008-02,0.00038137687303635995,0.00024201257478082805,0.06968214912776609,static_ew
2008-03,0.008762800086208415,0.008613671695990718,0.07456419510884914,static_ew
2008-04,-0.0012958398681267662,-0.0013521180254986655,0.028139078685949552,static_ew
2008-05,0.0014392759118253677,0.001321600401201577,0.058837755311895466,static_ew
2008-06,0.009610405659963033,0.009547975140411447,0.031215259775793074,static_ew
2008-07,0.005439997456396972,0.005391599372516069,0.02419904194045125,static_ew
2008-08,0.009591191837913293,0.009540686852426268,0.02525249274351206,static_ew
2008-09,0.012389075729996916,0.01233816228545726,0.025456722269828123,static_ew
2008-10,0.022790136030592732,0.022709652399927196,0.04024181533276854,static_ew
2008-11,0.01051743822382241,0.01047343097536707,0.022003624227669397,static_ew
2008-12,-0.006424688328267203,-0.006568041314695427,0.07167649321411199,static_ew
2009-01,0.008871388096559562,0.008814721672270128,0.02833321214471741,static_ew
2009-02,0.005108682162935438,0.005034527380611749,0.037077391161844615,static_ew
2009-03,-0.0036723270427626055,-0.0036928750742480578,0.01027401574272609,static_ew
2009-04,-0.020164353137572984,-0.02020175443004689,0.018700646236952768,static_ew
2009-05,-0.021087882842192065,-0.021130593597382057,0.0213553775949959,static_ew
2009-06,0.004426408086803711,0.004425017749646949,0.0006951685783802581,static_ew
2009-07,-0.0013482484041582514,-0.0013555901526388497,0.003670874240299203,static_ew
2009-08,0.0011333464247488324,0.0011117942959079925,0.010776064420419925,static_ew
2009-09,-0.001064840196381842,-0.001072748771795253,0.0039542877067055,static_ew
2009-10,0.005046668989143319,0.005043543989143319,0.0015624999999999973,static_ew
2009-11,0.003063131468651985,0.003015621772465818,0.023754848093083397,static_ew
2009-12,0.0007897841200079677,0.0007687070490250854,0.010538535491441231,static_ew
2010-01,0.0028313177689768374,0.002820744534594472,0.005286617191182487,static_ew
2010-02,0.004545362699792688,0.004513219840342324,0.016071429725182062,static_ew
2010-03,-0.00014656751196097246,-0.00018611033104664866,0.019771409542838115,static_ew
2010-04,0.0036474838717875232,0.0036337825271045266,0.00685067234149832,static_ew
2010-05,0.005756728966287941,0.005727533570128996,0.014597698079472782,static_ew
2010-06,0.0020588580805930533,0.0020468317883368626,0.006013146128095148,static_ew
2010-07,0.0033593887500413993,0.0033492179157704983,0.005085417135450424,static_ew
2010-08,0.004503250632576798,0.004468420985829719,0.0174148233735394,static_ew
2010-09,-0.0018878022973943236,-0.0019011498491629994,0.006673775884337918,static_ew
2010-10,-0.0003049260115114974,-0.0003088173187269042,0.001945653607703478,static_ew
2010-11,0.004817207010716729,0.004813930140379968,0.0016384351683807266,static_ew
2010-12,0.0006161902211683551,0.0006104621651360395,0.002864028016157823,static_ew
2011-01,0.00829595193168666,0.008288188269658025,0.003881831014317407,static_ew
2011-02,0.0022041858538791106,0.00218392919371017,0.010128330084470442,static_ew
2011-03,0.0023662657291477146,0.0023455885006388997,0.010338614254407373,static_ew
2011-04,0.0030869835177189543,0.0030667424986273607,0.010120509545796887,static_ew
2011-05,0.005561127536748982,0.0055509027478919375,0.005112394428522331,static_ew
2011-06,0.00489986478708546,0.004885810936942223,0.0070269250716190135,static_ew
2011-07,0.0036721949154287386,0.0036582916119421013,0.006951651743318412,static_ew
2011-08,0.00554919420320747,0.005538719032712173,0.005237585247648609,static_ew
2011-09,0.01102439461211299,0.011005986042389747,0.009204284861621599,static_ew
2011-10,-0.006347463614167788,-0.006347463614167788,0.0,static_ew
2011-11,0.01176350774862043,0.011754438118893524,0.00453481486345335,static_ew
2011-12,0.004192887647513355,0.0041889193935451,0.0019841269841269845,static_ew
2012-01,-0.005433968554760216,-0.005443628812070299,0.0048301286550417,static_ew
2012-02,0.0008352080915123874,0.0008229223337699811,0.00614287887120324,static_ew
2012-03,0.003927881551616972,0.003919417814320283,0.004231868648344621,static_ew
2012-04,0.00379800311636327,0.0036902197179015917,0.05389169923083914,static_ew
2012-05,0.005770491363866072,0.0057173559356726335,0.026567714096719125,static_ew
2012-06,0.003029195345895873,0.0030186885449669655,0.005253400464453673,static_ew
2012-07,0.0043865848263568725,0.004374713250183237,0.0059357880868178324,static_ew
2012-08,0.0031220932700331177,0.0031141198146031903,0.003986727714963464,static_ew
2012-09,-0.0035584228855353056,-0.003570106697242298,0.005841905853496353,static_ew
2012-10,0.002136859535979977,0.002133066269028815,0.001896633475580848,static_ew
2012-11,0.0035221994079684044,0.0035127369178497283,0.004731245059338023,static_ew
2012-12,-0.0029373917197474983,-0.0029491372972090266,0.005872788730764085,static_ew
2013-01,0.0031334496935537105,0.0031162799218337704,0.008584885859970116,static_ew
2013-02,0.0018186493217049967,0.001773611818404044,0.022518751650476284,static_ew
2013-03,0.005831270735628782,0.0058022104163942025,0.014530159617290001,static_ew
2013-04,0.00508973401492633,0.005081020351085817,0.00435683192025656,static_ew
2013-05,0.0032238917830434617,0.003206731149358391,0.00858031684253521,static_ew
2013-06,0.00550937839369054,0.005492382633102089,0.008497880294225138,static_ew
2013-07,0.0030067915972865488,0.002970443478997964,0.018174059144292484,static_ew
2013-08,0.00312855890614697,0.0031115761500332493,0.008491378056860385,static_ew
2013-09,-0.0007656584380863868,-0.0007767805915113373,0.005561076712475324,static_ew
2013-10,-0.001362101189594226,-0.0013771816128681225,0.007540211636948346,static_ew
2013-11,0.0015080304331269256,0.0015003283647361363,0.0038510341953948177,static_ew
2013-12,0.001470818223917439,0.0014616411400047982,0.0045885419563203725,static_ew
2014-01,0.0011898157221269308,0.0011459762627880929,0.021919729669418842,static_ew
2014-02,0.0004405196710658958,0.0004300709143376473,0.0052243783641242715,static_ew
2014-03,0.0003176246006685826,0.0003143029403534112,0.0016608301575857499,static_ew
2014-04,0.002624455569475456,0.0026029690376479604,0.010743265913747666,static_ew
2014-05,-0.002501989386700417,-0.0025154984507613927,0.006754532030487877,static_ew
2014-06,0.0037847696147397525,0.0037847696147397525,0.0,static_ew
2014-07,0.0014948207295984426,0.0014948207295984426,0.0,static_ew
2014-08,0.0008046475692747478,0.0007335704032906593,0.03553858299204423,static_ew
2014-09,-6.175295303052326e-05,-6.499276427033458e-05,0.0016199056199056152,static_ew
2014-10,0.001396715720059601,0.0013878407826658722,0.004437468696864422,static_ew
2014-11,0.0032229277678796167,0.0032169483386526275,0.0029897146134945578,static_ew
2014-12,0.005576134597655888,0.00556639034879371,0.004872124431088956,static_ew
2015-01,0.0044702870602010185,0.00446231668380959,0.003985188195714508,static_ew
2015-02,-0.0006194815441982642,-0.0006451835149422209,0.012850985371978358,static_ew
2015-03,0.005546101447714098,0.005507300460411504,0.019400493651297084,static_ew
2015-04,-0.007345438335851839,-0.007419788241119306,0.03717495263373302,static_ew
2015-05,0.004644302472705349,0.004635055779222051,0.004623346741649098,static_ew
2015-06,0.004178500895435285,0.004174104141862061,0.002198376786612069,static_ew
2015-07,0.005598412162835008,0.005595442299821309,0.0014849315068493148,static_ew
2015-08,0.005017662887549811,0.005004786791821246,0.00643804786428215,static_ew
2015-09,0.001570964297958968,0.0015694017979589682,0.0007812499999999993,static_ew
2015-10,-0.004301774631108297,-0.00431775465691644,0.007990012904071642,static_ew
2015-11,0.0026928124518738154,0.002683934151110483,0.0044391503816661486,static_ew
2015-12,0.0007454203108372022,0.0007397127929307106,0.002853758953245733,static_ew
2016-01,0.0031631371007233558,0.00316006463695524,0.0015362318840579634,static_ew
2016-02,-6.164221167562385e-06,-1.714606411516717e-05,0.005490921473802384,static_ew
2016-03,-0.005296424256978292,-0.0053057632456922806,0.00466949435699435,static_ew
2016-04,0.0028181003130126844,0.0028133181200369188,0.00239109648788289,static_ew
2016-05,0.002758285268145722,0.0027357047770033044,0.011290245571208815,static_ew
2016-06,-0.0005777588426500458,-0.0005806438571788958,0.0014425072644250712,static_ew
2016-07,0.00046711131151259315,0.00046400330840459006,0.0015540015540015494,static_ew
2016-08,0.0009880643391771931,0.0009731135203662254,0.007475409405483892,static_ew
2016-09,0.0026911791309922684,0.0026512283477858616,0.019975391603203312,static_ew
2016-10,0.0015795419138972047,0.0015755024188340875,0.002019747531558553,static_ew
2016-11,-0.0009285380112092954,-0.0009413523937212334,0.006407191255968924,static_ew
2016-12,0.0020235434360932523,0.0019378039903214,0.04286972288592587,static_ew
2017-01,0.003097442556053245,0.003066373240640099,0.015534657706572702,static_ew
2017-02,-9.771639582158232e-05,-0.00011022034431756797,0.006251974247992782,static_ew
2017-03,0.0034341593066302576,0.0034246306239308437,0.0047643413497072,static_ew
2017-04,-0.0003806520433144349,-0.0004034925566562465,0.011420256670905807,static_ew
2017-05,0.002543181745376286,0.0025268005888039683,0.008190578286158965,static_ew
2017-06,-0.0002596982194873908,-0.00027525389355628397,0.007777837034446582,static_ew
2017-07,0.0026601557181243777,0.002537761765598979,0.06119697626269923,static_ew
2017-08,0.00185385279012549,0.0018510840381802673,0.0013843759726112604,static_ew
2017-09,0.001501942110041784,0.0014925544617188837,0.004693824161450055,static_ew
2017-10,0.0027191282941268005,0.0027083408337111184,0.005393730207841231,static_ew
2017-11,0.0030618250391778105,0.003049773592770589,0.006025723203610672,static_ew
2017-12,0.0015653494360690957,0.0015602429189212094,0.0025532585739431422,static_ew
2018-01,0.0021958473687660285,0.0021904419684709653,0.002702700147531734,static_ew
2018-02,0.004488517320864247,0.004488517320864247,0.0,static_ew
2018-03,0.0023107424869167215,0.002257518360928172,0.02661206299427482,static_ew
2018-04,0.0013819655847102563,0.0013776219425713386,0.002171821069458858,static_ew
2018-05,0.003270156481502193,0.0032491172792242424,0.010519601138975437,static_ew
2018-06,0.0019442279446595858,0.0019262886398633524,0.00896965239811673,static_ew
2018-07,0.0006138454637359284,0.000591801487774571,0.011021987980678709,static_ew
2018-08,0.0037972785210753433,0.003783002904434514,0.007137808320414513,static_ew
2018-09,0.006015942703002931,0.006003944779929295,0.005998961536817895,static_ew
2018-10,-0.00015001069457943074,-0.00015768552483490619,0.0038374151277377143,static_ew
2018-11,-0.002353163736285756,-0.002367352843236237,0.007094553475240539,static_ew
2018-12,-0.0002214475870328039,-0.00022399049866662468,0.0012714558169103613,static_ew
2019-01,0.00044583031765324434,0.00044583031765324434,0.0,static_ew
2019-02,-0.0023118858989829476,-0.002316539578636627,0.0023268398268398295,static_ew
2019-03,0.0018374704898069564,0.0018294118817483484,0.004029304029304032,static_ew
2019-04,2.3522757467358008e-05,1.8948864207333366e-05,0.0022869466300123246,static_ew
2019-05,0.0023689192151637984,0.002360500531662863,0.004209341750467765,static_ew
2019-06,0.0024975993018496205,0.0024951587893419936,0.0012202562538133,static_ew
2019-07,0.0026890922287466476,0.0026654743293222966,0.01180894971217552,static_ew
2019-08,0.0004517099161510015,0.0004331474237871783,0.009281246181911637,static_ew
2019-09,-0.0009811084459469166,-0.0009958444585552696,0.0073680063041765215,static_ew
2019-10,-0.0015325332360247473,-0.0015383231173310514,0.002894940653152171,static_ew
2019-11,-0.0006176306984932691,-0.0006270715002128499,0.0047204008597903436,static_ew
2019-12,0.00021056469507077982,0.00019589907948261873,0.007332807794080563,static_ew
2020-01,0.0005193292528186446,0.0005193292528186446,0.0,static_ew
2020-02,0.0033392345137483108,0.0033330596616039424,0.003087426072184142,static_ew
2020-03,0.008031630339780832,0.008026494652590867,0.0025678435949810312,static_ew
2020-04,-0.008292597547015066,-0.008312519692047405,0.009961072516168566,static_ew
2020-05,-0.0001384730106548181,-0.00015981288644743838,0.01066993789631013,static_ew
2020-06,-0.005606296024416897,-0.005613434266941123,0.0035691212621134748,static_ew
2020-07,-0.0012266335792194788,-0.0012747954575018392,0.024080939141180105,static_ew
2020-08,-0.004017903434840356,-0.00402761084310595,0.004853704132796834,static_ew
2020-09,0.0018315478169738577,0.0018250738483541423,0.003236984309857549,static_ew
2020-10,0.0019563177452725272,0.0019514254002114652,0.0024461725305310778,static_ew
2020-11,-0.012585479220801022,-0.012602215097867304,0.00836793853314076,static_ew
2020-12,-0.002782143662903362,-0.002790139174047435,0.003997755572036373,static_ew
2021-01,0.002298499023610186,0.0022895425036939137,0.004478259958136119,static_ew
2021-02,-0.0023178484559343787,-0.0023248805280372525,0.0035160360514369248,static_ew
2021-03,0.0025873272753156374,0.0025673092791429187,0.01000899808635931,static_ew
2021-04,0.0011059421158586223,0.0011021250995416059,0.0019085081585081553,static_ew
2021-05,-0.0017500289980640186,-0.0017634585446137643,0.0067147732748726605,static_ew
2021-06,-0.0018557424087810965,-0.0018570244600631478,0.0006410256410256382,static_ew
2021-07,0.001021942066779391,0.0010194260210538203,0.0012580228627853123,static_ew
2021-08,0.00010800431769628393,0.00010800431769628393,0.0,static_ew
2021-09,0.0022493494441129186,0.0022445493289891846,0.002400057561866996,static_ew
2021-10,0.0006015304123062325,0.0006004118440735704,0.0005592841163310994,static_ew
2021-11,0.0062865571719138,0.0062840126426517125,0.001272264631043265,static_ew
2021-12,0.005573812333690532,0.005572411773466443,0.0007002801120448195,static_ew
2022-01,0.0037949382263066907,0.0037881398073343594,0.003399209486166004,static_ew
2022-02,0.006503237749045972,0.006499230978094197,0.002003385475887634,static_ew
2022-03,7.37964172151083e-05,7.37964172151083e-05,0.0,static_ew
2022-04,0.00723769661268728,0.007198088668212221,0.019803972237529346,static_ew
2022-05,0.00201887402968251,0.0020046181975275417,0.007127916077484074,static_ew
2022-06,0.004313906416984784,0.004306045367968285,0.003930524508249345,static_ew
2022-07,-0.004098413733367116,-0.004098413733367116,0.0,static_ew
2022-08,-0.00238188660089102,-0.0023854157331995476,0.0017645661542638046,static_ew
2022-09,0.006794536959750774,0.0067873719535575415,0.0035825030966162093,static_ew
2022-10,-0.0011632418578191304,-0.0011672140117912845,0.00198607698607698,static_ew
2022-11,-0.0020353846005951564,-0.0020421712033423423,0.003393301373593007,static_ew
2022-12,0.005857290220724654,0.005854776525419197,0.00125684765272866,static_ew
2023-01,0.0008752141467955683,0.0008694269515346891,0.00289359763043974,static_ew
2023-02,0.002074470265672571,0.0020497634579095935,0.012353403881488801,static_ew
2023-03,0.004697199984184377,0.004695971482955876,0.00061425061425061,static_ew
2023-04,-0.001380855187309869,-0.0013856772305892108,0.002411021639670855,static_ew
2023-05,-0.0020366741048084137,-0.0020638732561807723,0.013599575686179434,static_ew
2023-06,0.0018762419133092302,0.0018734861610605771,0.0013778761243264262,static_ew
2023-07,-4.045831915107694e-06,-1.1326694229527192e-05,0.0036404311572096793,static_ew
2023-08,0.0024577257383591594,0.002452753241759355,0.002486248299902217,static_ew
2023-09,0.005887041032329759,0.0058836444633340165,0.0016982844978712741,static_ew
2023-10,0.005776026360927076,0.005776026360927076,0.0,static_ew
2023-11,-0.004598084481444971,-0.004649653240099126,0.0257843793270773,static_ew
2023-12,0.002383359419346272,0.002383359419346272,0.0,static_ew
2024-01,0.0066089875225079945,0.006601132956239938,0.0039272831340288585,static_ew
2024-02,0.00030057389119995855,0.0002911293275187276,0.004722281840615517,static_ew
2024-03,0.0005725152358675782,0.0005671630123335364,0.0026761117670208614,static_ew
2024-04,0.0015605947789924734,0.0015317002285668228,0.014447275212825454,static_ew
2024-05,0.005295310662279655,0.005247559017904311,0.023875822187672247,static_ew
2024-06,0.0026823898268647757,0.0026624266321647392,0.0099815973500184,static_ew
2024-07,0.0003639764895624814,0.0003623674791039134,0.0008045052292839885,static_ew
2024-08,0.003642110442315008,0.003633767413524636,0.004171514395186035,static_ew
2024-09,0.0006137273806464401,0.000610794829326792,0.0014662756598240506,static_ew
2024-10,0.00033751536541086393,0.00033441379218733953,0.0015507866117622214,static_ew
2024-11,0.00332021511597624,0.0033189070715027276,0.0006540222367560478,static_ew
2024-12,0.0013222404293821088,0.0013124306210466382,0.004904904167735354,static_ew
2025-01,0.00476977095052249,0.004762429111075387,0.003670919723551311,static_ew
2025-02,0.003585816102885775,0.003581415022408875,0.0022005402384500713,static_ew
2025-03,0.0028373914937569727,0.002830857356313744,0.0032670687216141757,static_ew
2025-04,-0.00019057568909329548,-0.00020846656540202165,0.008945438154363104,static_ew
2025-05,-0.0027337942482214485,-0.002744259616682752,0.005232684230651754,static_ew
2025-06,-0.0016775795680186577,-0.001691234433718899,0.0068274328501205205,static_ew
2025-07,-0.001190652158597283,-0.0011918806598257845,0.0006142506142506102,static_ew
2025-08,-0.0006370880718419588,-0.0006400532134932318,0.0014825708256365174,static_ew
2025-09,-0.0011171810241313962,-0.0011208177131985487,0.0018183445335763168,static_ew
2025-10,0.0023767001960692427,0.002370129385927004,0.0032854050711193603,static_ew
2025-11,0.0040673519395995825,0.004065742929141015,0.0008045052292839885,static_ew
2025-12,0.002157357896138588,0.0021557629998068496,0.0007974481658692203,static_ew
2000-01,0.005176890858481467,0.005176890858481467,0.0,enet:own
2000-02,-0.005431603372765846,-0.007826524572372224,1.19746059980319,enet:own
2000-03,-0.007334105827031023,-0.009488442772157168,1.0771684725630728,enet:own
2000-04,0.012864320838543669,0.01043637472372854,1.2139730574075642,enet:own
2000-05,0.005235709176483837,0.003287961855056283,0.9738736607137766,enet:own
2000-06,-0.005003044026612882,-0.007220177566929632,1.1085667701583755,enet:own
2000-07,-0.0024323660914426348,-0.004613147378401686,1.0903906434795254,enet:own
2000-08,-0.0040532095235175,-0.006062868932979019,1.0048297047307595,enet:own
2000-09,-0.005547550033139444,-0.0076495626375642205,1.0510063022123886,enet:own
2000-10,0.003201876954864365,0.0010444444818137044,1.0787162365253302,enet:own
2000-11,0.0050541433553453145,0.0031414996243219902,0.9563218655116623,enet:own
2000-12,-0.004519376345384813,-0.006632408915088726,1.0565162848519563,enet:own
2001-01,-0.01334375464971042,-0.015436633965099927,1.0464396576947546,enet:own
2001-02,-0.00153899163552738,-0.0035152398905222695,0.9881241274974449,enet:own
2001-03,0.026887461396565098,0.024753013815893912,1.0672237903355941,enet:own
2001-04,0.00390534489598781,0.0024389392842600324,0.7332028058638889,enet:own
2001-05,0.011906952247946695,0.009938584899787144,0.9841836740797747,enet:own
2001-06,-0.006142711835927133,-0.007649281548848323,0.7532848564605947,enet:own
2001-07,0.012821296665940578,0.01100876830046261,0.9062641827389832,enet:own
2001-08,-0.002138229070752772,-0.003666788774292303,0.7642798517697649,enet:own
2001-09,0.007945137276141961,0.006217037366586373,0.8640499547777946,enet:own
2001-10,-0.0044444566684950695,-0.006140375159951348,0.8479592457281392,enet:own
2001-11,0.004589592057096265,0.0027048430692317113,0.9423744939322766,enet:own
2001-12,0.003024766350994118,0.001162952398191533,0.9309069764012917,enet:own
2002-01,0.001122668917396867,-0.0008485420014253072,0.985605459411087,enet:own
2002-02,0.010409277030075997,0.00902580209880296,0.691737465636518,enet:own
2002-03,0.007482245731123734,0.006174364235230895,0.6539407479464198,enet:own
2002-04,0.007690758481394007,0.0065386771664188515,0.5760406574875772,enet:own
2002-05,0.0030959428428615206,0.0017589290205876041,0.668506911136958,enet:own
2002-06,0.0015088222505945524,0.00020233815322227497,0.6532420486861388,enet:own
2002-07,-4.532523077360479e-05,-0.0013849542913762776,0.6698145303013364,enet:own
2002-08,0.005695697152857767,0.004458809563442056,0.6184437947078555,enet:own
2002-09,0.002493338118743962,0.0012953629433975987,0.5989875876731818,enet:own
2002-10,0.006582463337782225,0.005352206486711399,0.6151284255354129,enet:own
2002-11,0.0025112769624045803,0.001066325781294636,0.7224755905549721,enet:own
2002-12,0.001780698497187588,0.0004659170305384894,0.6573907333245491,enet:own
2003-01,-5.256407286326797e-05,-0.0013103176871540447,0.6288768071453886,enet:own
2003-02,0.00010465319267119553,-0.0010003202423440757,0.5524867175076358,enet:own
2003-03,0.006317399760151589,0.005128706287991321,0.5943467360801341,enet:own
2003-04,-0.0061187686054374,-0.0069994748575660645,0.440353126064333,enet:own
2003-05,0.0042104380387286535,0.0030986220977820013,0.5559079704733259,enet:own
2003-06,0.004330129274290752,0.003075709716391206,0.6272097789497726,enet:own
2003-07,0.006132552796056028,0.005045251040815396,0.5436508776203157,enet:own
2003-08,0.0047479025534350305,0.003666851955423136,0.5405252990059471,enet:own
2003-09,0.0007015674407858132,-0.0003720224910192002,0.5367949659025067,enet:own
2003-10,0.013239944474588601,0.012200765388860573,0.5195895428640142,enet:own
2003-11,0.002711816663261806,0.0018028639814045874,0.45447634092860906,enet:own
2003-12,-0.001098022414729723,-0.002119457514388282,0.5107175498292796,enet:own
2004-01,0.0028683857532492358,0.0018757329678757838,0.49632639268672607,enet:own
2004-02,0.002054417572277872,0.0007659489858271341,0.6442342932253688,enet:own
2004-03,0.004816542518904678,0.0038748569283103486,0.47084279529716455,enet:own
2004-04,0.0029048955845965025,0.0020353890870687067,0.4347532487638979,enet:own
2004-05,-1.8061336276962288e-06,-0.0007902817867867491,0.3942378265795263,enet:own
2004-06,0.008072091368828744,0.0071431500447049,0.46447066206192156,enet:own
2004-07,0.007921722698137203,0.0071516384446546535,0.3850421267412753,enet:own
2004-08,0.005750268827076562,0.005027612729133442,0.36132804897156,enet:own
2004-09,0.003934865913257409,0.0031199510892822324,0.4074574119875883,enet:own
2004-10,0.005042181084869214,0.004200692034537814,0.42074452516569993,enet:own
2004-11,0.005045889545812059,0.004346538097819845,0.3496757239961075,enet:own
2004-12,0.008921426016006888,0.008040916856970807,0.44025457951804015,enet:own
2005-01,0.002188067906579177,0.0012404938900484096,0.47378700826538367,enet:own
2005-02,0.007896599856121553,0.007113100320458822,0.3917497678313656,enet:own
2005-03,0.0014809678480342953,0.0007006385067442385,0.3901646706450283,enet:own
2005-04,0.00863895666011098,0.007855266172506797,0.3918452438020919,enet:own
2005-05,-0.004722726821559694,-0.005385636386775129,0.3314547826077174,enet:own
2005-06,-0.002384754547004332,-0.003189714389226767,0.4024799211112175,enet:own
2005-07,0.009855092915873167,0.00911785246448005,0.36862022569655795,enet:own
2005-08,0.0017793835064684048,0.0010592114520263504,0.3600860272210273,enet:own
2005-09,0.0020164912401406014,0.001083587930344332,0.4664516548981346,enet:own
2005-10,0.00027270116464260644,-0.0005508290813454077,0.4117651229940072,enet:own
2005-11,-0.004815112035423985,-0.005631306378365341,0.40809717147067737,enet:own
2005-12,-0.0015819674315805065,-0.0024343348046488825,0.4261836865341882,enet:own
2006-01,-0.00039666228916465386,-0.0012199229007506952,0.4116303057930207,enet:own
2006-02,-0.0007376200199391209,-0.00184074180899543,0.5515608945281546,enet:own
2006-03,0.0001487310018217432,-0.0007669007127655282,0.4578158572936357,enet:own
2006-04,0.004549937084968898,0.003688847073123163,0.4305450059228672,enet:own
2006-05,0.001472882545882751,0.0006252708390791833,0.42380585340178384,enet:own
2006-06,0.005572591227791439,0.004657411791307157,0.45758971824214123,enet:own
2006-07,0.0019126269344321642,0.0011463540190504813,0.3831364576908416,enet:own
2006-08,-0.0003848735726595185,-0.0013739593601407437,0.49454289374061267,enet:own
2006-09,-0.0016681694948702413,-0.002595953849714074,0.4638921774219164,enet:own
2006-10,0.00019154060399340783,-0.0006707789433069784,0.43115977365019315,enet:own
2006-11,0.0022007361698593462,0.0014308742819899667,0.38493094393468996,enet:own
2006-12,0.0016829708660976047,0.0008845483942415031,0.39921123592805063,enet:own
2007-01,0.003067081167249557,0.002166085172562159,0.4504979973436993,enet:own
2007-02,0.0022589312203996604,0.001268825912071168,0.49505265416424626,enet:own
2007-03,0.005897798934428414,0.0049786824278231015,0.45955825330265593,enet:own
2007-04,0.0021507451639544064,0.0012397468625369758,0.4554991507087152,enet:own
2007-05,0.002312238050853623,0.0014514116644427336,0.4304131932054445,enet:own
2007-06,-0.00024085785351213732,-0.0011794481637947651,0.46929515514131365,enet:own
2007-07,-0.000306148528595436,-0.0013555612702617383,0.5247063708331512,enet:own
2007-08,0.005669400593855301,0.004667681181921264,0.5008597059670181,enet:own
2007-09,-0.00039341811695185345,-0.0013604149723146634,0.48349842768140483,enet:own
2007-10,0.010365579355316073,0.00934594621486325,0.5098165702264116,enet:own
2007-11,0.005022368194483338,0.004090809635712306,0.46577927938551644,enet:own
2007-12,0.0021101464296704848,0.0010172543886784844,0.546446020496,enet:own
2008-01,1.9070034760204635e-06,-0.0010597739733277938,0.5308404884019067,enet:own
2008-02,0.0032339493436640563,0.0021377458652321163,0.5481017392159702,enet:own
2008-03,0.008083224598813492,0.006954147152675626,0.5645387230689328,enet:own
2008-04,0.0037188850365777798,0.0027514107568596697,0.4837371398590551,enet:own
2008-05,0.00011227133287344452,-0.0009478245907763429,0.5300479618248938,enet:own
2008-06,0.010575063750414605,0.009526687351138093,0.524188199638255,enet:own
2008-07,-0.0030427740338866906,-0.003972081374829786,0.46465367047154743,enet:own
2008-08,0.009870322982318314,0.008634748924899379,0.6177870287094683,enet:own
2008-09,0.012022470119283772,0.011015093622205065,0.5036882485393528,enet:own
2008-10,0.029977958978395024,0.02905873735111856,0.45961081363823253,enet:own
2008-11,0.014166351422771166,0.01326417766133853,0.45108688071631864,enet:own
2008-12,-0.006317778647252147,-0.007480333956315511,0.5812776545316821,enet:own
2009-01,0.002758969671141578,0.0015879320725719402,0.5855187992848193,enet:own
2009-02,0.005275922681749183,0.004158414542840563,0.5587540694543094,enet:own
2009-03,-0.007049831439936246,-0.007874824422347399,0.4124964912055762,enet:own
2009-04,-0.018697354971652775,-0.01970567405677222,0.5041595425597233,enet:own
2009-05,-0.0030061026352623493,-0.004236014538198478,0.6149559514680645,enet:own
2009-06,-0.004829490237360015,-0.006067214792567653,0.6188622776038183,enet:own
2009-07,0.0029806092571496266,0.0016935137133299316,0.6435477719098476,enet:own
2009-08,0.0024399638683520707,0.0013919570756484023,0.5240033963518342,enet:own
2009-09,0.0010036255856361073,3.3777871169050424e-05,0.48492385723352865,enet:own
2009-10,0.0017463938176488034,0.0008762145554835722,0.43508963108261556,enet:own
2009-11,0.005686645745898759,0.0047335260796022485,0.47655983314825556,enet:own
2009-12,-0.0008868661051432061,-0.0017967849738353438,0.45495943434606884,enet:own
2010-01,-0.002712853910241237,-0.0037830516032050267,0.5350988464818951,enet:own
2010-02,-0.0003587923352075348,-0.0012972702749619155,0.4692389698771905,enet:own
2010-03,-0.001217209831180754,-0.0021475976237629872,0.4651938962911165,enet:own
2010-04,0.004319273883359391,0.0034429306519243056,0.4381716157175428,enet:own
2010-05,0.005542959738203337,0.004748759470741813,0.39710013373076236,enet:own
2010-06,0.0034458248858982134,0.002747127462992054,0.34934871145308005,enet:own
2010-07,0.006028855452704874,0.00541576168014461,0.3065468862801319,enet:own
2010-08,0.00451104657439373,0.0038202560273026937,0.3453952735455182,enet:own
2010-09,-0.0006006937361288996,-0.0013074965845622163,0.3534014242166583,enet:own
2010-10,0.005437045546381052,0.004622594370727847,0.40722558782660306,enet:own
2010-11,0.0070964590567530504,0.006362109601464237,0.36717472764440695,enet:own
2010-12,0.004782260596913879,0.004035912446169048,0.37317407537241554,enet:own
2011-01,0.005298773016997715,0.004545293714166185,0.37673965141576493,enet:own
2011-02,0.0003875581193960156,-0.00038623607793158174,0.38689709866379873,enet:own
2011-03,0.0013068660433670468,0.0005431339870816716,0.3818660281426876,enet:own
2011-04,0.005833528457393023,0.005137452776746801,0.3480378403231109,enet:own
2011-05,0.004444855020362841,0.003846032851301547,0.29941108453064685,enet:own
2011-06,0.005049947068372759,0.00443463753634799,0.3076547660123841,enet:own
2011-07,0.006167735682183987,0.005616852703731284,0.2754414892263514,enet:own
2011-08,0.008252282669566843,0.0076823583802565504,0.2849621446551466,enet:own
2011-09,0.011488507201833094,0.010871433870100047,0.30853666586652345,enet:own
2011-10,-0.010481413448016084,-0.011153800112202877,0.33619333209339575,enet:own
2011-11,0.009542872115416046,0.008668157136155086,0.43735748963047905,enet:own
2011-12,0.0036110382036639347,0.0027831205981754003,0.413958802744267,enet:own
2012-01,-0.0073707236527725106,-0.007930834675124529,0.2800555111760087,enet:own
2012-02,0.0015895383889845684,0.0008747841034544221,0.35737714276507293,enet:own
2012-03,0.005463497686148414,0.00482026258802924,0.32161754905958656,enet:own
2012-04,0.003074615140012711,0.002476883825721806,0.2988656571454522,enet:own
2012-05,0.006325210284409192,0.005784015684034305,0.2705973001874438,enet:own
2012-06,0.005242895023900265,0.004707618000883832,0.26763851150821594,enet:own
2012-07,0.0065501827920521,0.005978373343748884,0.2859047241516082,enet:own
2012-08,0.005104336232998559,0.0045606905804344245,0.27182282628206716,enet:own
2012-09,-0.0009542314175592175,-0.0014697057651977658,0.2577371738192742,enet:own
2012-10,0.0016094225996373058,0.0009911605602922694,0.3091310196725182,enet:own
2012-11,0.0058399425976382565,0.005215453036606848,0.3122447805157041,enet:own
2012-12,-0.0009213717221094422,-0.001454476704549301,0.26655249121992936,enet:own
2013-01,0.0035137597957277155,0.0029115247251659706,0.30111753528087243,enet:own
2013-02,0.004241996122304631,0.003607026169111898,0.317484976596367,enet:own
2013-03,0.005462222374276531,0.00492483796971573,0.26869220228039997,enet:own
2013-04,0.008358450883175654,0.00789766914019262,0.23039087149151705,enet:own
2013-05,0.0028641052738124072,0.002370917616822735,0.2465938284948362,enet:own
2013-06,0.004598153650745456,0.003986850736079116,0.30565145733316973,enet:own
2013-07,0.0020111425546209824,0.001422327000272118,0.2944077771744323,enet:own
2013-08,0.004120306519681045,0.003535106883281808,0.2925998181996185,enet:own
2013-09,-0.0038089883948244792,-0.004397852684127075,0.2944321446512975,enet:own
2013-10,-0.00034721034509259526,-0.0009445970647922179,0.2986933598498112,enet:own
2013-11,0.0011794829315750484,0.0006258031268323268,0.27683990237136075,enet:own
2013-12,0.00362363533586997,0.003109944167703425,0.2568455840832727,enet:own
2014-01,0.0016253429146492505,0.0011492877548370036,0.23802757990612344,enet:own
2014-02,0.0037782095531323444,0.003229862283609755,0.2741736347612946,enet:own
2014-03,0.00048180314385117353,-7.359558215629094e-05,0.2776993630037324,enet:own
2014-04,0.004977000247592261,0.004382761094508786,0.29711957654173754,enet:own
2014-05,0.0007863610585226288,0.00021939339671388106,0.28348383090437385,enet:own
2014-06,0.002517985749566979,0.0019687150090308696,0.2746353702680547,enet:own
2014-07,0.0009381076409257013,0.0004711694381236552,0.23346910140102312,enet:own
2014-08,0.0023591664121840523,0.0017528593017113432,0.3031535552363545,enet:own
2014-09,-0.0025232053474400543,-0.0030644583681027383,0.27062651033134194,enet:own
2014-10,0.0033515259490986956,0.0028041379472462627,0.27369400092621654,enet:own
2014-11,0.006621834685999149,0.006075292894768498,0.2732708956153254,enet:own
2014-12,0.008288030172128816,0.007777838195182612,0.2550959884731022,enet:own
2015-01,0.006664868597542647,0.0061336483314029175,0.2656101330698647,enet:own
2015-02,-9.122880387042322e-05,-0.0007178557519780239,0.3133134740538003,enet:own
2015-03,0.005974181037446317,0.005326441430618539,0.32386980341388893,enet:own
2015-04,-0.010420438025114881,-0.011048861705376707,0.31421184013091286,enet:own
2015-05,0.0018262973690683487,0.0010866186626895087,0.3698393531894204,enet:own
2015-06,0.004417394289083023,0.0036969346393714944,0.3602298248557644,enet:own
2015-07,0.008329383023000571,0.007806707985373742,0.2613375188134138,enet:own
2015-08,0.008345941028936724,0.007815402401199852,0.26526931386843633,enet:own
2015-09,0.0036156000299507273,0.0030886733306523763,0.2634633496491755,enet:own
2015-10,-0.00428523224104113,-0.004852068648146591,0.2834182035527308,enet:own
2015-11,0.002320924700405676,0.0017023763617078226,0.3092741693489269,enet:own
2015-12,0.0006459150258816528,2.4595701599654944e-05,0.3106596621409988,enet:own
2016-01,0.003928957029824461,0.0033785384550441672,0.2752092873901469,enet:own
2016-02,-0.0006717597704176501,-0.0011554350300504424,0.24183762981639623,enet:own
2016-03,-0.007528738017587333,-0.008057513935883002,0.2643879591478344,enet:own
2016-04,0.0032964629493964282,0.002712922958349613,0.29176999552340754,enet:own
2016-05,0.00403050714476196,0.003484066908802691,0.27322011797963464,enet:own
2016-06,-0.0017583353895212876,-0.002245283989576083,0.24347430002739764,enet:own
2016-07,0.002448237852498863,0.001979359889773374,0.2344389813627447,enet:own
2016-08,0.006312817583406925,0.005799888912706755,0.25646433535008506,enet:own
2016-09,0.00597954270083303,0.005498110611453302,0.24071604468986388,enet:own
2016-10,0.0027264726960737513,0.002388856681572446,0.16880800725065268,enet:own
2016-11,-0.002136557768050375,-0.0025593516526658286,0.21139694230772688,enet:own
2016-12,0.0016860763226681011,0.0011863887363406241,0.24984379316373867,enet:own
2017-01,0.005369777759700013,0.0049332177322100835,0.21828001374496453,enet:own
2017-02,-0.0018028065018385725,-0.0022631076922474008,0.2301505952044139,enet:own
2017-03,0.003568369134443876,0.003110891391473863,0.22873887148500643,enet:own
2017-04,-0.00021273145915949414,-0.0006502816300366104,0.21877508543855811,enet:own
2017-05,0.0050724955906156985,0.004634957785230769,0.21876890269246493,enet:own
2017-06,-0.000748411251794736,-0.001194426213628299,0.2230074809167816,enet:own
2017-07,0.004930314926447983,0.004422748344413018,0.25378329101748265,enet:own
2017-08,0.0036739630548141907,0.003270258181452796,0.20185243668069727,enet:own
2017-09,0.0011507301285531059,0.0007760370240282241,0.1873465522624408,enet:own
2017-10,0.005071301532754832,0.004686031321899857,0.19263510542748705,enet:own
2017-11,0.003412779677665026,0.002958539635215712,0.22712002122465705,enet:own
2017-12,0.0030725875079936093,0.0026243826914320667,0.22410240828077144,enet:own
2018-01,0.003804793741702743,0.0033177229417025605,0.24353540000009116,enet:own
2018-02,0.0037409443872842055,0.0032248347975965515,0.2580547948438269,enet:own
2018-03,0.0013260725448098931,0.0008243715510787122,0.25085049686559047,enet:own
2018-04,0.0021369209455574423,0.0017245377196154986,0.20619161297097174,enet:own
2018-05,0.004826957428708189,0.004354033874105988,0.23646177730110035,enet:own
2018-06,0.003285777835090906,0.0028128401560829856,0.23646883950396003,enet:own
2018-07,0.003099804963625867,0.0026903573189635864,0.20472382233114003,enet:own
2018-08,0.005795475690837976,0.005374906155682059,0.21028476757795864,enet:own
2018-09,0.013560221538482308,0.01310685293507592,0.22668430170319384,enet:own
2018-10,0.0013228792621974457,0.0009096038729719679,0.20663769461273906,enet:own
2018-11,-0.0027456058275505935,-0.0032098746684680324,0.2321344204587196,enet:own
2018-12,0.0007978202396707515,0.00024188350263059966,0.2779683685200759,enet:own
2019-01,-0.0008303560772001797,-0.0013103979380266779,0.24002093041324912,enet:own
2019-02,-0.004111705868777445,-0.004685050139339344,0.2866721352809491,enet:own
2019-03,0.004579808052315317,0.004083705179845408,0.24805143623495524,enet:own
2019-04,0.0017409656588824732,0.0013416392035359174,0.1996632276732779,enet:own
2019-05,0.0013359059995937895,0.0008928722532615308,0.22151687316612942,enet:own
2019-06,0.004457512516046183,0.003975253091587244,0.24112971222946947,enet:own
2019-07,0.004773584836932681,0.004286051216976889,0.24376680997789643,enet:own
2019-08,4.828729199917557e-05,-0.0004034271567530546,0.2258572243761152,enet:own
2019-09,-0.0021837257302841553,-0.002688036191683122,0.2521552306994832,enet:own
2019-10,0.0006710090155459536,0.00010867644578985466,0.28116628487804957,enet:own
2019-11,-0.0013488065831032056,-0.0018292184015836178,0.2402059092402062,enet:own
2019-12,0.003949537313013592,0.003414255355391114,0.267640978811239,enet:own
2020-01,0.004208020750670342,0.003776624226612572,0.21569826202888484,enet:own
2020-02,0.006453737186582428,0.006014529229418291,0.21960397858206804,enet:own
2020-03,0.007915606551707158,0.007521812041136013,0.1968972552855721,enet:own
2020-04,-0.012467805783533523,-0.013139746088903566,0.3359701526850211,enet:own
2020-05,-0.0018083793303556434,-0.002741725207121798,0.46667293838307744,enet:own
2020-06,-0.004725701189313773,-0.005415906242426198,0.3451025265562125,enet:own
2020-07,0.0024006835548768535,0.0018075663211465833,0.29655861686513496,enet:own
2020-08,-0.0025395256350753486,-0.0031720232994816946,0.3162488322031732,enet:own
2020-09,-0.0006466866721815032,-0.001243948910791151,0.29863111930482394,enet:own
2020-10,0.004308333290006097,0.0037388726321165217,0.2847303289447876,enet:own
2020-11,-0.023195862230513536,-0.023708194906029715,0.2561663377580904,enet:own
2020-12,-0.0015499158218663606,-0.002392485620229832,0.4212848991817359,enet:own
2021-01,0.0028067124207640493,0.0021196387165688026,0.3435368520976234,enet:own
2021-02,0.00043375088870521743,-0.0001320483819039832,0.2828996353046001,enet:own
2021-03,0.003959377208668023,0.0033670580014422656,0.29615960361287874,enet:own
2021-04,0.004988114907866246,0.004446886540627313,0.2706141836194664,enet:own
2021-05,0.0024630003314172096,0.0018574668046824141,0.30276676336739783,enet:own
2021-06,-0.004422496944330544,-0.004980032226433618,0.2787676410515368,enet:own
2021-07,0.0034537909551620376,0.00289535648980814,0.27921723267694853,enet:own
2021-08,-0.0001380051565006632,-0.0006473992464367193,0.2546970449680281,enet:own
2021-09,0.006527311757485328,0.005997881688716073,0.2647150343846277,enet:own
2021-10,0.0014417429174279305,0.0009345148760311032,0.2536140206984133,enet:own
2021-11,0.005755085587224228,0.005260355526503165,0.247365030360531,enet:own
2021-12,0.010774490237321766,0.010180393322664018,0.2970484573288741,enet:own
2022-01,0.012317199136751457,0.011820034447142191,0.24858234480463193,enet:own
2022-02,0.010865044954514406,0.010358425620993997,0.25330966676020455,enet:own
2022-03,0.0073332703221006155,0.006772068412197882,0.28060095495136717,enet:own
2022-04,0.011363181993101793,0.01083027656471567,0.2664527141930621,enet:own
2022-05,0.004138144419053231,0.003647942774969519,0.24510082204185613,enet:own
2022-06,0.0003503286428006525,-0.00019448138524453968,0.27240501402259626,enet:own
2022-07,-0.0035015136316695287,-0.004044741578168427,0.2716139732494496,enet:own
2022-08,-0.0013405339130389924,-0.0018803006004025368,0.26988334368177236,enet:own
2022-09,0.006161586805384233,0.005660061085220321,0.2507628600819563,enet:own
2022-10,0.005225415170928175,0.0047186855495979655,0.25336481066510497,enet:own
2022-11,-0.004304828370844843,-0.0048671788235924735,0.2811752263738152,enet:own
2022-12,0.006439487254944098,0.005813148837387768,0.3131692087781643,enet:own
2023-01,0.001635778580753029,0.0011163728292331902,0.25970287575991935,enet:own
2023-02,0.0055883339022864496,0.005041614599035893,0.27335965162527853,enet:own
2023-03,0.004156086016125616,0.003728894469282966,0.21359577342132471,enet:own
2023-04,-0.0009068808738928715,-0.0014439958228970526,0.26855747450209055,enet:own
2023-05,-0.002132254299772011,-0.002611961855025435,0.2398537776267118,enet:own
2023-06,0.0024568462960279465,0.001979297454498953,0.23877442076449684,enet:own
2023-07,0.002821261579131721,0.0022973139688866146,0.2619738051225533,enet:own
2023-08,0.001749718280877431,0.0012076159958559908,0.27105114251072004,enet:own
2023-09,0.008657965970488863,0.008159635963362881,0.2491650035629916,enet:own
2023-10,0.00684493194498951,0.006414835115540877,0.21504841472431577,enet:own
2023-11,-0.006634099454559847,-0.007140255008071736,0.25307777675594373,enet:own
2023-12,0.0036432915524104077,0.0030603568179748547,0.2914673672177766,enet:own
2024-01,0.009505976303063886,0.008998764986338911,0.2536056583624871,enet:own
2024-02,0.00029367511483674604,-0.00022621447609825804,0.25994479546750193,enet:own
2024-03,0.003955120370679358,0.003410442168877558,0.27233910090089986,enet:own
2024-04,0.00035692242760559446,-0.00018306232636078505,0.26999237698318973,enet:own
2024-05,0.0016511646178046615,0.0011175800190092759,0.2667922993976928,enet:own
2024-06,0.0015186912026936379,0.0010195872571865945,0.24955197275352167,enet:own
2024-07,0.0005546640615616031,7.549553013071272e-05,0.23958426571544533,enet:own
2024-08,0.0027302611869597423,0.002233660209774664,0.24830048859253925,enet:own
2024-09,1.4521424594174754e-05,-0.0004751133631978667,0.24481739389602078,enet:own
2024-10,0.0031940096188948497,0.002694322587862764,0.24984351551604256,enet:own
2024-11,0.009540171470066415,0.009048071959024585,0.24604975552091438,enet:own
2024-12,0.0019523847608778641,0.0014400403499018521,0.2561722054880059,enet:own
2025-01,0.0016112868830844757,0.0011842999089461642,0.2134934870691555,enet:own
2025-02,0.0041433215109129345,0.0036214140978832856,0.26095370651482414,enet:own
2025-03,0.005483069566939936,0.0049965503970255416,0.24325958495719702,enet:own
2025-04,-0.0014479722228951527,-0.001911353128328268,0.23169045271655744,enet:own
2025-05,-0.0011006166221081647,-0.0016211075135461688,0.26024544571900193,enet:own
2025-06,-0.0026408306453053042,-0.0031353585527832194,0.24726395373895735,enet:own
2025-07,-0.0019148631062661356,-0.0023519824640661022,0.21855967889998346,enet:own
2025-08,0.001797015561805318,0.001273214451277252,0.26190055526403294,enet:own
2025-09,0.004382456269755499,0.0038460017702280284,0.2682272497637355,enet:own
2025-10,0.008947120174357738,0.008417113360595512,0.2650034068811133,enet:own
2025-11,0.0028724733349098546,0.0022966995501544686,0.28788689237769316,enet:own
2025-12,0.009324100491001033,0.008796055784188343,0.26402235340634456,enet:own
2000-01,0.008740915502698439,0.008740915502698439,0.0,enet:pooled
2000-02,0.011987480465802716,0.009810924030591793,1.0882782176054604,enet:pooled
2000-03,-0.008874849292514808,-0.010954344895206932,1.0397478013460626,enet:pooled
2000-04,-0.0035950714689273176,-0.005830137146249122,1.1175328386609025,enet:pooled
2000-05,-0.001957337015421663,-0.004057391266048546,1.0500271253134412,enet:pooled
2000-06,-0.003664309067377526,-0.005744341545534222,1.0400162390783478,enet:pooled
2000-07,-0.0023936043450215353,-0.0044619567230806,1.0341761890295325,enet:pooled
2000-08,-0.0018315837553106683,-0.0037399343610787505,0.9541753028840414,enet:pooled
2000-09,-0.002914693095785312,-0.004956623327685131,1.0209651159499102,enet:pooled
2000-10,0.003757289999497336,0.001750199992133488,1.003545003681924,enet:pooled
2000-11,0.007230577825526304,0.005488497464101872,0.871040180712216,enet:pooled
2000-12,-0.0009710305605683322,-0.0027630519466430117,0.8960106930373396,enet:pooled
2001-01,-0.008584137081504146,-0.010476722685555781,0.9462928020258172,enet:pooled
2001-02,0.001966866038028269,-0.00012368809893615953,1.0452770684822144,enet:pooled
2001-03,0.02615667746368074,0.02398948936681998,1.0835940484303788,enet:pooled
2001-04,0.003086388396442131,0.0014287569729077494,0.8288157117671909,enet:pooled
2001-05,0.009445575719242727,0.007484304444111222,0.9806356375657529,enet:pooled
2001-06,-0.006445423240583533,-0.008073866875279738,0.8142218173481031,enet:pooled
2001-07,0.01512397270505541,0.013232824098098755,0.9455743034783273,enet:pooled
2001-08,-0.004116751706967629,-0.005680627241000457,0.7819377670164145,enet:pooled
2001-09,0.012377924593725038,0.010462211031848084,0.9578567809384775,enet:pooled
2001-10,-0.0134486160937036,-0.015198826348590898,0.8751051274436484,enet:pooled
2001-11,-0.0011795873458973968,-0.003322194190478126,1.0713034222903643,enet:pooled
2001-12,0.002564818874670192,0.0004795590352284565,1.0426299197208673,enet:pooled
2002-01,0.0018549622964606335,-0.0002242492668162809,1.0396057816384572,enet:pooled
2002-02,0.0129287787820545,0.011465181584977328,0.731798598538585,enet:pooled
2002-03,0.011791263682325356,0.010526110446267804,0.632576618028776,enet:pooled
2002-04,0.01200524149395395,0.01086290357967091,0.57116895714152,enet:pooled
2002-05,0.006884303583662168,0.0055286619196667055,0.6778208319977307,enet:pooled
2002-06,0.006763535842280991,0.005437844671693731,0.6628455852936299,enet:pooled
2002-07,0.002930831581420911,0.0016397184426455117,0.6455565693876996,enet:pooled
2002-08,0.002405768586725399,0.0011697473070520097,0.6180106398366946,enet:pooled
2002-09,0.003544940396290975,0.0022651545281714277,0.6398929340597737,enet:pooled
2002-10,0.003083781105927674,0.001835728599600919,0.6240262531633773,enet:pooled
2002-11,8.587410321415586e-05,-0.0014425097623289396,0.7641919327715476,enet:pooled
2002-12,0.0022294150359318064,0.000863321670964372,0.6830466824837175,enet:pooled
2003-01,0.001090856843338112,-0.0002150560021967657,0.6529564227674389,enet:pooled
2003-02,-7.747835681024657e-06,-0.0010140621165486638,0.5031571404338196,enet:pooled
2003-03,0.00870193328625382,0.007627401641888003,0.5372658221829084,enet:pooled
2003-04,-0.004944262090607983,-0.005753140349437999,0.40443912941500804,enet:pooled
2003-05,0.005380170708702654,0.0042724359027771375,0.5538674029627584,enet:pooled
2003-06,0.003594831246172383,0.002454296010784215,0.5702676176940837,enet:pooled
2003-07,0.007530205077453902,0.006435492120485226,0.5473564784843382,enet:pooled
2003-08,0.004451750583262914,0.0033865223865377613,0.532614098362576,enet:pooled
2003-09,-0.00016179201131996708,-0.0012652391218624843,0.5517235552712587,enet:pooled
2003-10,0.01452880806130698,0.0134381480462878,0.5453300075095898,enet:pooled
2003-11,0.0028590265372727616,0.001845742990799342,0.50664177323671,enet:pooled
2003-12,0.0015373236133196535,0.0004670623100894132,0.5351306516151199,enet:pooled
2004-01,-0.0002580966179737165,-0.001324333708709853,0.5331185453680685,enet:pooled
2004-02,0.0025011047241190036,0.0011174866980859077,0.691809013016548,enet:pooled
2004-03,0.004066718410981216,0.003024009317932845,0.5213545465241851,enet:pooled
2004-04,0.001364782006101537,0.00042852410198832664,0.4681289520566054,enet:pooled
2004-05,-0.00037649460303373276,-0.0012573781329160943,0.4404417649411808,enet:pooled
2004-06,0.006971382101392774,0.005995568382846806,0.48790685927298416,enet:pooled
2004-07,0.008377286206751267,0.007482105296036585,0.4475904553573409,enet:pooled
2004-08,0.0058751868630943895,0.005092307209264435,0.3914398269149777,enet:pooled
2004-09,0.005384436660478073,0.0045149234992880784,0.43475658059499706,enet:pooled
2004-10,0.006772760089099321,0.00587631534790692,0.4482223705962,enet:pooled
2004-11,0.004175317962695446,0.0034037029335556735,0.38580751456988605,enet:pooled
2004-12,0.009013878395871765,0.008043005367755474,0.4854365140581461,enet:pooled
2005-01,0.0011758196179215716,0.00014843953211292392,0.5136900429043235,enet:pooled
2005-02,0.008280543178493222,0.007399065290501859,0.44073894399568064,enet:pooled
2005-03,0.0009717110433402056,0.00010740612016567874,0.43215246158726345,enet:pooled
2005-04,0.008463832568559782,0.007555846458700228,0.45399305492977676,enet:pooled
2005-05,-0.005127250513923946,-0.0058695556173406225,0.37115255170833805,enet:pooled
2005-06,-0.0018327960935256228,-0.0027625962287598314,0.4649000676171043,enet:pooled
2005-07,0.007564381638512848,0.006711115778424485,0.4266329300441815,enet:pooled
2005-08,0.0013525366736247778,0.00046621769535422526,0.4431594891352762,enet:pooled
2005-09,0.00293660684622248,0.0018988546713076626,0.5188760874574089,enet:pooled
2005-10,-0.0006501919500272597,-0.0015908257581883736,0.47031690408055693,enet:pooled
2005-11,-0.0049571137341498425,-0.0059184967907614195,0.48069152830578854,enet:pooled
2005-12,8.057494985387118e-05,-0.0009191861073034267,0.49988052857864884,enet:pooled
2006-01,-0.0017292876584152493,-0.002739570042263843,0.5051411919242966,enet:pooled
2006-02,0.00025291348968702314,-0.0011127027849661178,0.6828081373265705,enet:pooled
2006-03,0.0002376460029398993,-0.0008674810624851057,0.5525635327125025,enet:pooled
2006-04,0.0059074648075969315,0.004833022806947516,0.5372210003247079,enet:pooled
2006-05,0.001174931227071076,0.00014170203825553357,0.5166145944077712,enet:pooled
2006-06,0.00659158967485063,0.005505505794040909,0.5430419404048603,enet:pooled
2006-07,0.00039522118927474894,-0.0005179229963747793,0.45657209282476396,enet:pooled
2006-08,-0.0006650845806261738,-0.0017909590619204785,0.5629372406471524,enet:pooled
2006-09,-0.001590767166194736,-0.0027261103655527225,0.5676715996789932,enet:pooled
2006-10,-0.0004183066105916048,-0.0013849905390870328,0.48334196424771403,enet:pooled
2006-11,0.00401185762317029,0.003056998037085592,0.4774297930423488,enet:pooled
2006-12,0.0021296408886349785,0.0011565397886589516,0.4865505499880134,enet:pooled
2007-01,0.003866325129581159,0.0027579193224740216,0.5542029035535687,enet:pooled
2007-02,0.0023353112987220996,0.00118246878057223,0.5764212590749349,enet:pooled
2007-03,0.006165726666597373,0.005134389252346194,0.5156687071255897,enet:pooled
2007-04,0.005103387593593658,0.004104035382107031,0.49967610574331356,enet:pooled
2007-05,0.0025587182748831594,0.001596815917241761,0.48095117882069915,enet:pooled
2007-06,-0.0018403871348444648,-0.003004815407088472,0.5822141361220037,enet:pooled
2007-07,-9.37259810155187e-05,-0.0013330690303456911,0.6196715246650861,enet:pooled
2007-08,0.005525213502150586,0.004335944224506758,0.5946346388219139,enet:pooled
2007-09,0.0007139472583839712,-0.00040829889691226286,0.5611230776481172,enet:pooled
2007-10,0.013592135818139967,0.012434057662963287,0.5790390775883395,enet:pooled
2007-11,0.0056445525942608946,0.00455760857028792,0.5434720119864872,enet:pooled
2007-12,0.003214839149162707,0.0019750053910184266,0.6199168790721404,enet:pooled
2008-01,0.0018064617407453863,0.0006468474567534547,0.5798071419959656,enet:pooled
2008-02,0.00102396791225376,-0.00023729631584355626,0.6306321140486579,enet:pooled
2008-03,0.010675961809439525,0.009344954442770507,0.6655036833345097,enet:pooled
2008-04,0.0011524492504391716,4.220124686210423e-05,0.5551240017885339,enet:pooled
2008-05,0.0012581916124381658,1.6867454578205623e-05,0.6206620789299799,enet:pooled
2008-06,0.011903624079711135,0.01070043292495238,0.6015955773793773,enet:pooled
2008-07,-0.005978967623236153,-0.007066403064801132,0.5437177207824893,enet:pooled
2008-08,0.011933329566187484,0.010508041179357185,0.7126441934151494,enet:pooled
2008-09,0.01576528821190671,0.014721942133514937,0.5216730391958881,enet:pooled
2008-10,0.034637033248992484,0.03365465299201487,0.49119012848880667,enet:pooled
2008-11,0.015748537458299922,0.014805609871547698,0.47146379337611266,enet:pooled
2008-12,-0.009338130307050375,-0.010531382157156518,0.5966259250530713,enet:pooled
2009-01,0.0008436994078741696,-0.0005310900613795935,0.6873947346268815,enet:pooled
2009-02,0.006911320164932029,0.005513292228208368,0.69901396836183,enet:pooled
2009-03,-0.007700636361220793,-0.00874591400179533,0.5226388202872679,enet:pooled
2009-04,-0.018374348326505217,-0.01965228478534978,0.6389682294222825,enet:pooled
2009-05,0.004755415831936857,0.0031637421162120146,0.7958368578624209,enet:pooled
2009-06,-0.006736084430867577,-0.00825060504475223,0.7572603069423276,enet:pooled
2009-07,0.003188621114411867,0.0015590452527071907,0.8147879308523385,enet:pooled
2009-08,0.0025886258122028083,0.0013184752386131856,0.6350752867948112,enet:pooled
2009-09,0.0005549247592422753,-0.000633945159101481,0.5944349591718783,enet:pooled
2009-10,0.001476050806777621,0.00041200626918488914,0.5320222687963658,enet:pooled
2009-11,0.0035822631537140133,0.0024369750551278178,0.5726440492930974,enet:pooled
2009-12,-0.001496643681272294,-0.0026118154379278103,0.5575858783277583,enet:pooled
2010-01,-0.003913234674514208,-0.005194635597202096,0.640700461343944,enet:pooled
2010-02,-0.0009318934153843873,-0.0022652710406840374,0.6666888126498252,enet:pooled
2010-03,-0.002952968355477395,-0.004261280119065604,0.654155881794104,enet:pooled
2010-04,0.003628561581627192,0.002365483347552107,0.6315391170375426,enet:pooled
2010-05,0.005091103326791113,0.00393084069049101,0.5801313181500513,enet:pooled
2010-06,0.003943463104672114,0.00292054984947361,0.5114566275992525,enet:pooled
2010-07,0.005179576165563991,0.0042666592466235895,0.4564584594702011,enet:pooled
2010-08,0.004902958768277144,0.0038663742299569212,0.5182922691601116,enet:pooled
2010-09,-0.0012972206715333736,-0.0023525993289711016,0.5276893287188639,enet:pooled
2010-10,0.005857723737371319,0.0046426241773947175,0.6075497799883006,enet:pooled
2010-11,0.006651827297527642,0.005568212391956259,0.5418074527856919,enet:pooled
2010-12,0.006082237585143092,0.00497790698906199,0.552165298040551,enet:pooled
2011-01,0.005114866301735288,0.004020134028472197,0.5473661366315453,enet:pooled
2011-02,-0.0009945976950415688,-0.0021353355933290785,0.5703689491437549,enet:pooled
2011-03,0.0010997711504814585,2.81130798623763e-06,0.5484799212476104,enet:pooled
2011-04,0.006277175580491007,0.005257038971778913,0.510068304356047,enet:pooled
2011-05,0.00437208130957983,0.0034625468010542016,0.45476725426281406,enet:pooled
2011-06,0.005262931011888157,0.004330337066465065,0.4662969727115459,enet:pooled
2011-07,0.006526805353340743,0.005687385842890017,0.419709755225363,enet:pooled
2011-08,0.010203872745968371,0.009380553034465059,0.4116598557516562,enet:pooled
2011-09,0.012805225897901706,0.011921854726288351,0.4416855858066769,enet:pooled
2011-10,-0.014030232493301856,-0.014993321196634456,0.48154435166630005,enet:pooled
2011-11,0.007870091747995968,0.006555581060789867,0.6572553436030508,enet:pooled
2011-12,0.0037885569281372214,0.002573420456269281,0.6075682359339702,enet:pooled
2012-01,-0.009476871951924561,-0.010286347144268175,0.4047375961718054,enet:pooled
2012-02,0.0014344087395578005,0.00034562798347230955,0.5443903780427454,enet:pooled
2012-03,0.005349885695238307,0.004385027700747169,0.4824289972455692,enet:pooled
2012-04,0.0038679905537523664,0.0030107413609581414,0.4286245963971127,enet:pooled
2012-05,0.008224306890033334,0.007448901858032384,0.387702516000476,enet:pooled
2012-06,0.004938262353671197,0.004162350054765345,0.387956149452926,enet:pooled
2012-07,0.007159751828329178,0.006270811871629885,0.4444699783496465,enet:pooled
2012-08,0.005028484818543361,0.004209989531922648,0.4092476433103567,enet:pooled
2012-09,-0.0013227970493431183,-0.00211942916438677,0.39831605752182603,enet:pooled
2012-10,0.001128571654585126,0.00016657210846073015,0.4809997730621979,enet:pooled
2012-11,0.006273550227464193,0.0052939170390924216,0.4898165941858855,enet:pooled
2012-12,-0.0015757493071494515,-0.0024291222423265305,0.42668646758853934,enet:pooled
2013-01,0.0032451741880131888,0.0022785161290037504,0.48332902950471923,enet:pooled
2013-02,0.004472017453281547,0.003514315370897118,0.47885104119221394,enet:pooled
2013-03,0.006483062107629202,0.00564079639871725,0.42113285445597587,enet:pooled
2013-04,0.01005995183131969,0.009328403641737273,0.36577409479120887,enet:pooled
2013-05,0.0031507550878428553,0.0023716635915750415,0.3895457481339069,enet:pooled
2013-06,0.00454675364676042,0.003584719619521445,0.48101701361948734,enet:pooled
2013-07,0.0022772536111069883,0.0013518317608970036,0.46271092510499245,enet:pooled
2013-08,0.003996056265238899,0.0030535960821919867,0.47123009152345613,enet:pooled
2013-09,-0.004995438513852302,-0.0059440475828923525,0.4743045345200249,enet:pooled
2013-10,9.593712638741121e-05,-0.0008680150780513769,0.4819761022193941,enet:pooled
2013-11,0.0011347192436201544,0.00025201664453868255,0.4413512995407358,enet:pooled
2013-12,0.003522784261029899,0.0027060884355046486,0.4083479127626253,enet:pooled
2014-01,0.00019394240548976788,-0.0005309872114691938,0.362464808479481,enet:pooled
2014-02,0.0033742151970769176,0.002528364445098098,0.42292537598940977,enet:pooled
2014-03,-1.7856933523895026e-05,-0.0008656013406216087,0.42387220354885696,enet:pooled
2014-04,0.005007399698426966,0.004104652962016517,0.4513733682052244,enet:pooled
2014-05,0.0021212808939805716,0.0012876233009277737,0.4168287965263988,enet:pooled
2014-06,0.0018001886081465328,0.0009790734357721382,0.41055758618719734,enet:pooled
2014-07,0.00031647665906321253,-0.0004259603066050538,0.3712184828341331,enet:pooled
2014-08,0.002734252035749861,0.0018371823271417643,0.44853485430404827,enet:pooled
2014-09,-0.002196997213574843,-0.0030272425830333675,0.4151226847292622,enet:pooled
2014-10,0.003400066349017209,0.0025632607514359754,0.41840279879061687,enet:pooled
2014-11,0.007736207319647558,0.00688252117852798,0.4268430705597889,enet:pooled
2014-12,0.010392961676579155,0.009611673406767187,0.3906441349059841,enet:pooled
2015-01,0.006644673553257185,0.005860267501615106,0.39220302582103983,enet:pooled
2015-02,-0.0008248143197450774,-0.001757529470933317,0.46635757559411983,enet:pooled
2015-03,0.005494580610025089,0.004522461098335738,0.48605975584467564,enet:pooled
2015-04,-0.011404906842614285,-0.012321605549718668,0.45834935355219064,enet:pooled
2015-05,0.0007454766231210457,-0.00040445893203241496,0.5749677775767302,enet:pooled
2015-06,0.003086577443545118,0.0019679433128747736,0.5593170653351719,enet:pooled
2015-07,0.008699496970964723,0.007895146817423706,0.40217507677050934,enet:pooled
2015-08,0.008773489858226057,0.00795224023828335,0.4106248099713527,enet:pooled
2015-09,0.003608402577323315,0.002792933355720004,0.4077346108016555,enet:pooled
2015-10,-0.004817716496370453,-0.005687500213253137,0.4348918584413427,enet:pooled
2015-11,0.0020615362238718495,0.001073341532869977,0.4940973455009362,enet:pooled
2015-12,0.0002474886204179707,-0.0007181306999192778,0.48280966016862414,enet:pooled
2016-01,0.0028661869245842106,0.0019627243148422867,0.4517313048709618,enet:pooled
2016-02,-0.00115061144897946,-0.002022541467518769,0.43596500926965465,enet:pooled
2016-03,-0.005941735760307653,-0.0069047663734946915,0.48151530659351965,enet:pooled
2016-04,0.0038520199066575294,0.002816976415714315,0.5175217454716071,enet:pooled
2016-05,0.002280645284165494,0.0013257413773850387,0.47745195339022767,enet:pooled
2016-06,-0.002084039842917363,-0.0029990893668870216,0.4575247619848293,enet:pooled
2016-07,0.0009943952958328824,0.00017002895796431344,0.4121831689342844,enet:pooled
2016-08,0.006240322440469727,0.005330269374422774,0.45502653302347607,enet:pooled
2016-09,0.006221489081914803,0.00540428017447096,0.4086044537219217,enet:pooled
2016-10,0.0028002863755935115,0.0022047929783556392,0.2977466986189364,enet:pooled
2016-11,-0.0015694088219726193,-0.002304488354062855,0.36753976604511795,enet:pooled
2016-12,0.0012143049982606144,0.00034708524916904414,0.4336098745457851,enet:pooled
2017-01,0.004407398280549322,0.0035907293517079756,0.40833446442067367,enet:pooled
2017-02,-0.0011760029104998756,-0.002026242058007709,0.4251195737539167,enet:pooled
2017-03,0.002896066506238088,0.002077006470525655,0.40953001785621684,enet:pooled
2017-04,-2.2554997490867138e-05,-0.0008203822325928064,0.39891361755096966,enet:pooled
2017-05,0.004542179399785672,0.0037690742608910617,0.3865525694473052,enet:pooled
2017-06,-0.0007385438896831858,-0.0015628493294683576,0.41215271989258584,enet:pooled
2017-07,0.004191280114569264,0.0033320669309952595,0.42960659178700245,enet:pooled
2017-08,0.0038384309982116152,0.0030689833217234456,0.3847238382440845,enet:pooled
2017-09,0.0009090951770962965,0.00021107252049107713,0.34901132830260967,enet:pooled
2017-10,0.005445539035186177,0.004731773252109305,0.35688289153843594,enet:pooled
2017-11,0.003349354586571878,0.002525111090693083,0.41212174793939743,enet:pooled
2017-12,0.004027806914169009,0.003187139954485923,0.42033347984154235,enet:pooled
2018-01,0.0029795964805039068,0.002106608365338219,0.43649405758284393,enet:pooled
2018-02,0.0029546095360766097,0.001983800313318222,0.4854046113791937,enet:pooled
2018-03,0.00199029813969643,0.0011077436799958819,0.4412772298502743,enet:pooled
2018-04,0.0014664603216470763,0.0006983288839049484,0.38406571887106417,enet:pooled
2018-05,0.00402456181023285,0.003138118499347033,0.4432216554429085,enet:pooled
2018-06,0.0033396278272788712,0.0024670206559812527,0.4363035856488091,enet:pooled
2018-07,0.0022333330506651926,0.0014738566274153147,0.3797382116249391,enet:pooled
2018-08,0.005701981264938357,0.004903573484220599,0.39920389035887904,enet:pooled
2018-09,0.0138237155246558,0.012998790759824087,0.41246238241585703,enet:pooled
2018-10,0.002271168584059945,0.001508061976872265,0.38155330359383993,enet:pooled
2018-11,-0.003060643650193819,-0.003887895351134919,0.4136258504705502,enet:pooled
2018-12,0.0037841363330653422,0.0027472076586217463,0.5184643372217979,enet:pooled
2019-01,-0.003980119487013129,-0.004833907319108053,0.42689391604746163,enet:pooled
2019-02,-0.0048505242652824585,-0.005892351053833142,0.5209133942753413,enet:pooled
2019-03,0.005489753813903447,0.00455800603471632,0.4658738895935635,enet:pooled
2019-04,0.0016823197151149083,0.0009677606803273115,0.3572795173937985,enet:pooled
2019-05,0.0014653647180573929,0.0006899354477927701,0.38771463513231125,enet:pooled
2019-06,0.0037090431907011914,0.0028589826082386833,0.4250302912312538,enet:pooled
2019-07,0.00491949636281958,0.004095314809161424,0.41209077682907785,enet:pooled
2019-08,0.0005942417356397015,-0.00017104894092936874,0.382645338284535,enet:pooled
2019-09,-0.003729073925403869,-0.004614083282223469,0.4425046784098001,enet:pooled
2019-10,0.001873493409052374,0.0008750227975297655,0.49923530576130437,enet:pooled
2019-11,-0.001208778887919285,-0.0020497472670956514,0.42048418958818307,enet:pooled
2019-12,0.0039399382310924755,0.003013436980675168,0.4632506252086537,enet:pooled
2020-01,0.0051554786022549965,0.004367117506868252,0.3941805476933724,enet:pooled
2020-02,0.008809443248139317,0.008011393102596416,0.3990250727714501,enet:pooled
2020-03,0.011953200293959798,0.011219509450284668,0.36684542183756497,enet:pooled
2020-04,-0.018114799829882004,-0.019272209650764614,0.5787049104413052,enet:pooled
2020-05,-0.0012200706932105187,-0.002831295566770592,0.8056124367800369,enet:pooled
2020-06,-0.003959117180095658,-0.005194636631054998,0.61775972547967,enet:pooled
2020-07,0.003861686941305908,0.0027687099924712452,0.5464884744173307,enet:pooled
2020-08,-0.0005773579035380218,-0.001681048735293192,0.5518454158775853,enet:pooled
2020-09,-0.00102627675978342,-0.0021050544832512397,0.5393888617339101,enet:pooled
2020-10,0.0045751981943541785,0.0035292534404495137,0.5229723769523325,enet:pooled
2020-11,-0.028047713869275345,-0.028962361612431643,0.4573238715781492,enet:pooled
2020-12,0.0012005549309393748,-0.00036845576216986087,0.784505346554618,enet:pooled
2021-01,0.002284039289375924,0.0010342006965070039,0.62491929643446,enet:pooled
2021-02,0.0008794180456023719,-0.00015205507568349659,0.5157365606429343,enet:pooled
2021-03,0.005174074520565524,0.004094175784625197,0.539949367970163,enet:pooled
2021-04,0.0051675950826980165,0.004214976629239959,0.4763092267290287,enet:pooled
2021-05,0.0028297585145832718,0.0017942683288655304,0.5177450928588706,enet:pooled
2021-06,-0.004351747461913246,-0.005353208206465474,0.5007303722761142,enet:pooled
2021-07,0.0037470507300821575,0.0027715596628309623,0.4877455336255976,enet:pooled
2021-08,-0.0008912942057484103,-0.0017938532888469975,0.4512795415492937,enet:pooled
2021-09,0.007091367600634284,0.0061535172026290115,0.4689251990026362,enet:pooled
2021-10,0.0015904661188885438,0.0007006559148707639,0.4449051020088899,enet:pooled
2021-11,0.005189109562796962,0.004302267251868853,0.4434211554640539,enet:pooled
2021-12,0.009853027279981752,0.008839784999484847,0.5066211402484523,enet:pooled
2022-01,0.011905596180963637,0.011089339821846013,0.4081281795588114,enet:pooled
2022-02,0.010030983647748695,0.009263239283229568,0.3838721822595637,enet:pooled
2022-03,0.007814181624584506,0.006954666382353899,0.4297576211153034,enet:pooled
2022-04,0.011029454955239182,0.010227977128958446,0.4007389131403679,enet:pooled
2022-05,0.003958457961414154,0.003186691515980172,0.3858832227169913,enet:pooled
2022-06,0.0013249134356506263,0.0004743890014719147,0.42526221708935563,enet:pooled
2022-07,-0.004758644547776522,-0.005625040076412997,0.4331977643182373,enet:pooled
2022-08,-0.0013129428029947994,-0.002209022989044101,0.4480400930246508,enet:pooled
2022-09,0.00619101747260077,0.005379500963429696,0.4057582545855366,enet:pooled
2022-10,0.005150123546268051,0.004348893362285782,0.40061509199113504,enet:pooled
2022-11,-0.005709402604497449,-0.00658585150640978,0.438224450956165,enet:pooled
2022-12,0.00560647972383876,0.0046190162896316035,0.49373171710357816,enet:pooled
2023-01,0.0010160244478694498,0.00017650631638943822,0.41975906574000577,enet:pooled
2023-02,0.006401664337585183,0.0055652508956359975,0.4182067209745934,enet:pooled
2023-03,0.0035574703962573217,0.00287659936147356,0.3404355173918806,enet:pooled
2023-04,-0.0005727238321864364,-0.0013815860041840435,0.40443108599880345,enet:pooled
2023-05,-0.0018954004195046504,-0.002634629024224626,0.369614302359988,enet:pooled
2023-06,0.0018652973255335104,0.0010917944543989107,0.3867514355673002,enet:pooled
2023-07,0.0036459243809690016,0.002816062040027062,0.41493117047096995,enet:pooled
2023-08,0.001679475853015624,0.0008374835222546125,0.42099616538050566,enet:pooled
2023-09,0.009777034121198595,0.008980531902130858,0.39825110953386766,enet:pooled
2023-10,0.007725200477664726,0.007060767903687579,0.332216286988574,enet:pooled
2023-11,-0.008287547408530764,-0.009029365549113419,0.3709090702913278,enet:pooled
2023-12,0.0035912996903228332,0.0026751164820420607,0.4580916041403864,enet:pooled
2024-01,0.009179060242155318,0.008372932110867114,0.40306406564410174,enet:pooled
2024-02,0.00011240059494762592,-0.0007157998700895291,0.4141002325185776,enet:pooled
2024-03,0.003724539345337666,0.0028549644885932797,0.43478742837219303,enet:pooled
2024-04,3.5012890044981237e-06,-0.0008437366756126459,0.42361898230857215,enet:pooled
2024-05,0.0018836199222202132,0.001054466160290459,0.41457688096487716,enet:pooled
2024-06,0.0001357366438128631,-0.0006603286353732062,0.39803263959303464,enet:pooled
2024-07,0.00041052404398656076,-0.00037420489202907793,0.39236446800781943,enet:pooled
2024-08,0.0030283556807859493,0.0022352723483714896,0.39654166620722986,enet:pooled
2024-09,0.00031116353426029566,-0.0004651594366580551,0.38816148545917545,enet:pooled
2024-10,0.004025612575429479,0.00321044740271658,0.4075825863564491,enet:pooled
2024-11,0.00961920411995692,0.008814876874104196,0.40216362292636193,enet:pooled
2024-12,0.0019381844087291954,0.00112775236524876,0.4052160217402178,enet:pooled
2025-01,0.0014096825815630798,0.000724691579604581,0.34249550097924936,enet:pooled
2025-02,0.00419012850326558,0.0033812087189354235,0.4044598921650781,enet:pooled
2025-03,0.005773871235983341,0.005027070698993883,0.37340026849472885,enet:pooled
2025-04,-0.0023900786082125414,-0.0031231074761330748,0.36651443396026695,enet:pooled
2025-05,-0.0011405107257591344,-0.0019681242829335524,0.413806778587209,enet:pooled
2025-06,-0.0014647019904174526,-0.002261513232832944,0.39840562120774564,enet:pooled
2025-07,-0.0008773089772304376,-0.0015819790022964216,0.3523350125329918,enet:pooled
2025-08,0.002221069599331725,0.001398845726931681,0.4111119362000219,enet:pooled
2025-09,0.0040687156582040205,0.0032112051533781587,0.4287552524129313,enet:pooled
2025-10,0.008855096823617197,0.008012354994750464,0.421370914433367,enet:pooled
2025-11,0.002066883260575467,0.0011690890668944896,0.4488970968404885,enet:pooled
2025-12,0.009691974274263654,0.008832890817030866,0.4295417286163942,enet:pooled
2000-01,0.00590082607026008,0.00590082607026008,0.0,fmom:rule
2000-02,0.009740150453607271,0.009280633165107856,0.22975864424970788,fmom:rule
2000-03,0.001503276815372061,0.0010059235946498861,0.24867661036108735,fmom:rule
2000-04,-0.014640498705259578,-0.015137998888657956,0.24875009169918907,fmom:rule
2000-05,0.0034381611521584372,0.0026396415879374633,0.39925978211048685,fmom:rule
2000-06,-0.0016456024165559836,-0.002157928491313423,0.25616303737871965,fmom:rule
2000-07,0.005763847671301453,0.005128108881076415,0.31786939511251894,fmom:rule
2000-08,-0.0023854940263137777,-0.002752742739752101,0.1836243567191618,fmom:rule
2000-09,0.0029217143831971612,0.002482619079287508,0.2195476519548268,fmom:rule
2000-10,-0.0030867306946146065,-0.0035177568875853034,0.21551309648534867,fmom:rule
2000-11,0.002483919498719847,0.0020609644916253006,0.21147750354727304,fmom:rule
2000-12,0.0020494414696376716,0.0013776041584974063,0.33591865557013256,fmom:rule
2001-01,-0.006506957808641014,-0.007278473411494281,0.38575780142663313,fmom:rule
2001-02,0.009291301996425935,0.008624341064215026,0.3334804661054541,fmom:rule
2001-03,0.01173339175923567,0.011039262955812508,0.3470644017115811,fmom:rule
2001-04,-0.0004926068787523029,-0.0010180127643194428,0.26270294278356976,fmom:rule
2001-05,0.005848607220246231,0.005205165577222062,0.3217208215120848,fmom:rule
2001-06,0.00898544222649822,0.008512003464663756,0.23671938091723296,fmom:rule
2001-07,0.0003837166231732249,-2.5774234047791867e-05,0.2047454286105086,fmom:rule
2001-08,0.001515260679694333,0.0009756845868197463,0.2697880464372935,fmom:rule
2001-09,0.014162649726139028,0.013704447990640752,0.2291008677491375,fmom:rule
2001-10,-0.00837534658775726,-0.008927969822266475,0.27631161725460696,fmom:rule
2001-11,-0.018752201787534936,-0.019355299348714973,0.3015487805900162,fmom:rule
2001-12,0.003980102501515068,0.003363207631715928,0.30844743489957044,fmom:rule
2002-01,0.004057684708161084,0.003486619986680829,0.2855323607401274,fmom:rule
2002-02,0.015693164132392023,0.015077049369487073,0.30805738145247386,fmom:rule
2002-03,0.010843882494909238,0.010335924657410574,0.2539789187493318,fmom:rule
2002-04,0.012346241869447314,0.011715384711521948,0.31542857896268367,fmom:rule
2002-05,0.0050938396519940405,0.004449322896739352,0.3222583776273442,fmom:rule
2002-06,0.014345774868845763,0.013756591211010302,0.29459182891773034,fmom:rule
2002-07,-0.000861691855646758,-0.0011767234159236577,0.15751578013844988,fmom:rule
2002-08,0.0054842485459709305,0.005038373261142797,0.22293764241406697,fmom:rule
2002-09,0.0025646595890478968,0.002038313997650333,0.26317279569878205,fmom:rule
2002-10,0.00332854243553575,0.0028890410636045845,0.21975068596558256,fmom:rule
2002-11,0.0005669681817946667,-3.100409517467809e-06,0.28503429565606725,fmom:rule
2002-12,0.011973157737488714,0.011423062535265538,0.27504760111158877,fmom:rule
2003-01,0.0038105015126448714,0.0034088434654247317,0.2008290236100697,fmom:rule
2003-02,0.002616178662214092,0.002050926694110986,0.2826259840515532,fmom:rule
2003-03,0.0065477951750202235,0.006188759107803189,0.17951803360851712,fmom:rule
2003-04,-0.006093396461246782,-0.006705349056066557,0.30597629740988785,fmom:rule
2003-05,-0.0004056493248283362,-0.0010043859371836675,0.29936830617766585,fmom:rule
2003-06,0.005026538728794189,0.004528448740845664,0.24904499397426222,fmom:rule
2003-07,0.004174032555857374,0.003655483225255647,0.2592746653008631,fmom:rule
2003-08,0.003985740360201655,0.0034857119977054073,0.2500141812481241,fmom:rule
2003-09,-0.002231580686105446,-0.0027363607961801723,0.2523900550373633,fmom:rule
2003-10,0.011894381694157227,0.011511984671868668,0.1911985111442798,fmom:rule
2003-11,0.006824293921226423,0.006326306971689074,0.2489934747686742,fmom:rule
2003-12,0.0025413754842282766,0.002159556149149676,0.19090966753930036,fmom:rule
2004-01,-0.0018592794469409015,-0.002326682052220735,0.23370130263991698,fmom:rule
2004-02,0.0019521554519517901,0.0011744217538254076,0.38886684906319124,fmom:rule
2004-03,0.0023816831874410205,0.0019701262723677386,0.20577845753664112,fmom:rule
2004-04,-0.0013125520030698753,-0.0017567720520270365,0.22211002447858033,fmom:rule
2004-05,0.0008895203327887883,0.00032137033900164676,0.28407499689357063,fmom:rule
2004-06,0.0036505714323635144,0.0030555957100248297,0.2974878611693424,fmom:rule
2004-07,0.007140102871266683,0.006654045628354149,0.2430286214562668,fmom:rule
2004-08,-0.00018900450236059062,-0.000671819342665777,0.24140742015259314,fmom:rule
2004-09,0.0012268633617950825,0.0006736636239902539,0.27659986890241445,fmom:rule
2004-10,-0.0003416955080769615,-0.0008357345438680609,0.2470195178955497,fmom:rule
2004-11,0.0066646391482212556,0.0060869249406071135,0.2888571038070712,fmom:rule
2004-12,0.008721929791723905,0.008218989518851891,0.25147013643600735,fmom:rule
2005-01,0.0005242942390946808,-0.00011001709398486594,0.3171556665397733,fmom:rule
2005-02,0.006702705276045417,0.006241128220207602,0.2307885279189078,fmom:rule
2005-03,-0.0012295564280152883,-0.0017428958422887049,0.2566697071367083,fmom:rule
2005-04,0.008288059341374086,0.007936386871799993,0.17583623478704596,fmom:rule
2005-05,-0.0072002867123425,-0.007555349451852747,0.17753136975512368,fmom:rule
2005-06,-0.00012524308488042388,-0.00048332097428934227,0.1790389447044593,fmom:rule
2005-07,0.012660837151761462,0.012208901102972645,0.22596802439440783,fmom:rule
2005-08,0.0011825005267586397,0.0007558545321296344,0.21332299731450244,fmom:rule
2005-09,0.004431632606470076,0.003965898569542911,0.23286701846358251,fmom:rule
2005-10,-0.001286792939970951,-0.0017741951581859462,0.24370110910749762,fmom:rule
2005-11,0.004464914382350526,0.0040555611882560115,0.20467659704725694,fmom:rule
2005-12,-0.0011421054503985412,-0.0016990849096245359,0.2784897296129974,fmom:rule
2006-01,0.0059366712942687345,0.005467747672838397,0.2344618107151681,fmom:rule
2006-02,-0.0006501806371319569,-0.001252488084698891,0.3011537237834672,fmom:rule
2006-03,0.0021973196771819677,0.0016589689715996996,0.2691753527911339,fmom:rule
2006-04,0.0043749670728961245,0.003812348155534075,0.2813094586810251,fmom:rule
2006-05,-0.003590278462121129,-0.00417319194762514,0.29145674275200556,fmom:rule
2006-06,-0.00012056006077071574,-0.000580128687241682,0.22978431323548326,fmom:rule
2006-07,0.0015967335550271492,0.0011183536593578495,0.23918994783465003,fmom:rule
2006-08,-5.284076301539851e-05,-0.0007065624983688511,0.3268608676767262,fmom:rule
2006-09,0.00014798510762555867,-0.00045562166429801966,0.301803385961789,fmom:rule
2006-10,-0.0015217061811925382,-0.0020257696611022287,0.2520317399548453,fmom:rule
2006-11,0.006614435833334393,0.006121552714220667,0.2464415595568631,fmom:rule
2006-12,0.002682711142586114,0.0020246286007499065,0.32904127091810353,fmom:rule
2007-01,0.00406725639220071,0.0035190608421836276,0.2740977750085412,fmom:rule
2007-02,0.0018153897996339124,0.0010362503419507267,0.3895697288415928,fmom:rule
2007-03,0.0030482889566129942,0.0024877220271929115,0.28028346471004145,fmom:rule
2007-04,0.003571762194433574,0.0030141335386574784,0.2788143278880479,fmom:rule
2007-05,-0.003539556813747386,-0.004116519826173522,0.28848150621306784,fmom:rule
2007-06,-0.0019570765832392844,-0.0025975116743530697,0.32021754555689247,fmom:rule
2007-07,0.0015381177739691985,0.0009279041042666421,0.3051068348512783,fmom:rule
2007-08,-0.0042194416750976575,-0.0048174956816972574,0.29902700329980036,fmom:rule
2007-09,0.00010603007906242104,-0.0004641136823314982,0.2850718806969598,fmom:rule
2007-10,0.007831953221753908,0.007161851009629879,0.3350511060620148,fmom:rule
2007-11,0.0014699746143907555,0.0008851027875131459,0.29243591343880493,fmom:rule
2007-12,0.006344411739962643,0.005845837479329433,0.2492871303166042,fmom:rule
2008-01,-0.0007618036338822664,-0.0013601420335695182,0.2991691998436261,fmom:rule
2008-02,0.0074896915686365525,0.0068809726646936265,0.3043594519714632,fmom:rule
2008-03,0.000533640541014333,-1.201848789191037e-05,0.2728295144531217,fmom:rule
2008-04,0.001408899336961938,0.0009695963807776769,0.21965147809213062,fmom:rule
2008-05,0.006026678054736397,0.00548597810943355,0.2703499726514242,fmom:rule
2008-06,0.00798676495953114,0.0075140836477343275,0.23634065589840653,fmom:rule
2008-07,-0.013840447294305436,-0.014292463833442142,0.22600826956835285,fmom:rule
2008-08,-8.017156861591714e-05,-0.0006121477140712692,0.26598807272767594,fmom:rule
2008-09,0.005050134105283222,0.0046813703331924665,0.18438188604537775,fmom:rule
2008-10,0.023140468600258,0.02249602411142826,0.322222244414872,fmom:rule
2008-11,0.010724907702212893,0.010145128054335619,0.28988982393863777,fmom:rule
2008-12,-0.007210947343675494,-0.007810321097289269,0.2996868768068871,fmom:rule
2009-01,-0.00041975222475954275,-0.0008623106522402055,0.22127921374033138,fmom:rule
2009-02,-0.0012645220363482032,-0.0017852712698344646,0.2603746167431307,fmom:rule
2009-03,-0.009139898588606497,-0.00958573425031142,0.22291783085246072,fmom:rule
2009-04,-0.024488262744245,-0.024916550353715965,0.21414380473548453,fmom:rule
2009-05,-0.008592872871778678,-0.009216065204423876,0.3115961663225986,fmom:rule
2009-06,-0.006641672346812072,-0.007276997662964201,0.3176626580760649,fmom:rule
2009-07,0.005066855063094436,0.004590474320932673,0.23819037108088198,fmom:rule
2009-08,0.0006097042537414769,2.0598388431356732e-05,0.29455293265506005,fmom:rule
2009-09,0.0014798966685427364,0.0010487264552195463,0.21558510666159494,fmom:rule
2009-10,-0.0015415219587242642,-0.0020336302568283284,0.2460541490520321,fmom:rule
2009-11,0.0051204057997421715,0.004598248420654013,0.2610786895440794,fmom:rule
2009-12,-0.0007594207757074665,-0.0012564950697170917,0.24853714700481264,fmom:rule
2010-01,0.0004692642340843892,1.915401127998227e-05,0.22505511140220338,fmom:rule
2010-02,-0.002506112825472538,-0.002971168469263259,0.23252782189536036,fmom:rule
2010-03,0.0027557070153739196,0.0023198870400812617,0.21790998764632893,fmom:rule
2010-04,0.00047712394308721973,-1.5734217359231693e-05,0.2464290802232258,fmom:rule
2010-05,0.0006664592108044599,6.417654887153248e-05,0.3011413309664637,fmom:rule
2010-06,0.003105816882469566,0.002374395481141046,0.3657107006642602,fmom:rule
2010-07,0.0032778057967607394,0.002868433400079316,0.20468619834071183,fmom:rule
2010-08,0.0037537645564136614,0.0031591211361815526,0.2973217101160544,fmom:rule
2010-09,0.0025326584430424514,0.0020007917470511692,0.2659333479956414,fmom:rule
2010-10,0.002683938580380276,0.0021686447565611873,0.25764691190954414,fmom:rule
2010-11,0.004270732815563144,0.0038253475427936744,0.22269263638473494,fmom:rule
2010-12,0.00467506152405633,0.004198419670196511,0.23832092692990936,fmom:rule
2011-01,0.000613243683463468,0.00012349223682763598,0.24487572331791582,fmom:rule
2011-02,0.0019403776911652213,0.0015135345792297887,0.2134215559677164,fmom:rule
2011-03,0.0007651697559163139,0.00036856035273872455,0.19830470158879465,fmom:rule
2011-04,0.005036345097108498,0.004646663504141979,0.19484079648325936,fmom:rule
2011-05,0.003030101142766704,0.0026675035163139923,0.18129881322635588,fmom:rule
2011-06,0.002959929376923196,0.0026675077568268928,0.1462108100481515,fmom:rule
2011-07,0.006846802737671027,0.006493832450787488,0.17648514344176966,fmom:rule
2011-08,0.006854588341861579,0.0064245098814026715,0.21503923022945381,fmom:rule
2011-09,0.002788331016128035,0.002350097033918755,0.2191169911046402,fmom:rule
2011-10,-0.0070683707357982,-0.007574862810920271,0.2532460375610354,fmom:rule
2011-11,0.008551992924377574,0.008040536520965896,0.2557282017058381,fmom:rule
2011-12,0.0024002649196859915,0.001924335234392808,0.23796484264659176,fmom:rule
2012-01,-0.011101117547422993,-0.011642579730687132,0.27073109163206993,fmom:rule
2012-02,-0.0018508761407425708,-0.0023637578181144054,0.2564408386859174,fmom:rule
2012-03,0.004924936912376208,0.004442885809160521,0.2410255516078434,fmom:rule
2012-04,0.006270326061945829,0.005690987311094497,0.2896693754256664,fmom:rule
2012-05,0.0052006900805495,0.00476406291971648,0.21831358041651028,fmom:rule
2012-06,0.003626069971384852,0.0031904757018914416,0.21779713474670517,fmom:rule
2012-07,0.005177624777161466,0.004762018070122487,0.20780335351948984,fmom:rule
2012-08,0.0042879543133603,0.003885657448340954,0.2011484325096729,fmom:rule
2012-09,-0.0029882433795292694,-0.0034058419427699053,0.2087992816203179,fmom:rule
2012-10,0.004418837409719907,0.003932474985745039,0.2431812119874348,fmom:rule
2012-11,0.0032812734531121835,0.002764248568354514,0.25851244237883464,fmom:rule
2012-12,6.949115309877362e-05,-0.00038914651035230956,0.22931883172554154,fmom:rule
2013-01,0.0026339641621674504,0.0021990737454162562,0.21744520837559686,fmom:rule
2013-02,0.008074650210747672,0.007446810361134552,0.31391992480656034,fmom:rule
2013-03,0.006674490734143583,0.006207515851579832,0.2334874412818756,fmom:rule
2013-04,0.011084795567304602,0.010700861125883051,0.19196722071077457,fmom:rule
2013-05,0.0035439952677388197,0.0031257501313608897,0.20912256818896527,fmom:rule
2013-06,0.002655762810050485,0.0022176154817638164,0.2190736641433343,fmom:rule
2013-07,0.003187383731039724,0.002707513270963932,0.23993523003789596,fmom:rule
2013-08,-0.0018606404176347638,-0.0023054074452746663,0.22238351381995142,fmom:rule
2013-09,-0.0012021296051595246,-0.0016073354060717776,0.2026029004561263,fmom:rule
2013-10,-0.0031083397133086113,-0.003504467333167256,0.1980638099293228,fmom:rule
2013-11,0.003490538168475593,0.0030251589277711034,0.23268962035224483,fmom:rule
2013-12,0.0006444709425614929,0.0002453136536599161,0.1995786444507884,fmom:rule
2014-01,0.0061476360846426485,0.005662593276312292,0.2425214041651783,fmom:rule
2014-02,0.003954381559552217,0.0035532754919056797,0.20055303382326847,fmom:rule
2014-03,-0.005695781073219496,-0.006037091897881516,0.17065541233101,fmom:rule
2014-04,0.0016633508022533743,0.0012391994649116292,0.21207566867087244,fmom:rule
2014-05,-0.0006756799040387433,-0.0011395442556471202,0.23193217580418848,fmom:rule
2014-06,0.0035479337925929644,0.0029325131363460853,0.3077103281234398,fmom:rule
2014-07,0.0017654590569266093,0.0013237667354372054,0.2208461607447021,fmom:rule
2014-08,0.0008841726735050976,0.00026803940112559896,0.30806663618974933,fmom:rule
2014-09,-0.0003309743126017773,-0.0008489232286381584,0.25897445801819047,fmom:rule
2014-10,0.005078451708782818,0.004578473512824123,0.24998909797934793,fmom:rule
2014-11,0.0017587756463653115,0.001335256070695494,0.21175978783490887,fmom:rule
2014-12,0.0022455856525623904,0.0018271993188482575,0.2091931668570663,fmom:rule
2015-01,0.006168081062376318,0.005683062129978818,0.24250946619874997,fmom:rule
2015-02,-0.003598400242079434,-0.0040797935256148546,0.2406966417677106,fmom:rule
2015-03,0.007967552373351944,0.007530623819566487,0.2184642768927283,fmom:rule
2015-04,-0.009239973273904089,-0.009783304506208087,0.27166561615199863,fmom:rule
2015-05,0.0026633028430341674,0.002123980633718744,0.2696611046577116,fmom:rule
2015-06,0.006112801063428952,0.005615612142749274,0.24859446033983898,fmom:rule
2015-07,0.00687708189043814,0.006421317159723984,0.2278823653570778,fmom:rule
2015-08,0.008826533547831767,0.00835266351209964,0.23693501786606305,fmom:rule
2015-09,0.0047591497191871125,0.004403368292482776,0.1778907133521681,fmom:rule
2015-10,-0.008265642866998033,-0.008644444821134379,0.18940097706817244,fmom:rule
2015-11,0.007742531316234727,0.007332254956774661,0.20513817973003282,fmom:rule
2015-12,0.0005885523286512459,0.0002151759340119349,0.18668819731965539,fmom:rule
2016-01,0.0009007841600515408,0.00048489241637310505,0.2079458718392177,fmom:rule
2016-02,-0.00685817565866924,-0.007293584795029716,0.21770456818023817,fmom:rule
2016-03,-0.012634552810912433,-0.013180589159266043,0.27301817417680424,fmom:rule
2016-04,0.003380595287578129,0.0027221486373053072,0.3292233251364107,fmom:rule
2016-05,0.0021098835448119893,0.0015690975087102345,0.27039301805087745,fmom:rule
2016-06,0.00042087128285198133,-4.2619871992558184e-05,0.23174557742226973,fmom:rule
2016-07,0.0009104344936747197,0.0004371168273383804,0.23665883316816969,fmom:rule
2016-08,0.0018027979697814566,0.001195613125931284,0.30359242192508623,fmom:rule
2016-09,0.0025794814253469636,0.0019948138142974045,0.2923338055247796,fmom:rule
2016-10,0.0030549728931743175,0.002637013451107166,0.20897972103357562,fmom:rule
2016-11,-0.002782190780190643,-0.003339173963948437,0.27849159187889705,fmom:rule
2016-12,0.0004546437901070617,-0.00014242162529836308,0.29853270770271245,fmom:rule
2017-01,0.006820583487055259,0.006334427678441817,0.2430779043067209,fmom:rule
2017-02,-0.002048579035142264,-0.00257643510090266,0.26392803288019795,fmom:rule
2017-03,0.00026755357736957947,-0.0003274593474353959,0.2975064624024876,fmom:rule
2017-04,-0.003110019438994976,-0.003727093716914023,0.30853713895952345,fmom:rule
2017-05,0.0016285702514280218,0.0011183516020139687,0.25510932470702663,fmom:rule
2017-06,-0.0010520469047741784,-0.0015225548466994763,0.23525397096264916,fmom:rule
2017-07,0.003727594033875161,0.003093133751537957,0.3172301411686019,fmom:rule
2017-08,0.0005250042011228665,9.149524849277267e-05,0.216754476315047,fmom:rule
2017-09,-0.0049107381569825454,-0.0053717760315571145,0.2305189372872839,fmom:rule
2017-10,0.003755736797021147,0.0032970841767632976,0.22932631012892474,fmom:rule
2017-11,0.0025492237933111093,0.001959561239525655,0.2948312768927271,fmom:rule
2017-12,0.0018277441062112825,0.0012690996376322433,0.2793222342895198,fmom:rule
2018-01,7.378497864983216e-06,-0.0005651450486468994,0.2862617732559415,fmom:rule
2018-02,0.003112157205473686,0.002569602767155992,0.271277219158847,fmom:rule
2018-03,6.31121482915832e-05,-0.0004893967737391219,0.27625446101535245,fmom:rule
2018-04,0.004177779907501725,0.003723556394024587,0.22711175673856898,fmom:rule
2018-05,0.0058111748762726045,0.005328409594640412,0.24138264081609692,fmom:rule
2018-06,0.0010474431825246641,0.0005985631163688109,0.2244400330779265,fmom:rule
2018-07,0.001640332348480475,0.0012315050267612908,0.2044136608595921,fmom:rule
2018-08,0.007535289691809629,0.007116533084230858,0.20937830378938616,fmom:rule
2018-09,0.009487657804834113,0.009078760657612043,0.20444857361103444,fmom:rule
2018-10,-0.0008994979713914084,-0.001334075185548028,0.2172886070783098,fmom:rule
2018-11,-0.004938643962901778,-0.005372882554801573,0.21711929594989723,fmom:rule
2018-12,0.0010017285462933525,0.0005161830710150409,0.242772737639156,fmom:rule
2019-01,-0.0008582489890555063,-0.0013014345023729926,0.2215927566587432,fmom:rule
2019-02,-0.004252872377299325,-0.004770888385727276,0.2590080042139752,fmom:rule
2019-03,0.0006139877237471545,0.00024855599937608495,0.18271586218553482,fmom:rule
2019-04,0.0006363271699829281,0.00017643049799755733,0.22994833599268538,fmom:rule
2019-05,6.117111954149068e-05,-0.0004210824718347915,0.24112679568814135,fmom:rule
2019-06,0.0027971364159664787,0.0022739734833737675,0.2615814662963555,fmom:rule
2019-07,0.0006377157370298654,0.00015762779136655315,0.24004397283165613,fmom:rule
2019-08,0.00018876909995333208,-0.00036667084851914046,0.27771997423623634,fmom:rule
2019-09,0.001119101168359552,0.0005464219681442206,0.28633960010766574,fmom:rule
2019-10,0.0016563258735458053,0.0010580283785678508,0.29914874748897735,fmom:rule
2019-11,-0.0032900087930877175,-0.00383023410474201,0.2701126558271461,fmom:rule
2019-12,0.004790341018349079,0.004178237250142943,0.3060518841030678,fmom:rule
2020-01,0.005230853699641932,0.00476398123941081,0.23343623011556033,fmom:rule
2020-02,0.002775273818160293,0.0021993375509337604,0.28796813361326634,fmom:rule
2020-03,0.002850431143370873,0.0024093418063813976,0.22054466849473786,fmom:rule
2020-04,-0.002105967831537973,-0.002785338889980621,0.33968552922132406,fmom:rule
2020-05,0.0016474531885895649,0.001045034926772545,0.3012091309085097,fmom:rule
2020-06,-0.0023447702986039804,-0.0027884031008516687,0.2218164011238444,fmom:rule
2020-07,0.018419693037082473,0.017985409687936067,0.217141674573204,fmom:rule
2020-08,0.0002064508593322148,-0.00022027319748314312,0.213362028407679,fmom:rule
2020-09,-2.967894409811522e-05,-0.0004272140782997367,0.19876756710081067,fmom:rule
2020-10,0.0025920937772725846,0.002193541020361608,0.1992763784554884,fmom:rule
2020-11,-0.01985280451137825,-0.020230191941676648,0.18869371514919994,fmom:rule
2020-12,-0.0017249090949072556,-0.0022943630357940077,0.2847269704433761,fmom:rule
2021-01,0.004595157682795977,0.004196423767753178,0.1993669575213993,fmom:rule
2021-02,-0.0005791633654735444,-0.0009607682048721149,0.1908024196992853,fmom:rule
2021-03,-0.00039170563760883135,-0.000897982340162486,0.2531383512768272,fmom:rule
2021-04,0.006095868510230015,0.005493997756851069,0.30093537668947296,fmom:rule
2021-05,-0.0009519285579258959,-0.0015394389699647942,0.2937552060194492,fmom:rule
2021-06,0.0018112547670295603,0.0014034459243025689,0.2039044213634957,fmom:rule
2021-07,0.0018682536691827032,0.0014417143304377537,0.2132696693724747,fmom:rule
2021-08,-0.001622204912440201,-0.0020949571968627637,0.23637614221128134,fmom:rule
2021-09,0.0034005145973010804,0.0029572585650044143,0.22162801614833297,fmom:rule
2021-10,0.001312797261159236,0.0008075391025551262,0.2526290793020551,fmom:rule
2021-11,-0.0015432972967527837,-0.0019039280965155933,0.18031539988140474,fmom:rule
2021-12,0.0024972741957391877,0.001878210652732917,0.3095317715031353,fmom:rule
2022-01,0.007327548416581736,0.006761099688217877,0.28322436418192903,fmom:rule
2022-02,0.006613791086736965,0.0061739210108636925,0.219935037936636,fmom:rule
2022-03,0.004683861546185945,0.004252864627380846,0.2154984594025495,fmom:rule
2022-04,0.007201767413400469,0.006752950806136936,0.22440830363176636,fmom:rule
2022-05,-0.0005424133890842456,-0.0009944470472775281,0.22601682909664111,fmom:rule
2022-06,0.0007011261910711122,0.0002685850560547208,0.21627056750819573,fmom:rule
2022-07,-0.0023333458237362794,-0.0027589823041649676,0.2128182402143442,fmom:rule
2022-08,-0.0010562814483489754,-0.0014339045080817249,0.1888115298663747,fmom:rule
2022-09,0.0017044448634703445,0.001297028197100011,0.20370833318516676,fmom:rule
2022-10,0.0036966607086294095,0.0031864378433601004,0.2551114326346548,fmom:rule
2022-11,-0.0026020542875170474,-0.003119880404543401,0.2589130585131768,fmom:rule
2022-12,0.005810562669211213,0.005327325664169866,0.24161850252067352,fmom:rule
2023-01,-0.0011516656728045452,-0.0015700316232399856,0.2091829752177203,fmom:rule
2023-02,0.004219702228981757,0.0037561999935847436,0.23175111769850698,fmom:rule
2023-03,-0.0014530193386524677,-0.0019529525733718177,0.24996661735967524,fmom:rule
2023-04,-0.00030962717935640026,-0.0008288375356309149,0.2596051781372572,fmom:rule
2023-05,-0.0021470620191503254,-0.002661889064081843,0.2574135224657587,fmom:rule
2023-06,-2.7272824341579375e-05,-0.0005094416967637725,0.24108443621109651,fmom:rule
2023-07,0.006959231482414546,0.006423311791399659,0.2679598455074439,fmom:rule
2023-08,0.0011196219962816608,0.0006479862447986161,0.23581787574152235,fmom:rule
2023-09,-0.001086888190714832,-0.0015385241656367282,0.2258179874609481,fmom:rule
2023-10,0.00563151462197497,0.005153038484249935,0.23923806886251756,fmom:rule
2023-11,-0.0026837087932370606,-0.0031988084384588417,0.25754982261089054,fmom:rule
2023-12,0.0032543346988965867,0.002738764543068925,0.2577850779138306,fmom:rule
2024-01,0.006087710380859229,0.005658899966185859,0.21440520733668525,fmom:rule
2024-02,-0.00027450175767873385,-0.0007880142982416414,0.2567562702814536,fmom:rule
2024-03,0.00122962955906218,0.0007862012426397822,0.2217141582111987,fmom:rule
2024-04,0.0013327545405381659,0.000824008313313909,0.2543731136121285,fmom:rule
2024-05,0.003154646342722346,0.002653503136140019,0.25057160329116324,fmom:rule
2024-06,0.003717812041017381,0.0032205628679429564,0.2486245865372122,fmom:rule
2024-07,0.0006564933372594938,0.0002949594592429202,0.18076693900828683,fmom:rule
2024-08,0.0020408425753149495,0.0015850240649108796,0.227909255202035,fmom:rule
2024-09,-0.0023660566130749845,-0.0027767550644203685,0.20534922567269207,fmom:rule
2024-10,0.003748738386324752,0.003267175387352962,0.24078149948589464,fmom:rule
2024-11,0.005849497236306681,0.005374300396618777,0.23759841984395252,fmom:rule
2024-12,0.003381354573938174,0.002878612758631626,0.2513709076532739,fmom:rule
2025-01,-0.0009174502965640677,-0.0013248086752851536,0.20367918936054277,fmom:rule
2025-02,0.002674689684817214,0.0021158990007955607,0.2793953420108269,fmom:rule
2025-03,0.0004364478894069981,-0.00010554936432309497,0.27099862686504644,fmom:rule
2025-04,-0.00035400837999926567,-0.0008691573975278731,0.25757450876430377,fmom:rule
2025-05,-0.00021523077246530305,-0.0007426711229321276,0.26372017523341224,fmom:rule
2025-06,0.002655775943851736,0.0021122430802243426,0.2717664318136966,fmom:rule
2025-07,0.002360834992715213,0.0019105362618351018,0.2251493654400557,fmom:rule
2025-08,0.0038860943524480942,0.0033329044806179207,0.276594935915087,fmom:rule
2025-09,0.006381540868936636,0.005932754298865131,0.2243932850357526,fmom:rule
2025-10,0.009136386976381076,0.008693344945012973,0.2215210156840519,fmom:rule
2025-11,0.00038329380960068585,-5.078129012745471e-05,0.2170375498640702,fmom:rule
2025-12,0.0067511302683204025,0.006367086885785528,0.19202169126743715,fmom:rule
2000-01,0.011661314508173773,0.011661314508173773,0.0,gbrt:dm_only
2000-02,0.011194989383081512,0.009025705054869446,1.0846421641060326,gbrt:dm_only
2000-03,-0.005521112362041102,-0.0075546906896963905,1.0167891638276445,gbrt:dm_only
2000-04,0.015028094671989668,0.012982504931492455,1.022794870248605,gbrt:dm_only
2000-05,0.000654900331492907,-0.0013554657127691704,1.0051830221310385,gbrt:dm_only
2000-06,0.004419681093890371,0.002515948736516995,0.9518661786866879,gbrt:dm_only
2000-07,-0.0026391188037551134,-0.004595087166978566,0.9779841816117265,gbrt:dm_only
2000-08,-0.007475267175312332,-0.009379600477116851,0.9521666509022599,gbrt:dm_only
2000-09,0.001225737436892871,-0.0007911642438818683,1.00845084038737,gbrt:dm_only
2000-10,0.004876716118335061,0.003039610946303791,0.9185525860156346,gbrt:dm_only
2000-11,0.010738131418744168,0.00899396700288315,0.8720822079305085,gbrt:dm_only
2000-12,0.0007370130759620624,-0.001166174020876777,0.9515935484194195,gbrt:dm_only
2001-01,-0.004657939490302986,-0.006671244892019569,1.0066527008582913,gbrt:dm_only
2001-02,0.004351190760241887,0.0021238278605505054,1.1136814498456908,gbrt:dm_only
2001-03,0.01334858246913223,0.010973087632858019,1.1877474181371057,gbrt:dm_only
2001-04,0.001231232607603859,-0.0007616963798801892,0.9964644937420241,gbrt:dm_only
2001-05,0.007776318954109966,0.005864932475987735,0.9556932390611153,gbrt:dm_only
2001-06,-0.010298424436457608,-0.011961941595735145,0.8317585796387686,gbrt:dm_only
2001-07,0.01502240559145092,0.013116156903765904,0.9531243438425082,gbrt:dm_only
2001-08,-0.0037034362749029915,-0.005391971647638185,0.8442676863675969,gbrt:dm_only
2001-09,0.012134315388374702,0.010126193930569438,1.0040607289026324,gbrt:dm_only
2001-10,-0.004778717869431053,-0.006674369237683568,0.9478256841262566,gbrt:dm_only
2001-11,-0.0008222093647609335,-0.0029434925138514595,1.0606415745452629,gbrt:dm_only
2001-12,0.0043150692841348,0.0020881799850337784,1.1134446495505104,gbrt:dm_only
2002-01,0.00011620848815873573,-0.0019469469306886515,1.0315777094236933,gbrt:dm_only
2002-02,0.014901135836495586,0.01321112695644119,0.8450044400271983,gbrt:dm_only
2002-03,0.015556166574550546,0.014181545939525192,0.6873103175126775,gbrt:dm_only
2002-04,0.012602312882311277,0.01122934246141653,0.6864852104473743,gbrt:dm_only
2002-05,0.008580578495835494,0.007182027313173086,0.6992755913312034,gbrt:dm_only
2002-06,0.010570007866063144,0.00920746313379149,0.6812723661358262,gbrt:dm_only
2002-07,0.0012914800586953635,-8.38910657926529e-05,0.687685562244008,gbrt:dm_only
2002-08,-0.0029233559450737205,-0.004456371607652834,0.7665078312895568,gbrt:dm_only
2002-09,0.01164981273336682,0.010195887944182027,0.7269623945923966,gbrt:dm_only
2002-10,0.00025170987261972314,-0.0010398191067759834,0.6457644896978533,gbrt:dm_only
2002-11,-0.003779097865278788,-0.005488086747139718,0.8544944409304651,gbrt:dm_only
2002-12,-0.0011030359811220502,-0.0026857681348179227,0.7913660768479361,gbrt:dm_only
2003-01,0.0003766250531484899,-0.0012026512305244074,0.7896381418364485,gbrt:dm_only
2003-02,0.0025721168775759634,0.001463116612280747,0.5545001326476082,gbrt:dm_only
2003-03,0.010347110370141688,0.009316244180947742,0.5154330945969728,gbrt:dm_only
2003-04,-0.005392845590183154,-0.0063356883594961905,0.47142138465651756,gbrt:dm_only
2003-05,-0.0003173472536655347,-0.001586211642342742,0.6344321943386038,gbrt:dm_only
2003-06,0.004691397905990597,0.0034641676038942287,0.6136151510481836,gbrt:dm_only
2003-07,0.010905539730614826,0.009548964549940286,0.6782875903372707,gbrt:dm_only
2003-08,0.004114837396960784,0.0029238188010462665,0.5955092979572589,gbrt:dm_only
2003-09,0.0001797609079719507,-0.001091102406954654,0.6354316574633024,gbrt:dm_only
2003-10,0.01574413640028474,0.014347945212880719,0.698095593702011,gbrt:dm_only
2003-11,0.003814782990445643,0.002538911986850582,0.6379355017975301,gbrt:dm_only
2003-12,0.008144474765177611,0.00693140938439882,0.6065326903893958,gbrt:dm_only
2004-01,0.0005552742009932187,-0.0007071080007735817,0.6311911008834005,gbrt:dm_only
2004-02,-0.001900122850109721,-0.003533920077168896,0.8168986135295876,gbrt:dm_only
2004-03,0.003448213797983704,0.002178222631194981,0.6349955833943618,gbrt:dm_only
2004-04,0.002107133830578559,0.0008870265169645663,0.6100536568069963,gbrt:dm_only
2004-05,-4.689554229259474e-07,-0.0011992647480870572,0.5993978963320653,gbrt:dm_only
2004-06,0.00752699893445987,0.006326263348058594,0.600367793200638,gbrt:dm_only
2004-07,0.007969894575841598,0.006850433763712024,0.5597304060647874,gbrt:dm_only
2004-08,0.007366759339578024,0.006395078323045373,0.4858405082663255,gbrt:dm_only
2004-09,0.0060744210902446555,0.005008936016778507,0.532742536733074,gbrt:dm_only
2004-10,0.006888000617943191,0.005824826643422928,0.5315869872601311,gbrt:dm_only
2004-11,0.004349149408738355,0.003471966456027814,0.4385914763552697,gbrt:dm_only
2004-12,0.008402213114100934,0.007285709319383733,0.5582518973586001,gbrt:dm_only
2005-01,0.0011963133324655974,7.560728706172496e-05,0.5603530227019363,gbrt:dm_only
2005-02,0.011094415586856081,0.010242839158944484,0.4257882139557976,gbrt:dm_only
2005-03,-0.000124393706525214,-0.0009611643369203287,0.41838531519755723,gbrt:dm_only
2005-04,0.008256044493200986,0.007333673091050135,0.46118570107542617,gbrt:dm_only
2005-05,-0.004789868226119993,-0.0055466378703513085,0.37838482211565744,gbrt:dm_only
2005-06,-0.0014012118816638676,-0.0023495538191945745,0.4741709687653534,gbrt:dm_only
2005-07,0.00668677437393913,0.005776804435348148,0.4549849692954906,gbrt:dm_only
2005-08,0.002215770569802427,0.0012687566274802596,0.47350697116108376,gbrt:dm_only
2005-09,0.005855098193948884,0.00485210404227363,0.5014970758376263,gbrt:dm_only
2005-10,-0.0018388868072857151,-0.0028454071816541816,0.5032601871842332,gbrt:dm_only
2005-11,-0.0038585754561003263,-0.004876938519878691,0.5091815318891822,gbrt:dm_only
2005-12,0.0018472516511787004,0.0007148549794799333,0.5661983358493837,gbrt:dm_only
2006-01,-0.001151307751925523,-0.0022629624167167196,0.5558273323955983,gbrt:dm_only
2006-02,0.0017684090368570334,0.0003466386828323983,0.7108851770123176,gbrt:dm_only
2006-03,0.002346815336050169,0.0011344024371017737,0.6062064494741977,gbrt:dm_only
2006-04,0.0074809484629344575,0.0062582130909185855,0.6113676860079361,gbrt:dm_only
2006-05,-0.0012371524680845694,-0.0024322399008757786,0.5975437163956044,gbrt:dm_only
2006-06,0.005555395639087443,0.004373378330117842,0.5910086544848007,gbrt:dm_only
2006-07,0.0009832905034507665,-0.00011264869339674185,0.547969598423754,gbrt:dm_only
2006-08,-0.0008887698352337948,-0.0020966935710872293,0.6039618679267175,gbrt:dm_only
2006-09,-0.0016317309148514555,-0.0029075258511210267,0.6378974681347854,gbrt:dm_only
2006-10,-0.0014408730215291709,-0.0025566415088436162,0.5578842436572226,gbrt:dm_only
2006-11,0.005155419402846166,0.003995835551286693,0.5797919257797365,gbrt:dm_only
2006-12,0.0017414234955699362,0.000536706646555643,0.6023584245071467,gbrt:dm_only
2007-01,0.005040729490945106,0.003799430608361872,0.6206494412916168,gbrt:dm_only
2007-02,-0.00016204509876501408,-0.0014872620432070502,0.6626084722210182,gbrt:dm_only
2007-03,0.0067845308228493325,0.005593406874212869,0.5955619743182317,gbrt:dm_only
2007-04,0.003981867455986294,0.002866825944423169,0.5575207557815628,gbrt:dm_only
2007-05,0.005652928615732125,0.004587531940809181,0.5326983374614722,gbrt:dm_only
2007-06,-0.004352200990496372,-0.005626148202808828,0.6369736061562283,gbrt:dm_only
2007-07,0.0004926935528686664,-0.0008331962626824844,0.6629449077755755,gbrt:dm_only
2007-08,0.0038712050366472074,0.0025802428095159087,0.6454811135656492,gbrt:dm_only
2007-09,0.00011996117186839701,-0.0011600029790898897,0.6399820754791433,gbrt:dm_only
2007-10,0.01784690861236181,0.016583194456468494,0.6318570779466566,gbrt:dm_only
2007-11,0.003304480164850924,0.0022179016014887655,0.5432892816810793,gbrt:dm_only
2007-12,0.003945673215155101,0.0025932157696652294,0.6762287227449352,gbrt:dm_only
2008-01,0.003823670580635514,0.002541682584007495,0.6409939983140095,gbrt:dm_only
2008-02,0.0009188414878354507,-0.000422606085547492,0.6707237866914711,gbrt:dm_only
2008-03,0.011070665990772202,0.009817842377564098,0.626411806604052,gbrt:dm_only
2008-04,0.003724670269915704,0.002639172009284035,0.5427491303158348,gbrt:dm_only
2008-05,0.005437985846350528,0.004187496969946333,0.6252444382020979,gbrt:dm_only
2008-06,0.014585493444167007,0.013496156274342279,0.5446685849123638,gbrt:dm_only
2008-07,-0.013081663932524962,-0.014187422280059757,0.5528791737673957,gbrt:dm_only
2008-08,0.013101302066658488,0.011571249208091787,0.7650264292833504,gbrt:dm_only
2008-09,0.01726472761935186,0.01627182798268204,0.4964498183349093,gbrt:dm_only
2008-10,0.03526237979514158,0.03411926366882133,0.5715580631601286,gbrt:dm_only
2008-11,0.015416120337940627,0.014324916342144554,0.5456019978980374,gbrt:dm_only
2008-12,-0.005650570537548633,-0.006815272358590841,0.5823509105211037,gbrt:dm_only
2009-01,0.001490804178464527,0.0002733005250265052,0.6087518267190106,gbrt:dm_only
2009-02,0.00837286671223732,0.0070731321112899185,0.6498673004737011,gbrt:dm_only
2009-03,-0.007641228809302744,-0.008643782781199535,0.5012769859483953,gbrt:dm_only
2009-04,-0.022423646567151637,-0.023579498255555376,0.577925844201871,gbrt:dm_only
2009-05,0.005398355924794202,0.003752003587882412,0.8231761684558949,gbrt:dm_only
2009-06,-0.007787729733973005,-0.0094779533199902,0.8451117930085978,gbrt:dm_only
2009-07,0.005825308842166333,0.00396201669120852,0.9316460754789062,gbrt:dm_only
2009-08,0.004107523794016439,0.0025128279856436874,0.7973479041863754,gbrt:dm_only
2009-09,0.0012948110594958383,-0.00014555089522459447,0.7201809773602165,gbrt:dm_only
2009-10,0.0015025028993769138,9.058589260648708e-05,0.7059585033852134,gbrt:dm_only
2009-11,0.0005829771703881436,-0.0009511556552323369,0.7670664128102402,gbrt:dm_only
2009-12,-0.002650264007341111,-0.00403858919902955,0.6941625958442198,gbrt:dm_only
2010-01,0.00010528181726972527,-0.0014515016419481342,0.7783917296089298,gbrt:dm_only
2010-02,0.0008085697756389026,-0.0006721241903382914,0.740346982988597,gbrt:dm_only
2010-03,-0.0032078198746852875,-0.004603915599496302,0.6980478624055076,gbrt:dm_only
2010-04,0.0022775976644741286,0.0007999314904524605,0.7388330870108338,gbrt:dm_only
2010-05,0.004293092369580339,0.002771239131136585,0.7609266192218763,gbrt:dm_only
2010-06,0.00349401634822685,0.0023519746325917417,0.5710208578175543,gbrt:dm_only
2010-07,0.0053034377710144045,0.004325941332561055,0.4887482192266748,gbrt:dm_only
2010-08,0.005146673523545995,0.004085866598355565,0.5304034625952148,gbrt:dm_only
2010-09,-0.002392623193727983,-0.003511783827091659,0.5595803166818377,gbrt:dm_only
2010-10,0.006181535939855139,0.005027464153532277,0.5770358931614309,gbrt:dm_only
2010-11,0.006882449897034218,0.00584983334540569,0.5163082758142644,gbrt:dm_only
2010-12,0.007760156137086083,0.006670194588597998,0.5449807742440426,gbrt:dm_only
2011-01,0.004320231815323332,0.0032654176366433614,0.5274070893399855,gbrt:dm_only
2011-02,-0.00041013002688719763,-0.0015477325491470599,0.5688012611299311,gbrt:dm_only
2011-03,0.001579520334873836,0.000591621652298943,0.49394934128744644,gbrt:dm_only
2011-04,0.007311216246933099,0.006304916317244214,0.5031499648444426,gbrt:dm_only
2011-05,0.004820802676247995,0.003946994914820077,0.4369038807139591,gbrt:dm_only
2011-06,0.0053159162086326515,0.004407752267773364,0.4540819704296432,gbrt:dm_only
2011-07,0.00809280260743547,0.0072653980396795775,0.413702283877946,gbrt:dm_only
2011-08,0.011850940742601927,0.01102452508851991,0.41320782704100806,gbrt:dm_only
2011-09,0.01245280862136799,0.011641364183977803,0.4057222186950934,gbrt:dm_only
2011-10,-0.01403416926205995,-0.014962814678215468,0.4643227080777609,gbrt:dm_only
2011-11,0.012164751551021922,0.01099071397106889,0.5870187899765162,gbrt:dm_only
2011-12,0.003755811409840467,0.0027020181233442324,0.5268966432481175,gbrt:dm_only
2012-01,-0.010426861759841529,-0.011315428379748478,0.44428330995347437,gbrt:dm_only
2012-02,0.001517194959751538,0.0003380386104302908,0.5895781746606235,gbrt:dm_only
2012-03,0.0054190471457649025,0.004386519856271979,0.5162636447464617,gbrt:dm_only
2012-04,0.0050241001657744195,0.00405796888962622,0.4830656380740999,gbrt:dm_only
2012-05,0.009345587426422006,0.008465766548004594,0.439910439208706,gbrt:dm_only
2012-06,0.0043407833601141884,0.003506482300296803,0.41715052990869284,gbrt:dm_only
2012-07,0.008291815033289468,0.007325995185068142,0.4829099241106625,gbrt:dm_only
2012-08,0.00567957042688769,0.004842863367437313,0.41835352972518847,gbrt:dm_only
2012-09,-0.0005638731369278427,-0.0014367094905957192,0.4364181768339382,gbrt:dm_only
2012-10,0.0012630095504164022,0.00022021305654395843,0.5213982469362218,gbrt:dm_only
2012-11,0.006272816304371656,0.00523331410990261,0.5197510972345234,gbrt:dm_only
2012-12,-0.0016863524244060588,-0.0026167889514430503,0.46521826351849566,gbrt:dm_only
2013-01,0.003502971139123606,0.002580358142529661,0.46130649829697223,gbrt:dm_only
2013-02,0.005568626274819877,0.004605132351324629,0.4817469617476242,gbrt:dm_only
2013-03,0.00690098701075912,0.006000396917217387,0.45029504677086674,gbrt:dm_only
2013-04,0.013287883578234785,0.012465504453838296,0.4111895621982444,gbrt:dm_only
2013-05,0.0046323065176290005,0.003822011379143805,0.40514756924259737,gbrt:dm_only
2013-06,0.004714719479641835,0.003798573632540478,0.45807292355067813,gbrt:dm_only
2013-07,0.002688289979778919,0.0017600883469040002,0.4641008164374596,gbrt:dm_only
2013-08,0.0028564612327949684,0.0018994705571350559,0.47849533782995646,gbrt:dm_only
2013-09,-0.004719172032014407,-0.005665338632426327,0.47308330020596007,gbrt:dm_only
2013-10,0.00021979294697898198,-0.0007399102685531758,0.4798516077660787,gbrt:dm_only
2013-11,0.0020521257059228186,0.0011155504794453993,0.4682876132387097,gbrt:dm_only
2013-12,0.0032674234209243897,0.0024167250764787385,0.42534917222282576,gbrt:dm_only
2014-01,0.0012411259495740245,0.00039638692338860455,0.4223695130927098,gbrt:dm_only
2014-02,0.004053023905722881,0.0031467189829967115,0.4531524613630844,gbrt:dm_only
2014-03,-0.0009538984780947543,-0.0018350989421922236,0.4406002320487346,gbrt:dm_only
2014-04,0.005512525064223231,0.004489177013382313,0.5116740254204594,gbrt:dm_only
2014-05,0.004951666830467274,0.004028323850682137,0.46167148989256895,gbrt:dm_only
2014-06,0.0017674444140574742,0.0008629600487558529,0.45224218265081073,gbrt:dm_only
2014-07,-0.0024585040727599272,-0.0033183453345796573,0.42992063090986515,gbrt:dm_only
2014-08,0.0023803340289917244,0.0012766884555844402,0.5518227867036419,gbrt:dm_only
2014-09,-0.001266228767700323,-0.002200150260010682,0.4669607461551796,gbrt:dm_only
2014-10,0.004603319240061159,0.0036267417359779975,0.48828875204158095,gbrt:dm_only
2014-11,0.00941234387252355,0.008413216974611063,0.4995634489562428,gbrt:dm_only
2014-12,0.012262360213276199,0.011375160594888087,0.443599809194057,gbrt:dm_only
2015-01,0.008273903398973966,0.007326754922486879,0.47357423824354344,gbrt:dm_only
2015-02,-0.00034268818054616044,-0.0014511476835353553,0.5542297514945975,gbrt:dm_only
2015-03,0.010365377230566944,0.009261705357796348,0.5518359363852987,gbrt:dm_only
2015-04,-0.012682595110380078,-0.013726873286788,0.5221390882039605,gbrt:dm_only
2015-05,0.0001539133342301286,-0.001145089963214424,0.6495016487222763,gbrt:dm_only
2015-06,0.00479747525059786,0.003594573928176033,0.6014506612109135,gbrt:dm_only
2015-07,0.010570737398115135,0.00962538756544565,0.47267491633474323,gbrt:dm_only
2015-08,0.010404510126153302,0.009440574362329368,0.4819678819119667,gbrt:dm_only
2015-09,0.0055581803254846195,0.004685169813021779,0.4365052562314209,gbrt:dm_only
2015-10,-0.0072611347598707954,-0.008205834044940305,0.47234964253475475,gbrt:dm_only
2015-11,0.003708305765430095,0.002534525824990567,0.5868899702197643,gbrt:dm_only
2015-12,0.00041259081355262404,-0.0006703590015867915,0.5414749075697077,gbrt:dm_only
2016-01,0.002626344066597332,0.0015280357684212826,0.5491541490880248,gbrt:dm_only
2016-02,-0.002929030153792614,-0.004079229518527928,0.575099682367657,gbrt:dm_only
2016-03,-0.006836646013946941,-0.008097534435659302,0.6304442108561804,gbrt:dm_only
2016-04,0.004044628359847917,0.0026922160590478585,0.6762061504000292,gbrt:dm_only
2016-05,0.002198585697531441,0.0009627360935092378,0.6179248020111017,gbrt:dm_only
2016-06,-0.0020106771536079226,-0.003228602418766429,0.6089626325792532,gbrt:dm_only
2016-07,-0.0011529690862990606,-0.002278304167238462,0.5626675404697009,gbrt:dm_only
2016-08,0.0050381264811882095,0.003815603523547617,0.6112614788202958,gbrt:dm_only
2016-09,0.005666133807476795,0.0045883358132272865,0.5388989971247542,gbrt:dm_only
2016-10,0.003202510859726427,0.0023561954774108684,0.42315769115777957,gbrt:dm_only
2016-11,-0.001852423083673355,-0.002882527853789655,0.5150523850581502,gbrt:dm_only
2016-12,0.000614693933178454,-0.0005475203301611586,0.5811071316698063,gbrt:dm_only
2017-01,0.00463244110213053,0.0035386768310458026,0.5468821355423634,gbrt:dm_only
2017-02,-0.0002535433999049365,-0.0013478555492342729,0.5471560746646682,gbrt:dm_only
2017-03,0.001129074146354703,7.454880554713263e-05,0.5272626704037852,gbrt:dm_only
2017-04,-0.001046745359815638,-0.002105606143420831,0.5294303918025968,gbrt:dm_only
2017-05,0.004101923788831665,0.003090784263020215,0.505569762905725,gbrt:dm_only
2017-06,-0.0002204906827523669,-0.0012536991010723268,0.5166042091599798,gbrt:dm_only
2017-07,0.004247917635520489,0.0031874360359682996,0.5302407997760944,gbrt:dm_only
2017-08,0.004026195766785082,0.003051537715879485,0.48732902545279877,gbrt:dm_only
2017-09,-0.0010122004430583359,-0.001908967598062556,0.4483835775021099,gbrt:dm_only
2017-10,0.005007045359617176,0.004075885186437529,0.46558008658982364,gbrt:dm_only
2017-11,0.002779124409203094,0.0017188223538260234,0.5301510276885353,gbrt:dm_only
2017-12,0.00476705963037295,0.003710663534799604,0.5281980477866733,gbrt:dm_only
2018-01,0.0019441697448331536,0.0008368611806403912,0.5536542820963811,gbrt:dm_only
2018-02,0.003145855251073871,0.0019139682696279116,0.6159434907229798,gbrt:dm_only
2018-03,0.0016777463666464466,0.0006276349195183363,0.5250557235640553,gbrt:dm_only
2018-04,0.0011997197735766562,0.0001460445676678381,0.5268376029544092,gbrt:dm_only
2018-05,0.003611244894764376,0.0025145543856230647,0.5483452545706556,gbrt:dm_only
2018-06,0.0032494141896442673,0.002214968589991232,0.5172227998265174,gbrt:dm_only
2018-07,0.0018519130041970207,0.0009330716758354042,0.4594206641808082,gbrt:dm_only
2018-08,0.007285182310503444,0.006286279154877904,0.4994515778127701,gbrt:dm_only
2018-09,0.014778424309865496,0.013790360753574444,0.4940317781455253,gbrt:dm_only
2018-10,0.003392793012634479,0.0024008881790484765,0.49595241679300095,gbrt:dm_only
2018-11,-0.003274078329116099,-0.0043111687188972314,0.518545194890567,gbrt:dm_only
2018-12,0.006006379139637048,0.0047108102026751485,0.6477844684809498,gbrt:dm_only
2019-01,-0.004366494907293299,-0.005441474856324164,0.5374899745154326,gbrt:dm_only
2019-02,-0.006530770058581092,-0.007861468260953313,0.6653491011861106,gbrt:dm_only
2019-03,0.0052647781945713385,0.00403114402120946,0.616817086680939,gbrt:dm_only
2019-04,0.0019288007063269442,0.0009412276451458055,0.49378653059056954,gbrt:dm_only
2019-05,0.0006703448128688897,-0.0003613735653009251,0.5158591890849074,gbrt:dm_only
2019-06,0.0021316940888080264,0.0009468711840813084,0.592411452363359,gbrt:dm_only
2019-07,0.005731068238315697,0.0046529270449357975,0.5390705966899493,gbrt:dm_only
2019-08,0.0006979376347285888,-0.000302682985859832,0.5003103102942105,gbrt:dm_only
2019-09,-0.004404090870731311,-0.005529628858199596,0.5627689937341424,gbrt:dm_only
2019-10,0.0034048220103182233,0.0021985376811732775,0.6031421645724727,gbrt:dm_only
2019-11,-0.0012907889997188428,-0.0023557560000713545,0.5324835001762558,gbrt:dm_only
2019-12,0.004019260948874565,0.0027879857035172447,0.6156376226786603,gbrt:dm_only
2020-01,0.007283426065277019,0.0062440544270883636,0.5196858190943272,gbrt:dm_only
2020-02,0.0094555888747695,0.008398660752907364,0.5284640609310683,gbrt:dm_only
2020-03,0.014459570800066865,0.013527066471135834,0.46625216446551626,gbrt:dm_only
2020-04,-0.02092459679891978,-0.02237448264189518,0.7249429214877003,gbrt:dm_only
2020-05,-0.002018194415094767,-0.003921203977973932,0.9515047814395824,gbrt:dm_only
2020-06,-0.0028133689899868856,-0.0044075530519034276,0.7970920309582712,gbrt:dm_only
2020-07,0.005803067293344902,0.004277827424431137,0.7626199344568834,gbrt:dm_only
2020-08,-0.0021044920839613274,-0.0035255488114826795,0.7105283637606763,gbrt:dm_only
2020-09,-0.0014050143751851481,-0.00277942267368681,0.6872041492508313,gbrt:dm_only
2020-10,0.0036353696160703864,0.002160399129116979,0.7374852434767033,gbrt:dm_only
2020-11,-0.021814017723060117,-0.023098571303883427,0.6422767904116541,gbrt:dm_only
2020-12,0.007266498134417016,0.0052720380624541084,0.9972300359814538,gbrt:dm_only
2021-01,-6.767492155841063e-05,-0.0016842979735719663,0.8083115260067778,gbrt:dm_only
2021-02,0.004725224643859897,0.003335231852169848,0.6949963958450246,gbrt:dm_only
2021-03,0.005219949617462639,0.0038270890075459128,0.6964303049583637,gbrt:dm_only
2021-04,0.0030537606153170204,0.0017193173928596393,0.6672216112286907,gbrt:dm_only
2021-05,0.003421926352154134,0.002038807935825391,0.6915592081643717,gbrt:dm_only
2021-06,-0.0025197941901019,-0.003770861444285525,0.6255336270918123,gbrt:dm_only
2021-07,0.00203635129760253,0.000814392212979699,0.6109795423114154,gbrt:dm_only
2021-08,-0.0020362023461734037,-0.003276170813471416,0.6199842336490059,gbrt:dm_only
2021-09,0.007613058756113098,0.006327026811044289,0.6430159725344046,gbrt:dm_only
2021-10,0.001981851563706101,0.0007783442895620054,0.6017536370720478,gbrt:dm_only
2021-11,0.0046099988516358804,0.003432072555213132,0.588963148211374,gbrt:dm_only
2021-12,0.00909705070611686,0.0077512465427438644,0.6729020816864978,gbrt:dm_only
2022-01,0.01018598004069613,0.00905655666978481,0.5647116854556595,gbrt:dm_only
2022-02,0.008904214623029727,0.007846250488685457,0.5289820671721344,gbrt:dm_only
2022-03,0.008688165934641523,0.007569610013606626,0.5592779605174487,gbrt:dm_only
2022-04,0.012538629062456261,0.011573593564930491,0.4825177487628852,gbrt:dm_only
2022-05,0.004718999552056771,0.003797103291148285,0.46094813045424277,gbrt:dm_only
2022-06,0.0024623504995903212,0.0014393853199021769,0.5114825898440721,gbrt:dm_only
2022-07,-0.005263715151977732,-0.006349401732319191,0.5428432901707294,gbrt:dm_only
2022-08,-0.0006764829413930551,-0.0017795283609077415,0.5515227097573432,gbrt:dm_only
2022-09,0.00522140381197981,0.004123186789069006,0.5491085114554014,gbrt:dm_only
2022-10,0.004450115239117324,0.0033859707380502068,0.5320722505335586,gbrt:dm_only
2022-11,-0.0068467944253096606,-0.007974712237727543,0.5639589062089413,gbrt:dm_only
2022-12,0.0023825802288347697,0.0011037526510518539,0.6394137888914583,gbrt:dm_only
2023-01,0.0003820603087385089,-0.0008514353641685426,0.6167478364535257,gbrt:dm_only
2023-02,0.006275554688926635,0.005145645091996931,0.5649547984648526,gbrt:dm_only
2023-03,0.00336553606577398,0.0024120244751397253,0.4767557953171277,gbrt:dm_only
2023-04,0.0004893054450379748,-0.000542703410368014,0.5160044277029944,gbrt:dm_only
2023-05,-0.0015367943866048208,-0.0024553807298975552,0.45929317164636724,gbrt:dm_only
2023-06,0.0021442066626484843,0.001091027540869522,0.5265895608894812,gbrt:dm_only
2023-07,0.003397794147030198,0.0022959844505718815,0.5509048482291582,gbrt:dm_only
2023-08,0.0020138264502612083,0.0009787328573057467,0.5175467964777306,gbrt:dm_only
2023-09,0.010482320439297255,0.009476125079204917,0.5030976800461686,gbrt:dm_only
2023-10,0.007469679537104581,0.006576852387606754,0.4464135747489133,gbrt:dm_only
2023-11,-0.008660866318828599,-0.009666925064431212,0.5030293728013062,gbrt:dm_only
2023-12,0.00423420105698654,0.0031221814847009876,0.5560097861427766,gbrt:dm_only
2024-01,0.010291460404755778,0.009250820907866416,0.5203197484446808,gbrt:dm_only
2024-02,0.0004540899863591238,-0.0005588607944278675,0.5064753903934954,gbrt:dm_only
2024-03,0.003278773675372993,0.0022176926077442025,0.5305405338143953,gbrt:dm_only
2024-04,-0.0002829390237699686,-0.001358719626440367,0.5378903013351992,gbrt:dm_only
2024-05,0.00168397399519379,0.0005941485198625286,0.5449127376656308,gbrt:dm_only
2024-06,-0.0006655694774054471,-0.001706275870813783,0.5203531967041678,gbrt:dm_only
2024-07,0.0005122245927349125,-0.0004918640302422414,0.502044311488577,gbrt:dm_only
2024-08,0.003592012313556044,0.002573159575024187,0.5094263692659284,gbrt:dm_only
2024-09,0.00017370667629298457,-0.0007758100216498951,0.47475834897143976,gbrt:dm_only
2024-10,0.0053806813325468624,0.004381203366737028,0.4997389829049174,gbrt:dm_only
2024-11,0.010524533093146103,0.009538606545881722,0.49296327363219095,gbrt:dm_only
2024-12,0.0021761390533679937,0.0012201806388112979,0.4779792072783479,gbrt:dm_only
2025-01,0.0014856886432246842,0.0006025626967788193,0.44156297322293253,gbrt:dm_only
2025-02,0.004098674179936138,0.003178811979941863,0.4599310999971376,gbrt:dm_only
2025-03,0.005966633857143153,0.005093934923408989,0.4363494668670825,gbrt:dm_only
2025-04,-0.0014206876012172979,-0.0022122197447287614,0.3957660717557317,gbrt:dm_only
2025-05,-0.000776854544229814,-0.001712242415882978,0.4676939358265821,gbrt:dm_only
2025-06,-0.0002884295796876084,-0.0011966034565947055,0.45408693845354836,gbrt:dm_only
2025-07,-0.001352678315086909,-0.0021934842205996907,0.4204029527563909,gbrt:dm_only
2025-08,0.00410805056137156,0.003099973595818652,0.5040384827764536,gbrt:dm_only
2025-09,0.004383703927208476,0.003393442805585697,0.4951305608113896,gbrt:dm_only
2025-10,0.007756298957316518,0.006780089910530183,0.48810452339316746,gbrt:dm_only
2025-11,0.0020244288549761368,0.000907796721416932,0.5583160667796023,gbrt:dm_only
2025-12,0.010998140055565077,0.009955447650645226,0.5213462024599258,gbrt:dm_only
2000-01,0.01365914984341636,0.01365914984341636,0.0,gbrt:own
2000-02,0.007554124146132992,0.005782072558466465,0.8860257938332636,gbrt:own
2000-03,-0.009512680510210831,-0.011327575088233472,0.9074472890113209,gbrt:own
2000-04,0.0019409883686185806,0.00013188791684936836,0.904550225884606,gbrt:own
2000-05,0.0025799200243715502,0.0008575656250307293,0.8611771996704105,gbrt:own
2000-06,-0.0006523901890369371,-0.0025430525782067677,0.9453311945849151,gbrt:own
2000-07,0.0002456025826226381,-0.0015770626090107925,0.9113325958167152,gbrt:own
2000-08,-0.0057471708951894905,-0.007338927605023006,0.7958783549167567,gbrt:own
2000-09,0.0007723585394213227,-0.0009935698112364607,0.8829641753288916,gbrt:own
2000-10,0.0015904790991645046,-0.00020274445417142896,0.8966117766679668,gbrt:own
2000-11,0.004830208920932072,0.003264374883610789,0.782917018660641,gbrt:own
2000-12,-0.005612520616293177,-0.007417539945364811,0.9025096645358165,gbrt:own
2001-01,-0.0020376721921949482,-0.003972634267332152,0.9674810375686016,gbrt:own
2001-02,0.010508190278765511,0.00871568287491448,0.8962537019255151,gbrt:own
2001-03,0.013757825367926607,0.011576483735321323,1.0906708163026417,gbrt:own
2001-04,-0.0026487184457055692,-0.004123389599869113,0.7373355770817714,gbrt:own
2001-05,0.006213065026551402,0.00460687918106833,0.8030929227415358,gbrt:own
2001-06,-0.006313891791704805,-0.007891771007100862,0.7889396076980283,gbrt:own
2001-07,0.0055759422880418096,0.004024396821344643,0.775772733348583,gbrt:own
2001-08,-0.003341686080525653,-0.004685727141804822,0.6720205306395848,gbrt:own
2001-09,0.01002098528589499,0.008510796814051405,0.7550942359217913,gbrt:own
2001-10,-0.007027984140540992,-0.008498014622103168,0.7350152407810882,gbrt:own
2001-11,-0.004439900531663507,-0.006163557225770751,0.8618283470536223,gbrt:own
2001-12,0.005442659087036452,0.003461965249291547,0.990346918872452,gbrt:own
2002-01,-0.0032624571486754347,-0.005249700770643033,0.9936218109837989,gbrt:own
2002-02,0.005308107837599555,0.00390951730227096,0.6992952676642978,gbrt:own
2002-03,-0.0024130973250993623,-0.0038676875130562597,0.7272950939784487,gbrt:own
2002-04,0.010884709179220419,0.009380444854288364,0.7521321624660271,gbrt:own
2002-05,0.0032581280959283806,0.0017105913908810045,0.773768352523688,gbrt:own
2002-06,0.0038846130671458057,0.002615351311650176,0.6346308777478149,gbrt:own
2002-07,-0.002871020227731119,-0.004105447927423735,0.6172138498463077,gbrt:own
2002-08,0.0035515046945695707,0.002182783733704793,0.6843604804323891,gbrt:own
2002-09,0.007472890293454342,0.006301437880768791,0.5857262063427754,gbrt:own
2002-10,0.004885862879049654,0.0037523337969890074,0.566764541030323,gbrt:own
2002-11,-0.0013123507223655932,-0.0026936505616758,0.6906499196551035,gbrt:own
2002-12,0.0017940577171824711,0.0005477590182921788,0.6231493494451461,gbrt:own
2003-01,0.0014476071552295899,0.0003269027820737805,0.5603521865779048,gbrt:own
2003-02,0.0003653011968119286,-0.0008093479298663475,0.5873245633391381,gbrt:own
2003-03,0.007317717679695721,0.006265422908608491,0.5261473855436151,gbrt:own
2003-04,9.232489990746644e-05,-0.0010444163110228258,0.5683706054651461,gbrt:own
2003-05,0.0023270100460020134,0.0013567331876660864,0.48513842916796385,gbrt:own
2003-06,0.00467981380338551,0.0036948596313293026,0.49247708602810364,gbrt:own
2003-07,0.0073119375822049675,0.0063639085316119035,0.4740145252965314,gbrt:own
2003-08,0.006327221830177745,0.00540907691184264,0.4590724591675526,gbrt:own
2003-09,0.0026558063827136122,0.0015918931655187953,0.5319566085974088,gbrt:own
2003-10,0.010227408469918101,0.009241073003580569,0.4931677331687667,gbrt:own
2003-11,0.0041015148106816725,0.0029482474125942905,0.5766336990436908,gbrt:own
2003-12,0.0016692453265351001,0.000507558537874073,0.5808433943305137,gbrt:own
2004-01,0.002417660306252773,0.001383369236091897,0.517145535080438,gbrt:own
2004-02,0.005840096404225174,0.004576088927499581,0.6320037383627959,gbrt:own
2004-03,0.00525391149056476,0.004347983422302649,0.4529640341310554,gbrt:own
2004-04,-0.00020207547425330012,-0.0010970767304821173,0.44750062811440844,gbrt:own
2004-05,0.0009625857415071129,-5.5821149115084775e-05,0.509203445311099,gbrt:own
2004-06,0.007468391571065571,0.00642311449929088,0.5226385358873459,gbrt:own
2004-07,0.008775391065904466,0.007882614300378833,0.44638838276281584,gbrt:own
2004-08,0.006130731464621282,0.005380696090269881,0.3750176871757003,gbrt:own
2004-09,0.004524541098154134,0.003699297083727828,0.412622007213153,gbrt:own
2004-10,0.0037946730588479163,0.002936277546093133,0.42919775637739177,gbrt:own
2004-11,0.008701609625538054,0.007908407761150081,0.3966009321939865,gbrt:own
2004-12,0.009912954714503961,0.00882716289653492,0.5428959089845206,gbrt:own
2005-01,0.0009785001660242575,-9.695492565774102e-05,0.5377275458409992,gbrt:own
2005-02,0.007894374469594035,0.00701709925337502,0.4386376081095071,gbrt:own
2005-03,0.0004886135500754704,-0.0004101904746563513,0.449402012365911,gbrt:own
2005-04,0.008844632856708305,0.00810561372950313,0.3695095636025872,gbrt:own
2005-05,-0.006218049114625205,-0.006862821398650489,0.32238614201264165,gbrt:own
2005-06,-0.001560199355616121,-0.002360435796127616,0.4001182202557475,gbrt:own
2005-07,0.011303516715569947,0.010596698288684496,0.3534092134427252,gbrt:own
2005-08,0.0025646172979181298,0.0018766877095542994,0.34396479418191517,gbrt:own
2005-09,0.0036666142282049995,0.0029056108583608393,0.3805016849220797,gbrt:own
2005-10,-0.0016698865702861113,-0.0024599406382859196,0.39502703399990424,gbrt:own
2005-11,-0.002027039120487963,-0.00279757523634727,0.38526805792965374,gbrt:own
2005-12,-0.0006981929113624584,-0.0014871639850678534,0.3944855368526975,gbrt:own
2006-01,0.002379710306616326,0.0015409788628058757,0.41936572190522536,gbrt:own
2006-02,-6.810367789449501e-05,-0.0010729280522032336,0.5024121871543693,gbrt:own
2006-03,0.002542186480690334,0.0016394430380481325,0.4513717213211009,gbrt:own
2006-04,0.0047857499722025205,0.003986856198885388,0.3994468866585661,gbrt:own
2006-05,-0.001279727258244807,-0.0021468774597766687,0.43357510076593075,gbrt:own
2006-06,0.004587452077070464,0.0037932770060352733,0.3970875355175957,gbrt:own
2006-07,0.0028982062067910127,0.0021371030515842104,0.38055157760340125,gbrt:own
2006-08,-0.0006236235528015149,-0.0015113620528708314,0.4438692500346584,gbrt:own
2006-09,-0.0015580408340472864,-0.00245180549519621,0.446882330574462,gbrt:own
2006-10,-0.0017226983329667858,-0.002477312812262765,0.37730723964798973,gbrt:own
2006-11,0.005691577711615301,0.004807915043170059,0.44183133422262133,gbrt:own
2006-12,-0.00027756610743062226,-0.0011026076106480636,0.41252075160872087,gbrt:own
2007-01,0.004800532189408817,0.003949950582340877,0.42529080353397,gbrt:own
2007-02,-0.00038879120003585565,-0.0013070101254137223,0.45910946268893343,gbrt:own
2007-03,0.006679615795585718,0.005838665887635264,0.42047495397522655,gbrt:own
2007-04,0.0018178058002328696,0.0009360139875749182,0.44089590632897585,gbrt:own
2007-05,0.0011045817873750554,0.00014802048940422627,0.4782806489854147,gbrt:own
2007-06,-0.0011228303361594124,-0.0020486667268165303,0.462918195328559,gbrt:own
2007-07,0.0004007487619037695,-0.0005949433925432313,0.4978460772235003,gbrt:own
2007-08,0.004112452361517513,0.0031529512108318244,0.479750575342844,gbrt:own
2007-09,0.0014709417641480566,0.0005762847944045561,0.44732848487175003,gbrt:own
2007-10,0.013559589759782867,0.012604680142737853,0.47745480852250716,gbrt:own
2007-11,0.0057943880301196665,0.0049570730164446315,0.41865750683751723,gbrt:own
2007-12,0.003507234092426795,0.0025883380287588125,0.45944803183399135,gbrt:own
2008-01,0.0017778594391726688,0.0007462680400011736,0.5157956995857477,gbrt:own
2008-02,0.006830451753642222,0.00580760832799329,0.5114217128244659,gbrt:own
2008-03,0.00957909075104151,0.00854334341526407,0.5178736678887199,gbrt:own
2008-04,0.0032182202961012728,0.002276380265119807,0.47092001549073326,gbrt:own
2008-05,0.001314587437744735,0.00021741389085596708,0.548586773444384,gbrt:own
2008-06,0.012526719609233395,0.011487433828782187,0.5196428902256037,gbrt:own
2008-07,-0.0041022696677368575,-0.005120403199815066,0.5090667660391042,gbrt:own
2008-08,0.008626066449482536,0.0073279362286841196,0.6490651103992086,gbrt:own
2008-09,0.011925805692611237,0.010927481442096942,0.49916212525714754,gbrt:own
2008-10,0.02471726043807238,0.023605320599993183,0.5559699190395971,gbrt:own
2008-11,0.006710552500297341,0.005360339159668753,0.6751066703142942,gbrt:own
2008-12,-0.003563868440291404,-0.005210512293642917,0.8233219266757561,gbrt:own
2009-01,0.00200173777575613,0.0002541153159696145,0.8738112298932578,gbrt:own
2009-02,0.0030775477184292873,0.0015530180239398876,0.7622648472446996,gbrt:own
2009-03,-0.001055776431135406,-0.0022755353547044463,0.6098794617845202,gbrt:own
2009-04,-0.014734931034303646,-0.0159933529487286,0.6292109572124774,gbrt:own
2009-05,-0.004324315016326397,-0.005692340925225867,0.6840129544497352,gbrt:own
2009-06,-0.0007345373869997558,-0.0020812287346282355,0.6733456738142399,gbrt:own
2009-07,0.0012848095271578007,-1.2588017772455478e-05,0.6486987724651281,gbrt:own
2009-08,0.0012859429794501128,3.4977724821196085e-05,0.6254826273144584,gbrt:own
2009-09,0.0014112601675125706,0.0003770294730695922,0.5171153472214891,gbrt:own
2009-10,0.001608551558040415,0.0004901908830226823,0.5591803375088664,gbrt:own
2009-11,0.006900018176308422,0.005772894502407955,0.5635618369502332,gbrt:own
2009-12,0.0007751840071120658,-0.00024375821406906503,0.5094711105905654,gbrt:own
2010-01,-0.0037483907870293743,-0.004850117479537375,0.5508633462540006,gbrt:own
2010-02,0.0016991413010535197,0.0006907084164655856,0.5042164422939672,gbrt:own
2010-03,0.00039225138517455776,-0.0005152743869119754,0.45376288604326664,gbrt:own
2010-04,0.0037854627109880474,0.0028335481237756308,0.4759572936062084,gbrt:own
2010-05,0.004566328085587537,0.0034530379428868224,0.5566450713503567,gbrt:own
2010-06,0.002983410919102459,0.0021022337375025363,0.4405885907999615,gbrt:own
2010-07,0.006481560604034925,0.005707127523262059,0.3872165403864328,gbrt:own
2010-08,0.0052706988523871165,0.004441941826965551,0.41437851271078285,gbrt:own
2010-09,0.0001068623498306601,-0.0007248829315536321,0.415872640692146,gbrt:own
2010-10,0.005703739832876691,0.0048218052236575736,0.4409673046095589,gbrt:own
2010-11,0.0077650400238568045,0.006853612381600521,0.45571382112814207,gbrt:own
2010-12,0.0040826025520813575,0.0031748566345561912,0.4538729587625826,gbrt:own
2011-01,0.005102140141458947,0.004189316482795266,0.4564118293318408,gbrt:own
2011-02,0.002425677459403769,0.0015773614080069236,0.424158025698423,gbrt:own
2011-03,0.002974844049124849,0.0021671842301133667,0.40382990950574116,gbrt:own
2011-04,0.006853342534232412,0.006090953756140152,0.3811943890461298,gbrt:own
2011-05,0.005517125717613324,0.004824784626584808,0.34617054551425785,gbrt:own
2011-06,0.0056137522894256185,0.0049287096931837525,0.3425212981209332,gbrt:own
2011-07,0.007940613987020766,0.0072909849356388905,0.3248145256909384,gbrt:own
2011-08,0.011156712489299649,0.010459554492979166,0.3485789981602422,gbrt:own
2011-09,0.011754721763949484,0.011051295117868405,0.35171332304053915,gbrt:own
2011-10,-0.010950074661961167,-0.011785015406579828,0.41747037230932954,gbrt:own
2011-11,0.010850044524238668,0.00979906521428603,0.5254896549763189,gbrt:own
2011-12,0.0035819089494289577,0.0026455407870549087,0.46818408118702426,gbrt:own
2012-01,-0.00918377492222357,-0.009998542759113186,0.40738391844480887,gbrt:own
2012-02,0.0007060290553642099,-0.0001712234505201356,0.43862625294217295,gbrt:own
2012-03,0.005894522787727949,0.0051807320777519815,0.3568953549879839,gbrt:own
2012-04,0.004342824643981647,0.0036591510758445466,0.34183678406855034,gbrt:own
2012-05,0.007289332760633827,0.006540082577221695,0.3746250917060662,gbrt:own
2012-06,0.004896939155482431,0.0042077153550877325,0.3446119001973491,gbrt:own
2012-07,0.007972236873032364,0.0071850286366194425,0.3936041182064606,gbrt:own
2012-08,0.006152382611309606,0.00544726270738101,0.3525599519642978,gbrt:own
2012-09,-0.0019140408897945194,-0.0027149210827215487,0.4004400964635147,gbrt:own
2012-10,0.0015258646702127803,0.0006347459376330268,0.44555936628987675,gbrt:own
2012-11,0.006848770407640424,0.006023143588485912,0.4128134095772558,gbrt:own
2012-12,-0.0007131393065652438,-0.0014138418370470286,0.3503512652408924,gbrt:own
2013-01,0.004127802745128632,0.0033845241845767778,0.37163928027592724,gbrt:own
2013-02,0.006048210446308075,0.005244893114570417,0.40165866586882926,gbrt:own
2013-03,0.006989521895026224,0.0063045917686416755,0.342465063192274,gbrt:own
2013-04,0.011598520755473882,0.011007634247395417,0.2954432540392326,gbrt:own
2013-05,0.0036713653304303894,0.0030094214329941514,0.3309719487181189,gbrt:own
2013-06,0.0036994659047200743,0.0029381188902885564,0.380673507215759,gbrt:own
2013-07,0.0033067893242889664,0.00257122455280459,0.3677823857421879,gbrt:own
2013-08,0.0037585923041143095,0.002993163607564545,0.38271434827488215,gbrt:own
2013-09,-0.0036743509546942462,-0.004417539665554862,0.37159435543030755,gbrt:own
2013-10,-0.0002792504135482434,-0.0011097693603988818,0.41525947342531916,gbrt:own
2013-11,0.0011511461082333503,0.00037664137889170446,0.38725236467082286,gbrt:own
2013-12,0.0035376147007434716,0.0028400623234362044,0.34877618865363363,gbrt:own
2014-01,0.002113049034338118,0.0013653826498380714,0.3738331922500233,gbrt:own
2014-02,0.0032026852593633076,0.0024500998861069815,0.37629268662816306,gbrt:own
2014-03,-0.0018765265714619432,-0.0025688647004011634,0.3461690644696105,gbrt:own
2014-04,0.005463807220903698,0.004677835402548578,0.39298590917756054,gbrt:own
2014-05,0.002741351958153991,0.002061325952813022,0.3400130026704844,gbrt:own
2014-06,0.00234632227032876,0.001639616006114392,0.35335313210718394,gbrt:own
2014-07,0.0006643837336698337,7.800843908334573e-05,0.293187647293244,gbrt:own
2014-08,0.0012246548631437437,0.0005037060843935108,0.36047438937511633,gbrt:own
2014-09,-0.0018409730846008128,-0.002494948921956939,0.3269879186780629,gbrt:own
2014-10,0.005922233335982239,0.005246532699808969,0.3378503180866349,gbrt:own
2014-11,0.00810846458774008,0.007448331689527273,0.33006644910640376,gbrt:own
2014-12,0.009861657375733971,0.009265831930755758,0.29791272248910644,gbrt:own
2015-01,0.009297397817158886,0.008640238094105912,0.3285798615264876,gbrt:own
2015-02,0.0023638859170546722,0.0015569764116148271,0.40345475271992254,gbrt:own
2015-03,0.006014034344270066,0.005273300339580973,0.3703670023445471,gbrt:own
2015-04,-0.005998937108137529,-0.006780799679505007,0.3909312856837388,gbrt:own
2015-05,0.0031438955802942986,0.0022374406558147318,0.45322746223978316,gbrt:own
2015-06,0.006575416423388093,0.0057515118460850475,0.41195228865152317,gbrt:own
2015-07,0.010490940460196019,0.00990452198347266,0.2932092383616792,gbrt:own
2015-08,0.010747204894986293,0.010103086917286423,0.32205898884993445,gbrt:own
2015-09,0.005655707255591192,0.005029416009463141,0.3131456230640254,gbrt:own
2015-10,-0.0072991564101372985,-0.007991562340357085,0.3462029651098927,gbrt:own
2015-11,0.00482728920771767,0.004034046827109504,0.3966211903040833,gbrt:own
2015-12,0.0007824416204894006,2.7314982981771094e-05,0.37756331875381455,gbrt:own
2016-01,0.0011263110543667616,0.0004165001994245421,0.3549054274711097,gbrt:own
2016-02,-0.00314660793055649,-0.0038721660511148643,0.3627790602791866,gbrt:own
2016-03,-0.011769420240849666,-0.012542911692343098,0.3867457257467159,gbrt:own
2016-04,0.0027304248490818512,0.0019072477618445778,0.4115885436186364,gbrt:own
2016-05,0.004016521337156529,0.003278830152223875,0.3688455924663264,gbrt:own
2016-06,-0.0017479261053432126,-0.002416355670956251,0.3342147828065191,gbrt:own
2016-07,0.00038952293606936216,-0.00026307581645972826,0.32629937626454514,gbrt:own
2016-08,0.004948053940785609,0.00420696746302666,0.37054323887947466,gbrt:own
2016-09,0.0019106620643652176,0.0011323273589629685,0.38916735270112457,gbrt:own
2016-10,0.003760628608957799,0.003143296361281087,0.308666123838356,gbrt:own
2016-11,0.0021805271481208136,0.001557331483484919,0.31159783231794735,gbrt:own
2016-12,0.001355609782246725,0.0005830321380312811,0.3862888221077221,gbrt:own
2017-01,0.007377288584760914,0.006661358085748014,0.3579652495064504,gbrt:own
2017-02,-0.0016053332939369356,-0.0022189581367395446,0.30681242140130416,gbrt:own
2017-03,0.00423925387570777,0.0036396892979850964,0.29978228886133734,gbrt:own
2017-04,0.000820519394014807,0.00023248877435693408,0.29401530982893664,gbrt:own
2017-05,0.00495496781105698,0.0042750265074064115,0.3399706518252844,gbrt:own
2017-06,-0.000955175729339431,-0.0016302116301062084,0.33751795038338883,gbrt:own
2017-07,0.005246703221666878,0.004557176734114903,0.3447632437759867,gbrt:own
2017-08,0.0030464768200091593,0.0024773900344068935,0.2845433928011329,gbrt:own
2017-09,0.0009623916124020201,0.00042935970669683666,0.2665159528525918,gbrt:own
2017-10,0.005341645782331281,0.004815529722050379,0.2630580301404505,gbrt:own
2017-11,0.0036638434588488747,0.0030073057413962526,0.328268858726311,gbrt:own
2017-12,0.0036790375937593317,0.003059698317811152,0.30966963797408964,gbrt:own
2018-01,0.0029622286779904562,0.002286439322598108,0.337894677696174,gbrt:own
2018-02,0.004178952639110113,0.003493956561714822,0.342498038697645,gbrt:own
2018-03,0.0013817450057166418,0.0007196430350229339,0.3310509853468538,gbrt:own
2018-04,0.003067863137473037,0.0024127986036026907,0.3275322669351733,gbrt:own
2018-05,0.006108669780747203,0.005354350861323023,0.3771594597120899,gbrt:own
2018-06,0.004194550538819252,0.0034896028284881835,0.3524738551655344,gbrt:own
2018-07,0.002690905052596324,0.0020730536639667263,0.3089256943147988,gbrt:own
2018-08,0.005151109200084142,0.00448191553266978,0.3345968337071811,gbrt:own
2018-09,0.005238590748277706,0.004578321904099679,0.33013442208901395,gbrt:own
2018-10,0.0008832344024920215,0.0002585791755813716,0.31232761345532495,gbrt:own
2018-11,0.0017923186691053915,0.0011405554899431285,0.32588158958113184,gbrt:own
2018-12,0.0017222357382064588,0.0009731670082966927,0.3745343649548831,gbrt:own
2019-01,-0.00048252963338850466,-0.0012186176513943325,0.3680440090029137,gbrt:own
2019-02,0.005373965517385284,0.004526175509128685,0.4238950041282998,gbrt:own
2019-03,0.0034220146600724786,0.0027193180364425184,0.3513483118149802,gbrt:own
2019-04,0.0027351673644700914,0.0021344475558160406,0.3003599043270252,gbrt:own
2019-05,0.0029710504222197026,0.0023735852896122835,0.29873256630370953,gbrt:own
2019-06,0.004369271670330914,0.0037169731524522966,0.3261492589393089,gbrt:own
2019-07,0.005313082222425745,0.004743916112122704,0.2845830551515201,gbrt:own
2019-08,0.0010257160126490902,0.00045230633754524146,0.28670483755192433,gbrt:own
2019-09,-0.0018878799156491124,-0.0025225850655123667,0.3173525749316272,gbrt:own
2019-10,0.0009017104334114507,0.00025743707782350855,0.3221366777939711,gbrt:own
2019-11,-0.001282624549261214,-0.0018833881024491715,0.30038177659397897,gbrt:own
2019-12,0.004779868516425624,0.0041112322472115275,0.3343181346070481,gbrt:own
2020-01,0.0054714393132429704,0.004870932796734367,0.3002532582543013,gbrt:own
2020-02,0.008647559435919333,0.007959302615858985,0.34412841003017336,gbrt:own
2020-03,0.007461189042708966,0.00687288232276839,0.29415335997028796,gbrt:own
2020-04,-0.010223897176127006,-0.011110290457547892,0.44319664071044246,gbrt:own
2020-05,-0.0007661093207081589,-0.0017157334796023534,0.4748120794470974,gbrt:own
2020-06,-0.0021415111286292067,-0.0029592951436463195,0.4088920075085564,gbrt:own
2020-07,-0.0005362205184549607,-0.0013650755942779364,0.41442753791148784,gbrt:own
2020-08,-0.006677441398071464,-0.007493407934949262,0.40798326843889937,gbrt:own
2020-09,0.00042207654944709434,-0.00033067852838856955,0.37637753891783204,gbrt:own
2020-10,0.002075223206942431,0.0012734647056423913,0.4008792506500198,gbrt:own
2020-11,-0.013040423837000666,-0.01369581255040347,0.32769435670140196,gbrt:own
2020-12,0.0016578394361290462,0.0006207298956234054,0.5185547702528203,gbrt:own
2021-01,0.004305514073264474,0.0033132734727938555,0.49612030023530906,gbrt:own
2021-02,0.00014806337794422364,-0.0006592223790942898,0.40364287851925673,gbrt:own
2021-03,0.0015894620301989623,0.0007332074631820092,0.4281272835084767,gbrt:own
2021-04,0.00129996595158418,0.0003321627450358419,0.4839016032741692,gbrt:own
2021-05,0.004499275960972333,0.0036566132740949737,0.42133134343867923,gbrt:own
2021-06,-0.003884811313168817,-0.004603873101812986,0.359530894322084,gbrt:own
2021-07,0.00014561280835254705,-0.0005930089955443642,0.3693109019484555,gbrt:own
2021-08,0.0014655520084764272,0.0007348960184991151,0.36532799498865615,gbrt:own
2021-09,0.0061375655669471145,0.005414739428331555,0.3614130693077801,gbrt:own
2021-10,0.0016879564904411614,0.0009420564529251975,0.3729500187579818,gbrt:own
2021-11,0.004557452935135696,0.003872141779485037,0.34265557782532974,gbrt:own
2021-12,0.011630971566573965,0.01074118719347629,0.4448921865488377,gbrt:own
2022-01,0.012734853834564804,0.011972370224587376,0.381241804988714,gbrt:own
2022-02,0.0093734167032499,0.008517759240016324,0.42782873161678775,gbrt:own
2022-03,0.007828581046441402,0.006932292168321626,0.44814443905988816,gbrt:own
2022-04,0.011738506936307853,0.01093197170884757,0.4032676137301424,gbrt:own
2022-05,0.00344984013816762,0.0026787766088506863,0.385531764658467,gbrt:own
2022-06,0.00034676862561319364,-0.00042111241638170436,0.3839405209974492,gbrt:own
2022-07,-0.001982508082200214,-0.002788368281137554,0.40293009946866987,gbrt:own
2022-08,0.0006365754920469806,-0.00017281428600675496,0.40469488902686757,gbrt:own
2022-09,0.006747033147129919,0.0059303224307411286,0.4083553581943947,gbrt:own
2022-10,0.0027189661972119123,0.0019071815931421957,0.4058923020348584,gbrt:own
2022-11,-0.004054719865700629,-0.004910358986003337,0.4278195601513536,gbrt:own
2022-12,0.007452823287688923,0.006558274102457376,0.44727459261577335,gbrt:own
2023-01,0.001184021516005644,0.00033065699164570243,0.42668226217997063,gbrt:own
2023-02,0.003732660023851328,0.0028054100395675384,0.46362499214189473,gbrt:own
2023-03,0.004098777765364921,0.003380720688756556,0.3590285383041823,gbrt:own
2023-04,-0.0013184718172207111,-0.002108659538531774,0.39509386065553154,gbrt:own
2023-05,-0.0014498486830286385,-0.0021920147475191737,0.37108303224526745,gbrt:own
2023-06,0.0031732179472934285,0.002447114810790216,0.36305156825160606,gbrt:own
2023-07,0.003612046098528533,0.0028492270507433984,0.38140952389256716,gbrt:own
2023-08,0.0021030324121356536,0.0013333229358098346,0.38485473816290944,gbrt:own
2023-09,0.00873656127008625,0.007973140180348476,0.38171054486888667,gbrt:own
2023-10,0.00661333740124089,0.005961910612284225,0.3257133944783325,gbrt:own
2023-11,-0.006047267838833148,-0.006763623433452063,0.35817779730945754,gbrt:own
2023-12,0.004451193588904251,0.003684230200224904,0.3834816943396735,gbrt:own
2024-01,0.011082708712340166,0.010382222670687906,0.3502430208261304,gbrt:own
2024-02,0.0015551404958704467,0.000910176101707317,0.32248219708156484,gbrt:own
2024-03,0.003965431617524409,0.003245322675873266,0.36005447082557174,gbrt:own
2024-04,0.0017766059819480803,0.0010468660805044525,0.36486995072181383,gbrt:own
2024-05,0.003996966958534818,0.0033699458937239616,0.31351053240542776,gbrt:own
2024-06,0.001795502993474106,0.001096089512427395,0.3497067405233555,gbrt:own
2024-07,0.0012601934523623773,0.0005863329146791145,0.33693026884163135,gbrt:own
2024-08,0.0035060672814449995,0.0028028069395851394,0.35163017092992993,gbrt:own
2024-09,-0.0008502360421351694,-0.0014947927081128054,0.3222783329888179,gbrt:own
2024-10,0.004238998637484039,0.00354371153192657,0.3476435527787346,gbrt:own
2024-11,0.009084808465264868,0.008407015317384347,0.338896573940261,gbrt:own
2024-12,0.00256008734457399,0.0018893248083496393,0.3353812681121754,gbrt:own
2025-01,0.000978342889722939,0.00029421559519122125,0.34206364726585875,gbrt:own
2025-02,0.003988885318466318,0.0032198581522700303,0.3845135830981437,gbrt:own
2025-03,0.005488830808014999,0.004768270904262622,0.36027995187618855,gbrt:own
2025-04,-0.0013023718478852705,-0.0019709426602033393,0.3342854061590342,gbrt:own
2025-05,-0.0013216403621588227,-0.002017782695856038,0.34807116684860745,gbrt:own
2025-06,-0.0022928574380407106,-0.0029244295823866212,0.31578607217295523,gbrt:own
2025-07,-0.0014406222245391396,-0.002022767555137608,0.2910726652992342,gbrt:own
2025-08,0.002839199663858426,0.0021538834100510757,0.34265812690367503,gbrt:own
2025-09,0.005454379207627147,0.004766399323794415,0.3439899419163656,gbrt:own
2025-10,0.013256822112753596,0.012594887680064075,0.33096721634476123,gbrt:own
2025-11,0.002150039415002642,0.0014380566630636945,0.3559913759694736,gbrt:own
2025-12,0.008134724326288513,0.007438959806207313,0.3478822600406007,gbrt:own
2000-01,0.01315781176753175,0.01315781176753175,0.0,gbrt:pooled
2000-02,0.0058270951814446805,0.004039181352465592,0.8939569144895433,gbrt:pooled
2000-03,-0.0032117677131220344,-0.00507899802124451,0.9336151540612377,gbrt:pooled
2000-04,-0.001108385719612281,-0.003139425254049636,1.0155197672186773,gbrt:pooled
2000-05,0.0014809083306607457,-0.00037182415825214466,0.9263662444564453,gbrt:pooled
2000-06,-0.0017495815482438913,-0.0036627966916343777,0.9566075716952431,gbrt:pooled
2000-07,0.0014654423491676967,-0.0004193498012857606,0.9423960752267287,gbrt:pooled
2000-08,-0.005219019542409319,-0.0068823867892966305,0.8316836234436563,gbrt:pooled
2000-09,0.0005069397285528118,-0.001305768383568905,0.9063540560608582,gbrt:pooled
2000-10,0.003318308362552977,0.001622655961295107,0.8478262006289349,gbrt:pooled
2000-11,0.010111682486331755,0.008514952824927594,0.7983648307020814,gbrt:pooled
2000-12,-0.0006978724172760348,-0.002452887849701381,0.877507716212673,gbrt:pooled
2001-01,-0.004684865076478784,-0.006684172337005663,0.9996536302634389,gbrt:pooled
2001-02,0.0033573653605750964,0.0011090591471856735,1.1241531066947115,gbrt:pooled
2001-03,0.014378170594915802,0.011979761204734062,1.19920469509087,gbrt:pooled
2001-04,7.402921076650766e-05,-0.0018950174148237276,0.9845233127951174,gbrt:pooled
2001-05,0.006373789979101286,0.00453316084446814,0.9203145673165734,gbrt:pooled
2001-06,-0.011728150726899039,-0.013399116013566725,0.8354826433338441,gbrt:pooled
2001-07,0.009467624003526258,0.007656963642038803,0.9053301807437281,gbrt:pooled
2001-08,-0.004599353974143824,-0.0061789025335634955,0.7897742797098362,gbrt:pooled
2001-09,0.011490888922609825,0.009621736665709202,0.9345761284503111,gbrt:pooled
2001-10,-0.006720484594987991,-0.008424411032391228,0.8519632187016191,gbrt:pooled
2001-11,-0.0014480175472000166,-0.0035241081039521357,1.0380452783760599,gbrt:pooled
2001-12,0.005747535350726992,0.003434247784370253,1.1566437831783698,gbrt:pooled
2002-01,-0.0008336890474633682,-0.0028237092263413404,0.9950100894389862,gbrt:pooled
2002-02,0.011298380091693837,0.009783841560641058,0.7572692655263894,gbrt:pooled
2002-03,0.010728769694858654,0.009444329890289774,0.6422199022844395,gbrt:pooled
2002-04,0.014101167045938893,0.01280939198566426,0.6458875301373166,gbrt:pooled
2002-05,0.009477429635161402,0.00814813292482761,0.6646483551668968,gbrt:pooled
2002-06,0.008557058136366083,0.007269908700734732,0.6435747178156755,gbrt:pooled
2002-07,-0.0003165252458728801,-0.0015746730398304661,0.6290738969787932,gbrt:pooled
2002-08,-0.0008103642856053326,-0.0021866747096451677,0.6881552120199174,gbrt:pooled
2002-09,0.00786234407373606,0.006538137117696436,0.662103478019811,gbrt:pooled
2002-10,0.0037168134239287916,0.0024284237431114694,0.6441948404086619,gbrt:pooled
2002-11,-0.005039993113038079,-0.006605150676325093,0.7825787816435069,gbrt:pooled
2002-12,-0.0005684481535343866,-0.0019968668913290274,0.7142093688973205,gbrt:pooled
2003-01,0.0005838768156436228,-0.0007946392656872007,0.6892580406654117,gbrt:pooled
2003-02,0.004079777165889864,0.0030534510140474967,0.5131630759211835,gbrt:pooled
2003-03,0.00829717396475726,0.007310998356121409,0.49308780431792554,gbrt:pooled
2003-04,-0.005571022119264326,-0.0064675511642308114,0.4482645224832428,gbrt:pooled
2003-05,0.0016118520311691315,0.00046189111582179906,0.5749804576736662,gbrt:pooled
2003-06,0.003553956589918933,0.002439479978289325,0.557238305814804,gbrt:pooled
2003-07,0.009848904690982464,0.008732759091411416,0.5580727997855237,gbrt:pooled
2003-08,0.0054864039657658535,0.004376131586518565,0.5551361896236447,gbrt:pooled
2003-09,0.0008273354866459795,-0.0004002361356329587,0.613785811139469,gbrt:pooled
2003-10,0.015600217540488107,0.014281800875824344,0.6592083323318805,gbrt:pooled
2003-11,0.003140467514062186,0.0019697022403013186,0.5853826368804336,gbrt:pooled
2003-12,0.004859223479731955,0.003739359935679497,0.5599317720262288,gbrt:pooled
2004-01,3.1362803093744916e-05,-0.0011017452522354716,0.5665540276646084,gbrt:pooled
2004-02,0.002527452957579755,0.0010368958587065758,0.7452785494365898,gbrt:pooled
2004-03,0.004668576813310241,0.003475532745052729,0.5965220341287559,gbrt:pooled
2004-04,0.0011822752475137161,9.629853664286124e-05,0.5429883554354273,gbrt:pooled
2004-05,-0.0001366498772230059,-0.0011908635347212544,0.5271068287491245,gbrt:pooled
2004-06,0.007118060518539034,0.00599129612158323,0.5633821984779018,gbrt:pooled
2004-07,0.008988407152224024,0.007896282290592332,0.5460624308158455,gbrt:pooled
2004-08,0.0070103675791312065,0.006094739899763903,0.45781383968365164,gbrt:pooled
2004-09,0.005832900592304626,0.00483016293022442,0.501368831040103,gbrt:pooled
2004-10,0.006825718571961391,0.005807237108600631,0.5092407316803795,gbrt:pooled
2004-11,0.0051083073875718135,0.004295190020996657,0.4065586832875787,gbrt:pooled
2004-12,0.010259568948914105,0.009218336069239072,0.5206164398375174,gbrt:pooled
2005-01,0.0010300959881477717,1.5662301666813835e-06,0.5142648789905453,gbrt:pooled
2005-02,0.01095848808667557,0.01009219995844803,0.43314406411377004,gbrt:pooled
2005-03,0.0002743819704079921,-0.0005399934870470726,0.4071877287275324,gbrt:pooled
2005-04,0.008981696829331594,0.008140676958131659,0.42050993559996835,gbrt:pooled
2005-05,-0.005897295967877882,-0.006625546255364736,0.3641251437434266,gbrt:pooled
2005-06,-0.001161948985615729,-0.002070440841440614,0.4542459279124425,gbrt:pooled
2005-07,0.008984252573103863,0.008126515945490928,0.4288683138064678,gbrt:pooled
2005-08,0.002146017078620276,0.0012765694376114264,0.43472382050442493,gbrt:pooled
2005-09,0.005133679612540275,0.004191198210947176,0.4712407007965496,gbrt:pooled
2005-10,-0.0014125714097328959,-0.0023413402804427926,0.4643844353549484,gbrt:pooled
2005-11,-0.0034374595473553485,-0.004409552882757962,0.48604666770130667,gbrt:pooled
2005-12,0.0007779100093085814,-0.00027656662923354543,0.5272383192710632,gbrt:pooled
2006-01,-0.0009481758354605207,-0.0019415797346245623,0.49670194958202074,gbrt:pooled
2006-02,0.0006537415455402451,-0.0006055567821668811,0.6296491638535632,gbrt:pooled
2006-03,0.0018429114426217505,0.0007892211844731122,0.5268451290743191,gbrt:pooled
2006-04,0.006649990729019504,0.0055847618001514335,0.5326144644340354,gbrt:pooled
2006-05,-0.0016116278737416125,-0.00267733980775476,0.5328559670065739,gbrt:pooled
2006-06,0.005597300793956341,0.0045369150021704,0.5301928958929706,gbrt:pooled
2006-07,0.001566392510118014,0.0006126589082899418,0.4768668009140361,gbrt:pooled
2006-08,-0.0007605111202586304,-0.0018571472038132386,0.5483180417773041,gbrt:pooled
2006-09,-0.0016420262345665303,-0.002777338508890412,0.5676561371619409,gbrt:pooled
2006-10,-0.0012788097568881066,-0.0022679951055834644,0.49459267434767906,gbrt:pooled
2006-11,0.004263124504997623,0.0032417386449089484,0.5106929300443368,gbrt:pooled
2006-12,0.0016837399104858216,0.0006277108094095041,0.5280145505381589,gbrt:pooled
2007-01,0.005846109587515341,0.004783350594538492,0.5313794964884248,gbrt:pooled
2007-02,-0.0006182860692506572,-0.001815282780918802,0.5984983558340723,gbrt:pooled
2007-03,0.006203587980464975,0.0051437914470631296,0.5298982667009232,gbrt:pooled
2007-04,0.0033294493412401524,0.0023157509882446724,0.5068491764977399,gbrt:pooled
2007-05,0.004807075595875955,0.0038606995901956944,0.47318800284013063,gbrt:pooled
2007-06,-0.002109974255825841,-0.003203305520648323,0.5466656324112408,gbrt:pooled
2007-07,0.0012669930703601796,-2.478746836857707e-06,0.6347359085985185,gbrt:pooled
2007-08,0.0030787562434564245,0.0019123131252812686,0.5832215590875778,gbrt:pooled
2007-09,0.0005060167718746337,-0.0005994792310201546,0.5527480014473943,gbrt:pooled
2007-10,0.016760372103444384,0.015640719358182432,0.5598263726309757,gbrt:pooled
2007-11,0.0037054832511588002,0.0026984297131695386,0.5035267689946308,gbrt:pooled
2007-12,0.003540518691844066,0.0023990385894858838,0.5707400511790909,gbrt:pooled
2008-01,0.0037687184231908464,0.0026094202182944492,0.5796491024481983,gbrt:pooled
2008-02,0.002314985526410163,0.0010903776718880459,0.6123039272610588,gbrt:pooled
2008-03,0.01048522060608149,0.009330293098980593,0.5774637535504494,gbrt:pooled
2008-04,0.004244577993398701,0.003225887630788114,0.5093451813052933,gbrt:pooled
2008-05,0.0030379843818934098,0.0018855223840687086,0.5762309989123511,gbrt:pooled
2008-06,0.012924379215410065,0.011788409337604494,0.5679849389027849,gbrt:pooled
2008-07,-0.011946064440340269,-0.012948840651434673,0.5013881055472029,gbrt:pooled
2008-08,0.011648327676534636,0.010217765019574773,0.7152813284799316,gbrt:pooled
2008-09,0.015276468009015366,0.014280322113053062,0.49807294798115165,gbrt:pooled
2008-10,0.033930742896616156,0.03291011863926044,0.510312128677856,gbrt:pooled
2008-11,0.016530944911043687,0.015619278316671266,0.4558332971862101,gbrt:pooled
2008-12,-0.007347738205586565,-0.008339147027581753,0.4957044109975937,gbrt:pooled
2009-01,0.0019207213020367825,0.0007084846435253836,0.6061183292556996,gbrt:pooled
2009-02,0.006350527415213311,0.0050659982220204024,0.6422645965964543,gbrt:pooled
2009-03,-0.007813764669791553,-0.00872247400101808,0.4543546656132638,gbrt:pooled
2009-04,-0.020080904041743144,-0.021179939254782357,0.5495176065196057,gbrt:pooled
2009-05,0.0034697216646314144,0.00190956005051205,0.7800808070596817,gbrt:pooled
2009-06,-0.0075394034648552325,-0.009202277706044308,0.831437120594538,gbrt:pooled
2009-07,0.00474658018211329,0.0031144127847671987,0.8160836986730455,gbrt:pooled
2009-08,0.002641870821418474,0.0012437271180227056,0.6990718516978844,gbrt:pooled
2009-09,0.001241887013931561,-8.659673464620262e-05,0.6642418742888819,gbrt:pooled
2009-10,0.0020286878990424997,0.0008431717266120863,0.5927580862152066,gbrt:pooled
2009-11,0.0036158106557070586,0.0023834076281719053,0.6162015137675767,gbrt:pooled
2009-12,-0.0005944351396437988,-0.0018371670677287094,0.6213659640424553,gbrt:pooled
2010-01,-0.00358084911592859,-0.004797357006001725,0.6082539450365673,gbrt:pooled
2010-02,-0.0003136515972753373,-0.0014824559147483354,0.5844021587364991,gbrt:pooled
2010-03,-0.0025362561393921903,-0.003684408861148272,0.574076360878041,gbrt:pooled
2010-04,0.0038766198438977264,0.00267906925056799,0.5987752966648683,gbrt:pooled
2010-05,0.004571642113358599,0.0032560407656583696,0.6578006738501145,gbrt:pooled
2010-06,0.0033752080913468977,0.002327069166363808,0.524069462491545,gbrt:pooled
2010-07,0.0059969822758385504,0.005117041687841432,0.43997029399855875,gbrt:pooled
2010-08,0.005607273968738857,0.0046689127370637,0.46918061583757864,gbrt:pooled
2010-09,-0.0012857986927220003,-0.0022854367996261032,0.4998190534520514,gbrt:pooled
2010-10,0.006399193330460043,0.005379987720232199,0.5096028051139223,gbrt:pooled
2010-11,0.006904475295962133,0.005970783496907697,0.4668458995272182,gbrt:pooled
2010-12,0.007025167271041181,0.006056587634070788,0.4842898184851966,gbrt:pooled
2011-01,0.003542784566063413,0.0025454650820771665,0.4986597419931232,gbrt:pooled
2011-02,0.0006922451843784012,-0.00031275607275190663,0.502500628565154,gbrt:pooled
2011-03,0.0024014206216117213,0.0014714673474448244,0.46497663708344866,gbrt:pooled
2011-04,0.006940426238872419,0.005969221166894415,0.4856025359890018,gbrt:pooled
2011-05,0.005438321451782301,0.004608277319485095,0.41502206614860326,gbrt:pooled
2011-06,0.005354372489143237,0.0045126711686379875,0.42085066025262463,gbrt:pooled
2011-07,0.00813473092518336,0.007333702471756665,0.40051422671334663,gbrt:pooled
2011-08,0.012041281289181187,0.011262927306201665,0.3891769914897614,gbrt:pooled
2011-09,0.01241085798597905,0.011657025212480883,0.37691638674908284,gbrt:pooled
2011-10,-0.013934106202277632,-0.014827556254392455,0.4467250260574123,gbrt:pooled
2011-11,0.01206825545688975,0.010956509928817927,0.5558727640359118,gbrt:pooled
2011-12,0.003800468236753773,0.0028529537977973756,0.47375721947819877,gbrt:pooled
2012-01,-0.011003201469086054,-0.01179283204618422,0.3948152885490832,gbrt:pooled
2012-02,0.0012235486329572566,0.00020067094532748902,0.5114388438148837,gbrt:pooled
2012-03,0.0054217985031551775,0.004546499487718105,0.43764950771853606,gbrt:pooled
2012-04,0.005119089412041841,0.004241618975371085,0.4387352183353781,gbrt:pooled
2012-05,0.009459855665047623,0.008667276358272046,0.3962896533877891,gbrt:pooled
2012-06,0.004509031768464163,0.0037542221242703967,0.3774048220968835,gbrt:pooled
2012-07,0.00844082844631677,0.00756218154745091,0.4393234494329303,gbrt:pooled
2012-08,0.005749568563741144,0.004994516153592166,0.377526205074489,gbrt:pooled
2012-09,-0.0011203440238411431,-0.0019234444117581454,0.4015501939585011,gbrt:pooled
2012-10,0.0017333789227395693,0.000789326275580566,0.4720263235795015,gbrt:pooled
2012-11,0.0066731198798841256,0.005707740840740887,0.48268951957161915,gbrt:pooled
2012-12,-0.0010723005727405394,-0.0019503242913215181,0.4390118592904894,gbrt:pooled
2013-01,0.0031702870373848165,0.0022085362366276186,0.480875400378599,gbrt:pooled
2013-02,0.005863278152810838,0.0048897424793076325,0.48676783675160284,gbrt:pooled
2013-03,0.006928301475954192,0.0060744400900179735,0.42693069296810937,gbrt:pooled
2013-04,0.012802002158602046,0.01207050239568681,0.3657498814576183,gbrt:pooled
2013-05,0.004567248556292955,0.003824074081144464,0.37158723757424533,gbrt:pooled
2013-06,0.004413989717797241,0.003521967990239733,0.4460108637787538,gbrt:pooled
2013-07,0.0033557800400302756,0.00245196959269162,0.45190522366932745,gbrt:pooled
2013-08,0.003017029485271396,0.002104757136420014,0.4561361744256915,gbrt:pooled
2013-09,-0.004734775427143892,-0.005658290026199489,0.46175729952779826,gbrt:pooled
2013-10,0.00017353869615115646,-0.0008147727959435237,0.4941557460473401,gbrt:pooled
2013-11,0.0015471745726828748,0.000649816399977095,0.44867908635289,gbrt:pooled
2013-12,0.00326006468774789,0.002462696803376042,0.39868394218592396,gbrt:pooled
2014-01,0.0023594602984295917,0.0015035808230718863,0.42793973767885296,gbrt:pooled
2014-02,0.004129474754243838,0.00328729654533934,0.4210891044522487,gbrt:pooled
2014-03,-0.001649499123088663,-0.002473574191705396,0.41203753430836665,gbrt:pooled
2014-04,0.004968385546935672,0.004006720636671305,0.4808324551321836,gbrt:pooled
2014-05,0.0038411146483410294,0.0029790089593029405,0.43105284451904463,gbrt:pooled
2014-06,0.002169242769371728,0.0012896765307883764,0.43978311929167574,gbrt:pooled
2014-07,-0.0018795087954569171,-0.0026816324960531983,0.40106185029814057,gbrt:pooled
2014-08,0.002387060175188496,0.0013653391493923942,0.5108605128980509,gbrt:pooled
2014-09,-0.0015835646231743589,-0.002474998543387575,0.44571696010660816,gbrt:pooled
2014-10,0.005040963576706285,0.0041120378889637505,0.46446284387126735,gbrt:pooled
2014-11,0.00906140998337895,0.008115276014702895,0.47306698433802874,gbrt:pooled
2014-12,0.011233411024218574,0.010372862323881356,0.4302743501686087,gbrt:pooled
2015-01,0.008359070147422465,0.0074869112710800705,0.4360794381711972,gbrt:pooled
2015-02,0.0006541933471609985,-0.00032635013727386403,0.4902717422174312,gbrt:pooled
2015-03,0.004672098588123127,0.0037066299254444376,0.48273433133934485,gbrt:pooled
2015-04,-0.009977951388892816,-0.010919663664842042,0.4708561379746123,gbrt:pooled
2015-05,0.0005525101241258994,-0.0006324308577320412,0.5924704909289703,gbrt:pooled
2015-06,0.005307656768502038,0.004243807826557518,0.5319244709722595,gbrt:pooled
2015-07,0.010691017532818143,0.00991990883031367,0.3855543512522358,gbrt:pooled
2015-08,0.010675099027641936,0.009868058152140993,0.4035204377504715,gbrt:pooled
2015-09,0.005788326333271818,0.005043088245106687,0.37261904408256596,gbrt:pooled
2015-10,-0.00710644743913714,-0.007934492316085234,0.41402243847404757,gbrt:pooled
2015-11,0.004572546026256303,0.003544764484835928,0.5138907707101876,gbrt:pooled
2015-12,0.00046892000129208943,-0.0004801249249938064,0.47452246314294805,gbrt:pooled
2016-01,0.0020772697487549453,0.001191759381902703,0.44275518342612125,gbrt:pooled
2016-02,-0.0034607958832639563,-0.004361638257012024,0.450421186874034,gbrt:pooled
2016-03,-0.009423709745761285,-0.010440974666415147,0.5086324603269313,gbrt:pooled
2016-04,0.004055877781093581,0.003004247926965697,0.5258149270639418,gbrt:pooled
2016-05,0.0029921639713074233,0.002061217320214135,0.4654733255466442,gbrt:pooled
2016-06,-0.002036012791450209,-0.0029772230771792927,0.470605142864542,gbrt:pooled
2016-07,0.00033323411259826346,-0.0005446811470100476,0.4389576298041554,gbrt:pooled
2016-08,0.005134258017093542,0.0042040893442489525,0.4650843364222942,gbrt:pooled
2016-09,0.0037339158861115695,0.0028469134587895714,0.44350121366099904,gbrt:pooled
2016-10,0.003490747063080906,0.002761128189574643,0.3648094367531315,gbrt:pooled
2016-11,-0.0017488818469150336,-0.0025439610236248325,0.3975395883548999,gbrt:pooled
2016-12,0.001584506218714144,0.0006642799856506756,0.4601131165317343,gbrt:pooled
2017-01,0.006017264242594126,0.005101342801127744,0.45796072073319066,gbrt:pooled
2017-02,-0.0008366722606606627,-0.00177016676443918,0.4667472518892587,gbrt:pooled
2017-03,0.0023304055428160298,0.0014263565400613877,0.4520245013773211,gbrt:pooled
2017-04,-0.0005497690632155081,-0.0014387874285706529,0.44450918267757233,gbrt:pooled
2017-05,0.003672142728014719,0.0027786731846662577,0.4467347716742305,gbrt:pooled
2017-06,-0.00042982878039243366,-0.0013349325458765452,0.45255188274205577,gbrt:pooled
2017-07,0.0045052594840433394,0.003577596872481647,0.4638313057808463,gbrt:pooled
2017-08,0.0036122531263693427,0.0027602992553199266,0.4259769355247081,gbrt:pooled
2017-09,0.0001053722333907809,-0.0006665535021968803,0.3859628677938306,gbrt:pooled
2017-10,0.005287856684196288,0.004477923269441996,0.404966707377146,gbrt:pooled
2017-11,0.0034472936469030742,0.0025230016328934004,0.46214600700483693,gbrt:pooled
2017-12,0.004209170811518113,0.003332676015309402,0.4382473981043553,gbrt:pooled
2018-01,0.002591015111899312,0.001658343094594859,0.4663360086522263,gbrt:pooled
2018-02,0.003962045230444893,0.0029511270183348397,0.5054591060550266,gbrt:pooled
2018-03,0.0008242259074984823,-6.48920245975935e-05,0.44455896604803796,gbrt:pooled
2018-04,0.002401207064196767,0.0015006743915439965,0.4502663363263851,gbrt:pooled
2018-05,0.005035810244010084,0.004158505809630176,0.4386522171899538,gbrt:pooled
2018-06,0.00336909459165261,0.0025038039416269923,0.432645325012809,gbrt:pooled
2018-07,0.00199205151985035,0.0012183988985869337,0.38682631063170825,gbrt:pooled
2018-08,0.007428501928017358,0.006589896452873586,0.4193027375718856,gbrt:pooled
2018-09,0.01372172905793488,0.012888999701607461,0.4163646781637081,gbrt:pooled
2018-10,0.0021973716247309953,0.0013486535115968536,0.4243590565670706,gbrt:pooled
2018-11,-0.00193259349514134,-0.0028230308935279324,0.4452186991932959,gbrt:pooled
2018-12,0.003873566816945477,0.0028275867604271006,0.5229900282591882,gbrt:pooled
2019-01,-0.002636764405160098,-0.0035914844701971853,0.4773600325185434,gbrt:pooled
2019-02,-0.005557367824990408,-0.006653126673604129,0.5478794243068599,gbrt:pooled
2019-03,0.004660580081105671,0.0036541366433455614,0.5032217188800543,gbrt:pooled
2019-04,0.0022182474528754047,0.0014043922874399583,0.4069275827177231,gbrt:pooled
2019-05,0.0006950690608662596,-0.0001477190836332952,0.42139407224977726,gbrt:pooled
2019-06,0.0033957163512990645,0.002442277233675654,0.4767195588117053,gbrt:pooled
2019-07,0.0056610224614329,0.004812905012944954,0.4240587242439726,gbrt:pooled
2019-08,0.0010577955684325376,0.0002410838417127114,0.40835586335991336,gbrt:pooled
2019-09,-0.002972848894109007,-0.003868248368692415,0.44769973729170437,gbrt:pooled
2019-10,0.0017517520867695883,0.00077271272153632,0.48951968261663414,gbrt:pooled
2019-11,-0.0016481505293371055,-0.0025289951812413037,0.4404223259520989,gbrt:pooled
2019-12,0.0047519810766311925,0.0037412241039512847,0.5053784863399536,gbrt:pooled
2020-01,0.006690797438955472,0.005819129554059072,0.43583394244820023,gbrt:pooled
2020-02,0.010041612530056558,0.009161245723568518,0.44018340324401967,gbrt:pooled
2020-03,0.012324889929331265,0.011573857023154733,0.3755164530882667,gbrt:pooled
2020-04,-0.016762401257886677,-0.017925055797495097,0.58132726980421,gbrt:pooled
2020-05,-0.00044638445039276277,-0.0019357910524056684,0.7447033010064527,gbrt:pooled
2020-06,-0.002925139060587476,-0.004158578220474743,0.616719579943634,gbrt:pooled
2020-07,0.004592507725810501,0.003443074196255981,0.5747167647772603,gbrt:pooled
2020-08,-0.005512186435972074,-0.00658516897188161,0.5364912679547679,gbrt:pooled
2020-09,0.0016166614917415471,0.0005573749926883522,0.5296432495265975,gbrt:pooled
2020-10,0.002847437548237144,0.0017683432319222881,0.539547158157428,gbrt:pooled
2020-11,-0.0195258565528104,-0.02048891707883914,0.4815302630143706,gbrt:pooled
2020-12,0.007206707256152423,0.005593944038808827,0.806381608671798,gbrt:pooled
2021-01,0.0011320864236475062,-0.00024592767827428283,0.6890070509608942,gbrt:pooled
2021-02,0.003906340650940444,0.002771702986862761,0.5673188320388417,gbrt:pooled
2021-03,0.004237132445908306,0.003002116107282683,0.6175081693128114,gbrt:pooled
2021-04,0.004999599412538019,0.003718831158279208,0.6403841271294054,gbrt:pooled
2021-05,0.00424994906440454,0.003031252641716294,0.6093482113441228,gbrt:pooled
2021-06,-0.0039053790052552754,-0.004950015631962723,0.5223183133537236,gbrt:pooled
2021-07,0.0003892713161227186,-0.0006959503249797297,0.5426108205512242,gbrt:pooled
2021-08,-0.0009071735968563138,-0.0018901090796251373,0.49146774138441174,gbrt:pooled
2021-09,0.0071178822160715485,0.006049939579578529,0.5339713182465099,gbrt:pooled
2021-10,0.0018535070405697994,0.0008251776026292889,0.5141647189702551,gbrt:pooled
2021-11,0.00444613001966021,0.003474011757311745,0.48605913117423244,gbrt:pooled
2021-12,0.010555861401357941,0.009383077640256053,0.5863918805509446,gbrt:pooled
2022-01,0.01181493506587866,0.010900970744855867,0.4569821605113966,gbrt:pooled
2022-02,0.008444863323195839,0.007566045871802152,0.4394087256968441,gbrt:pooled
2022-03,0.008375261982218841,0.007423754815344275,0.47575358343728313,gbrt:pooled
2022-04,0.011618516802027764,0.010777382238139468,0.4205672819441484,gbrt:pooled
2022-05,0.004855628970029329,0.004048120498165084,0.40375423593212256,gbrt:pooled
2022-06,0.0024508119818567324,0.0015720523901249,0.43937979586591625,gbrt:pooled
2022-07,-0.0043895122141266105,-0.005368302959875628,0.489395372874509,gbrt:pooled
2022-08,-0.0007455603891547299,-0.0016601753579082697,0.45730748437677027,gbrt:pooled
2022-09,0.0062874718207238025,0.005363507613607201,0.46198210355830027,gbrt:pooled
2022-10,0.004681054143571287,0.0037687943526772665,0.45612989544701016,gbrt:pooled
2022-11,-0.005482232495277007,-0.006490434248819409,0.5041008767712012,gbrt:pooled
2022-12,0.004070790670028053,0.0029714355651931316,0.5496775524174609,gbrt:pooled
2023-01,0.0010050425370424002,-7.548266237878178e-05,0.5402625997105909,gbrt:pooled
2023-02,0.003845191742846904,0.0028759962952456725,0.48459772380061605,gbrt:pooled
2023-03,0.00571401336881771,0.0048922309560993785,0.41089120635916565,gbrt:pooled
2023-04,2.7265334460998472e-05,-0.0008215979115598945,0.42443162301044646,gbrt:pooled
2023-05,-0.0013015621047002242,-0.002125351032794085,0.4118944640469302,gbrt:pooled
2023-06,0.00265381097031923,0.0017368001947739326,0.4585053877726486,gbrt:pooled
2023-07,0.003583189672823238,0.0026402655861902996,0.4714620433164695,gbrt:pooled
2023-08,0.002973379975683839,0.002098091885358559,0.43764404516263994,gbrt:pooled
2023-09,0.009636616553974136,0.008772238220180308,0.4321891668969135,gbrt:pooled
2023-10,0.007039260947958617,0.006232868441958376,0.4031962530001204,gbrt:pooled
2023-11,-0.0074738627608333,-0.0083807239231638,0.45343058116525015,gbrt:pooled
2023-12,0.004054614256841132,0.0030741240907913793,0.4902450830248764,gbrt:pooled
2024-01,0.009756774349511456,0.008834606508080128,0.4610839207156635,gbrt:pooled
2024-02,0.0008164860923194094,-3.54266498671709e-05,0.4259563710932902,gbrt:pooled
2024-03,0.0034636859952566854,0.002552702488701986,0.45549175327734964,gbrt:pooled
2024-04,0.0005337655871694137,-0.000400673899784872,0.46721974347714296,gbrt:pooled
2024-05,0.0027337453491002544,0.00186616328569162,0.4337910317043173,gbrt:pooled
2024-06,6.936126985900259e-05,-0.0008083541379717279,0.43885770391536527,gbrt:pooled
2024-07,0.0008187698907870771,-4.470541189523966e-05,0.4317376513411585,gbrt:pooled
2024-08,0.0034538684244663927,0.0025970155583892006,0.42842643303859607,gbrt:pooled
2024-09,-1.8766836552011416e-05,-0.0008697024698264277,0.4254678166372081,gbrt:pooled
2024-10,0.004632475319969389,0.003750489385435227,0.440992967267081,gbrt:pooled
2024-11,0.009766643269862315,0.008905779649270083,0.4304318102961158,gbrt:pooled
2024-12,0.00243724798556437,0.0015822854309947897,0.4274812772847904,gbrt:pooled
2025-01,0.0008883489380256401,1.0893222345727829e-05,0.438727857839956,gbrt:pooled
2025-02,0.004506558611329456,0.0035844336562120094,0.4610624775587229,gbrt:pooled
2025-03,0.006159264452518311,0.00532894850287012,0.41515797482409583,gbrt:pooled
2025-04,-0.0015496479585148848,-0.0023335822193986983,0.39196713044190673,gbrt:pooled
2025-05,-0.0011798359320582261,-0.002069511412209438,0.444837740075606,gbrt:pooled
2025-06,-0.0009611851918799363,-0.0018126095056657375,0.4257121568929007,gbrt:pooled
2025-07,-0.0009659009146273738,-0.0017541779853702546,0.3941385353714402,gbrt:pooled
2025-08,0.00409200340813929,0.003164436317205718,0.46378354546678613,gbrt:pooled
2025-09,0.005399720037747788,0.004473006211917688,0.46335691291504993,gbrt:pooled
2025-10,0.011350704289864809,0.010460318721687255,0.445192784088777,gbrt:pooled
2025-11,0.00199633641089008,0.0010206991907963459,0.48781861004686694,gbrt:pooled
2025-12,0.010338007923856281,0.009402600528149497,0.4677036978533922,gbrt:pooled
2000-01,0.012107994208311643,0.012107994208311643,0.0,hist_mean:rule
2000-02,0.00036038565041473283,2.4457298724538917e-05,0.16796417584509676,hist_mean:rule
2000-03,0.003432579703868963,0.003068029409797532,0.18227514703571543,hist_mean:rule
2000-04,-0.011431638639815011,-0.01171311313312624,0.14073724665561518,hist_mean:rule
2000-05,-0.0010729471527230411,-0.0016102412540367976,0.26864705065687816,hist_mean:rule
2000-06,-0.0016742683145880763,-0.0020558788352436296,0.19080526032777628,hist_mean:rule
2000-07,0.001000378011280121,0.0006786290305946109,0.16087449034275547,hist_mean:rule
2000-08,-0.004011143710329339,-0.004206350383767245,0.09760333671895319,hist_mean:rule
2000-09,0.0009768654021883611,0.0007438698546311165,0.11649777377862228,hist_mean:rule
2000-10,-0.0022363901655188187,-0.0024528859791441205,0.10824790681265062,hist_mean:rule
2000-11,0.00028274377435565866,3.920283678116171e-05,0.121770468787249,hist_mean:rule
2000-12,-0.0059412282331168294,-0.00630229522909756,0.18053349799036494,hist_mean:rule
2001-01,-0.0029280947490103286,-0.003207937178726531,0.139921214858101,hist_mean:rule
2001-02,0.0017520226654906743,0.0014760155141169914,0.13800357568684135,hist_mean:rule
2001-03,0.01041161313733845,0.01011883350963414,0.14638981385215463,hist_mean:rule
2001-04,0.005219379575566488,0.004906101303929459,0.15663913581851457,hist_mean:rule
2001-05,0.0006842656384448931,0.00016298084802730757,0.260642395208793,hist_mean:rule
2001-06,-0.0032502536476523214,-0.003469778407078894,0.1097623797132864,hist_mean:rule
2001-07,0.008988627929265226,0.008722848036249724,0.13288994650775143,hist_mean:rule
2001-08,-0.004904773719801432,-0.005254354546703693,0.17479041345113058,hist_mean:rule
2001-09,-0.0010813393390130442,-0.0013020767934286818,0.11036872720781896,hist_mean:rule
2001-10,0.004702896232500172,0.004340771654383701,0.18106228905823574,hist_mean:rule
2001-11,1.757125599951054e-05,-0.00025250593872436916,0.13503859736194013,hist_mean:rule
2001-12,0.018344470985535766,0.01810865907024303,0.117905957646367,hist_mean:rule
2002-01,-0.002311949552989121,-0.0025205976234264735,0.10432403521867649,hist_mean:rule
2002-02,0.0009414798374452355,0.0006720710171635677,0.13470441014083406,hist_mean:rule
2002-03,0.0016714465548110715,0.0014730316607401723,0.09920744703544986,hist_mean:rule
2002-04,0.01195567525248066,0.011702193369508096,0.12674094148628134,hist_mean:rule
2002-05,0.0013688591837637775,0.0010734583336542679,0.147700425054755,hist_mean:rule
2002-06,0.003756975339128435,0.003523669687903639,0.11665282561239791,hist_mean:rule
2002-07,-0.003075392001456072,-0.0032302029705788965,0.07740548456141223,hist_mean:rule
2002-08,0.005713233323327664,0.005536115138474889,0.08855909242638742,hist_mean:rule
2002-09,0.008299113120614031,0.008105301531984313,0.0969057943148584,hist_mean:rule
2002-10,0.0030172790978456035,0.002865928833706369,0.07567513206961698,hist_mean:rule
2002-11,0.0025142506952335287,0.0022895585379313,0.11234607865111425,hist_mean:rule
2002-12,0.006750839179002627,0.006555293656788078,0.09777276110727415,hist_mean:rule
2003-01,-0.0003179824136364602,-0.0004873605149425266,0.08468905065303324,hist_mean:rule
2003-02,0.0005963146494776029,0.0004242476325355645,0.08603350847101919,hist_mean:rule
2003-03,0.0057857536048416,0.005665214051236683,0.060269776802458375,hist_mean:rule
2003-04,-0.00773262861418654,-0.007891591923042902,0.07948165442818078,hist_mean:rule
2003-05,0.0013287026890564718,0.0010942137663589376,0.117244461348767,hist_mean:rule
2003-06,0.008072286998415553,0.007921212111821814,0.07553744329686968,hist_mean:rule
2003-07,0.008309234479879763,0.008146260681327226,0.08148689927626825,hist_mean:rule
2003-08,0.006160979694336759,0.006020414779884582,0.07028245722608874,hist_mean:rule
2003-09,0.0026226142399804597,0.002371826251167167,0.1253939944066462,hist_mean:rule
2003-10,0.0051287856225483335,0.005015894536658618,0.056445542944857874,hist_mean:rule
2003-11,-0.0009723195634448897,-0.0011173008564724365,0.07249064651377347,hist_mean:rule
2003-12,-0.0010375363817433638,-0.0011543947240420793,0.05842917114935775,hist_mean:rule
2004-01,0.004155205722936337,0.0040036937660599455,0.07575597843819581,hist_mean:rule
2004-02,0.005404417636893389,0.005025096568703705,0.18966053409484143,hist_mean:rule
2004-03,0.006023714944778527,0.005901225253349941,0.06124484571429344,hist_mean:rule
2004-04,0.004022288012460728,0.003911162092355975,0.05556296005237643,hist_mean:rule
2004-05,0.0020768632443543197,0.0019518383127904312,0.06251246578194442,hist_mean:rule
2004-06,0.00450193926050948,0.004304743084583327,0.09859808796307708,hist_mean:rule
2004-07,0.003178903434403709,0.0030437148828241236,0.06759427578979264,hist_mean:rule
2004-08,0.003991660126836306,0.0038683828751977165,0.06163862581929526,hist_mean:rule
2004-09,-0.001304220214978395,-0.0015451709493113387,0.1204753671664722,hist_mean:rule
2004-10,-0.001244471692138501,-0.0014139403623895544,0.08473433512552678,hist_mean:rule
2004-11,0.00798782445589278,0.007854253458761002,0.06678549856588864,hist_mean:rule
2004-12,0.00898433490294571,0.008837430754648632,0.07345207414853898,hist_mean:rule
2005-01,0.0022766135493919202,0.0020402890348153457,0.11816225728828736,hist_mean:rule
2005-02,0.006492247820805959,0.006376099627680201,0.05807409656287896,hist_mean:rule
2005-03,-0.0001434008948431888,-0.0002692426158708471,0.06292086051382913,hist_mean:rule
2005-04,0.006435001318529891,0.006323630408412656,0.055685455058617474,hist_mean:rule
2005-05,-0.0045759493073186195,-0.004694104154210478,0.059077423445929284,hist_mean:rule
2005-06,-0.0023987725115611857,-0.0025107329725660016,0.05598023050240781,hist_mean:rule
2005-07,0.010464846054477384,0.010369327961853449,0.04775904631196696,hist_mean:rule
2005-08,0.003795847651502917,0.0036670568153518214,0.06439541807554792,hist_mean:rule
2005-09,-0.000404445483078502,-0.0005785217292022912,0.08703812306189448,hist_mean:rule
2005-10,-0.0021073283580040664,-0.0022253025981578485,0.058987120076891116,hist_mean:rule
2005-11,-0.001550171128889646,-0.0016813841560330506,0.06560651357170211,hist_mean:rule
2005-12,-0.0023690088884052384,-0.002512492221675451,0.07174166663510619,hist_mean:rule
2006-01,0.0036662123392128725,0.0035519428196879297,0.05713475976247135,hist_mean:rule
2006-02,0.001321780267098744,0.0009978067899461033,0.16198673857632032,hist_mean:rule
2006-03,0.001512012278181346,0.001387759101282121,0.06212658844961264,hist_mean:rule
2006-04,0.0034936015985582193,0.0033081151872738457,0.09274320564218672,hist_mean:rule
2006-05,-0.0009640983957023985,-0.001178739545034077,0.10732057466583923,hist_mean:rule
2006-06,0.0023836868220276286,0.00228440209472379,0.049642363651919375,hist_mean:rule
2006-07,0.0034594343840314012,0.003346449303190906,0.05649254042024729,hist_mean:rule
2006-08,0.0005730546165302635,0.00033736579006184625,0.1178444132342087,hist_mean:rule
2006-09,-0.0036140654059011543,-0.003853479436141918,0.11970701512038204,hist_mean:rule
2006-10,-0.0010514503267845536,-0.0011838424858559883,0.0661960795357174,hist_mean:rule
2006-11,0.0008868109574072525,0.0007773958859472823,0.054707535729985164,hist_mean:rule
2006-12,-0.001762716153101906,-0.001926442701317722,0.08186327410790784,hist_mean:rule
2007-01,0.0006644480426898535,0.0005422304430171795,0.06110879983633699,hist_mean:rule
2007-02,-0.0030041885191987175,-0.0033568574740886667,0.17633447744497455,hist_mean:rule
2007-03,0.004203688626330452,0.004051517940196357,0.07608534306704753,hist_mean:rule
2007-04,0.0006170390559951727,0.000423757881016492,0.09664058748934043,hist_mean:rule
2007-05,0.0025973099563628872,0.0024304352291666747,0.08343736359810618,hist_mean:rule
2007-06,0.0013704160341449696,0.0012086145407096027,0.0809007467176833,hist_mean:rule
2007-07,-0.0015586448670063104,-0.0017458632986276927,0.09360921581069122,hist_mean:rule
2007-08,0.004285267948926178,0.004056627307936383,0.11432032049489749,hist_mean:rule
2007-09,0.0006236751209252299,0.0004271404363691609,0.09826734227803431,hist_mean:rule
2007-10,0.008750888605835736,0.008422227324151038,0.16433064084234847,hist_mean:rule
2007-11,0.004390956174846016,0.004155474273002312,0.11774095092185237,hist_mean:rule
2007-12,0.0020499740293290956,0.0018168418645292772,0.11656608239990925,hist_mean:rule
2008-01,-0.0009201744194877847,-0.0013316822639502703,0.20575392223124261,hist_mean:rule
2008-02,0.004382327122163336,0.004114948128588479,0.13368949678742817,hist_mean:rule
2008-03,0.005537747141424391,0.00527392592103343,0.13191061019548123,hist_mean:rule
2008-04,0.007226695659088236,0.0070371672856357,0.09476418672626825,hist_mean:rule
2008-05,0.0012989146606739745,0.001044206299883423,0.1273541803952757,hist_mean:rule
2008-06,0.006612628166620597,0.006420630365084094,0.09599890076825147,hist_mean:rule
2008-07,0.0017417368444287518,0.0015632593482282826,0.08923874810023462,hist_mean:rule
2008-08,0.0027261573014687223,0.0025055478085012606,0.11030474648373087,hist_mean:rule
2008-09,0.005273473913130241,0.005096375886839111,0.08854901314556467,hist_mean:rule
2008-10,0.011914801892340187,0.011698226117206202,0.10828788756699229,hist_mean:rule
2008-11,0.006302856256744949,0.006073545701877578,0.11465527743368553,hist_mean:rule
2008-12,-0.0010507006999946925,-0.0013913996418462513,0.17034947092577943,hist_mean:rule
2009-01,-0.0018830146646076162,-0.002127737408171646,0.12236137178201485,hist_mean:rule
2009-02,-0.002866850535197816,-0.0030979973339916693,0.11557339939692717,hist_mean:rule
2009-03,-0.004296162895393139,-0.004482930852548207,0.09338397857753418,hist_mean:rule
2009-04,-0.019192033215091383,-0.019424314063452183,0.11614042418039923,hist_mean:rule
2009-05,-0.005305407837356067,-0.005579084159284439,0.13683816096418588,hist_mean:rule
2009-06,-0.0038667924642606325,-0.004116968062307378,0.12508779902337314,hist_mean:rule
2009-07,0.0025568362586757378,0.0023993604367152474,0.07873791098024502,hist_mean:rule
2009-08,0.002997564329774472,0.002793712668707842,0.1019258305333148,hist_mean:rule
2009-09,0.00028502756624113523,0.0001581207156899363,0.06345342527559944,hist_mean:rule
2009-10,-0.00032217951384656796,-0.00047391796222968544,0.0758692241915587,hist_mean:rule
2009-11,0.005248493370964761,0.005058197863008831,0.09514775397796539,hist_mean:rule
2009-12,-0.0009780640908991253,-0.0011401157058245,0.08102580746268752,hist_mean:rule
2010-01,-0.0011164174923115322,-0.0012606581814839197,0.07212034458619344,hist_mean:rule
2010-02,-0.0016482036747798017,-0.0018350319166750278,0.09341412094761316,hist_mean:rule
2010-03,0.0010559339681625397,0.0008901510889911809,0.08289143958567947,hist_mean:rule
2010-04,4.873650493393113e-05,-9.33405507101882e-05,0.07103852782205963,hist_mean:rule
2010-05,0.0032699242379963687,0.0031271641429895976,0.07138004750338546,hist_mean:rule
2010-06,0.001511993019871922,0.0013835843362546532,0.06420434180863435,hist_mean:rule
2010-07,0.006048089749442901,0.00594712125802842,0.050484245707240305,hist_mean:rule
2010-08,0.0010484207174365715,0.0009262212196210809,0.061099748907745374,hist_mean:rule
2010-09,-0.0006922999707084493,-0.0008366064140462013,0.07215322166887606,hist_mean:rule
2010-10,0.004338635116235242,0.004214648561480609,0.061993277377316636,hist_mean:rule
2010-11,0.004194368317614726,0.0040693083712383255,0.06252997318820026,hist_mean:rule
2010-12,-0.00027181602786924904,-0.00040115133324556996,0.06466765268816024,hist_mean:rule
2011-01,0.001824642687191232,0.0016748466671005966,0.07489801004531778,hist_mean:rule
2011-02,0.002161771680319299,0.002021849584793121,0.0699610477630889,hist_mean:rule
2011-03,0.0007466717531512796,0.0006266622231609647,0.060004764995157375,hist_mean:rule
2011-04,0.003475270724756768,0.00334743434727252,0.06391818874212409,hist_mean:rule
2011-05,0.0021857984272898243,0.002092962315859691,0.04641805571506656,hist_mean:rule
2011-06,0.0020840109650737946,0.0019773076789646013,0.0533516430545968,hist_mean:rule
2011-07,0.004535303031216487,0.004440429669471335,0.04743668087257553,hist_mean:rule
2011-08,0.0037047322630492743,0.003600655407890518,0.05203842757937791,hist_mean:rule
2011-09,0.006513241456498908,0.006392396915625903,0.060422270436502626,hist_mean:rule
2011-10,-0.0022160623472079932,-0.0023323366525103166,0.05813715265116174,hist_mean:rule
2011-11,0.007576901754763508,0.007451061573689597,0.06292009053695559,hist_mean:rule
2011-12,-0.0008934346643274926,-0.00099522835760428,0.05089684663839364,hist_mean:rule
2012-01,0.0004969226375006844,0.0004044511693185616,0.046235734091061374,hist_mean:rule
2012-02,0.001856206904878796,0.001722726596889385,0.06674015399470526,hist_mean:rule
2012-03,0.0031417976442332084,0.0030371134157263936,0.052342114253407096,hist_mean:rule
2012-04,0.0014245115609044202,0.0012438961887799303,0.09030768606224504,hist_mean:rule
2012-05,0.002689582095952676,0.002540998180248129,0.07429195785227379,hist_mean:rule
2012-06,0.0045526412728131484,0.00445959553054064,0.04652287113625379,hist_mean:rule
2012-07,0.0049533300347692965,0.0048445915147314915,0.054369260018902604,hist_mean:rule
2012-08,0.0033237918344563087,0.0032336200535728666,0.04508589044172095,hist_mean:rule
2012-09,0.0013433497723784194,0.0012529998554550658,0.045174958461676816,hist_mean:rule
2012-10,0.0023335919856693256,0.0022380484589074705,0.047771763380927514,hist_mean:rule
2012-11,0.002718238937424973,0.002619360402479746,0.04943926747261356,hist_mean:rule
2012-12,0.00035820170788447873,0.0002575860538120196,0.050307827036229553,hist_mean:rule
2013-01,0.00108122351407334,0.0009755858477608543,0.05281883315624275,hist_mean:rule
2013-02,0.0033912302936035914,0.0032509726520581067,0.07012882077274224,hist_mean:rule
2013-03,0.0016937001181206487,0.0015798754487567027,0.05691233468197283,hist_mean:rule
2013-04,0.005868682945388834,0.005765759831165892,0.051461557111471545,hist_mean:rule
2013-05,0.0021266869564661784,0.0020061642430619035,0.060261356702137364,hist_mean:rule
2013-06,0.004333680897448254,0.004229132205776422,0.05227434583591624,hist_mean:rule
2013-07,0.0015010491051240264,0.0013721353609006048,0.06445687211171071,hist_mean:rule
2013-08,0.0026750148801502507,0.002565956532416364,0.05452917386694351,hist_mean:rule
2013-09,-0.0033249382963170954,-0.0034169372362635045,0.04599946997320472,hist_mean:rule
2013-10,-0.00014431593377206412,-0.0002263578797906771,0.041020973009306565,hist_mean:rule
2013-11,0.0009384866467175564,0.0008454781008481071,0.04650427293472467,hist_mean:rule
2013-12,0.0024981377116567514,0.0024170382006822254,0.0405497554872629,hist_mean:rule
2014-01,0.002914956417343613,0.002705914838439344,0.10452078945213454,hist_mean:rule
2014-02,0.00435426756467527,0.004262276396616856,0.04599558402920689,hist_mean:rule
2014-03,0.0012657192604534552,0.001186654090636708,0.03953258490837359,hist_mean:rule
2014-04,0.005263500925805897,0.005164286480926157,0.04960722243987017,hist_mean:rule
2014-05,0.0015505284424378618,0.0014597788980503458,0.04537477219375798,hist_mean:rule
2014-06,0.002508469799445265,0.002424606297566762,0.041931750939251534,hist_mean:rule
2014-07,0.002469481158915042,0.002414384806248649,0.02754817633319659,hist_mean:rule
2014-08,0.0013547111457406576,0.0012042297549010924,0.07524069541978252,hist_mean:rule
2014-09,-0.0013860657444273539,-0.0014704668727105444,0.04220056414159525,hist_mean:rule
2014-10,0.0021329790800941996,0.0020441235097499546,0.04442778517212246,hist_mean:rule
2014-11,0.0068059057823721255,0.0067185147941398946,0.0436954941161155,hist_mean:rule
2014-12,0.004187796244888016,0.0040970230637092315,0.04538659058939178,hist_mean:rule
2015-01,0.0083654893117949,0.008251508673259352,0.056990319267773586,hist_mean:rule
2015-02,-0.0006192107159280381,-0.0007398066187432776,0.06029795140761974,hist_mean:rule
2015-03,0.008723987687479277,0.008620060829817535,0.051963428830872,hist_mean:rule
2015-04,-0.0076706008029871695,-0.007801850337781039,0.06562476739693475,hist_mean:rule
2015-05,0.0017429772993568617,0.0016326419457421842,0.05516767680733887,hist_mean:rule
2015-06,0.004771786003534371,0.004684553368767537,0.04361631738341697,hist_mean:rule
2015-07,0.007754292492538457,0.007678031956982513,0.03813026777797213,hist_mean:rule
2015-08,0.005884335794211911,0.0057944337694063736,0.04495101240276886,hist_mean:rule
2015-09,0.004002094346352558,0.003917235023136423,0.04242966160806762,hist_mean:rule
2015-10,-0.002400105428301919,-0.002503589318993798,0.05174194534593925,hist_mean:rule
2015-11,0.0014517716867880454,0.0013571469633503416,0.04731236171885188,hist_mean:rule
2015-12,0.0034648819242631334,0.0033683891111937793,0.048246406534677294,hist_mean:rule
2016-01,0.0030086521828665697,0.0029152501410017718,0.046701020932398904,hist_mean:rule
2016-02,-0.0008597656437306454,-0.0009601682257325418,0.05020129100094818,hist_mean:rule
2016-03,-0.007652606546390694,-0.007757171265320953,0.052282359465129255,hist_mean:rule
2016-04,0.001293465404437489,0.0011808333041527085,0.056316050142390384,hist_mean:rule
2016-05,0.004806080327427386,0.004705895231782291,0.05009254782254742,hist_mean:rule
2016-06,-0.0012296012021789482,-0.0013102773689875236,0.040338083404287614,hist_mean:rule
2016-07,0.0033336879169839615,0.0032558563368101723,0.03891579008689438,hist_mean:rule
2016-08,0.005043241562549242,0.004950951789363325,0.0461448865929585,hist_mean:rule
2016-09,0.005747308098151149,0.005635102943343566,0.05610257740379172,hist_mean:rule
2016-10,0.0018904466462635477,0.0018371054361446479,0.026670605059449858,hist_mean:rule
2016-11,-0.003936961982971342,-0.004020317043971412,0.041677530500035614,hist_mean:rule
2016-12,0.0009318065891495613,0.0007765178627152545,0.07764436321715344,hist_mean:rule
2017-01,0.005400885635771809,0.005306655464257814,0.047115085756997,hist_mean:rule
2017-02,-0.001694405067298714,-0.0017776230375501675,0.0416089851257269,hist_mean:rule
2017-03,0.004137827434738365,0.004063709709437424,0.0370588626504704,hist_mean:rule
2017-04,-0.0012059671902695396,-0.0012867143567913293,0.04037358326089495,hist_mean:rule
2017-05,0.004128769727301911,0.0040494724586559675,0.03964863432297204,hist_mean:rule
2017-06,0.00039386575408596503,0.0003058432995623641,0.04401122726180042,hist_mean:rule
2017-07,0.004014117444636369,0.00382088054427767,0.09661845017934943,hist_mean:rule
2017-08,0.002135043874255119,0.0020602224071472547,0.037410733553932006,hist_mean:rule
2017-09,0.0032279517052130283,0.0031618085583727767,0.03307157342012587,hist_mean:rule
2017-10,0.002500352173108327,0.0024343728410712146,0.03298966601855609,hist_mean:rule
2017-11,0.001543020164789157,0.0014401518883931446,0.051434138198006144,hist_mean:rule
2017-12,4.832571791642937e-05,-2.191747857377793e-05,0.03512159824510375,hist_mean:rule
2018-01,0.00241127423948262,0.0023095272009633775,0.050873519259621344,hist_mean:rule
2018-02,0.0030145288319862514,0.0029186672648633368,0.04793078356145732,hist_mean:rule
2018-03,0.0009625266953841485,0.000834960177657218,0.06378325886346539,hist_mean:rule
2018-04,0.0007967716886185302,0.0007122096972333087,0.042280995692610686,hist_mean:rule
2018-05,0.005077864133643564,0.004983813456468448,0.04702533858755824,hist_mean:rule
2018-06,0.002921888940394324,0.0028348374417467913,0.04352574932376634,hist_mean:rule
2018-07,0.003596611389582427,0.003518778445661075,0.038916471960676165,hist_mean:rule
2018-08,0.004950786823484338,0.004870369531008823,0.04020864623775787,hist_mean:rule
2018-09,0.011242892205523982,0.011156749784584865,0.04307121046955858,hist_mean:rule
2018-10,0.0023049590350634236,0.0022185549879977303,0.04320202353284675,hist_mean:rule
2018-11,-0.0006941264464007776,-0.000785299447385402,0.04558650049231257,hist_mean:rule
2018-12,-0.001104594895692721,-0.0011971463264871664,0.04627571539722298,hist_mean:rule
2019-01,0.0033521165691601977,0.0032771383242005845,0.0374891224798067,hist_mean:rule
2019-02,-0.003507263214368238,-0.0036054142113730705,0.0490754985024157,hist_mean:rule
2019-03,0.0038022137186655538,0.003730740994640469,0.0357363620125426,hist_mean:rule
2019-04,0.0022309107495156496,0.002162276672104763,0.0343170387054434,hist_mean:rule
2019-05,0.00037527929313741545,0.000302298353602626,0.036490469767394666,hist_mean:rule
2019-06,0.0045110990619463345,0.0044336832528814405,0.03870790453244688,hist_mean:rule
2019-07,0.004000709528659441,0.0038700549979043437,0.06532726537754853,hist_mean:rule
2019-08,0.0003516342252189407,0.00026817071710973084,0.04173175405460485,hist_mean:rule
2019-09,-0.00066902101368766,-0.0007666596368099943,0.04881931156116719,hist_mean:rule
2019-10,-0.0004971976485270501,-0.0005817989827167869,0.04230066709486835,hist_mean:rule
2019-11,-0.0016614221374561726,-0.0017391739703781267,0.038875916460976816,hist_mean:rule
2019-12,0.004027734032016057,0.003945138049212431,0.041297991401813124,hist_mean:rule
2020-01,0.002873729971883987,0.0028100752642253794,0.0318273538293039,hist_mean:rule
2020-02,0.004771146024752642,0.004690048446870138,0.04054878894125231,hist_mean:rule
2020-03,0.003914321833371927,0.003838696939288649,0.03781244704163923,hist_mean:rule
2020-04,-0.0064370734160906565,-0.0065950843182630324,0.07900545108618853,hist_mean:rule
2020-05,0.0004894749617171615,0.00034421194241783857,0.07263150964966139,hist_mean:rule
2020-06,-0.005506259117195798,-0.005605855349801923,0.04979811630306325,hist_mean:rule
2020-07,0.0024228016330266056,0.002301713168337862,0.06054423234437198,hist_mean:rule
2020-08,-0.004378267646376963,-0.004501379455848903,0.06155590473597008,hist_mean:rule
2020-09,0.0009100205934101414,0.0008150076974341048,0.04750644798801842,hist_mean:rule
2020-10,0.003348110544375058,0.0032553106458864424,0.0463999492443077,hist_mean:rule
2020-11,-0.01747416795689738,-0.01756589897250282,0.045865507802720196,hist_mean:rule
2020-12,-0.004077991872888407,-0.004218959137278013,0.07048363219480305,hist_mean:rule
2021-01,0.0038398818884343654,0.003737485350942987,0.051198268745689585,hist_mean:rule
2021-02,-0.002332254474013804,-0.002427002795221086,0.04737416060364107,hist_mean:rule
2021-03,0.001439941267334285,0.0013327298623518682,0.053605702491208274,hist_mean:rule
2021-04,0.0018811272176312904,0.0017857976276520434,0.04766479498962356,hist_mean:rule
2021-05,0.0007836033347102697,0.0006756707221094002,0.053966306300434745,hist_mean:rule
2021-06,-0.00430001235403543,-0.004385893220834827,0.042940433399698746,hist_mean:rule
2021-07,0.0038077826343092306,0.0037138828116773065,0.046949911315962135,hist_mean:rule
2021-08,-0.001308154363531197,-0.0013789558533783362,0.035400744923569434,hist_mean:rule
2021-09,0.0028462186968254226,0.0027578200319198806,0.04419933245277091,hist_mean:rule
2021-10,5.3468984826484343e-05,-3.446700767479415e-05,0.04396799625063908,hist_mean:rule
2021-11,0.005673581991427069,0.005591375224672839,0.0411033833771148,hist_mean:rule
2021-12,0.008488427605924283,0.008386522930848102,0.050952337538089816,hist_mean:rule
2022-01,0.0075461361314273,0.007468272210628421,0.03893196039943892,hist_mean:rule
2022-02,0.009103800765182541,0.009018957462634737,0.0424216512739021,hist_mean:rule
2022-03,0.003919786517851117,0.0038224622638908163,0.04866212698015028,hist_mean:rule
2022-04,0.00893671441782438,0.008824507955597239,0.05610323111356933,hist_mean:rule
2022-05,0.004689992119178357,0.004575056453817606,0.057467832680375565,hist_mean:rule
2022-06,-0.0013599911124281068,-0.0014547058150889873,0.04735735133044008,hist_mean:rule
2022-07,-0.000978793350655271,-0.0010707679207202475,0.04598728503248823,hist_mean:rule
2022-08,-0.002486676653459198,-0.002563557041403408,0.038440193972105206,hist_mean:rule
2022-09,0.002759027275736903,0.00267036785559783,0.04432971006953666,hist_mean:rule
2022-10,0.003004847996820896,0.002920090357787666,0.04237881951661503,hist_mean:rule
2022-11,-0.0014885284846127252,-0.0015961532641428583,0.05381238976506661,hist_mean:rule
2022-12,0.0056287558364008705,0.005515959673052084,0.05639808167439366,hist_mean:rule
2023-01,0.0017132221859932145,0.001626917349515257,0.04315241823897863,hist_mean:rule
2023-02,0.0019223484537068806,0.0018255181692650793,0.04841514222090058,hist_mean:rule
2023-03,0.001894100374478133,0.0018260188228343772,0.03404077582187782,hist_mean:rule
2023-04,-0.000511728204293662,-0.0005916598649997619,0.03996583035305007,hist_mean:rule
2023-05,-0.0022919701081790607,-0.002374123846150034,0.04107686898548651,hist_mean:rule
2023-06,0.0026380615670032847,0.002561461702314594,0.03829993234434519,hist_mean:rule
2023-07,0.0015410440841281611,0.001464261196109196,0.03839144400948268,hist_mean:rule
2023-08,0.0011746518361603995,0.0010797613012084848,0.047445267475957315,hist_mean:rule
2023-09,0.005777500971009344,0.0057061475756747275,0.035676697667307605,hist_mean:rule
2023-10,0.005247932685495368,0.005175884344109791,0.03602417069278808,hist_mean:rule
2023-11,-0.0030145867134826793,-0.003153231066103819,0.06932217631056978,hist_mean:rule
2023-12,0.0037407922411433676,0.00366684488820329,0.03697367647003887,hist_mean:rule
2024-01,0.010211384508225637,0.01013758667926017,0.036898914482734066,hist_mean:rule
2024-02,-0.0016677494482437937,-0.0017576588891563534,0.04495472045627983,hist_mean:rule
2024-03,0.00370179613157997,0.0036154694850522263,0.04316332326387204,hist_mean:rule
2024-04,0.0017007732970907906,0.001593960002100677,0.05340664749505677,hist_mean:rule
2024-05,0.001419169918276062,0.0013127899537204067,0.05318998227782765,hist_mean:rule
2024-06,0.002431926109506726,0.0023402096634892637,0.04585822300873084,hist_mean:rule
2024-07,0.0017429653506938934,0.0016847776180166653,0.029093866338614195,hist_mean:rule
2024-08,0.002035242164716789,0.0019690051517358043,0.033118506490492264,hist_mean:rule
2024-09,8.04834250789986e-05,1.2548694408249736e-05,0.03396736533537441,hist_mean:rule
2024-10,-0.00039484192265284014,-0.0004583149796481148,0.03173652849763738,hist_mean:rule
2024-11,0.009991781643614788,0.009917161932195663,0.037309855709561836,hist_mean:rule
2024-12,0.000994735681094432,0.0009268236734343775,0.0339560038300273,hist_mean:rule
2025-01,0.0023260221330640585,0.0022646576526239768,0.03068224022004112,hist_mean:rule
2025-02,0.0029095388186587633,0.0028333660525896795,0.03808638303454183,hist_mean:rule
2025-03,0.0045327505066765,0.004461971335770875,0.03538958545281255,hist_mean:rule
2025-04,-0.0002076661766032686,-0.0002838761124866986,0.03810496794171492,hist_mean:rule
2025-05,-0.0004746386127010532,-0.000555389016162798,0.04037520173087234,hist_mean:rule
2025-06,-0.003406667618794705,-0.0034934584352791145,0.04339540824220431,hist_mean:rule
2025-07,-0.0016283056830460269,-0.001687355882851826,0.029525099902899546,hist_mean:rule
2025-08,-0.0020873448973564774,-0.0021663557677067836,0.03950543517515305,hist_mean:rule
2025-09,0.0036071569453896483,0.003534995534487201,0.036080705451223424,hist_mean:rule
2025-10,0.007452497077137492,0.007375402287248811,0.03854739494434048,hist_mean:rule
2025-11,0.003924233507515019,0.003830819156240171,0.04670717563742372,hist_mean:rule
2025-12,0.006178147882459223,0.00611448052143912,0.0318336805100518,hist_mean:rule
2000-01,0.009851520347494015,0.009851520347494015,0.0,ols:dm_only
2000-02,0.015616510849555544,0.013630958757564596,0.9927760459954742,ols:dm_only
2000-03,-0.007041479591492938,-0.009017278089600721,0.9878992490538921,ols:dm_only
2000-04,-0.00980271606866512,-0.011770365266080047,0.9838245987074634,ols:dm_only
2000-05,-0.002965715104443687,-0.005016506870604498,1.0253958830804055,ols:dm_only
2000-06,-0.0033207258317237177,-0.005301057636432918,0.9901659023545999,ols:dm_only
2000-07,-0.0019517181845850017,-0.003954621691158322,1.0014517532866603,ols:dm_only
2000-08,-0.0010519903684404319,-0.002883933940735784,0.9159717861476759,ols:dm_only
2000-09,-0.0010414535082762058,-0.0029457561273137645,0.952151309518779,ols:dm_only
2000-10,0.00358464626504885,0.0017214208961467046,0.9316126844510725,ols:dm_only
2000-11,0.00914077954844279,0.0074731266150860134,0.8338264666783871,ols:dm_only
2000-12,0.0002563175123674384,-0.0014613675248484077,0.8588425186079227,ols:dm_only
2001-01,-0.008053765842531226,-0.009974006118849068,0.9601201381589204,ols:dm_only
2001-02,0.0033079547730030883,0.0011640064052289873,1.0719741838870505,ols:dm_only
2001-03,0.024677307654393243,0.022488611325966433,1.0943481642134063,ols:dm_only
2001-04,0.0023329243599199746,0.0005818867713335472,0.8755187942932136,ols:dm_only
2001-05,0.00795222622360792,0.00593565533407657,1.0082854447656753,ols:dm_only
2001-06,-0.0075386231741033476,-0.009258850288697197,0.8601135572969251,ols:dm_only
2001-07,0.016381960825947072,0.014392800311845727,0.9945802570506719,ols:dm_only
2001-08,-0.004918697072669,-0.006554966082678768,0.8181345050048842,ols:dm_only
2001-09,0.012286172806535843,0.010283844515089768,1.0011641457230378,ols:dm_only
2001-10,-0.01655764849583568,-0.018388567617862603,0.9154595610134627,ols:dm_only
2001-11,-0.0015548313259914823,-0.003839860992443246,1.1425148332258823,ols:dm_only
2001-12,0.0018473744547634807,-0.00031478877968805206,1.0810816172257667,ols:dm_only
2002-01,0.002213320574857887,3.217635192770894e-05,1.090572111465089,ols:dm_only
2002-02,0.013380520195548348,0.011856267075850982,0.7621265598486832,ols:dm_only
2002-03,0.013441964213300352,0.012155252385661097,0.6433559138196276,ols:dm_only
2002-04,0.01070890833844046,0.009535044906458153,0.5869317159911526,ols:dm_only
2002-05,0.007431042612911502,0.00603274953641267,0.6991465382494157,ols:dm_only
2002-06,0.007035529887089663,0.005679853863175435,0.6778380119571138,ols:dm_only
2002-07,0.004066681784359555,0.0027521130526295796,0.6572843658649876,ols:dm_only
2002-08,0.0006001175347136688,-0.0006862494760987927,0.6431835054062307,ols:dm_only
2002-09,0.0035126791302821573,0.0021893766155651516,0.6616512573585029,ols:dm_only
2002-10,0.0019453604922798507,0.000659759327633431,0.6428005823232094,ols:dm_only
2002-11,-0.0006495085661748661,-0.002234955957901414,0.792723695863274,ols:dm_only
2002-12,0.002209428749857365,0.0008004580482658149,0.7044853507957745,ols:dm_only
2003-01,0.0012794588598614048,-5.421032800239446e-05,0.6668345939318996,ols:dm_only
2003-02,3.6040915452401426e-05,-0.00095139247992435,0.4937166976883757,ols:dm_only
2003-03,0.009298959224570936,0.008240623847868002,0.5291676883514665,ols:dm_only
2003-04,-0.004612631023306182,-0.005411060512574063,0.3992147446339399,ols:dm_only
2003-05,0.0057357264480024615,0.004601850376526179,0.566938035738141,ols:dm_only
2003-06,0.003363310236957626,0.002216291006122303,0.5735096154176614,ols:dm_only
2003-07,0.007596878641413655,0.00647900946526545,0.558934588074103,ols:dm_only
2003-08,0.003763765419158408,0.002666494295007597,0.5486355620754052,ols:dm_only
2003-09,-0.0010003858324331633,-0.0021500786166499487,0.5748463921083925,ols:dm_only
2003-10,0.014357867828483233,0.013215388174887308,0.5712398267979626,ols:dm_only
2003-11,0.002745738237926103,0.0016499052068243913,0.547916515550856,ols:dm_only
2003-12,0.0019231613031522633,0.0007931420587711644,0.5650096221905495,ols:dm_only
2004-01,-0.001169709324577164,-0.002322581054650882,0.576435865036859,ols:dm_only
2004-02,0.0028607960368229545,0.0013866690853788796,0.7370634757220375,ols:dm_only
2004-03,0.0031091486624735855,0.0019971833284727738,0.5559826670004059,ols:dm_only
2004-04,0.0006092404579807309,-0.00040801137171987895,0.508625914850305,ols:dm_only
2004-05,-0.0008963001492150449,-0.0018754829020770098,0.48959137643098266,ols:dm_only
2004-06,0.005899002449380743,0.004857184195537649,0.520909126921547,ols:dm_only
2004-07,0.008225175168668029,0.00723765238411171,0.4937613922781593,ols:dm_only
2004-08,0.005728845454089004,0.004866029729394741,0.4314078623471314,ols:dm_only
2004-09,0.006100652460214334,0.005163209673243626,0.46872139348535424,ols:dm_only
2004-10,0.007738860097671506,0.006791759629238334,0.47355023421658615,ols:dm_only
2004-11,0.002925232475871574,0.0020868526304627564,0.41918992270440913,ols:dm_only
2004-12,0.008428930242732368,0.007375731387687506,0.5265994275224306,ols:dm_only
2005-01,0.0005688513491108166,-0.0005472979029034366,0.5580746260071265,ols:dm_only
2005-02,0.007615361582422947,0.0066298725048594435,0.4927445387817516,ols:dm_only
2005-03,0.0010364607544372513,6.620633074371716e-05,0.48512721184676705,ols:dm_only
2005-04,0.008172822634155022,0.00714903309446908,0.5118947698429704,ols:dm_only
2005-05,-0.005024278938468352,-0.005851234425017895,0.4134777432747723,ols:dm_only
2005-06,-0.0017377102515384712,-0.002781021579435384,0.5216556639484566,ols:dm_only
2005-07,0.005440694237081528,0.004474614675930924,0.48303978057530195,ols:dm_only
2005-08,0.00098350483611693,-3.69557728459563e-05,0.5102303044814435,ols:dm_only
2005-09,0.003045603767998345,0.0018940335840509036,0.5757850919737206,ols:dm_only
2005-10,-0.0006481374410115916,-0.0016897609098621117,0.5208117344252601,ols:dm_only
2005-11,-0.0053563293491306705,-0.006441699420375189,0.5426850356222593,ols:dm_only
2005-12,0.0006978137590947299,-0.0004149987157499197,0.5564062374223245,ols:dm_only
2006-01,-0.0025823841025456864,-0.003743698557731074,0.580657227592694,ols:dm_only
2006-02,0.0004086440935192842,-0.0011236335709108637,0.766138832215074,ols:dm_only
2006-03,-0.00015426653103804716,-0.001412356450573273,0.629044959767613,ols:dm_only
2006-04,0.00624621494124988,0.005010707747481429,0.6177535968842259,ols:dm_only
2006-05,0.001506809241269391,0.00034282560183598567,0.5819918197167027,ols:dm_only
2006-06,0.0071443299061500765,0.005913638277519808,0.6153458143151339,ols:dm_only
2006-07,-0.0005619295232135795,-0.0015874839576024901,0.5127772171944552,ols:dm_only
2006-08,-0.0006138642099596948,-0.001863430728513002,0.6247832592766536,ols:dm_only
2006-09,-0.0014938771773531498,-0.0027701310410005843,0.6381269318237173,ols:dm_only
2006-10,-0.00043986217046018135,-0.0015201655199791415,0.54015167475948,ols:dm_only
2006-11,0.004672708962364826,0.0035823704004047403,0.545169280980043,ols:dm_only
2006-12,0.002508806101879161,0.0014056217028270755,0.5515921995260425,ols:dm_only
2007-01,0.0039647477424467285,0.0027029879977709913,0.6308798723378684,ols:dm_only
2007-02,0.0029971154222725523,0.0017295943649337092,0.6337605286694218,ols:dm_only
2007-03,0.005974588257773058,0.004842447701677233,0.5660702780479128,ols:dm_only
2007-04,0.005434373816504627,0.004346047550438542,0.5441631330330423,ols:dm_only
2007-05,0.0027774257922906845,0.001709460574549322,0.5339826088706812,ols:dm_only
2007-06,-0.0024225952977650184,-0.003717659620674754,0.6475321614548679,ols:dm_only
2007-07,6.599358361062541e-06,-0.0013681310875860058,0.6873652229735341,ols:dm_only
2007-08,0.005658192035350789,0.004337982570287959,0.6601047325314153,ols:dm_only
2007-09,0.000936775323057581,-0.0003121769249541474,0.6244761240058643,ols:dm_only
2007-10,0.014657654615309443,0.01340754509330501,0.625054761002217,ols:dm_only
2007-11,0.0056500199328509615,0.004465511506183381,0.59225421333379,ols:dm_only
2007-12,0.003310915439890262,0.0019479067994823502,0.6815043202039559,ols:dm_only
2008-01,0.003001436552556624,0.0017607195376984415,0.6203585074290908,ols:dm_only
2008-02,-0.0002963596499585751,-0.0016496041474669165,0.6766222487541708,ols:dm_only
2008-03,0.011922114865853806,0.01048711992646186,0.717497469695974,ols:dm_only
2008-04,-0.00037965710544545135,-0.0015747385978442867,0.5975407461994175,ols:dm_only
2008-05,0.001770145124631897,0.0004300725926220144,0.6700362660049415,ols:dm_only
2008-06,0.012514685162947929,0.01121786318184882,0.6484109905495548,ols:dm_only
2008-07,-0.006662395062878396,-0.007838197023719485,0.5879009804205446,ols:dm_only
2008-08,0.01287634526175913,0.011367596557088666,0.7543743523352329,ols:dm_only
2008-09,0.017219879866125127,0.016142224524073025,0.5388276710260518,ols:dm_only
2008-10,0.03621693718387393,0.035201545856385325,0.507695663744303,ols:dm_only
2008-11,0.016008598677248794,0.015019062079620227,0.49476829881428297,ols:dm_only
2008-12,-0.010636482100507095,-0.011864018644211272,0.613768271852089,ols:dm_only
2009-01,1.10425066596426e-05,-0.0014890046096734276,0.750023558166535,ols:dm_only
2009-02,0.007916818778625167,0.006368480830172114,0.7741689742265271,ols:dm_only
2009-03,-0.008227447217999182,-0.009393483580700654,0.5830181813507369,ols:dm_only
2009-04,-0.017483543106046925,-0.018905142250636022,0.7107995722945464,ols:dm_only
2009-05,0.008735041911420624,0.006976778861677811,0.8791315248714064,ols:dm_only
2009-06,-0.007246315522441222,-0.008858482205636748,0.8060833415977626,ols:dm_only
2009-07,0.0030086248226151246,0.0012287311427312967,0.8899468399419138,ols:dm_only
2009-08,0.0026032520157484407,0.0012337141966034296,0.6847689095725056,ols:dm_only
2009-09,0.0003472370201713091,-0.000952828500660079,0.650032760415694,ols:dm_only
2009-10,0.0015455988734544776,0.00039808746895359973,0.5737557022504388,ols:dm_only
2009-11,0.0022448750659752885,0.0010078926402556326,0.6184912128598279,ols:dm_only
2009-12,-0.0018456563173995702,-0.0030609712092908143,0.6076574459456223,ols:dm_only
2010-01,-0.0041472786866397875,-0.0055677871987680205,0.7102542560641165,ols:dm_only
2010-02,-0.0009304988262096592,-0.0024301728850591566,0.7498370294247486,ols:dm_only
2010-03,-0.0038370568048609,-0.005304024475851488,0.7334838354952938,ols:dm_only
2010-04,0.0032209223050468846,0.0017826367324496027,0.7191427862986409,ols:dm_only
2010-05,0.0049261574866786475,0.003572340036705206,0.6769087249867208,ols:dm_only
2010-06,0.004170890564340375,0.002976210347809952,0.5973401082652113,ols:dm_only
2010-07,0.0043621058269780215,0.00329176896326852,0.5351684318547502,ols:dm_only
2010-08,0.005025773686955867,0.003792722102510205,0.6165257922228315,ols:dm_only
2010-09,-0.0018532712644424645,-0.0030954063783545527,0.621067556956044,ols:dm_only
2010-10,0.005852131482466136,0.004425830224354585,0.7131506290557755,ols:dm_only
2010-11,0.006396381119342199,0.005124594458148082,0.635893330597059,ols:dm_only
2010-12,0.006620388166271662,0.0053263561313636396,0.6470160174540114,ols:dm_only
2011-01,0.005257645518029016,0.003977013279878911,0.6403161190750529,ols:dm_only
2011-02,-0.0015517126159265919,-0.0028935696309003362,0.6709285074868725,ols:dm_only
2011-03,0.0012034574407159924,-7.863501904442367e-05,0.6410462298802082,ols:dm_only
2011-04,0.006447832472168567,0.0052472232902472035,0.6003045909606815,ols:dm_only
2011-05,0.004392870717944721,0.0033095128730441375,0.541678922450292,ols:dm_only
2011-06,0.0053809606831613285,0.004270338235550699,0.5553112238053153,ols:dm_only
2011-07,0.006606372695593822,0.00560441852227834,0.5009770866577414,ols:dm_only
2011-08,0.011381535342147593,0.010409018403874589,0.4862584691365025,ols:dm_only
2011-09,0.01361823979433776,0.012593997901092823,0.5121209466224691,ols:dm_only
2011-10,-0.015982187928289898,-0.017092102373682253,0.5549572226961765,ols:dm_only
2011-11,0.006890993088706379,0.005340927894666093,0.7750325970201432,ols:dm_only
2011-12,0.003995999955198157,0.0025658774423516677,0.7150612564232448,ols:dm_only
2012-01,-0.010799743984632348,-0.011758259788177369,0.4792579017725094,ols:dm_only
2012-02,0.0013134700831954182,9.392781894524037e-06,0.6520386506504471,ols:dm_only
2012-03,0.005203490473762588,0.004045768384279619,0.5788610447414843,ols:dm_only
2012-04,0.004395894267472794,0.003378261476212451,0.5088163956301716,ols:dm_only
2012-05,0.009186760221198563,0.008264504401240566,0.4611279099789986,ols:dm_only
2012-06,0.004598693714088776,0.0036761836153131663,0.461255049387805,ols:dm_only
2012-07,0.007457753104845293,0.006388189628526971,0.5347817381591609,ols:dm_only
2012-08,0.00487748213155597,0.003896953029548306,0.4902645510038322,ols:dm_only
2012-09,-0.0016714905777919604,-0.002636775540086004,0.4826424811470218,ols:dm_only
2012-10,0.000709273587901236,-0.0004584530637546615,0.5838633258279488,ols:dm_only
2012-11,0.006451721515106065,0.005257037016685999,0.5973422492100331,ols:dm_only
2012-12,-0.0019918771002305426,-0.0030396801058855667,0.5239015028275119,ols:dm_only
2013-01,0.0031945108191078334,0.002007368333689347,0.5935712427092433,ols:dm_only
2013-02,0.004396969497330565,0.003244537271500129,0.5762161129152185,ols:dm_only
2013-03,0.007024268372897958,0.005998928928376314,0.5126697222608222,ols:dm_only
2013-04,0.01084756319017061,0.009954610749520015,0.44647622032529716,ols:dm_only
2013-05,0.0032132978530348562,0.00226518270899961,0.47405757201762316,ols:dm_only
2013-06,0.004520906079596493,0.003356793930147019,0.5820560747247366,ols:dm_only
2013-07,0.002478528338828437,0.0013588324182676758,0.5598479602803806,ols:dm_only
2013-08,0.0039550760904975436,0.002802416393215408,0.5763298486410675,ols:dm_only
2013-09,-0.005556444655034294,-0.006716709042655501,0.5801321938106031,ols:dm_only
2013-10,0.00039777679316792773,-0.0007858717760196372,0.5918242845937824,ols:dm_only
2013-11,0.000895779583463933,-0.00018467533163828907,0.5402274575511111,ols:dm_only
2013-12,0.003429212580529388,0.0024296104263675706,0.4998010770809089,ols:dm_only
2014-01,-0.0007672964126877702,-0.0016652259146396624,0.448964750975946,ols:dm_only
2014-02,0.0029260212105333186,0.0018918159250004237,0.5171026427664474,ols:dm_only
2014-03,-0.00022984520082962494,-0.0012625522479865385,0.5163535235784567,ols:dm_only
2014-04,0.004705250014436391,0.0036194740205635037,0.5428879969364434,ols:dm_only
2014-05,0.0027317260072804044,0.0017377261456878708,0.4969999307962669,ols:dm_only
2014-06,0.0012233639671328353,0.00023485079906314631,0.49425658403484457,ols:dm_only
2014-07,0.00010778082546770287,-0.0008097215246242534,0.4587511750459782,ols:dm_only
2014-08,0.0028943479298566195,0.0018209447583737751,0.5367015857414221,ols:dm_only
2014-09,-0.0019365679529988282,-0.0029399286842194295,0.5016803656103005,ols:dm_only
2014-10,0.0032829045266068876,0.0022703861143681062,0.5062592061193906,ols:dm_only
2014-11,0.008066900148282222,0.007024117417782264,0.5213913652499789,ols:dm_only
2014-12,0.0113694170669271,0.010423392648785914,0.4730122090705925,ols:dm_only
2015-01,0.006414990032188385,0.005477075022279276,0.46895750495455507,ols:dm_only
2015-02,-0.0011615893448801155,-0.002271597423765593,0.5550040394427388,ols:dm_only
2015-03,0.004674441648804012,0.003507731177606928,0.583355235598542,ols:dm_only
2015-04,-0.011759818889739149,-0.012850060226759687,0.5451206685102689,ols:dm_only
2015-05,0.00028082324178812373,-0.001113573771663529,0.6971985067258264,ols:dm_only
2015-06,0.002316340550059608,0.0009713212324990595,0.6725096587802744,ols:dm_only
2015-07,0.008607498280127029,0.00763424968313361,0.4866242984967101,ols:dm_only
2015-08,0.008894611503217794,0.007892270031072441,0.501170736072677,ols:dm_only
2015-09,0.003277322937937824,0.0022870922601759516,0.4951153388809363,ols:dm_only
2015-10,-0.005062012087943139,-0.006116931519419994,0.5274597157384274,ols:dm_only
2015-11,0.001880163306543408,0.0006629024301870748,0.6086304381781665,ols:dm_only
2015-12,-3.7092755366921685e-05,-0.0012082075052262918,0.585557374929685,ols:dm_only
2016-01,0.0020350682023408673,0.0009074101186923235,0.563829041824272,ols:dm_only
2016-02,-0.001127730487512906,-0.002247717095473059,0.5599933039800764,ols:dm_only
2016-03,-0.004608337421320113,-0.005838620616058232,0.6151415973690597,ols:dm_only
2016-04,0.004112966469248068,0.0028205540693204633,0.6462061999638026,ols:dm_only
2016-05,0.0011477508726970814,-5.1949506328839885e-05,0.5998501895129607,ols:dm_only
2016-06,-0.0021770963369843596,-0.003356924772294102,0.5899142176548712,ols:dm_only
2016-07,-2.787992840647454e-05,-0.0010759623393078919,0.5240412054507086,ols:dm_only
2016-08,0.006077074110372204,0.0049160870869433704,0.5804935117144165,ols:dm_only
2016-09,0.006172561541226497,0.005136974490980335,0.5177935251230812,ols:dm_only
2016-10,0.0028117256033563087,0.002044972279334257,0.3833766620110259,ols:dm_only
2016-11,-0.00097966837903278,-0.0019182455649650353,0.4692885929661275,ols:dm_only
2016-12,0.000938192396942862,-0.0001708515084054624,0.5545219526741622,ols:dm_only
2017-01,0.0036560124948825518,0.0025895960522581748,0.5332082213121886,ols:dm_only
2017-02,-0.0006128968458606577,-0.0017070338372616415,0.5470684957004918,ols:dm_only
2017-03,0.002376054430553981,0.0013369717049855122,0.5195413627842347,ols:dm_only
2017-04,0.00017046290218481716,-0.0008600990941848444,0.5152809981848309,ols:dm_only
2017-05,0.003938492235707306,0.002939655494735356,0.499418370485975,ols:dm_only
2017-06,-0.000748694300359936,-0.0018186983008528998,0.5350020002464817,ols:dm_only
2017-07,0.003638948298125103,0.0025418707974993425,0.54853875031288,ols:dm_only
2017-08,0.003888722150069723,0.0028766500862949123,0.5060360318874054,ols:dm_only
2017-09,0.0005257368875378011,-0.00039082866684673903,0.45828277719227,ols:dm_only
2017-10,0.005603894580915474,0.004670780727271688,0.4665569268218932,ols:dm_only
2017-11,0.0032240488517230512,0.002168190823209953,0.5279290142565494,ols:dm_only
2017-12,0.004619610143204075,0.0035260370477331704,0.5467865477354521,ols:dm_only
2018-01,0.0023469454729657235,0.001227661669679412,0.5596419016431556,ols:dm_only
2018-02,0.002441708510188454,0.0011744816424140814,0.6336134338871864,ols:dm_only
2018-03,0.002404101653902231,0.001264978224539897,0.569561714681167,ols:dm_only
2018-04,0.0008854190063617636,-0.0001265478109313251,0.5059834086465446,ols:dm_only
2018-05,0.00333588660758381,0.002170082112692942,0.582902247445434,ols:dm_only
2018-06,0.0033066119812266287,0.0021702903889555063,0.5681607961355614,ols:dm_only
2018-07,0.0015227408169015836,0.0005309242253729719,0.4959082957643059,ols:dm_only
2018-08,0.0054499537194497285,0.0044004248006584085,0.5247644593956604,ols:dm_only
2018-09,0.01380651500487684,0.01273878430787574,0.5338653485005496,ols:dm_only
2018-10,0.002780767916470152,0.001793211986159665,0.49377796515524364,ols:dm_only
2018-11,-0.003281028909028547,-0.004339133167530664,0.5290521292510587,ols:dm_only
2018-12,0.005138591715145558,0.0038001714770895824,0.6692101190279875,ols:dm_only
2019-01,-0.005606773704258637,-0.006708490854318052,0.5508585750297071,ols:dm_only
2019-02,-0.005352438940407881,-0.006685802345459893,0.6666817025260057,ols:dm_only
2019-03,0.005960076991788269,0.0047349169203881655,0.6125800357000515,ols:dm_only
2019-04,0.0015467967592970387,0.0006054869594014588,0.4706548999477898,ols:dm_only
2019-05,0.0016674156407097006,0.000658210105289457,0.5046027677101219,ols:dm_only
2019-06,0.003100701447797004,0.002007345784508922,0.5466778316440408,ols:dm_only
2019-07,0.004986105611666705,0.003937179734452074,0.5244629386073157,ols:dm_only
2019-08,0.0010473553446046539,7.697577539152597e-05,0.4851897846065642,ols:dm_only
2019-09,-0.004603038972176306,-0.005724300322158112,0.5606306749909027,ols:dm_only
2019-10,0.0024849706815020457,0.001209706046072616,0.6376323177147151,ols:dm_only
2019-11,-0.0011069024929410184,-0.002185418040457023,0.5392577737580023,ols:dm_only
2019-12,0.0037467360223066484,0.002564725382491267,0.5910053199076906,ols:dm_only
2020-01,0.005678505260950495,0.004648565741819644,0.5149697595654252,ols:dm_only
2020-02,0.010203299805761458,0.009157734560505754,0.5227826226278527,ols:dm_only
2020-03,0.014540518526571606,0.013580819272149611,0.4798496272109965,ols:dm_only
2020-04,-0.02061170183911816,-0.022021456856840853,0.7048775088613469,ols:dm_only
2020-05,-0.0008973161508705627,-0.0028617161838946615,0.9822000165120494,ols:dm_only
2020-06,-0.003316309105388031,-0.004869357914429639,0.7765244045208041,ols:dm_only
2020-07,0.004025565552709746,0.0026338830570402615,0.6958412478347423,ols:dm_only
2020-08,0.0005430459715171062,-0.0008411148358739166,0.6920804036955112,ols:dm_only
2020-09,-0.0010505694294124532,-0.0024217102713569383,0.6855704209722426,ols:dm_only
2020-10,0.004526966216167859,0.003188388972279108,0.6692886219443756,ols:dm_only
2020-11,-0.029638102357212415,-0.030796638900803835,0.5792682717957108,ols:dm_only
2020-12,0.002205724024830432,0.0002521730336679808,0.9767754955812257,ols:dm_only
2021-01,0.0020114421351686966,0.0004373463280084183,0.7870479035801391,ols:dm_only
2021-02,0.0010057647069548542,-0.000313989296544793,0.6598770017498237,ols:dm_only
2021-03,0.005707089919533177,0.004323699511529633,0.6916952040017718,ols:dm_only
2021-04,0.005240911742903714,0.004020459103646082,0.6102263196288163,ols:dm_only
2021-05,0.0030324647454103106,0.0017289776212494447,0.651743562080433,ols:dm_only
2021-06,-0.004168757808853734,-0.005441512776360986,0.6363774837536258,ols:dm_only
2021-07,0.003961033826086701,0.002731227747938292,0.614903039074204,ols:dm_only
2021-08,-0.0014319285453290474,-0.002585742588646449,0.576907021658701,ols:dm_only
2021-09,0.007325175165577524,0.006121407298921303,0.6018839333281105,ols:dm_only
2021-10,0.0018119270451451084,0.0006732852250811265,0.5693209100319908,ols:dm_only
2021-11,0.004822656482689294,0.0036920012099707724,0.5653276363592606,ols:dm_only
2021-12,0.009109069161006633,0.007832180689642067,0.6384442356822824,ols:dm_only
2022-01,0.011691579295906262,0.010663602049899211,0.5139886230035251,ols:dm_only
2022-02,0.009377399024531755,0.008436823656308915,0.47028768411142,ols:dm_only
2022-03,0.008019260431073897,0.006973364808336008,0.5229478113689447,ols:dm_only
2022-04,0.010751743170227474,0.009778398257733037,0.4866724562472183,ols:dm_only
2022-05,0.0037929002652557953,0.002837560637013695,0.4776698141210503,ols:dm_only
2022-06,0.0020202285025800264,0.0009749300039328435,0.5226492493235915,ols:dm_only
2022-07,-0.005555521972168922,-0.0066223574151646316,0.533417721497855,ols:dm_only
2022-08,-0.0012949459467330616,-0.0024221637958566386,0.5636089245617886,ols:dm_only
2022-09,0.006351678203470008,0.005328679175958181,0.5114995137559134,ols:dm_only
2022-10,0.00502088090956653,0.004025268569402378,0.49780617008207584,ols:dm_only
2022-11,-0.006378933544697293,-0.007454824481225656,0.5379454682641817,ols:dm_only
2022-12,0.005245598202138476,0.004034347930766576,0.6056251356859497,ols:dm_only
2023-01,0.000636854010511382,-0.0004080318829795373,0.5224429467454595,ols:dm_only
2023-02,0.007041027881104694,0.006002848101295564,0.519089889904564,ols:dm_only
2023-03,0.0032156423713849717,0.002354562499672273,0.43053993585634953,ols:dm_only
2023-04,-0.00041654289654587747,-0.0014169464294005662,0.5002017664273444,ols:dm_only
2023-05,-0.0017670271635444135,-0.002696260346787945,0.46461659162176583,ols:dm_only
2023-06,0.0013244148345671768,0.00033395069002252286,0.49523207227232713,ols:dm_only
2023-07,0.004106282130777442,0.0030570695272281205,0.5246063017746608,ols:dm_only
2023-08,0.001579286820118754,0.0005340145230748155,0.5226361485219692,ols:dm_only
2023-09,0.01037415730641205,0.009369263452390246,0.5024469270109017,ols:dm_only
2023-10,0.007967287240584289,0.007132497412632347,0.4173949139759708,ols:dm_only
2023-11,-0.009282879538524014,-0.01019278547141324,0.4549529664446133,ols:dm_only
2023-12,0.00335166452192231,0.0021968494904859464,0.5774075157181818,ols:dm_only
2024-01,0.008399063194366192,0.007367828682771698,0.5156172557972464,ols:dm_only
2024-02,0.00015182421295467226,-0.000900285235710416,0.526054724332544,ols:dm_only
2024-03,0.0034700334505998968,0.0023732660023448693,0.5483837241275139,ols:dm_only
2024-04,-0.0003470062242667846,-0.0014100496644374625,0.531521720085339,ols:dm_only
2024-05,0.002050429823407362,0.0010022381733996064,0.524095825003878,ols:dm_only
2024-06,-0.0007038853384109202,-0.0017114255741443923,0.5037701178667361,ols:dm_only
2024-07,0.00024180229830712428,-0.0007610153731906876,0.5014088357489059,ols:dm_only
2024-08,0.0031830458452157566,0.0021699118088267483,0.5065670181945042,ols:dm_only
2024-09,0.0004029671539766373,-0.0005812962285224567,0.49213169124954703,ols:dm_only
2024-10,0.004581200775362655,0.0035326950602247655,0.5242528575689444,ols:dm_only
2024-11,0.009239403607464976,0.008201247642001103,0.519077982731936,ols:dm_only
2024-12,0.001865909787045237,0.0008374529080891383,0.5142284394780492,ols:dm_only
2025-01,0.0011853207797829282,0.0003054582025963069,0.4399312885933106,ols:dm_only
2025-02,0.0041528742523628944,0.003130155923201583,0.5113591645806557,ols:dm_only
2025-03,0.005791165239526521,0.004838424218378196,0.47637051057416235,ols:dm_only
2025-04,-0.002796954431842554,-0.003731429314951197,0.46723744155432134,ols:dm_only
2025-05,-0.0012544445313093936,-0.002299313822208036,0.5224346454493211,ols:dm_only
2025-06,-0.0005054215383106034,-0.001534602448273893,0.5145904549816451,ols:dm_only
2025-07,-0.0002763073438448683,-0.001189154952233948,0.45642380419453976,ols:dm_only
2025-08,0.002603482360568569,0.0015665482467859292,0.5184670568913199,ols:dm_only
2025-09,0.0035650592545703992,0.0024745347527704996,0.5452622508999497,ols:dm_only
2025-10,0.008466149709166326,0.0073964741684334505,0.5348377703664382,ols:dm_only
2025-11,0.0013941373311581367,0.0002595802743039484,0.5672785284270941,ols:dm_only
2025-12,0.009776220619058399,0.008671716397694292,0.5522521106820537,ols:dm_only
2000-01,0.004979193853257145,0.004979193853257145,0.0,ols:own
2000-02,-0.006138573790195873,-0.0085458098401698,1.2036180249869632,ols:own
2000-03,-0.006838448451277869,-0.008989074454396177,1.0753130015591537,ols:own
2000-04,0.013247475674748325,0.010827040114739788,1.210217780004268,ols:own
2000-05,0.005469743911735632,0.003520702582238168,0.9745206647487319,ols:own
2000-06,-0.005163285838813974,-0.007394554022216464,1.1156340917012453,ols:own
2000-07,-0.0020962967478251864,-0.004283507804737742,1.0936055284562778,ols:own
2000-08,-0.0037315511854411065,-0.005748488176145294,1.008468495352094,ols:own
2000-09,-0.005512126345677944,-0.0076231039757973405,1.0554888150596988,ols:own
2000-10,0.003218103377907175,0.0010479106957553804,1.0850963410758971,ols:own
2000-11,0.005320084807423815,0.0033939901156282695,0.9630473458977727,ols:own
2000-12,-0.004722014369120902,-0.006865766931200679,1.0718762810398879,ols:own
2001-01,-0.014232925144134245,-0.016358346184193785,1.0627105200297688,ols:own
2001-02,-0.0015057258270234713,-0.0035133874594355788,1.0038308162060536,ols:own
2001-03,0.026853712077758184,0.024689122581339512,1.0822947482093368,ols:own
2001-04,0.003763362891664189,0.002292885788648282,0.7352385515079537,ols:own
2001-05,0.012059357475463137,0.010063220496650562,0.9980684894062877,ols:own
2001-06,-0.006022635786606056,-0.007556072417553788,0.7667183154738659,ols:own
2001-07,0.012509360063710338,0.010662624575069037,0.9233677443206513,ols:own
2001-08,-0.0019139215846855867,-0.003477768901558705,0.781923658436559,ols:own
2001-09,0.00798438380707115,0.006223648530897101,0.8803676380870251,ols:own
2001-10,-0.0042458931693358645,-0.005968954578773224,0.8615307047186795,ols:own
2001-11,0.004764767420927709,0.0028467082205778523,0.9590296001749277,ols:own
2001-12,0.0026531183482895395,0.0007577193766306141,0.9476994858294631,ols:own
2002-01,0.0011181615354412425,-0.0008946634483071971,1.0064124918742199,ols:own
2002-02,0.01059394269123887,0.009180036053582166,0.7069533188283513,ols:own
2002-03,0.007683879491197275,0.006336797965899923,0.6735407626486757,ols:own
2002-04,0.0072717820397387965,0.006080056942516347,0.5958625486112252,ols:own
2002-05,0.003125759372510416,0.0017447525936859234,0.6905033894122462,ols:own
2002-06,0.0012661497040379402,-8.050964760023753e-05,0.6733296758190886,ols:own
2002-07,-0.0002722055323641354,-0.001658006648999372,0.6929005583176182,ols:own
2002-08,0.0056703508079396425,0.004390085007508837,0.6401329002154028,ols:own
2002-09,0.0021495046551493393,0.0009177136929027041,0.6158954811233175,ols:own
2002-10,0.006414086019582084,0.005145530689306541,0.6342776651377712,ols:own
2002-11,0.002676426067317845,0.001189487527821587,0.7434692697481287,ols:own
2002-12,0.0016928426203678781,0.0003386882475508986,0.6770771864084899,ols:own
2003-01,-3.417926556341369e-05,-0.0013289725879243553,0.6473966611804711,ols:own
2003-02,-2.4762622598905974e-05,-0.0011721350256522294,0.5736862015266617,ols:own
2003-03,0.006175439972534372,0.004937411123844262,0.6190144243450548,ols:own
2003-04,-0.006150965390199619,-0.0070684023641374725,0.45871848696892664,ols:own
2003-05,0.0041904948353834294,0.0030428125620272743,0.5738411366780777,ols:own
2003-06,0.004265923348132411,0.0029633972455367823,0.6512630512978144,ols:own
2003-07,0.006093889313840018,0.00496977506208053,0.5620571258797439,ols:own
2003-08,0.004730467983744781,0.0036120336443291705,0.5592171697078054,ols:own
2003-09,0.0005906191225737949,-0.000518356730960305,0.5544879267670497,ols:own
2003-10,0.013460884525474628,0.012386446608744488,0.537218958365071,ols:own
2003-11,0.0028015362919879576,0.0018650714076141287,0.4682324421869141,ols:own
2003-12,-0.0012129128393889139,-0.002270922188288474,0.5290046744497798,ols:own
2004-01,0.0028255242015182433,0.0017986892643704177,0.5134174685739128,ols:own
2004-02,0.0019413391295143773,0.0006148924227526121,0.6632233533808829,ols:own
2004-03,0.004661370921496334,0.003687333400499747,0.48701876049829335,ols:own
2004-04,0.002843137221540623,0.001936583814584992,0.4532767034778158,ols:own
2004-05,-0.00015200904793922742,-0.0009732317551361816,0.41061135359847706,ols:own
2004-06,0.008034239308637994,0.007065005665415356,0.4846168216113193,ols:own
2004-07,0.008036127404988522,0.007236907191360948,0.39961010681378706,ols:own
2004-08,0.005731014344895324,0.004975325982884779,0.37784418100527223,ols:own
2004-09,0.003945465804198073,0.0030968775572921305,0.42429412345297135,ols:own
2004-10,0.005205300393729937,0.004326634414758529,0.4393329894857037,ols:own
2004-11,0.004986781380641717,0.004254547822693214,0.36611677897425143,ols:own
2004-12,0.00878614110195024,0.00786897518933078,0.45858295630972873,ols:own
2005-01,0.002161123022635,0.001175230699039293,0.49294616179785344,ols:own
2005-02,0.007743546883893963,0.006922873307226549,0.4103367883337063,ols:own
2005-03,0.0015166087675024822,0.0006980328372946165,0.4092879651039329,ols:own
2005-04,0.008759057628889918,0.00793792415848083,0.41056673520454434,ols:own
2005-05,-0.004763586737157334,-0.005458177298856883,0.347295280849775,ols:own
2005-06,-0.002468370305976033,-0.0033098377995387763,0.42073374678137176,ols:own
2005-07,0.009972642196930717,0.009198457328979271,0.38709243397572357,ols:own
2005-08,0.0016735476520320055,0.0009250061497639856,0.37427075113400987,ols:own
2005-09,0.001955360076871864,0.0009827803183828205,0.4862898792445218,ols:own
2005-10,0.00037881612211322646,-0.00048182957399096974,0.43032284805209814,ols:own
2005-11,-0.0048433452172713274,-0.0056972207837543,0.42693778324148646,ols:own
2005-12,-0.0016340559183563165,-0.002523262912245459,0.44460349694457124,ols:own
2006-01,-0.0004891035894297991,-0.0013508088208618414,0.43085261571602096,ols:own
2006-02,-0.0009147340250519457,-0.002056770733949989,0.5710183544490218,ols:own
2006-03,-5.170888962603739e-05,-0.0010136598068534377,0.4809754586137,ols:own
2006-04,0.00444745179680122,0.0035450959743901058,0.45117791120555734,ols:own
2006-05,0.0016087037533659742,0.0007198579634310889,0.4444228949674428,ols:own
2006-06,0.005620451710670532,0.00465830511844615,0.48107329611219085,ols:own
2006-07,0.0017136374796646692,0.0009084883527170325,0.40257456347381826,ols:own
2006-08,-0.0004972400078003906,-0.001534711423994979,0.518735708097294,ols:own
2006-09,-0.0016380558936650148,-0.0026083165029611452,0.4851303046480651,ols:own
2006-10,0.0002712585807842712,-0.0006391870389636294,0.45522280987395025,ols:own
2006-11,0.0024211084012657124,0.0016142433158937873,0.4034325426859629,ols:own
2006-12,0.0017588545776654081,0.0009219288135039331,0.4184628820807376,ols:own
2007-01,0.0031538690174772906,0.0022088544628492083,0.472507277314041,ols:own
2007-02,0.002726022913291604,0.001699130330863681,0.5134462912139612,ols:own
2007-03,0.0059829796426547595,0.005016289624825436,0.48334500891466137,ols:own
2007-04,0.0020001859418729263,0.001038838786380341,0.4806735777462925,ols:own
2007-05,0.0021400262523967426,0.00123095037973835,0.4545379363291964,ols:own
2007-06,-3.612897949807703e-05,-0.0010181055147198822,0.49098826761090264,ols:own
2007-07,-0.00041626827500152017,-0.0015172251681017045,0.5504784465500923,ols:own
2007-08,0.005408074221529999,0.004359779762233907,0.5241472296480454,ols:own
2007-09,-0.0003856107908091882,-0.0014011002793952176,0.5077447442930149,ols:own
2007-10,0.010261490619151081,0.009197255912172757,0.5321173534891623,ols:own
2007-11,0.004817067705479215,0.003843244303921535,0.48691170077884005,ols:own
2007-12,0.0021884989519636985,0.0010420842588803258,0.5732073465416865,ols:own
2008-01,-0.0001962317668675279,-0.00130384082499577,0.5538045290641209,ols:own
2008-02,0.0033393528770109234,0.002196972058457915,0.5711904092765044,ols:own
2008-03,0.007813385410715258,0.00664405408648328,0.5846656621159892,ols:own
2008-04,0.003747874250691021,0.002741006346360453,0.5034339521652839,ols:own
2008-05,7.448985658195616e-06,-0.0010871021636907853,0.5472755746744902,ols:own
2008-06,0.010569016983051358,0.009478383291669031,0.545316845691163,ols:own
2008-07,-0.003249483316271662,-0.004211721582197494,0.48111913296291586,ols:own
2008-08,0.009865207638255338,0.008594056724439154,0.6355754569080924,ols:own
2008-09,0.011871658522817947,0.010816139699611899,0.5277594116030248,ols:own
2008-10,0.030273300184973984,0.029320064576859154,0.47661780405741544,ols:own
2008-11,0.01418431858584558,0.013250473061302849,0.4669227622713649,ols:own
2008-12,-0.006307208190199736,-0.007497666022628357,0.5952289162143098,ols:own
2009-01,0.0028962246088228864,0.0016864317452278893,0.6048964317974984,ols:own
2009-02,0.005490886664133298,0.004332223569886458,0.5793315471234202,ols:own
2009-03,-0.007473775266788683,-0.00832335511256211,0.4247899228867129,ols:own
2009-04,-0.018824306702752813,-0.019860307958944765,0.5180006280959761,ols:own
2009-05,-0.003612818490965391,-0.004868763696550317,0.6279726027924634,ols:own
2009-06,-0.0048048641314551565,-0.006081699499963848,0.6384176842543458,ols:own
2009-07,0.0024944448339072178,0.0011732510793424032,0.6605968772824073,ols:own
2009-08,0.002270248192142748,0.0011850019479837006,0.5426231220795239,ols:own
2009-09,0.0010863748513348882,6.887989658428749e-05,0.5087474773753001,ols:own
2009-10,0.001732483871173207,0.000822701827735072,0.45489102171906765,ols:own
2009-11,0.005678326582407128,0.004670698579193259,0.5038140016069341,ols:own
2009-12,-0.0008746449675340912,-0.001830336844259281,0.47784593836259487,ols:own
2010-01,-0.002838088306152442,-0.003966197176763077,0.5640544353053173,ols:own
2010-02,-0.0005381909225367457,-0.0015173182041380506,0.4895636408006525,ols:own
2010-03,-0.0012189783383206663,-0.0021969613287066373,0.4889914951929854,ols:own
2010-04,0.004318372273249273,0.0034011156002912725,0.4586283364790001,ols:own
2010-05,0.005563551956874137,0.00472420428103227,0.41967383792093405,ols:own
2010-06,0.0035405327731027948,0.002803289270116439,0.36862175149317805,ols:own
2010-07,0.00598973911113784,0.005339765939889771,0.32498658562403493,ols:own
2010-08,0.00457663631153023,0.0038474570526352545,0.3645896294474876,ols:own
2010-09,-0.0005797368351985658,-0.0013258898562688128,0.37307651053512364,ols:own
2010-10,0.005367937214695302,0.004509343148008613,0.4292970333433445,ols:own
2010-11,0.007137257285027608,0.006360219556829816,0.3885188640988961,ols:own
2010-12,0.004709428565022176,0.003926049866577074,0.39168934922255066,ols:own
2011-01,0.00514007699860029,0.004349739940686145,0.3951685289570723,ols:own
2011-02,0.0002386293558806905,-0.0005731209984058702,0.4058751771432803,ols:own
2011-03,0.0011957316763333311,0.00039456075593531176,0.4005854601990097,ols:own
2011-04,0.005840994313921778,0.0051139559693091285,0.3635191723063249,ols:own
2011-05,0.004402764460776402,0.0037796039546492024,0.31158025306359965,ols:own
2011-06,0.005064024009468008,0.004422378878106026,0.3208225656809917,ols:own
2011-07,0.006237631677668232,0.005662214162940041,0.2877087573640956,ols:own
2011-08,0.008154334317705524,0.007558596461102871,0.2978689283013266,ols:own
2011-09,0.011447319497420281,0.010800634690530282,0.3233424034450005,ols:own
2011-10,-0.010566750397007633,-0.01126671338567136,0.3499814943318639,ols:own
2011-11,0.009257511585249055,0.008347920510836784,0.4547955372061358,ols:own
2011-12,0.00373434227862872,0.0028677794821919352,0.4332813982183921,ols:own
2012-01,-0.0077983542724234765,-0.008378027130253212,0.2898364289148677,ols:own
2012-02,0.0014946177992367301,0.0007545949910157915,0.37001140411046923,ols:own
2012-03,0.005607722063524525,0.004940269615378449,0.33372622407303726,ols:own
2012-04,0.003222445655785406,0.0026045828206583744,0.3089314175635159,ols:own
2012-05,0.006435233694525771,0.005872237429807683,0.2814981323590445,ols:own
2012-06,0.0052236518117756816,0.004665566149296222,0.2790428312397293,ols:own
2012-07,0.0065991951141969275,0.0060067477333165245,0.2962236904402012,ols:own
2012-08,0.005119849757290831,0.004553501177642913,0.2831742898239593,ols:own
2012-09,-0.001013232260129766,-0.001550184334122005,0.2684760369961195,ols:own
2012-10,0.001557856887843497,0.0009113058246686897,0.32327553158740363,ols:own
2012-11,0.005875237836060247,0.00522161191356488,0.3268129612476831,ols:own
2012-12,-0.0008960884191575067,-0.0014515771695094981,0.27774437517599576,ols:own
2013-01,0.003449188495940205,0.0028045557217305766,0.3223163871048138,ols:own
2013-02,0.004337045674296919,0.0036555316144256753,0.34075702993562185,ols:own
2013-03,0.005638709926652282,0.005064289449690842,0.2872102384807198,ols:own
2013-04,0.008381646024834292,0.007892683165778252,0.24448142952802052,ols:own
2013-05,0.002703436750676687,0.0021798114959437004,0.2618126273664935,ols:own
2013-06,0.0043571217784258475,0.0037055895747628714,0.3257661018314881,ols:own
2013-07,0.0019921882298546325,0.001367677127930399,0.31225555096211677,ols:own
2013-08,0.004054185623044148,0.0034343278162167084,0.30992890341371954,ols:own
2013-09,-0.0038330010733893666,-0.004459258781725148,0.3131288541678905,ols:own
2013-10,-0.000365275560315153,-0.0010017170066592234,0.3182207231720352,ols:own
2013-11,0.0012420231094332477,0.0006549986353148197,0.29351223705921403,ols:own
2013-12,0.003661868475758229,0.003113884894474788,0.2739917906417203,ols:own
2014-01,0.0016912819008043165,0.0011939724241999533,0.24865473830218165,ols:own
2014-02,0.0037331168671866995,0.003161015216386363,0.2860508254001682,ols:own
2014-03,0.00040466399927549496,-0.0001790676990166587,0.2918658491460768,ols:own
2014-04,0.00485765160261496,0.004235872488526159,0.3108895570444008,ols:own
2014-05,0.0006956754636786753,9.787815416825015e-05,0.2988986547552126,ols:own
2014-06,0.00252171389719969,0.0019447217962492676,0.28849605047521115,ols:own
2014-07,0.0009957682860770793,0.0005046341868775423,0.2455670495997685,ols:own
2014-08,0.002411506931692775,0.0017750385398052734,0.3182341959437508,ols:own
2014-09,-0.00263273036889119,-0.0032054504005757773,0.28636001584229387,ols:own
2014-10,0.0033825624208114616,0.0028026202074029533,0.28997110670425397,ols:own
2014-11,0.0065843692296771355,0.006008589577981166,0.28788982584798495,ols:own
2014-12,0.008293210621798061,0.007757549493772705,0.2678305640126778,ols:own
2015-01,0.00652505368991718,0.0059665604809829706,0.2792466044671049,ols:own
2015-02,-3.197549188953439e-05,-0.000692773077499385,0.3303987928049253,ols:own
2015-03,0.005591316808624626,0.004907858896778135,0.34172895592324587,ols:own
2015-04,-0.010378119404998394,-0.01104549289812625,0.3336867465639281,ols:own
2015-05,0.00177280924882748,0.0010003808923964347,0.38621417821552256,ols:own
2015-06,0.004386522642052996,0.003628708903756108,0.378906869148444,ols:own
2015-07,0.008400625575346475,0.0078494616311168,0.2755819721148375,ols:own
2015-08,0.008435856023807697,0.007880359161143229,0.2777484313322347,ols:own
2015-09,0.0036486069477462426,0.0030919779885503536,0.27831447959794464,ols:own
2015-10,-0.004271800975398079,-0.004865559612922706,0.2968793187623134,ols:own
2015-11,0.0023196938074784056,0.00166998009429649,0.3248568565909576,ols:own
2015-12,0.0005158758143001107,-0.00014149546240514494,0.32868563835262776,ols:own
2016-01,0.0038965489615399884,0.0033226491100625823,0.2869499257387028,ols:own
2016-02,-0.0007378307842553219,-0.0012452556742513208,0.25371244499799933,ols:own
2016-03,-0.007646802939397282,-0.008200624823363114,0.27691094198291577,ols:own
2016-04,0.003358323022976537,0.002746114519931681,0.30610425152242826,ols:own
2016-05,0.00404475003123447,0.0034704011796688945,0.2871744257827875,ols:own
2016-06,-0.001776728783759797,-0.002286939437739177,0.25510532698968996,ols:own
2016-07,0.0023471311349830227,0.001853854880926062,0.2466381270284807,ols:own
2016-08,0.006365177902254879,0.005824264509450849,0.2704566964020148,ols:own
2016-09,0.005956502832241087,0.005451064168528952,0.2527193318560672,ols:own
2016-10,0.002746137892043244,0.0023896149942939024,0.1782614488746707,ols:own
2016-11,-0.00207134240610764,-0.0025170468603591825,0.222852227125771,ols:own
2016-12,0.0016838838217659382,0.0011605171583734843,0.2616833316962269,ols:own
2017-01,0.005450170679470011,0.004986025935604257,0.23207237193287739,ols:own
2017-02,-0.0018116607756286205,-0.00230131162752413,0.24482542594775478,ols:own
2017-03,0.003438749017517602,0.002950378839806781,0.24418508885541032,ols:own
2017-04,-0.00011947812141139755,-0.000587674168869005,0.23409802372880364,ols:own
2017-05,0.004993895217383404,0.00452552939693579,0.23418291022380688,ols:own
2017-06,-0.0008069703735711,-0.0012810938262106455,0.23706172631977282,ols:own
2017-07,0.004985739354492351,0.004448586554108123,0.26857640019211404,ols:own
2017-08,0.0036981413364314732,0.0032671270553925563,0.2155071405194588,ols:own
2017-09,0.0009135011595236918,0.0005132140864898214,0.20014353651693512,ols:own
2017-10,0.00513417119939006,0.004722333839585855,0.20591867990210208,ols:own
2017-11,0.0034190701361845287,0.002935385903724948,0.24184211622979027,ols:own
2017-12,0.0031502522278573806,0.0026711711657539704,0.23954053105170517,ols:own
2018-01,0.0037827488116976816,0.0032657806804954046,0.2584840656011388,ols:own
2018-02,0.003701470438956753,0.003152200824877068,0.2746348070398423,ols:own
2018-03,0.0013185341382775978,0.0007844634128085427,0.26703536273452766,ols:own
2018-04,0.0021687021535218283,0.0017309264953748757,0.2188878290734764,ols:own
2018-05,0.004755202178616558,0.004248697282730217,0.2532524479431708,ols:own
2018-06,0.0032690328198176927,0.002763887131906767,0.25257284395546303,ols:own
2018-07,0.0030847718128182962,0.0026476460765974407,0.21856286811042788,ols:own
2018-08,0.0058533349883814366,0.005405219924605038,0.22405753188819968,ols:own
2018-09,0.013653931458284963,0.013169753616875729,0.24208892070461704,ols:own
2018-10,0.0012159270148867263,0.0007772293355848684,0.21934883965092877,ols:own
2018-11,-0.002866944597398587,-0.003362145963652413,0.24760068312691305,ols:own
2018-12,0.0008824671781869895,0.00029273516977048404,0.29486600420825265,ols:own
2019-01,-0.0011106539684731225,-0.0016189884749785077,0.25416725325269235,ols:own
2019-02,-0.004165968345763799,-0.0047666613546161,0.30034650442615135,ols:own
2019-03,0.004600005072720511,0.004080744026017723,0.25963052335139347,ols:own
2019-04,0.001736459219421261,0.0013160372552252506,0.21021098209800526,ols:own
2019-05,0.0013327750881121285,0.0008676703438305647,0.23255237214078192,ols:own
2019-06,0.004418915560413769,0.003911340830221469,0.2537873650961498,ols:own
2019-07,0.0048062065223420285,0.004297075023161734,0.2545657495901474,ols:own
2019-08,0.00014666542154108817,-0.0003276992018262743,0.23718231168368106,ols:own
2019-09,-0.0022610035129386765,-0.002789148023804561,0.26407225543294227,ols:own
2019-10,0.0007852847737769398,0.00019669923823437477,0.2942927677712825,ols:own
2019-11,-0.0014045938340984119,-0.0019083396554188446,0.25187291066021655,ols:own
2019-12,0.003984957752554771,0.003422195889535077,0.28138093150984694,ols:own
2020-01,0.004384498246412539,0.003929546691412405,0.2274757775000671,ols:own
2020-02,0.006636422178238008,0.006168206350045243,0.23410791409638224,ols:own
2020-03,0.008209797078790151,0.007792137332439659,0.20882987317524604,ols:own
2020-04,-0.012738130080358198,-0.013448840627285713,0.35535527346375745,ols:own
2020-05,-0.001799364462798043,-0.0027788664067657023,0.4897509719838296,ols:own
2020-06,-0.004611153435317781,-0.0053359493692843145,0.36239796698326704,ols:own
2020-07,0.0029284576005207206,0.002303225251649216,0.3126161744357522,ols:own
2020-08,-0.002311004606931572,-0.0029759281990796257,0.33246179607402704,ols:own
2020-09,-0.0006449540927164471,-0.0012723848714140098,0.3137153893487814,ols:own
2020-10,0.004381836808815986,0.003780504347189002,0.300666230813492,ols:own
2020-11,-0.02413808947424242,-0.02467852665993141,0.2702185928444959,ols:own
2020-12,-0.0015066112918062692,-0.002404013320346788,0.4487010142702598,ols:own
2021-01,0.0028919837048059223,0.002163915770602602,0.3640339671016602,ols:own
2021-02,0.0005936029148330448,-6.094589054090466e-06,0.29984875194356775,ols:own
2021-03,0.004004599965151392,0.003374084457738309,0.3152577537065415,ols:own
2021-04,0.0052668825426604405,0.004689659899274436,0.2886113216930018,ols:own
2021-05,0.0026170308702314227,0.0019738115974693884,0.32160963638101714,ols:own
2021-06,-0.004426844076250189,-0.005018061780204396,0.295608851977103,ols:own
2021-07,0.0033782515669931253,0.002788199934597687,0.2950258161977194,ols:own
2021-08,-4.141515896342955e-05,-0.0005819754839133848,0.2702801624749777,ols:own
2021-09,0.006738077747727625,0.0061800909754335075,0.27899338614705865,ols:own
2021-10,0.0015314466038302491,0.0009961636978270672,0.267641453001591,ols:own
2021-11,0.005483884444705281,0.004964811872273355,0.25953628621596286,ols:own
2021-12,0.010815127259197413,0.010182766472218505,0.316180393489453,ols:own
2022-01,0.012609800182655301,0.012088465992501468,0.2606670950769176,ols:own
2022-02,0.010773412346285968,0.010243052745038912,0.26517980062352875,ols:own
2022-03,0.007477900496933547,0.006892876137366906,0.29251217978332067,ols:own
2022-04,0.011374514116274234,0.010821016384370741,0.27674886595174647,ols:own
2022-05,0.004012796947165728,0.0035039745665150237,0.25441119032535175,ols:own
2022-06,0.00046672082498321873,-9.829366250009007e-05,0.2825072437416542,ols:own
2022-07,-0.003604731663449612,-0.004168445010135987,0.2818566733431876,ols:own
2022-08,-0.0013319234318783235,-0.0018909327061442194,0.27950463713294776,ols:own
2022-09,0.006360951399652173,0.005840219913972256,0.2603657428399581,ols:own
2022-10,0.005361078941765493,0.004834614838176068,0.2632320517947125,ols:own
2022-11,-0.004457244828926745,-0.005039114231666682,0.2909347013699687,ols:own
2022-12,0.0064915502937294665,0.00584123959990336,0.3251553469130534,ols:own
2023-01,0.0015350178839748797,0.0009957543191957605,0.2696317823895597,ols:own
2023-02,0.005713390325645698,0.005139922726883446,0.2867337993811265,ols:own
2023-03,0.004216325719600995,0.0037678592835205488,0.22423321804022292,ols:own
2023-04,-0.0009323751295013959,-0.0014963336539185234,0.2819792622085636,ols:own
2023-05,-0.0021037224812852596,-0.002606790030364345,0.2515337745395429,ols:own
2023-06,0.002342073391637374,0.0018391145673003135,0.25147941216853037,ols:own
2023-07,0.002965620048476086,0.0024122534586252767,0.2766832949254045,ols:own
2023-08,0.001652992121815236,0.0010836871801406377,0.2846524708372992,ols:own
2023-09,0.0086084938320785,0.00808534390078339,0.261574965647554,ols:own
2023-10,0.006784103023379341,0.00633298123035291,0.2255608965132157,ols:own
2023-11,-0.006755117636902156,-0.007285240121787142,0.2650612424424932,ols:own
2023-12,0.0035937021915147557,0.0029801313023001983,0.3067854446072788,ols:own
2024-01,0.00926717788028176,0.008732767178349633,0.26720535096606385,ols:own
2024-02,0.00038535746178255,-0.00016386335596346914,0.27461040887300986,ols:own
2024-03,0.003949809190739472,0.003378109280225389,0.2858499552570412,ols:own
2024-04,0.0002884524999719591,-0.0002795643355367225,0.2840084177543408,ols:own
2024-05,0.0016273049794339274,0.0010666171377687545,0.28034392083258663,ols:own
2024-06,0.001432020518695508,0.0009089603129727535,0.26153010286137734,ols:own
2024-07,0.000539201903706887,3.6084025047983445e-05,0.2515589393294518,ols:own
2024-08,0.002774314343560097,0.0022504793652424913,0.2619174891588031,ols:own
2024-09,-3.872238068231651e-06,-0.0005199836448603913,0.25805570339607975,ols:own
2024-10,0.0034438733787247535,0.0029157398033081987,0.26406678770827724,ols:own
2024-11,0.009397261259022488,0.00887692565500346,0.26016780200951345,ols:own
2024-12,0.001985407434328371,0.0014446895238607238,0.27035895523382364,ols:own
2025-01,0.001567090356283749,0.0011179308437635662,0.22457975626009138,ols:own
2025-02,0.004157158451583185,0.0036069284708084336,0.27511499038737575,ols:own
2025-03,0.005466136049800904,0.004951839967096149,0.2571480413523773,ols:own
2025-04,-0.0015154372342760596,-0.002003924349570537,0.24424355764723862,ols:own
2025-05,-0.0011449823280031432,-0.0016921650465185913,0.27359135925772426,ols:own
2025-06,-0.00253423343542688,-0.003055246067684757,0.26050631612893843,ols:own
2025-07,-0.001962715532242518,-0.0024251843476068534,0.23123440768216763,ols:own
2025-08,0.0020841715060243332,0.0015303214633812963,0.27692502132151836,ols:own
2025-09,0.0044346643193116575,0.003868122339593413,0.2832709898591225,ols:own
2025-10,0.00887355024036388,0.008313915562037899,0.279817339162991,ols:own
2025-11,0.002712774051702624,0.002106297330007088,0.30323836084776806,ols:own
2025-12,0.009529557636089002,0.008972903100205919,0.2783272679415421,ols:own
2000-01,0.008641483600496424,0.008641483600496424,0.0,ols:pooled
2000-02,0.010986601568061742,0.008751195081375304,1.1177032433432192,ols:pooled
2000-03,-0.008618060137138363,-0.010775180760746258,1.0785603118039468,ols:pooled
2000-04,-0.0038484667211120967,-0.006142068787391877,1.1468010331398903,ols:pooled
2000-05,-0.0012432011023895812,-0.003385754613608314,1.071276755609366,ols:pooled
2000-06,-0.004280253126347572,-0.006403540628973262,1.0616437513128445,ols:pooled
2000-07,-0.0023146154245034236,-0.004415049562167607,1.050217068832091,ols:pooled
2000-08,-0.0003355457272270875,-0.0022803980806549067,0.9724261767139089,ols:pooled
2000-09,-0.0032253857541948206,-0.0052828728016205044,1.0287435237128415,ols:pooled
2000-10,0.0036490821020713307,0.0016128825299915133,1.018099786039909,ols:pooled
2000-11,0.00739613601916847,0.0056170079095243675,0.8895640548220511,ols:pooled
2000-12,-0.0013383066999717752,-0.0031961558590251,0.9289245795266622,ols:pooled
2001-01,-0.008949218726251328,-0.010903845023389348,0.9773131485690099,ols:pooled
2001-02,0.0017709160533115505,-0.0003475318234547175,1.059223938383134,ols:pooled
2001-03,0.026392900365829104,0.024191773893143705,1.1005632363426991,ols:pooled
2001-04,0.0030283621496335813,0.001356432255499117,0.8359649470672321,ols:pooled
2001-05,0.00967408745602998,0.007682949349030059,0.9955690534999604,ols:pooled
2001-06,-0.006424623103582469,-0.008083692998530068,0.8295349474737994,ols:pooled
2001-07,0.015170536444179213,0.013238608844648213,0.9659637997654988,ols:pooled
2001-08,-0.003919950403710343,-0.005514254302024488,0.7971519491570722,ols:pooled
2001-09,0.012045605616681334,0.010093993256531741,0.9758061800747964,ols:pooled
2001-10,-0.01311822203784358,-0.01490106640857415,0.891422185365286,ols:pooled
2001-11,-0.0006395173431192174,-0.0028172686052277273,1.0888756310542549,ols:pooled
2001-12,0.0023087488819164034,0.00019206734475813933,1.058340768579132,ols:pooled
2002-01,0.0019459495062676274,-0.00019309842992702193,1.0695239680973248,ols:pooled
2002-02,0.013446691387173554,0.011967296959010762,0.7396972140813962,ols:pooled
2002-03,0.012063768994394776,0.010772770702038378,0.6454991461781987,ols:pooled
2002-04,0.011605772663357949,0.010439801238618842,0.5829857123695531,ols:pooled
2002-05,0.006915229862786885,0.005523110811787736,0.6960595254995737,ols:pooled
2002-06,0.006523389593895147,0.0051603543506197735,0.6815176216376861,ols:pooled
2002-07,0.0028686766356772037,0.0015348778924431582,0.6668993716170228,ols:pooled
2002-08,0.0023501627331163235,0.0010799084432647898,0.6351271449257668,ols:pooled
2002-09,0.0033901294032199986,0.002082584519964646,0.6537724416276762,ols:pooled
2002-10,0.002974399361405091,0.0016948923658035933,0.6397534978007492,ols:pooled
2002-11,7.680382618985011e-05,-0.0014955278497712872,0.7861658379805686,ols:pooled
2002-12,0.002317211419275352,0.0009182542343064049,0.6994785924844736,ols:pooled
2003-01,0.001113222982624011,-0.0002247587672449332,0.6689908749344723,ols:pooled
2003-02,-6.213195227623361e-05,-0.0011050920688648164,0.5214800582942914,ols:pooled
2003-03,0.008621949096155653,0.007501075481866737,0.5604368071444579,ols:pooled
2003-04,-0.005084231755144455,-0.005922357499820833,0.41906287233818906,ols:pooled
2003-05,0.005305491292037292,0.004168152565745962,0.5686693631456655,ols:pooled
2003-06,0.003536600154167798,0.002349899761617583,0.5933501962751069,ols:pooled
2003-07,0.0074650424975519995,0.0063310654816250665,0.5669885079634668,ols:pooled
2003-08,0.00439706510688052,0.003286465814290765,0.5552996462948774,ols:pooled
2003-09,-0.00031552208217556463,-0.0014586577778860073,0.5715678478552214,ols:pooled
2003-10,0.014754140751468163,0.013616780204155899,0.5686802736561316,ols:pooled
2003-11,0.0029302965006916845,0.0018808526745358633,0.5247219130779104,ols:pooled
2003-12,0.001412115101126328,0.00029407774077920817,0.5590186801735599,ols:pooled
2004-01,-0.00018077135450343386,-0.0012878548627740512,0.5535417541353089,ols:pooled
2004-02,0.002443323357146411,0.0010208495358901251,0.7112369106281431,ols:pooled
2004-03,0.0037649632152864662,0.002684936105185956,0.5400135550502551,ols:pooled
2004-04,0.001322562153593631,0.0003445429163868295,0.48900961860340086,ols:pooled
2004-05,-0.0006742836000378805,-0.0015864347024132607,0.45607555118769044,ols:pooled
2004-06,0.0068759875500490715,0.005856686665603126,0.5096504422229727,ols:pooled
2004-07,0.00848940386033408,0.007562296809381846,0.46355352547611683,ols:pooled
2004-08,0.0058782104540419464,0.005064739654622985,0.40673539970948036,ols:pooled
2004-09,0.005434830374390079,0.004531211960219698,0.4518092070851903,ols:pooled
2004-10,0.007085235049154559,0.006153966417851994,0.4656343156512828,ols:pooled
2004-11,0.004053989641105557,0.00325282268052432,0.40058348029061835,ols:pooled
2004-12,0.008861275147669509,0.00785356570114558,0.5038547232619632,ols:pooled
2005-01,0.001142186293973864,7.3502040632165e-05,0.5343421266708496,ols:pooled
2005-02,0.008053886726949214,0.007134054961195692,0.45991588287676094,ols:pooled
2005-03,0.001051348594154281,0.0001514973003135571,0.44992564692036197,ols:pooled
2005-04,0.008604548705616047,0.0076624570043216595,0.4710458506471938,ols:pooled
2005-05,-0.0051560691769815415,-0.005928049745866767,0.38599028444261285,ols:pooled
2005-06,-0.0019381615594250819,-0.0029077257879678666,0.4847821142713925,ols:pooled
2005-07,0.007640422461919789,0.006748542277630721,0.4459400921445341,ols:pooled
2005-08,0.001247590457466203,0.000332049020125334,0.45777071867043456,ols:pooled
2005-09,0.002874013509534822,0.0017924486457617831,0.5407824318865196,ols:pooled
2005-10,-0.000496288802761457,-0.0014781269943808044,0.49091909580967374,ols:pooled
2005-11,-0.005049329190491477,-0.006047576092923907,0.49912345121621515,ols:pooled
2005-12,1.7707207301586916e-05,-0.0010218964002593506,0.5198018037804688,ols:pooled
2006-01,-0.0018277889772141008,-0.0028758305629282862,0.524020792857093,ols:pooled
2006-02,-8.84830327252048e-06,-0.001415116829780299,0.7031342632538894,ols:pooled
2006-03,1.3155599560580374e-05,-0.0011421180476021116,0.5776368235813459,ols:pooled
2006-04,0.005891046461714167,0.004775558329536617,0.5577440660887755,ols:pooled
2006-05,0.0013014967691596145,0.00022733466328696131,0.5370810529363265,ols:pooled
2006-06,0.006602204262237293,0.005466680747291477,0.5677617574729079,ols:pooled
2006-07,0.00020568776264060168,-0.0007453890152017868,0.47553838892119427,ols:pooled
2006-08,-0.0007385159287630771,-0.0019123502122509008,0.586917141743912,ols:pooled
2006-09,-0.0015406268399472084,-0.0027180250957263776,0.5886991278895843,ols:pooled
2006-10,-0.00030583872609494796,-0.0013225209218663662,0.5083410978857092,ols:pooled
2006-11,0.004259148220407693,0.0032629937082564926,0.49807725607560027,ols:pooled
2006-12,0.002237920611911833,0.001230821730221057,0.5035494408453878,ols:pooled
2007-01,0.0039097205234639954,0.002760251100058668,0.5747347117026634,ols:pooled
2007-02,0.0028268496774950065,0.0016397739041585653,0.5935378866682204,ols:pooled
2007-03,0.006243545398661175,0.0051695034895467284,0.5370209545572231,ols:pooled
2007-04,0.004915754768909163,0.0038695601720054908,0.5230972984518362,ols:pooled
2007-05,0.002400030682337855,0.0013975031824585084,0.5012637499396735,ols:pooled
2007-06,-0.0015961219145514626,-0.0027990144496784753,0.6014462675635063,ols:pooled
2007-07,-9.278795870254695e-05,-0.001384428450718182,0.6458202460078175,ols:pooled
2007-08,0.005343015992283486,0.004113337625348502,0.6148391834674914,ols:pooled
2007-09,0.0006843543034733007,-0.0004833187253366894,0.583836514404995,ols:pooled
2007-10,0.013584925963849276,0.012388150848407874,0.5983875577207015,ols:pooled
2007-11,0.005435506088834269,0.004315710113713906,0.5598979875601816,ols:pooled
2007-12,0.003249781865634349,0.0019601357457765052,0.6448230599289222,ols:pooled
2008-01,0.0017983225367026905,0.0006111107608467015,0.5936058879279946,ols:pooled
2008-02,0.0010078044984863019,-0.0002758855814636907,0.6418450399749963,ols:pooled
2008-03,0.010568036499389236,0.009214368791253928,0.6768338540676551,ols:pooled
2008-04,0.0010938952559387937,-3.788938875620649e-05,0.5658923223474999,ols:pooled
2008-05,0.0012214331123075347,-3.861290240492546e-05,0.6300230073562302,ols:pooled
2008-06,0.011998476191745835,0.010773529311153896,0.6124734402959696,ols:pooled
2008-07,-0.006176346510031961,-0.007278005307878164,0.5508293989231012,ols:pooled
2008-08,0.01198376364876631,0.010541477072768465,0.7211432879989218,ols:pooled
2008-09,0.015846288449924598,0.014784635182012774,0.5308266339559116,ols:pooled
2008-10,0.03500744877487809,0.0340116886159225,0.49788007947779267,ols:pooled
2008-11,0.01579946305723415,0.014849806117501446,0.47482846986635324,ols:pooled
2008-12,-0.009423623519094775,-0.010625187315009816,0.6007818979575198,ols:pooled
2009-01,0.0009115259194184086,-0.0004662315579227919,0.6888787386706002,ols:pooled
2009-02,0.006966677361282982,0.005564600442843402,0.7010384592197899,ols:pooled
2009-03,-0.007878141731313714,-0.008926130866533212,0.523994567609749,ols:pooled
2009-04,-0.018574622943485605,-0.01985500618270699,0.6401916196106922,ols:pooled
2009-05,0.004583048121700632,0.0029834699548496905,0.7997890834254701,ols:pooled
2009-06,-0.006693135866516244,-0.008216300575632066,0.7615823545579103,ols:pooled
2009-07,0.003275528191968928,0.0016392626799304776,0.818132756019225,ols:pooled
2009-08,0.00259348190841832,0.0013148476116811698,0.639317148368575,ols:pooled
2009-09,0.0006235794661892201,-0.000572862054591843,0.5982207603905316,ols:pooled
2009-10,0.0014904391868507106,0.0004152910796174993,0.5375740536166056,ols:pooled
2009-11,0.0035914078786045667,0.002432106973556246,0.5796504525241606,ols:pooled
2009-12,-0.0015213416332756006,-0.002650410977499124,0.5645346721117617,ols:pooled
2010-01,-0.0039939160642468744,-0.00528771660962499,0.6469002726890579,ols:pooled
2010-02,-0.000999295654775514,-0.002346972060406593,0.6738382028155392,ols:pooled
2010-03,-0.0028822122752541076,-0.004203745056539565,0.6607663906427284,ols:pooled
2010-04,0.0036810921664880815,0.0024019980317457096,0.639547067371186,ols:pooled
2010-05,0.005004096556859876,0.0038248785530130744,0.5896090019234012,ols:pooled
2010-06,0.003929001094746103,0.0028882435290032184,0.5203787828714419,ols:pooled
2010-07,0.005096813673416588,0.00417133282628691,0.46274042356483863,ols:pooled
2010-08,0.005003026709815276,0.003952100949484008,0.5254628801656339,ols:pooled
2010-09,-0.001322865248067433,-0.0023921974341196057,0.5346660930260863,ols:pooled
2010-10,0.0059261568462489035,0.004697193104444619,0.6144818709021421,ols:pooled
2010-11,0.006711402254440963,0.005614538632244278,0.548431811098343,ols:pooled
2010-12,0.006200857323056709,0.005084013451771931,0.5584219356423891,ols:pooled
2011-01,0.004972346716183861,0.0038651784598884597,0.5535841281477007,ols:pooled
2011-02,-0.0010424092136608824,-0.002197682511290811,0.5776366488149646,ols:pooled
2011-03,0.0010769563867882134,-3.382632458565322e-05,0.5553913556869333,ols:pooled
2011-04,0.006314036578381984,0.0052812226599584875,0.5164069592117483,ols:pooled
2011-05,0.004398646754841371,0.0034772594669731528,0.460693643934109,ols:pooled
2011-06,0.00529812304778815,0.004353632540851135,0.47224525346850704,ols:pooled
2011-07,0.006625547616415035,0.005774926994711035,0.42531031085200005,ols:pooled
2011-08,0.010398326228169469,0.009564073404345655,0.41712641191190697,ols:pooled
2011-09,0.012856649761016005,0.011963064021371296,0.44679286982235467,ols:pooled
2011-10,-0.01433062829244612,-0.015305132311695523,0.48725200962470194,ols:pooled
2011-11,0.008071580419336283,0.0067477367550707506,0.6619218321327663,ols:pooled
2011-12,0.0039422159956853855,0.0027193667671748666,0.6114246142552593,ols:pooled
2012-01,-0.009912869591850608,-0.010730290645537289,0.4087105268433405,ols:pooled
2012-02,0.0012967282936065503,0.00019224560714278463,0.5522413432318828,ols:pooled
2012-03,0.005460323118653737,0.004481157757459924,0.4895826805969061,ols:pooled
2012-04,0.003981064910316168,0.0031101596549861573,0.4354526276650052,ols:pooled
2012-05,0.008325240171072851,0.007536629919191108,0.39430512594087164,ols:pooled
2012-06,0.004875984876013572,0.004083777253609415,0.39610381120207877,ols:pooled
2012-07,0.0072000529620827895,0.006294213865465488,0.4529195483086507,ols:pooled
2012-08,0.005029434795856466,0.0041947895215795825,0.41732263713844187,ols:pooled
2012-09,-0.0013861757038513716,-0.0022004000416987425,0.4071121689236853,ols:pooled
2012-10,0.0010664329952206082,8.00060968097744e-05,0.4932134492054169,ols:pooled
2012-11,0.00625872633090102,0.00525587458293512,0.5014258739829505,ols:pooled
2012-12,-0.0015564917083701548,-0.00243027615075535,0.43689222119259763,ols:pooled
2013-01,0.0033251547937253375,0.0023351172015100667,0.4950187961076353,ols:pooled
2013-02,0.004485904422029135,0.0035033017116308453,0.49130135519914475,ols:pooled
2013-03,0.0065249754981053345,0.005663844224761671,0.43056563667183145,ols:pooled
2013-04,0.010134399273047476,0.00938724237049144,0.373578451278018,ols:pooled
2013-05,0.0031287784228426667,0.0023323370273972232,0.3982206977227219,ols:pooled
2013-06,0.0044035046525518545,0.0034210712865376846,0.49121668300708504,ols:pooled
2013-07,0.0022705900018050174,0.001324731245116362,0.4729293783443274,ols:pooled
2013-08,0.0039919284187514385,0.0030271305711462707,0.48239892380258387,ols:pooled
2013-09,-0.0050422428391360425,-0.006012238296844729,0.4849977288543436,ols:pooled
2013-10,9.959024331491559e-05,-0.0008874971625682286,0.49354370294157224,ols:pooled
2013-11,0.0011256925318234993,0.00022250024444655034,0.4515961436884744,ols:pooled
2013-12,0.0035130290626564195,0.002676851669850996,0.41808869640271173,ols:pooled
2014-01,0.00018688267505123258,-0.0005535396256372195,0.3702111503442261,ols:pooled
2014-02,0.003309543650467947,0.002446329748165821,0.43160695115106334,ols:pooled
2014-03,-0.000173069967805074,-0.0010382631839372226,0.43259660806607425,ols:pooled
2014-04,0.004871609109129072,0.00394984254364297,0.4608832827430507,ols:pooled
2014-05,0.0021258564764824613,0.001275344589513101,0.4252559434846801,ols:pooled
2014-06,0.0017557904175054145,0.0009167936052823425,0.41949840611153605,ols:pooled
2014-07,0.00033190588074454795,-0.00042628975527733297,0.37909781801094045,ols:pooled
2014-08,0.002744009450763887,0.0018272906231489477,0.45835941380746964,ols:pooled
2014-09,-0.0022600264694151518,-0.00310976147895373,0.424867504769289,ols:pooled
2014-10,0.003369907293281745,0.0025114562134223605,0.4292255399296922,ols:pooled
2014-11,0.007650817890931026,0.006774995353147923,0.4379112688915515,ols:pooled
2014-12,0.010443894186531586,0.009643914030256474,0.39999007813755594,ols:pooled
2015-01,0.0065515285730823065,0.005750698979840675,0.40041479662081514,ols:pooled
2015-02,-0.000837417223774006,-0.001787296798395235,0.4749397873106145,ols:pooled
2015-03,0.005303980506252462,0.004312205130010648,0.4958876881209069,ols:pooled
2015-04,-0.011353428880511676,-0.012288872692681786,0.4677219060850558,ols:pooled
2015-05,0.0007771340008452806,-0.00039445671642816734,0.5857953586367239,ols:pooled
2015-06,0.0030828501805676687,0.001944083618363287,0.5693832811021904,ols:pooled
2015-07,0.008661978137020653,0.00784239827721388,0.40978992990338614,ols:pooled
2015-08,0.00886289836927957,0.008024061707597103,0.41941833084123326,ols:pooled
2015-09,0.003620563075676604,0.0027897413951546803,0.4154108402609619,ols:pooled
2015-10,-0.0049160566448252455,-0.005800865230527801,0.4424042928512775,ols:pooled
2015-11,0.002082123134728997,0.0010750665044545157,0.5035283151372407,ols:pooled
2015-12,0.00020886170736856034,-0.0007747401968794432,0.4918009521240016,ols:pooled
2016-01,0.002806371263966311,0.0018863303403601627,0.4600204618030742,ols:pooled
2016-02,-0.0011837340847421177,-0.002074037990369394,0.4451519528136381,ols:pooled
2016-03,-0.005964836640028318,-0.006947569539574641,0.49136644977316124,ols:pooled
2016-04,0.003928603281428531,0.00287213731311853,0.5282329841550001,ols:pooled
2016-05,0.002211509949880084,0.001237039241185625,0.4872353543472294,ols:pooled
2016-06,-0.0020467903313231496,-0.002980648196218241,0.4669289324475455,ols:pooled
2016-07,0.0008986897363837794,5.645361404143269e-05,0.42111806117117334,ols:pooled
2016-08,0.006274185645656699,0.005341300500494342,0.4664425725811784,ols:pooled
2016-09,0.006175853065986942,0.005339217127154001,0.41831796941647037,ols:pooled
2016-10,0.0028489535638541092,0.0022396289855649964,0.30466228914455634,ols:pooled
2016-11,-0.0014831051078505553,-0.002236110822250066,0.37650285719975535,ols:pooled
2016-12,0.0012138659679495278,0.00032638399415116273,0.4437409868991825,ols:pooled
2017-01,0.004426397251897061,0.0035914651890690302,0.4174660314140154,ols:pooled
2017-02,-0.001117152096737383,-0.0019880102806476814,0.4354290919551495,ols:pooled
2017-03,0.0027422795488235415,0.0019040268744531176,0.41912633718521175,ols:pooled
2017-04,8.929752795636784e-05,-0.000729340715568632,0.40931912176249996,ols:pooled
2017-05,0.004451760203310419,0.0036580091752729076,0.39687551401875565,ols:pooled
2017-06,-0.0007650173978742286,-0.0016091851290929208,0.4220838656093461,ols:pooled
2017-07,0.004245931207147129,0.003366779227110988,0.4395759900180705,ols:pooled
2017-08,0.0038362400971947846,0.00304855793544196,0.39384108087641223,ols:pooled
2017-09,0.00063491217236705,-8.12277328697229e-05,0.3580699526183865,ols:pooled
2017-10,0.005524012227477537,0.004790002550806237,0.3670048383356498,ols:pooled
2017-11,0.003338754786940111,0.0024937595476260685,0.4224976196570214,ols:pooled
2017-12,0.00411631425399566,0.0032548851886321836,0.4307145326817378,ols:pooled
2018-01,0.0029439743278003305,0.0020496114475759353,0.44718144011219785,ols:pooled
2018-02,0.0029537976016715014,0.001960254609349141,0.49677149616118016,ols:pooled
2018-03,0.0019639502290714674,0.0010624629990597873,0.4507436150058399,ols:pooled
2018-04,0.001466576562437024,0.0006790405684294356,0.3937679970037941,ols:pooled
2018-05,0.003985909452445293,0.003077789636837333,0.4540599078039802,ols:pooled
2018-06,0.0033257025846495434,0.0024319618763869715,0.4468703541312859,ols:pooled
2018-07,0.002187199219916969,0.0014100949163496578,0.3885521517836559,ols:pooled
2018-08,0.005752310054910109,0.004935599871360385,0.4083550917748615,ols:pooled
2018-09,0.013860954130210601,0.013016559249298038,0.42219744045628166,ols:pooled
2018-10,0.0021990132496321996,0.0014184292144350601,0.39029201759856985,ols:pooled
2018-11,-0.0032146456230106217,-0.0040612328522157725,0.42329361460257536,ols:pooled
2018-12,0.0037697507190251095,0.0027098163183826946,0.529967200321207,ols:pooled
2019-01,-0.004187047643371419,-0.0050627725669120304,0.43786246177030586,ols:pooled
2019-02,-0.004891756171793302,-0.005955797259089706,0.5320205436482017,ols:pooled
2019-03,0.005496299112531664,0.004544046581788086,0.47612626537178876,ols:pooled
2019-04,0.001663824429874603,0.0009304965888223369,0.36666392052613317,ols:pooled
2019-05,0.0014518195220421866,0.0006562342436338427,0.39779263920417196,ols:pooled
2019-06,0.003659294607520426,0.0027867009283708624,0.43629683957478155,ols:pooled
2019-07,0.004938031563371071,0.004095813480406591,0.42110904148224004,ols:pooled
2019-08,0.0007070954125128971,-7.684046009483741e-05,0.3919679363038672,ols:pooled
2019-09,-0.003778896767970477,-0.0046822272661211145,0.4516652490753188,ols:pooled
2019-10,0.001961774835516241,0.0009418642156274927,0.5099553099443741,ols:pooled
2019-11,-0.001264992190729517,-0.0021258438540321376,0.4304258316513104,ols:pooled
2019-12,0.003947643754527255,0.00299716143003277,0.4752411622472424,ols:pooled
2020-01,0.005296968618128869,0.004488048996037819,0.4044598110455253,ols:pooled
2020-02,0.008948150570992996,0.008125081100703615,0.41153473514469074,ols:pooled
2020-03,0.012193386870106437,0.011439615514548536,0.3768856777789496,ols:pooled
2020-04,-0.018213800834149352,-0.019397711245795937,0.5919552058232911,ols:pooled
2020-05,-0.0012283506275499315,-0.0028690246589968826,0.8203370157234757,ols:pooled
2020-06,-0.003812083827983243,-0.005071639306885246,0.6297777394510017,ols:pooled
2020-07,0.004209888947827852,0.003092591070272956,0.5586489387774478,ols:pooled
2020-08,-0.000417074812047687,-0.001543619242984895,0.5632722154686041,ols:pooled
2020-09,-0.0009952836855128039,-0.0020961108725927485,0.5504135935399719,ols:pooled
2020-10,0.004598521869069943,0.0035282439366775497,0.5351389661961964,ols:pooled
2020-11,-0.02857724209607172,-0.029513820942578744,0.468289423253512,ols:pooled
2020-12,0.0011961448531766007,-0.00041549881173873546,0.8058218324576681,ols:pooled
2021-01,0.0023225790016210917,0.0010403339069938592,0.6411225473136162,ols:pooled
2021-02,0.0010095289730840565,-4.819046098728143e-05,0.5288597170356689,ols:pooled
2021-03,0.005168423601449935,0.004058647679519698,0.5548879609651188,ols:pooled
2021-04,0.0053965447336512505,0.004416875703394158,0.4898345151285464,ols:pooled
2021-05,0.0029511699201911954,0.001888685625879626,0.5312421471557845,ols:pooled
2021-06,-0.004332849010509674,-0.0053571031838777865,0.5121270866840562,ols:pooled
2021-07,0.0036921714509920325,0.0026952966430483735,0.4984374039718291,ols:pooled
2021-08,-0.0008209772634843931,-0.0017448721432734811,0.461947439894544,ols:pooled
2021-09,0.007255343341271102,0.006297234019018434,0.4790546611263334,ols:pooled
2021-10,0.0017001745855244968,0.0007906857892748094,0.4547443981248435,ols:pooled
2021-11,0.0049418214644097345,0.0040391732236934,0.4513241203581671,ols:pooled
2021-12,0.009876962556283094,0.008835208316928932,0.5208771196770808,ols:pooled
2022-01,0.01218190798662055,0.011349257186676417,0.4163253999720662,ols:pooled
2022-02,0.009952325212551651,0.00917004350615232,0.3911408531996652,ols:pooled
2022-03,0.00791913825107512,0.007045536302563663,0.43680097425572817,ols:pooled
2022-04,0.01103789581737082,0.010223676149269688,0.4071098340505652,ols:pooled
2022-05,0.0038404239193082362,0.0030587612923602915,0.39083131347397265,ols:pooled
2022-06,0.0014211095029570285,0.0005581672721355488,0.43147111541073957,ols:pooled
2022-07,-0.004829208107085286,-0.005706190828216982,0.4384913605658479,ols:pooled
2022-08,-0.0012963160849822784,-0.002201747570330593,0.45271574267415743,ols:pooled
2022-09,0.006404668150587139,0.005582014614855303,0.4113267678659183,ols:pooled
2022-10,0.005237831336171491,0.004425244508974407,0.40629341359854226,ols:pooled
2022-11,-0.005796668007012131,-0.006683758143653463,0.4435450683206664,ols:pooled
2022-12,0.00566691819349718,0.004666456840420881,0.50023067653815,ols:pooled
2023-01,0.0009464551228256318,9.595117261790885e-05,0.4252519751038614,ols:pooled
2023-02,0.006527736144778804,0.005672127987113456,0.42780407883267346,ols:pooled
2023-03,0.003628695277377225,0.0029323693265068534,0.3481629754351856,ols:pooled
2023-04,-0.0006114053890077868,-0.001439496491824068,0.4140455514081406,ols:pooled
2023-05,-0.001878978754298736,-0.0026350004047739854,0.37801082523762464,ols:pooled
2023-06,0.0017455956385128897,0.0009533785551159858,0.39610854169845183,ols:pooled
2023-07,0.003761183803610427,0.00290973683632542,0.42572348364250384,ols:pooled
2023-08,0.0015915342087575275,0.000729583288435167,0.4309754601611802,ols:pooled
2023-09,0.009697704870135236,0.008883601878779153,0.40705149567804155,ols:pooled
2023-10,0.007632872754590728,0.006953099468876611,0.33988664285705805,ols:pooled
2023-11,-0.008377571893011403,-0.009136704557037896,0.3795663320132462,ols:pooled
2023-12,0.003522549399123681,0.002582510668277517,0.4700193654230817,ols:pooled
2024-01,0.008883567883298405,0.008056373476709061,0.41359720329467203,ols:pooled
2024-02,0.000210308366532873,-0.0006414720364018154,0.425890201467344,ols:pooled
2024-03,0.0037122502665526617,0.002822622688423748,0.44481378906445684,ols:pooled
2024-04,-6.944268700089955e-05,-0.0009373235061485668,0.4339404095738337,ols:pooled
2024-05,0.0018673613026505569,0.001016312875520904,0.42552421356482617,ols:pooled
2024-06,6.982900512114624e-05,-0.0007439747308616985,0.40690186799142225,ols:pooled
2024-07,0.0003880639768674413,-0.00041449256975018266,0.401278273308812,ols:pooled
2024-08,0.0030612352043699765,0.00224672927572193,0.4072529643240234,ols:pooled
2024-09,0.0002705240902640628,-0.000526735965024307,0.39863002764418487,ols:pooled
2024-10,0.0042214245846599685,0.003382997063831601,0.41921376041418396,ols:pooled
2024-11,0.009428381982935255,0.008600887598875855,0.41374719202970084,ols:pooled
2024-12,0.0019608559842469457,0.001128153859913146,0.41635106216689993,ols:pooled
2025-01,0.0013559750186294217,0.0006540849159104543,0.35094505135948384,ols:pooled
2025-02,0.004180953335055947,0.0033492788716941264,0.41583723168091,ols:pooled
2025-03,0.00572903533450854,0.0049593628188937065,0.3848362578074163,ols:pooled
2025-04,-0.0024143610966538193,-0.0031676784517074073,0.3766586775267939,ols:pooled
2025-05,-0.0012019745676042101,-0.002050044287394548,0.42403485989516887,ols:pooled
2025-06,-0.0013697844251689686,-0.0021875967386638068,0.40890615674741915,ols:pooled
2025-07,-0.0009581170945606395,-0.0016844957192032946,0.36318931232132745,ols:pooled
2025-08,0.0024935681408953256,0.0016468348429225148,0.4233666489864054,ols:pooled
2025-09,0.004058199363637344,0.00317726555371813,0.44046690495960694,ols:pooled
2025-10,0.008738209745834809,0.007871711036093758,0.4332493548705248,ols:pooled
2025-11,0.0019162345741258245,0.0009940401233932022,0.46109722536631104,ols:pooled
2025-12,0.00986584436112842,0.008983384509697974,0.4412299257152228,ols:pooled
2000-01,0.00879876715385397,0.00879876715385397,0.0,shrink_mean:rule
2000-02,-0.000303036305424313,-0.0006180820715950689,0.15752288308537854,shrink_mean:rule
2000-03,0.003210871168757005,0.0028884996831176177,0.161185742819694,shrink_mean:rule
2000-04,-0.014648289543711484,-0.01490085009253595,0.12628027441223333,shrink_mean:rule
2000-05,-0.0032542842561663204,-0.003760056336362827,0.2528860400982531,shrink_mean:rule
2000-06,0.0060346772864944675,0.005612089938474727,0.21129367400986956,shrink_mean:rule
2000-07,0.0012641362087854873,0.0009464168758428976,0.15885966647129474,shrink_mean:rule
2000-08,-0.0016167759591786811,-0.001798612710494335,0.0909183756578269,shrink_mean:rule
2000-09,0.0032932408480250107,0.003082976335277133,0.10513225637393864,shrink_mean:rule
2000-10,0.0018152906764963422,0.0016237873092281644,0.09575168363408879,shrink_mean:rule
2000-11,0.0018387564114352294,0.0015988262233171048,0.11996509405906228,shrink_mean:rule
2000-12,-0.001334406831818107,-0.0016230481270811396,0.14432064763151595,shrink_mean:rule
2001-01,0.0012812445026520903,0.0010435492638933518,0.11884761937936916,shrink_mean:rule
2001-02,0.00448410301353198,0.004197820898447373,0.14314105754230327,shrink_mean:rule
2001-03,0.01405096976337884,0.013835486711520273,0.10774152592928357,shrink_mean:rule
2001-04,0.006043504356122343,0.0057933464230751994,0.12507896652357192,shrink_mean:rule
2001-05,0.004965253497473758,0.004537196825535818,0.21402833596897008,shrink_mean:rule
2001-06,-0.00046673222489191344,-0.000645063747724111,0.08916576141609873,shrink_mean:rule
2001-07,0.010004042470803672,0.009773190041589143,0.11542621460726424,shrink_mean:rule
2001-08,-0.0017696483329491426,-0.0019881396988657932,0.1092456829583257,shrink_mean:rule
2001-09,0.005049093844104568,0.0048670386941921,0.09102757495623351,shrink_mean:rule
2001-10,0.002540249154579304,0.002217511160794756,0.16136899689227457,shrink_mean:rule
2001-11,-0.005030422957889049,-0.005278143869624541,0.12386045586774534,shrink_mean:rule
2001-12,0.016753373358877117,0.016541589550831688,0.10589190402271366,shrink_mean:rule
2002-01,0.002093353189840331,0.0019022883721633368,0.09553240883849734,shrink_mean:rule
2002-02,0.0034735758585493354,0.0032390460367701848,0.11726491088957514,shrink_mean:rule
2002-03,0.0014333286277058179,0.0012563042655527584,0.08851218107652974,shrink_mean:rule
2002-04,0.014435458311382082,0.01423975455252652,0.09785187942778124,shrink_mean:rule
2002-05,0.00022212771133045284,-3.0240425491520393e-05,0.12618406841098656,shrink_mean:rule
2002-06,0.006202176048601333,0.006016266787540001,0.09295463053066609,shrink_mean:rule
2002-07,0.0007848178892622621,0.0006510907736527613,0.06686355780475046,shrink_mean:rule
2002-08,0.0068465236979434185,0.006707590348973361,0.06946667448502886,shrink_mean:rule
2002-09,0.00812847127599822,0.007972147289039246,0.07816199347948713,shrink_mean:rule
2002-10,0.0058702758144646185,0.0057124124387341576,0.07893168786523047,shrink_mean:rule
2002-11,0.0011466810332503487,0.0009284691272982537,0.10910595297604761,shrink_mean:rule
2002-12,0.00815895784665899,0.007995479870707268,0.08173898797586134,shrink_mean:rule
2003-01,0.0005461880699025077,0.00038516018740735255,0.08051394124757762,shrink_mean:rule
2003-02,0.0026546645724561256,0.002499978842713619,0.0773428648712533,shrink_mean:rule
2003-03,0.008255821987978165,0.008155454338480665,0.05018382474875012,shrink_mean:rule
2003-04,-0.006274786377363395,-0.00641626801111219,0.07074081687439836,shrink_mean:rule
2003-05,0.003908300668961079,0.003713970160479432,0.09716525424082326,shrink_mean:rule
2003-06,0.0070342036105926825,0.006909787216826292,0.06220819688319543,shrink_mean:rule
2003-07,0.006691464174580371,0.006562042762296566,0.0647107061419028,shrink_mean:rule
2003-08,0.006296973646062039,0.006172582822260002,0.06219541190101812,shrink_mean:rule
2003-09,0.0035116447881539227,0.003275052909293841,0.11829593943004098,shrink_mean:rule
2003-10,0.008500856317747598,0.008407882412476883,0.04648695263535809,shrink_mean:rule
2003-11,0.0007733565408413419,0.0006411118434665196,0.06612234868741114,shrink_mean:rule
2003-12,0.0017269068618829442,0.0016358183035832985,0.045544279149823036,shrink_mean:rule
2004-01,0.003187557499030864,0.003062768284021051,0.0623946075049065,shrink_mean:rule
2004-02,0.005452493847252314,0.005111092705072414,0.17070057108995026,shrink_mean:rule
2004-03,0.007024744097357288,0.006927506279098888,0.048618909129200326,shrink_mean:rule
2004-04,0.0028886341964861175,0.0028072343959123372,0.04069990028689036,shrink_mean:rule
2004-05,0.0017958519551142973,0.0016944852630889622,0.05068334601266758,shrink_mean:rule
2004-06,0.008279605520854813,0.00809371926025226,0.09294313030127706,shrink_mean:rule
2004-07,0.0056877292344487814,0.005572386702373542,0.05767126603761957,shrink_mean:rule
2004-08,0.005852922002402126,0.005745520106093162,0.0537009481544824,shrink_mean:rule
2004-09,0.0030741928988580066,0.0028972184197737943,0.08848723954210604,shrink_mean:rule
2004-10,-0.0004054189120094552,-0.0005317670168680671,0.06317405242930599,shrink_mean:rule
2004-11,0.007972524677068427,0.007866898940245174,0.05281286841162625,shrink_mean:rule
2004-12,0.009787099595199264,0.009667793788922649,0.05965290313830705,shrink_mean:rule
2005-01,0.0027682335505790153,0.0025557608885081393,0.10623633103543809,shrink_mean:rule
2005-02,0.009470131848496263,0.009381829706548172,0.044151070974044505,shrink_mean:rule
2005-03,0.000457568340078011,0.00036158017857234904,0.04799408075283097,shrink_mean:rule
2005-04,0.006733783704928652,0.0066471140622150916,0.043334821356779976,shrink_mean:rule
2005-05,-0.004259956181585298,-0.004354418645638752,0.047231232026727625,shrink_mean:rule
2005-06,-0.0018158770639158457,-0.0019014980698130021,0.042810502948578244,shrink_mean:rule
2005-07,0.01064018202946009,0.0105696360842703,0.03527297259489572,shrink_mean:rule
2005-08,0.003739886542176364,0.0036441650131664367,0.04786076450496404,shrink_mean:rule
2005-09,0.0017570984850209163,0.0016186356471329475,0.06923141894398442,shrink_mean:rule
2005-10,-0.0011869833350132966,-0.0012809377849908022,0.04697722498875293,shrink_mean:rule
2005-11,-0.003112564329798112,-0.0032269081414254388,0.05717190581366349,shrink_mean:rule
2005-12,-0.0018697672424387135,-0.00199179615975518,0.06101445865823326,shrink_mean:rule
2006-01,0.0026186493246974805,0.0025218926049138534,0.04837835989181379,shrink_mean:rule
2006-02,0.0006478086040894969,0.000338686349944839,0.15456112707232889,shrink_mean:rule
2006-03,0.0030544621196789057,0.0029598166435472802,0.04732273806581276,shrink_mean:rule
2006-04,0.004172796313376653,0.004037060193057788,0.06786806015943263,shrink_mean:rule
2006-05,-0.00031014087986577766,-0.0004617565352144023,0.07580782767431245,shrink_mean:rule
2006-06,0.003570873252123845,0.003481130729128698,0.04487126149757317,shrink_mean:rule
2006-07,0.005156572465637228,0.005060415833307147,0.048078316165040644,shrink_mean:rule
2006-08,0.0005587254037861577,0.00032008335081732634,0.1193210264844157,shrink_mean:rule
2006-09,-0.0030218208103426525,-0.003212178078184465,0.0951786339209063,shrink_mean:rule
2006-10,-0.0007020327254718078,-0.0008148040223663854,0.05638564844728874,shrink_mean:rule
2006-11,-0.001967367339771969,-0.0020564855565226915,0.04455910837536149,shrink_mean:rule
2006-12,-0.0001777948392335006,-0.00029421563358260935,0.058210397174554306,shrink_mean:rule
2007-01,0.0017648680002533318,0.001672879137183665,0.0459944315348333,shrink_mean:rule
2007-02,-0.004186837699932717,-0.004503669475503797,0.1584158877855399,shrink_mean:rule
2007-03,0.003989546778814588,0.003859667248664391,0.06493976507509872,shrink_mean:rule
2007-04,0.001809187513153018,0.001661462401049963,0.07386255605152753,shrink_mean:rule
2007-05,0.00332287624843226,0.0031900358959828937,0.06642017622468335,shrink_mean:rule
2007-06,-0.0007123469276348348,-0.0008385833994977558,0.06311823593146047,shrink_mean:rule
2007-07,0.0005644483921550243,0.0004157038408035913,0.07437227567571641,shrink_mean:rule
2007-08,0.007195971191008085,0.007009275796275015,0.09334769736653539,shrink_mean:rule
2007-09,9.351051915840372e-05,-7.641853075359452e-05,0.08496452495599927,shrink_mean:rule
2007-10,0.009448328769757427,0.009189979587208203,0.129174591274612,shrink_mean:rule
2007-11,0.0064963863087874815,0.006320502864590894,0.0879417220982936,shrink_mean:rule
2007-12,0.0006188144793084798,0.0004341115761738346,0.09235145156732272,shrink_mean:rule
2008-01,-2.243709215092337e-05,-0.0003134675869176744,0.1455152473833754,shrink_mean:rule
2008-02,0.005490696206468656,0.00526502420820411,0.11283599913227305,shrink_mean:rule
2008-03,0.008449662506858396,0.008240252229875825,0.10470513849128571,shrink_mean:rule
2008-04,0.007240852817933281,0.007092614425525625,0.07411919620382816,shrink_mean:rule
2008-05,0.000618891359972104,0.000410926520291742,0.10398241984018083,shrink_mean:rule
2008-06,0.009768886737768814,0.009593995316231532,0.08744571076864191,shrink_mean:rule
2008-07,0.0029305433386057826,0.0027719732471671353,0.0792850457193235,shrink_mean:rule
2008-08,0.0060181538022192616,0.005816693629796811,0.1007300862112254,shrink_mean:rule
2008-09,0.009026330022796842,0.008888268036665722,0.06903099306556006,shrink_mean:rule
2008-10,0.018423153058647165,0.018251387425962898,0.08588281634213464,shrink_mean:rule
2008-11,0.00944784581956617,0.009232182801947679,0.1078315088092466,shrink_mean:rule
2008-12,-0.0047523569721008765,-0.005028560551979637,0.1381017899393803,shrink_mean:rule
2009-01,0.004014973393115505,0.003825524902674571,0.09472424522046734,shrink_mean:rule
2009-02,0.0011722247391098392,0.0009962000741392113,0.08801233248531384,shrink_mean:rule
2009-03,-0.004026793516052951,-0.0041701107332556405,0.07165860860134436,shrink_mean:rule
2009-04,-0.01976804139952218,-0.01995766034789986,0.0948094741888404,shrink_mean:rule
2009-05,-0.011845425487006457,-0.012079837853664854,0.11720618332919812,shrink_mean:rule
2009-06,0.0009406237587474351,0.0007061167935732942,0.11725348258707047,shrink_mean:rule
2009-07,0.004661288195154718,0.004544892983620782,0.05819760576696794,shrink_mean:rule
2009-08,0.003970360392157722,0.003818505370003146,0.07592751107728798,shrink_mean:rule
2009-09,6.605306749360675e-05,-2.9387208134923564e-05,0.0477201378142651,shrink_mean:rule
2009-10,0.0022405752492637007,0.002131147630023156,0.0547138096202723,shrink_mean:rule
2009-11,0.006896713998040617,0.006763789346031874,0.06646232600437134,shrink_mean:rule
2009-12,0.0014908674024359922,0.0013731311116591757,0.05886814538840829,shrink_mean:rule
2010-01,-0.0014217115303820065,-0.0015302917952155603,0.05429013241677681,shrink_mean:rule
2010-02,0.0022014527392716335,0.0020542881363789086,0.07358230144636262,shrink_mean:rule
2010-03,0.0023313639433602497,0.0021993338720389956,0.06601503566062686,shrink_mean:rule
2010-04,0.00394752310791332,0.0038435330228376073,0.05199504253785675,shrink_mean:rule
2010-05,0.005080985706141126,0.0049775551962316375,0.05171525495474426,shrink_mean:rule
2010-06,0.0015946541910080287,0.0014989808841228568,0.04783665344258585,shrink_mean:rule
2010-07,0.007318432121330179,0.007237285277208606,0.04057342206078582,shrink_mean:rule
2010-08,0.003119022583810651,0.0030279271110965037,0.04554773635707357,shrink_mean:rule
2010-09,-1.859162015132768e-05,-0.00010977820360562096,0.04559329172714668,shrink_mean:rule
2010-10,0.003955009932420256,0.003870111197432491,0.04244936749388303,shrink_mean:rule
2010-11,0.005801277178065716,0.00571131538800852,0.04498089502859797,shrink_mean:rule
2010-12,0.0008072096192660688,0.0007068008254516756,0.050204396907196455,shrink_mean:rule
2011-01,0.006302407652481396,0.006198779451933927,0.051814100273734495,shrink_mean:rule
2011-02,0.0035422092685412788,0.0034394218081945987,0.051393730173339786,shrink_mean:rule
2011-03,0.0023546227777076277,0.002269425178582936,0.04259879956234584,shrink_mean:rule
2011-04,0.005057747413265079,0.004973393369765462,0.04217702174980866,shrink_mean:rule
2011-05,0.004249555361649771,0.004179196648624899,0.03517935651243552,shrink_mean:rule
2011-06,0.004130759268668539,0.0040540203477033195,0.038369460482609696,shrink_mean:rule
2011-07,0.005323067630179174,0.005252431981741662,0.03531782421875614,shrink_mean:rule
2011-08,0.0051510289695252155,0.005071505617138985,0.039761676193115006,shrink_mean:rule
2011-09,0.008930246548674463,0.008831273196423389,0.04948667612553663,shrink_mean:rule
2011-10,-0.0028669338724433063,-0.0029604102547754114,0.046738191166052434,shrink_mean:rule
2011-11,0.010919633611783905,0.010818069543937193,0.0507820339233563,shrink_mean:rule
2011-12,0.0008546186372255238,0.0007728956147890881,0.04086151121821787,shrink_mean:rule
2012-01,-0.00082087432500572,-0.0008888396175686318,0.03398264628145597,shrink_mean:rule
2012-02,0.002354161419410111,0.002250822740557742,0.0516693394261842,shrink_mean:rule
2012-03,0.004022366783753946,0.0039498425282695265,0.036262127742209084,shrink_mean:rule
2012-04,0.0011868538602184619,0.001029538915772702,0.07865747222287985,shrink_mean:rule
2012-05,0.004365916210566165,0.004245244365552789,0.06033592250668806,shrink_mean:rule
2012-06,0.005876955767029021,0.005803442100782486,0.03675683312326757,shrink_mean:rule
2012-07,0.006272059795653115,0.006192357025314531,0.03985138516929204,shrink_mean:rule
2012-08,0.004519203651177681,0.004452300451604275,0.03345159978670279,shrink_mean:rule
2012-09,-7.003961986226273e-05,-0.0001350276432659461,0.032494011701841755,shrink_mean:rule
2012-10,0.0030758696043642424,0.0030068354449797733,0.034517079692234456,shrink_mean:rule
2012-11,0.005247247351081612,0.00517376299822552,0.036742176428046024,shrink_mean:rule
2012-12,-0.0001063400029013839,-0.0001782016760711047,0.03593083658486044,shrink_mean:rule
2013-01,0.002434078865140068,0.0023580210178332614,0.03802892365340315,shrink_mean:rule
2013-02,0.003966636642455712,0.0038580911507670097,0.0542727458443508,shrink_mean:rule
2013-03,0.003897424992911225,0.00381003020332365,0.043697394793787446,shrink_mean:rule
2013-04,0.0070968252230762556,0.007016350588882862,0.04023731709669674,shrink_mean:rule
2013-05,0.003360464606202567,0.0032751114177631095,0.04267659421972902,shrink_mean:rule
2013-06,0.005703007466425462,0.005625920189835912,0.03854363829477527,shrink_mean:rule
2013-07,0.0022078489532291216,0.002105312419540134,0.05126826684449369,shrink_mean:rule
2013-08,0.003486006973622302,0.0034038800808888236,0.041063446366739066,shrink_mean:rule
2013-09,-0.00270783272266479,-0.0027782446010734276,0.03520593920431892,shrink_mean:rule
2013-10,-0.00033887401010903527,-0.00039761547873093514,0.029370734310949883,shrink_mean:rule
2013-11,0.0014144043427338224,0.0013493517107722303,0.032526315980796194,shrink_mean:rule
2013-12,0.00329901752971733,0.003242179989976606,0.028418769870361814,shrink_mean:rule
2014-01,0.002532848329876853,0.0023746985536008025,0.07907488813802518,shrink_mean:rule
2014-02,0.004224806885007874,0.004151465494620252,0.036670695193811165,shrink_mean:rule
2014-03,0.0018769420231149918,0.0018145307947830562,0.031205614165967916,shrink_mean:rule
2014-04,0.006632199995914303,0.006555370618592524,0.03841468866088968,shrink_mean:rule
2014-05,0.0010769126934219945,0.0010092526256989648,0.03383003386151488,shrink_mean:rule
2014-06,0.00356372690091079,0.0035009061749834564,0.031410362963666685,shrink_mean:rule
2014-07,0.0029618082635507756,0.0029205309030422982,0.02063868025423876,shrink_mean:rule
2014-08,0.0018533391510605405,0.0017297842753061547,0.06177743787719294,shrink_mean:rule
2014-09,-0.0015127785368699719,-0.0015745526919825896,0.03088707755630881,shrink_mean:rule
2014-10,0.0031740005708702926,0.003107575764833959,0.03321240301816676,shrink_mean:rule
2014-11,0.006648984419654262,0.006584155034609127,0.03241469252256719,shrink_mean:rule
2014-12,0.0052268495319518675,0.00516025662813843,0.03329645190671878,shrink_mean:rule
2015-01,0.00845224173135801,0.008369901153966578,0.041170288695716005,shrink_mean:rule
2015-02,0.00024808822613192,0.0001568015285090233,0.04564334881144825,shrink_mean:rule
2015-03,0.009446370669949328,0.00936366448444246,0.041353092753433504,shrink_mean:rule
2015-04,-0.008734047470819746,-0.00884871351432625,0.0573330217532522,shrink_mean:rule
2015-05,0.002694750034721098,0.002610487281124379,0.04213137679835922,shrink_mean:rule
2015-06,0.005641037401113762,0.005573272800498654,0.033882300307553716,shrink_mean:rule
2015-07,0.00821205991498681,0.008149998722615539,0.03103059618563469,shrink_mean:rule
2015-08,0.006620793324002684,0.006546391599113924,0.03720086244438074,shrink_mean:rule
2015-09,0.004099642738054125,0.004035165583694773,0.03223857717967586,shrink_mean:rule
2015-10,-0.003617103305965032,-0.003698410986075376,0.040653840055172516,shrink_mean:rule
2015-11,0.0024818804101475567,0.0024111555571368,0.035362426505378276,shrink_mean:rule
2015-12,0.002840689877047428,0.0027658986460727267,0.03739561548735072,shrink_mean:rule
2016-01,0.004097002971762232,0.004029286012550154,0.03385847960603917,shrink_mean:rule
2016-02,-0.001322180624481068,-0.001396872667912615,0.03734602171577324,shrink_mean:rule
2016-03,-0.008694677706707827,-0.008775001869941743,0.04016208161695682,shrink_mean:rule
2016-04,0.0016798137176029745,0.0015860873242349396,0.04686319668401748,shrink_mean:rule
2016-05,0.00533298350229553,0.005251014488775065,0.040984506760232665,shrink_mean:rule
2016-06,-0.0015862541454868665,-0.001650676799183759,0.0322113268484461,shrink_mean:rule
2016-07,0.003161131155057942,0.003101013032075179,0.03005906149138135,shrink_mean:rule
2016-08,0.005282842293788391,0.0052054468925868715,0.03869770060075908,shrink_mean:rule
2016-09,0.006039417251553024,0.005942921679734613,0.048247785909205386,shrink_mean:rule
2016-10,0.002428423522344953,0.002387651860474002,0.020385830935475604,shrink_mean:rule
2016-11,-0.0034252049086799354,-0.0034960657143823302,0.035430402851197446,shrink_mean:rule
2016-12,0.001626532953330118,0.0014977902360013813,0.06437135866436824,shrink_mean:rule
2017-01,0.005708796223738559,0.0056330958070345315,0.03785020835201415,shrink_mean:rule
2017-02,-0.001640671415814229,-0.0017058866398855618,0.03260761203566651,shrink_mean:rule
2017-03,0.0048333847024721035,0.00477414360644793,0.029620548012087206,shrink_mean:rule
2017-04,-0.0008600206237993794,-0.000924055517082734,0.032017446641676967,shrink_mean:rule
2017-05,0.005612122795063802,0.0055491929251038265,0.031464934979987556,shrink_mean:rule
2017-06,5.4123429564104316e-05,-1.3662157379680193e-05,0.03389279347189225,shrink_mean:rule
2017-07,0.00467869969600568,0.004519483042654703,0.07960832667548798,shrink_mean:rule
2017-08,0.0032505981117807842,0.0031971954188021873,0.026701346489298568,shrink_mean:rule
2017-09,0.0030100157059063434,0.0029594924304571506,0.025261637724596768,shrink_mean:rule
2017-10,0.0036286708330250266,0.003577687207324614,0.0254918128502065,shrink_mean:rule
2017-11,0.002592523105528109,0.0025128432006190702,0.039839952454519476,shrink_mean:rule
2017-12,0.0009210509134747914,0.0008680141748580718,0.026518369308359872,shrink_mean:rule
2018-01,0.003272018077719166,0.003193309745596184,0.039354166061490975,shrink_mean:rule
2018-02,0.004031250542440326,0.003957677778784209,0.03678638182805855,shrink_mean:rule
2018-03,0.000946941225970173,0.0008420836591673535,0.05242878340140975,shrink_mean:rule
2018-04,0.0016862341370011585,0.001621583143340642,0.032325496830258024,shrink_mean:rule
2018-05,0.005654859363290203,0.005582475970415769,0.03619169643721691,shrink_mean:rule
2018-06,0.003165664050616024,0.0030953697594036,0.0351471456062118,shrink_mean:rule
2018-07,0.0038520463276780024,0.003789812755931506,0.03111678587324858,shrink_mean:rule
2018-08,0.005233437888833877,0.005171235677761232,0.031101105536322195,shrink_mean:rule
2018-09,0.011900903309718937,0.011835323392475531,0.03278995862170389,shrink_mean:rule
2018-10,0.0019277348460441442,0.0018601442045413253,0.033795320751409515,shrink_mean:rule
2018-11,-0.0012224162152692022,-0.0012910111149056966,0.03429744981824729,shrink_mean:rule
2018-12,-0.0010670248736314473,-0.001139187005830279,0.036081066099415776,shrink_mean:rule
2019-01,0.003455588308033855,0.003398856784261428,0.028365761886213033,shrink_mean:rule
2019-02,-0.0034684293378458926,-0.0035436401605870127,0.03760541137056013,shrink_mean:rule
2019-03,0.003946347894981981,0.0038898142037909074,0.02826684559553696,shrink_mean:rule
2019-04,0.00232287253748391,0.0022702324311789936,0.026320053152458025,shrink_mean:rule
2019-05,0.0013875227632749233,0.0013280881613413518,0.02971730096678578,shrink_mean:rule
2019-06,0.004855595565721208,0.004794964297518172,0.03031563410151793,shrink_mean:rule
2019-07,0.0042870997466800025,0.004184596242954951,0.05125175186252604,shrink_mean:rule
2019-08,-0.0005888464843790747,-0.0006551209750462793,0.03313724533360231,shrink_mean:rule
2019-09,-0.00028545649322784633,-0.0003644232931658261,0.03948339996898978,shrink_mean:rule
2019-10,-0.0007330839609778969,-0.0007943698490772659,0.03064294404968435,shrink_mean:rule
2019-11,-0.0012531368543643735,-0.0013150243221132756,0.030943733874450884,shrink_mean:rule
2019-12,0.0038780127006961527,0.0038172559461887895,0.030378377253681487,shrink_mean:rule
2020-01,0.002555826911485348,0.002504817983254148,0.02550446411559987,shrink_mean:rule
2020-02,0.0047761831864195,0.004708784584655399,0.03369930088205053,shrink_mean:rule
2020-03,0.004541076243328337,0.004476529938537856,0.03227315239524098,shrink_mean:rule
2020-04,-0.007267472238712703,-0.007401412413749847,0.06697008751857246,shrink_mean:rule
2020-05,7.102619182519528e-05,-5.0223217284828575e-05,0.060624704555012,shrink_mean:rule
2020-06,-0.006470623497404957,-0.006549644130316797,0.039510316455920055,shrink_mean:rule
2020-07,0.0012643500999048943,0.0011596459549439607,0.052352072480466666,shrink_mean:rule
2020-08,-0.00553037327656511,-0.005634895438274502,0.05226108085469552,shrink_mean:rule
2020-09,-0.000198105862799733,-0.00027581075814402356,0.0388524476721454,shrink_mean:rule
2020-10,0.0036726465291008355,0.003596112489640813,0.03826701973001107,shrink_mean:rule
2020-11,-0.01856538173684416,-0.018639069866871503,0.036844065013671636,shrink_mean:rule
2020-12,-0.003863979720514407,-0.003994836639895922,0.06542845969075708,shrink_mean:rule
2021-01,0.004243011965617746,0.004155413344864671,0.043799310376537344,shrink_mean:rule
2021-02,-0.0019730907630817053,-0.0020487655585784983,0.03783739774839617,shrink_mean:rule
2021-03,0.002235420329938075,0.002143907275308898,0.045756527314588145,shrink_mean:rule
2021-04,0.002672329323699417,0.002597442328931421,0.03744349738399794,shrink_mean:rule
2021-05,8.943187425917622e-05,-1.8429099069490677e-07,0.04480808262493562,shrink_mean:rule
2021-06,-0.004542304417621225,-0.004612685538589731,0.035190560484253265,shrink_mean:rule
2021-07,0.004143807289763406,0.004066846073257696,0.038480608252854945,shrink_mean:rule
2021-08,-0.0010541712753887253,-0.0011138981833985018,0.02986345400488816,shrink_mean:rule
2021-09,0.0034739613335493017,0.0034001688997990164,0.03689621687514278,shrink_mean:rule
2021-10,0.0007344325450423149,0.0006629028665042103,0.03576483926905218,shrink_mean:rule
2021-11,0.006676159176465173,0.006608807777318023,0.03367569957357524,shrink_mean:rule
2021-12,0.009734754641161926,0.009649357624804534,0.04269850817869653,shrink_mean:rule
2022-01,0.008476241860255335,0.00841309535931679,0.03157325046927297,shrink_mean:rule
2022-02,0.010481757243107358,0.010407456578608577,0.037150332249390884,shrink_mean:rule
2022-03,0.004067431337794192,0.003984316774680233,0.04155728155697949,shrink_mean:rule
2022-04,0.010656203879629211,0.010563002419430659,0.04660073009927627,shrink_mean:rule
2022-05,0.005163489735620027,0.005076818117283961,0.04333580916803323,shrink_mean:rule
2022-06,-0.0010832756184496757,-0.0011606177869513934,0.038671084250858745,shrink_mean:rule
2022-07,-0.0012742833808677113,-0.0013514415735379202,0.03857909633510434,shrink_mean:rule
2022-08,-0.0019017753450309087,-0.001965755162370224,0.03198990866965735,shrink_mean:rule
2022-09,0.0037413695922639853,0.003671762091641543,0.034803750311221224,shrink_mean:rule
2022-10,0.003235017389994894,0.003162287762179605,0.03636481390764495,shrink_mean:rule
2022-11,-0.0013323526016624043,-0.0014215677975492108,0.044607597943403306,shrink_mean:rule
2022-12,0.006565804940280009,0.006483895468441476,0.04095473591926662,shrink_mean:rule
2023-01,0.0023266516959794346,0.00225818897577008,0.034231360104676936,shrink_mean:rule
2023-02,0.0031406742901164634,0.0030602799601531436,0.04019716498166019,shrink_mean:rule
2023-03,0.0030452808452194322,0.00299023984501811,0.027520500100661115,shrink_mean:rule
2023-04,-0.0005548776597599941,-0.0006196063016906682,0.032364320965336986,shrink_mean:rule
2023-05,-0.002611382041327592,-0.0026761839446933816,0.032400951682894814,shrink_mean:rule
2023-06,0.003964725096601309,0.0039012864167008044,0.0317193399502519,shrink_mean:rule
2023-07,0.0024042735058097636,0.00234115745372992,0.03155802603992188,shrink_mean:rule
2023-08,0.0023728818882911254,0.002298602724961844,0.037139581664640806,shrink_mean:rule
2023-09,0.007092869504109092,0.007032612040012904,0.030128732048093732,shrink_mean:rule
2023-10,0.006545800500626488,0.006484462866548766,0.030668817038860884,shrink_mean:rule
2023-11,-0.003626032586307997,-0.0037329276578025265,0.053447535747264664,shrink_mean:rule
2023-12,0.004433465289656397,0.004371789263629057,0.030838013013670083,shrink_mean:rule
2024-01,0.011708649364060037,0.01164674697117936,0.030951196440338204,shrink_mean:rule
2024-02,-0.0011761445056540293,-0.0012495642367292043,0.03670986553758767,shrink_mean:rule
2024-03,0.0038546630234087965,0.0037843398422307962,0.03516159058900042,shrink_mean:rule
2024-04,0.002014258264041487,0.0019248422514625391,0.044708006289473946,shrink_mean:rule
2024-05,0.002943617008064884,0.0028568074137556936,0.04340479715459516,shrink_mean:rule
2024-06,0.003270411100303029,0.003195726838941562,0.037342130680733526,shrink_mean:rule
2024-07,0.0017287690367984573,0.0016805847417494671,0.02409214752449498,shrink_mean:rule
2024-08,0.0024295169592269883,0.0023738274016379636,0.027844778794512415,shrink_mean:rule
2024-09,-1.4493952283288974e-05,-6.925277743246883e-05,0.02737941257459012,shrink_mean:rule
2024-10,-0.00040877926778936524,-0.0004608744277918807,0.026047580001257852,shrink_mean:rule
2024-11,0.010596121840869745,0.010533921158030342,0.03110034141970072,shrink_mean:rule
2024-12,0.0018496302383572691,0.0017931739486503134,0.028228144853477924,shrink_mean:rule
2025-01,0.003541952911808165,0.0034903080972351467,0.025822407286509676,shrink_mean:rule
2025-02,0.0035862018884679266,0.0035230655602880396,0.0315681640899435,shrink_mean:rule
2025-03,0.005064582991670287,0.005006239606386804,0.029171692641741895,shrink_mean:rule
2025-04,-0.0001931252458484615,-0.00025591192533930366,0.0313933397454211,shrink_mean:rule
2025-05,-0.00033598068398915697,-0.0004040651860774637,0.03404225104415342,shrink_mean:rule
2025-06,-0.0038798241289894663,-0.003946656417425524,0.03341614421802882,shrink_mean:rule
2025-07,-0.0015479879041524565,-0.0015968186543692123,0.024415375108377824,shrink_mean:rule
2025-08,-0.001602149549633907,-0.001666358075099817,0.03210426273295503,shrink_mean:rule
2025-09,0.0034492488374169485,0.0033895164954206775,0.0298661709981357,shrink_mean:rule
2025-10,0.007419369608031925,0.007354148462287532,0.03261057287219595,shrink_mean:rule
2025-11,0.005009998193588064,0.0049307218871720345,0.03963815320801438,shrink_mean:rule
2025-12,0.0069488112105731146,0.006896029234548197,0.02639098801245938,shrink_mean:rule
