target_month,gross,net,turnover,strategy
2000-01,-0.006139498948767405,-0.006139498948767405,0.0,enet:dm_only
2000-02,0.010860249135929081,0.009216759172202355,0.821744981863364,enet:dm_only
2000-03,0.0008795724709513697,-0.0005365035278663373,0.708037999408854,enet:dm_only
2000-04,-0.004684713643795944,-0.006142568545345832,0.7289274507749445,enet:dm_only
2000-05,0.0012927733687443815,-2.3977214040553406e-05,0.6583752913924675,enet:dm_only
2000-06,-0.004009644299861028,-0.005386408521084242,0.6883821106116071,enet:dm_only
2000-07,0.005791840948914365,0.004387157737673321,0.7023416056205218,enet:dm_only
2000-08,0.003561958855706325,0.0023070008149359772,0.6274790203851738,enet:dm_only
2000-09,0.007634298267317833,0.0062710413089394805,0.6816284791891764,enet:dm_only
2000-10,0.009306548033057685,0.008138893643350192,0.583827194853747,enet:dm_only
2000-11,0.008667710265282975,0.007531279360829043,0.568215452226966,enet:dm_only
2000-12,0.0038423337822890242,0.00269811409199574,0.5721098451466416,enet:dm_only
2001-01,-0.024824744991262436,-0.026537846679344886,0.8565508440412241,enet:dm_only
2001-02,0.003699974915024759,0.0013918779475381214,1.1540484837433183,enet:dm_only
2001-03,0.030275226069078412,0.028139762008239557,1.0677320304194284,enet:dm_only
2001-04,0.002051650246233814,0.0006110212934835544,0.7203144763751299,enet:dm_only
2001-05,0.011753805775698614,0.010013837867396225,0.869983954151194,enet:dm_only
2001-06,0.006308856321572385,0.004767283711009766,0.7707863052813095,enet:dm_only
2001-07,0.01477802796323961,0.013253885324481192,0.7620713193792098,enet:dm_only
2001-08,0.0015465091623724767,0.00018409929277506305,0.681204934798707,enet:dm_only
2001-09,0.011596522985171666,0.010082053174070987,0.7572349055503395,enet:dm_only
2001-10,-0.013793017574103497,-0.01538957995813564,0.798281192016073,enet:dm_only
2001-11,0.013255083488894204,0.011309920250785071,0.9725816190545664,enet:dm_only
2001-12,0.005973635198521591,0.004209353626736787,0.8821407858924019,enet:dm_only
2002-01,0.0023775479983402597,0.0004570754839046223,0.9602362572178189,enet:dm_only
2002-02,0.004126947097217195,0.0027819603179367594,0.6724933896402181,enet:dm_only
2002-03,0.008264545048174267,0.006872321719900549,0.6961116641368589,enet:dm_only
2002-04,0.014701003066993472,0.013424774727026948,0.6381141699832611,enet:dm_only
2002-05,0.010146328735698545,0.008769362489995906,0.6884831228513197,enet:dm_only
2002-06,0.01951230873627673,0.01824692335121673,0.6326926925299999,enet:dm_only
2002-07,0.008220812356214505,0.006976909353270764,0.6219515014718712,enet:dm_only
2002-08,0.004312703282927807,0.0031397587777745525,0.5864722525766273,enet:dm_only
2002-09,0.01575951650602324,0.014610793486175494,0.5743615099238724,enet:dm_only
2002-10,0.006884401508691773,0.005882369713429551,0.5010158976311118,enet:dm_only
2002-11,0.0021033988297006283,0.00087027299367828,0.6165629180111742,enet:dm_only
2002-12,0.005014375631301829,0.003772482818267699,0.6209464065170649,enet:dm_only
2003-01,0.009092678620598173,0.007864230368167337,0.614224126215418,enet:dm_only
2003-02,0.003756167258109361,0.002755499553566219,0.5003338522715711,enet:dm_only
2003-03,0.010094089059024902,0.009151384479302102,0.4713522898614007,enet:dm_only
2003-04,-0.005894949715135986,-0.006627121754963553,0.3660860199137835,enet:dm_only
2003-05,0.012051536586559908,0.01072499455046033,0.6632710180497889,enet:dm_only
2003-06,0.007656828989218699,0.00642005659730008,0.6183861959593092,enet:dm_only
2003-07,0.015427011430383223,0.014411927134280703,0.5075421480512601,enet:dm_only
2003-08,0.014686208313249967,0.013504761717526409,0.5907232978617788,enet:dm_only
2003-09,-0.01123577841349775,-0.012538048710556419,0.6511351485293347,enet:dm_only
2003-10,0.007932047708195052,0.00654893675118721,0.6915554785039212,enet:dm_only
2003-11,0.004869744682427816,0.0036527896549034293,0.6084775137621937,enet:dm_only
2003-12,-0.0012891695313501847,-0.0026031338635043484,0.6569821660770817,enet:dm_only
2004-01,0.008299159473775118,0.007068965392217941,0.6150970407785887,enet:dm_only
2004-02,0.009080273298531422,0.00766962470113468,0.7053242986983715,enet:dm_only
2004-03,0.006952435807417325,0.005947343323850652,0.5025462417833367,enet:dm_only
2004-04,0.019617462325652858,0.018574913138961875,0.5212745933454923,enet:dm_only
2004-05,-0.005212095512614687,-0.006270272842400463,0.529088664892888,enet:dm_only
2004-06,-0.00736826270533128,-0.00856437253011578,0.5980549123922504,enet:dm_only
2004-07,0.009418151938425951,0.008228383158418137,0.5948843900039067,enet:dm_only
2004-08,0.005969529644118927,0.004914601370229908,0.5274641369445098,enet:dm_only
2004-09,0.01321860478559586,0.012073772156912174,0.5724163143418423,enet:dm_only
2004-10,0.003423832734304585,0.0023276237463146277,0.5481044939949786,enet:dm_only
2004-11,0.008255701798691817,0.007053953697910806,0.6008740503905048,enet:dm_only
2004-12,0.005400817043700273,0.004125516257254994,0.637650393222639,enet:dm_only
2005-01,0.004606018502146901,0.0033200199242018214,0.64299928897254,enet:dm_only
2005-02,0.002532459983829987,0.0012487084571404248,0.6418757633447809,enet:dm_only
2005-03,0.010656033139648849,0.009328208958824444,0.6639120904122014,enet:dm_only
2005-04,0.016409997705461307,0.015289910387162606,0.5600436591493508,enet:dm_only
2005-05,-0.0048271726478853905,-0.005833298559401642,0.5030629557581259,enet:dm_only
2005-06,0.004024495422197626,0.002675643882825274,0.6744257696861762,enet:dm_only
2005-07,0.003654088975931274,0.0024717469306426714,0.5911710226443011,enet:dm_only
2005-08,0.003546087593867172,0.002359595121746836,0.5932462360601679,enet:dm_only
2005-09,-4.084990414260001e-05,-0.0014712016419939473,0.7151758689256735,enet:dm_only
2005-10,0.010305522261152833,0.009010144589869297,0.647688835641768,enet:dm_only
2005-11,0.004406750432944208,0.003341214716207817,0.532767858368196,enet:dm_only
2005-12,0.002475142821329567,0.0013256428537415268,0.5747499837940198,enet:dm_only
2006-01,-0.007033593100624137,-0.008181165310210002,0.573786104792933,enet:dm_only
2006-02,0.013716284292300379,0.012113905950851071,0.8011891707246539,enet:dm_only
2006-03,-0.006627327614230785,-0.007908138996135542,0.6404056909523792,enet:dm_only
2006-04,0.0013143527600625875,-5.4896859638077835e-05,0.6846248098503325,enet:dm_only
2006-05,0.0031072310320484167,0.0016089823532311868,0.749124339408615,enet:dm_only
2006-06,0.014219281424851174,0.012900061516301355,0.6596099542749096,enet:dm_only
2006-07,0.0021134468396490588,0.0009623542857501909,0.5755462769494337,enet:dm_only
2006-08,0.003772156628950037,0.002621461591046036,0.5753475189520004,enet:dm_only
2006-09,0.008726033897288836,0.007587589910882964,0.5692219932029363,enet:dm_only
2006-10,-2.680570622784671e-05,-0.0010775850943952566,0.5253896940837048,enet:dm_only
2006-11,0.008375746492725024,0.007184620085371749,0.5955632036766374,enet:dm_only
2006-12,0.006281765747573868,0.005221902657574189,0.5299315449998394,enet:dm_only
2007-01,0.0065755572489207105,0.0054747924767952405,0.5503823860627355,enet:dm_only
2007-02,0.005624594731993473,0.0043604324447869824,0.6320811436032459,enet:dm_only
2007-03,0.0003857581028890485,-0.0008353369121383783,0.6105475075137137,enet:dm_only
2007-04,0.015304377372738251,0.013980631283218803,0.6618730447597242,enet:dm_only
2007-05,0.006787827564007083,0.005644826039006829,0.5715007625001268,enet:dm_only
2007-06,0.0020209935931307186,0.0007533296744540269,0.6338319593383461,enet:dm_only
2007-07,0.004176361904496467,0.0027252370392725146,0.7255624326119757,enet:dm_only
2007-08,0.003052279056188161,0.0017332732972674403,0.6595028794603605,enet:dm_only
2007-09,0.0017242431704021445,0.0004805720842346328,0.6218355430837557,enet:dm_only
2007-10,-0.003582115319098045,-0.004772801270446196,0.5953429756740751,enet:dm_only
2007-11,0.00403710415372235,0.002785441955380781,0.625831099170784,enet:dm_only
2007-12,0.013036879456159294,0.011695609933649773,0.67063476125476,enet:dm_only
2008-01,0.00564579951877495,0.00457652784230984,0.5346358382325546,enet:dm_only
2008-02,-0.0014420504489269532,-0.002698041334030584,0.6279954425518152,enet:dm_only
2008-03,0.009030764941574333,0.007746146133915562,0.6423094038293845,enet:dm_only
2008-04,0.0020390281512644146,0.0008340843672848224,0.6024718919897963,enet:dm_only
2008-05,0.0013433382908408851,3.123878605636953e-05,0.6560497523922578,enet:dm_only
2008-06,0.009455713343213715,0.008180156060658347,0.6377786412776836,enet:dm_only
2008-07,0.002262365814243749,0.0011608106120149933,0.5507776011143778,enet:dm_only
2008-08,0.009877436870988477,0.008582562029090713,0.6474374209488829,enet:dm_only
2008-09,0.014277195745949605,0.013341516409713537,0.4678396681180347,enet:dm_only
2008-10,0.026974700021388534,0.02605363745326442,0.4605312840620577,enet:dm_only
2008-11,0.006683339074654255,0.0057335484465785005,0.4748953140378776,enet:dm_only
2008-12,0.005349908349501103,0.004244105951245675,0.5529011991277138,enet:dm_only
2009-01,0.007042265216923494,0.0057860696320888826,0.6280977924173053,enet:dm_only
2009-02,0.006954033113545372,0.0057863578416163745,0.5838376359644989,enet:dm_only
2009-03,-0.0076500995638919,-0.00872445838103559,0.5371794085718445,enet:dm_only
2009-04,-0.008197239732527659,-0.00960906519969697,0.7059127335846562,enet:dm_only
2009-05,0.015827586854573892,0.014017648782534536,0.9049690360196782,enet:dm_only
2009-06,-0.000973027344458207,-0.0024080939105631384,0.7175332830524658,enet:dm_only
2009-07,0.0016939262658821313,0.00026793638768467514,0.7129949390987279,enet:dm_only
2009-08,0.004888419586667012,0.0036871575504345898,0.6006310181162109,enet:dm_only
2009-09,0.005285692622507592,0.004159887066206781,0.562902778150406,enet:dm_only
2009-10,0.0037728064185587455,0.0027168812863215645,0.5279625661185907,enet:dm_only
2009-11,0.00359298650975409,0.002429937646692959,0.5815244315305655,enet:dm_only
2009-12,0.0013028104472271368,0.00025014452295724147,0.5263329621349477,enet:dm_only
2010-01,0.004761421521453865,0.0036796822188005047,0.5408696513266805,enet:dm_only
2010-02,0.0019512920857193076,0.0007837925013758853,0.5837497921717111,enet:dm_only
2010-03,0.004736399011771634,0.0036642747711365955,0.5360621203175193,enet:dm_only
2010-04,0.007993181885688231,0.006967963106858043,0.5126093894150944,enet:dm_only
2010-05,0.004012712768214011,0.002949101132883182,0.531805817665415,enet:dm_only
2010-06,0.008546873362506034,0.007475876760813676,0.5354983008461793,enet:dm_only
2010-07,0.0014511716027209437,0.0005989569562897059,0.4261073232156188,enet:dm_only
2010-08,0.0060537955905852255,0.0049936763498256995,0.5300596203797627,enet:dm_only
2010-09,0.003004065604890045,0.0019533339805609955,0.5253658121645247,enet:dm_only
2010-10,0.005026693029099869,0.003987965746533132,0.5193636412833686,enet:dm_only
2010-11,0.004976091699029395,0.00399300993507198,0.4915408819787071,enet:dm_only
2010-12,0.0035965087694058108,0.0026191642421888126,0.488672263608499,enet:dm_only
2011-01,0.009645436344304982,0.008715235249972147,0.4651005471664175,enet:dm_only
2011-02,0.004015434849835115,0.0030164520764907384,0.49949138667218795,enet:dm_only
2011-03,0.002521933069310604,0.0015663397583287767,0.4777966554909137,enet:dm_only
2011-04,0.007211528809864211,0.006287561801564312,0.46198350414994965,enet:dm_only
2011-05,0.007680379457351953,0.006800880325926081,0.4397495657129359,enet:dm_only
2011-06,0.004426495027507952,0.0035008563525545655,0.4628193374766935,enet:dm_only
2011-07,0.0049840543936763276,0.004098957863287905,0.44254826519421153,enet:dm_only
2011-08,0.00687997811849164,0.0059905324924470855,0.4447228130222782,enet:dm_only
2011-09,0.006929462443385369,0.006036444449263311,0.44650899706102926,enet:dm_only
2011-10,-0.004149524293344427,-0.005193596303483472,0.5220360050695225,enet:dm_only
2011-11,0.005818384331081852,0.004712460143507772,0.5529620937870395,enet:dm_only
2011-12,0.0059992028628899335,0.004974153172709754,0.5125248450900899,enet:dm_only
2012-01,-0.009062601853523432,-0.010020275945239923,0.4788370458582461,enet:dm_only
2012-02,0.0023237333039729142,0.0010955193382721636,0.6141069828503755,enet:dm_only
2012-03,0.0030192310538621845,0.0018727807320911773,0.5732251608855037,enet:dm_only
2012-04,0.00688013442369064,0.005733367045479682,0.5733836891054788,enet:dm_only
2012-05,0.007370670664911186,0.0063931793829225736,0.48874564099430645,enet:dm_only
2012-06,0.00337065043236215,0.002448238137290606,0.4612061475357722,enet:dm_only
2012-07,0.0049951121899734115,0.0041922675054312615,0.4014223422710748,enet:dm_only
2012-08,0.008780555103661058,0.007888544723915366,0.446005189872846,enet:dm_only
2012-09,0.0030581411052551474,0.0021917267219453826,0.4332071916548828,enet:dm_only
2012-10,0.001981930295260517,0.0011156102100441884,0.4331600426081643,enet:dm_only
2012-11,0.0030480621671641625,0.00214327251450374,0.45239482633021144,enet:dm_only
2012-12,-0.0003827762488645586,-0.0013058711380516065,0.4615474445935238,enet:dm_only
2013-01,0.005212268522628736,0.0042571416133526194,0.4775634546380586,enet:dm_only
2013-02,0.005462529604133019,0.004521252084927728,0.4706387596026452,enet:dm_only
2013-03,0.008322308013952938,0.007435006708602451,0.4436506526752438,enet:dm_only
2013-04,0.0076213523573743095,0.006869687889317892,0.37583223402820903,enet:dm_only
2013-05,0.009174573859550308,0.008316975441077089,0.42879920923660897,enet:dm_only
2013-06,0.004307322771681736,0.003302885408307942,0.5022186816868968,enet:dm_only
2013-07,0.0019267171397677725,0.0009445289819022783,0.4910940789327471,enet:dm_only
2013-08,0.004555775857265187,0.0035721455282044933,0.49181516453034707,enet:dm_only
2013-09,-0.0006793264781579646,-0.0016987302416619167,0.5097018817519763,enet:dm_only
2013-10,0.0021083428545548787,0.001078957740110055,0.5146925572224119,enet:dm_only
2013-11,0.002985194766180074,0.002043159220722397,0.4710177727288382,enet:dm_only
2013-12,0.00638656440228409,0.005483366238962558,0.4515990816607658,enet:dm_only
2014-01,0.004034600369649115,0.0032728215043342774,0.38088943265741904,enet:dm_only
2014-02,0.001246802492344326,0.0003126812909455158,0.46706060069940514,enet:dm_only
2014-03,0.00030164785355497116,-0.0006284496427538201,0.4650487481543957,enet:dm_only
2014-04,0.005791465388995446,0.004910957682014965,0.44025385349024065,enet:dm_only
2014-05,0.005028691305970054,0.0041918494155881265,0.4184209451909639,enet:dm_only
2014-06,0.004582365448918649,0.003682078405465017,0.4501435217268161,enet:dm_only
2014-07,0.0007419546881308642,-0.00015934487620558547,0.4506497821682249,enet:dm_only
2014-08,0.0026050412536098074,0.0016150388163293603,0.49500121864022356,enet:dm_only
2014-09,0.0058757406391032295,0.005000490158523,0.4376252402901147,enet:dm_only
2014-10,0.005873193355977289,0.005029520035825679,0.42183666007580506,enet:dm_only
2014-11,0.0069692489748830215,0.006177217007282468,0.39601598380027664,enet:dm_only
2014-12,0.007895225685478045,0.007068571219297635,0.41332723309020536,enet:dm_only
2015-01,0.0025094463478149438,0.0015973132594158462,0.45606654419954856,enet:dm_only
2015-02,0.0007488061579607924,-0.00021468187618223683,0.48174401707151476,enet:dm_only
2015-03,0.005459439137300338,0.0045943121698116245,0.43256348374435644,enet:dm_only
2015-04,-0.005310095263648748,-0.006165176895475784,0.4275408159135176,enet:dm_only
2015-05,0.002638449933046135,0.0015500097211172826,0.5442201059644264,enet:dm_only
2015-06,0.001258564917573133,0.0002112423724007376,0.5236612725861977,enet:dm_only
2015-07,0.005190076213358494,0.004327426180233416,0.43132501656253863,enet:dm_only
2015-08,0.007327532983750371,0.0064637988269458805,0.43186707840224614,enet:dm_only
2015-09,0.00218986069404982,0.001321256692359429,0.43430200084519544,enet:dm_only
2015-10,0.001234516380037076,0.0003419303295051644,0.4462930252659558,enet:dm_only
2015-11,0.009792897859151665,0.008898012998744839,0.4474424302034117,enet:dm_only
2015-12,0.0024119095511631176,0.0015199880559662428,0.44596074759843746,enet:dm_only
2016-01,0.0015916659340803677,0.0006717129053652168,0.4599765143575754,enet:dm_only
2016-02,-0.00043206029479277684,-0.0013894088412666364,0.47867427323692996,enet:dm_only
2016-03,0.0010744144447035794,3.5107553407961155e-05,0.5196534456478091,enet:dm_only
2016-04,0.009565294096974585,0.008430787374960471,0.5672533610070561,enet:dm_only
2016-05,0.0025590847555279515,0.001577896540155383,0.4905941076862842,enet:dm_only
2016-06,0.0007117146153814034,-0.000250620914987322,0.48116776518436266,enet:dm_only
2016-07,0.0028369067293500783,0.0019748966043783268,0.43100506248587594,enet:dm_only
2016-08,0.006025507677396709,0.005117737974113339,0.45388485164168446,enet:dm_only
2016-09,0.0032472947002593817,0.002405178337614111,0.4210581813226353,enet:dm_only
2016-10,0.005827434766771445,0.005065012140703451,0.38121131303399713,enet:dm_only
2016-11,0.004591966654477672,0.0038105627465239208,0.39070195397687574,enet:dm_only
2016-12,0.0003278310146303934,-0.000556597181859135,0.44221409824476415,enet:dm_only
2017-01,0.010547666423806563,0.009676214570511295,0.4357259266476338,enet:dm_only
2017-02,0.003360645659489973,0.0024279190346940364,0.46636331239796797,enet:dm_only
2017-03,0.0047540686155438105,0.0038005015199670234,0.47678354778839377,enet:dm_only
2017-04,0.002890433622311012,0.0020391693229740203,0.4256321496684957,enet:dm_only
2017-05,0.0071287995066303105,0.006273939436136621,0.42743003524684525,enet:dm_only
2017-06,0.002126456939720221,0.0013680734321334079,0.3791917537934066,enet:dm_only
2017-07,0.006438512382983097,0.005712058467731943,0.36322695762557716,enet:dm_only
2017-08,0.005539079288975967,0.004704184479750599,0.41744740461268426,enet:dm_only
2017-09,0.004409737317050956,0.0036046209039979757,0.4025582065264902,enet:dm_only
2017-10,0.004564351672017029,0.003774507673600732,0.3949219992081487,enet:dm_only
2017-11,0.0015373667342096485,0.0007456903834304792,0.3958381753895845,enet:dm_only
2017-12,-0.001583147060792761,-0.0024556347476759636,0.43624384344160155,enet:dm_only
2018-01,0.0022936314684544323,0.001371752102804604,0.460939682824914,enet:dm_only
2018-02,0.005306445589204373,0.004338483837344309,0.4839808759300321,enet:dm_only
2018-03,0.0028955274609425417,0.001973732137063581,0.46089766193948023,enet:dm_only
2018-04,0.003892568961465975,0.0030022997847195462,0.4451345883732143,enet:dm_only
2018-05,0.00504571012075697,0.004076964667586293,0.48437272658533853,enet:dm_only
2018-06,0.0019142524087820134,0.0009659235698140215,0.47416441948399596,enet:dm_only
2018-07,0.0014942114222903263,0.0006296958983467608,0.4322577619717828,enet:dm_only
2018-08,0.003597606008152568,0.002710194673071778,0.44370566754039503,enet:dm_only
2018-09,0.0035765309683470307,0.0027505597376096297,0.4129856153687006,enet:dm_only
2018-10,0.004211118740846335,0.0034095216387747497,0.4007985510357924,enet:dm_only
2018-11,-0.0014331122047635111,-0.0023493358576237946,0.45811182643014176,enet:dm_only
2018-12,0.003260785459818717,0.0022409267116502403,0.509929374084238,enet:dm_only
2019-01,0.0008636365458740455,1.3178697931570954e-05,0.4252289239712372,enet:dm_only
2019-02,0.0008175695640098841,-0.00013579375051765865,0.4766816572637713,enet:dm_only
2019-03,0.003164274944912958,0.0022697939592749507,0.44724049281900363,enet:dm_only
2019-04,0.0010334985401054461,0.00016296217544976984,0.43526818232783815,enet:dm_only
2019-05,0.0063049964605515815,0.005483169657355482,0.4109134015980498,enet:dm_only
2019-06,0.002523103522633583,0.0017035978408041922,0.4097528409146955,enet:dm_only
2019-07,0.005832853830065099,0.0049521904257848704,0.44033170214011436,enet:dm_only
2019-08,0.002303156791181925,0.0014712887793745073,0.41593400590370866,enet:dm_only
2019-09,0.0027735498339844264,0.001947060260220774,0.41324478688182614,enet:dm_only
2019-10,0.0021510337337382283,0.0013467337730481716,0.40214998034502825,enet:dm_only
2019-11,0.004932392879109513,0.00403617068856645,0.4481110952715316,enet:dm_only
2019-12,0.002217680924901379,0.0013358498953943002,0.4409155147535395,enet:dm_only
2020-01,0.006321672472870903,0.005432560819465583,0.4445558267026602,enet:dm_only
2020-02,0.006834838191027673,0.005952174458108978,0.4413318664593476,enet:dm_only
2020-03,0.007379838990480663,0.006593435011997432,0.3932019892416159,enet:dm_only
2020-04,-0.019393330073231924,-0.020437120735444573,0.5218953311063245,enet:dm_only
2020-05,0.0035405395906130802,0.00181412402213013,0.8632077842414748,enet:dm_only
2020-06,0.008325250157908496,0.007166755869935187,0.5792471439866551,enet:dm_only
2020-07,0.008949714120080103,0.007830022627130223,0.5598457464749393,enet:dm_only
2020-08,0.010541481077352841,0.009369029558195373,0.5862257595787346,enet:dm_only
2020-09,0.01318018889671998,0.012143812021291216,0.5181884377143825,enet:dm_only
2020-10,0.0035974125583442627,0.0026793046440418823,0.45905395715119046,enet:dm_only
2020-11,-0.004771699896482384,-0.005723970407100123,0.47613525530886897,enet:dm_only
2020-12,0.007769956360202135,0.0064705184619269,0.6497189491376174,enet:dm_only
2021-01,0.008040333210106977,0.0069671920134951795,0.5365705983058988,enet:dm_only
2021-02,0.012117270360865266,0.011101006016025984,0.5081321724196406,enet:dm_only
2021-03,0.00874339924129413,0.007790458831565048,0.47647020486454095,enet:dm_only
2021-04,0.011363611166857506,0.010480865180652504,0.44137299310250094,enet:dm_only
2021-05,0.008421911750331341,0.007457393509672245,0.4822591203295472,enet:dm_only
2021-06,0.005295175807512164,0.0044254815184028825,0.43484714455464046,enet:dm_only
2021-07,0.004101480644562508,0.0032854199089130394,0.4080303678247342,enet:dm_only
2021-08,0.0029386426512155784,0.0021013533697597088,0.4186446407279348,enet:dm_only
2021-09,0.005217369696304139,0.004251958317165144,0.48270568956949744,enet:dm_only
2021-10,0.006924287643347238,0.006038131731930816,0.44307795570821074,enet:dm_only
2021-11,0.003687361488657016,0.0029207340802589643,0.3833137041990258,enet:dm_only
2021-12,0.006864573039024194,0.005914080927011337,0.4752460560064289,enet:dm_only
2022-01,0.011504887036767426,0.010700397918413028,0.4022445591771983,enet:dm_only
2022-02,0.0070841417761869805,0.006244596962135553,0.41977240702571356,enet:dm_only
2022-03,0.00895347097526235,0.008146454909088226,0.40350803308706146,enet:dm_only
2022-04,0.009154487271585514,0.008461147619338635,0.34666982612343894,enet:dm_only
2022-05,0.0063110536904369885,0.005573465356458625,0.36879416698918205,enet:dm_only
2022-06,0.005454527804896845,0.0047489145404487005,0.3528066322240723,enet:dm_only
2022-07,-0.0013008616204431796,-0.002029386942325889,0.36426266094135473,enet:dm_only
2022-08,0.00021598189739247271,-0.0005577058525713322,0.3868438749819024,enet:dm_only
2022-09,0.006233370705484135,0.005406804314096553,0.41328319569379135,enet:dm_only
2022-10,0.004987866369667285,0.004175788065030045,0.40603915231862014,enet:dm_only
2022-11,0.005179660533090078,0.004441259780858493,0.36920037611579276,enet:dm_only
2022-12,0.006833970439564214,0.006057384602542954,0.3882929185106301,enet:dm_only
2023-01,0.0016680707527390987,0.0009054888997399625,0.38129092649956814,enet:dm_only
2023-02,0.006912103589824547,0.00611556217929067,0.39827070526693864,enet:dm_only
2023-03,0.005848620646391792,0.005108760727106723,0.3699299596425343,enet:dm_only
2023-04,0.0010893324391845385,0.00037990573969608183,0.35471334974422836,enet:dm_only
2023-05,0.0018327528519074064,0.0011395554688183732,0.3465986915445166,enet:dm_only
2023-06,0.004895659669681219,0.004094988339683627,0.400335664998796,enet:dm_only
2023-07,0.003933871039701686,0.003079694415979554,0.42708831186106566,enet:dm_only
2023-08,0.004873026043206654,0.004044068851413011,0.4144785958968218,enet:dm_only
2023-09,0.006936870608826791,0.006170477556427015,0.3831965261998882,enet:dm_only
2023-10,0.007626118222258898,0.006939182699946589,0.3434677611561541,enet:dm_only
2023-11,-0.000119741721881351,-0.0008258216692986562,0.35303997370865264,enet:dm_only
2023-12,0.004937566999001302,0.004082645984113801,0.42746050744375075,enet:dm_only
2024-01,0.007151236070711726,0.0064110260735827035,0.3701049985645111,enet:dm_only
2024-02,0.006405949819237075,0.00557731303719057,0.41431839102325296,enet:dm_only
2024-03,0.00611314549273666,0.005374203657253971,0.36947091774134466,enet:dm_only
2024-04,0.004851389077922565,0.0041002338164557095,0.37557763073342776,enet:dm_only
2024-05,0.007927498665477796,0.007241857320359476,0.3428206725591608,enet:dm_only
2024-06,0.0032522553708862465,0.0025312677358214093,0.36049381753241855,enet:dm_only
2024-07,0.0021728218501178196,0.0015384075678813378,0.31720714111824094,enet:dm_only
2024-08,0.006353408276797658,0.005681246651524344,0.33608081263665696,enet:dm_only
2024-09,0.0019691357926157056,0.001315893679258518,0.32662105667859387,enet:dm_only
2024-10,0.005420108973657173,0.004741977471189298,0.3390657512339376,enet:dm_only
2024-11,0.008766543193234791,0.008061234857804444,0.3526541677151733,enet:dm_only
2024-12,0.003999011569666659,0.0033357212477890708,0.33164516093879437,enet:dm_only
2025-01,0.0020354884504748057,0.001436304879536027,0.29959178546938914,enet:dm_only
2025-02,0.0035685354004401926,0.0028752245677885506,0.34665541632582103,enet:dm_only
2025-03,0.00359692427087836,0.0028981774651725065,0.3493734028529269,enet:dm_only
2025-04,0.0013983644667786715,0.0006735237307846849,0.36242036799699334,enet:dm_only
2025-05,0.002985011536825957,0.002282827928366372,0.3510918042297927,enet:dm_only
2025-06,-0.00038430137488943854,-0.0010905383156353623,0.35311847037296196,enet:dm_only
2025-07,0.0035042397846028793,0.0027163049350161016,0.39396742479338853,enet:dm_only
2025-08,0.007213069759082358,0.006447104187492726,0.3829827857948153,enet:dm_only
2025-09,0.008411890044208259,0.007618340116718149,0.39677496374505417,enet:dm_only
2025-10,0.002989284355677703,0.0022581221947535935,0.36558108046205473,enet:dm_only
2025-11,0.004106264600201025,0.0033323898904753933,0.3869373548628156,enet:dm_only
2025-12,0.0060462014633669466,0.005288572423571509,0.37881451989771886,enet:dm_only
2000-01,0.006846250248373404,0.006846250248373404,0.0,static_ew
2000-02,0.004535334565696931,0.004491151336315652,0.022091614690639496,static_ew
2000-03,0.0077772590773389945,0.007743612784124525,0.016823146607234538,static_ew
2000-04,0.004967752646171879,0.004884044472233125,0.04185408696937716,static_ew
2000-05,0.006604757087176753,0.006232031176107035,0.18636295553485913,static_ew
2000-06,0.006497899245336284,0.0063146146151093424,0.09164231511347082,static_ew
2000-07,0.008252031749329236,0.00821284831279673,0.019591718266253874,static_ew
2000-08,0.0012595468372235445,0.0012426760748999231,0.008435381161810512,static_ew
2000-09,0.005152974189285024,0.0051270330346124045,0.012970577336309628,static_ew
2000-10,0.010074338472387097,0.010006696268722916,0.033821101832090604,static_ew
2000-11,0.004540839102157787,0.004496750992818254,0.022044054669766257,static_ew
2000-12,0.012773939544789817,0.012648732037787614,0.06260375350110112,static_ew
2001-01,-0.013678733797584193,-0.013720824206863417,0.021045204639611702,static_ew
2001-02,0.014922165055231092,0.014918082810496355,0.0020411223673687078,static_ew
2001-03,0.01513686637987934,0.01508148497826209,0.02769070080862534,static_ew
2001-04,0.0009109529392298349,0.000890692037934451,0.010130450647692033,static_ew
2001-05,0.0075332228725037646,0.007272184859164493,0.13051900666963534,static_ew
2001-06,0.009025790322376347,0.00899164572598837,0.01707229819398765,static_ew
2001-07,0.005696089665112426,0.00567169801214166,0.012195826485382732,static_ew
2001-08,0.005452165993621436,0.005353249721362441,0.049458136129498134,static_ew
2001-09,0.015866135433328706,0.015833323372112344,0.016406030608181136,static_ew
2001-10,-0.0042815297378208,-0.004490325427350435,0.10439784476481727,static_ew
2001-11,-0.014125351438075192,-0.01413749932917045,0.006073945547629763,static_ew
2001-12,0.0027474721665460226,0.0027360251077224933,0.005723529411764706,static_ew
2002-01,-0.0006458184827407507,-0.000654576220221708,0.004378868740478647,static_ew
2002-02,0.007071934646719124,0.007015674834156675,0.028129906281224314,static_ew
2002-03,0.006028983454430532,0.005948385137407294,0.0402991585116188,static_ew
2002-04,0.006526442343564921,0.006405642743677106,0.060399799943907644,static_ew
2002-05,0.0015096928405996606,0.0013947246319440372,0.0574841043278119,static_ew
2002-06,0.0074250789116143134,0.0073516461307809216,0.036716390416696214,static_ew
2002-07,0.012078108865461162,0.012078108865461162,0.0,static_ew
2002-08,0.005193566652749977,0.0051245943422682325,0.034486155240872216,static_ew
2002-09,0.01632717848434468,0.01630041046884427,0.013384007750204933,static_ew
2002-10,0.00837292330457,0.008367119863333489,0.002901720618256054,static_ew
2002-11,-0.0015517633923838757,-0.0016727831134035964,0.060509860509860514,static_ew
2002-12,0.009582239762595297,0.009529428830492329,0.026405466051483743,static_ew
2003-01,0.0038379851793177836,0.003801091416987828,0.018446881164977762,static_ew
2003-02,0.009356139052018162,0.009306806816545447,0.024666117736358493,static_ew
2003-03,0.006529500595120906,0.006497219039600189,0.01614077776035817,static_ew
2003-04,-0.011705127256257391,-0.011781267325063639,0.038070034403123565,static_ew
2003-05,0.0008720896265462903,0.0006305004885679741,0.12079456898915815,static_ew
2003-06,0.0003930395120190519,0.0003356285814463569,0.028705465286347626,static_ew
2003-07,0.004156735149473903,0.004118466714045953,0.01913421771397525,static_ew
2003-08,0.00068467123873153,0.0006387475547774426,0.022961841977043672,static_ew
2003-09,-0.014843928699008035,-0.01515814937994979,0.15711034047087685,static_ew
2003-10,0.0038672289292397397,0.003843113395795848,0.012057766721945829,static_ew
2003-11,0.002872195708895595,0.0028517391105213788,0.010228299187108323,static_ew
2003-12,-0.007862082960119808,-0.007899532020389077,0.01872453013463451,static_ew
2004-01,-0.000581309786023757,-0.0006275086164331138,0.02309941520467837,static_ew
2004-02,-0.001797984262859435,-0.0018822305721057444,0.04212315462315461,static_ew
2004-03,0.0025809192617342763,0.0025377245807322183,0.021597340501029023,static_ew
2004-04,0.0013814515409556992,0.001351253223648007,0.015099158653846152,static_ew
2004-05,0.0037209720179275925,0.0036128727459993743,0.054049635964109013,static_ew
2004-06,0.005710001270758247,0.005670418618698076,0.019791326030085005,static_ew
2004-07,0.006990225642899871,0.0069665370074329085,0.011844317733481135,static_ew
2004-08,-0.0014326918084971963,-0.0014869043878122346,0.027106289657519166,static_ew
2004-09,-0.005917082298976042,-0.006000548367395472,0.04173303420971473,static_ew
2004-10,0.005664773333260945,0.005635491822422058,0.014640755419443936,static_ew
2004-11,0.0030921752747330635,0.003025306154981808,0.03343455987562776,static_ew
2004-12,0.002458055525586651,0.002428218717445673,0.014918404070488951,static_ew
2005-01,0.0004450094407542081,0.0002608314516237732,0.09208899456521738,static_ew
2005-02,0.0006308086263915909,0.0006094483236719011,0.010680151359844911,static_ew
2005-03,0.002122281339140419,0.002092538019518422,0.014871659810998411,static_ew
2005-04,0.005688712947313368,0.0056664326081506755,0.011140169581346046,static_ew
2005-05,-0.002656424708806255,-0.002749986206313273,0.046780748753509065,static_ew
2005-06,-0.00032637338734491463,-0.00034185183251085973,0.007739222582972584,static_ew
2005-07,0.00014862959814904695,0.00013121432023603002,0.008707638956508508,static_ew
2005-08,0.0007938723329807972,0.0007728486845800547,0.010511824200371285,static_ew
2005-09,-0.0010897219552546344,-0.001177383205045219,0.043830624895292346,static_ew
2005-10,0.0036541790041915464,0.0036401205582325177,0.007029222979514402,static_ew
2005-11,0.00022349951142382733,0.00018083801758441397,0.02133074691970666,static_ew
2005-12,-0.002028407694751526,-0.002056433291898515,0.014012798573494675,static_ew
2006-01,8.550859777867507e-06,-1.1212221344801993e-06,0.004836040956173839,static_ew
2006-02,0.006746973105352491,0.006548060274798351,0.09945641527707018,static_ew
2006-03,0.0009358886227659271,0.0009301425910198951,0.0028730158730158706,static_ew
2006-04,0.00290220643293174,0.00279773020207492,0.052238115428409886,static_ew
2006-05,0.00430706821803099,0.00425017757610537,0.028445320962809533,static_ew
2006-06,0.0023149258758538523,0.002302486579630658,0.006219648111597565,static_ew
2006-07,0.0035684204228538336,0.003317695662121898,0.12536238036596792,static_ew
2006-08,-0.005217999123204908,-0.005344295569001665,0.06314822289837835,static_ew
2006-09,-0.001202626580386997,-0.0013656853991588593,0.08152940938593121,static_ew
2006-10,0.002393289626816041,0.0023123485450433395,0.04047054088635069,static_ew
2006-11,0.004293144115809218,0.004252446912538735,0.020348601635241634,static_ew
2006-12,0.0032634977280516075,0.0032513284263487215,0.006084650851443113,static_ew
2007-01,0.002772767472669673,0.002703136899811778,0.03481528642894777,static_ew
2007-02,-0.0021153916283696075,-0.0024113366894007527,0.14797253051557252,static_ew
2007-03,0.0004606679081937162,0.00038603410824853535,0.03731689997259044,static_ew
2007-04,0.0008491691729926647,0.0007429407924058931,0.05311419029338576,static_ew
2007-05,8.794379557638488e-05,-5.4269725967038e-05,0.07110676077171152,static_ew
2007-06,-0.0036653997761466766,-0.0037050341416994636,0.019817182776393282,static_ew
2007-07,-0.0022482387007603864,-0.0023747441483506723,0.06325272379514275,static_ew
2007-08,0.004923539363621122,0.00482189820983393,0.05082057689359569,static_ew
2007-09,0.0011488729927269365,0.0010829831272854509,0.032944932720742795,static_ew
2007-10,-0.0007094685329296096,-0.0008928911278911959,0.09171129748079303,static_ew
2007-11,0.004953508866275937,0.004841752372337222,0.05587824696935779,static_ew
2007-12,0.005045194225205097,0.004940992519017321,0.052100853093887824,static_ew
2008-01,0.007075397266559725,0.006946184212163064,0.06460652719833028,static_ew
2008-02,-0.0021861621865683417,-0.002285035420935947,0.04943661718380262,static_ew
2008-03,0.006987003547567876,0.0069381290154242325,0.024437266071821576,static_ew
2008-04,0.000637994531908636,0.0005949134517866089,0.021540540061013413,static_ew
2008-05,-0.0009730122559482834,-0.0010671438088629308,0.047065776457323835,static_ew
2008-06,0.007696194773049656,0.007663769088106486,0.016212842471585488,static_ew
2008-07,0.003870070858996698,0.003849019030365665,0.01052591431551664,static_ew
2008-08,0.006510463978434189,0.006484272980675786,0.013095498879201114,static_ew
2008-09,0.01073204538084731,0.01070730895772873,0.012368211559289872,static_ew
2008-10,0.018490600008656786,0.018455485607302084,0.01755720067735098,static_ew
2008-11,0.004667832579229529,0.004628339127519014,0.019746725855257642,static_ew
2008-12,0.0006132607788188689,0.0005764671351892524,0.018396821814808298,static_ew
2009-01,0.0026139855849007213,0.0025813980829617975,0.016293750969462048,static_ew
2009-02,0.00567337343602216,0.0056087872830403495,0.03229307649090513,static_ew
2009-03,-0.002717314547344427,-0.0027511381568256933,0.016911804740633,static_ew
2009-04,-0.013462025495498865,-0.01349610279416349,0.017038649332312045,static_ew
2009-05,-0.019211315325725557,-0.019269988415188868,0.02933654473165522,static_ew
2009-06,0.0040945995549451905,0.004091107912767417,0.0017458210888867882,static_ew
2009-07,0.002244417919892053,0.002201379966727873,0.021518976582090177,static_ew
2009-08,0.0022530540144185002,0.0022313393741350013,0.010857320141749331,static_ew
2009-09,0.0006618615401991941,0.0006481551454766732,0.0068531973612604635,static_ew
2009-10,0.006633504557487604,0.006623978141107256,0.004763208190173451,static_ew
2009-11,0.007836861462244493,0.007824050549233243,0.006405456505624612,static_ew
2009-12,0.003983810391889714,0.00396945292902208,0.007178731433817373,static_ew
2010-01,0.003130278000472847,0.0031150793292421598,0.0075993356153435995,static_ew
2010-02,0.006745646042024941,0.006711178283516101,0.017233879254419934,static_ew
2010-03,0.006019320895392907,0.0059892507069731205,0.015035094209893386,static_ew
2010-04,0.00627175636967025,0.006253483043278046,0.009136663196102124,static_ew
2010-05,0.008036080440849353,0.008000597184258005,0.01774162829567434,static_ew
2010-06,0.006460197603099593,0.006447798334479596,0.006199634309998528,static_ew
2010-07,0.001000868251688254,0.000992084349363385,0.004391951162434457,static_ew
2010-08,0.006072733109813552,0.006037287818245893,0.017722645783829385,static_ew
2010-09,0.0024238081680220463,0.0024014904519652656,0.01115885802839034,static_ew
2010-10,0.0021351343522700195,0.0021278405013097994,0.003646925480110154,static_ew
2010-11,0.005442460883945341,0.0054316394897390265,0.005410697103157608,static_ew
2010-12,0.0014634222977655091,0.0014547495068551984,0.004336395455155419,static_ew
2011-01,0.007171612333078273,0.007163366520186055,0.00412290644610926,static_ew
2011-02,0.004086065954429272,0.004061549624180473,0.012258165124399352,static_ew
2011-03,0.0023381116326072577,0.002287653248647809,0.025229191979724227,static_ew
2011-04,0.0032300363549872665,0.003213607319405759,0.008214517790753764,static_ew
2011-05,0.005498275888359601,0.005467410923741759,0.015432482308921094,static_ew
2011-06,0.004719839511263485,0.0047057037932853405,0.007067858989072069,static_ew
2011-07,0.001618617989173523,0.0016021845323219476,0.008216728425787663,static_ew
2011-08,0.006088822560689807,0.006076613232514092,0.006104664087857355,static_ew
2011-09,0.005475996791466945,0.005458817457194361,0.008589667136291905,static_ew
2011-10,-0.00307392095354938,-0.003076037355665782,0.001058201058201055,static_ew
2011-11,0.0061876216381149315,0.0061741905255216275,0.006715556296651588,static_ew
2011-12,0.004587941687931708,0.00458150139101522,0.0032201484582436886,static_ew
2012-01,-0.005263356020065814,-0.005407908084187381,0.07227603206078435,static_ew
2012-02,-0.006248557007105648,-0.006254523000940789,0.0029829969175698525,static_ew
2012-03,0.0068121131405545505,0.006808999295335441,0.0015569226095541872,static_ew
2012-04,0.004164054372823348,0.004029754253183294,0.0671500598200271,static_ew
2012-05,0.0073967646338511306,0.007340882418894954,0.027941107478088312,static_ew
2012-06,0.004215273088307727,0.004205766935086334,0.00475307661069618,static_ew
2012-07,0.0032095585418525896,0.003185885482274902,0.011836529788843954,static_ew
2012-08,0.0030511285372512046,0.0030375745618664123,0.0067769876923960675,static_ew
2012-09,-0.0009561085929329985,-0.0009724804619125405,0.008185934489771056,static_ew
2012-10,0.002591082976930032,0.002587650973498028,0.0017160017160017197,static_ew
2012-11,0.004896761097141351,0.004884615249791422,0.006072923674964497,static_ew
2012-12,-0.0005711954869023787,-0.0005865843427009044,0.007694427899262742,static_ew
2013-01,0.0027981150198020614,0.002788532845388782,0.004791087206639632,static_ew
2013-02,0.004278709959956324,0.004232460215158139,0.02312487239909266,static_ew
2013-03,0.0054127415651311446,0.005375353194931388,0.018694185099878198,static_ew
2013-04,0.0034568211871339343,0.0034092056555505698,0.02380776579168191,static_ew
2013-05,0.003189967739871686,0.0031672153450257538,0.01137619742296642,static_ew
2013-06,0.008621510397507757,0.00860019682226649,0.010656787620634312,static_ew
2013-07,0.0026466283633349743,0.0026123304450799754,0.017148959127499648,static_ew
2013-08,0.0041212996525198265,0.0041017044153641834,0.009797618577821654,static_ew
2013-09,-0.0016210021363860792,-0.0017171851900441666,0.04809152682904367,static_ew
2013-10,-0.00045877873939371543,-0.0005014191019629243,0.021320181284604375,static_ew
2013-11,0.0040042653640671765,0.003938996864505433,0.03263424978087218,static_ew
2013-12,0.0036963887569462675,0.0036855998151133387,0.005394470916464232,static_ew
2014-01,0.000922458159410854,0.0009024520837292318,0.010003037840811042,static_ew
2014-02,0.001847209589871815,0.001833087957574224,0.007060816148795523,static_ew
2014-03,0.0021752245722297713,0.002162555480793557,0.006334545718107363,static_ew
2014-04,9.341478214407745e-05,3.1027063098253496e-05,0.03119385952291195,static_ew
2014-05,0.002215636991164621,0.00219731882013709,0.009159085513765312,static_ew
2014-06,0.004690656924929283,0.004690656924929283,0.0,static_ew
2014-07,0.002213142495473054,0.002209836710349087,0.0016528925619834697,static_ew
2014-08,0.0011696677270782777,0.0011018213413661931,0.03392319285604222,static_ew
2014-09,0.0034157769147715217,0.003412684367678975,0.0015462735462735417,static_ew
2014-10,0.0019928033227132064,0.0019717926066116693,0.010505358050768706,static_ew
2014-11,0.00392522322396267,0.0039195155869732705,0.0028538184946993506,static_ew
2014-12,0.007545186908141904,0.007535885579682553,0.004650664229675821,static_ew
2015-01,0.002605572906090071,0.0025979648195346154,0.003804043277727485,static_ew
2015-02,-0.00019272844716427252,-0.0002181713969374864,0.012721474886606883,static_ew
2015-03,0.005955855051758254,0.0059188177456966865,0.01851865303078358,static_ew
2015-04,-0.0027390915552545953,-0.00281006191937354,0.03548518205947243,static_ew
2015-05,0.005108514171648222,0.00504936310708949,0.029575532279366355,static_ew
2015-06,0.0036906650776182136,0.0036864681764801357,0.002098450569038793,static_ew
2015-07,0.004026200936614102,0.004022011951430988,0.0020944925915571742,static_ew
2015-08,0.007300010048103809,0.007284148487997096,0.007930780053356576,static_ew
2015-09,0.00199182978020264,0.001990341684964545,0.0007440476190476184,static_ew
2015-10,-0.00037286923811899247,-0.0003880883103172241,0.007609536099115849,static_ew
2015-11,0.0059290587984488705,0.005920603273912363,0.004227762268253475,static_ew
2015-12,0.0007278847654394597,0.0007176064190878376,0.005139173175811111,static_ew
2016-01,0.003973013683238993,0.0039684868870132565,0.0022633981128683304,static_ew
2016-02,-0.0028378621773340667,-0.0028469605311617174,0.004549176913825397,static_ew
2016-03,-0.006678542600692765,-0.006687436875658468,0.0044471374828517615,static_ew
2016-04,0.0017354244521446643,0.001730869982643935,0.002277234750364657,static_ew
2016-05,0.0038214412912776032,0.003801031523277,0.010204884000301713,static_ew
2016-06,0.0013408537849933521,0.001336755257140817,0.0020492639262677135,static_ew
2016-07,0.0013490230927024154,0.0013473950910744138,0.0008140008140008087,static_ew
2016-08,0.0017282993757778478,0.001712486317327418,0.007906529225214882,static_ew
2016-09,0.003486953810832538,0.003448818972317332,0.01906741925760316,static_ew
2016-10,0.0024118511905420175,0.0024064926792890574,0.0026792556264801943,static_ew
2016-11,0.0025814243645454673,0.002567689824364087,0.0068672700906900926,static_ew
2016-12,7.604567105143387e-05,-5.796527185333729e-06,0.04092109911838379,static_ew
2017-01,0.00022480063403856106,0.00019514356023510418,0.014828536901728489,static_ew
2017-02,0.004808767814694524,0.004796859292317396,0.005954261188564554,static_ew
2017-03,0.0024381885740650494,0.002429113638160845,0.004537467952102095,static_ew
2017-04,0.0023388532074777335,0.002317100337628389,0.010876434924672197,static_ew
2017-05,0.005287846305534226,0.005270894309068864,0.008475998232680946,static_ew
2017-06,0.0011995888365353546,0.0011847739088506944,0.007407463842330078,static_ew
2017-07,0.0014423102998193126,0.0014386189007790763,0.0018456995201181253,static_ew
2017-08,0.0022501736946745473,0.0022474049427293244,0.0013843759726112604,static_ew
2017-09,0.001920092867574558,0.0019120755515572422,0.004008658008658005,static_ew
2017-10,0.0023239584411836158,0.0023041721056273256,0.009893167778144946,static_ew
2017-11,0.004002866830936425,0.003989232597602598,0.006817116666913122,static_ew
2017-12,-0.001018678510628349,-0.0010281140321052394,0.004717760738445305,static_ew
2018-01,0.0015494955487994515,0.001544090148504388,0.002702700147531734,static_ew
2018-02,0.003946834225441525,0.003946834225441525,0.0,static_ew
2018-03,0.00285471148759375,0.0028028048846618536,0.025953301465948077,static_ew
2018-04,0.001496505954330704,0.001489495411072274,0.0035052716292150263,static_ew
2018-05,0.004453052594960162,0.00442659167062606,0.013230462167051166,static_ew
2018-06,0.0030893649345975997,0.0030714256298013665,0.00896965239811673,static_ew
2018-07,0.0006767504825272274,0.00065470650656587,0.011021987980678709,static_ew
2018-08,0.0035565685216759975,0.003543564360852079,0.006502080411959332,static_ew
2018-09,0.0025127481100594737,0.002500750186985838,0.005998961536817895,static_ew
2018-10,0.002243373291605877,0.0022356984613504014,0.0038374151277377143,static_ew
2018-11,-0.0010737041342590002,-0.0010891269206584377,0.007711393199718791,static_ew
2018-12,0.0012785239168243863,0.0012759810051905655,0.0012714558169103613,static_ew
2019-01,0.0006697429280016653,0.0006697429280016653,0.0,static_ew
2019-02,-0.0004534991336799363,-0.0004581528133336159,0.0023268398268398295,static_ew
2019-03,0.0021929653850979625,0.0021849067770393546,0.004029304029304032,static_ew
2019-04,0.0021495079849113276,0.0021449340916513027,0.0022869466300123246,static_ew
2019-05,0.0047445622947961934,0.004736092584638933,0.004234855078630399,static_ew
2019-06,0.0008632846927041095,0.0008594667697281633,0.0019089614879730765,static_ew
2019-07,0.0031318355646939816,0.0031262726037058004,0.0027814804940904697,static_ew
2019-08,0.0020197480870261107,0.002000834993752207,0.00945654663695173,static_ew
2019-09,0.0012388323520865121,0.001236898116109723,0.0009671179883945893,static_ew
2019-10,0.0014492094983642775,0.0014442301626076675,0.0024896678783050403,static_ew
2019-11,0.0030094064530482604,0.0030034885576345673,0.0029589477068468636,static_ew
2019-12,0.0010404052656499913,0.0010244064122810882,0.007999426684451524,static_ew
2020-01,0.004048017948879005,0.004048017948879005,0.0,static_ew
2020-02,0.0046827476894142775,0.004678228781975188,0.002259453719544567,static_ew
2020-03,0.00614015508999759,0.006131838817947753,0.00415813602491825,static_ew
2020-04,-0.008107427418490624,-0.008129160667616812,0.01086662456309298,static_ew
2020-05,0.001122834687340509,0.0010995548228394686,0.011639932250520141,static_ew
2020-06,-0.005624053607506191,-0.005627124948139898,0.0015356703168534944,static_ew
2020-07,-0.0008543754428183681,-0.0009060718945148199,0.025848225848225846,static_ew
2020-08,-0.0015233764791723545,-0.0015292238316729823,0.002923676250313964,static_ew
2020-09,-0.00011650099086190205,-0.0001222266036876875,0.002862806412892725,static_ew
2020-10,0.005116675302278381,0.005111338198575405,0.0026685518514884482,static_ew
2020-11,-0.007486338304804086,-0.007499439017142245,0.006550356169079457,static_ew
2020-12,0.0006584996509338254,0.0006532434525867179,0.002628099173553713,static_ew
2021-01,0.0031301100552551977,0.003124210266580289,0.002949894337454148,static_ew
2021-02,0.000844066154550997,0.0008395571887461595,0.002254482902418675,static_ew
2021-03,0.0037170822212914704,0.0036952444072848685,0.010918907003301066,static_ew
2021-04,0.003099476028458728,0.003096583466475257,0.0014462809917355325,static_ew
2021-05,0.0017524592326719427,0.0017390714445166648,0.0066938940776388595,static_ew
2021-06,0.0010647953213113147,0.0010633967199127133,0.0006993006993006962,static_ew
2021-07,0.0006525222865315348,0.0006497775093763669,0.0013723885775839772,static_ew
2021-08,0.00346901686616175,0.00346901686616175,0.0,static_ew
2021-09,0.002960656934109519,0.0029554204448836276,0.0026182446129458135,static_ew
2021-10,0.0033665310704651345,0.003365310814211321,0.000610128126906654,static_ew
2021-11,0.004284106185737057,0.004281330335632962,0.001387925052047198,static_ew
2021-12,0.0025832630720078113,0.002581735188126986,0.0007639419404125304,static_ew
2022-01,0.004130481783583374,0.004123374345566845,0.0035537190082644585,static_ew
2022-02,0.005793996116185408,0.005789807219281279,0.0020944484520643443,static_ew
2022-03,0.0021027568792510664,0.0021027568792510664,0.0,static_ew
2022-04,0.005613267597926832,0.005590798686278665,0.01123445582408371,static_ew
2022-05,0.003282660221467171,0.003268404389312203,0.007127916077484074,static_ew
2022-06,0.00487077023133651,0.004862909182320011,0.003930524508249345,static_ew
2022-07,-0.0012929181895856906,-0.0012929181895856906,0.0,static_ew
2022-08,-0.0013633378048164163,-0.001366866937124944,0.0017645661542638046,static_ew
2022-09,0.006101164377405121,0.006093999371211889,0.0035825030966162093,static_ew
2022-10,0.002046614444658596,0.002042642290686442,0.00198607698607698,static_ew
2022-11,0.0022442884847563714,0.0022375018820091856,0.003393301373593007,static_ew
2022-12,0.005152449515431778,0.00514993582012632,0.00125684765272866,static_ew
2023-01,0.0008810216918736042,0.0008752344966127247,0.00289359763043974,static_ew
2023-02,0.005233308878471903,0.005208602070708925,0.012353403881488801,static_ew
2023-03,0.005124261176711436,0.005123032675482934,0.00061425061425061,static_ew
2023-04,0.0003335606441231767,0.00032873860084383505,0.002411021639670855,static_ew
2023-05,0.00012634590228948137,9.914675091712244e-05,0.013599575686179434,static_ew
2023-06,0.0018570394095249374,0.0018542836572762846,0.0013778761243264262,static_ew
2023-07,0.0009696479850882788,0.0009623671227738593,0.0036404311572096793,static_ew
2023-08,0.0026214525465239735,0.002616480049924169,0.002486248299902217,static_ew
2023-09,0.005110777931154847,0.005107381362159104,0.0016982844978712741,static_ew
2023-10,0.006274814667344692,0.006274814667344692,0.0,static_ew
2023-11,0.00039301729155371846,0.000341448532899564,0.0257843793270773,static_ew
2023-12,0.0025821133664836226,0.0025821133664836226,0.0,static_ew
2024-01,0.005089105501114365,0.005081250934846307,0.0039272831340288585,static_ew
2024-02,0.002809084032675844,0.002799639468994613,0.004722281840615517,static_ew
2024-03,0.004243809725109198,0.004238457501575157,0.0026761117670208614,static_ew
2024-04,0.0027418271509720943,0.0027129326005464432,0.014447275212825454,static_ew
2024-05,0.006069375418831561,0.006021623774456216,0.023875822187672247,static_ew
2024-06,0.0028891517984420186,0.0028691886037419817,0.0099815973500184,static_ew
2024-07,0.0001480130882314251,0.00014640407777285713,0.0008045052292839885,static_ew
2024-08,0.0032972922884404133,0.0032889492596500413,0.004171514395186035,static_ew
2024-09,0.0005606185252457378,0.0005576859739260897,0.0014662756598240506,static_ew
2024-10,0.0023464999966463953,0.002343398423422871,0.0015507866117622214,static_ew
2024-11,0.004333392322078951,0.004332084277605439,0.0006540222367560478,static_ew
2024-12,0.0009883358876413742,0.0009785260793059034,0.004904904167735354,static_ew
2025-01,0.0014901440392669405,0.0014828021998198376,0.003670919723551311,static_ew
2025-02,0.0030604241360671415,0.0030560230555902413,0.0022005402384500713,static_ew
2025-03,0.0033211310914533225,0.0033145969540100944,0.0032670687216141757,static_ew
2025-04,0.0005725944616450498,0.0005547035853363236,0.008945438154363104,static_ew
2025-05,0.0005632272470157656,0.0005527618785544621,0.005232684230651754,static_ew
2025-06,-0.000908502744515009,-0.00092215761021525,0.0068274328501205205,static_ew
2025-07,-0.0018189294150991132,-0.0018201579163276145,0.0006142506142506102,static_ew
2025-08,-0.001312831560868571,-0.0013157967025198439,0.0014825708256365174,static_ew
2025-09,0.00013252921973298866,0.0001288925306658361,0.0018183445335763168,static_ew
2025-10,0.003463495136538154,0.0034569243263959156,0.0032854050711193603,static_ew
2025-11,0.004964054672300805,0.0049624456618422375,0.0008045052292839885,static_ew
2025-12,0.0010852315176454045,0.0010836366213136661,0.0007974481658692203,static_ew
2000-01,-0.00211349711005846,-0.00211349711005846,0.0,enet:own
2000-02,0.0014439436280988826,-0.0004160651223244553,0.9300043752116691,enet:own
2000-03,0.004944434817286551,0.003471395378480931,0.7365197194028099,enet:own
2000-04,0.01076151683652193,0.008882367256856935,0.9395747898324982,enet:own
2000-05,0.006569638022562083,0.004951759413275493,0.8089393046432953,enet:own
2000-06,-0.0013817435642103448,-0.0030096796935115333,0.8139680646505943,enet:own
2000-07,0.007631540012670223,0.0061423162430727695,0.7446118847987272,enet:own
2000-08,9.83860505697462e-05,-0.001143534966827299,0.6209605086985229,enet:own
2000-09,0.007441194450414327,0.006165797468801103,0.6376984908066126,enet:own
2000-10,0.011581383130706004,0.010378452176566194,0.6014654770699052,enet:own
2000-11,0.007657276064609916,0.006505498158675002,0.5758889529674571,enet:own
2000-12,-0.0010816175418150882,-0.0024809755824201606,0.6996790203025357,enet:own
2001-01,-0.018225598903787867,-0.019644763269322258,0.7095821827671949,enet:own
2001-02,0.008509988410624923,0.0069468506652093955,0.7815688727077634,enet:own
2001-03,0.021951867189159223,0.020371588094294416,0.7901395474324038,enet:own
2001-04,0.0022246807681879166,0.0011734833137107986,0.5255987272385589,enet:own
2001-05,0.00832236177387766,0.006882106550404764,0.7201276117364479,enet:own
2001-06,0.0016576507792969227,0.0005396950860122844,0.5589778466423191,enet:own
2001-07,0.0063840217171397306,0.005207598811741352,0.5882114526991897,enet:own
2001-08,-0.0009278352164070361,-0.001993274496041419,0.5327196398171915,enet:own
2001-09,-0.0014918537441290047,-0.002715366197681458,0.6117562267762268,enet:own
2001-10,0.0037277252114837293,0.0025057626215020806,0.6109812949908241,enet:own
2001-11,0.02559260869808672,0.02424530950130353,0.6736495983915959,enet:own
2001-12,0.004572343940656902,0.0033387100012930815,0.6168169696819099,enet:own
2002-01,0.0024743556155426847,0.000605128957002866,0.9346133292699089,enet:own
2002-02,0.003271543295200457,0.0021713712922544226,0.5500860014730172,enet:own
2002-03,-0.0006068280674891845,-0.0017850548080806836,0.5891133702957496,enet:own
2002-04,0.014752965995825866,0.013636861635562037,0.5580521801319145,enet:own
2002-05,0.008684893312982564,0.0074658026309040015,0.609545341039282,enet:own
2002-06,0.003721947822007543,0.0025791474133297146,0.5714002043389143,enet:own
2002-07,0.006518067904933178,0.005323447215462475,0.5973103447353509,enet:own
2002-08,0.003671201066846553,0.002599728243508998,0.5357364116687773,enet:own
2002-09,0.004734891118478803,0.0037902539790703026,0.47231856970425073,enet:own
2002-10,0.006668655287191627,0.00564964928382869,0.5095030016814683,enet:own
2002-11,0.00776915875106964,0.00687403014634375,0.4475643023629447,enet:own
2002-12,-0.000924739207169763,-0.0018728945470928649,0.4740776699615511,enet:own
2003-01,0.009594415899962865,0.008410203541754925,0.5921061791039691,enet:own
2003-02,0.0012014977212398215,0.0003100694584538863,0.44571413139296767,enet:own
2003-03,0.008292425614273605,0.007385132993812621,0.4536463102304919,enet:own
2003-04,-0.0004566354123038508,-0.0011159343283198815,0.329649458008015,enet:own
2003-05,0.015511685691679909,0.014445798384764093,0.5329436534579076,enet:own
2003-06,0.005522815521546154,0.004490124068003245,0.5163457267714541,enet:own
2003-07,0.009106808451249499,0.008182674040680297,0.4620672052846011,enet:own
2003-08,0.00881082591378931,0.007783123038712051,0.5138514375386289,enet:own
2003-09,-0.0031963850918750748,-0.004371406351926694,0.5875106300258093,enet:own
2003-10,0.005525035970391787,0.004392861070427238,0.5660874499822741,enet:own
2003-11,0.0067748027720934585,0.005747480610210614,0.5136610809414216,enet:own
2003-12,-0.0023643866561920577,-0.0034199109514909403,0.5277621476494413,enet:own
2004-01,0.00824545336030083,0.007323321504932648,0.46106592768409127,enet:own
2004-02,0.006182965400971434,0.005087513936927652,0.547725732021891,enet:own
2004-03,0.006412735446245638,0.005512191621404854,0.4502719124203918,enet:own
2004-04,0.014480134379476765,0.01365270373812588,0.4137153206754412,enet:own
2004-05,-0.004628210030284075,-0.005491841019011485,0.43181549436370464,enet:own
2004-06,-0.006186666275667346,-0.007124222479472018,0.4687781019023359,enet:own
2004-07,0.007638065665349951,0.006800882128528829,0.4185917684105609,enet:own
2004-08,0.009389706634031068,0.008542059224233334,0.42382370489886745,enet:own
2004-09,0.011502765293694992,0.010762816912469976,0.3699741906125073,enet:own
2004-10,0.0012493367082944114,0.0004839324913453659,0.3827021084745226,enet:own
2004-11,0.00597215105522866,0.005045715332522147,0.4632178613532565,enet:own
2004-12,0.005076180670262011,0.004203700507934802,0.4362400811636045,enet:own
2005-01,0.0028596780773585528,0.0018563889141612955,0.5016445815986287,enet:own
2005-02,0.0033275129060096114,0.0024168361704552705,0.45533836777717046,enet:own
2005-03,0.00523226091814206,0.004286879517542221,0.4726907002999193,enet:own
2005-04,0.011262142623984206,0.01041917400593591,0.42148430902414746,enet:own
2005-05,0.0011562518616165143,0.00032964811071797487,0.4133018754492698,enet:own
2005-06,0.0044294831432938175,0.0034578599210422127,0.4858116111258025,enet:own
2005-07,0.0028768252428161873,0.0019929363433382565,0.44194444973896535,enet:own
2005-08,0.0017960128946834556,0.0008967641876110868,0.4496243535361842,enet:own
2005-09,-0.0021358213153366487,-0.0032380276342972554,0.5511031594803033,enet:own
2005-10,0.007915870310459957,0.00696352119005937,0.47617456020029325,enet:own
2005-11,0.0024466915527948958,0.0016391186513567526,0.40378645071907143,enet:own
2005-12,0.0009406604742569103,9.951650831341869e-05,0.42057198297174575,enet:own
2006-01,-0.008687667313796828,-0.009505550607611893,0.40894164690753254,enet:own
2006-02,0.013301254839559998,0.012056405096350722,0.6224248716046391,enet:own
2006-03,-0.007272376286552359,-0.008247150503902676,0.48738710867515866,enet:own
2006-04,0.0008661995999609622,-0.00014130394384281801,0.5037517719018901,enet:own
2006-05,0.01148580622036843,0.01026994773771652,0.6079292413259556,enet:own
2006-06,0.01494933249067015,0.014000033019140745,0.4746497357647039,enet:own
2006-07,0.0024164668584634656,0.0014817628905924776,0.4673519839354941,enet:own
2006-08,0.002547095876253317,0.0016558618272330646,0.44561702451012614,enet:own
2006-09,0.008748431423166284,0.00788982792324306,0.42930174996161136,enet:own
2006-10,0.0004944888350231525,-0.00028643897015641107,0.3904639025897816,enet:own
2006-11,0.006401331417408643,0.005558535165846694,0.42139812578097396,enet:own
2006-12,0.006419516627806163,0.005661776732681718,0.378869947562223,enet:own
2007-01,0.008315826473708656,0.007352500337705894,0.48166306800138065,enet:own
2007-02,0.007363766344030427,0.006279216562929276,0.5422748905505758,enet:own
2007-03,0.0004204459733729041,-0.000683994683091776,0.5522203282323398,enet:own
2007-04,0.013460548854549947,0.012257283965175034,0.6016324446874561,enet:own
2007-05,0.006372408615908073,0.0053638873284778885,0.5042606437150927,enet:own
2007-06,0.0026573959653345635,0.001550103209820357,0.5536463777571033,enet:own
2007-07,0.003477147182812295,0.002153542942153343,0.6618021203294762,enet:own
2007-08,0.00540188165834933,0.004225615530200699,0.5881330640743155,enet:own
2007-09,0.00032697525577100883,-0.0007615675887787867,0.5442714222748978,enet:own
2007-10,-0.006008333095080398,-0.007111525690534793,0.5515962977271978,enet:own
2007-11,0.0028806275006142096,0.0017988946397931034,0.5408664304105533,enet:own
2007-12,0.008817629762218818,0.007679545030413709,0.569042365902554,enet:own
2008-01,0.004132867903604953,0.003171385003624333,0.4807414499903103,enet:own
2008-02,0.0008072768347340137,-0.0003317029187718433,0.5694898767529283,enet:own
2008-03,0.005077552563592959,0.003956956634256912,0.5602979646680231,enet:own
2008-04,0.0026116370920513457,0.001508767039352631,0.551435026349357,enet:own
2008-05,0.0005467810394525942,-0.0005392563924491213,0.5430187159508577,enet:own
2008-06,0.007407398871318473,0.006284291184212657,0.5615538435529077,enet:own
2008-07,0.0032505144299617354,0.0022969865170483256,0.47676395645670494,enet:own
2008-08,0.007940513499416749,0.00679748910486106,0.5715121972778449,enet:own
2008-09,0.009571089781792884,0.008659841950981273,0.45562391540580616,enet:own
2008-10,0.019095619828828878,0.018198410543230813,0.4486046427990333,enet:own
2008-11,0.0067847470124409,0.0058563284320978706,0.46420929017151447,enet:own
2008-12,0.007908068128311137,0.0067622483598565345,0.572909884227301,enet:own
2009-01,0.007885215067894606,0.006746716584219917,0.5692492418373439,enet:own
2009-02,0.007412335762701224,0.006348603822563498,0.5318659700688624,enet:own
2009-03,-0.005012530411713284,-0.005970871515266133,0.47917055177642426,enet:own
2009-04,-0.005125435970704615,-0.006388553596702426,0.6315588129989058,enet:own
2009-05,0.012163716062110079,0.010591320022219929,0.7861980199450749,enet:own
2009-06,-0.0004157028553561599,-0.0018089693519238567,0.6966332482838483,enet:own
2009-07,0.0014754870631967997,0.00012598107891658775,0.674752992140106,enet:own
2009-08,0.004766562317916197,0.0037034704355296782,0.5315459411932593,enet:own
2009-09,0.004581717420525667,0.0035780432278943734,0.5018370963156468,enet:own
2009-10,0.004088762897314613,0.0031725780278036727,0.4580924347554703,enet:own
2009-11,0.0035040362899406556,0.002500937482370927,0.5015494037848642,enet:own
2009-12,0.00039331711353003066,-0.0005386686020217579,0.46599285777589416,enet:own
2010-01,0.005546824381655615,0.004600275926776993,0.4732742274393107,enet:own
2010-02,0.0020547203406710113,0.0010818142535617935,0.4864530435546088,enet:own
2010-03,0.005229336517710646,0.004311867433707843,0.4587345420014018,enet:own
2010-04,0.008773198733782446,0.007933304335094822,0.41994719934381153,enet:own
2010-05,0.0024821141856414125,0.0016215887840205139,0.4302627008104494,enet:own
2010-06,0.006616081298272938,0.0057812542182649395,0.41741354000399905,enet:own
2010-07,0.0023538719054195293,0.0016418069247990435,0.3560324903102429,enet:own
2010-08,0.004794134266907418,0.003943884765194154,0.4251247508566326,enet:own
2010-09,0.0027378452839291576,0.0018717475620230954,0.433048860953031,enet:own
2010-10,0.003613762203223216,0.002783547445105478,0.41510737905886913,enet:own
2010-11,0.0036174755777394433,0.0028019280275402704,0.40777377509958673,enet:own
2010-12,0.0028757855813865804,0.002070359233186031,0.4027131741002746,enet:own
2011-01,0.009992674698024173,0.009260215097716353,0.36622980015391,enet:own
2011-02,0.003356272889664318,0.002594085629958619,0.3810936298528494,enet:own
2011-03,0.0020525167134684474,0.0012741369734973734,0.38918986998553706,enet:own
2011-04,0.007034828205524817,0.006318507240130957,0.35816048269692935,enet:own
2011-05,0.006837279603637924,0.00615516523039053,0.3410571866236972,enet:own
2011-06,0.004213824243838711,0.003481867442677461,0.3659784005806249,enet:own
2011-07,0.004370733490934602,0.0036880815853474894,0.3413259527935565,enet:own
2011-08,0.004105415453547199,0.0034335106088755115,0.3359524223358437,enet:own
2011-09,0.0077634006638892675,0.007064352597918142,0.3495240329855632,enet:own
2011-10,-0.0031525648823585526,-0.003930687692026523,0.38906140483398555,enet:own
2011-11,0.004397069374716561,0.0035260189196509037,0.43552522753282863,enet:own
2011-12,0.005679973703634131,0.004837977150424702,0.42099827660471417,enet:own
2012-01,-0.006399337518655005,-0.007175216175188351,0.38793932826667304,enet:own
2012-02,0.004055393424161999,0.00305138704246691,0.5020031908475444,enet:own
2012-03,0.0037608898202149536,0.0027967885575845832,0.48205063131518505,enet:own
2012-04,0.006249319328080987,0.005248907247078766,0.5002060405011103,enet:own
2012-05,0.006325404804038489,0.005500078472208438,0.4126631659150252,enet:own
2012-06,0.0011730047674695058,0.0004568471434564124,0.3580788120065467,enet:own
2012-07,0.0047828976488200016,0.004137944259634021,0.32247669459299,enet:own
2012-08,0.008692487815682133,0.00800082328464403,0.34583226551905205,enet:own
2012-09,0.0029039126465388366,0.0022332618979590915,0.3353253742898724,enet:own
2012-10,0.0016795433034042227,0.0009994894182020122,0.3400269426011053,enet:own
2012-11,0.0029350421130935147,0.002216387068146616,0.35932752247344923,enet:own
2012-12,-0.0006743926110865599,-0.0013869666860524608,0.35628703748295043,enet:own
2013-01,0.004816440693745709,0.004060830769463371,0.377804962141169,enet:own
2013-02,0.004520523504604172,0.00378638567500799,0.36706891479809106,enet:own
2013-03,0.0073139345076873785,0.006621707405864066,0.34611355091165563,enet:own
2013-04,0.005657450759123276,0.005057059657424116,0.3001955508495799,enet:own
2013-05,0.008322851373150976,0.007654846831699427,0.3340022707257746,enet:own
2013-06,0.0036810626419142727,0.0028874883758829577,0.3967871330156574,enet:own
2013-07,0.0017294836388726171,0.0008855298341601537,0.4219769023562315,enet:own
2013-08,0.004733541557135376,0.003935992184656055,0.39877468623966017,enet:own
2013-09,7.948985387140104e-06,-0.0008221489428729529,0.4150489641300463,enet:own
2013-10,0.0023347490477190758,0.001529221278353441,0.4027638846828175,enet:own
2013-11,0.0031708534699520247,0.002387371008886866,0.39174123053257937,enet:own
2013-12,0.00610460614851211,0.005356007167213621,0.37429949064924456,enet:own
2014-01,0.0037738429319897834,0.0031714874808344644,0.30117772557765926,enet:own
2014-02,0.0012029138477714955,0.0004709946066366507,0.36595962056742243,enet:own
2014-03,0.0013216657089026717,0.000563832785445407,0.3789164617286324,enet:own
2014-04,0.005555672292814262,0.004863408518448739,0.3461318871827611,enet:own
2014-05,0.004597809651268455,0.003925674983427832,0.3360673339203119,enet:own
2014-06,0.004501275990504514,0.003782622219368742,0.3593268855678859,enet:own
2014-07,0.0020589492817543933,0.0013629462535432065,0.3480015141055933,enet:own
2014-08,0.0030950166326014785,0.0022920608374891872,0.40147789755614566,enet:own
2014-09,0.005349693283619729,0.00467730572942971,0.3361937770950099,enet:own
2014-10,0.0043915122589433175,0.0037314576399977467,0.33002730947278525,enet:own
2014-11,0.005960010595097664,0.005350200425545565,0.3049050847760491,enet:own
2014-12,0.006633081649478529,0.0059868129881320755,0.3231343306732269,enet:own
2015-01,0.0027108561449948813,0.0020035309749387104,0.3536625850280851,enet:own
2015-02,0.0005607228327235485,-0.00023298330260823058,0.39685306766588935,enet:own
2015-03,0.004700252992273008,0.003997314071792184,0.35146946024041165,enet:own
2015-04,-0.004458930656315276,-0.0051547605000645666,0.34791492187464496,enet:own
2015-05,0.002702454379770727,0.0018566093274970925,0.4229225261368171,enet:own
2015-06,0.0012336760288000593,0.00040924622604213753,0.41221490137896083,enet:own
2015-07,0.0051396128571916415,0.004446567688320677,0.34652258443548234,enet:own
2015-08,0.0065750996621640944,0.0058958699284264345,0.3396148668688295,enet:own
2015-09,0.002422703903757075,0.0017312526578633972,0.3457256229468386,enet:own
2015-10,0.0019675143458376967,0.0012420780049110052,0.3627181704633459,enet:own
2015-11,0.008642451994768999,0.007941085609891037,0.3506831924389795,enet:own
2015-12,0.002519222019590297,0.0018020914620109907,0.3585652787896532,enet:own
2016-01,0.0022616365998144325,0.0015938552192812428,0.3338906902665948,enet:own
2016-02,0.00037186693960393024,-0.00028448497886971374,0.3281759592368219,enet:own
2016-03,0.0006607225614807302,-5.0426468754923266e-05,0.3555745151178267,enet:own
2016-04,0.009020592481448764,0.008227834154244055,0.39637916360235426,enet:own
2016-05,0.0027283206909480603,0.0020192301432779987,0.35454527383503076,enet:own
2016-06,0.000983170146776107,0.00033350583969843367,0.32483215353883665,enet:own
2016-07,0.004114290154047,0.0035170929118160327,0.29859862111548374,enet:own
2016-08,0.005718448059219467,0.005097634540189629,0.31040675951491836,enet:own
2016-09,0.0031986754850097834,0.002603263741150531,0.29770587192962633,enet:own
2016-10,0.00555253051779946,0.005036679594167906,0.25792546181577697,enet:own
2016-11,0.004731937635138311,0.004198364593587848,0.2667865207752321,enet:own
2016-12,0.0005223491528775329,-9.187089366198159e-05,0.3071100232697573,enet:own
2017-01,0.009092070035795373,0.008484258664996865,0.3039056853992532,enet:own
2017-02,0.0035052390102798575,0.00282593992850577,0.33964954088704374,enet:own
2017-03,0.004405273050934055,0.0036854773859541865,0.3598978324899346,enet:own
2017-04,0.0031043027240262736,0.0024869145332549964,0.30869409538563874,enet:own
2017-05,0.006276852314223787,0.005666375312223437,0.30523850100017497,enet:own
2017-06,0.0017539082452305255,0.001210805102248229,0.2715515714911482,enet:own
2017-07,0.006458850531995333,0.005938562827122923,0.26014385243620464,enet:own
2017-08,0.0053673090911415524,0.004773315562495518,0.2969967643230174,enet:own
2017-09,0.0044268003585849845,0.0038313494267076635,0.2977254659386605,enet:own
2017-10,0.0040551981402259735,0.0034976748055001224,0.27876166736292557,enet:own
2017-11,0.0019530856644430236,0.0014011519483548567,0.2759668580440834,enet:own
2017-12,-0.0013732368236974925,-0.001980622626968228,0.3036929016353678,enet:own
2018-01,0.002293385547419065,0.0016561620614894935,0.3186117429647857,enet:own
2018-02,0.005084084826474055,0.004419603140745536,0.3322408428642597,enet:own
2018-03,0.003206058675098635,0.0025531566946159893,0.326450990241323,enet:own
2018-04,0.0035264468354753997,0.002936557265467743,0.2949447850038283,enet:own
2018-05,0.0052291290613003935,0.004549412398774425,0.3398583312629841,enet:own
2018-06,0.0020411923774321925,0.001377992284999479,0.33160004621635675,enet:own
2018-07,0.001756624017491714,0.0011594239838015055,0.2986000168451042,enet:own
2018-08,0.0034444455140055564,0.0028419170413599816,0.30126423632278737,enet:own
2018-09,0.003032998398459499,0.0024690867431265457,0.2819558276664767,enet:own
2018-10,0.004010313408852352,0.0034781992950597353,0.2660570568963083,enet:own
2018-11,-0.0007508372521449422,-0.0013811331724231351,0.3151479601390965,enet:own
2018-12,0.00327250773700228,0.0025703246108004564,0.3510915631009117,enet:own
2019-01,0.002282969068679441,0.0016896586758493907,0.2966551964150252,enet:own
2019-02,0.001079134082579603,0.0004525459340879182,0.31329407424584255,enet:own
2019-03,0.003170369216156643,0.002553041954194059,0.3086636309812918,enet:own
2019-04,0.0007290275804217375,0.0001366601014185062,0.2961837395016156,enet:own
2019-05,0.005401726838007159,0.004828048862323639,0.28683898784175965,enet:own
2019-06,0.0028644485926338295,0.002308526418058286,0.2779610872877719,enet:own
2019-07,0.005514438872827368,0.004907069553739554,0.30368465954390644,enet:own
2019-08,0.002201298153739632,0.0016243114517547708,0.2884933509924307,enet:own
2019-09,0.0026363567722270287,0.0020618923240005855,0.2872322241132215,enet:own
2019-10,0.0020511409191644836,0.001501844150888564,0.2746483841379598,enet:own
2019-11,0.004714452550528956,0.004103543558624346,0.30545449595230506,enet:own
2019-12,0.002986311214447314,0.0023757505148048748,0.30528034982121954,enet:own
2020-01,0.00643486216857193,0.005807448934760528,0.31370661690570123,enet:own
2020-02,0.006004102337305118,0.005375985255049177,0.31405854112797055,enet:own
2020-03,0.006062619976899928,0.005481103358909871,0.2907583089950286,enet:own
2020-04,-0.01328728715730229,-0.01402530717624791,0.36901000947281143,enet:own
2020-05,0.0022427123181463175,0.0009328401632516075,0.6549360774473549,enet:own
2020-06,0.0052033868798198124,0.004279946957649703,0.46171996108505464,enet:own
2020-07,0.005411734505309521,0.00459505159952637,0.4083414528915758,enet:own
2020-08,0.008911516781102862,0.00801640710815296,0.4475548364749511,enet:own
2020-09,0.010943935048020633,0.010152190017899295,0.3958725150606686,enet:own
2020-10,0.004196713622519938,0.0034975724754773684,0.3495705735212847,enet:own
2020-11,-0.003749381384725099,-0.004482019666234107,0.3663191407545041,enet:own
2020-12,0.006760787959947912,0.005824028577815599,0.468379691066156,enet:own
2021-01,0.007464524029366148,0.006664245744646775,0.4001391423596859,enet:own
2021-02,0.010013434593522141,0.009294080204908661,0.35967719430674033,enet:own
2021-03,0.009577777695953464,0.008869895701922627,0.35394099701541865,enet:own
2021-04,0.010932262611059,0.010293631121534093,0.31931574476245383,enet:own
2021-05,0.008442998215944604,0.007729858370085816,0.35656992292939477,enet:own
2021-06,0.004952169334041952,0.004312563708531116,0.3198028127554181,enet:own
2021-07,0.0033270812415360593,0.0027357473855032077,0.2956669280164262,enet:own
2021-08,0.004230229441788723,0.003647777222002527,0.29122610989309805,enet:own
2021-09,0.005105909321875242,0.004429414873367871,0.3382472242536858,enet:own
2021-10,0.005867549001833813,0.005232091059450327,0.3177289711917435,enet:own
2021-11,0.004035809701910216,0.0034774617592676625,0.27917397132127697,enet:own
2021-12,0.006284138390692468,0.005613670570474435,0.33523391010901615,enet:own
2022-01,0.011532065892735888,0.01092005511420035,0.3060053892677684,enet:own
2022-02,0.006484862825941754,0.00584526248661579,0.3198001696629827,enet:own
2022-03,0.007801988034269376,0.007158986508412294,0.3215007629285407,enet:own
2022-04,0.008174443386315167,0.0076158528166227,0.27929528484623406,enet:own
2022-05,0.005956751746557076,0.005374760901769476,0.2909954223938003,enet:own
2022-06,0.005100683802110167,0.004547384345366662,0.2766497283717524,enet:own
2022-07,-0.000869570499065992,-0.0014343876459336593,0.28240857343383347,enet:own
2022-08,0.001161068481683347,0.0005636318659389233,0.298718307872212,enet:own
2022-09,0.006030866770061822,0.005411601588721431,0.30963259067019544,enet:own
2022-10,0.004677670589642246,0.004029133486263253,0.3242685516894962,enet:own
2022-11,0.005114469560807878,0.004536553750731153,0.28895790503836244,enet:own
2022-12,0.006867502393634492,0.006258123776794936,0.30468930841977815,enet:own
2023-01,0.0019870044252918444,0.001367459427266873,0.30977249901248566,enet:own
2023-02,0.006512748855606656,0.005865979059694501,0.3233848979560778,enet:own
2023-03,0.005801175160277336,0.005216159245678905,0.29250795729921575,enet:own
2023-04,0.0015029145067561541,0.0009455830211161721,0.2786657428199909,enet:own
2023-05,0.002387743350671277,0.0018188653100955953,0.28443902028784074,enet:own
2023-06,0.0044754694502058285,0.003846689695501697,0.3143898773520658,enet:own
2023-07,0.003468993249354747,0.002795446201441842,0.3367735239564522,enet:own
2023-08,0.00558974422242671,0.004940071859526313,0.32483618145019816,enet:own
2023-09,0.007045180848184993,0.006451478218189169,0.296851314997912,enet:own
2023-10,0.007447609446500385,0.00690457338082037,0.2715180328400077,enet:own
2023-11,0.0006173388868323735,7.15413115404068e-05,0.27289878764598335,enet:own
2023-12,0.00474001746574581,0.004059753295103521,0.34013208532114464,enet:own
2024-01,0.007550547019731222,0.006956206653405273,0.2971701831629747,enet:own
2024-02,0.005921676452978919,0.005250884531718341,0.335395960630289,enet:own
2024-03,0.005946454674151124,0.005342818260988544,0.3018182065812897,enet:own
2024-04,0.004317204628472342,0.003699696626261466,0.308754001105438,enet:own
2024-05,0.0078052312763992595,0.007237061687877643,0.2840847942608083,enet:own
2024-06,0.0026073948635136628,0.002027860562354381,0.2897671505796407,enet:own
2024-07,0.0027912472479109498,0.002263291698718638,0.26397777459615607,enet:own
2024-08,0.006122133448072523,0.0055924140068225265,0.26485972062499835,enet:own
2024-09,0.0022459333618186157,0.0017231641830579875,0.2613845893803143,enet:own
2024-10,0.005449741845601723,0.004919596325126108,0.2650727602378076,enet:own
2024-11,0.008465749036693436,0.007911434463175023,0.27715728675920637,enet:own
2024-12,0.0036779232281424416,0.003153044733926745,0.26243924710784844,enet:own
2025-01,0.0022779601509314564,0.0017908644341028716,0.24354785841429233,enet:own
2025-02,0.003254228565026813,0.002683344305947968,0.2854421295394223,enet:own
2025-03,0.0035959635995322634,0.003012989632398112,0.29148698356707575,enet:own
2025-04,0.0013602747791274612,0.0007709250061099493,0.2946748865087559,enet:own
2025-05,0.0028237790266646048,0.0022430147598091824,0.29038213342771113,enet:own
2025-06,-0.0006665163610837299,-0.0012391980294198628,0.2863408341680664,enet:own
2025-07,0.002979754430508849,0.0023429551826720757,0.3183996239183867,enet:own
2025-08,0.005514399082800838,0.004880822587379593,0.3167882477106226,enet:own
2025-09,0.007277821080944294,0.0066313713191296425,0.3232248809073259,enet:own
2025-10,0.003259117590728784,0.002667712271665337,0.2957026595317236,enet:own
2025-11,0.004211209103344679,0.0035812249377039835,0.3149920828203474,enet:own
2025-12,0.005241707597460843,0.004625756826345079,0.30797538555788184,enet:own
2000-01,-0.002709415008416528,-0.002709415008416528,0.0,enet:pooled
2000-02,0.01205527472272621,0.010330743654201622,0.8622655342622936,enet:pooled
2000-03,0.001083642172234967,-0.00035497033770485776,0.7193062549699126,enet:pooled
2000-04,-0.0037587629594253926,-0.0053351639956552115,0.7882005181149093,enet:pooled
2000-05,0.0027894893566226416,0.001336624266837905,0.7264325448923682,enet:pooled
2000-06,-0.0040280564016096,-0.00546660906970897,0.7192763340496849,enet:pooled
2000-07,0.00512770325813014,0.0037244764220279274,0.7016134180511062,enet:pooled
2000-08,0.004335075172352205,0.0030566968285163096,0.6391891719179478,enet:pooled
2000-09,0.006530294204964385,0.00520179888924775,0.6642476578583175,enet:pooled
2000-10,0.008940571112005441,0.007745133425330482,0.597718843337479,enet:pooled
2000-11,0.008032050392880997,0.006857727212432759,0.5871615902241187,enet:pooled
2000-12,0.004295051131369245,0.0031030744326505516,0.5959883493593464,enet:pooled
2001-01,-0.02329430021171818,-0.024784082718494575,0.7448912533881958,enet:pooled
2001-02,0.007290134145875588,0.005248350691072578,1.0208917274015057,enet:pooled
2001-03,0.029595830026340725,0.027686265805744355,0.9547821102981849,enet:pooled
2001-04,0.002363788010275714,0.0010996966831832403,0.632045663546237,enet:pooled
2001-05,0.012215523608257062,0.010696915913709422,0.75930384727382,enet:pooled
2001-06,0.006591353946012133,0.005278649500122479,0.656352222944827,enet:pooled
2001-07,0.012969587367812155,0.011678082187300383,0.6457525902558864,enet:pooled
2001-08,0.0021891034211608336,0.0010143030358529886,0.5874001926539223,enet:pooled
2001-09,0.013909414751817133,0.012597171597577757,0.6561215771196868,enet:pooled
2001-10,-0.012087117830916178,-0.013446116009061294,0.6794990890725588,enet:pooled
2001-11,0.009952955809811677,0.008303612510271714,0.824671649769982,enet:pooled
2001-12,0.007063086659668317,0.005479343204685962,0.7918717274911773,enet:pooled
2002-01,0.0027146582827370738,0.0009502031263701317,0.8822275781834711,enet:pooled
2002-02,0.004492186197012676,0.003291370644723084,0.6004077761447956,enet:pooled
2002-03,0.005985405976640361,0.004734933967196684,0.6252360047218383,enet:pooled
2002-04,0.015618792032809935,0.014421945797386518,0.5984231177117075,enet:pooled
2002-05,0.009818134355726886,0.00855856599719935,0.6297841792637672,enet:pooled
2002-06,0.016404746587167215,0.01521212947238861,0.596308557389302,enet:pooled
2002-07,0.00845894961974361,0.0072766724829191245,0.5911385684122419,enet:pooled
2002-08,0.004580952241229139,0.0034770888482111213,0.5519316965090098,enet:pooled
2002-09,0.01412508398186502,0.0130862335381041,0.519425221880459,enet:pooled
2002-10,0.007308921052358462,0.006361275145219899,0.4738229535692816,enet:pooled
2002-11,0.0033350305363739207,0.002243440454742799,0.5457950408155603,enet:pooled
2002-12,0.004560640712161634,0.0034501029105687164,0.5552689007964582,enet:pooled
2003-01,0.009293569854664039,0.008138338969872731,0.5776154423956543,enet:pooled
2003-02,0.003931899679417766,0.0030154803909080976,0.45820964425483407,enet:pooled
2003-03,0.009722760734953267,0.008843619951817532,0.4395703915678688,enet:pooled
2003-04,-0.004955693964743464,-0.005633897324429999,0.33910167984326783,enet:pooled
2003-05,0.013473509057002224,0.0122579982838745,0.6077553865638616,enet:pooled
2003-06,0.007010505481498746,0.005878684849700972,0.5659103158988865,enet:pooled
2003-07,0.01407666196044668,0.013130479976789388,0.4730909918286458,enet:pooled
2003-08,0.013387075583731051,0.01226928052657286,0.5588975285790961,enet:pooled
2003-09,-0.009782768246449351,-0.011034865574498643,0.6260486640246465,enet:pooled
2003-10,0.0075341982132829995,0.006239854159846061,0.647172026718469,enet:pooled
2003-11,0.0061918607995693035,0.005067346950314713,0.5622569246272949,enet:pooled
2003-12,-0.001375850978954047,-0.0025883207562054328,0.6062348886256927,enet:pooled
2004-01,0.008914149111644079,0.007816470096725942,0.5488395074590684,enet:pooled
2004-02,0.008512725995191872,0.007235268658902331,0.6387286681447707,enet:pooled
2004-03,0.006666630347174909,0.005735874586867831,0.46537788015353876,enet:pooled
2004-04,0.018989263268712246,0.01804781145757196,0.47072590557014277,enet:pooled
2004-05,-0.005350214862191909,-0.00631031189054136,0.4800485141747256,enet:pooled
2004-06,-0.007670604532239972,-0.008747613677011209,0.5385045723856186,enet:pooled
2004-07,0.008926134637938706,0.007856683702173255,0.5347254678827253,enet:pooled
2004-08,0.008160057004132163,0.007204287012833756,0.47788499564920417,enet:pooled
2004-09,0.013222450620925525,0.012213815360917904,0.5043176300038099,enet:pooled
2004-10,0.0024689168411179607,0.0015040539370432386,0.4824314520373611,enet:pooled
2004-11,0.007464535232812748,0.006369999226123567,0.5472680033445905,enet:pooled
2004-12,0.005678440415036641,0.0045354139361429135,0.5715132394468637,enet:pooled
2005-01,0.0044407876844676855,0.0032726917722322993,0.584047956117693,enet:pooled
2005-02,0.003058898394624215,0.001921081089894176,0.5689086523650194,enet:pooled
2005-03,0.009312979079848021,0.00812440062596785,0.5942892269400852,enet:pooled
2005-04,0.015373224730885099,0.014360259220619094,0.5064827551330022,enet:pooled
2005-05,-0.0033488436217027906,-0.004264538539108988,0.4578474587030988,enet:pooled
2005-06,0.004123462808419394,0.002911929051188311,0.6057668786155416,enet:pooled
2005-07,0.003627767774836249,0.0025732193992985862,0.5272741877688312,enet:pooled
2005-08,0.0037377516977112027,0.002671853856648434,0.5329489205313844,enet:pooled
2005-09,-0.0005157696591756972,-0.001813066886301853,0.6486486135630779,enet:pooled
2005-10,0.009649609443997833,0.008489738293786277,0.5799355751057778,enet:pooled
2005-11,0.004125785362234453,0.0031723469900961964,0.4767191860691283,enet:pooled
2005-12,0.0021537054741864454,0.0011213180583292217,0.5161937079286117,enet:pooled
2006-01,-0.00737410720409995,-0.00839387518813816,0.5098839920191051,enet:pooled
2006-02,0.01376198923432449,0.012289900549728219,0.7360443422981351,enet:pooled
2006-03,-0.007462511891902656,-0.008610393802510708,0.5739409553040269,enet:pooled
2006-04,0.0014472349604610873,0.00019909565426400703,0.6240696530985402,enet:pooled
2006-05,0.005284739437707934,0.003909692646508762,0.6875233955995861,enet:pooled
2006-06,0.01420744388171398,0.013024971824069292,0.5912360288223444,enet:pooled
2006-07,0.002139101655651012,0.00109039292589938,0.5243543648758159,enet:pooled
2006-08,0.004238609226917139,0.0031993125687784815,0.5196483290693287,enet:pooled
2006-09,0.008850258744656682,0.007832183062306198,0.5090378411752422,enet:pooled
2006-10,0.0001806042463197992,-0.0007488435155528262,0.4647238809363127,enet:pooled
2006-11,0.006869599586954546,0.005817150496626172,0.5262245451641875,enet:pooled
2006-12,0.006274028801161189,0.005323019276701482,0.4755047622298534,enet:pooled
2007-01,0.007152828207837563,0.006128149582164929,0.5123393128363172,enet:pooled
2007-02,0.006094621314379106,0.004900023489345075,0.5972989125170152,enet:pooled
2007-03,0.0001353206325716639,-0.00102681814101597,0.5810693867938169,enet:pooled
2007-04,0.015167390043355777,0.013909530188934094,0.6289299272108415,enet:pooled
2007-05,0.0066915405451094,0.005629301055900706,0.5311197446043465,enet:pooled
2007-06,0.0019548921133940096,0.0007833073614134758,0.5857923759902668,enet:pooled
2007-07,0.004219695868236768,0.002845211076207713,0.6872423960145271,enet:pooled
2007-08,0.003720862774134542,0.002484718797053674,0.6180719885404343,enet:pooled
2007-09,0.0014691831470884477,0.00031516967015497255,0.5770067384667378,enet:pooled
2007-10,-0.004196486015980894,-0.005321646814533486,0.5625803992762961,enet:pooled
2007-11,0.0036395550301042373,0.0024786677493535444,0.5804436403753466,enet:pooled
2007-12,0.01160634540357109,0.010360021617199072,0.6231618931860092,enet:pooled
2008-01,0.00518504814361604,0.004169689687626761,0.5076792279946398,enet:pooled
2008-02,-0.0006476940631987208,-0.0018420782702022155,0.5971921035017475,enet:pooled
2008-03,0.007993574256450928,0.006791200027361058,0.6011871145449346,enet:pooled
2008-04,0.002301254251864896,0.0011596988346900625,0.5707777085874165,enet:pooled
2008-05,0.0012474822001247675,3.06693449167089e-05,0.6084064276040293,enet:pooled
2008-06,0.008894091161575544,0.0076997306574249835,0.5971802520752801,enet:pooled
2008-07,0.0025606515675807924,0.001528731521862591,0.5159600228591007,enet:pooled
2008-08,0.009414313254555919,0.008201102415502549,0.6066054195266848,enet:pooled
2008-09,0.013166362416192566,0.01227913969887709,0.4436113586577381,enet:pooled
2008-10,0.0251708602021276,0.02428416709847707,0.44334655182526744,enet:pooled
2008-11,0.00683814195075067,0.005928739387733229,0.45470128150871997,enet:pooled
2008-12,0.005986537168747622,0.0049209647709653305,0.5327861988911459,enet:pooled
2009-01,0.00734112708649158,0.006173646486351303,0.5837403000701391,enet:pooled
2009-02,0.007134163754142994,0.006051251911048633,0.5414559215471809,enet:pooled
2009-03,-0.007037676725624539,-0.008031006971442704,0.4966651229090825,enet:pooled
2009-04,-0.0077805485817879355,-0.009097091131990694,0.6582712751013792,enet:pooled
2009-05,0.014801690147183848,0.013099540758711848,0.8510746942359989,enet:pooled
2009-06,-0.0007371342710604772,-0.0021144914472095598,0.6886785880745414,enet:pooled
2009-07,0.0017767913302132508,0.00042814150296338914,0.6743249136249309,enet:pooled
2009-08,0.004920837490992868,0.003807307907112198,0.5567647919403345,enet:pooled
2009-09,0.005097908319489461,0.004053704820360545,0.5221017495644578,enet:pooled
2009-10,0.0037271997712083147,0.0027466064099327865,0.49029668063776416,enet:pooled
2009-11,0.003235418884879491,0.0021597924633880083,0.5378132107457413,enet:pooled
2009-12,0.0009516259800843061,-2.4987750226902727e-05,0.4883068651556043,enet:pooled
2010-01,0.005063655850357041,0.004053198450944639,0.505228699706201,enet:pooled
2010-02,0.001725551078711248,0.0006346379299426759,0.5454565743842862,enet:pooled
2010-03,0.00475036725911664,0.003740172024829878,0.5050976171433811,enet:pooled
2010-04,0.008122867183542546,0.007170138675343546,0.4763642540995004,enet:pooled
2010-05,0.0032509667078288187,0.002258974727874721,0.49599598997704875,enet:pooled
2010-06,0.007938286427961728,0.0069441904847370554,0.49704797161233666,enet:pooled
2010-07,0.0018058735649472866,0.0010147419119324623,0.39556582650741223,enet:pooled
2010-08,0.0057095393016966785,0.004733282626993595,0.48812833735154154,enet:pooled
2010-09,0.003029304591852025,0.0020485936635484705,0.4903554641517767,enet:pooled
2010-10,0.004620595788347973,0.00366756059513483,0.4765175966065716,enet:pooled
2010-11,0.0047428598705894385,0.003830885456828277,0.45598720688058075,enet:pooled
2010-12,0.003440781998687641,0.0025344519207332085,0.45316503897721616,enet:pooled
2011-01,0.009868007311910206,0.009017676071041968,0.4251656204341199,enet:pooled
2011-02,0.003891681080170669,0.0029849234659129397,0.4533788071288647,enet:pooled
2011-03,0.002490500987184561,0.0016032181114473542,0.44364143786860344,enet:pooled
2011-04,0.0072304586734107295,0.00639016695085495,0.42014586127788983,enet:pooled
2011-05,0.007490004910379582,0.006691770444083438,0.3991172331480719,enet:pooled
2011-06,0.004380866649201534,0.003529639232705297,0.4256137082481185,enet:pooled
2011-07,0.0047817610134333315,0.0039728432130336005,0.4044589001998655,enet:pooled
2011-08,0.006009053687428335,0.005202605100595666,0.4032242934163344,enet:pooled
2011-09,0.007328867245275017,0.006510090935782622,0.40938815474619683,enet:pooled
2011-10,-0.0038494804820560715,-0.004791043138956999,0.47078132845046383,enet:pooled
2011-11,0.005424845519975276,0.0044078191903088254,0.5085131648332253,enet:pooled
2011-12,0.005994752731195982,0.00503692027115156,0.47891623002221095,enet:pooled
2012-01,-0.008371399773581737,-0.009255028114821307,0.4418141706197851,enet:pooled
2012-02,0.002575868693744094,0.0014304030698111872,0.5727328119664532,enet:pooled
2012-03,0.003554636245268029,0.002470347854983311,0.5421441951423589,enet:pooled
2012-04,0.006724585592687017,0.00563247686530237,0.5460543636923237,enet:pooled
2012-05,0.007184239249365931,0.006267220526457006,0.4585093614544627,enet:pooled
2012-06,0.0027140037774064287,0.0018732786766214127,0.42036255039250797,enet:pooled
2012-07,0.005156661244131923,0.0044155259152980145,0.37056766441695405,enet:pooled
2012-08,0.008859240621949236,0.00804355486764449,0.4078428771523724,enet:pooled
2012-09,0.003028662216981546,0.0022326281428402726,0.39801703707063657,enet:pooled
2012-10,0.001891227296249941,0.0010938423591361351,0.3986924685569029,enet:pooled
2012-11,0.003134231264979451,0.0022950263846356835,0.41960244017188364,enet:pooled
2012-12,-0.00046616527605560583,-0.0013091162473217687,0.4214754856330815,enet:pooled
2013-01,0.005053522627219643,0.004170888813702899,0.4413169067583717,enet:pooled
2013-02,0.005218677107042382,0.004352598091522255,0.43303950776006284,enet:pooled
2013-03,0.008100885955376738,0.007282737639607686,0.40907415788452633,enet:pooled
2013-04,0.007087406209403922,0.0063981463096476916,0.3446299498781155,enet:pooled
2013-05,0.008875896137975906,0.008093494017324551,0.3912010603256784,enet:pooled
2013-06,0.00400634257854672,0.003079444666123193,0.4634489562117633,enet:pooled
2013-07,0.0018455207850287154,0.0009128169584718006,0.4663519132784577,enet:pooled
2013-08,0.0045736013510577975,0.003661141893434977,0.45622972881141005,enet:pooled
2013-09,-0.000389569603096695,-0.001336912627339361,0.4736715121213329,enet:pooled
2013-10,0.0022299163162651627,0.0012856239126962591,0.47214620178445177,enet:pooled
2013-11,0.0030719693279998976,0.0021939627050862197,0.43900331145683896,enet:pooled
2013-12,0.0062948354519579966,0.0054495515768963705,0.42264193753081264,enet:pooled
2014-01,0.003973310506073755,0.0032768524649285256,0.34822902057261446,enet:pooled
2014-02,0.0012860085844331565,0.00042890774207879914,0.42855042117717884,enet:pooled
2014-03,0.000684920288616081,-0.00017960473620555768,0.4322625124108193,enet:pooled
2014-04,0.005746995677195143,0.004940091104153854,0.4034522865206449,enet:pooled
2014-05,0.004886962532672744,0.004113385402321642,0.38678856517555116,enet:pooled
2014-06,0.004586795305761008,0.0037531020618515095,0.41684662195474903,enet:pooled
2014-07,0.0013424501000422794,0.0005194482684808041,0.4115009157807376,enet:pooled
2014-08,0.0028444247770239893,0.0019213026591359849,0.4615610589440022,enet:pooled
2014-09,0.005711841497634867,0.004911568756657634,0.40013637048861644,enet:pooled
2014-10,0.00536925945635365,0.004591985950019059,0.3886367531672957,enet:pooled
2014-11,0.006651431033255814,0.005927355558853933,0.36203773720094073,enet:pooled
2014-12,0.007497622211790262,0.006735889114984983,0.3808665484026404,enet:pooled
2015-01,0.002572449746594037,0.0017367940283478005,0.41782785912311815,enet:pooled
2015-02,0.0007718912522087558,-0.00012843257248851983,0.4501619123486378,enet:pooled
2015-03,0.005229225223947134,0.004426911408869817,0.40115690753865857,enet:pooled
2015-04,-0.005063500600353763,-0.005854150036579125,0.39532471811268105,enet:pooled
2015-05,0.0026309253974333095,0.0016376363173339528,0.4966445400496784,enet:pooled
2015-06,0.0013115363346529777,0.0003487705315684166,0.48138290154228064,enet:pooled
2015-07,0.005183433077968243,0.004386528934229257,0.3984520718694934,enet:pooled
2015-08,0.007183788778756743,0.006392798354154524,0.39549521230110973,enet:pooled
2015-09,0.0023079569790193854,0.0015101977630099528,0.3988796080047162,enet:pooled
2015-10,0.001404894049863175,0.0005791384223386398,0.4128778137622675,enet:pooled
2015-11,0.009462542655147635,0.008641758069842652,0.4103922926524912,enet:pooled
2015-12,0.002446384718103581,0.00162109506847743,0.4126448248130758,enet:pooled
2016-01,0.0018522250427678967,0.0010299426476780911,0.4111411975449029,enet:pooled
2016-02,-0.00027541289749761946,-0.0011188256806457127,0.42170639157404655,enet:pooled
2016-03,0.0006853059591640027,-0.00022722498348610662,0.45626547132505474,enet:pooled
2016-04,0.009326354528738326,0.00831676855584972,0.504792986444303,enet:pooled
2016-05,0.0027893461909012035,0.0019029718578823871,0.44318716650940815,enet:pooled
2016-06,0.0008678257888496341,2.3015412253747374e-05,0.4224051882979433,enet:pooled
2016-07,0.0032591843176683153,0.0024997532842934013,0.3797155166874568,enet:pooled
2016-08,0.0059489197951013845,0.0051485958239939015,0.4001619855537418,enet:pooled
2016-09,0.003263610762683528,0.002515958826110876,0.3738259682863261,enet:pooled
2016-10,0.0057257165163391915,0.005056408508552749,0.33465400389322114,enet:pooled
2016-11,0.004629831591728201,0.003943042096364677,0.3433947476817622,enet:pooled
2016-12,0.0004005955427585874,-0.00038179764090511724,0.39119659183185235,enet:pooled
2017-01,0.010159083760276603,0.009386593692782838,0.3862450337468814,enet:pooled
2017-02,0.003382525925552691,0.00254188948850664,0.42031821852302526,enet:pooled
2017-03,0.00466563302145072,0.003795557238710389,0.43503789137016535,enet:pooled
2017-04,0.003015771474945668,0.0022506600435777506,0.3825557156839584,enet:pooled
2017-05,0.006816361218860819,0.006055120893839522,0.38062016251064873,enet:pooled
2017-06,0.001956141096579573,0.001281066241329226,0.33753742762517375,enet:pooled
2017-07,0.006541311002150122,0.005893019187899496,0.3241459071253135,enet:pooled
2017-08,0.005521491335947052,0.0047790687972597175,0.37121126934366727,enet:pooled
2017-09,0.0044409271427052225,0.0037133033406624265,0.36381190102139804,enet:pooled
2017-10,0.004411904589155449,0.0037107286698431574,0.3505879596561456,enet:pooled
2017-11,0.001731281902414641,0.0010318195904113708,0.34973115600163485,enet:pooled
2017-12,-0.0014647352980058854,-0.0022346227796859793,0.38494374084004707,enet:pooled
2018-01,0.0022940165167378143,0.0014826452699327776,0.4056856234025184,enet:pooled
2018-02,0.0052805310789693334,0.004429071519627826,0.4257297796707539,enet:pooled
2018-03,0.0030328962151737306,0.0022121702660687042,0.41036297455251297,enet:pooled
2018-04,0.0038023965960149063,0.0030311342497967102,0.3856311731090978,enet:pooled
2018-05,0.005170648211462238,0.004308864011351656,0.4308921000552914,enet:pooled
2018-06,0.001922350259640209,0.0010801403076887467,0.42110497597573127,enet:pooled
2018-07,0.0016302663431335429,0.0008654255797413946,0.38242038169607384,enet:pooled
2018-08,0.003561298079704715,0.002782668694363681,0.38931469267051694,enet:pooled
2018-09,0.0033679510557800755,0.0026411248395714726,0.3634131081043013,enet:pooled
2018-10,0.0041545103435462125,0.003456878291615836,0.3488160259651882,enet:pooled
2018-11,-0.0011708802502436095,-0.001980726468409069,0.4049231090827296,enet:pooled
2018-12,0.003284038073031247,0.0023836959906611568,0.45017104118504486,enet:pooled
2019-01,0.0014230634884201275,0.000667221069667722,0.3779212093762028,enet:pooled
2019-02,0.0009154580837738517,9.229013331557355e-05,0.411583975229139,enet:pooled
2019-03,0.0032121278119900784,0.002425599950187441,0.39326393090131867,enet:pooled
2019-04,0.000922423020485523,0.0001597994771240802,0.38131177168072145,enet:pooled
2019-05,0.0060511506215349615,0.005323430798827167,0.363859911353897,enet:pooled
2019-06,0.002661822611898287,0.0019436379074810597,0.3590923522086136,enet:pooled
2019-07,0.0056890980607588884,0.004912176899792831,0.38846058048302934,enet:pooled
2019-08,0.0022361713804423568,0.0015002208570035083,0.3679752617194243,enet:pooled
2019-09,0.0027413666821215882,0.002011369653166414,0.364998514477587,enet:pooled
2019-10,0.0021365990044210923,0.0014305297179118596,0.3530346432546163,enet:pooled
2019-11,0.004931464868284602,0.004144595284092728,0.39343479209593735,enet:pooled
2019-12,0.002451078080101191,0.0016735286381038446,0.3887747209986733,enet:pooled
2020-01,0.006371387284675701,0.0055787587321062355,0.3963142762847328,enet:pooled
2020-02,0.006592261809570654,0.005802628151775195,0.39481682889772945,enet:pooled
2020-03,0.007016615945762947,0.006303487542880051,0.3565642014414481,enet:pooled
2020-04,-0.01745065438502263,-0.018378192497078175,0.46376905602777224,enet:pooled
2020-05,0.0031278411171560714,0.001539576309029045,0.794132404063513,enet:pooled
2020-06,0.00702493779043721,0.005941372852713539,0.5417824688618353,enet:pooled
2020-07,0.00775825180535081,0.0067468620747294285,0.5056948653106909,enet:pooled
2020-08,0.010067055967579393,0.008989427514327592,0.5388142266259002,enet:pooled
2020-09,0.012585042816873794,0.011630407992978403,0.47731741194769467,enet:pooled
2020-10,0.0037916657243136365,0.0029481015491493665,0.4217820875821348,enet:pooled
2020-11,-0.004688018056790654,-0.005564752310659138,0.43836712693424196,enet:pooled
2020-12,0.007524678968424661,0.006340599205805416,0.5920398813096222,enet:pooled
2021-01,0.008056718104823444,0.007081758954161321,0.48747957533106107,enet:pooled
2021-02,0.01157687255726175,0.01066936455016025,0.45375400355074996,enet:pooled
2021-03,0.009075372451534643,0.008206718307515678,0.4343270720094827,enet:pooled
2021-04,0.011435422721542325,0.010642701058492155,0.39636083152508433,enet:pooled
2021-05,0.008490604378855196,0.0076191674457740215,0.4357184665405878,enet:pooled
2021-06,0.005234957972431385,0.004452316906354009,0.39132053303868825,enet:pooled
2021-07,0.0037756473975931026,0.003046956253671236,0.3643455719609332,enet:pooled
2021-08,0.003429213229141011,0.0026891960300215517,0.3700085995597295,enet:pooled
2021-09,0.005173136568989428,0.004321066649369264,0.42603495981008205,enet:pooled
2021-10,0.006535268930696761,0.00574591681803871,0.3946760563290255,enet:pooled
2021-11,0.0036917637718555246,0.0030063835257137434,0.3426901230708906,enet:pooled
2021-12,0.006661405284961214,0.005809318137797435,0.42604357358188927,enet:pooled
2022-01,0.011574702573216706,0.01084755120170261,0.36357568575704835,enet:pooled
2022-02,0.006934927348664122,0.0061768518303731675,0.37903775914547727,enet:pooled
2022-03,0.008580721455842691,0.007839413418176419,0.3706540188331369,enet:pooled
2022-04,0.008854372761328303,0.00821750833815982,0.318432211584241,enet:pooled
2022-05,0.00623967200075554,0.0055663166345163795,0.3366776831195805,enet:pooled
2022-06,0.005355796118946021,0.004715221112107482,0.3202875034192696,enet:pooled
2022-07,-0.0011106123649167606,-0.0017680347957126424,0.3287112153979408,enet:pooled
2022-08,0.0005058488466335351,-0.0001917824809852915,0.34881566380941315,enet:pooled
2022-09,0.006225948343000923,0.005489334686256809,0.36830682837205725,enet:pooled
2022-10,0.004979187816611958,0.004234756915166469,0.3722154507227447,enet:pooled
2022-11,0.00521882667412954,0.0045498264612425935,0.334500106443473,enet:pooled
2022-12,0.006921768167339439,0.006217928081126116,0.3519200431066611,enet:pooled
2023-01,0.0017397389378630708,0.0010357333247978094,0.35200280653263055,enet:pooled
2023-02,0.006782919892174516,0.0060469257069847605,0.3679970925948773,enet:pooled
2023-03,0.005889747778812417,0.0052145704963033135,0.33758864125455185,enet:pooled
2023-04,0.0012959717511190382,0.0006503731832746064,0.3227992839222158,enet:pooled
2023-05,0.001958762068493936,0.0013164021528982836,0.32117995779782604,enet:pooled
2023-06,0.0047024764564820324,0.003970266582865604,0.36610493680821427,enet:pooled
2023-07,0.003836389581197026,0.003050740954910609,0.3928243131432083,enet:pooled
2023-08,0.005203805293628356,0.0044470429652525316,0.3783811641879122,enet:pooled
2023-09,0.007078385678584282,0.006383883180638878,0.3472512489727022,enet:pooled
2023-10,0.007598501113854423,0.006971819465965459,0.31334082394448276,enet:pooled
2023-11,0.0002144968871386243,-0.0004243948713012591,0.3194458792199417,enet:pooled
2023-12,0.004905842784093,0.0041229515144215615,0.3914456348357192,enet:pooled
2024-01,0.007329581646022768,0.006646726218689958,0.3414277136664052,enet:pooled
2024-02,0.006258187335350538,0.005490815232745743,0.3836860513023982,enet:pooled
2024-03,0.006191598890317563,0.005505049942544112,0.3432744738867258,enet:pooled
2024-04,0.0047177734569271036,0.004018510545452812,0.3496314557371462,enet:pooled
2024-05,0.007880631853348103,0.007242426823768287,0.319102514789908,enet:pooled
2024-06,0.003128230740973227,0.0024658618995804004,0.3311844206964132,enet:pooled
2024-07,0.0024098475201482896,0.0018176891096740879,0.2960792052371009,enet:pooled
2024-08,0.00629743902549049,0.005685631996713753,0.3059035143883687,enet:pooled
2024-09,0.0020505816869279474,0.0014524013950281975,0.29909014594987493,enet:pooled
2024-10,0.0053502239838132395,0.0047321927848357,0.3090155994887693,enet:pooled
2024-11,0.008660806928619579,0.008014306353655893,0.323250287481843,enet:pooled
2024-12,0.003917789650853306,0.00330853520366107,0.304627223596118,enet:pooled
2025-01,0.0021578034539410434,0.0016057836983211823,0.27600987780993047,enet:pooled
2025-02,0.0034890045448554012,0.0028448495882093263,0.32207747832303774,enet:pooled
2025-03,0.0036666691393734646,0.0030121138968725596,0.32727762125045246,enet:pooled
2025-04,0.0013879062790325381,0.000718443897655307,0.33473119068861557,enet:pooled
2025-05,0.002924253618523817,0.0022688085269276636,0.3277225457980767,enet:pooled
2025-06,-0.0005006640906571655,-0.0011541406739248457,0.3267382916338401,enet:pooled
2025-07,0.003273429077798748,0.0025469461309556457,0.36324147342155133,enet:pooled
2025-08,0.006532396106542343,0.0058164076709830426,0.3579942177796498,enet:pooled
2025-09,0.008022059911755159,0.007283681205953744,0.36918935290070753,enet:pooled
2025-10,0.003129524549133388,0.0024522188811560907,0.3386528339886489,enet:pooled
2025-11,0.004117948234320824,0.003397362169270036,0.3602930325253938,enet:pooled
2025-12,0.00577497115363065,0.005069849846284187,0.352560653673231,enet:pooled
2000-01,-0.006139498948767405,-0.006139498948767405,0.0,enet_rs:dm_only
2000-02,0.010860249135929081,0.009216759172202355,0.821744981863364,enet_rs:dm_only
2000-03,0.0008795724709513697,-0.0005365035278663373,0.708037999408854,enet_rs:dm_only
2000-04,-0.004684713643795944,-0.006142568545345832,0.7289274507749445,enet_rs:dm_only
2000-05,0.0012927733687443815,-2.3977214040553406e-05,0.6583752913924675,enet_rs:dm_only
2000-06,-0.004009644299861028,-0.005386408521084242,0.6883821106116071,enet_rs:dm_only
2000-07,0.005791840948914365,0.004387157737673321,0.7023416056205218,enet_rs:dm_only
2000-08,0.003561958855706325,0.0023070008149359772,0.6274790203851738,enet_rs:dm_only
2000-09,0.007634298267317833,0.0062710413089394805,0.6816284791891764,enet_rs:dm_only
2000-10,0.009306548033057685,0.008138893643350192,0.583827194853747,enet_rs:dm_only
2000-11,0.008667710265282975,0.007531279360829043,0.568215452226966,enet_rs:dm_only
2000-12,0.0038423337822890242,0.00269811409199574,0.5721098451466416,enet_rs:dm_only
2001-01,-0.024824744991262436,-0.026537846679344886,0.8565508440412241,enet_rs:dm_only
2001-02,0.003699974915024759,0.0013918779475381214,1.1540484837433183,enet_rs:dm_only
2001-03,0.030275226069078412,0.028139762008239557,1.0677320304194284,enet_rs:dm_only
2001-04,0.002051650246233814,0.0006110212934835544,0.7203144763751299,enet_rs:dm_only
2001-05,0.011753805775698614,0.010013837867396225,0.869983954151194,enet_rs:dm_only
2001-06,0.006308856321572385,0.004767283711009766,0.7707863052813095,enet_rs:dm_only
2001-07,0.01477802796323961,0.013253885324481192,0.7620713193792098,enet_rs:dm_only
2001-08,0.0015465091623724767,0.00018409929277506305,0.681204934798707,enet_rs:dm_only
2001-09,0.011596522985171666,0.010082053174070987,0.7572349055503395,enet_rs:dm_only
2001-10,-0.013793017574103497,-0.01538957995813564,0.798281192016073,enet_rs:dm_only
2001-11,0.013255083488894204,0.011309920250785071,0.9725816190545664,enet_rs:dm_only
2001-12,0.005973635198521591,0.004209353626736787,0.8821407858924019,enet_rs:dm_only
2002-01,0.0023775479983402597,0.0004570754839046223,0.9602362572178189,enet_rs:dm_only
2002-02,0.004126947097217195,0.0027819603179367594,0.6724933896402181,enet_rs:dm_only
2002-03,0.008264545048174267,0.006872321719900549,0.6961116641368589,enet_rs:dm_only
2002-04,0.014701003066993472,0.013424774727026948,0.6381141699832611,enet_rs:dm_only
2002-05,0.010146328735698545,0.008769362489995906,0.6884831228513197,enet_rs:dm_only
2002-06,0.01951230873627673,0.01824692335121673,0.6326926925299999,enet_rs:dm_only
2002-07,0.008220812356214505,0.006976909353270764,0.6219515014718712,enet_rs:dm_only
2002-08,0.004312703282927807,0.0031397587777745525,0.5864722525766273,enet_rs:dm_only
2002-09,0.01575951650602324,0.014610793486175494,0.5743615099238724,enet_rs:dm_only
2002-10,0.006884401508691773,0.005882369713429551,0.5010158976311118,enet_rs:dm_only
2002-11,0.0021033988297006283,0.00087027299367828,0.6165629180111742,enet_rs:dm_only
2002-12,0.005014375631301829,0.003772482818267699,0.6209464065170649,enet_rs:dm_only
2003-01,0.009092678620598173,0.007864230368167337,0.614224126215418,enet_rs:dm_only
2003-02,0.003756167258109361,0.002755499553566219,0.5003338522715711,enet_rs:dm_only
2003-03,0.010094089059024902,0.009151384479302102,0.4713522898614007,enet_rs:dm_only
2003-04,-0.005894949715135986,-0.006627121754963553,0.3660860199137835,enet_rs:dm_only
2003-05,0.012051536586559908,0.01072499455046033,0.6632710180497889,enet_rs:dm_only
2003-06,0.007656828989218699,0.00642005659730008,0.6183861959593092,enet_rs:dm_only
2003-07,0.015427011430383223,0.014411927134280703,0.5075421480512601,enet_rs:dm_only
2003-08,0.014686208313249967,0.013504761717526409,0.5907232978617788,enet_rs:dm_only
2003-09,-0.01123577841349775,-0.012538048710556419,0.6511351485293347,enet_rs:dm_only
2003-10,0.007932047708195052,0.00654893675118721,0.6915554785039212,enet_rs:dm_only
2003-11,0.004869744682427816,0.0036527896549034293,0.6084775137621937,enet_rs:dm_only
2003-12,-0.0012891695313501847,-0.0026031338635043484,0.6569821660770817,enet_rs:dm_only
2004-01,0.008630166676038064,0.007482349388113579,0.5739086439622426,enet_rs:dm_only
2004-02,0.008574585271609017,0.007278614077353116,0.647985597127951,enet_rs:dm_only
2004-03,0.007301469086376894,0.006377703855725266,0.4618826153258141,enet_rs:dm_only
2004-04,0.01948029873573671,0.018536968786846082,0.47166497444531535,enet_rs:dm_only
2004-05,-0.0050126584408122545,-0.005981306015556726,0.48432378737223536,enet_rs:dm_only
2004-06,-0.007107379056497375,-0.008190782499710234,0.5417017216064298,enet_rs:dm_only
2004-07,0.009485530781416373,0.008410268541130573,0.5376311201429,enet_rs:dm_only
2004-08,0.006714727018785729,0.005761549319017157,0.47658884988428635,enet_rs:dm_only
2004-09,0.012981184764215755,0.011943812115831696,0.5186863241920285,enet_rs:dm_only
2004-10,0.0027972992583600014,0.0018097822857753465,0.49375848629232744,enet_rs:dm_only
2004-11,0.0076055981833328965,0.006509891538920661,0.547853322206118,enet_rs:dm_only
2004-12,0.005589873832466395,0.004425917508645038,0.5819781619106785,enet_rs:dm_only
2005-01,0.004606018502146901,0.00338105452021363,0.6124819909666354,enet_rs:dm_only
2005-02,0.002532459983829987,0.0012487084571404248,0.6418757633447809,enet_rs:dm_only
2005-03,0.010656033139648849,0.009328208958824444,0.6639120904122014,enet_rs:dm_only
2005-04,0.016409997705461307,0.015289910387162606,0.5600436591493508,enet_rs:dm_only
2005-05,-0.0048271726478853905,-0.005833298559401642,0.5030629557581259,enet_rs:dm_only
2005-06,0.004024495422197626,0.002675643882825274,0.6744257696861762,enet_rs:dm_only
2005-07,0.003654088975931274,0.0024717469306426714,0.5911710226443011,enet_rs:dm_only
2005-08,0.003546087593867172,0.002359595121746836,0.5932462360601679,enet_rs:dm_only
2005-09,-4.084990414260001e-05,-0.0014712016419939473,0.7151758689256735,enet_rs:dm_only
2005-10,0.010305522261152833,0.009010144589869297,0.647688835641768,enet_rs:dm_only
2005-11,0.004406750432944208,0.003341214716207817,0.532767858368196,enet_rs:dm_only
2005-12,0.002475142821329567,0.0013256428537415268,0.5747499837940198,enet_rs:dm_only
2006-01,-0.001613283985550099,-0.0026662436562463476,0.5264798353481241,enet_rs:dm_only
2006-02,0.014233734144357671,0.012997131539408993,0.6183013024743393,enet_rs:dm_only
2006-03,-0.008386365149500346,-0.009320206784091591,0.4669208172956225,enet_rs:dm_only
2006-04,0.002281890950130368,0.0011909723338225137,0.5454593081539271,enet_rs:dm_only
2006-05,0.006654153671063636,0.00549040762757934,0.5818730217421484,enet_rs:dm_only
2006-06,0.013970130667048292,0.012972613403390636,0.4987586318288269,enet_rs:dm_only
2006-07,0.00187085756294901,0.0009673255755231235,0.4517659937129433,enet_rs:dm_only
2006-08,0.004664866120227727,0.003780642104607457,0.44211200781013515,enet_rs:dm_only
2006-09,0.008521003109556063,0.007674518543151559,0.4232422832022523,enet_rs:dm_only
2006-10,0.00045370134602482683,-0.0003086245266679468,0.3811629363463868,enet_rs:dm_only
2006-11,0.004903898285361315,0.004034889387892797,0.434504448734259,enet_rs:dm_only
2006-12,0.0060344766733863514,0.005224466137035007,0.4050052681756724,enet_rs:dm_only
2007-01,0.00863485913120009,0.007820084597525551,0.40738726683727,enet_rs:dm_only
2007-02,0.004628263595681078,0.0038154669286607967,0.4063983335101407,enet_rs:dm_only
2007-03,0.0025245384830519147,0.0018126200122323658,0.35595923540977453,enet_rs:dm_only
2007-04,0.012792967707799712,0.012032158111401157,0.38040479819927836,enet_rs:dm_only
2007-05,0.005250085093969916,0.004592936975019543,0.3285740594751863,enet_rs:dm_only
2007-06,0.00010624273489861516,-0.0006205659950549386,0.3634043649767769,enet_rs:dm_only
2007-07,0.005438911687850407,0.004582442389104521,0.4282346493729429,enet_rs:dm_only
2007-08,0.004882114747489579,0.004147338463914128,0.36738814178772516,enet_rs:dm_only
2007-09,0.0007852264066246206,9.076340534549468e-05,0.34723150063956304,enet_rs:dm_only
2007-10,-0.004712571437594599,-0.005427551773533742,0.3574901679695719,enet_rs:dm_only
2007-11,0.004064449282985293,0.0033661574822473755,0.3491459003689586,enet_rs:dm_only
2007-12,0.00847664529459013,0.007759950471589278,0.3583474115004255,enet_rs:dm_only
2008-01,0.005606224369241299,0.00482954798691506,0.38833819116311913,enet_rs:dm_only
2008-02,-0.00035935095903988953,-0.001301300791826186,0.47097491639314837,enet_rs:dm_only
2008-03,0.008115578446817791,0.007193287228319631,0.46114560924908005,enet_rs:dm_only
2008-04,0.0025508259770788805,0.0016733306172161597,0.43874767993136043,enet_rs:dm_only
2008-05,0.0015801667477831492,0.0006065198441508561,0.4868234518161465,enet_rs:dm_only
2008-06,0.008364442765028368,0.007450309286106418,0.4570667394609758,enet_rs:dm_only
2008-07,0.002886038140113149,0.002082447437023552,0.4017953515447982,enet_rs:dm_only
2008-08,0.008578558419161414,0.0076375596295348794,0.4704993948132671,enet_rs:dm_only
2008-09,0.011533745005965894,0.010855973972927422,0.3388855165192353,enet_rs:dm_only
2008-10,0.023140390931690537,0.022437363801966693,0.35151356486192187,enet_rs:dm_only
2008-11,0.006938102630726642,0.006168896931132634,0.3846028497970037,enet_rs:dm_only
2008-12,0.0064190705945190605,0.005556999343692898,0.43103562541308116,enet_rs:dm_only
2009-01,0.007042265216923494,0.0058918137125076875,0.5752257522079031,enet_rs:dm_only
2009-02,0.006954033113545372,0.0057863578416163745,0.5838376359644989,enet_rs:dm_only
2009-03,-0.0076500995638919,-0.00872445838103559,0.5371794085718445,enet_rs:dm_only
2009-04,-0.008197239732527659,-0.00960906519969697,0.7059127335846562,enet_rs:dm_only
2009-05,0.015827586854573892,0.014017648782534536,0.9049690360196782,enet_rs:dm_only
2009-06,-0.000973027344458207,-0.0024080939105631384,0.7175332830524658,enet_rs:dm_only
2009-07,0.0016939262658821313,0.00026793638768467514,0.7129949390987279,enet_rs:dm_only
2009-08,0.004888419586667012,0.0036871575504345898,0.6006310181162109,enet_rs:dm_only
2009-09,0.005285692622507592,0.004159887066206781,0.562902778150406,enet_rs:dm_only
2009-10,0.0037728064185587455,0.0027168812863215645,0.5279625661185907,enet_rs:dm_only
2009-11,0.00359298650975409,0.002429937646692959,0.5815244315305655,enet_rs:dm_only
2009-12,0.0013028104472271368,0.00025014452295724147,0.5263329621349477,enet_rs:dm_only
2010-01,0.0054932452770474205,0.004512330308792011,0.49045748412770446,enet_rs:dm_only
2010-02,0.0023627430953245647,0.0014384491384807796,0.4621469784218925,enet_rs:dm_only
2010-03,0.004816128557031769,0.003973433254588663,0.4213476512215529,enet_rs:dm_only
2010-04,0.00823146071385533,0.007425808377343684,0.4028261682558233,enet_rs:dm_only
2010-05,0.0031637634378118775,0.002331047461504004,0.41635798815393676,enet_rs:dm_only
2010-06,0.007502380301939482,0.006667982159453498,0.4171990712429917,enet_rs:dm_only
2010-07,0.0019744382650150262,0.001312857211622839,0.33079052669609355,enet_rs:dm_only
2010-08,0.006115175354667252,0.005284579476891063,0.41529793888809435,enet_rs:dm_only
2010-09,0.003170940017578018,0.0023515876580147564,0.409676179781631,enet_rs:dm_only
2010-10,0.004389006051903113,0.003576939471622975,0.40603329014006895,enet_rs:dm_only
2010-11,0.004635910110415223,0.003873042432436398,0.38143383898941235,enet_rs:dm_only
2010-12,0.003331928153174512,0.0025753720646449047,0.37827804426480377,enet_rs:dm_only
2011-01,0.009913911953537484,0.009223446348032181,0.34523280275265117,enet_rs:dm_only
2011-02,0.00394016142856138,0.0032466332330713336,0.34676409774502326,enet_rs:dm_only
2011-03,0.002406438550399453,0.0017360172072271426,0.3352106715861551,enet_rs:dm_only
2011-04,0.006914372621707773,0.006278322892088311,0.3180248648097314,enet_rs:dm_only
2011-05,0.007542180721117228,0.006939287954928529,0.30144638309434935,enet_rs:dm_only
2011-06,0.004349855747773533,0.003711343370814813,0.3192561884793597,enet_rs:dm_only
2011-07,0.0042584651238731465,0.0036593558505300322,0.2995546366715573,enet_rs:dm_only
2011-08,0.005125216731382483,0.004518289266104124,0.3034637326391801,enet_rs:dm_only
2011-09,0.007103974993346242,0.006491388981948353,0.3062930056989447,enet_rs:dm_only
2011-10,-0.003410529416342514,-0.004135479886232006,0.36247523494474615,enet_rs:dm_only
2011-11,0.005520919192454918,0.0047604652297725805,0.3802269813411688,enet_rs:dm_only
2011-12,0.00598940957096158,0.005281768514550047,0.35382052820576687,enet_rs:dm_only
2012-01,-0.0035829737163031498,-0.004240672001690459,0.32884914269365534,enet_rs:dm_only
2012-02,0.0009181328833631082,0.0004214749907447356,0.24832894630918612,enet_rs:dm_only
2012-03,0.00584885366873235,0.005351189669535035,0.24883199959865712,enet_rs:dm_only
2012-04,0.004888966243957884,0.004350466260723818,0.26924999161703295,enet_rs:dm_only
2012-05,0.005647527742947309,0.005246922596515399,0.20030257321595515,enet_rs:dm_only
2012-06,0.0014558808052771313,0.0010990769219390514,0.17840194166903997,enet_rs:dm_only
2012-07,0.0047910095961503875,0.004485218498142364,0.1528955490040114,enet_rs:dm_only
2012-08,0.008501332829257285,0.00816305259825143,0.16914011550292765,enet_rs:dm_only
2012-09,0.0022965637482319674,0.0019655451407842406,0.1655093037238637,enet_rs:dm_only
2012-10,0.002477155615704627,0.0021576206397383216,0.15976748798315252,enet_rs:dm_only
2012-11,0.002887816639582732,0.0025531515107031005,0.16733256443981537,enet_rs:dm_only
2012-12,-1.3579759018982757e-05,-0.00036228082903083967,0.17435053500592856,enet_rs:dm_only
2013-01,0.004702666402459806,0.004361149170466446,0.17075861599668055,enet_rs:dm_only
2013-02,0.004583177478640406,0.004230950115971606,0.1761136813343993,enet_rs:dm_only
2013-03,0.0067461216193009455,0.006405394302353843,0.1703636584735507,enet_rs:dm_only
2013-04,0.0049592940197037295,0.004664386058740967,0.1474539804813808,enet_rs:dm_only
2013-05,0.006942265657339112,0.006608249745065189,0.16700795613696184,enet_rs:dm_only
2013-06,0.004423675563263426,0.004031732377658235,0.19597159280259566,enet_rs:dm_only
2013-07,0.003185117138530535,0.002779925641614708,0.20259574845791342,enet_rs:dm_only
2013-08,0.004392324426099902,0.004000836525575881,0.1957439502620106,enet_rs:dm_only
2013-09,0.00046817561142162203,4.0832718420321955e-05,0.21367144650065006,enet_rs:dm_only
2013-10,0.0018334522629554412,0.0014362101500767694,0.19862105643933584,enet_rs:dm_only
2013-11,0.003774026176483497,0.003391898412046573,0.19106388221846193,enet_rs:dm_only
2013-12,0.005945439672215665,0.005611516320290047,0.1669616759628092,enet_rs:dm_only
2014-01,0.0035164984649627253,0.003186695859634618,0.1649013026640536,enet_rs:dm_only
2014-02,0.0013720009843492412,0.0009257449047686651,0.22312803979028806,enet_rs:dm_only
2014-03,0.0013790733025145939,0.0009387642227818263,0.22015453986638384,enet_rs:dm_only
2014-04,0.005437759710802077,0.005012131670824736,0.21281401998867108,enet_rs:dm_only
2014-05,0.004855122073445498,0.004447088965765019,0.20401655384023953,enet_rs:dm_only
2014-06,0.003558895515795146,0.003126533370163251,0.21618107281594748,enet_rs:dm_only
2014-07,0.0027677193760952366,0.0023396966354717495,0.21401137031174347,enet_rs:dm_only
2014-08,0.0034965269364807747,0.0030089440377798855,0.24379144935044464,enet_rs:dm_only
2014-09,0.0052265879344945134,0.004827905578054807,0.19934117821985284,enet_rs:dm_only
2014-10,0.0035139550322255044,0.003125335141627594,0.1943099452989553,enet_rs:dm_only
2014-11,0.005947854048336688,0.005576152823495085,0.18585061242080217,enet_rs:dm_only
2014-12,0.006305331266876446,0.0059194003669808945,0.1929654499477761,enet_rs:dm_only
2015-01,0.003456341899607279,0.0029959312597676326,0.2302053199198231,enet_rs:dm_only
2015-02,0.0006559039929563942,0.0001637887645899227,0.24605761418323568,enet_rs:dm_only
2015-03,0.005771775960283359,0.005345584202438196,0.2130958789225814,enet_rs:dm_only
2015-04,-0.0037964899428679934,-0.0042312640467187836,0.2173870519253949,enet_rs:dm_only
2015-05,0.0032277631010454583,0.0026718244835352138,0.2779693087551222,enet_rs:dm_only
2015-06,0.001839001224708361,0.001319014989381881,0.25999311766324,enet_rs:dm_only
2015-07,0.0057303545481627634,0.00530040748117029,0.21497353349623657,enet_rs:dm_only
2015-08,0.0066245083933538455,0.006202874043131568,0.21081717511113876,enet_rs:dm_only
2015-09,0.0029559535044208353,0.0025171272442161227,0.21941313010235644,enet_rs:dm_only
2015-10,0.0019131453841857292,0.0014624158610158232,0.22536476158495292,enet_rs:dm_only
2015-11,0.00889676854714009,0.008456186533609602,0.220291006765244,enet_rs:dm_only
2015-12,0.0029440727315834902,0.002501492402348025,0.2212901646177325,enet_rs:dm_only
2016-01,0.0018561872463041017,0.0012634608416141795,0.296363202344961,enet_rs:dm_only
2016-02,-0.000518245517277849,-0.0012320269340478783,0.3568907083850147,enet_rs:dm_only
2016-03,0.0003375008617264368,-0.00045924219950995826,0.3983715306181977,enet_rs:dm_only
2016-04,0.009281611553579363,0.008407526778174104,0.4370423877026303,enet_rs:dm_only
2016-05,0.0026353646550652497,0.0018902806904814936,0.37254198229187807,enet_rs:dm_only
2016-06,0.0008280574621331029,9.729946400131964e-05,0.36537899906589155,enet_rs:dm_only
2016-07,0.003479952191353877,0.002832469050556494,0.32374157039869156,enet_rs:dm_only
2016-08,0.005914287026365056,0.005227239005901041,0.34352401023200774,enet_rs:dm_only
2016-09,0.0033269236204762367,0.00269358741013242,0.3166681051719083,enet_rs:dm_only
2016-10,0.005836056875560594,0.005270150197180911,0.28295333918984134,enet_rs:dm_only
2016-11,0.004606422200843692,0.004022566632839932,0.2919277840018797,enet_rs:dm_only
2016-12,0.0005922810302581307,-8.706652224896522e-05,0.33967377625354794,enet_rs:dm_only
2017-01,0.009046412836845314,0.008432729667992819,0.3068415844262476,enet_rs:dm_only
2017-02,0.0035960365919722233,0.0029729151674689445,0.31156071225163967,enet_rs:dm_only
2017-03,0.0044186692729122025,0.0037886407773260705,0.3150142477930661,enet_rs:dm_only
2017-04,0.002953216621250729,0.002416807813156679,0.26820440404702495,enet_rs:dm_only
2017-05,0.006767769121203349,0.006228761643777349,0.269503738713,enet_rs:dm_only
2017-06,0.001942476548243378,0.0014698602299069846,0.23630815916819664,enet_rs:dm_only
2017-07,0.006366848984415478,0.005918377088576197,0.22423594791964016,enet_rs:dm_only
2017-08,0.005508441975971963,0.004979731479245529,0.2643552483632173,enet_rs:dm_only
2017-09,0.004520916688511283,0.004006535794884585,0.2571904468133494,enet_rs:dm_only
2017-10,0.0042401639460393934,0.0037482985316559282,0.24593270719173288,enet_rs:dm_only
2017-11,0.0018074008632193125,0.0013144036229982942,0.2464986201105091,enet_rs:dm_only
2017-12,-0.001567582346178382,-0.002107318940513529,0.26986829716757343,enet_rs:dm_only
2018-01,0.002429300774680638,0.001844497327972028,0.2924017233543048,enet_rs:dm_only
2018-02,0.0052074618039672374,0.004598603284093302,0.30442925993696707,enet_rs:dm_only
2018-03,0.0030022253212784035,0.0024039939855480833,0.29911566786516014,enet_rs:dm_only
2018-04,0.0036667067069968053,0.0031042821560415134,0.28121227547764577,enet_rs:dm_only
2018-05,0.005404917469573239,0.004785463846921338,0.3097268113259507,enet_rs:dm_only
2018-06,0.0018547201863065577,0.0012476483769366636,0.303535904684947,enet_rs:dm_only
2018-07,0.001953892460033697,0.0014088252436873542,0.2725336081731711,enet_rs:dm_only
2018-08,0.0034276002002182923,0.0028784740378968265,0.2745630811607331,enet_rs:dm_only
2018-09,0.0029510560668158316,0.002437028387089087,0.2570138398633723,enet_rs:dm_only
2018-10,0.004352485586804015,0.003847181375910745,0.25265210544663497,enet_rs:dm_only
2018-11,-0.0006808366104406097,-0.0012667796934003937,0.29297154147989213,enet_rs:dm_only
2018-12,0.003456576716421215,0.002808831018366285,0.323872849027465,enet_rs:dm_only
2019-01,0.0024306367286231526,0.0019365591434933646,0.247038792564894,enet_rs:dm_only
2019-02,0.001156350669346521,0.000701470014338178,0.22744032750417145,enet_rs:dm_only
2019-03,0.0032810440385325646,0.00285655616094728,0.21224393879264228,enet_rs:dm_only
2019-04,0.0010073002172831436,0.0005949726187340535,0.20616379927454498,enet_rs:dm_only
2019-05,0.00539332660569097,0.005008685085614751,0.19232076003810947,enet_rs:dm_only
2019-06,0.0033551207084332835,0.0029677338761667266,0.19369341613327887,enet_rs:dm_only
2019-07,0.005727168537658265,0.005305896381881323,0.2106360778884708,enet_rs:dm_only
2019-08,0.002400267493112299,0.0019965374045855275,0.20186504426338592,enet_rs:dm_only
2019-09,0.0028314458893490464,0.0024386402654362287,0.19640281195640885,enet_rs:dm_only
2019-10,0.0024486926651585755,0.0020718449162179416,0.18842387447031703,enet_rs:dm_only
2019-11,0.004679170732266421,0.004249596106976974,0.21478731264472326,enet_rs:dm_only
2019-12,0.00342113419170259,0.003000231585481553,0.21045130311051852,enet_rs:dm_only
2020-01,0.0058272458964685045,0.005466082402428556,0.18058174701997345,enet_rs:dm_only
2020-02,0.005212481743061215,0.005167589835279683,0.022445953890765393,enet_rs:dm_only
2020-03,0.002229449158439332,0.0021866697020926787,0.021389728173326506,enet_rs:dm_only
2020-04,-0.002085357407817005,-0.002169163921661411,0.04190325692220283,enet_rs:dm_only
2020-05,-5.9269267778928484e-05,-0.00015845540290594147,0.049593067563506496,enet_rs:dm_only
2020-06,0.0023237460624679143,0.002274322697274542,0.0247116825966863,enet_rs:dm_only
2020-07,0.0007068317675136416,0.0005999834104344226,0.05342417853960963,enet_rs:dm_only
2020-08,0.0055989680707098765,0.005525164847168434,0.03690161177072106,enet_rs:dm_only
2020-09,0.00680229940782775,0.006741184970633336,0.03055721859720679,enet_rs:dm_only
2020-10,0.005120531187399769,0.005061344403822644,0.02959339178856243,enet_rs:dm_only
2020-11,0.0005679103783390759,0.0005147703516857564,0.026570013326659727,enet_rs:dm_only
2020-12,0.004507102450263922,0.004433227702575766,0.03693737384407791,enet_rs:dm_only
2021-01,0.006263198019546259,0.005935966346851267,0.16361583634749532,enet_rs:dm_only
2021-02,0.008473685086957656,0.008168550531415922,0.15256727777086765,enet_rs:dm_only
2021-03,0.009907937542633846,0.009622692492415123,0.14262252510936185,enet_rs:dm_only
2021-04,0.010306343281072534,0.010037746287360256,0.13429849685613884,enet_rs:dm_only
2021-05,0.00818989467383664,0.007886880050102062,0.15150731186728916,enet_rs:dm_only
2021-06,0.00503212661894323,0.004770747445081326,0.13068958693095156,enet_rs:dm_only
2021-07,0.0026675978731559,0.0024324774862472852,0.11756019345430718,enet_rs:dm_only
2021-08,0.0049895009098681505,0.004755703347362877,0.11689878125263632,enet_rs:dm_only
2021-09,0.004492168581822217,0.004213038426337788,0.1395650777422147,enet_rs:dm_only
2021-10,0.0034390006438400882,0.003184387087520177,0.12730677815995525,enet_rs:dm_only
2021-11,0.0033791765553567482,0.0031424494347245947,0.11836356031607691,enet_rs:dm_only
2021-12,0.005098398037031741,0.0048181629266250674,0.14011755520333663,enet_rs:dm_only
2022-01,0.011405311327431172,0.010830398865829378,0.28745623080089666,enet_rs:dm_only
2022-02,0.006501132082502495,0.0058953061593850255,0.30291296155873493,enet_rs:dm_only
2022-03,0.0077035319817759405,0.0071119422364912584,0.2957948726423412,enet_rs:dm_only
2022-04,0.008334868104823106,0.007823909801757007,0.2554791515330492,enet_rs:dm_only
2022-05,0.005953266537599677,0.0054133328871131155,0.26996682524328014,enet_rs:dm_only
2022-06,0.005069702412031664,0.00455780211711033,0.2559501474606667,enet_rs:dm_only
2022-07,-0.0009740877465049927,-0.0015045355291086657,0.2652238913018366,enet_rs:dm_only
2022-08,0.001215712071682024,0.0006604388951348168,0.27763658827360344,enet_rs:dm_only
2022-09,0.006048763421450412,0.005456716678772824,0.29602337133879436,enet_rs:dm_only
2022-10,0.004334726928909754,0.003746439193451562,0.2941438677290961,enet_rs:dm_only
2022-11,0.004899095044960542,0.004367165207033927,0.26596491896330793,enet_rs:dm_only
2022-12,0.0067833418805147705,0.006222891897000391,0.2802249917571897,enet_rs:dm_only
2023-01,0.0016680707527390987,0.0009392557506699974,0.3644075010345507,enet_rs:dm_only
2023-02,0.006912103589824547,0.00611556217929067,0.39827070526693864,enet_rs:dm_only
2023-03,0.005848620646391792,0.005108760727106723,0.3699299596425343,enet_rs:dm_only
2023-04,0.0010893324391845385,0.00037990573969608183,0.35471334974422836,enet_rs:dm_only
2023-05,0.0018327528519074064,0.0011395554688183732,0.3465986915445166,enet_rs:dm_only
2023-06,0.004895659669681219,0.004094988339683627,0.400335664998796,enet_rs:dm_only
2023-07,0.003933871039701686,0.003079694415979554,0.42708831186106566,enet_rs:dm_only
2023-08,0.004873026043206654,0.004044068851413011,0.4144785958968218,enet_rs:dm_only
2023-09,0.006936870608826791,0.006170477556427015,0.3831965261998882,enet_rs:dm_only
2023-10,0.007626118222258898,0.006939182699946589,0.3434677611561541,enet_rs:dm_only
2023-11,-0.000119741721881351,-0.0008258216692986562,0.35303997370865264,enet_rs:dm_only
2023-12,0.004937566999001302,0.004082645984113801,0.42746050744375075,enet_rs:dm_only
2024-01,0.007151236070711726,0.0064110260735827035,0.3701049985645111,enet_rs:dm_only
2024-02,0.006405949819237075,0.00557731303719057,0.41431839102325296,enet_rs:dm_only
2024-03,0.00611314549273666,0.005374203657253971,0.36947091774134466,enet_rs:dm_only
2024-04,0.004851389077922565,0.0041002338164557095,0.37557763073342776,enet_rs:dm_only
2024-05,0.007927498665477796,0.007241857320359476,0.3428206725591608,enet_rs:dm_only
2024-06,0.0032522553708862465,0.0025312677358214093,0.36049381753241855,enet_rs:dm_only
2024-07,0.0021728218501178196,0.0015384075678813378,0.31720714111824094,enet_rs:dm_only
2024-08,0.006353408276797658,0.005681246651524344,0.33608081263665696,enet_rs:dm_only
2024-09,0.0019691357926157056,0.001315893679258518,0.32662105667859387,enet_rs:dm_only
2024-10,0.005420108973657173,0.004741977471189298,0.3390657512339376,enet_rs:dm_only
2024-11,0.008766543193234791,0.008061234857804444,0.3526541677151733,enet_rs:dm_only
2024-12,0.003999011569666659,0.0033357212477890708,0.33164516093879437,enet_rs:dm_only
2025-01,0.002139020441860567,0.0015732751870370174,0.28287262741177455,enet_rs:dm_only
2025-02,0.003511471285187795,0.0029050273023486835,0.3032219914195558,enet_rs:dm_only
2025-03,0.0036300863953777876,0.0030202813870337697,0.30490250417200887,enet_rs:dm_only
2025-04,0.001419237095041659,0.0007866314590304946,0.31630281800558224,enet_rs:dm_only
2025-05,0.0029324485844666143,0.002318089666581764,0.30717945894242515,enet_rs:dm_only
2025-06,-0.0005216576178253139,-0.0011377668525698779,0.308054617372282,enet_rs:dm_only
2025-07,0.0033912370940414774,0.0026997211035124304,0.34575799526452317,enet_rs:dm_only
2025-08,0.006539544043208437,0.005867587424617896,0.3359783092952707,enet_rs:dm_only
2025-09,0.007957738762766378,0.007258388100270304,0.3496753312480373,enet_rs:dm_only
2025-10,0.003066412213137887,0.0024230915397109305,0.3216603367134781,enet_rs:dm_only
2025-11,0.0042911558347883015,0.0036127505593678733,0.3392026377102141,enet_rs:dm_only
2025-12,0.0058219907092085296,0.005158956098680873,0.3315173052638288,enet_rs:dm_only
2000-01,-7.802396757291771e-05,-7.802396757291771e-05,0.0,enet_rs:own
2000-02,0.002502482054050723,0.0009491419958590267,0.7766700290958484,enet_rs:own
2000-03,0.005972684972393116,0.004729596235128023,0.6215443686325471,enet_rs:own
2000-04,0.008548084820109002,0.007013733732757932,0.7671755436755346,enet_rs:own
2000-05,0.005655778968222452,0.004316149900775719,0.6698145337233669,enet_rs:own
2000-06,0.0006333304619807398,-0.0006768351993021004,0.6550828306414203,enet_rs:own
2000-07,0.008437025266158887,0.007257076615525298,0.5899743253167952,enet_rs:own
2000-08,0.002030570231796713,0.0010513219565205245,0.48962413763809415,enet_rs:own
2000-09,0.00733290627601862,0.006316895098882023,0.5080055885682987,enet_rs:own
2000-10,0.010070476395998125,0.009136177910092613,0.4671492429527565,enet_rs:own
2000-11,0.00864832110961278,0.007731081010531881,0.45862004954044944,enet_rs:own
2000-12,-0.0029990579206105213,-0.004100720333343443,0.5508312063664599,enet_rs:own
2001-01,-0.005742959990489509,-0.0067064012556120245,0.48172063256125747,enet_rs:own
2001-02,0.0109237960407325,0.010194345339130679,0.3647253508009093,enet_rs:own
2001-03,0.016028163471260085,0.015342865324754852,0.3426490732526148,enet_rs:own
2001-04,0.00021777967924121636,-0.0002524747953287661,0.2351272372849913,enet_rs:own
2001-05,0.013182970288143237,0.012528523946770594,0.32722317068632134,enet_rs:own
2001-06,0.006044456639827642,0.005578119380166785,0.23316862983042866,enet_rs:own
2001-07,0.014764919759835647,0.01429124941923168,0.23683517030198334,enet_rs:own
2001-08,0.0023498814522789533,0.0019214645481815818,0.2142084520486857,enet_rs:own
2001-09,0.0030232187890630964,0.002540669919281129,0.24127443489098374,enet_rs:own
2001-10,0.0005577637178900887,-8.889384146802806e-05,0.32332877967905815,enet_rs:own
2001-11,0.014863683672943566,0.014311800791322634,0.2759414408104658,enet_rs:own
2001-12,0.0042379881813611265,0.0037345103459540266,0.2517389177035492,enet_rs:own
2002-01,0.0024145755543475756,0.0013775665493188749,0.51850450251435,enet_rs:own
2002-02,0.003180387653413657,0.002394662317946252,0.39286266773370243,enet_rs:own
2002-03,0.0003578115704949078,-0.0004498599121268546,0.4038357413108813,enet_rs:own
2002-04,0.014676153572477441,0.013890516307367116,0.39281863255516164,enet_rs:own
2002-05,0.008085398615514971,0.007238067720365221,0.42366544757487523,enet_rs:own
2002-06,0.007896884742820496,0.007122643091999334,0.3871208254105806,enet_rs:own
2002-07,0.008824500511862742,0.008027871639287242,0.39831443628775026,enet_rs:own
2002-08,0.004906182042008384,0.004158903439845364,0.37363930108151017,enet_rs:own
2002-09,0.006963397930073478,0.006320286134254784,0.3215558979093472,enet_rs:own
2002-10,0.007902259966737785,0.0072272845756775,0.3374876955301425,enet_rs:own
2002-11,0.007363898919429005,0.006765115090403535,0.2993919145127351,enet_rs:own
2002-12,0.0006824566982726804,3.663641895759653e-05,0.3229101396575421,enet_rs:own
2003-01,0.011941161510032496,0.011232797380053172,0.3541820649896624,enet_rs:own
2003-02,0.001401157493724876,0.0010235325755577744,0.18881245908355077,enet_rs:own
2003-03,0.008750320674375854,0.00839254874087699,0.17888596674943294,enet_rs:own
2003-04,0.00027090367693866763,-9.608061549475566e-06,0.14025586924407132,enet_rs:own
2003-05,0.017258922816567025,0.01674475205681102,0.2570853798780028,enet_rs:own
2003-06,0.008079855610461742,0.007665786569581206,0.20703452044026827,enet_rs:own
2003-07,0.012572584019477405,0.01223786723960121,0.16735838993809765,enet_rs:own
2003-08,0.009112831756541729,0.008667861059379613,0.22248534858105787,enet_rs:own
2003-09,-0.0029402573074297804,-0.0035553937468738124,0.30756821972201603,enet_rs:own
2003-10,0.004510416651142788,0.004062780518714639,0.2238180662140742,enet_rs:own
2003-11,0.014579589488084839,0.014187650378286763,0.19596955489903806,enet_rs:own
2003-12,-0.002418729279503977,-0.0028239124747785156,0.20259159763726936,enet_rs:own
2004-01,0.007862987053542582,0.007523410308833125,0.16978837235472805,enet_rs:own
2004-02,0.002927389481653886,0.002580567031617339,0.17341122501827338,enet_rs:own
2004-03,0.0073872177665676095,0.007105631886089012,0.14079294023929864,enet_rs:own
2004-04,0.014821637183372316,0.01458187417845454,0.11988150245888905,enet_rs:own
2004-05,-0.0028325635290165924,-0.0031539110468777978,0.16067375893060268,enet_rs:own
2004-06,-0.004899183271833541,-0.00515556003627823,0.12818838222234485,enet_rs:own
2004-07,0.007807173512650538,0.007571607724046353,0.11778289430209282,enet_rs:own
2004-08,0.009324006223071992,0.009087895309327366,0.11805545687231313,enet_rs:own
2004-09,0.010668208723825987,0.010431046109910067,0.11858130695796043,enet_rs:own
2004-10,-0.0008981279145444462,-0.0011306726488901622,0.11627236717285792,enet_rs:own
2004-11,0.00132995026696226,0.0010612450202891165,0.13435262333657166,enet_rs:own
2004-12,0.00460811162787784,0.0043420878824105575,0.1330118727336412,enet_rs:own
2005-01,0.003837794692547545,0.0034691189709442354,0.18433786080165498,enet_rs:own
2005-02,0.006003636941330304,0.005829393647886727,0.08712164672178836,enet_rs:own
2005-03,0.00017708535245856326,-1.2032417246392476e-05,0.0945588848524779,enet_rs:own
2005-04,0.003746664077827683,0.00355799909345258,0.0943324921875515,enet_rs:own
2005-05,0.007077356543634666,0.0068715175884478666,0.10291947759339948,enet_rs:own
2005-06,0.0026488472791540885,0.0024270077912687525,0.11091974394266793,enet_rs:own
2005-07,0.0020248485476005666,0.0018457710075143355,0.08953877004311558,enet_rs:own
2005-08,0.010269862900257967,0.010084944606869472,0.0924591466942478,enet_rs:own
2005-09,-0.0018034819016122267,-0.0020601849914558073,0.12835154492179035,enet_rs:own
2005-10,0.004300694803685787,0.00411780236349589,0.09144622009494825,enet_rs:own
2005-11,0.001861959418073788,0.0016763584496638523,0.09280048420496796,enet_rs:own
2005-12,0.0020305225017498807,0.001853301485097293,0.08861050832629389,enet_rs:own
2006-01,0.019344767284895106,0.019185793994676882,0.07948664510911131,enet_rs:own
2006-02,0.01352987582981756,0.013145711467021277,0.19208218139814165,enet_rs:own
2006-03,-0.013096827677601976,-0.013280968745382317,0.09207053389017003,enet_rs:own
2006-04,0.006019525837025526,0.005766138055773484,0.12669389062602088,enet_rs:own
2006-05,0.014333011593765824,0.014116015156726842,0.10849821851949049,enet_rs:own
2006-06,0.013825773899361678,0.013612618074632437,0.10657791236461986,enet_rs:own
2006-07,0.0025618293541757407,0.0021751366302710036,0.19334636195236868,enet_rs:own
2006-08,0.005419368468131095,0.005147100285772387,0.13613409117935457,enet_rs:own
2006-09,0.007799944489526717,0.0075289939725109185,0.13547525850789938,enet_rs:own
2006-10,0.0014071648666584464,0.0012558808466927376,0.07564200998285434,enet_rs:own
2006-11,-0.0016209540674931222,-0.0017888576696269089,0.08395180106689336,enet_rs:own
2006-12,0.003869842804817604,0.0036971294864689974,0.08635665917430324,enet_rs:own
2007-01,0.008583207412871502,0.007855451034397979,0.3638781892367618,enet_rs:own
2007-02,0.006900879547370867,0.005907147269973155,0.4968661386988566,enet_rs:own
2007-03,0.0007412006140009621,-0.000257954746194481,0.4995776800977214,enet_rs:own
2007-04,0.012999210417980456,0.011913253060882093,0.5429786785491826,enet_rs:own
2007-05,0.005983199862626269,0.005079647297715408,0.45177628245543033,enet_rs:own
2007-06,0.0021203850810793787,0.0011242996531538162,0.49804271396278127,enet_rs:own
2007-07,0.003939275621212099,0.002741550169040304,0.5988627260858973,enet_rs:own
2007-08,0.005526168347155004,0.0044771654901805714,0.5245014284872165,enet_rs:own
2007-09,0.0002378563949773645,-0.0007356922948941675,0.4867743449357661,enet_rs:own
2007-10,-0.005985130975643435,-0.006985551832719879,0.5002104285382214,enet_rs:own
2007-11,0.0030136564733839943,0.0020464362967321445,0.483610088325925,enet_rs:own
2007-12,0.008317482058022681,0.007305746516748983,0.5058677706368495,enet_rs:own
2008-01,0.004132867903604953,0.0032074832114838024,0.46269234606057547,enet_rs:own
2008-02,0.0008072768347340137,-0.0003317029187718433,0.5694898767529283,enet_rs:own
2008-03,0.005077552563592959,0.003956956634256912,0.5602979646680231,enet_rs:own
2008-04,0.0026116370920513457,0.001508767039352631,0.551435026349357,enet_rs:own
2008-05,0.0005467810394525942,-0.0005392563924491213,0.5430187159508577,enet_rs:own
2008-06,0.007407398871318473,0.006284291184212657,0.5615538435529077,enet_rs:own
2008-07,0.0032505144299617354,0.0022969865170483256,0.47676395645670494,enet_rs:own
2008-08,0.007940513499416749,0.00679748910486106,0.5715121972778449,enet_rs:own
2008-09,0.009571089781792884,0.008659841950981273,0.45562391540580616,enet_rs:own
2008-10,0.019095619828828878,0.018198410543230813,0.4486046427990333,enet_rs:own
2008-11,0.0067847470124409,0.0058563284320978706,0.46420929017151447,enet_rs:own
2008-12,0.007908068128311137,0.0067622483598565345,0.572909884227301,enet_rs:own
2009-01,0.007885215067894606,0.006746716584219917,0.5692492418373439,enet_rs:own
2009-02,0.007412335762701224,0.006348603822563498,0.5318659700688624,enet_rs:own
2009-03,-0.005012530411713284,-0.005970871515266133,0.47917055177642426,enet_rs:own
2009-04,-0.005125435970704615,-0.006388553596702426,0.6315588129989058,enet_rs:own
2009-05,0.012163716062110079,0.010591320022219929,0.7861980199450749,enet_rs:own
2009-06,-0.0004157028553561599,-0.0018089693519238567,0.6966332482838483,enet_rs:own
2009-07,0.0014754870631967997,0.00012598107891658775,0.674752992140106,enet_rs:own
2009-08,0.004766562317916197,0.0037034704355296782,0.5315459411932593,enet_rs:own
2009-09,0.004581717420525667,0.0035780432278943734,0.5018370963156468,enet_rs:own
2009-10,0.004088762897314613,0.0031725780278036727,0.4580924347554703,enet_rs:own
2009-11,0.0035040362899406556,0.002500937482370927,0.5015494037848642,enet_rs:own
2009-12,0.00039331711353003066,-0.0005386686020217579,0.46599285777589416,enet_rs:own
2010-01,0.0060845146711189105,0.0052274088723049126,0.4285528994069992,enet_rs:own
2010-02,0.0024101744932233083,0.001662460389012401,0.37385705210545356,enet_rs:own
2010-03,0.005121577407190983,0.004418981336166272,0.3512980355123552,enet_rs:own
2010-04,0.008714566487930382,0.00807327948580565,0.32064350106236544,enet_rs:own
2010-05,0.0018877069199209333,0.001227388779697803,0.33015907011156526,enet_rs:own
2010-06,0.005741268260738466,0.005104023303362634,0.31862247868791643,enet_rs:own
2010-07,0.002787660532191172,0.00225380547116394,0.2669275305136159,enet_rs:own
2010-08,0.005095543780676189,0.004447371191270345,0.32408629470292155,enet_rs:own
2010-09,0.002899289330451296,0.0022396648991391097,0.329812215656093,enet_rs:own
2010-10,0.0031994372133623407,0.002566870761837229,0.3162832257625558,enet_rs:own
2010-11,0.003520527121948791,0.0029021240520829546,0.3092015349329185,enet_rs:own
2010-12,0.0027781103797113963,0.00217129998201251,0.30340519884944295,enet_rs:own
2011-01,0.00988579042559107,0.009368393950225122,0.25869823768297406,enet_rs:own
2011-02,0.0033854096630259616,0.0028795972581104126,0.2529062024577743,enet_rs:own
2011-03,0.0020696037722983465,0.0015469576797296403,0.26132304628435327,enet_rs:own
2011-04,0.0066054581830005754,0.006134305270075315,0.23557645646263015,enet_rs:own
2011-05,0.0069766629637000735,0.006529955577009025,0.22335369334552405,enet_rs:own
2011-06,0.004161226525304807,0.0036815480018464125,0.23983926172919734,enet_rs:own
2011-07,0.003817296376274666,0.003376389566226979,0.2204534050238439,enet_rs:own
2011-08,0.0031629439830977283,0.002723242713678803,0.21985063470946248,enet_rs:own
2011-09,0.007424516546192228,0.006966070506495786,0.2292230198482206,enet_rs:own
2011-10,-0.002713753004348131,-0.0032276229847389578,0.2569349901954136,enet_rs:own
2011-11,0.004617770235454573,0.004047967121835227,0.28490155680967244,enet_rs:own
2011-12,0.005661258558268023,0.005110834058872048,0.2752122496979876,enet_rs:own
2012-01,-0.003765546720721789,-0.0042935393460156015,0.2639963126469063,enet_rs:own
2012-02,0.002346507081718015,0.0017480257262579985,0.29924067773000834,enet_rs:own
2012-03,0.005386367091863621,0.004794563661627053,0.2959017151182843,enet_rs:own
2012-04,0.005156100958667279,0.004509687983183914,0.3232064877416824,enet_rs:own
2012-05,0.005563737786855593,0.005072193206800372,0.24577229002761014,enet_rs:own
2012-06,0.0008178435970348622,0.00040923307075827896,0.20430526313829156,enet_rs:own
2012-07,0.0046608725129414835,0.004294268555282714,0.1833019788293845,enet_rs:own
2012-08,0.008537072135312088,0.008138784641508127,0.19914374690197958,enet_rs:own
2012-09,0.0024246923866133386,0.0020363396303920067,0.19417637811066607,enet_rs:own
2012-10,0.0021890350845027314,0.0018047999145581492,0.1921175849722911,enet_rs:own
2012-11,0.0028549941977224994,0.0024496467092563197,0.20267374423308981,enet_rs:own
2012-12,-0.0002642313392594609,-0.00067482731210426,0.20529798642239946,enet_rs:own
2013-01,0.004755731028005713,0.004189657155793665,0.283036936106024,enet_rs:own
2013-02,0.004475899893335345,0.003847077482683809,0.3144112053257679,enet_rs:own
2013-03,0.0071111231643306,0.006516267653394932,0.29742775546783345,enet_rs:own
2013-04,0.005336306330335284,0.004820127625360758,0.25808935248726306,enet_rs:own
2013-05,0.008007738281637353,0.007433317061443896,0.2872106100967278,enet_rs:own
2013-06,0.003799636178881212,0.0031161411665821615,0.3417475061495249,enet_rs:own
2013-07,0.002052526695794223,0.0013233940069082807,0.3645663444429708,enet_rs:own
2013-08,0.004669655422407586,0.003978320358673433,0.34566753186707694,enet_rs:own
2013-09,0.00017442130242620874,-0.0005475284411366425,0.3609748717814256,enet_rs:own
2013-10,0.0022382332023281703,0.0015469602275268292,0.3456364874006707,enet_rs:own
2013-11,0.0033323367600387728,0.0026542594369094526,0.3390386615646601,enet_rs:own
2013-12,0.0060568246457776845,0.005415802415280526,0.32051111524857967,enet_rs:own
2014-01,0.003611281048685873,0.003117893435123666,0.2466938067811034,enet_rs:own
2014-02,0.0012770460790270841,0.0007073197388185051,0.2848631701042895,enet_rs:own
2014-03,0.001541586485944011,0.0009560306609585268,0.29277791249274193,enet_rs:own
2014-04,0.005466611307951016,0.0049254738626060245,0.27056872267249565,enet_rs:own
2014-05,0.004614660983917405,0.004088263640659688,0.2631986716288584,enet_rs:own
2014-06,0.004062832175991108,0.0035026711559210406,0.2800805100350336,enet_rs:own
2014-07,0.0026139253190806695,0.0020719282720714715,0.27099852350459924,enet_rs:own
2014-08,0.0033614949411045116,0.002728825440059146,0.3163347505226828,enet_rs:own
2014-09,0.005192419664323212,0.00467557881784993,0.2584204232366409,enet_rs:own
2014-10,0.0037608945845301004,0.003252592930524366,0.25415082700286756,enet_rs:own
2014-11,0.005773522046503713,0.005302683032109779,0.2354195071969669,enet_rs:own
2014-12,0.006210606665426105,0.005712481166967179,0.24906274922946325,enet_rs:own
2015-01,0.0032108399819902296,0.0026898355810983437,0.26050220044594286,enet_rs:own
2015-02,0.0005558973637690072,-3.991013204610074e-06,0.27994418848680863,enet_rs:own
2015-03,0.005119827887767652,0.004632482452601693,0.24367271758297904,enet_rs:own
2015-04,-0.0037784097313131523,-0.004271683763491143,0.246637016088995,enet_rs:own
2015-05,0.0030232523893668167,0.0024201825163417917,0.3015349365125124,enet_rs:own
2015-06,0.0016422245522413454,0.001065492187066816,0.2883661825872647,enet_rs:own
2015-07,0.005456737682367981,0.00496947792443566,0.24362987896616087,enet_rs:own
2015-08,0.006378822115080499,0.0059048856135804195,0.23696825075003955,enet_rs:own
2015-09,0.002799211118849327,0.0023128792703690946,0.24316592424011607,enet_rs:own
2015-10,0.0021712083433952636,0.001662829255676865,0.2541895438591993,enet_rs:own
2015-11,0.008487412295391133,0.008000117537701208,0.2436473788449634,enet_rs:own
2015-12,0.0027919794209719396,0.0022911172368214276,0.25043109207525605,enet_rs:own
2016-01,0.0022989993316693104,0.0018863877221733968,0.20630580474795668,enet_rs:own
2016-02,-0.000272898435603044,-0.00043520557660185457,0.08115357049940525,enet_rs:own
2016-03,-0.002713330229507631,-0.002905896180372357,0.09628297543236283,enet_rs:own
2016-04,0.007153602059496981,0.006941614930898367,0.10599356429930758,enet_rs:own
2016-05,0.002597415432098572,0.002422429976732287,0.08749272768314252,enet_rs:own
2016-06,0.0011448359793660935,0.0009742042122843551,0.0853158835408692,enet_rs:own
2016-07,0.004836952875483475,0.00469163640039312,0.07265823754517753,enet_rs:own
2016-08,0.005152762273196599,0.004987529853665289,0.08261620976565483,enet_rs:own
2016-09,0.0032956509592976368,0.003110296953529355,0.09267700288414103,enet_rs:own
2016-10,0.0057505808663605015,0.005623442949230963,0.06356895856476948,enet_rs:own
2016-11,0.004544543345756877,0.004408581466217531,0.06798093976967322,enet_rs:own
2016-12,0.001220543435527843,0.0010090427199269782,0.10575035780043235,enet_rs:own
2017-01,0.007538068053269911,0.007319314081857276,0.10937698570631733,enet_rs:own
2017-02,0.0043538301118670845,0.004042691663950838,0.15556922395812284,enet_rs:own
2017-03,0.004034729191349028,0.003719418433246206,0.15765537905141053,enet_rs:own
2017-04,0.002938192101109007,0.0026852489581426033,0.12647157148320176,enet_rs:own
2017-05,0.005968717173999156,0.005720891366027431,0.12391290398586237,enet_rs:own
2017-06,0.0017022439436224395,0.0014811392182854902,0.11055236266847468,enet_rs:own
2017-07,0.006192195262839681,0.0059859496873417095,0.10312278774898606,enet_rs:own
2017-08,0.005289444056085212,0.005042283349472943,0.12358035330613447,enet_rs:own
2017-09,0.004465079497289875,0.004220687436921181,0.12219603018434681,enet_rs:own
2017-10,0.003794267237009483,0.003566158776087818,0.1140542304608326,enet_rs:own
2017-11,0.0020068626973918056,0.0017806983335446746,0.11308218192356549,enet_rs:own
2017-12,-0.0014521401578572054,-0.0016972233991524657,0.12254162064763047,enet_rs:own
2018-01,0.0024032435563063653,0.0021921232534556725,0.10556015142534637,enet_rs:own
2018-02,0.004898251312610828,0.004758753377697527,0.06974896745665002,enet_rs:own
2018-03,0.0028565392116870494,0.002675063758812653,0.09073772643719816,enet_rs:own
2018-04,0.0033977913375066752,0.0032615777419385057,0.06810679778408428,enet_rs:own
2018-05,0.005545237812413562,0.005386515150707284,0.07936133085313954,enet_rs:own
2018-06,0.001754500883959452,0.0015958262406790527,0.07933732164019959,enet_rs:own
2018-07,0.002436011529816743,0.002299543483947688,0.06823402293452742,enet_rs:own
2018-08,0.003153701393173541,0.003021026939707384,0.06633722673307879,enet_rs:own
2018-09,0.0020877973251514402,0.0019639585830673253,0.06191937104205751,enet_rs:own
2018-10,0.004272998626978331,0.004154230631927592,0.059383997525370186,enet_rs:own
2018-11,0.00036231600165342626,0.00021876258411744037,0.07177670876799298,enet_rs:own
2018-12,0.0036478246264840986,0.0034962121844432283,0.07580622102043508,enet_rs:own
2019-01,0.0026184060827775277,0.0022389692553891794,0.18971841369417436,enet_rs:own
2019-02,0.0011677891349142267,0.0006818351699830511,0.2429769824655878,enet_rs:own
2019-03,0.003214326497025105,0.0027379401180450715,0.23819318949001672,enet_rs:own
2019-04,0.0008019821016061785,0.0003453999299896652,0.2282910858082566,enet_rs:own
2019-05,0.00520855386346004,0.004767527365405726,0.22051324902715688,enet_rs:own
2019-06,0.0031387978795577335,0.0027111065111276597,0.21384568421503697,enet_rs:own
2019-07,0.005524792247042379,0.005055844220983527,0.2344740130294259,enet_rs:own
2019-08,0.002260424837836626,0.0018125156709200589,0.22395458345828378,enet_rs:own
2019-09,0.002696709679886154,0.0022534937668925183,0.2216079564968177,enet_rs:own
2019-10,0.002200667763006317,0.001778404176803286,0.2111317931015155,enet_rs:own
2019-11,0.004630853099595756,0.0041579088724178325,0.23647211358896153,enet_rs:own
2019-12,0.0033423943000206427,0.0028706574723071213,0.23586841385676072,enet_rs:own
2020-01,0.0060520927303334944,0.00565672007591692,0.19768632720828744,enet_rs:own
2020-02,0.00544368719050348,0.005245436816348027,0.09912518707772609,enet_rs:own
2020-03,0.0033202481110769346,0.003139137996842935,0.09055505711699961,enet_rs:own
2020-04,-0.0052816249928792185,-0.005539295186092313,0.1288350966065473,enet_rs:own
2020-05,0.0006837938846359187,0.0002387391311615842,0.22252737673716727,enet_rs:own
2020-06,0.003090607557876641,0.0028036394474863554,0.14348405519514298,enet_rs:own
2020-07,0.0021530895124332967,0.0018515756989284573,0.15075690675241968,enet_rs:own
2020-08,0.006708245333168878,0.006405829000106456,0.15120816653121139,enet_rs:own
2020-09,0.008104042399973562,0.00784241613997935,0.13081312999710634,enet_rs:own
2020-10,0.004794810805562258,0.004554386217285908,0.12021229413817497,enet_rs:own
2020-11,-0.0005793544974623823,-0.0008242513854405158,0.12244844398906686,enet_rs:own
2020-12,0.005119157210366681,0.004806871967339374,0.1561426215136534,enet_rs:own
2021-01,0.006160373201200655,0.005885526500721955,0.13742335023935007,enet_rs:own
2021-02,0.007960228661764206,0.0076991179391023064,0.13055536133095014,enet_rs:own
2021-03,0.009932682518517658,0.009678806782723728,0.12693786789696507,enet_rs:own
2021-04,0.010003830455750996,0.009773227617188717,0.11530141928113898,enet_rs:own
2021-05,0.008069475534799064,0.007804251637221927,0.1326119487885681,enet_rs:own
2021-06,0.004912495809481971,0.004684449514288188,0.11402314759689217,enet_rs:own
2021-07,0.002533925096367383,0.0023270604525436403,0.10343232191187135,enet_rs:own
2021-08,0.005136813338481445,0.004935063578583282,0.10087487994908163,enet_rs:own
2021-09,0.004513256495134318,0.004270704496230202,0.12127599945205843,enet_rs:own
2021-10,0.003359772844298387,0.0031355849828969477,0.11209393070071987,enet_rs:own
2021-11,0.003424061634915356,0.003217943912657007,0.10305886112917471,enet_rs:own
2021-12,0.00498612175911173,0.004746626571890481,0.11974759361062493,enet_rs:own
2022-01,0.011532065892735888,0.010903612643529846,0.3142266246030206,enet_rs:own
2022-02,0.006484862825941754,0.00584526248661579,0.3198001696629827,enet_rs:own
2022-03,0.007801988034269376,0.007158986508412294,0.3215007629285407,enet_rs:own
2022-04,0.008174443386315167,0.0076158528166227,0.27929528484623406,enet_rs:own
2022-05,0.005956751746557076,0.005374760901769476,0.2909954223938003,enet_rs:own
2022-06,0.005100683802110167,0.004547384345366662,0.2766497283717524,enet_rs:own
2022-07,-0.000869570499065992,-0.0014343876459336593,0.28240857343383347,enet_rs:own
2022-08,0.001161068481683347,0.0005636318659389233,0.298718307872212,enet_rs:own
2022-09,0.006030866770061822,0.005411601588721431,0.30963259067019544,enet_rs:own
2022-10,0.004677670589642246,0.004029133486263253,0.3242685516894962,enet_rs:own
2022-11,0.005114469560807878,0.004536553750731153,0.28895790503836244,enet_rs:own
2022-12,0.006867502393634492,0.006258123776794936,0.30468930841977815,enet_rs:own
2023-01,0.0019870044252918444,0.001367459427266873,0.30977249901248566,enet_rs:own
2023-02,0.006512748855606656,0.005865979059694501,0.3233848979560778,enet_rs:own
2023-03,0.005801175160277336,0.005216159245678905,0.29250795729921575,enet_rs:own
2023-04,0.0015029145067561541,0.0009455830211161721,0.2786657428199909,enet_rs:own
2023-05,0.002387743350671277,0.0018188653100955953,0.28443902028784074,enet_rs:own
2023-06,0.0044754694502058285,0.003846689695501697,0.3143898773520658,enet_rs:own
2023-07,0.003468993249354747,0.002795446201441842,0.3367735239564522,enet_rs:own
2023-08,0.00558974422242671,0.004940071859526313,0.32483618145019816,enet_rs:own
2023-09,0.007045180848184993,0.006451478218189169,0.296851314997912,enet_rs:own
2023-10,0.007447609446500385,0.00690457338082037,0.2715180328400077,enet_rs:own
2023-11,0.0006173388868323735,7.15413115404068e-05,0.27289878764598335,enet_rs:own
2023-12,0.00474001746574581,0.004059753295103521,0.34013208532114464,enet_rs:own
2024-01,0.007550547019731222,0.006956206653405273,0.2971701831629747,enet_rs:own
2024-02,0.005921676452978919,0.005250884531718341,0.335395960630289,enet_rs:own
2024-03,0.005946454674151124,0.005342818260988544,0.3018182065812897,enet_rs:own
2024-04,0.004317204628472342,0.003699696626261466,0.308754001105438,enet_rs:own
2024-05,0.0078052312763992595,0.007237061687877643,0.2840847942608083,enet_rs:own
2024-06,0.0026073948635136628,0.002027860562354381,0.2897671505796407,enet_rs:own
2024-07,0.0027912472479109498,0.002263291698718638,0.26397777459615607,enet_rs:own
2024-08,0.006122133448072523,0.0055924140068225265,0.26485972062499835,enet_rs:own
2024-09,0.0022459333618186157,0.0017231641830579875,0.2613845893803143,enet_rs:own
2024-10,0.005449741845601723,0.004919596325126108,0.2650727602378076,enet_rs:own
2024-11,0.008465749036693436,0.007911434463175023,0.27715728675920637,enet_rs:own
2024-12,0.0036779232281424416,0.003153044733926745,0.26243924710784844,enet_rs:own
2025-01,0.0022779601509314564,0.0017908644341028716,0.24354785841429233,enet_rs:own
2025-02,0.003254228565026813,0.002683344305947968,0.2854421295394223,enet_rs:own
2025-03,0.0035959635995322634,0.003012989632398112,0.29148698356707575,enet_rs:own
2025-04,0.0013602747791274612,0.0007709250061099493,0.2946748865087559,enet_rs:own
2025-05,0.0028237790266646048,0.0022430147598091824,0.29038213342771113,enet_rs:own
2025-06,-0.0006665163610837299,-0.0012391980294198628,0.2863408341680664,enet_rs:own
2025-07,0.002979754430508849,0.0023429551826720757,0.3183996239183867,enet_rs:own
2025-08,0.005514399082800838,0.004880822587379593,0.3167882477106226,enet_rs:own
2025-09,0.007277821080944294,0.0066313713191296425,0.3232248809073259,enet_rs:own
2025-10,0.003259117590728784,0.002667712271665337,0.2957026595317236,enet_rs:own
2025-11,0.004211209103344679,0.0035812249377039835,0.3149920828203474,enet_rs:own
2025-12,0.005241707597460843,0.004625756826345079,0.30797538555788184,enet_rs:own
2000-01,-0.002709415008416528,-0.002709415008416528,0.0,enet_rs:pooled
2000-02,0.01205527472272621,0.010330743654201622,0.8622655342622936,enet_rs:pooled
2000-03,0.001083642172234967,-0.00035497033770485776,0.7193062549699126,enet_rs:pooled
2000-04,-0.0037587629594253926,-0.0053351639956552115,0.7882005181149093,enet_rs:pooled
2000-05,0.0027894893566226416,0.001336624266837905,0.7264325448923682,enet_rs:pooled
2000-06,-0.0040280564016096,-0.00546660906970897,0.7192763340496849,enet_rs:pooled
2000-07,0.00512770325813014,0.0037244764220279274,0.7016134180511062,enet_rs:pooled
2000-08,0.004335075172352205,0.0030566968285163096,0.6391891719179478,enet_rs:pooled
2000-09,0.006530294204964385,0.00520179888924775,0.6642476578583175,enet_rs:pooled
2000-10,0.008940571112005441,0.007745133425330482,0.597718843337479,enet_rs:pooled
2000-11,0.008032050392880997,0.006857727212432759,0.5871615902241187,enet_rs:pooled
2000-12,0.004295051131369245,0.0031030744326505516,0.5959883493593464,enet_rs:pooled
2001-01,-0.02329430021171818,-0.024784082718494575,0.7448912533881958,enet_rs:pooled
2001-02,0.007290134145875588,0.005248350691072578,1.0208917274015057,enet_rs:pooled
2001-03,0.029595830026340725,0.027686265805744355,0.9547821102981849,enet_rs:pooled
2001-04,0.002363788010275714,0.0010996966831832403,0.632045663546237,enet_rs:pooled
2001-05,0.012215523608257062,0.010696915913709422,0.75930384727382,enet_rs:pooled
2001-06,0.006591353946012133,0.005278649500122479,0.656352222944827,enet_rs:pooled
2001-07,0.012969587367812155,0.011678082187300383,0.6457525902558864,enet_rs:pooled
2001-08,0.0021891034211608336,0.0010143030358529886,0.5874001926539223,enet_rs:pooled
2001-09,0.013909414751817133,0.012597171597577757,0.6561215771196868,enet_rs:pooled
2001-10,-0.012087117830916178,-0.013446116009061294,0.6794990890725588,enet_rs:pooled
2001-11,0.009952955809811677,0.008303612510271714,0.824671649769982,enet_rs:pooled
2001-12,0.007063086659668317,0.005479343204685962,0.7918717274911773,enet_rs:pooled
2002-01,0.0027146582827370738,0.0009502031263701317,0.8822275781834711,enet_rs:pooled
2002-02,0.004492186197012676,0.003291370644723084,0.6004077761447956,enet_rs:pooled
2002-03,0.005985405976640361,0.004734933967196684,0.6252360047218383,enet_rs:pooled
2002-04,0.015618792032809935,0.014421945797386518,0.5984231177117075,enet_rs:pooled
2002-05,0.009818134355726886,0.00855856599719935,0.6297841792637672,enet_rs:pooled
2002-06,0.016404746587167215,0.01521212947238861,0.596308557389302,enet_rs:pooled
2002-07,0.00845894961974361,0.0072766724829191245,0.5911385684122419,enet_rs:pooled
2002-08,0.004580952241229139,0.0034770888482111213,0.5519316965090098,enet_rs:pooled
2002-09,0.01412508398186502,0.0130862335381041,0.519425221880459,enet_rs:pooled
2002-10,0.007308921052358462,0.006361275145219899,0.4738229535692816,enet_rs:pooled
2002-11,0.0033350305363739207,0.002243440454742799,0.5457950408155603,enet_rs:pooled
2002-12,0.004560640712161634,0.0034501029105687164,0.5552689007964582,enet_rs:pooled
2003-01,0.009293569854664039,0.008138338969872731,0.5776154423956543,enet_rs:pooled
2003-02,0.003931899679417766,0.0030154803909080976,0.45820964425483407,enet_rs:pooled
2003-03,0.009722760734953267,0.008843619951817532,0.4395703915678688,enet_rs:pooled
2003-04,-0.004955693964743464,-0.005633897324429999,0.33910167984326783,enet_rs:pooled
2003-05,0.013473509057002224,0.0122579982838745,0.6077553865638616,enet_rs:pooled
2003-06,0.007010505481498746,0.005878684849700972,0.5659103158988865,enet_rs:pooled
2003-07,0.01407666196044668,0.013130479976789388,0.4730909918286458,enet_rs:pooled
2003-08,0.013387075583731051,0.01226928052657286,0.5588975285790961,enet_rs:pooled
2003-09,-0.009782768246449351,-0.011034865574498643,0.6260486640246465,enet_rs:pooled
2003-10,0.0075341982132829995,0.006239854159846061,0.647172026718469,enet_rs:pooled
2003-11,0.0061918607995693035,0.005067346950314713,0.5622569246272949,enet_rs:pooled
2003-12,-0.001375850978954047,-0.0025883207562054328,0.6062348886256927,enet_rs:pooled
2004-01,0.009051786053843065,0.007991441932876722,0.5301720604831711,enet_rs:pooled
2004-02,0.008243399800197547,0.007021389698457519,0.611005050870014,enet_rs:pooled
2004-03,0.006831038108903796,0.0059403461292055265,0.4453459898491349,enet_rs:pooled
2004-04,0.01890850968569526,0.01801539789283948,0.44655589642789034,enet_rs:pooled
2004-05,-0.005226203453142239,-0.006143854730657021,0.4588256387573912,enet_rs:pooled
2004-06,-0.007481684095247376,-0.008505548006050813,0.5119319554017185,enet_rs:pooled
2004-07,0.008947081350521243,0.007931677841638498,0.5077017544413721,enet_rs:pooled
2004-08,0.008376645760392869,0.007469225920944371,0.45370991972424846,enet_rs:pooled
2004-09,0.013098138640000936,0.012142246755652675,0.4779459421741311,enet_rs:pooled
2004-10,0.002195350165700224,0.0012812911464756055,0.4570295096123091,enet_rs:pooled
2004-11,0.007063528113901533,0.00602255633034305,0.5204858917792411,enet_rs:pooled
2004-12,0.00574286444477169,0.004651520734586542,0.5456718550925741,enet_rs:pooled
2005-01,0.0044407876844676855,0.003304191011977605,0.5682983362450404,enet_rs:pooled
2005-02,0.003058898394624215,0.001921081089894176,0.5689086523650194,enet_rs:pooled
2005-03,0.009312979079848021,0.00812440062596785,0.5942892269400852,enet_rs:pooled
2005-04,0.015373224730885099,0.014360259220619094,0.5064827551330022,enet_rs:pooled
2005-05,-0.0033488436217027906,-0.004264538539108988,0.4578474587030988,enet_rs:pooled
2005-06,0.004123462808419394,0.002911929051188311,0.6057668786155416,enet_rs:pooled
2005-07,0.003627767774836249,0.0025732193992985862,0.5272741877688312,enet_rs:pooled
2005-08,0.0037377516977112027,0.002671853856648434,0.5329489205313844,enet_rs:pooled
2005-09,-0.0005157696591756972,-0.001813066886301853,0.6486486135630779,enet_rs:pooled
2005-10,0.009649609443997833,0.008489738293786277,0.5799355751057778,enet_rs:pooled
2005-11,0.004125785362234453,0.0031723469900961964,0.4767191860691283,enet_rs:pooled
2005-12,0.0021537054741864454,0.0011213180583292217,0.5161937079286117,enet_rs:pooled
2006-01,-0.005369884579693707,-0.0063040684940734466,0.4670919571898697,enet_rs:pooled
2006-02,0.014189144807594098,0.01300840249128623,0.590371158153934,enet_rs:pooled
2006-03,-0.00905198232430987,-0.009893653283944336,0.42083547981723185,enet_rs:pooled
2006-04,0.002273481255215202,0.0012662612520287538,0.5036100015932242,enet_rs:pooled
2006-05,0.008479167768601652,0.007397544911737297,0.5408114284321781,enet_rs:pooled
2006-06,0.014025663338075697,0.013123923409924633,0.4508699640755315,enet_rs:pooled
2006-07,0.001938357178168364,0.001102348115817755,0.4180045311753045,enet_rs:pooled
2006-08,0.004971144698047016,0.004160739107070546,0.40520279548823535,enet_rs:pooled
2006-09,0.00859303470089049,0.007822500384324792,0.3852671582828483,enet_rs:pooled
2006-10,0.0005701031081985059,-0.00011392230942861298,0.34201270881355933,enet_rs:pooled
2006-11,0.0036674440564741354,0.002895679538722631,0.3858822588757521,enet_rs:pooled
2006-12,0.005938098591358912,0.005205832959955373,0.36613281570176964,enet_rs:pooled
2007-01,0.00828094801270859,0.007492141418157121,0.3944032972757349,enet_rs:pooled
2007-02,0.0054015215894013995,0.004467735410049917,0.4668930896757411,enet_rs:pooled
2007-03,0.0013594419292476223,0.0004831513720748648,0.43814527858637864,enet_rs:pooled
2007-04,0.013732521320296263,0.012795229525043052,0.4686458976266061,enet_rs:pooled
2007-05,0.005858365268532502,0.005066437388450786,0.39596394004085794,enet_rs:pooled
2007-06,0.0008257251090179245,-5.120412943974939e-05,0.4384646192288373,enet_rs:pooled
2007-07,0.004995504085796795,0.003952681654202185,0.5214112157973048,enet_rs:pooled
2007-08,0.004572529724064561,0.003662602110375052,0.4549638068447545,enet_rs:pooled
2007-09,0.0009659778818374091,0.00011877470772016696,0.4236015870586207,enet_rs:pooled
2007-10,-0.004718318499528735,-0.0055753872405758945,0.42853437052357973,enet_rs:pooled
2007-11,0.0038053527128231557,0.0029539489143746256,0.4257018992242648,enet_rs:pooled
2007-12,0.009149428098974163,0.008257089562781117,0.4461692680965234,enet_rs:pooled
2008-01,0.00525568654084112,0.004419449923384287,0.4181183087284167,enet_rs:pooled
2008-02,-0.00014157033390420294,-0.0011608243464877454,0.5096270062917713,enet_rs:pooled
2008-03,0.007634757514925839,0.006633026658715608,0.5008654281051155,enet_rs:pooled
2008-04,0.002540897007655526,0.0015808090660835532,0.480043970785986,enet_rs:pooled
2008-05,0.001394931153069048,0.0003584587633385165,0.5182361948652657,enet_rs:pooled
2008-06,0.008345251112327166,0.007347258739067729,0.49899618662971934,enet_rs:pooled
2008-07,0.0028555650372913233,0.0019867755345173393,0.4343947513869919,enet_rs:pooled
2008-08,0.008701298558216292,0.0076810310410932855,0.5101337585615032,enet_rs:pooled
2008-09,0.011722289029946598,0.010977374506529426,0.37245726170858523,enet_rs:pooled
2008-10,0.023184671585248496,0.02242082040912335,0.3819255880625725,enet_rs:pooled
2008-11,0.006971105325003382,0.006160793849162074,0.4051557379206535,enet_rs:pooled
2008-12,0.0064997443389583085,0.005569909079236969,0.46491762986067003,enet_rs:pooled
2009-01,0.00734112708649158,0.00623849352117889,0.5513167826563445,enet_rs:pooled
2009-02,0.007134163754142994,0.006051251911048633,0.5414559215471809,enet_rs:pooled
2009-03,-0.007037676725624539,-0.008031006971442704,0.4966651229090825,enet_rs:pooled
2009-04,-0.0077805485817879355,-0.009097091131990694,0.6582712751013792,enet_rs:pooled
2009-05,0.014801690147183848,0.013099540758711848,0.8510746942359989,enet_rs:pooled
2009-06,-0.0007371342710604772,-0.0021144914472095598,0.6886785880745414,enet_rs:pooled
2009-07,0.0017767913302132508,0.00042814150296338914,0.6743249136249309,enet_rs:pooled
2009-08,0.004920837490992868,0.003807307907112198,0.5567647919403345,enet_rs:pooled
2009-09,0.005097908319489461,0.004053704820360545,0.5221017495644578,enet_rs:pooled
2009-10,0.0037271997712083147,0.0027466064099327865,0.49029668063776416,enet_rs:pooled
2009-11,0.003235418884879491,0.0021597924633880083,0.5378132107457413,enet_rs:pooled
2009-12,0.0009516259800843061,-2.4987750226902727e-05,0.4883068651556043,enet_rs:pooled
2010-01,0.005734260138633959,0.004813323935132924,0.4604681017505175,enet_rs:pooled
2010-02,0.002177375748601258,0.0013188670244935715,0.42925436205384315,enet_rs:pooled
2010-03,0.004812517646537554,0.004020454184645071,0.3960317309462416,enet_rs:pooled
2010-04,0.008292312828185698,0.007545941858587321,0.3731854847991895,enet_rs:pooled
2010-05,0.0025562093502291415,0.0017812551978398637,0.3874770761946389,enet_rs:pooled
2010-06,0.006944747398517786,0.006171400309610248,0.38667354445376945,enet_rs:pooled
2010-07,0.00228384493890024,0.0016726825649883807,0.3055811869559296,enet_rs:pooled
2010-08,0.005826477549467759,0.005064864874669865,0.380806337398947,enet_rs:pooled
2010-09,0.003161317911740784,0.002397581946911594,0.3818679824145948,enet_rs:pooled
2010-10,0.00403325564369724,0.003289484712671584,0.3718854655128274,enet_rs:pooled
2010-11,0.004421617498735367,0.003714389977190269,0.35361376077254913,enet_rs:pooled
2010-12,0.0032089943532051923,0.002509715371572127,0.3496394908165326,enet_rs:pooled
2011-01,0.009975984198358458,0.009336340766763691,0.31982171579738433,enet_rs:pooled
2011-02,0.0038260269338907765,0.003163215355333083,0.33140578927884695,enet_rs:pooled
2011-03,0.002391809383764546,0.0017377332516692583,0.32703806604764385,enet_rs:pooled
2011-04,0.006926061797966833,0.006316012936807777,0.3050244305795282,enet_rs:pooled
2011-05,0.0074145272999585265,0.00683650747663923,0.28900991165964784,enet_rs:pooled
2011-06,0.004317785886033658,0.003700513912714119,0.30863598665976955,enet_rs:pooled
2011-07,0.00420166920038414,0.0036235395233414425,0.2890648385213488,enet_rs:pooled
2011-08,0.004701869674680912,0.004120777213804199,0.29054623043835653,enet_rs:pooled
2011-09,0.007319761406168408,0.006726872733724227,0.296444336222091,enet_rs:pooled
2011-10,-0.003289909044060168,-0.003977741137694236,0.3439160468170341,enet_rs:pooled
2011-11,0.0052820104070704105,0.004544627476265657,0.3686914654023767,enet_rs:pooled
2011-12,0.005959152643221587,0.005263681278035994,0.3477356825927961,enet_rs:pooled
2012-01,-0.0037869354720052226,-0.00441294711961651,0.31300582380564285,enet_rs:pooled
2012-02,0.0011396439716876,0.00061190054324096,0.2638717142233201,enet_rs:pooled
2012-03,0.005814204347201833,0.005287670448479492,0.2632669493611704,enet_rs:pooled
2012-04,0.005015525580968,0.004443718679794944,0.2859034505865284,enet_rs:pooled
2012-05,0.005716012721720138,0.005290400830683077,0.2128059455185309,enet_rs:pooled
2012-06,0.0013469923435219804,0.0009782090391689726,0.1843916521765038,enet_rs:pooled
2012-07,0.004834258114669691,0.0045118882085809515,0.16118495304436994,enet_rs:pooled
2012-08,0.008546064025571605,0.008189788825756888,0.1781375999073582,enet_rs:pooled
2012-09,0.002339906392680498,0.001990208752998173,0.17484881984116243,enet_rs:pooled
2012-10,0.002412118666547457,0.002072638470923264,0.16974009781209673,enet_rs:pooled
2012-11,0.002924811021057331,0.0025677910365361403,0.17850999226059538,enet_rs:pooled
2012-12,-7.04950070496652e-05,-0.00043803177155937864,0.18376838225485687,enet_rs:pooled
2013-01,0.004776871764352304,0.004331634338084163,0.22261871313407067,enet_rs:pooled
2013-02,0.004752647890491405,0.0042583134653892225,0.24716721255109136,enet_rs:pooled
2013-03,0.0071442958168557195,0.006669821102238883,0.23723735730841838,enet_rs:pooled
2013-04,0.005529228516638789,0.005125598203482812,0.2018151565779888,enet_rs:pooled
2013-05,0.007580454342480778,0.007123949873784813,0.22825223434798259,enet_rs:pooled
2013-06,0.004161656629224367,0.003617541218745452,0.2720577052394575,enet_rs:pooled
2013-07,0.0026552114015713163,0.002089973898639975,0.28261875146567084,enet_rs:pooled
2013-08,0.004472226008077109,0.003926976918712175,0.2726245446824667,enet_rs:pooled
2013-09,0.0002867162758017653,-0.000290694990688564,0.28870563324516474,enet_rs:pooled
2013-10,0.002009416777421703,0.0014601483571444202,0.27463421013864114,enet_rs:pooled
2013-11,0.003587855686709511,0.003062216608375009,0.26281953916725115,enet_rs:pooled
2013-12,0.006050883419915024,0.005568336294436704,0.24127356273915937,enet_rs:pooled
2014-01,0.003648764744941047,0.0032247666321063846,0.2119990564173314,enet_rs:pooled
2014-02,0.0013585404143332761,0.0008061978738172146,0.2761712702580308,enet_rs:pooled
2014-03,0.0012844824163017053,0.0007311990977535706,0.2766416592740673,enet_rs:pooled
2014-04,0.005528459246114262,0.005006990259298342,0.26073449340796073,enet_rs:pooled
2014-05,0.004831440788521681,0.004327612851141679,0.25191396869000154,enet_rs:pooled
2014-06,0.003887904926800277,0.0033484555726315357,0.2697246770843704,enet_rs:pooled
2014-07,0.00248980732506648,0.0019601324863073835,0.26483741937954813,enet_rs:pooled
2014-08,0.0033716946769559923,0.002767028319538652,0.30233317870867,enet_rs:pooled
2014-09,0.005341599629131889,0.004839720055237773,0.2509397869470579,enet_rs:pooled
2014-10,0.00396449185416458,0.003475034133132086,0.24472886051624695,enet_rs:pooled
2014-11,0.0060940873967073724,0.005633319732125504,0.23038383229093398,enet_rs:pooled
2014-12,0.006561608703446755,0.006079709147887743,0.2409497777795065,enet_rs:pooled
2015-01,0.0032540924506257187,0.002714545508149712,0.26977347123800316,enet_rs:pooled
2015-02,0.0006973805798195649,0.00012019061267627323,0.2885949835716458,enet_rs:pooled
2015-03,0.005569645338768911,0.005068289905186842,0.2506777167910346,enet_rs:pooled
2015-04,-0.004061951126916905,-0.0045669514557128595,0.2525001643979772,enet_rs:pooled
2015-05,0.003070988485292262,0.002434128472599993,0.31843000634613455,enet_rs:pooled
2015-06,0.0017321038930067374,0.0011259572690428036,0.3030733119819669,enet_rs:pooled
2015-07,0.005579653483326588,0.005075802134605136,0.2519256743607258,enet_rs:pooled
2015-08,0.006720830232855098,0.006227571991364269,0.2466291207454146,enet_rs:pooled
2015-09,0.002836232539373286,0.0023279534286340235,0.25413955536963123,enet_rs:pooled
2015-10,0.001843924026731504,0.0013186753226137275,0.2626243520588884,enet_rs:pooled
2015-11,0.008942143777498971,0.008428659025166966,0.2567423761660027,enet_rs:pooled
2015-12,0.0028273160455716127,0.0023084770927633757,0.25941947640411855,enet_rs:pooled
2016-01,0.0020719145888225027,0.0015411954420429669,0.26535957338976796,enet_rs:pooled
2016-02,-0.0003995471400357878,-0.0009595957099327435,0.2800242849484779,enet_rs:pooled
2016-03,-0.00035493664257087675,-0.0009798390667348593,0.31245121208199117,enet_rs:pooled
2016-04,0.00882134402936573,0.008125438529699713,0.3479527498330085,enet_rs:pooled
2016-05,0.0027497080625293524,0.0021509942830598766,0.29935688973473795,enet_rs:pooled
2016-06,0.0009637587290481421,0.00038858447416385996,0.287587127442141,enet_rs:pooled
2016-07,0.00392561855498078,0.003414856704887984,0.25538092504639764,enet_rs:pooled
2016-08,0.005757937367574585,0.0052135979516759814,0.2721697079493023,enet_rs:pooled
2016-09,0.0033217731188288223,0.002810142915299083,0.25581510176487,enet_rs:pooled
2016-10,0.005755407013726826,0.005313283450682109,0.22106178152235803,enet_rs:pooled
2016-11,0.004623614769011902,0.004165117391819202,0.2292486885963498,enet_rs:pooled
2016-12,0.0007309411336426145,0.0001853243010984079,0.27280841627210334,enet_rs:pooled
2017-01,0.008522954272627054,0.008037206548894421,0.24287386186631668,enet_rs:pooled
2017-02,0.0037850435199726818,0.0032750579566499342,0.2549927816613734,enet_rs:pooled
2017-03,0.004294605975845158,0.003777212274404738,0.25869685072020987,enet_rs:pooled
2017-04,0.002995094263971145,0.002565334907492366,0.21487967823938964,enet_rs:pooled
2017-05,0.006426212041258141,0.005998973079359367,0.2136194809493873,enet_rs:pooled
2017-06,0.0018237159607541469,0.001447163528747616,0.18827621600326538,enet_rs:pooled
2017-07,0.006369081568256675,0.006011886303834368,0.17859763221115274,enet_rs:pooled
2017-08,0.0054512177125518105,0.00502968626792376,0.2107657223140253,enet_rs:pooled
2017-09,0.0045072637803024885,0.00409264126507695,0.20731125761276914,enet_rs:pooled
2017-10,0.0040818693073099415,0.0036908899806290954,0.19548966334042342,enet_rs:pooled
2017-11,0.0019221437904868664,0.0015321411370290232,0.19500132672892143,enet_rs:pooled
2017-12,-0.0014977610589216605,-0.0019239017880080616,0.21307036454320058,enet_rs:pooled
2018-01,0.002420472522103153,0.0019889851334328698,0.2157436943351415,enet_rs:pooled
2018-02,0.005105219050483645,0.0046808075352946735,0.21220575759448557,enet_rs:pooled
2018-03,0.0030177683093667116,0.0025822019174886537,0.21778319593902928,enet_rs:pooled
2018-04,0.003562425344595238,0.0031714466330308596,0.1954893557821891,enet_rs:pooled
2018-05,0.005493291492374556,0.005051935469486262,0.22067801144414717,enet_rs:pooled
2018-06,0.001822487611503617,0.0013895721398600445,0.21645773582178637,enet_rs:pooled
2018-07,0.002151699043902085,0.001766287402263877,0.19270582081910395,enet_rs:pooled
2018-08,0.0033307776271355866,0.0029459323793766434,0.19242262387947162,enet_rs:pooled
2018-09,0.00262900480036653,0.002268064951813294,0.1804699242766179,enet_rs:pooled
2018-10,0.00428912044375654,0.003939083137083979,0.1750186533362804,enet_rs:pooled
2018-11,-0.0002710449616798011,-0.0006847193562862091,0.206837197303204,enet_rs:pooled
2018-12,0.003530145642288736,0.0030750155208648985,0.22756506071191912,enet_rs:pooled
2019-01,0.0024464834859425364,0.002045235723104895,0.20062388141882084,enet_rs:pooled
2019-02,0.001143724656941957,0.0006688988657964964,0.23741289557273035,enet_rs:pooled
2019-03,0.0032827556041160402,0.0028321260223247526,0.22531479089564385,enet_rs:pooled
2019-04,0.000954840197847141,0.0005187150925561149,0.2180625526455131,enet_rs:pooled
2019-05,0.005407980241351096,0.0049955966577929995,0.20619179177904812,enet_rs:pooled
2019-06,0.0032685726352233648,0.002859065265466576,0.2047536848783942,enet_rs:pooled
2019-07,0.00565575357428838,0.005208920358737879,0.22341660777525044,enet_rs:pooled
2019-08,0.002338715334973795,0.001911069439180322,0.21382294789673678,enet_rs:pooled
2019-09,0.002803254457575016,0.002384859074196104,0.20919769168945568,enet_rs:pooled
2019-10,0.0023808800131815957,0.0019802466644614487,0.20031667436007342,enet_rs:pooled
2019-11,0.00470888409912347,0.004255124681623284,0.22687970875009286,enet_rs:pooled
2019-12,0.003335270948185573,0.0028879073877100853,0.22368178023774404,enet_rs:pooled
2020-01,0.005925200704294937,0.0055497548221470384,0.18772294107394918,enet_rs:pooled
2020-02,0.005350580490250649,0.005238045493547422,0.05626749835161347,enet_rs:pooled
2020-03,0.0027429972706205018,0.0026412108372977517,0.050893216661375036,enet_rs:pooled
2020-04,-0.0037455789618721343,-0.003909656685262336,0.08203886169510043,enet_rs:pooled
2020-05,0.0003218600408060667,6.60606549610979e-05,0.1278996929224843,enet_rs:pooled
2020-06,0.0027712476095609357,0.0026269399267939654,0.07215384138348523,enet_rs:pooled
2020-07,0.0015582713458480043,0.0013622539319979624,0.09800870692502078,enet_rs:pooled
2020-08,0.006221834999442732,0.006047509343970984,0.08716282773587364,enet_rs:pooled
2020-09,0.00752897675216967,0.007380991016714044,0.07399286772781305,enet_rs:pooled
2020-10,0.0049199693330206845,0.004780013187496604,0.06997807276204053,enet_rs:pooled
2020-11,5.282545244152477e-05,-8.467075594904696e-05,0.06874810419528576,enet_rs:pooled
2020-12,0.004803118818392068,0.004617913207646481,0.09260280537279356,enet_rs:pooled
2021-01,0.006481604943466093,0.006147215501071246,0.16719472119742276,enet_rs:pooled
2021-02,0.008675067938609561,0.008332597642768617,0.171235147920472,enet_rs:pooled
2021-03,0.009905829171635606,0.009578888613094945,0.163470279270331,enet_rs:pooled
2021-04,0.010462241978326058,0.0101594780190059,0.15138197966007902,enet_rs:pooled
2021-05,0.008261329678709808,0.00791865856570653,0.171335556501639,enet_rs:pooled
2021-06,0.0050405089700161,0.004743781886541638,0.1483635417372315,enet_rs:pooled
2021-07,0.002713816692818781,0.002447063533477104,0.13337657967083885,enet_rs:pooled
2021-08,0.004935029616587833,0.004670364134316402,0.1323327411357149,enet_rs:pooled
2021-09,0.004558057963355008,0.004243981341112812,0.15703831112109784,enet_rs:pooled
2021-10,0.00368954470389001,0.003400465421899209,0.14453964099540048,enet_rs:pooled
2021-11,0.00343041309563549,0.0031650483666907305,0.13268236447237958,enet_rs:pooled
2021-12,0.00522019033387677,0.004902334947469348,0.15892769320371133,enet_rs:pooled
2022-01,0.011509012718140045,0.010887655764358878,0.3106784768905837,enet_rs:pooled
2022-02,0.006669945682681383,0.0060155348110459365,0.3272054358177227,enet_rs:pooled
2022-03,0.008019673092967772,0.007375203352030874,0.32223487046844856,enet_rs:pooled
2022-04,0.008488722037324968,0.007934342327649457,0.277189854837756,enet_rs:pooled
2022-05,0.006070736428006121,0.0054865587075788565,0.29208886021363184,enet_rs:pooled
2022-06,0.005171761903109953,0.00461811150076257,0.2768252011736915,enet_rs:pooled
2022-07,-0.0009759039404047099,-0.0015452689490121096,0.28468250430369985,enet_rs:pooled
2022-08,0.0009481687222088696,0.00034695499817867184,0.3006068620150988,enet_rs:pooled
2022-09,0.00613471412426208,0.0055000913329193955,0.317311395671342,enet_rs:pooled
2022-10,0.004680778000367796,0.00403631491533116,0.3222315425183182,enet_rs:pooled
2022-11,0.005076838881347634,0.004499761622526437,0.288538629410598,enet_rs:pooled
2022-12,0.006881036946299426,0.0062729758668051685,0.30403053974712907,enet_rs:pooled
2023-01,0.0017397389378630708,0.0010667879518257472,0.3364754930186617,enet_rs:pooled
2023-02,0.006782919892174516,0.0060469257069847605,0.3679970925948773,enet_rs:pooled
2023-03,0.005889747778812417,0.0052145704963033135,0.33758864125455185,enet_rs:pooled
2023-04,0.0012959717511190382,0.0006503731832746064,0.3227992839222158,enet_rs:pooled
2023-05,0.001958762068493936,0.0013164021528982836,0.32117995779782604,enet_rs:pooled
2023-06,0.0047024764564820324,0.003970266582865604,0.36610493680821427,enet_rs:pooled
2023-07,0.003836389581197026,0.003050740954910609,0.3928243131432083,enet_rs:pooled
2023-08,0.005203805293628356,0.0044470429652525316,0.3783811641879122,enet_rs:pooled
2023-09,0.007078385678584282,0.006383883180638878,0.3472512489727022,enet_rs:pooled
2023-10,0.007598501113854423,0.006971819465965459,0.31334082394448276,enet_rs:pooled
2023-11,0.0002144968871386243,-0.0004243948713012591,0.3194458792199417,enet_rs:pooled
2023-12,0.004905842784093,0.0041229515144215615,0.3914456348357192,enet_rs:pooled
2024-01,0.007329581646022768,0.006646726218689958,0.3414277136664052,enet_rs:pooled
2024-02,0.006258187335350538,0.005490815232745743,0.3836860513023982,enet_rs:pooled
2024-03,0.006191598890317563,0.005505049942544112,0.3432744738867258,enet_rs:pooled
2024-04,0.0047177734569271036,0.004018510545452812,0.3496314557371462,enet_rs:pooled
2024-05,0.007880631853348103,0.007242426823768287,0.319102514789908,enet_rs:pooled
2024-06,0.003128230740973227,0.0024658618995804004,0.3311844206964132,enet_rs:pooled
2024-07,0.0024098475201482896,0.0018176891096740879,0.2960792052371009,enet_rs:pooled
2024-08,0.00629743902549049,0.005685631996713753,0.3059035143883687,enet_rs:pooled
2024-09,0.0020505816869279474,0.0014524013950281975,0.29909014594987493,enet_rs:pooled
2024-10,0.0053502239838132395,0.0047321927848357,0.3090155994887693,enet_rs:pooled
2024-11,0.008660806928619579,0.008014306353655893,0.323250287481843,enet_rs:pooled
2024-12,0.003917789650853306,0.00330853520366107,0.304627223596118,enet_rs:pooled
2025-01,0.0021578034539410434,0.0016057836983211823,0.27600987780993047,enet_rs:pooled
2025-02,0.0034890045448554012,0.0028448495882093263,0.32207747832303774,enet_rs:pooled
2025-03,0.0036666691393734646,0.0030121138968725596,0.32727762125045246,enet_rs:pooled
2025-04,0.0013879062790325381,0.000718443897655307,0.33473119068861557,enet_rs:pooled
2025-05,0.002924253618523817,0.0022688085269276636,0.3277225457980767,enet_rs:pooled
2025-06,-0.0005006640906571655,-0.0011541406739248457,0.3267382916338401,enet_rs:pooled
2025-07,0.003273429077798748,0.0025469461309556457,0.36324147342155133,enet_rs:pooled
2025-08,0.006532396106542343,0.0058164076709830426,0.3579942177796498,enet_rs:pooled
2025-09,0.008022059911755159,0.007283681205953744,0.36918935290070753,enet_rs:pooled
2025-10,0.003129524549133388,0.0024522188811560907,0.3386528339886489,enet_rs:pooled
2025-11,0.004117948234320824,0.003397362169270036,0.3602930325253938,enet_rs:pooled
2025-12,0.00577497115363065,0.005069849846284187,0.352560653673231,enet_rs:pooled
2000-01,0.007890327268170341,0.007890327268170341,0.0,gbrt:dm_only
2000-02,0.012666015948262686,0.010891806718748086,0.8871046147573011,gbrt:dm_only
2000-03,-0.002295275927544611,-0.004091888163449728,0.8983061179525583,gbrt:dm_only
2000-04,0.0023389807438518443,0.0004934998267365825,0.9227404585576308,gbrt:dm_only
2000-05,0.010618556212030995,0.008853459022324855,0.8825485948530707,gbrt:dm_only
2000-06,1.4476280747564765e-05,-0.0015615406349598492,0.7880084578537069,gbrt:dm_only
2000-07,0.0014589160198023167,-8.019723686502125e-05,0.7695566283336691,gbrt:dm_only
2000-08,0.005046860194996367,0.003615658489485644,0.7156008527553619,gbrt:dm_only
2000-09,0.0048028218636220615,0.0032969812316649295,0.7529203159785663,gbrt:dm_only
2000-10,0.008721154287930216,0.00740755738475627,0.656798451586973,gbrt:dm_only
2000-11,0.0054645957181400865,0.004190168722209135,0.6372134979654759,gbrt:dm_only
2000-12,0.003695661804812471,0.0023293745155787337,0.6831436446168683,gbrt:dm_only
2001-01,-0.015359284452556113,-0.016846933885325027,0.7438247163844566,gbrt:dm_only
2001-02,0.007328861723467379,0.005411558827383794,0.958651448041793,gbrt:dm_only
2001-03,0.028259557920672085,0.026442580607213717,0.9084886567291834,gbrt:dm_only
2001-04,0.0020822343171388647,0.0007729134711979455,0.6546604229704597,gbrt:dm_only
2001-05,0.0095157085342706,0.007935850931731828,0.7899288012693858,gbrt:dm_only
2001-06,0.007166848443397664,0.005804009604757796,0.6814194193199341,gbrt:dm_only
2001-07,0.01272496548939078,0.011413583916477484,0.6556907864566475,gbrt:dm_only
2001-08,0.003125814076917942,0.0019158561562306609,0.6049789603436404,gbrt:dm_only
2001-09,0.010391286264604326,0.009169501292207763,0.6108924861982812,gbrt:dm_only
2001-10,-0.012766768324818824,-0.014096631846210237,0.6649317606957067,gbrt:dm_only
2001-11,0.011514046573640397,0.00995454489674311,0.7797508384486451,gbrt:dm_only
2001-12,0.006802045153634033,0.005214725767201096,0.7936596932164685,gbrt:dm_only
2002-01,0.0033541251446750414,0.0015633855764972996,0.8953697840888711,gbrt:dm_only
2002-02,0.004102500255335441,0.0029068665183876905,0.5978168684738756,gbrt:dm_only
2002-03,0.012505563394585953,0.011203424166890784,0.6510696138475851,gbrt:dm_only
2002-04,0.014986826965802343,0.013822394563944318,0.5822162009290126,gbrt:dm_only
2002-05,0.00799767583828895,0.006763418396133226,0.6171287210778621,gbrt:dm_only
2002-06,0.02019073776741279,0.019027571680699726,0.581583043356531,gbrt:dm_only
2002-07,0.013826323501445695,0.012615838160998403,0.6052426702236462,gbrt:dm_only
2002-08,0.007468782093387313,0.006478111033742588,0.4953355298223622,gbrt:dm_only
2002-09,0.018024026236976857,0.01697964089943296,0.5221926687719481,gbrt:dm_only
2002-10,0.0064152089322263165,0.005489795316563372,0.46270680783147194,gbrt:dm_only
2002-11,-3.6061329829245824e-05,-0.0011432202617349756,0.5535794659528649,gbrt:dm_only
2002-12,0.009296640150024573,0.008169254742808706,0.5636927036079327,gbrt:dm_only
2003-01,0.0085131673505539,0.007399070132917492,0.557048608818204,gbrt:dm_only
2003-02,0.004990086645324246,0.004103974603412741,0.44305602095575247,gbrt:dm_only
2003-03,0.00914053573419421,0.008246366057354305,0.4470848384199528,gbrt:dm_only
2003-04,-0.010939665225463528,-0.011638059939123112,0.349197356829792,gbrt:dm_only
2003-05,0.011404878292341929,0.010335569299743082,0.5346544962994236,gbrt:dm_only
2003-06,0.001972582223279325,0.0010428036065607388,0.4648893083592927,gbrt:dm_only
2003-07,0.015339603530860215,0.01420923491032676,0.5651843102667277,gbrt:dm_only
2003-08,0.01510005877899334,0.013909883890039646,0.5950874444768471,gbrt:dm_only
2003-09,-0.008060681954314294,-0.00940736586436455,0.6733419550251265,gbrt:dm_only
2003-10,0.008208113883833516,0.006691361343344424,0.7583762702445462,gbrt:dm_only
2003-11,0.0007657314468108069,-0.0005600921747179639,0.6629118107643852,gbrt:dm_only
2003-12,0.002936096867454946,0.0015484652691257256,0.6938157991646101,gbrt:dm_only
2004-01,0.01214598381092032,0.010751329622938937,0.6973270939906918,gbrt:dm_only
2004-02,0.012340282808874156,0.010935032266139332,0.7026252713674117,gbrt:dm_only
2004-03,0.012413677731155143,0.01129930645574189,0.5571856377066258,gbrt:dm_only
2004-04,0.018937179313870182,0.01791200497386317,0.5125871700035075,gbrt:dm_only
2004-05,-0.004593433300373874,-0.005811592460404109,0.6090795800151171,gbrt:dm_only
2004-06,-0.0063033419899085185,-0.0075964784482892185,0.6465682291903502,gbrt:dm_only
2004-07,0.01055803818285354,0.009326672040433753,0.6156830712098931,gbrt:dm_only
2004-08,0.00700916125255468,0.005819036690959439,0.5950622807976209,gbrt:dm_only
2004-09,0.015735196019526887,0.014734415735637132,0.5003901419448771,gbrt:dm_only
2004-10,0.0062717484671558485,0.005140064078112473,0.5658421945216876,gbrt:dm_only
2004-11,0.01009844776203878,0.009009026195822237,0.5447107831082717,gbrt:dm_only
2004-12,0.007246004146737007,0.006096808418271656,0.5745978642326763,gbrt:dm_only
2005-01,0.002841867991368008,0.0016427642435942007,0.5995518738869038,gbrt:dm_only
2005-02,0.003834260893048488,0.0025086531634956784,0.6628038647764046,gbrt:dm_only
2005-03,0.009389893579308615,0.008257522547376056,0.5661855159662804,gbrt:dm_only
2005-04,0.014558016431661958,0.01352215062177544,0.5179329049432599,gbrt:dm_only
2005-05,-0.004251396840283509,-0.005225120685097843,0.4868619224071673,gbrt:dm_only
2005-06,0.002048605169601879,0.0008247192031522953,0.6119429832247918,gbrt:dm_only
2005-07,0.004766157218872483,0.003675043140591053,0.5455570391407149,gbrt:dm_only
2005-08,0.0031429181920330507,0.0020626717669396727,0.540123212546689,gbrt:dm_only
2005-09,0.0028289509176111084,0.0015341210553034244,0.6474149311538417,gbrt:dm_only
2005-10,0.009692257752047023,0.008466345609508902,0.6129560712690608,gbrt:dm_only
2005-11,0.004795285211187499,0.003779816607464512,0.5077343018614933,gbrt:dm_only
2005-12,0.0029127980991551367,0.0017698504749714772,0.5714738120918298,gbrt:dm_only
2006-01,-0.007587985671170511,-0.008692203164451306,0.5521087466403976,gbrt:dm_only
2006-02,0.0038478956601180436,0.002342402818697374,0.7527464207103349,gbrt:dm_only
2006-03,0.01585149070012285,0.014569022225273308,0.6412342374247698,gbrt:dm_only
2006-04,-0.00041430237127852574,-0.0016817327916264942,0.6337152101739844,gbrt:dm_only
2006-05,-0.0010088706415637219,-0.002513113448052995,0.7521214032446364,gbrt:dm_only
2006-06,0.011974878262230856,0.010636754190067125,0.669062036081865,gbrt:dm_only
2006-07,0.001319541215656538,0.00012875383943891576,0.5953936881088111,gbrt:dm_only
2006-08,-0.0027419146437868457,-0.0039976213821404,0.627853369176777,gbrt:dm_only
2006-09,0.0030023062952374245,0.0017362852991700086,0.6330104980337077,gbrt:dm_only
2006-10,0.00023760441923964076,-0.0008161494540961832,0.526876936667912,gbrt:dm_only
2006-11,0.01372842098175883,0.012593081279396588,0.56766985118112,gbrt:dm_only
2006-12,0.006134004357564925,0.005097760830426314,0.5181217635693055,gbrt:dm_only
2007-01,0.008823341347888843,0.007742147055884103,0.5405971460023692,gbrt:dm_only
2007-02,0.004208306740529221,0.00297525507033558,0.61652583509682,gbrt:dm_only
2007-03,0.00043658226119994885,-0.0007897096778969647,0.6131459695484567,gbrt:dm_only
2007-04,0.015651652552439502,0.014358361804624091,0.6466453739077052,gbrt:dm_only
2007-05,0.006110316334643151,0.004983522631034594,0.5633968518042777,gbrt:dm_only
2007-06,0.003107667082598719,0.0018440811525974802,0.6317929650006194,gbrt:dm_only
2007-07,0.004554413013087268,0.003245207347522276,0.6546028327824959,gbrt:dm_only
2007-08,-0.0005899649065378548,-0.0018176557183891009,0.6138454059256231,gbrt:dm_only
2007-09,0.00234834820950434,0.0011693378119202384,0.5895051987920509,gbrt:dm_only
2007-10,-0.0029964241155186954,-0.004169621600491575,0.5865987424864396,gbrt:dm_only
2007-11,0.005600506763142266,0.004398879580936143,0.6008135911030619,gbrt:dm_only
2007-12,0.013477897356724963,0.012318154145651527,0.5798716055367187,gbrt:dm_only
2008-01,0.005929202703107027,0.004854503502442135,0.5373496003324459,gbrt:dm_only
2008-02,-0.002217650001220307,-0.003432463596003112,0.6074067973914025,gbrt:dm_only
2008-03,0.006584002333017139,0.005440070507211194,0.5719659129029727,gbrt:dm_only
2008-04,-0.0008783630758340153,-0.002004957160454082,0.5632970423100331,gbrt:dm_only
2008-05,0.001808080268445524,0.00047860853602890035,0.6647358662083118,gbrt:dm_only
2008-06,0.009253458305569093,0.008036329446917172,0.6085644293259603,gbrt:dm_only
2008-07,0.00035705421208754966,-0.0007067989256322297,0.5319265688598899,gbrt:dm_only
2008-08,0.009259216311898907,0.008048099007726024,0.6055586520864401,gbrt:dm_only
2008-09,0.012970187339063117,0.012089364966562183,0.44041118625046777,gbrt:dm_only
2008-10,0.025166000072976688,0.024263503211778045,0.45124843059932096,gbrt:dm_only
2008-11,0.006523790509266822,0.005600095125151996,0.4618476920574132,gbrt:dm_only
2008-12,0.003964326359982057,0.00305929060659107,0.4525178766954934,gbrt:dm_only
2009-01,0.005151960735422095,0.00414577701072815,0.5030918623469729,gbrt:dm_only
2009-02,0.007932159527211812,0.006930299372812899,0.5009300771994561,gbrt:dm_only
2009-03,-0.007060087589405319,-0.008010010042965613,0.47496122678014685,gbrt:dm_only
2009-04,-0.014322415838347117,-0.015478203433807203,0.5778937977300443,gbrt:dm_only
2009-05,0.011439767609747688,0.009819149194540426,0.8103092076036312,gbrt:dm_only
2009-06,-0.00164233139723857,-0.0030733167655079136,0.7154926841346718,gbrt:dm_only
2009-07,0.002080349617159158,0.0005857360206013826,0.7473067982788877,gbrt:dm_only
2009-08,0.004192843107763706,0.0028011347539877575,0.6958541768879742,gbrt:dm_only
2009-09,0.006073260884875592,0.004830921652986269,0.6211696159446611,gbrt:dm_only
2009-10,0.004057308128299386,0.0027562109964156065,0.6505485659418894,gbrt:dm_only
2009-11,0.0030673995209132775,0.0017531696748811082,0.6571149230160848,gbrt:dm_only
2009-12,0.002736355766827779,0.0014913423571742612,0.6225067048267587,gbrt:dm_only
2010-01,0.0032625996834636187,0.0020680183321400755,0.5972906756617715,gbrt:dm_only
2010-02,0.002615082700180253,0.0013859299565735705,0.6145763718033411,gbrt:dm_only
2010-03,0.006326595797610687,0.005147594019448142,0.589500889081272,gbrt:dm_only
2010-04,0.008993679876078485,0.007842470086102378,0.5756048949880537,gbrt:dm_only
2010-05,0.00461549253543364,0.003503046663147816,0.5562229361429121,gbrt:dm_only
2010-06,0.007571046132361824,0.00659718971512992,0.48692820861595204,gbrt:dm_only
2010-07,0.0026178843541809316,0.0018368455830320284,0.39051938557445154,gbrt:dm_only
2010-08,0.006867361236781824,0.006007353631405616,0.4300038026881033,gbrt:dm_only
2010-09,0.0028379588713348916,0.0019397928497141331,0.4490830108103792,gbrt:dm_only
2010-10,0.004748332779114649,0.0038342287987098117,0.4570519902024184,gbrt:dm_only
2010-11,0.005294624379581369,0.004464885906845514,0.4148692363679274,gbrt:dm_only
2010-12,0.004212966659357075,0.0033968161061229863,0.4080752766170443,gbrt:dm_only
2011-01,0.008478744506828069,0.007648923601507076,0.414910452660496,gbrt:dm_only
2011-02,0.0044955063005466195,0.003624073083120734,0.43571660871294277,gbrt:dm_only
2011-03,0.00333696222692502,0.002571051382039173,0.3829554224429235,gbrt:dm_only
2011-04,0.0072886719327334044,0.006532890520279079,0.3778907062271626,gbrt:dm_only
2011-05,0.00827433703305532,0.007520843128000475,0.3767469525274226,gbrt:dm_only
2011-06,0.004809636122493667,0.004054585223747839,0.37752544937291366,gbrt:dm_only
2011-07,0.005063330865781295,0.004352433008574511,0.35544892860339244,gbrt:dm_only
2011-08,0.00758035936783572,0.00679861051245894,0.39087442768839054,gbrt:dm_only
2011-09,0.005037817949116187,0.004297777153031044,0.3700203980425721,gbrt:dm_only
2011-10,-0.0032409555664101317,-0.004216978979175638,0.4880117063827527,gbrt:dm_only
2011-11,0.006967633194049318,0.006019383720095236,0.4741247369770414,gbrt:dm_only
2011-12,0.005683452974476068,0.004816048745382035,0.4337021145470162,gbrt:dm_only
2012-01,-0.007299614349696108,-0.008284287528002176,0.49233658915303397,gbrt:dm_only
2012-02,-0.002517366340039003,-0.003588713224335537,0.5356734421482668,gbrt:dm_only
2012-03,0.0034274135668034035,0.0023344576150265677,0.546477975888418,gbrt:dm_only
2012-04,0.006898609681092908,0.005801119363934773,0.548745158579067,gbrt:dm_only
2012-05,0.006864487819249527,0.005903072343877896,0.4807077376858151,gbrt:dm_only
2012-06,0.004066653032811528,0.0031488786472242437,0.458887192793642,gbrt:dm_only
2012-07,0.0057397082442851455,0.004964102072376972,0.3878030859540867,gbrt:dm_only
2012-08,0.009040317268823603,0.008187466804747506,0.4264252320380483,gbrt:dm_only
2012-09,0.003435248290261827,0.002555354895014481,0.43994669762367267,gbrt:dm_only
2012-10,0.002549327973448079,0.0016446911956639546,0.45231838889206216,gbrt:dm_only
2012-11,0.00401519965350448,0.0031413512477293276,0.4369242028875764,gbrt:dm_only
2012-12,-0.0005637514623249067,-0.001462047486166918,0.4491480119210056,gbrt:dm_only
2013-01,0.005721341433076663,0.004854157691183539,0.43359187094656193,gbrt:dm_only
2013-02,0.006518751702824238,0.005644382082288647,0.4371848102677951,gbrt:dm_only
2013-03,0.008320508869236708,0.007479868342385976,0.4203202634253658,gbrt:dm_only
2013-04,0.008761335275239313,0.008068633857731319,0.3463507087539963,gbrt:dm_only
2013-05,0.009576864435388091,0.008848014036869353,0.3644251992593685,gbrt:dm_only
2013-06,0.0037940884422827392,0.002965181813012024,0.4144533146353573,gbrt:dm_only
2013-07,0.0015668865909638401,0.0007163487658462575,0.42526891255879123,gbrt:dm_only
2013-08,0.0037032474891907476,0.0028084052539398222,0.4474211176254626,gbrt:dm_only
2013-09,0.0005700930501520009,-0.0003200022956149967,0.44504767288349883,gbrt:dm_only
2013-10,0.0027897525540523794,0.0018648507012123733,0.4624509264200031,gbrt:dm_only
2013-11,0.0032930954482522537,0.0023889726901889234,0.45206137903166543,gbrt:dm_only
2013-12,0.006070208069144169,0.0052178421376841005,0.4261829657300342,gbrt:dm_only
2014-01,0.0031272141549886713,0.0024069712323503906,0.36012146131914036,gbrt:dm_only
2014-02,0.0015565148936124587,0.0007022544029091237,0.4271302453516674,gbrt:dm_only
2014-03,0.0004750398841955767,-0.0002990392678176643,0.38703957600662053,gbrt:dm_only
2014-04,0.0054133188484651535,0.004599108047390891,0.40710540053713123,gbrt:dm_only
2014-05,0.00608635638579905,0.005269298025776019,0.4085291800115158,gbrt:dm_only
2014-06,0.004200228910848444,0.0033565653716323986,0.4218317696080227,gbrt:dm_only
2014-07,-0.0011858874222046927,-0.002038436707550328,0.4262746426728176,gbrt:dm_only
2014-08,0.002760914301453192,0.0018345826017619924,0.4631658498455998,gbrt:dm_only
2014-09,0.0070576901354762805,0.006233699984158478,0.41199507565890153,gbrt:dm_only
2014-10,0.005785082163629371,0.005024688984407711,0.38019658961083014,gbrt:dm_only
2014-11,0.007799996977016133,0.007041763172676276,0.37911690216992855,gbrt:dm_only
2014-12,0.0079186537446754,0.007176333376288375,0.3711601841935133,gbrt:dm_only
2015-01,0.003001730844670261,0.002118325924399983,0.441702460135139,gbrt:dm_only
2015-02,0.0014002179620951631,0.0005233202587221077,0.4384488516865277,gbrt:dm_only
2015-03,0.005960802696530678,0.005149789149638019,0.40550677344632946,gbrt:dm_only
2015-04,-0.005176673065753862,-0.006029015105586194,0.42617101991616574,gbrt:dm_only
2015-05,0.0029330736791734796,0.0018854639246767954,0.5238048772483421,gbrt:dm_only
2015-06,0.0015839077664814986,0.0005964410778169154,0.49373334433229155,gbrt:dm_only
2015-07,0.005786023025337476,0.0049688136955951,0.40860466487118846,gbrt:dm_only
2015-08,0.007971586618291702,0.007175691490301551,0.3979475639950759,gbrt:dm_only
2015-09,0.002567695982920906,0.001779812641629316,0.3939416706457951,gbrt:dm_only
2015-10,0.0004158683710083014,-0.0003666597277259224,0.3912640493671119,gbrt:dm_only
2015-11,0.010726508955000562,0.009865669433864714,0.43041976056792397,gbrt:dm_only
2015-12,0.002184867381332121,0.001377074491500562,0.4038964449157793,gbrt:dm_only
2016-01,0.001068877438433886,0.00019218567932283197,0.43834587955552695,gbrt:dm_only
2016-02,-0.002527035969221765,-0.0034098875918673003,0.4414258113227678,gbrt:dm_only
2016-03,0.0010690030932764187,-1.3734690078480917e-06,0.5351882811421333,gbrt:dm_only
2016-04,0.009557823701885786,0.008430414717119774,0.5637044923830062,gbrt:dm_only
2016-05,0.0020656286658691453,0.00112431850623581,0.47065507981666765,gbrt:dm_only
2016-06,0.0007994573915365155,-0.00020507519801817552,0.5022662947773455,gbrt:dm_only
2016-07,0.0023846886514136893,0.0014788064056137625,0.45294112289996347,gbrt:dm_only
2016-08,0.005905997417504917,0.004948024239581247,0.4789865889618349,gbrt:dm_only
2016-09,0.0031141258108751,0.0022146294301117293,0.4497481903816852,gbrt:dm_only
2016-10,0.006238815545619462,0.005444014462523425,0.39740054154801885,gbrt:dm_only
2016-11,0.00458467995057116,0.0037846305159839762,0.4000247172935921,gbrt:dm_only
2016-12,0.0006138252656028648,-0.0002832434302074678,0.4485343479051662,gbrt:dm_only
2017-01,0.00984551398441851,0.008929993507162365,0.4577602386280722,gbrt:dm_only
2017-02,0.003421251488199705,0.0024492716293159876,0.4859899294418586,gbrt:dm_only
2017-03,0.0043516196966948625,0.0034181436753834248,0.4667380106557187,gbrt:dm_only
2017-04,0.002474113386489767,0.0016397804493486628,0.4171664685705518,gbrt:dm_only
2017-05,0.0066123615655177565,0.005742661236663114,0.4348501644273211,gbrt:dm_only
2017-06,0.0026483492792779067,0.0018784804059794526,0.3849344366492269,gbrt:dm_only
2017-07,0.006366457067038407,0.005645592405368389,0.3604323308350091,gbrt:dm_only
2017-08,0.005842729337705018,0.005008894939819599,0.41691719894270984,gbrt:dm_only
2017-09,0.0042157898563781925,0.003457606714627675,0.37909157087525847,gbrt:dm_only
2017-10,0.005545830339821735,0.0047702865614259226,0.3877718891979059,gbrt:dm_only
2017-11,0.001002600785716509,0.00023154788003951768,0.38552645283849546,gbrt:dm_only
2017-12,-0.001425190271929123,-0.0022467402128302496,0.41077497045056305,gbrt:dm_only
2018-01,0.0022484741943230462,0.0013258648198618285,0.46130468723060886,gbrt:dm_only
2018-02,0.005617026946817712,0.004686980054860813,0.46502344597844913,gbrt:dm_only
2018-03,0.002030544322448477,0.0011360068421165076,0.4472687401659844,gbrt:dm_only
2018-04,0.005337574837480848,0.004448168731383888,0.4447030530484799,gbrt:dm_only
2018-05,0.004442990424327998,0.0035715902355870836,0.4357000943704573,gbrt:dm_only
2018-06,0.0017951829594972373,0.0009493892355179903,0.4228968619896234,gbrt:dm_only
2018-07,0.0018558729779567392,0.001058737219399855,0.39856787927844217,gbrt:dm_only
2018-08,0.0034724762336027976,0.002616086807257452,0.42819471317267294,gbrt:dm_only
2018-09,0.0033373556181168847,0.0025522436701014162,0.3925559740077341,gbrt:dm_only
2018-10,0.004408969964355166,0.0035974730288378734,0.4057484677586462,gbrt:dm_only
2018-11,-0.0010531715335114617,-0.0019138263074347567,0.4303273869616476,gbrt:dm_only
2018-12,0.0041008431784012095,0.0031077700986017285,0.49653653989974006,gbrt:dm_only
2019-01,0.00040722433933665305,-0.0004307786938234338,0.41900151658004353,gbrt:dm_only
2019-02,0.0012705756823918964,0.00028794959447232924,0.4913130439597834,gbrt:dm_only
2019-03,0.0030717930145317315,0.0022129492227105454,0.429421895910593,gbrt:dm_only
2019-04,0.0018491268656724345,0.0009758464803501791,0.4366401926611278,gbrt:dm_only
2019-05,0.006902673756084568,0.0061031779211201675,0.3997479174822006,gbrt:dm_only
2019-06,0.0028998462644262567,0.002110126196846406,0.39486003378992557,gbrt:dm_only
2019-07,0.006025894577494802,0.005173901459298573,0.4259965590981141,gbrt:dm_only
2019-08,0.0025345863339920264,0.00169611499322068,0.41923567038567316,gbrt:dm_only
2019-09,0.0031556025301500705,0.002339789670348164,0.40790642990095377,gbrt:dm_only
2019-10,0.0032964377389260112,0.002479604249816321,0.408416744554845,gbrt:dm_only
2019-11,0.005198551678697732,0.004301792201764637,0.44837973846654716,gbrt:dm_only
2019-12,0.002314022990436381,0.0014686973150526957,0.4226628376918427,gbrt:dm_only
2020-01,0.005879902909038882,0.004995782741645387,0.44206008369674693,gbrt:dm_only
2020-02,0.007287502863082146,0.006429520251837928,0.4289913056221089,gbrt:dm_only
2020-03,0.005505700709401359,0.0047978597198245895,0.35392049478838483,gbrt:dm_only
2020-04,-0.017422148581724983,-0.018423085164075266,0.5004682911751421,gbrt:dm_only
2020-05,0.004247588024857609,0.0026833089367110327,0.7821395440732881,gbrt:dm_only
2020-06,0.010793704324721824,0.009770078824583913,0.5118127500689553,gbrt:dm_only
2020-07,0.010645975794591984,0.009444436396124238,0.6007696992338736,gbrt:dm_only
2020-08,0.01047090737522236,0.009291293635703999,0.5898068697591801,gbrt:dm_only
2020-09,0.013340653205295407,0.012239965089876464,0.5503440577094719,gbrt:dm_only
2020-10,0.005907466149036405,0.004733472720075333,0.5869967144805358,gbrt:dm_only
2020-11,-0.0031900635691206715,-0.00428898156518539,0.5494589980323595,gbrt:dm_only
2020-12,0.005221873665861513,0.003865318838152536,0.6782774138544885,gbrt:dm_only
2021-01,0.0034798659169787876,0.0021992294233752316,0.6403182468017778,gbrt:dm_only
2021-02,0.008504801836394772,0.007186352077432528,0.6592248794811225,gbrt:dm_only
2021-03,0.009392636058051324,0.008260972836596726,0.5658316107272983,gbrt:dm_only
2021-04,0.006984690115621962,0.005798604012691139,0.593043051465412,gbrt:dm_only
2021-05,0.007080135160283668,0.005804538639735904,0.6377982602738821,gbrt:dm_only
2021-06,0.006463240859280194,0.005391303576649466,0.5359686413153641,gbrt:dm_only
2021-07,0.003237141638789907,0.002218365391541339,0.5093881236242841,gbrt:dm_only
2021-08,0.002935085703549671,0.0018996837375208067,0.517700983014432,gbrt:dm_only
2021-09,0.005534362910748424,0.004441172074078874,0.5465954183347745,gbrt:dm_only
2021-10,0.0063731711098727025,0.005405121043217337,0.4840250333276826,gbrt:dm_only
2021-11,0.0038581117509590757,0.0029483606496282597,0.4548755506654078,gbrt:dm_only
2021-12,0.006240881751987129,0.005229049863558613,0.5059159442142577,gbrt:dm_only
2022-01,0.010396696301410291,0.009526655419647296,0.4350204408814969,gbrt:dm_only
2022-02,0.007565867046023911,0.006638178905344189,0.46384407033986047,gbrt:dm_only
2022-03,0.009685045875846893,0.008823853403507255,0.4305962361698192,gbrt:dm_only
2022-04,0.008939164238601067,0.008216532613469343,0.3613158125658622,gbrt:dm_only
2022-05,0.00644783785854981,0.00566400741058701,0.39191522398139983,gbrt:dm_only
2022-06,0.005134065103776637,0.004375204737011949,0.37943018338234374,gbrt:dm_only
2022-07,-0.00139379071584585,-0.0021975286209309484,0.4018689525425492,gbrt:dm_only
2022-08,-0.0008753107438494013,-0.0016775098914128454,0.401099573781722,gbrt:dm_only
2022-09,0.006388952545547864,0.005512570177264094,0.4381911841418853,gbrt:dm_only
2022-10,0.00543686433242807,0.004602179011865045,0.4173426602815127,gbrt:dm_only
2022-11,0.004978125286390688,0.004182093017754043,0.39801613431832267,gbrt:dm_only
2022-12,0.0064487979696981525,0.005597940513333986,0.42542872818208344,gbrt:dm_only
2023-01,0.0022624566725055204,0.001456686517432556,0.40288507753648234,gbrt:dm_only
2023-02,0.006963675179302887,0.006178008096553596,0.3928335413746453,gbrt:dm_only
2023-03,0.0056354538890433375,0.004912130698845438,0.3616615950989497,gbrt:dm_only
2023-04,0.0010541512201478046,0.00031186239638825836,0.37114441187977315,gbrt:dm_only
2023-05,0.0007859119272809654,6.778059053006034e-05,0.35906566837545256,gbrt:dm_only
2023-06,0.004536339912190832,0.003727436154667091,0.4044518787618705,gbrt:dm_only
2023-07,0.004431228441475737,0.0035401847533807445,0.4455218440474961,gbrt:dm_only
2023-08,0.004925554477321926,0.004126661560174163,0.3994464585738815,gbrt:dm_only
2023-09,0.007553692707445708,0.006806217730626255,0.37373748840972676,gbrt:dm_only
2023-10,0.007611911685659556,0.006907070192873399,0.3524207463930783,gbrt:dm_only
2023-11,0.0005693086313954196,-0.00017006996685334767,0.3696892991243836,gbrt:dm_only
2023-12,0.005257027199414664,0.004425445936677741,0.41579063136846117,gbrt:dm_only
2024-01,0.007732855042940117,0.006987107193344135,0.3728739247979909,gbrt:dm_only
2024-02,0.006178800348668998,0.005328904665155808,0.424947841756595,gbrt:dm_only
2024-03,0.005344757282592122,0.004582365439071503,0.3811959217603096,gbrt:dm_only
2024-04,0.005324162667930923,0.00451093524075388,0.4066137135885215,gbrt:dm_only
2024-05,0.008455990441403131,0.007731745570286438,0.36212243555834683,gbrt:dm_only
2024-06,0.004342343734017241,0.0036385762889882263,0.3518837225145074,gbrt:dm_only
2024-07,0.0023060937200533103,0.0017042157028191714,0.3009390086170694,gbrt:dm_only
2024-08,0.006694848755358692,0.00600564827402491,0.34460024066689127,gbrt:dm_only
2024-09,0.0022144334488885197,0.0015545798197500146,0.3299268145692525,gbrt:dm_only
2024-10,0.005495613677697813,0.004824147870923697,0.3357329033870577,gbrt:dm_only
2024-11,0.009113412555140164,0.008414550203729056,0.34943117570555365,gbrt:dm_only
2024-12,0.003585428644977399,0.0029515675077207153,0.3169305686283417,gbrt:dm_only
2025-01,0.0018344299679286455,0.0012091418108881081,0.3126440785202686,gbrt:dm_only
2025-02,0.0045822451798582745,0.0038918113366174854,0.3452169216203946,gbrt:dm_only
2025-03,0.0038144094258398833,0.0031518558113043426,0.33127680726777037,gbrt:dm_only
2025-04,0.0017108997756011908,0.0010038028215384831,0.3535484770313538,gbrt:dm_only
2025-05,0.003405901239097327,0.002723921422328463,0.34098990838443216,gbrt:dm_only
2025-06,-0.00013452535986928195,-0.0008338940531923564,0.3496843466615372,gbrt:dm_only
2025-07,0.002612947338640572,0.00184010546796794,0.3864209353363161,gbrt:dm_only
2025-08,0.00682212220490862,0.006065592010264834,0.37826509732189345,gbrt:dm_only
2025-09,0.007762949958676846,0.006927060898319199,0.41794453017882377,gbrt:dm_only
2025-10,0.003505731127377823,0.0027167841729553023,0.39447347721126014,gbrt:dm_only
2025-11,0.002607075650502278,0.0017841911315839168,0.41144225945918067,gbrt:dm_only
2025-12,0.004656353839257733,0.0038457831628883987,0.4052853381846669,gbrt:dm_only
2000-01,-0.00046556033969212865,-0.00046556033969212865,0.0,gbrt:own
2000-02,0.005424209944079386,0.003517121186647383,0.9535443787160012,gbrt:own
2000-03,0.007458981402089699,0.005868385758413688,0.7952978218380055,gbrt:own
2000-04,0.00502580906008887,0.0033528235005421342,0.8364927797733681,gbrt:own
2000-05,0.0024243118107823134,0.0007080681179251779,0.8581218464285675,gbrt:own
2000-06,0.0002748995651234334,-0.0012370408709161647,0.7559702180197991,gbrt:own
2000-07,0.004731202682452111,0.003311008548914091,0.7100970667690101,gbrt:own
2000-08,0.001484611322689215,0.00025306879767938095,0.6157712625049171,gbrt:own
2000-09,0.00545045409453149,0.004127038394974872,0.6617078497783088,gbrt:own
2000-10,0.010669353270016233,0.009440103202762168,0.6146250336270326,gbrt:own
2000-11,0.008268278498651718,0.0071469086368710355,0.5606849308903412,gbrt:own
2000-12,0.0016032959742571726,0.000276371055645591,0.6634624593057906,gbrt:own
2001-01,0.0011894570604745283,-0.0004377784930469639,0.8136177767607459,gbrt:own
2001-02,0.016828255986546397,0.015298417678178335,0.7649191541840311,gbrt:own
2001-03,0.020522642417008505,0.01882299717997637,0.8498226185160677,gbrt:own
2001-04,-0.0019847439169925355,-0.003464827613765607,0.7400418483865357,gbrt:own
2001-05,0.0025801659482934457,0.0011412017416001395,0.7194821033466531,gbrt:own
2001-06,0.00410700577882599,0.002677116906538019,0.7149444361439857,gbrt:own
2001-07,0.009795382168026619,0.008248452059041378,0.7734650544926205,gbrt:own
2001-08,0.0010631179118944754,-0.00012610920675414384,0.5946135593243096,gbrt:own
2001-09,0.006106158383780252,0.004696931385140007,0.704613499320122,gbrt:own
2001-10,0.0029214018263349537,0.001571904181951205,0.6747488221918744,gbrt:own
2001-11,0.014092637005163262,0.01264789655038587,0.7223702273886968,gbrt:own
2001-12,0.0054475100360683966,0.003596170636887182,0.9256696995906073,gbrt:own
2002-01,0.003424553297700228,0.0015319143617988302,0.9463194679506989,gbrt:own
2002-02,0.002721768817125755,0.0012814042664980596,0.7201822753138477,gbrt:own
2002-03,-0.0006046920129984078,-0.0022150235852901306,0.8051657861458617,gbrt:own
2002-04,0.005674335761969211,0.004199352817793813,0.7374914720876987,gbrt:own
2002-05,0.001783467396928674,0.0004769080444329883,0.6532796762478428,gbrt:own
2002-06,-0.004285437508114808,-0.005511614402123941,0.613088447004566,gbrt:own
2002-07,0.003847348816774263,0.002548147290057754,0.6496007633582547,gbrt:own
2002-08,0.007788217702995991,0.006547541554881644,0.6203380740571738,gbrt:own
2002-09,0.006227602679996851,0.004946910115800337,0.640346282098257,gbrt:own
2002-10,0.002954605270543967,0.0015424467224976156,0.7060792740231755,gbrt:own
2002-11,0.0007202121089720762,-0.0003893340181859092,0.5547730635789928,gbrt:own
2002-12,-0.0005701945596779436,-0.0017408671445752989,0.5853362924486774,gbrt:own
2003-01,0.011182450275527323,0.009964209785565111,0.6091202449811062,gbrt:own
2003-02,0.007219251514285523,0.006043673951575425,0.5877887813550496,gbrt:own
2003-03,0.004225478340475386,0.0031640435978709464,0.5307173713022195,gbrt:own
2003-04,-0.0011722079345384065,-0.00196244044530738,0.3951162553844868,gbrt:own
2003-05,0.017272129042102697,0.0160992752272762,0.5864269074132475,gbrt:own
2003-06,0.005547570795360962,0.0043872230680713125,0.5801738636448246,gbrt:own
2003-07,0.01320404201998861,0.01214152625545747,0.5312578822655695,gbrt:own
2003-08,0.0073305241029406314,0.006062139045507521,0.6341925287165556,gbrt:own
2003-09,-0.0025183960983040186,-0.0038223138481451053,0.6519588749205436,gbrt:own
2003-10,0.0032500008209271148,0.001966258912069801,0.6418709544286573,gbrt:own
2003-11,0.005148296134131969,0.004100609131882552,0.5238435011247086,gbrt:own
2003-12,-0.0034698487016814913,-0.00447012745312662,0.5001393757225651,gbrt:own
2004-01,0.008621938371329406,0.007465782618214385,0.5780778765575103,gbrt:own
2004-02,0.006541137059846792,0.005349908977367539,0.5956140412396262,gbrt:own
2004-03,0.009628648855516798,0.008713492465110452,0.4575781952031735,gbrt:own
2004-04,0.01138459889875186,0.010544876715150382,0.4198610918007396,gbrt:own
2004-05,-0.0018081383152168246,-0.002810625946906288,0.5012438158447315,gbrt:own
2004-06,-0.006082241833016462,-0.007056257980790749,0.48700807388714407,gbrt:own
2004-07,0.006462797667444556,0.005546312130105528,0.45824276866951413,gbrt:own
2004-08,0.00967765752705557,0.008708602509127148,0.4845275089642118,gbrt:own
2004-09,0.014577272082141164,0.013701162685597432,0.438054698271866,gbrt:own
2004-10,0.0009315668161137447,2.8328992661288445e-05,0.45161891172622776,gbrt:own
2004-11,0.00966412045270613,0.008641448483061837,0.5113359848221463,gbrt:own
2004-12,0.006367335856633825,0.005262306042037795,0.5525149072980148,gbrt:own
2005-01,0.0032016606350432123,0.0020168652805502424,0.5923976772464848,gbrt:own
2005-02,0.00465112130303811,0.003554549873010149,0.5482857150139804,gbrt:own
2005-03,0.0059343761240632465,0.0048657711893968945,0.5343024673331759,gbrt:own
2005-04,0.011092516352020479,0.010109814614760427,0.491350868630026,gbrt:own
2005-05,-0.0007884387390208826,-0.001804712861018761,0.5081370609989392,gbrt:own
2005-06,0.004220597125589807,0.0030067548723478163,0.6069211266209961,gbrt:own
2005-07,0.00306373529000341,0.0020145344158087157,0.5246004370973473,gbrt:own
2005-08,0.0003703467692792857,-0.0006855658582429281,0.527956313761107,gbrt:own
2005-09,-0.0011782911683139762,-0.00244232529311692,0.6320170624014716,gbrt:own
2005-10,0.007988247595402538,0.006837329772726376,0.5754589113380817,gbrt:own
2005-11,0.0019615417791733324,0.0010327250358527387,0.4644083716602967,gbrt:own
2005-12,-2.6064082426138085e-06,-0.0009943185902448,0.4958560910010931,gbrt:own
2006-01,0.012256460301330329,0.011222738615415211,0.5168608429575586,gbrt:own
2006-02,0.010419447250965094,0.009090169863817577,0.6646386935737587,gbrt:own
2006-03,-0.0032479466343589727,-0.004334639439763835,0.5433464027024317,gbrt:own
2006-04,0.0075511851679170745,0.006419328918693369,0.5659281246118528,gbrt:own
2006-05,0.002913009803034064,0.0017502952215313046,0.5813572907513795,gbrt:own
2006-06,0.010683090492658956,0.00956947233396196,0.556809079348499,gbrt:own
2006-07,0.001808892912945261,0.0007305967118431518,0.5391481005510546,gbrt:own
2006-08,-0.0014348808831525872,-0.0025505992931951957,0.5578592050213044,gbrt:own
2006-09,0.006631126942935509,0.005575966580577797,0.5275801811788563,gbrt:own
2006-10,-0.0008474656302575115,-0.0018110440053024836,0.481789187522486,gbrt:own
2006-11,0.014627751354164472,0.013547135205725614,0.5403080742194278,gbrt:own
2006-12,0.006689572411931412,0.00574397619232002,0.472798109805696,gbrt:own
2007-01,0.008499982506722827,0.0074022424132692685,0.5488700467267789,gbrt:own
2007-02,0.006692060491385999,0.005559852123809822,0.5661041837880882,gbrt:own
2007-03,0.0013756521059046557,0.0002310661053189557,0.5722930002928498,gbrt:own
2007-04,0.01364169205816814,0.012411354510176498,0.6151687739958211,gbrt:own
2007-05,0.006832666954321302,0.005807624075289448,0.5125214395159278,gbrt:own
2007-06,0.0024733877985859943,0.0013170802849652643,0.5781537568103648,gbrt:own
2007-07,0.004273719793525656,0.00292515495784393,0.6742824178408631,gbrt:own
2007-08,0.0030287441830229196,0.001756782785701568,0.6359806986606759,gbrt:own
2007-09,0.0006967186415881762,-0.0004132212949340295,0.5549699682611029,gbrt:own
2007-10,-0.004361019395224595,-0.005436757457322562,0.5378690310489838,gbrt:own
2007-11,0.003794028208914764,0.002673654631396427,0.5601867887591685,gbrt:own
2007-12,0.00985704110832084,0.008752311550558691,0.5523647788810748,gbrt:own
2008-01,0.004840088906355442,0.0038252859924067122,0.5074014569743648,gbrt:own
2008-02,0.001995013326369671,0.0008536551411046053,0.5706790926325328,gbrt:own
2008-03,0.006518006712223495,0.005420395455595184,0.5488056283141555,gbrt:own
2008-04,0.0013570074425063386,0.00030452503574581293,0.5262412033802629,gbrt:own
2008-05,0.0014174160755893118,0.00025547551247937644,0.5809702815549675,gbrt:own
2008-06,0.008049854826405918,0.00690475098788631,0.5725519192598036,gbrt:own
2008-07,0.0016044812104163328,0.0005979610650960729,0.5032600726601301,gbrt:own
2008-08,0.007681954398570883,0.006573807894255857,0.5540732521575128,gbrt:own
2008-09,0.010223732613610743,0.009377500436950476,0.4231160883301323,gbrt:own
2008-10,0.017599774597795062,0.016717521774845864,0.4411264114745983,gbrt:own
2008-11,0.006769603879095348,0.005777584088150936,0.49600989547220614,gbrt:own
2008-12,0.006854594917048932,0.005842359973175507,0.5061174719367126,gbrt:own
2009-01,0.007828090146530027,0.0067468790312895325,0.540605557620247,gbrt:own
2009-02,0.008601022408243697,0.007644510160983734,0.4782561236299813,gbrt:own
2009-03,7.769103757704369e-05,-0.0008522282587556299,0.46495964816633656,gbrt:own
2009-04,-0.009256528296957365,-0.010351671928206095,0.5475718156243651,gbrt:own
2009-05,0.0067735116116367676,0.0052480300008045455,0.7627408054161112,gbrt:own
2009-06,-0.0013833859073617164,-0.002804233231469809,0.7104236620540464,gbrt:own
2009-07,0.0022526635838989815,0.0008005700194952101,0.7260467822018858,gbrt:own
2009-08,0.004256518036738424,0.003023117017498362,0.6167005096200306,gbrt:own
2009-09,0.005184464725004303,0.00412580809687984,0.5293283140622316,gbrt:own
2009-10,0.004281752565978545,0.0032827680671361353,0.49949224942120446,gbrt:own
2009-11,0.00463095857143626,0.0035646794006248222,0.5331395854057187,gbrt:own
2009-12,0.001710834597561337,0.0007398844477308167,0.48547507491525993,gbrt:own
2010-01,0.004556137894769756,0.0035148543109918477,0.520641791888954,gbrt:own
2010-02,0.003297833253729633,0.002319127586105817,0.4893528338119078,gbrt:own
2010-03,0.005237726616839869,0.004322092449923636,0.4578170834581167,gbrt:own
2010-04,0.010216228041557269,0.0093017625525862,0.45723274448553447,gbrt:own
2010-05,0.003857581500990827,0.0029825532247173265,0.4375141381367504,gbrt:own
2010-06,0.005838932384085927,0.004925078291060858,0.45692704651253474,gbrt:own
2010-07,0.0027761958153461486,0.0019426601707130267,0.4167678223165611,gbrt:own
2010-08,0.005135755361982689,0.004247982486355867,0.4438864378134113,gbrt:own
2010-09,0.0032907728989917716,0.002408043758453904,0.44136457026893355,gbrt:own
2010-10,0.003807656285949554,0.002901779910807653,0.45293818757095045,gbrt:own
2010-11,0.00421341729658948,0.0033840036844064226,0.41470680609152893,gbrt:own
2010-12,0.0036233267219968213,0.002820716838403188,0.4013049417968169,gbrt:own
2011-01,0.009119225343830743,0.008286310402685909,0.4164574705724178,gbrt:own
2011-02,0.0038046600918393418,0.0029697700718815724,0.4174450099788847,gbrt:own
2011-03,0.0029362378423707556,0.0022142936956541146,0.36097207335832016,gbrt:own
2011-04,0.006770539590259011,0.006064794726028484,0.35287243211526376,gbrt:own
2011-05,0.008074413883868967,0.007350960770873988,0.36172655649748914,gbrt:own
2011-06,0.004517652197627976,0.0038177044276063153,0.34997388501083004,gbrt:own
2011-07,0.0046548810742950515,0.004011056155056021,0.3219124596195152,gbrt:own
2011-08,0.006129224645492698,0.005409392546213314,0.35991604963969176,gbrt:own
2011-09,0.004825442872457579,0.004109616341098718,0.3579132656794307,gbrt:own
2011-10,-0.0034782153889027713,-0.004377025124517717,0.44940486780747285,gbrt:own
2011-11,0.005702510146727898,0.004783899123217521,0.45930551175518874,gbrt:own
2011-12,0.005515632774610202,0.00467888196271766,0.4183754059462711,gbrt:own
2012-01,-0.0057751603985821435,-0.006600683693584757,0.4127616475013066,gbrt:own
2012-02,-0.001078152707558175,-0.002032849841592602,0.4773485670172132,gbrt:own
2012-03,0.00230481227597388,0.0012867015046615507,0.5090553856561646,gbrt:own
2012-04,0.006214322585079526,0.005179195406533111,0.5175635892732076,gbrt:own
2012-05,0.006368233286638044,0.00547957663412394,0.4443283262570519,gbrt:own
2012-06,0.0025044779596106515,0.0017296734855927493,0.3874022370089512,gbrt:own
2012-07,0.00548973148492357,0.00482669779897794,0.3315168429728155,gbrt:own
2012-08,0.009038217579788562,0.008331845920237982,0.3531858297752895,gbrt:own
2012-09,0.0030784899938590704,0.0023643671365927233,0.3570614286331735,gbrt:own
2012-10,0.00225286618163743,0.0015031565778525983,0.37485480189241605,gbrt:own
2012-11,0.0037670961230003414,0.0029882667969005454,0.3894146630498977,gbrt:own
2012-12,0.0004022511412233536,-0.0003663527091603156,0.3843019251918345,gbrt:own
2013-01,0.004622151775601147,0.003846348536498673,0.38790161955123686,gbrt:own
2013-02,0.006642409810443124,0.005858245724899211,0.39208204277195646,gbrt:own
2013-03,0.008439220459038327,0.007696733525026932,0.37124346700569744,gbrt:own
2013-04,0.0073753750282797795,0.006748950921053651,0.31321205361306464,gbrt:own
2013-05,0.009097671214732369,0.008389569497946045,0.35405085839316275,gbrt:own
2013-06,0.004222424604859935,0.003417481645316188,0.40247147977187375,gbrt:own
2013-07,0.003180155085194487,0.00233876672439489,0.4206941803997984,gbrt:own
2013-08,0.004772813602818427,0.003939454536975118,0.41667953292165455,gbrt:own
2013-09,0.0003888848947679099,-0.00047819785988006345,0.4335413773239866,gbrt:own
2013-10,0.0018625637862989173,0.0009956421775243298,0.4334608043872937,gbrt:own
2013-11,0.003158527271503374,0.0023408323025617354,0.40884748447081914,gbrt:own
2013-12,0.005970692782929742,0.005174454380283901,0.3981192013229206,gbrt:own
2014-01,0.003240556600990764,0.002573159359689192,0.33369862065078615,gbrt:own
2014-02,0.0016181340762606244,0.0008119110597907761,0.40311150823492403,gbrt:own
2014-03,0.0012456402178641648,0.0004948329195130564,0.3754036491755542,gbrt:own
2014-04,0.005879966656069135,0.005114743011251594,0.3826118224087706,gbrt:own
2014-05,0.0055479490827982855,0.00483121293298477,0.3583680749067581,gbrt:own
2014-06,0.004549868024538846,0.003809625154756408,0.370121434891219,gbrt:own
2014-07,0.0013028817201133159,0.0005397352111627087,0.3815732544753036,gbrt:own
2014-08,0.0027658712792127424,0.001969266573831473,0.3983023526906347,gbrt:own
2014-09,0.00613618715249348,0.005381828136419914,0.3771795080367829,gbrt:own
2014-10,0.005346805100676231,0.004637890502748567,0.3544572989638321,gbrt:own
2014-11,0.007170566325925811,0.00650172850590636,0.33441891000972557,gbrt:own
2014-12,0.008396672989266706,0.0077251769262265185,0.33574803152009347,gbrt:own
2015-01,0.0032577802129032303,0.002497659515240252,0.3800603488314889,gbrt:own
2015-02,0.0010240663455858303,0.000236348032806711,0.3938591563895596,gbrt:own
2015-03,0.006744502393323141,0.006006264966841601,0.36911871324077017,gbrt:own
2015-04,-0.004731882635093394,-0.005453300291731172,0.3607088283188886,gbrt:own
2015-05,0.002422291086795643,0.00148407222029892,0.4691094332483615,gbrt:own
2015-06,0.0022911792515888808,0.0013957309728217238,0.4477241393835784,gbrt:own
2015-07,0.00620903122116428,0.005479858440551671,0.3645863903063044,gbrt:own
2015-08,0.007644940991095705,0.006933008622743895,0.35596618417590536,gbrt:own
2015-09,0.0026775236216220557,0.001976518961500009,0.3505023300610234,gbrt:own
2015-10,0.0009180958812184016,0.00018467372450933715,0.3667110783545321,gbrt:own
2015-11,0.010545961823604807,0.00975736522451717,0.39429829954381884,gbrt:own
2015-12,0.0027494723384048317,0.002009265508877229,0.37010341476380143,gbrt:own
2016-01,0.0015189969681511392,0.0007825572088516178,0.3682198796497607,gbrt:own
2016-02,-0.0019150055474854975,-0.0026281109866974775,0.35655271960599,gbrt:own
2016-03,0.001189584951762632,0.0003028243101934197,0.44338032078460643,gbrt:own
2016-04,0.009689791164581688,0.008686220319671756,0.5017854224549663,gbrt:own
2016-05,0.002469354355048541,0.0016382386014753632,0.4155578767865889,gbrt:own
2016-06,0.0012157112096279478,0.0004152890922411428,0.40021105869340257,gbrt:own
2016-07,0.0035958321049720117,0.0028921666427995313,0.3518327310862401,gbrt:own
2016-08,0.005770127144314571,0.005024827568207992,0.37264978805328924,gbrt:own
2016-09,0.003444447896813961,0.0027055332626406445,0.36945731708665835,gbrt:own
2016-10,0.006386228221942975,0.005756812449997323,0.314707885972826,gbrt:own
2016-11,0.004924012276172811,0.004280942319293008,0.32153497843990136,gbrt:own
2016-12,0.0009315732135487007,0.000205276267294968,0.3631484731268663,gbrt:own
2017-01,0.00987538802586817,0.009140201310994958,0.3675933574366059,gbrt:own
2017-02,0.0030420238136660976,0.0022219599540773244,0.41003192979438663,gbrt:own
2017-03,0.004908567332320567,0.004111455835394809,0.39855574846287906,gbrt:own
2017-04,0.003101254882133175,0.002421523292749093,0.3398657946920411,gbrt:own
2017-05,0.006879883608747554,0.006183930438012852,0.3479765853673514,gbrt:own
2017-06,0.0023906103793448425,0.001796972761568023,0.2968188088884096,gbrt:own
2017-07,0.0066907136526162606,0.006082605643558751,0.30405400452875453,gbrt:own
2017-08,0.00602449679452151,0.005333743812449339,0.34537649103608553,gbrt:own
2017-09,0.004450362564592656,0.003815470612581001,0.3174459760058276,gbrt:own
2017-10,0.005336605818310616,0.004685609615975781,0.32549810116741745,gbrt:own
2017-11,0.001719580819183361,0.0010724310897059833,0.32357486473868874,gbrt:own
2017-12,-0.0015692165402498778,-0.0022572953011759855,0.344039380463054,gbrt:own
2018-01,0.0024518050044109725,0.0016659004532480124,0.39295227558148005,gbrt:own
2018-02,0.00588674720414423,0.005092287832622827,0.39722968576070145,gbrt:own
2018-03,0.00291178806126352,0.002165633306100687,0.3730773775814163,gbrt:own
2018-04,0.0045480021038941726,0.0038126091163916877,0.3676964937512427,gbrt:own
2018-05,0.0049697515710071475,0.004196191905123257,0.3867798329419454,gbrt:own
2018-06,0.0017831508916026971,0.0009963576518684345,0.39339661986713126,gbrt:own
2018-07,0.002014219373657736,0.0013112064740138554,0.3515064498219403,gbrt:own
2018-08,0.003751491182118198,0.00299641848897314,0.377536346572529,gbrt:own
2018-09,0.0032962341395136444,0.002627317544114944,0.33445829769935026,gbrt:own
2018-10,0.0046044115581491745,0.003919666511048027,0.3423725235505742,gbrt:own
2018-11,-0.0009157858231256372,-0.0016723009059754963,0.37825754142492946,gbrt:own
2018-12,0.004042904910131533,0.003208529834971126,0.41718753758020327,gbrt:own
2019-01,0.001256043082160742,0.0005438109406508932,0.3561160707549245,gbrt:own
2019-02,0.0016120847451508763,0.0008275817104116633,0.39225151736960656,gbrt:own
2019-03,0.003430083896218933,0.0027263663384042443,0.3518587789073444,gbrt:own
2019-04,0.0016780050782176025,0.0009821866512313825,0.3479092134931101,gbrt:own
2019-05,0.006439901321528229,0.005812733563774284,0.3135838788769718,gbrt:own
2019-06,0.0031490314020870434,0.0025110015825955713,0.319014909745736,gbrt:own
2019-07,0.006273374665715755,0.005596028530038033,0.3386730678388608,gbrt:own
2019-08,0.0025535344448964093,0.0018978546385092574,0.32783990319357587,gbrt:own
2019-09,0.0033168766076560325,0.002686843232232312,0.3150166877118601,gbrt:own
2019-10,0.003227148626474154,0.0025970761666309033,0.3150362299216252,gbrt:own
2019-11,0.004966268165740637,0.004259723663680771,0.35327225102993326,gbrt:own
2019-12,0.0026161389077240453,0.0019368890745956858,0.33962491656417987,gbrt:own
2020-01,0.006206825854767817,0.005492797693630854,0.3570140805684821,gbrt:own
2020-02,0.006437323063907498,0.005739893649741587,0.3487147070829555,gbrt:own
2020-03,0.00540082032176369,0.004796407278253742,0.3022065217549741,gbrt:own
2020-04,-0.01381487511010816,-0.014624316884033622,0.4047208869627315,gbrt:own
2020-05,0.0025065738662905877,0.0011506708714197741,0.6779514974354067,gbrt:own
2020-06,0.006800165280298887,0.005816074023207881,0.4920456285455035,gbrt:own
2020-07,0.0041533339015426335,0.00323408961229175,0.4596221446254416,gbrt:own
2020-08,0.004334944506753451,0.0033756845398705024,0.47962998344147434,gbrt:own
2020-09,0.009442941469796705,0.00856352596055826,0.4397077546192223,gbrt:own
2020-10,0.0069432590730841015,0.006182026222917666,0.38061642508321825,gbrt:own
2020-11,-0.0060010106995207445,-0.006815398730624255,0.4071940155517557,gbrt:own
2020-12,0.0060756339780112965,0.004999178162463634,0.5382279077738309,gbrt:own
2021-01,0.003883708110835815,0.002894138539033847,0.4947847859009839,gbrt:own
2021-02,0.006316591868403023,0.005405799350365559,0.4553962590187321,gbrt:own
2021-03,0.009669260208720318,0.00879075292928629,0.439253639717014,gbrt:own
2021-04,0.00747108550166824,0.006539227665472622,0.4659289180978093,gbrt:own
2021-05,0.00665315341334776,0.005649488872175491,0.5018322705861348,gbrt:own
2021-06,0.004792400246632058,0.0039473610122065985,0.42251961721272996,gbrt:own
2021-07,0.0020687454892851123,0.0012605097035958024,0.4041178928446549,gbrt:own
2021-08,0.003965784863250846,0.0031433463780155017,0.4112192426176723,gbrt:own
2021-09,0.005592408002262441,0.004724942488747556,0.4337327567574428,gbrt:own
2021-10,0.005852069677552161,0.005049988167434052,0.4010407550590547,gbrt:own
2021-11,0.003978726923555356,0.003227261363955279,0.37573277980003844,gbrt:own
2021-12,0.006447654798560637,0.005537191383010182,0.45523170777522726,gbrt:own
2022-01,0.010847540696913934,0.010127107725123905,0.36021648589501354,gbrt:own
2022-02,0.00761835536492064,0.006863980069033295,0.3771876479436724,gbrt:own
2022-03,0.008432221552211404,0.007763447639908558,0.334386956151422,gbrt:own
2022-04,0.00888430602745778,0.00829152921126459,0.29638840809659484,gbrt:own
2022-05,0.006067653711747247,0.005457278844818788,0.3051874334642294,gbrt:own
2022-06,0.005378006312702738,0.004749883891529642,0.31406121058654796,gbrt:own
2022-07,0.0005034857971325245,-0.0001934419957104796,0.34846389642150205,gbrt:own
2022-08,0.0009912407356075757,0.0003131060533916751,0.3390673411079504,gbrt:own
2022-09,0.006631545911807091,0.0058964673245011255,0.36753929365298244,gbrt:own
2022-10,0.00459284515950218,0.003941776137075146,0.3255345112135169,gbrt:own
2022-11,0.005191744644352029,0.004560508275872426,0.31561818423980115,gbrt:own
2022-12,0.0070112037926086754,0.006333239925439188,0.33898193358474427,gbrt:own
2023-01,0.0019964112606618424,0.0012917053304534651,0.35235296510418873,gbrt:own
2023-02,0.007003691062577009,0.006285183535284599,0.3592537636462048,gbrt:own
2023-03,0.005832743988049144,0.005174668103743286,0.3290379421529285,gbrt:own
2023-04,0.0009214680239653851,0.0002880985190748608,0.31668475244526206,gbrt:own
2023-05,0.0017165915355000195,0.001068681625744643,0.32395495487768816,gbrt:own
2023-06,0.004842086649127471,0.004088124793296941,0.3769809279152645,gbrt:own
2023-07,0.0036905878635639503,0.002876610113382019,0.40698887509096604,gbrt:own
2023-08,0.005417917769701238,0.004688699369984637,0.36460919985830026,gbrt:own
2023-09,0.007003453790584927,0.0063245290171934235,0.3394623866957518,gbrt:own
2023-10,0.007245953684994927,0.006658659944666832,0.29364687016404734,gbrt:own
2023-11,0.00099661311557462,0.0003753032084622444,0.31065495355618783,gbrt:own
2023-12,0.005001191144006329,0.004264836992171791,0.3681770759172689,gbrt:own
2024-01,0.00796731939509502,0.007267838461178355,0.3497404669583324,gbrt:own
2024-02,0.005990136837701568,0.0052532175472991055,0.3684596452012313,gbrt:own
2024-03,0.005814423563658234,0.005154115817531182,0.3301538730635252,gbrt:own
2024-04,0.005144752054214588,0.004441400470168198,0.35167579202319527,gbrt:own
2024-05,0.008363928516511356,0.007744607309248097,0.3096606036316288,gbrt:own
2024-06,0.0034488467580062934,0.002794068335424427,0.3273892112909328,gbrt:own
2024-07,0.002711876109669836,0.0021186623447823623,0.29660688244373684,gbrt:own
2024-08,0.006210089113370396,0.005585130317182254,0.31247939809407094,gbrt:own
2024-09,0.0025297666329450416,0.0019264700875938248,0.3016482726756084,gbrt:own
2024-10,0.005897529242117464,0.005273927350429603,0.31180094584393087,gbrt:own
2024-11,0.008862434964581266,0.008210559041244077,0.32593796166859484,gbrt:own
2024-12,0.0040344603927528425,0.0034319259132001285,0.30126723977635717,gbrt:own
2025-01,0.0017405587149026845,0.0011532171130651534,0.2936708009187654,gbrt:own
2025-02,0.004437900693303838,0.003768282623207915,0.3348090350479612,gbrt:own
2025-03,0.0037963473391938642,0.003148493489305052,0.32392692494440606,gbrt:own
2025-04,0.0017261936052381398,0.0010418747599863986,0.3421594226258708,gbrt:own
2025-05,0.0030859419196416302,0.0024186968497226452,0.33362253495949257,gbrt:own
2025-06,-3.520643041515466e-05,-0.0007194756944873048,0.3421346320360752,gbrt:own
2025-07,0.003162474139591916,0.002429978347377595,0.36624789610716024,gbrt:own
2025-08,0.006288022815425873,0.005564192669511866,0.361915072957004,gbrt:own
2025-09,0.003662955680223804,0.0028893920227921754,0.3867818287158144,gbrt:own
2025-10,0.0036184829708512,0.0029213621181491648,0.3485604263510175,gbrt:own
2025-11,0.0032717628642394696,0.00253933886350473,0.36621200036737006,gbrt:own
2025-12,0.005066473770965695,0.004332278588724737,0.36709759112047924,gbrt:own
2000-01,0.006183980178656898,0.006183980178656898,0.0,gbrt:pooled
2000-02,0.011643433871901096,0.00991354890216267,0.8649424848692133,gbrt:pooled
2000-03,0.004847032139344509,0.0032998895995489668,0.7735712698977711,gbrt:pooled
2000-04,0.0004335568361776961,-0.001255306450596743,0.8444316433872194,gbrt:pooled
2000-05,0.006757273835331232,0.005025570841383579,0.8658514969738266,gbrt:pooled
2000-06,-0.0007193412659328606,-0.002244558073370716,0.7626084037189277,gbrt:pooled
2000-07,0.0065101504318882805,0.005097716040667484,0.7062171956103984,gbrt:pooled
2000-08,0.0044431724319761905,0.003140545907767441,0.6513132621043748,gbrt:pooled
2000-09,0.005496630134408522,0.0041017889948977955,0.6974205697553635,gbrt:pooled
2000-10,0.01050491251509396,0.009321031422658443,0.5919405462177585,gbrt:pooled
2000-11,0.0029855145804453254,0.0018426193848378922,0.5714475978037163,gbrt:pooled
2000-12,0.0037692657891886024,0.0026305647029016854,0.5693505431434585,gbrt:pooled
2001-01,-0.019323644804790745,-0.02069837711180383,0.6873661535065418,gbrt:pooled
2001-02,0.013230238222111933,0.011464841936932804,0.8826981425895652,gbrt:pooled
2001-03,0.029320674352181636,0.027609751614126363,0.8554613690276378,gbrt:pooled
2001-04,0.0015857783053515888,0.0003702343501796041,0.6077719775859926,gbrt:pooled
2001-05,0.009245564154806029,0.007815504703445586,0.7150297256802215,gbrt:pooled
2001-06,0.007046661872212962,0.005761193987349351,0.6427339424318055,gbrt:pooled
2001-07,0.011682143338265522,0.010458316655001692,0.6119133416319144,gbrt:pooled
2001-08,0.002119708487405469,0.0009686487382927928,0.5755298745563385,gbrt:pooled
2001-09,0.011569181912437759,0.010390263049318465,0.5894594315596475,gbrt:pooled
2001-10,-0.009655584669341832,-0.010948026638660601,0.6462209846593848,gbrt:pooled
2001-11,0.00982774144485868,0.008373268424339901,0.72723651025939,gbrt:pooled
2001-12,0.007698480432708846,0.006152674142993247,0.7729031448577995,gbrt:pooled
2002-01,0.0035925820231392613,0.0018661676906906815,0.8632071662242901,gbrt:pooled
2002-02,0.00484867171165619,0.003710922860091901,0.5688744257821446,gbrt:pooled
2002-03,0.011612048009034728,0.010414248774803677,0.5988996171155249,gbrt:pooled
2002-04,0.015129429877315905,0.01408910113011613,0.5201643735998874,gbrt:pooled
2002-05,0.006551131090710774,0.005434366378847792,0.5583823559314912,gbrt:pooled
2002-06,0.017771445683531093,0.01665043834719185,0.56050366816962,gbrt:pooled
2002-07,0.013466206523198576,0.012301682045909415,0.5822622386445812,gbrt:pooled
2002-08,0.0068298586304992,0.005894904408664329,0.46747711091743543,gbrt:pooled
2002-09,0.016175985619583763,0.015155490183465814,0.5102477180589736,gbrt:pooled
2002-10,0.0066469758599574,0.005756126658765316,0.4454246005960422,gbrt:pooled
2002-11,0.0019961255783902355,0.0009318896791703153,0.5321179496099598,gbrt:pooled
2002-12,0.008001602276105085,0.006907115943200797,0.5472431664521442,gbrt:pooled
2003-01,0.010915684820384632,0.00981556209304191,0.550061363671361,gbrt:pooled
2003-02,0.002120395592901625,0.0012067631236805615,0.45681623461053183,gbrt:pooled
2003-03,0.008015864509679576,0.007134156686479742,0.44085391159991666,gbrt:pooled
2003-04,-0.007837699869362252,-0.008555477781684511,0.3588889561611291,gbrt:pooled
2003-05,0.01416083113917132,0.012942338943894679,0.6092460976383206,gbrt:pooled
2003-06,0.0077380670963572585,0.006758346681847489,0.4898602072548851,gbrt:pooled
2003-07,0.014943944081274854,0.013959713815320459,0.49211513297719733,gbrt:pooled
2003-08,0.013884519646670737,0.012737396411992577,0.5735616173390811,gbrt:pooled
2003-09,-0.010779828956869885,-0.012053282156681612,0.6367265999058633,gbrt:pooled
2003-10,0.008235578360162185,0.006770546017933672,0.7325161711142569,gbrt:pooled
2003-11,0.0008496703226767874,-0.00046346323566218834,0.6565667791694878,gbrt:pooled
2003-12,0.000574559392050589,-0.000691293103152842,0.6329262476017157,gbrt:pooled
2004-01,0.013422772426820483,0.01212614151694164,0.6483154549394211,gbrt:pooled
2004-02,0.010389140143905832,0.00906936126283061,0.6598894405376114,gbrt:pooled
2004-03,0.013334222579701108,0.012350073954079764,0.4920743128106722,gbrt:pooled
2004-04,0.017020231319036794,0.016087690247730244,0.4662705356532749,gbrt:pooled
2004-05,-0.0028212864942070105,-0.003909689511916818,0.5442015088549039,gbrt:pooled
2004-06,-0.0041678200391105785,-0.005314394177698723,0.5732870692940721,gbrt:pooled
2004-07,0.009596129460790434,0.008583992730827435,0.5060683649814999,gbrt:pooled
2004-08,0.006949543540876343,0.005910790571733466,0.5193764845714387,gbrt:pooled
2004-09,0.014691352190833245,0.013786446383801157,0.4524529035160445,gbrt:pooled
2004-10,0.006269226429595959,0.005283272465546317,0.4929769820248208,gbrt:pooled
2004-11,0.012215247452133315,0.011186966248206134,0.5141406019635906,gbrt:pooled
2004-12,0.007649212728547468,0.006576921689350703,0.536145519598383,gbrt:pooled
2005-01,0.002118733203564423,0.0009482326885577037,0.5852502575033597,gbrt:pooled
2005-02,0.0036229110579008377,0.0022896020190136925,0.6666545194435727,gbrt:pooled
2005-03,0.008734584866108203,0.007560061146438046,0.5872618598350783,gbrt:pooled
2005-04,0.013864325083831251,0.012826861939189376,0.5187315723209376,gbrt:pooled
2005-05,-0.0028596155850562142,-0.0038405391699708677,0.49046179245732674,gbrt:pooled
2005-06,0.0015534491370959038,0.0003256320285459506,0.6139085542749765,gbrt:pooled
2005-07,0.004624820233484425,0.0035418536713368396,0.541483281073793,gbrt:pooled
2005-08,0.0020315004295070826,0.0009105146162818012,0.5604929066126405,gbrt:pooled
2005-09,0.001752514091605929,0.0004250667249854151,0.6637236833102571,gbrt:pooled
2005-10,0.00966718035336868,0.008447300846425716,0.6099397534714829,gbrt:pooled
2005-11,0.00435473471797962,0.0033451932264066866,0.504770745786467,gbrt:pooled
2005-12,0.002103627939871182,0.0009756618217797955,0.5639830590456933,gbrt:pooled
2006-01,0.01594819711726812,0.014805898507651656,0.5711493048082329,gbrt:pooled
2006-02,0.011965424757907255,0.010450100541148475,0.7576621083793896,gbrt:pooled
2006-03,0.00814698467760219,0.006826492608052605,0.6602460347747925,gbrt:pooled
2006-04,0.0013323967581797204,0.0001270604337939221,0.6026681621928991,gbrt:pooled
2006-05,0.0015653539440558997,0.00011078390484462391,0.7272850196056379,gbrt:pooled
2006-06,0.009447956145501197,0.008186709546087296,0.6306232997069507,gbrt:pooled
2006-07,0.0015705099405752345,0.00038901183053446827,0.5907490550203831,gbrt:pooled
2006-08,-0.0023203900170586135,-0.0036222934940286222,0.6509517384850048,gbrt:pooled
2006-09,0.004032357705747634,0.002819603008008961,0.6063773488693364,gbrt:pooled
2006-10,-0.00027853152984490823,-0.0012470496833818009,0.48425907676844615,gbrt:pooled
2006-11,0.016034956136792535,0.01488774151816263,0.5736073093149517,gbrt:pooled
2006-12,0.005826984225909863,0.004815591767175337,0.505696229367263,gbrt:pooled
2007-01,0.00751815017401639,0.006379880903557544,0.5691346352294229,gbrt:pooled
2007-02,0.006331661652549695,0.005077511812911378,0.6270749198191583,gbrt:pooled
2007-03,0.00040087224471731497,-0.0008249681607055385,0.6129202027114268,gbrt:pooled
2007-04,0.014928993618009414,0.013609689518948339,0.6596520495305376,gbrt:pooled
2007-05,0.00643791893358882,0.0053068016465533776,0.5655586435177211,gbrt:pooled
2007-06,0.0025864825342230744,0.0013298592131639135,0.6283116605295803,gbrt:pooled
2007-07,0.0048022997460672075,0.0034692006313483937,0.6665495573594068,gbrt:pooled
2007-08,0.0007834176625575019,-0.0005245658183694379,0.6539917404634699,gbrt:pooled
2007-09,0.0011410123926262948,-9.347609913206825e-05,0.6172442458791815,gbrt:pooled
2007-10,-0.003404685258025598,-0.004619915908313053,0.6076153251437271,gbrt:pooled
2007-11,0.004843803512698345,0.0036307151949887657,0.6065441588547893,gbrt:pooled
2007-12,0.01328183821280535,0.012099799233692745,0.5910194895563021,gbrt:pooled
2008-01,0.005318705318667706,0.004260677170696614,0.5290140739855459,gbrt:pooled
2008-02,-0.00014345461810113175,-0.0013781825361265678,0.6173639590127179,gbrt:pooled
2008-03,0.0072548296706055155,0.006129667500293534,0.5625810851559904,gbrt:pooled
2008-04,0.00019470905189018865,-0.000921359085978545,0.5580340689343668,gbrt:pooled
2008-05,0.0009281314042941058,-0.0003897079062294471,0.6589196552617763,gbrt:pooled
2008-06,0.008692319621897157,0.007471865549577463,0.6102270361598476,gbrt:pooled
2008-07,0.0003848253197698541,-0.0006653756678740018,0.525100493821928,gbrt:pooled
2008-08,0.00898257914117488,0.007778710438914499,0.6019343511301901,gbrt:pooled
2008-09,0.012301066241617052,0.011428323582383488,0.4363713296167813,gbrt:pooled
2008-10,0.023435844513521674,0.02254222683617728,0.44680883867219556,gbrt:pooled
2008-11,0.0070407043796012585,0.006118847593181916,0.460928393209671,gbrt:pooled
2008-12,0.0048281347791751,0.003908790581436562,0.45967209886926896,gbrt:pooled
2009-01,0.006545598893100323,0.0055379608206971055,0.5038190362016087,gbrt:pooled
2009-02,0.00759791142812947,0.006648593149226859,0.4746591394513058,gbrt:pooled
2009-03,-0.005186069036083167,-0.006077105979205147,0.44551847156099006,gbrt:pooled
2009-04,-0.01419915776298404,-0.01527289981658822,0.5368710268020902,gbrt:pooled
2009-05,0.009495005590813862,0.007979752012376771,0.7576267892185459,gbrt:pooled
2009-06,-0.001994373460041698,-0.00339153042389982,0.6985784819290608,gbrt:pooled
2009-07,0.0027328978226388552,0.001273156612331458,0.7298706051536986,gbrt:pooled
2009-08,0.004491244158955961,0.003193390650294047,0.6489267543309575,gbrt:pooled
2009-09,0.006161788005139552,0.0049964948243612995,0.5826465903891261,gbrt:pooled
2009-10,0.0031680565280422022,0.0020215881337725516,0.573234197134825,gbrt:pooled
2009-11,0.004166020095919245,0.0029260402315480966,0.619989932185574,gbrt:pooled
2009-12,0.00315522852019816,0.0019958327470682626,0.5796978865649486,gbrt:pooled
2010-01,0.0034624754895846515,0.0023570472508444504,0.5527141193701004,gbrt:pooled
2010-02,0.002950301823226098,0.0017625092554954126,0.5938962838653428,gbrt:pooled
2010-03,0.005930978000827939,0.004792792619886798,0.5690926904705716,gbrt:pooled
2010-04,0.009645905576442272,0.00853978707920131,0.5530592486204814,gbrt:pooled
2010-05,0.004243307213844051,0.0032192571480907516,0.5120250328766497,gbrt:pooled
2010-06,0.007088932067999756,0.006182151710612318,0.4533901786937187,gbrt:pooled
2010-07,0.0028439360203694735,0.002103827625658608,0.3700541973554323,gbrt:pooled
2010-08,0.00667639328651094,0.0058591656255543665,0.40861383047828714,gbrt:pooled
2010-09,0.0027355799351112503,0.0018810074686579886,0.4272862332266307,gbrt:pooled
2010-10,0.004516434808170047,0.0036567380585132824,0.4298483748283821,gbrt:pooled
2010-11,0.0052263786333887115,0.004459546440677322,0.38341609635569507,gbrt:pooled
2010-12,0.004170470931723788,0.003401579766210924,0.38444558275643215,gbrt:pooled
2011-01,0.008813518515418688,0.008029811556494982,0.3918534794618537,gbrt:pooled
2011-02,0.0044422714355925,0.003610624502237319,0.4158234666775905,gbrt:pooled
2011-03,0.0032992483154694317,0.0025522794771529658,0.37348441915823294,gbrt:pooled
2011-04,0.007252507144590854,0.006506110271829228,0.37319843638081285,gbrt:pooled
2011-05,0.008361982665926134,0.0076314852138269955,0.36524872604956876,gbrt:pooled
2011-06,0.004729775067029836,0.003999728930832276,0.3650230680987801,gbrt:pooled
2011-07,0.004802370100189247,0.004118779945124881,0.34179507753218286,gbrt:pooled
2011-08,0.007388090755038861,0.006616761654949182,0.3856645500448391,gbrt:pooled
2011-09,0.005189291483702308,0.004480863033702692,0.3542142249998074,gbrt:pooled
2011-10,-0.003380564893257912,-0.004307640210308798,0.4635376585254432,gbrt:pooled
2011-11,0.006885247291792242,0.005964367188962246,0.460440051414998,gbrt:pooled
2011-12,0.005782517068145692,0.0049352829101295915,0.4236170790080505,gbrt:pooled
2012-01,-0.008020823754568937,-0.008951113721285363,0.46514498335821247,gbrt:pooled
2012-02,-0.0008399870856557014,-0.0019031253445649572,0.5315691294546282,gbrt:pooled
2012-03,0.0036550366283495585,0.0026029202783077487,0.5260581750209047,gbrt:pooled
2012-04,0.006930538413271362,0.0058738814047206425,0.5283285042753603,gbrt:pooled
2012-05,0.007363227188756832,0.006450981220340397,0.4561229842082175,gbrt:pooled
2012-06,0.0034529213728671224,0.002617001304882291,0.41796003399241566,gbrt:pooled
2012-07,0.005852184046211518,0.005122410843609225,0.36488660130114664,gbrt:pooled
2012-08,0.00930984425119373,0.008508736190889621,0.40055403015205454,gbrt:pooled
2012-09,0.0032789412940815357,0.002484118079501147,0.39741160729019415,gbrt:pooled
2012-10,0.002376918925786076,0.0015817196802492795,0.3975996227683982,gbrt:pooled
2012-11,0.004940991808585123,0.004101851887870912,0.41956996035710536,gbrt:pooled
2012-12,-2.5899235607810487e-05,-0.0008511795114794382,0.412640137935814,gbrt:pooled
2013-01,0.004757931659423507,0.00391956096645103,0.4191853464862386,gbrt:pooled
2013-02,0.006602004311199035,0.005773924814726235,0.4140397482363995,gbrt:pooled
2013-03,0.008439836865547907,0.007657207558140369,0.3913146537037691,gbrt:pooled
2013-04,0.008136217507833544,0.00749702835188852,0.31959457797251156,gbrt:pooled
2013-05,0.009215384158717851,0.00852709126424762,0.34414644723511434,gbrt:pooled
2013-06,0.004357236685942898,0.003567784241559454,0.3947262221917224,gbrt:pooled
2013-07,0.0029333085512693717,0.0021286002971433998,0.4023541270629862,gbrt:pooled
2013-08,0.0038207459226213183,0.0029676843042849453,0.42653080916818625,gbrt:pooled
2013-09,0.0006015505596461292,-0.0002744649898769796,0.4380077747615542,gbrt:pooled
2013-10,0.0023877242655076262,0.0015352219341612182,0.4262511656732039,gbrt:pooled
2013-11,0.0035271133150470545,0.002704380749502341,0.4113662827723568,gbrt:pooled
2013-12,0.005797054069530958,0.005023060569264159,0.38699675013339957,gbrt:pooled
2014-01,0.00341725765522305,0.002698573832825466,0.35934191119879205,gbrt:pooled
2014-02,0.0016657019634374805,0.000828869238544973,0.4184163624462538,gbrt:pooled
2014-03,0.0010082496731489996,0.00022122942158743587,0.39351012578078187,gbrt:pooled
2014-04,0.005687393755204093,0.004876220958530766,0.40558639833666316,gbrt:pooled
2014-05,0.005614672981054818,0.004834636826908338,0.3900180770732407,gbrt:pooled
2014-06,0.00448115534218171,0.0036936403095130994,0.39375751633430534,gbrt:pooled
2014-07,0.0001649519316718266,-0.0006555036419246292,0.41022778679822786,gbrt:pooled
2014-08,0.003093869248751591,0.002219079057262845,0.43739509574437285,gbrt:pooled
2014-09,0.006545000025987026,0.005741861338158704,0.4015693439141611,gbrt:pooled
2014-10,0.005810697544019538,0.005071946564944264,0.3693754895376367,gbrt:pooled
2014-11,0.007553964718833662,0.00682993628881313,0.3620142150102661,gbrt:pooled
2014-12,0.008364074712061177,0.007632872900287688,0.3656009058867444,gbrt:pooled
2015-01,0.0029662000084698967,0.0021182608939477243,0.4239695572610863,gbrt:pooled
2015-02,0.0013654025776231977,0.0004953119961373337,0.43504529074293197,gbrt:pooled
2015-03,0.006284956165305836,0.005452656441928615,0.4161498616886107,gbrt:pooled
2015-04,-0.004688860369425273,-0.005526080031093146,0.4186098308339367,gbrt:pooled
2015-05,0.0024119654310046004,0.0013635755206185803,0.5241949551930098,gbrt:pooled
2015-06,0.0022275827800153605,0.0012465582759536786,0.490512252030841,gbrt:pooled
2015-07,0.006044053732788193,0.005253012921953557,0.39552040541731753,gbrt:pooled
2015-08,0.00784995533637606,0.007071012690077101,0.3894713231494795,gbrt:pooled
2015-09,0.0026085623147905205,0.0018213025691366385,0.3936298728269411,gbrt:pooled
2015-10,0.0006601745714861118,-0.00013212442259390465,0.39614949704000824,gbrt:pooled
2015-11,0.010593154415867693,0.009726700174019892,0.43322712092390114,gbrt:pooled
2015-12,0.0025355524940938057,0.0017229775388081653,0.4062874776428199,gbrt:pooled
2016-01,0.00134963446013961,0.0005409497366803131,0.4043423617296484,gbrt:pooled
2016-02,-0.002351867683956369,-0.003147899622793985,0.3980159694188079,gbrt:pooled
2016-03,0.0006888263938195106,-0.0002967801520216989,0.4928032729206047,gbrt:pooled
2016-04,0.009688209095889218,0.008635476063034709,0.5263665164272544,gbrt:pooled
2016-05,0.002461783964581032,0.0016177062314474712,0.4220388665667804,gbrt:pooled
2016-06,0.0009518692844206015,7.128489066654928e-05,0.44029219687702603,gbrt:pooled
2016-07,0.0027738192782536934,0.001972409329087914,0.4007049745828896,gbrt:pooled
2016-08,0.005964675809181301,0.005104095458567393,0.4302901753069544,gbrt:pooled
2016-09,0.0033161528227088786,0.002519436903429375,0.39835795963975174,gbrt:pooled
2016-10,0.006001266107049294,0.00528224160988563,0.35951224858183184,gbrt:pooled
2016-11,0.004393944543534991,0.0036587561069026196,0.36759421831618594,gbrt:pooled
2016-12,0.0007639562085479057,-6.33430243002018e-05,0.41364961642405385,gbrt:pooled
2017-01,0.009821568664020525,0.009017368895688908,0.4020998841658088,gbrt:pooled
2017-02,0.0035306232040598225,0.0026731677421286187,0.4287277309656017,gbrt:pooled
2017-03,0.0046657224601038185,0.003839293409875988,0.4132145251139153,gbrt:pooled
2017-04,0.002915757158383122,0.0022136345491157146,0.35106130463370366,gbrt:pooled
2017-05,0.006811695340587458,0.006080412493880454,0.36564142335350175,gbrt:pooled
2017-06,0.0024087858358501366,0.0017657246451701864,0.3215305953399751,gbrt:pooled
2017-07,0.006756279583993766,0.006137945756456263,0.30916691376875166,gbrt:pooled
2017-08,0.006024246275744478,0.005297143150260796,0.36355156274184114,gbrt:pooled
2017-09,0.004374270053669478,0.003713306363274973,0.3304818451972525,gbrt:pooled
2017-10,0.005431604335417857,0.0047695760206377434,0.3310141573900569,gbrt:pooled
2017-11,0.0015368624677005518,0.0008731401123793863,0.3318611776605827,gbrt:pooled
2017-12,-0.0014804499858483455,-0.002191971129455397,0.3557605718035258,gbrt:pooled
2018-01,0.002193947229090223,0.0014008312607574982,0.3965579841663624,gbrt:pooled
2018-02,0.0060438569947482874,0.005267130631253521,0.3883631817473835,gbrt:pooled
2018-03,0.002273221264499575,0.001546792051733033,0.363214606383271,gbrt:pooled
2018-04,0.004972580999478036,0.004214707454215377,0.37893677263132947,gbrt:pooled
2018-05,0.005023586356750134,0.00427757872521023,0.3730038157699516,gbrt:pooled
2018-06,0.0018907318836787904,0.001160541847451762,0.36509501811351425,gbrt:pooled
2018-07,0.0018007419990686037,0.001144766799583674,0.3279875997424649,gbrt:pooled
2018-08,0.003645471521654708,0.0029512814786549313,0.34709502149988825,gbrt:pooled
2018-09,0.003397198277989963,0.0027450644399220317,0.32606691903396556,gbrt:pooled
2018-10,0.004294306490217937,0.0036154855572946855,0.33941046646162554,gbrt:pooled
2018-11,-0.0011180484127013936,-0.0018355715356892955,0.35876156149395083,gbrt:pooled
2018-12,0.003678266213646124,0.002866549171955254,0.4058585208454353,gbrt:pooled
2019-01,0.00019953353734593086,-0.0005734227045576768,0.3864781209518038,gbrt:pooled
2019-02,0.001394096029701129,0.0004718277845558978,0.4611341225726156,gbrt:pooled
2019-03,0.003173993704779958,0.0023731653056755825,0.40041419955218754,gbrt:pooled
2019-04,0.0016368170250090227,0.0008359565585129517,0.4004302332480354,gbrt:pooled
2019-05,0.006878737285228611,0.006123476741277125,0.37763027197574295,gbrt:pooled
2019-06,0.0028265347036101744,0.0020808142544355723,0.37286022458730095,gbrt:pooled
2019-07,0.00613966085799074,0.00534044636625687,0.39960724586693513,gbrt:pooled
2019-08,0.002432418543056821,0.001670888008333137,0.3807652673618419,gbrt:pooled
2019-09,0.003266604343336331,0.002523301400514957,0.371651471410687,gbrt:pooled
2019-10,0.0032656101586862937,0.002512768458167406,0.3764208502594437,gbrt:pooled
2019-11,0.005107563111564901,0.0042696757471903084,0.41894368218729616,gbrt:pooled
2019-12,0.0022618350631082936,0.0014708006727827206,0.3955171951627865,gbrt:pooled
2020-01,0.005901742209068534,0.005064682460336444,0.4185298743660448,gbrt:pooled
2020-02,0.007004617861207514,0.006195606388343258,0.40450573643212784,gbrt:pooled
2020-03,0.005885396743475785,0.005205639248300008,0.3398787475878885,gbrt:pooled
2020-04,-0.016159710459329693,-0.017103074555661506,0.4716820481659074,gbrt:pooled
2020-05,0.0030863963072171553,0.0015383407126005133,0.7740277973083208,gbrt:pooled
2020-06,0.00861458030871854,0.007514933460515461,0.5498234241015396,gbrt:pooled
2020-07,0.008363895131274265,0.007236823294758713,0.5635359182577764,gbrt:pooled
2020-08,0.008584423110648436,0.007416595080170469,0.5839140152389839,gbrt:pooled
2020-09,0.01331035194063722,0.01217818945615867,0.566081242239275,gbrt:pooled
2020-10,0.004982823327028306,0.003944592190721565,0.5191155681533708,gbrt:pooled
2020-11,-0.00723053092077151,-0.008324278969181064,0.5468740242047772,gbrt:pooled
2020-12,0.0065711207856448545,0.005161577781483882,0.7047715020804864,gbrt:pooled
2021-01,0.0027804659311315367,0.001582461425801864,0.5990022526648363,gbrt:pooled
2021-02,0.007063646175506929,0.006025338034219296,0.5191540706438168,gbrt:pooled
2021-03,0.009139018946587434,0.008209991994139227,0.4645134762241028,gbrt:pooled
2021-04,0.006393629596016429,0.005451264088789833,0.4711827536132985,gbrt:pooled
2021-05,0.006049746027056063,0.004975445626955226,0.5371502000504184,gbrt:pooled
2021-06,0.005782635943348352,0.00489916821675562,0.4417338632963661,gbrt:pooled
2021-07,0.0029026137288595127,0.0020343591035094258,0.43412731267504356,gbrt:pooled
2021-08,0.003823217256222053,0.0029555457305607126,0.43383576283067043,gbrt:pooled
2021-09,0.005433379942609461,0.0045048734241477685,0.46425325923084626,gbrt:pooled
2021-10,0.0059781435362388355,0.005151396742271163,0.41337339698383607,gbrt:pooled
2021-11,0.0037719352159386026,0.0029950406083199222,0.38844730380934,gbrt:pooled
2021-12,0.006293770739479176,0.005407855439735521,0.44295764987182795,gbrt:pooled
2022-01,0.010811033823095135,0.010072281120613811,0.3693763512406622,gbrt:pooled
2022-02,0.007726430283102145,0.0069429815576212426,0.3917243627404515,gbrt:pooled
2022-03,0.008975456822662008,0.008258081369575294,0.3586877265433572,gbrt:pooled
2022-04,0.009405750962420599,0.008776730726023722,0.3145101181984386,gbrt:pooled
2022-05,0.006447220062309128,0.0057892822797738965,0.328968891267616,gbrt:pooled
2022-06,0.005493190373700299,0.004840058819723123,0.32656577698858774,gbrt:pooled
2022-07,-0.0010537382248941125,-0.0017287565421737038,0.3375091586397957,gbrt:pooled
2022-08,-0.0004948506117303703,-0.001167896268752898,0.3365228285112639,gbrt:pooled
2022-09,0.006652544639399924,0.005868033265769652,0.3922556868151363,gbrt:pooled
2022-10,0.005241852030521799,0.004501454498555369,0.37019876598321494,gbrt:pooled
2022-11,0.005125069262926324,0.004454042327105245,0.33551346791053993,gbrt:pooled
2022-12,0.0070294620318155695,0.006274841747144908,0.3773101423353307,gbrt:pooled
2023-01,0.002089773505272716,0.0013410167967181973,0.37437835427725935,gbrt:pooled
2023-02,0.006801325170688969,0.006035549486122022,0.38288784228347333,gbrt:pooled
2023-03,0.005500654500318731,0.004801009145714309,0.34982267730221134,gbrt:pooled
2023-04,0.0011071807746487938,0.00040130441926015996,0.3529381776943169,gbrt:pooled
2023-05,0.0014276306269118326,0.0007476432091957758,0.33999370885802843,gbrt:pooled
2023-06,0.004366842855264597,0.003583721447656987,0.3915607038038049,gbrt:pooled
2023-07,0.004197112677533599,0.003326691854083783,0.4352104117249078,gbrt:pooled
2023-08,0.005213737506232157,0.004444514660833063,0.3846114226995473,gbrt:pooled
2023-09,0.007604723218779133,0.006901779606671648,0.35147180605374234,gbrt:pooled
2023-10,0.0073490163968265325,0.006692249966312408,0.32838321525706266,gbrt:pooled
2023-11,0.0007583878360936162,6.864245559507981e-05,0.3448726902492683,gbrt:pooled
2023-12,0.005151149461158421,0.0043633751417895055,0.393887159684458,gbrt:pooled
2024-01,0.007848563121988242,0.0071653920137884275,0.3415855540999074,gbrt:pooled
2024-02,0.00563869976646953,0.004889983905397684,0.37435793053592226,gbrt:pooled
2024-03,0.005516004786330806,0.004828145721585745,0.3439295323725309,gbrt:pooled
2024-04,0.005074793254754221,0.0043638470485424805,0.35547310310587044,gbrt:pooled
2024-05,0.008440831198435729,0.007791380404081697,0.32472539717701693,gbrt:pooled
2024-06,0.003914539076576225,0.0032402650016810043,0.3371370374476101,gbrt:pooled
2024-07,0.0022364447330002657,0.0016547907689387733,0.2908269820307462,gbrt:pooled
2024-08,0.006081827759455726,0.00543503795477411,0.3233949023408083,gbrt:pooled
2024-09,0.002299676055021675,0.0016711994799642332,0.31423828752872107,gbrt:pooled
2024-10,0.00591429802783503,0.005278974897335185,0.31766156524992234,gbrt:pooled
2024-11,0.008985753903429818,0.008341041125850303,0.32235638878975836,gbrt:pooled
2024-12,0.003895172351710645,0.003297362918573695,0.29890471656847506,gbrt:pooled
2025-01,0.0017164814964673585,0.001121209427757107,0.2976360343551259,gbrt:pooled
2025-02,0.004598146747067073,0.003936232495314401,0.33095712587633613,gbrt:pooled
2025-03,0.003652463900952772,0.0030332509969637628,0.3096064519945045,gbrt:pooled
2025-04,0.0018587620416419279,0.001193905007509316,0.33242851706630594,gbrt:pooled
2025-05,0.0032567289518040054,0.002624049994661602,0.3163394785712017,gbrt:pooled
2025-06,-0.000529736648217091,-0.0011779375681732218,0.3241004599780654,gbrt:pooled
2025-07,0.0027805236491916657,0.0020698313412226238,0.355346153984521,gbrt:pooled
2025-08,0.006766880350640974,0.0060524278220053015,0.35722626431783633,gbrt:pooled
2025-09,0.006068204550346654,0.005295778114722714,0.3862132178119705,gbrt:pooled
2025-10,0.0035486153519198728,0.0028279600442643366,0.36032765382776794,gbrt:pooled
2025-11,0.0025668219812053565,0.0018155528828777592,0.3756345491637986,gbrt:pooled
2025-12,0.004396106551985492,0.0036525604610708486,0.3717730454573218,gbrt:pooled
2000-01,0.007890327268170341,0.007890327268170341,0.0,gbrt_rs:dm_only
2000-02,0.012666015948262686,0.010891806718748086,0.8871046147573011,gbrt_rs:dm_only
2000-03,-0.002295275927544611,-0.004091888163449728,0.8983061179525583,gbrt_rs:dm_only
2000-04,0.0023389807438518443,0.0004934998267365825,0.9227404585576308,gbrt_rs:dm_only
2000-05,0.010618556212030995,0.008853459022324855,0.8825485948530707,gbrt_rs:dm_only
2000-06,1.4476280747564765e-05,-0.0015615406349598492,0.7880084578537069,gbrt_rs:dm_only
2000-07,0.0014589160198023167,-8.019723686502125e-05,0.7695566283336691,gbrt_rs:dm_only
2000-08,0.005046860194996367,0.003615658489485644,0.7156008527553619,gbrt_rs:dm_only
2000-09,0.0048028218636220615,0.0032969812316649295,0.7529203159785663,gbrt_rs:dm_only
2000-10,0.008721154287930216,0.00740755738475627,0.656798451586973,gbrt_rs:dm_only
2000-11,0.0054645957181400865,0.004190168722209135,0.6372134979654759,gbrt_rs:dm_only
2000-12,0.003695661804812471,0.0023293745155787337,0.6831436446168683,gbrt_rs:dm_only
2001-01,-0.015359284452556113,-0.016846933885325027,0.7438247163844566,gbrt_rs:dm_only
2001-02,0.007328861723467379,0.005411558827383794,0.958651448041793,gbrt_rs:dm_only
2001-03,0.028259557920672085,0.026442580607213717,0.9084886567291834,gbrt_rs:dm_only
2001-04,0.0020822343171388647,0.0007729134711979455,0.6546604229704597,gbrt_rs:dm_only
2001-05,0.0095157085342706,0.007935850931731828,0.7899288012693858,gbrt_rs:dm_only
2001-06,0.007166848443397664,0.005804009604757796,0.6814194193199341,gbrt_rs:dm_only
2001-07,0.01272496548939078,0.011413583916477484,0.6556907864566475,gbrt_rs:dm_only
2001-08,0.003125814076917942,0.0019158561562306609,0.6049789603436404,gbrt_rs:dm_only
2001-09,0.010391286264604326,0.009169501292207763,0.6108924861982812,gbrt_rs:dm_only
2001-10,-0.012766768324818824,-0.014096631846210237,0.6649317606957067,gbrt_rs:dm_only
2001-11,0.011514046573640397,0.00995454489674311,0.7797508384486451,gbrt_rs:dm_only
2001-12,0.006802045153634033,0.005214725767201096,0.7936596932164685,gbrt_rs:dm_only
2002-01,0.003364987937679078,0.0015982877459367504,0.8833500958711639,gbrt_rs:dm_only
2002-02,0.0040823358443154625,0.0029130903674802968,0.5846227384175828,gbrt_rs:dm_only
2002-03,0.012270993430230302,0.010998164816175009,0.6364143070276466,gbrt_rs:dm_only
2002-04,0.01512759708550664,0.01398793854353642,0.569829270985109,gbrt_rs:dm_only
2002-05,0.007973262593217949,0.006767999790256109,0.6026314014809199,gbrt_rs:dm_only
2002-06,0.020122807352271767,0.018987176076681555,0.5678156377951062,gbrt_rs:dm_only
2002-07,0.013926834568755743,0.012745957131916223,0.5904387184197596,gbrt_rs:dm_only
2002-08,0.007526671262433276,0.0065607225954878124,0.48297433347273183,gbrt_rs:dm_only
2002-09,0.017821290364097592,0.01680297804649577,0.5091561588009118,gbrt_rs:dm_only
2002-10,0.006581780688269366,0.005683381216271174,0.4491997359990954,gbrt_rs:dm_only
2002-11,0.0001144440378271731,-0.000960134972563468,0.5372895051953203,gbrt_rs:dm_only
2002-12,0.009175726420772003,0.008079099688879666,0.5483133659461686,gbrt_rs:dm_only
2003-01,0.009258265386622071,0.008214299979842266,0.5219827033899022,gbrt_rs:dm_only
2003-02,0.004611807396827357,0.0038122200332237365,0.3997936818018101,gbrt_rs:dm_only
2003-03,0.009285574524615203,0.008480555628677491,0.4025094479688564,gbrt_rs:dm_only
2003-04,-0.009986585594743441,-0.010613962845608288,0.3136886254324234,gbrt_rs:dm_only
2003-05,0.012675738943324646,0.011691802501263452,0.4919682210305973,gbrt_rs:dm_only
2003-06,0.003136122068516049,0.002318077885494228,0.4090220915109105,gbrt_rs:dm_only
2003-07,0.015175473235797182,0.014187531158605,0.4939710385960912,gbrt_rs:dm_only
2003-08,0.014530155056056124,0.013473299417708572,0.5284278191737759,gbrt_rs:dm_only
2003-09,-0.007458532035956722,-0.008688184230113097,0.6148260970781869,gbrt_rs:dm_only
2003-10,0.008059400334663588,0.006709964163660638,0.6747180855014752,gbrt_rs:dm_only
2003-11,0.0034236158071185192,0.002233732126692582,0.5949418402129686,gbrt_rs:dm_only
2003-12,0.0022478104228380387,0.0010135125551424848,0.6171489338477769,gbrt_rs:dm_only
2004-01,0.011232645626710412,0.010260355027236262,0.4861452997370744,gbrt_rs:dm_only
2004-02,0.008167183255291878,0.0073487020771534186,0.4092405890692295,gbrt_rs:dm_only
2004-03,0.011805182257823212,0.011132908874569037,0.3361366916270871,gbrt_rs:dm_only
2004-04,0.01838165823389988,0.017812942671530472,0.28435778118470345,gbrt_rs:dm_only
2004-05,-0.0039403913837418175,-0.004589079071982648,0.3243438441204159,gbrt_rs:dm_only
2004-06,-0.005947100775077945,-0.006669878381402058,0.3613888031620566,gbrt_rs:dm_only
2004-07,0.009481475701236943,0.008859112182258192,0.31118175948937554,gbrt_rs:dm_only
2004-08,0.009207551880456931,0.00862281301868281,0.2923694308870597,gbrt_rs:dm_only
2004-09,0.012904314640215134,0.012415559708264755,0.24437746597518825,gbrt_rs:dm_only
2004-10,0.0012131542073839366,0.0006078079153854275,0.30267314599925443,gbrt_rs:dm_only
2004-11,0.005760488516471798,0.005146268599341046,0.30710995856537554,gbrt_rs:dm_only
2004-12,0.0061999995643066885,0.005582438399987274,0.3087805821597073,gbrt_rs:dm_only
2005-01,0.0031353535422952066,0.002124585715470249,0.5053839134124785,gbrt_rs:dm_only
2005-02,0.004068641673574056,0.002834847437145366,0.6168971182143451,gbrt_rs:dm_only
2005-03,0.008921385897036924,0.007869047101341368,0.5261693978477773,gbrt_rs:dm_only
2005-04,0.014146833008008687,0.013181847594421862,0.48249270679341266,gbrt_rs:dm_only
2005-05,-0.0038454276932497907,-0.004754750474171942,0.4546613904610753,gbrt_rs:dm_only
2005-06,0.0021355997591675745,0.0009904012856347664,0.5725992367664038,gbrt_rs:dm_only
2005-07,0.004494333966672885,0.0034864371713755433,0.5039483976486713,gbrt_rs:dm_only
2005-08,0.0035823816219993543,0.0025779209271582964,0.5022303474205292,gbrt_rs:dm_only
2005-09,0.0024117294230750256,0.0012003393245065106,0.6056950492842577,gbrt_rs:dm_only
2005-10,0.009320408541599443,0.008179830619629846,0.5702889609847979,gbrt_rs:dm_only
2005-11,0.004323542412600344,0.003375640698964828,0.4739508568177578,gbrt_rs:dm_only
2005-12,0.0029308259528873465,0.0018618281784092074,0.5344988872390697,gbrt_rs:dm_only
2006-01,0.017245877683452718,0.01627743762321638,0.4842200301181683,gbrt_rs:dm_only
2006-02,0.009392955814031477,0.008548368721366042,0.42229354633271804,gbrt_rs:dm_only
2006-03,0.00040930556065872626,-0.00025883241779550925,0.33406898922711775,gbrt_rs:dm_only
2006-04,0.0005331718117201363,-0.00033957503459052847,0.43637342315533234,gbrt_rs:dm_only
2006-05,0.006887739012551361,0.005957524590735802,0.46510721090777973,gbrt_rs:dm_only
2006-06,0.012798116749167733,0.012091441870621375,0.35333743927317984,gbrt_rs:dm_only
2006-07,0.0018757206956222406,0.0011701626612063067,0.3527790172079669,gbrt_rs:dm_only
2006-08,-0.0012519771140663322,-0.001964817202345006,0.3564200441393367,gbrt_rs:dm_only
2006-09,0.005994108855419414,0.00528371293934856,0.3551979580354267,gbrt_rs:dm_only
2006-10,0.0008596589015487132,0.0003168301371083245,0.2714143822201944,gbrt_rs:dm_only
2006-11,0.006700778022327214,0.0061276879411227,0.28654504060225683,gbrt_rs:dm_only
2006-12,0.0058733455576450225,0.005302925225207458,0.2852101662187817,gbrt_rs:dm_only
2007-01,0.009817196104135279,0.00909834911949158,0.3594234923218495,gbrt_rs:dm_only
2007-02,0.003835063352193976,0.002889909918754107,0.47257671671993445,gbrt_rs:dm_only
2007-03,0.0009406751546804592,1.84085334746427e-05,0.4611333106029083,gbrt_rs:dm_only
2007-04,0.013960918949673733,0.012992250026972027,0.48433446135085445,gbrt_rs:dm_only
2007-05,0.005903269889239996,0.005074221862960984,0.41452401313950604,gbrt_rs:dm_only
2007-06,0.0012120435221283047,0.0003078578944075208,0.45209281386039196,gbrt_rs:dm_only
2007-07,0.004801363971157546,0.003816751019399169,0.4923064758791885,gbrt_rs:dm_only
2007-08,0.0018509865174669623,0.0009228829602310334,0.4640517786179645,gbrt_rs:dm_only
2007-09,0.0013326281199311596,0.0004901531048143597,0.42123750755839984,gbrt_rs:dm_only
2007-10,-0.0038999112268584208,-0.004764467065349122,0.43227791924535036,gbrt_rs:dm_only
2007-11,0.005029272632716133,0.004164852297951715,0.43221016738220913,gbrt_rs:dm_only
2007-12,0.010751382709446632,0.009943737193645753,0.40382275790044,gbrt_rs:dm_only
2008-01,0.005929202703107027,0.004867330577042377,0.530936063032325,gbrt_rs:dm_only
2008-02,-0.002217650001220307,-0.003432463596003112,0.6074067973914025,gbrt_rs:dm_only
2008-03,0.006584002333017139,0.005440070507211194,0.5719659129029727,gbrt_rs:dm_only
2008-04,-0.0008783630758340153,-0.002004957160454082,0.5632970423100331,gbrt_rs:dm_only
2008-05,0.001808080268445524,0.00047860853602890035,0.6647358662083118,gbrt_rs:dm_only
2008-06,0.009253458305569093,0.008036329446917172,0.6085644293259603,gbrt_rs:dm_only
2008-07,0.00035705421208754966,-0.0007067989256322297,0.5319265688598899,gbrt_rs:dm_only
2008-08,0.009259216311898907,0.008048099007726024,0.6055586520864401,gbrt_rs:dm_only
2008-09,0.012970187339063117,0.012089364966562183,0.44041118625046777,gbrt_rs:dm_only
2008-10,0.025166000072976688,0.024263503211778045,0.45124843059932096,gbrt_rs:dm_only
2008-11,0.006523790509266822,0.005600095125151996,0.4618476920574132,gbrt_rs:dm_only
2008-12,0.003964326359982057,0.00305929060659107,0.4525178766954934,gbrt_rs:dm_only
2009-01,0.005151960735422095,0.00414577701072815,0.5030918623469729,gbrt_rs:dm_only
2009-02,0.007932159527211812,0.006930299372812899,0.5009300771994561,gbrt_rs:dm_only
2009-03,-0.007060087589405319,-0.008010010042965613,0.47496122678014685,gbrt_rs:dm_only
2009-04,-0.014322415838347117,-0.015478203433807203,0.5778937977300443,gbrt_rs:dm_only
2009-05,0.011439767609747688,0.009819149194540426,0.8103092076036312,gbrt_rs:dm_only
2009-06,-0.00164233139723857,-0.0030733167655079136,0.7154926841346718,gbrt_rs:dm_only
2009-07,0.002080349617159158,0.0005857360206013826,0.7473067982788877,gbrt_rs:dm_only
2009-08,0.004192843107763706,0.0028011347539877575,0.6958541768879742,gbrt_rs:dm_only
2009-09,0.006073260884875592,0.004830921652986269,0.6211696159446611,gbrt_rs:dm_only
2009-10,0.004057308128299386,0.0027562109964156065,0.6505485659418894,gbrt_rs:dm_only
2009-11,0.0030673995209132775,0.0017531696748811082,0.6571149230160848,gbrt_rs:dm_only
2009-12,0.002736355766827779,0.0014913423571742612,0.6225067048267587,gbrt_rs:dm_only
2010-01,0.004365975315853244,0.0032518200586331937,0.5570776286100256,gbrt_rs:dm_only
2010-02,0.0028537459711288297,0.0019302218081519982,0.4617620814884157,gbrt_rs:dm_only
2010-03,0.0060091850143736796,0.005143099580609801,0.43304271688193946,gbrt_rs:dm_only
2010-04,0.009054024596972006,0.008207564199490404,0.42323019874080087,gbrt_rs:dm_only
2010-05,0.0033023987362881296,0.002497421710197775,0.4024885130451775,gbrt_rs:dm_only
2010-06,0.0061576646774851385,0.005482177897770848,0.33774338985714486,gbrt_rs:dm_only
2010-07,0.0030164216015536494,0.00248158902689115,0.2674162873312493,gbrt_rs:dm_only
2010-08,0.006659072755645644,0.006059012326927751,0.30003021435894633,gbrt_rs:dm_only
2010-09,0.0031552105761948964,0.0025261155989885777,0.3145474886031594,gbrt_rs:dm_only
2010-10,0.003909268769117984,0.003271210711420068,0.3190290288489581,gbrt_rs:dm_only
2010-11,0.0047278125688218426,0.004154764618622312,0.2865239750997653,gbrt_rs:dm_only
2010-12,0.0036827843171662253,0.003120693697959564,0.28104530960333085,gbrt_rs:dm_only
2011-01,0.009356956479213167,0.008828985366153272,0.2639855565299478,gbrt_rs:dm_only
2011-02,0.004095862333730899,0.0036205440025501565,0.23765916559037117,gbrt_rs:dm_only
2011-03,0.0027505152820573074,0.0023179402623007815,0.21628750987826295,gbrt_rs:dm_only
2011-04,0.00669045200968813,0.006274883221350068,0.2077843941690312,gbrt_rs:dm_only
2011-05,0.007797281817936248,0.0073860900304470985,0.20559589374457385,gbrt_rs:dm_only
2011-06,0.004460294210927655,0.004042011606644847,0.20914130214140422,gbrt_rs:dm_only
2011-07,0.004065872698127539,0.0036817979097392237,0.19203739419415775,gbrt_rs:dm_only
2011-08,0.004705313266936438,0.004279343206153356,0.21298503039154068,gbrt_rs:dm_only
2011-09,0.0059125506908318595,0.0055055800685690015,0.20348531113142906,gbrt_rs:dm_only
2011-10,-0.0026569720269289075,-0.003199380195513795,0.2712040842924441,gbrt_rs:dm_only
2011-11,0.006159188065049542,0.005637240797635823,0.26097363370685944,gbrt_rs:dm_only
2011-12,0.005824012936878079,0.00534666773527126,0.2386726008034095,gbrt_rs:dm_only
2012-01,-0.0021710320512774825,-0.0027398779868808105,0.284422967801664,gbrt_rs:dm_only
2012-02,-0.0009786410975514517,-0.001307482909761233,0.16442090610489069,gbrt_rs:dm_only
2012-03,0.006371957808996409,0.005974991452663715,0.19848317816634659,gbrt_rs:dm_only
2012-04,0.004479286913825365,0.0040350478646186344,0.22211952460336512,gbrt_rs:dm_only
2012-05,0.005151071327765822,0.004834651814235765,0.15820975676502885,gbrt_rs:dm_only
2012-06,0.0013985640685141294,0.0011157768584406003,0.1413936050367645,gbrt_rs:dm_only
2012-07,0.004893956953086011,0.0046574532356056225,0.11825185874019432,gbrt_rs:dm_only
2012-08,0.008479647986999187,0.008222806486644573,0.128420750177307,gbrt_rs:dm_only
2012-09,0.00230898092437569,0.0020451469547880744,0.1319169847938078,gbrt_rs:dm_only
2012-10,0.0027170151575019405,0.002462761168195159,0.12712699465339064,gbrt_rs:dm_only
2012-11,0.0030518845279801175,0.0028027302084618695,0.1245771597591238,gbrt_rs:dm_only
2012-12,-0.00013235274774457524,-0.0003949573668139696,0.1313023095346972,gbrt_rs:dm_only
2013-01,0.005115861593042297,0.0047627100118415935,0.17657579060035172,gbrt_rs:dm_only
2013-02,0.005237381673219033,0.004826601101996005,0.20539028561151368,gbrt_rs:dm_only
2013-03,0.0070802595177043084,0.006675786317520531,0.20223660009188876,gbrt_rs:dm_only
2013-04,0.005959351443650505,0.005622888477963295,0.16823148284360503,gbrt_rs:dm_only
2013-05,0.007596438483121235,0.007241412312219525,0.17751308545085503,gbrt_rs:dm_only
2013-06,0.0036821890342952092,0.0032677483388608352,0.20722034771718684,gbrt_rs:dm_only
2013-07,0.0029936610527626986,0.0025475140948274188,0.22307347896763974,gbrt_rs:dm_only
2013-08,0.004046781840777448,0.00360044342475872,0.22316920800936432,gbrt_rs:dm_only
2013-09,0.0008964730532960096,0.00043192603157397717,0.23227351086101614,gbrt_rs:dm_only
2013-10,0.0021968562894449893,0.0017498185739650578,0.22351885773996572,gbrt_rs:dm_only
2013-11,0.0037382669217059404,0.0032643183626478293,0.23697427952905556,gbrt_rs:dm_only
2013-12,0.005979654318955166,0.005564376276241704,0.20763902135673123,gbrt_rs:dm_only
2014-01,0.003149284429127188,0.0027741333771005203,0.18757552601333388,gbrt_rs:dm_only
2014-02,0.0015374898024597809,0.0010548311793685176,0.2413293115456316,gbrt_rs:dm_only
2014-03,0.0013542795268309193,0.0009154919265652498,0.21939380013283458,gbrt_rs:dm_only
2014-04,0.005371314155120323,0.004905196797269913,0.23305867892520524,gbrt_rs:dm_only
2014-05,0.005464139653652515,0.004991232222655333,0.23645371549859073,gbrt_rs:dm_only
2014-06,0.00367820634331366,0.003182561771924802,0.24782228569442893,gbrt_rs:dm_only
2014-07,0.0011937946891205304,0.0006970524808699571,0.24837110412528662,gbrt_rs:dm_only
2014-08,0.0034256746941794887,0.0028739696140596613,0.27585254005991405,gbrt_rs:dm_only
2014-09,0.00602144139672856,0.005568310935197311,0.22656523076562474,gbrt_rs:dm_only
2014-10,0.003799104754287102,0.0033814574018667513,0.2088236762101755,gbrt_rs:dm_only
2014-11,0.006639467891459947,0.0062138743667533155,0.21279676235331577,gbrt_rs:dm_only
2014-12,0.0066128543483276485,0.0061980698580003275,0.20739224516366014,gbrt_rs:dm_only
2015-01,0.003689641666208927,0.0031933508375632936,0.24814541432281684,gbrt_rs:dm_only
2015-02,0.0010592013641134356,0.000567013625730776,0.2460938691913297,gbrt_rs:dm_only
2015-03,0.006091259394157515,0.005640478736654042,0.2253903287517365,gbrt_rs:dm_only
2015-04,-0.0037623286593797627,-0.0042402767850987415,0.23897406285948994,gbrt_rs:dm_only
2015-05,0.003334299480937884,0.0027457905989812623,0.2942544409783108,gbrt_rs:dm_only
2015-06,0.0019135407805472308,0.001371698003386516,0.2709213885803574,gbrt_rs:dm_only
2015-07,0.006061588110273189,0.005610528675893992,0.2255297171895984,gbrt_rs:dm_only
2015-08,0.0071884186864335856,0.006757471727808277,0.21547347931265368,gbrt_rs:dm_only
2015-09,0.0030675319597608048,0.002629581364199405,0.21897529778069977,gbrt_rs:dm_only
2015-10,0.0013615153824361112,0.000926016182078219,0.21774960017894607,gbrt_rs:dm_only
2015-11,0.009494858275208663,0.009024121431841411,0.23536842168362537,gbrt_rs:dm_only
2015-12,0.002907849603039455,0.0024627725427241293,0.22253853015766295,gbrt_rs:dm_only
2016-01,0.0014455552134274032,0.0008482559036393822,0.29864965489401024,gbrt_rs:dm_only
2016-02,-0.0019905873151844296,-0.0026533375239538356,0.3313751043847029,gbrt_rs:dm_only
2016-03,0.00044411825904622053,-0.0003833236751861828,0.4137209671162019,gbrt_rs:dm_only
2016-04,0.009439037508505502,0.008552259335071217,0.44338908671714256,gbrt_rs:dm_only
2016-05,0.002316233864524231,0.001584810216439084,0.3657118240425736,gbrt_rs:dm_only
2016-06,0.0008433865428952159,6.564927986301023e-05,0.3888686315161029,gbrt_rs:dm_only
2016-07,0.0031211549121604363,0.0024312210443781608,0.34496693389113764,gbrt_rs:dm_only
2016-08,0.005891089258734884,0.005161020191019275,0.3650345338578041,gbrt_rs:dm_only
2016-09,0.0032893611813660088,0.00260733357596923,0.3410138026983892,gbrt_rs:dm_only
2016-10,0.006215285906673138,0.005616577680742808,0.2993541129651651,gbrt_rs:dm_only
2016-11,0.004631506393513078,0.0040254659552239015,0.3030202191445884,gbrt_rs:dm_only
2016-12,0.0008333148884827663,0.0001367783749696991,0.3482682567565335,gbrt_rs:dm_only
2017-01,0.008776018684145416,0.008130017480729272,0.3230006017080727,gbrt_rs:dm_only
2017-02,0.0035654056684198687,0.0028978345539947235,0.3337855572125726,gbrt_rs:dm_only
2017-03,0.004205790898780374,0.003570222629585015,0.3177841345976794,gbrt_rs:dm_only
2017-04,0.0026953507408728435,0.0021550598366181584,0.2701454521273426,gbrt_rs:dm_only
2017-05,0.006641977665895253,0.006085554536527694,0.27821156468377967,gbrt_rs:dm_only
2017-06,0.0022961747235752425,0.0018088838600881735,0.24364543174353445,gbrt_rs:dm_only
2017-07,0.006384299765460826,0.005934745472200547,0.22477714663013965,gbrt_rs:dm_only
2017-08,0.005750892106147674,0.005220167280649747,0.2653624127489631,gbrt_rs:dm_only
2017-09,0.004469605738543238,0.003980068445480519,0.24476864653136013,gbrt_rs:dm_only
2017-10,0.004902001187730901,0.004409206710146644,0.24639723879212835,gbrt_rs:dm_only
2017-11,0.0014822028720666756,0.000991924304151821,0.24513928395742704,gbrt_rs:dm_only
2017-12,-0.0014940776950144049,-0.002006278163743979,0.25610023436478685,gbrt_rs:dm_only
2018-01,0.002385614967675116,0.0018125379117999978,0.28653852793755913,gbrt_rs:dm_only
2018-02,0.0055135070374728356,0.004946879958637636,0.2833135394176001,gbrt_rs:dm_only
2018-03,0.002461089100322302,0.00189877677882341,0.28115616074944594,gbrt_rs:dm_only
2018-04,0.004494408095907701,0.003946953772118003,0.27372716189484925,gbrt_rs:dm_only
2018-05,0.005165171956962325,0.004621037365347508,0.2720672958074084,gbrt_rs:dm_only
2018-06,0.0018115521210739381,0.0012840653038631684,0.2637434086053848,gbrt_rs:dm_only
2018-07,0.0022267554576530096,0.001738678811700018,0.24403832297649586,gbrt_rs:dm_only
2018-08,0.0033717142279557776,0.002859405654897504,0.25615428652913674,gbrt_rs:dm_only
2018-09,0.0027532730699129744,0.002279936651496844,0.23666820920806508,gbrt_rs:dm_only
2018-10,0.0045579882453500205,0.004063062476985655,0.24746288418218249,gbrt_rs:dm_only
2018-11,-0.0004357706118959694,-0.0009643439099531584,0.26428664902859433,gbrt_rs:dm_only
2018-12,0.004061416203653218,0.0034534122066334004,0.3040019985099093,gbrt_rs:dm_only
2019-01,0.0022042253035788684,0.0017311116054571668,0.23655684906085092,gbrt_rs:dm_only
2019-02,0.0013971882902339575,0.0009253738087703372,0.23590724073181024,gbrt_rs:dm_only
2019-03,0.0032483995286719993,0.002835346505370864,0.2065265116505677,gbrt_rs:dm_only
2019-04,0.0013849346245156811,0.0009651645509564035,0.20988503677963874,gbrt_rs:dm_only
2019-05,0.005704893838648662,0.005326056533259136,0.18941865269476316,gbrt_rs:dm_only
2019-06,0.003629977048910686,0.003246569091552369,0.1917039786791586,gbrt_rs:dm_only
2019-07,0.005902008539892174,0.005485989965470007,0.2080092872110835,gbrt_rs:dm_only
2019-08,0.0025932310754977254,0.0021795317672949825,0.20684965410137124,gbrt_rs:dm_only
2019-09,0.003065840846709006,0.0026703637250018535,0.1977385608535763,gbrt_rs:dm_only
2019-10,0.00297074852178008,0.0025775178333855126,0.19661534419728383,gbrt_rs:dm_only
2019-11,0.004898571170371174,0.0044617870570926674,0.21839205663925265,gbrt_rs:dm_only
2019-12,0.0034941345240324787,0.003084637601428145,0.20474846130216695,gbrt_rs:dm_only
2020-01,0.005977376013429561,0.005597825088862265,0.18977546228364803,gbrt_rs:dm_only
2020-02,0.00575514949125365,0.005512215460167298,0.12146701554317595,gbrt_rs:dm_only
2020-03,0.0031641496299503274,0.0029585307814632565,0.1028094242435353,gbrt_rs:dm_only
2020-04,-0.006058174700213662,-0.0063648784748900926,0.15335188733821511,gbrt_rs:dm_only
2020-05,0.0012303035836436908,0.0007385074574965268,0.24589806307358186,gbrt_rs:dm_only
2020-06,0.004670875323300127,0.0043751394538604355,0.14786793471984538,gbrt_rs:dm_only
2020-07,0.00467300939009185,0.004254158960560666,0.2094252147655923,gbrt_rs:dm_only
2020-08,0.007947981931442798,0.007552603707898078,0.1976891117723609,gbrt_rs:dm_only
2020-09,0.009093495626283867,0.008726544172627977,0.1834757268279449,gbrt_rs:dm_only
2020-10,0.005416394618144777,0.005014061680365947,0.20116646888941486,gbrt_rs:dm_only
2020-11,-0.0005320278169955117,-0.0009097434023198329,0.18885779266216074,gbrt_rs:dm_only
2020-12,0.004760721558390493,0.004315873744580805,0.22242390690484426,gbrt_rs:dm_only
2021-01,0.004629977439202879,0.0039857071591552495,0.3221351400238151,gbrt_rs:dm_only
2021-02,0.008141419122890594,0.007398498718418753,0.37146020223591986,gbrt_rs:dm_only
2021-03,0.01023229815729598,0.009582558356741896,0.32486990027704216,gbrt_rs:dm_only
2021-04,0.008024633054551741,0.00732923403163365,0.3476995114590454,gbrt_rs:dm_only
2021-05,0.007987393989184452,0.007226927844801743,0.3802330721913549,gbrt_rs:dm_only
2021-06,0.00602724816751787,0.005429505980900779,0.29887109330854505,gbrt_rs:dm_only
2021-07,0.0026713671994224933,0.002114086306539944,0.2786404464412748,gbrt_rs:dm_only
2021-08,0.00459388120556046,0.004056407873329528,0.26873666611546615,gbrt_rs:dm_only
2021-09,0.004965053767248957,0.004399311537076374,0.28287111508629087,gbrt_rs:dm_only
2021-10,0.004386990901608874,0.0038776065480943794,0.2546921767572475,gbrt_rs:dm_only
2021-11,0.0036833577826806364,0.00318971352748699,0.2468221275968234,gbrt_rs:dm_only
2021-12,0.005399985836131194,0.004860764857485712,0.269610489322741,gbrt_rs:dm_only
2022-01,0.010650237825919005,0.01010998666909594,0.2701255784115321,gbrt_rs:dm_only
2022-02,0.006725641771730905,0.006108448254203064,0.30859675876392,gbrt_rs:dm_only
2022-03,0.008100816460896065,0.007509959602794856,0.2954284290506041,gbrt_rs:dm_only
2022-04,0.008178629094753146,0.007678850148652646,0.24988947305025047,gbrt_rs:dm_only
2022-05,0.006067179487978753,0.005527756677554105,0.26971140521232406,gbrt_rs:dm_only
2022-06,0.004803609227767434,0.0042873556861392405,0.25812677081409663,gbrt_rs:dm_only
2022-07,-0.0009498161087995948,-0.0015020872710935574,0.2761355811469814,gbrt_rs:dm_only
2022-08,0.0005652436629904127,2.1193326868847488e-05,0.2720251680607825,gbrt_rs:dm_only
2022-09,0.006189945109474838,0.005597302227959357,0.29632144075774075,gbrt_rs:dm_only
2022-10,0.004574038274164598,0.004006203566051699,0.2839173540564492,gbrt_rs:dm_only
2022-11,0.00473576352341519,0.004192865502726259,0.2714490103444657,gbrt_rs:dm_only
2022-12,0.006696725215999353,0.006120320691875025,0.28820226206216376,gbrt_rs:dm_only
2023-01,0.0023895554557492476,0.0017044365754959128,0.3425594401266674,gbrt_rs:dm_only
2023-02,0.006820880669432594,0.006093258029063644,0.3638113201844753,gbrt_rs:dm_only
2023-03,0.005648447773537255,0.004982120324391081,0.3331637245730868,gbrt_rs:dm_only
2023-04,0.001208636581749459,0.0005245066552859123,0.3420649632317734,gbrt_rs:dm_only
2023-05,0.000993182915951535,0.0003314156751196952,0.3308836204159196,gbrt_rs:dm_only
2023-06,0.004415595688094882,0.0036709304703726464,0.3723326088611174,gbrt_rs:dm_only
2023-07,0.004300880341480838,0.0034784119673298168,0.4112341870755108,gbrt_rs:dm_only
2023-08,0.005153002399494896,0.0044159198711613895,0.368541264166753,gbrt_rs:dm_only
2023-09,0.007641715801855378,0.006954810123017613,0.343452839418883,gbrt_rs:dm_only
2023-10,0.007568668142078891,0.006921325158458807,0.3236714918100424,gbrt_rs:dm_only
2023-11,0.0007426023625807622,5.892131702203766e-05,0.34184052277936233,gbrt_rs:dm_only
2023-12,0.0052268254480569215,0.004463805120679628,0.3815101636886462,gbrt_rs:dm_only
2024-01,0.00783216135203649,0.007125186021538322,0.35348766524908326,gbrt_rs:dm_only
2024-02,0.006128741956697479,0.005307451659920828,0.4106451483883254,gbrt_rs:dm_only
2024-03,0.005355877490632362,0.004618208849539003,0.3688343205466797,gbrt_rs:dm_only
2024-04,0.00530322354495623,0.004516768387252359,0.39322757885193566,gbrt_rs:dm_only
2024-05,0.00846100365931647,0.00776070424177274,0.3501497087718637,gbrt_rs:dm_only
2024-06,0.004276553203169517,0.0035960723630731567,0.34024042004817995,gbrt_rs:dm_only
2024-07,0.0023767090593889008,0.0017953718529517971,0.2906686032185519,gbrt_rs:dm_only
2024-08,0.0066586575186195875,0.0059930006517659225,0.33282843342683244,gbrt_rs:dm_only
2024-09,0.0022204225609498015,0.001582958238605925,0.31873216117193814,gbrt_rs:dm_only
2024-10,0.0055344127376180064,0.004886779125472539,0.3238168060727333,gbrt_rs:dm_only
2024-11,0.00910300096736185,0.008429104623369835,0.33694817199600763,gbrt_rs:dm_only
2024-12,0.003552973718969448,0.00294152854516561,0.3057225869019193,gbrt_rs:dm_only
2025-01,0.0019717624564592885,0.0013989072134000706,0.2864276215296089,gbrt_rs:dm_only
2025-02,0.00439736532511325,0.0037930598225104388,0.30215275130140556,gbrt_rs:dm_only
2025-03,0.0038167449271562033,0.003240233554282597,0.2882556864368028,gbrt_rs:dm_only
2025-04,0.0017021351808239491,0.001086243089703589,0.3079460455601802,gbrt_rs:dm_only
2025-05,0.003312996655802577,0.0027184176040837144,0.2972895258594312,gbrt_rs:dm_only
2025-06,-0.0002893356883343713,-0.0008985983649207582,0.3046313382931934,gbrt_rs:dm_only
2025-07,0.002556946935622513,0.0018836824746147904,0.33663223050386115,gbrt_rs:dm_only
2025-08,0.006173131172907786,0.005513780836832025,0.32967516803788094,gbrt_rs:dm_only
2025-09,0.007283743989282634,0.006551092465976845,0.3663257616528945,gbrt_rs:dm_only
2025-10,0.0035603861911702533,0.002869209550944506,0.3455883201128736,gbrt_rs:dm_only
2025-11,0.003028736033807825,0.002310952901350626,0.35889156622859947,gbrt_rs:dm_only
2025-12,0.004519764911694511,0.0038138741490383603,0.3529453813280749,gbrt_rs:dm_only
2000-01,0.009122245780855263,0.009122245780855263,0.0,gbrt_rs:own
2000-02,0.011924014559085795,0.011726082537907977,0.0989660105889088,gbrt_rs:own
2000-03,0.009300996051532394,0.00908324124247675,0.1088774045278224,gbrt_rs:own
2000-04,-0.00337293025801016,-0.003563054724296766,0.09506223314330339,gbrt_rs:own
2000-05,-0.000321968629407971,-0.0007599769500615117,0.21900416032677023,gbrt_rs:own
2000-06,0.004009808439200977,0.003709213100892471,0.1502976691542528,gbrt_rs:own
2000-07,0.0056333735701792915,0.00546315872489598,0.08510742264165529,gbrt_rs:own
2000-08,0.008033247470708844,0.007881473823091819,0.07588682380851276,gbrt_rs:own
2000-09,0.004270364081998658,0.004132374538967001,0.06899477151582868,gbrt_rs:own
2000-10,0.00293415258756959,0.0027869297726842847,0.07361140744265288,gbrt_rs:own
2000-11,0.01189325264440289,0.011736764387739657,0.07824412833161724,gbrt_rs:own
2000-12,-0.004951511321713858,-0.005168009160253645,0.10824891926989288,gbrt_rs:own
2001-01,0.0029227309097786727,0.002656732174640801,0.1329993675689359,gbrt_rs:own
2001-02,0.011738199861084351,0.01144722542921213,0.14548721593610914,gbrt_rs:own
2001-03,0.01163734887679659,0.011350006705986784,0.14367108540490334,gbrt_rs:own
2001-04,-0.0010113492559179816,-0.0012475363311259641,0.11809353760399136,gbrt_rs:own
2001-05,0.012779924224639326,0.01244896621835672,0.16547900314130226,gbrt_rs:own
2001-06,0.0075015745842138,0.007280566316228191,0.1105041339928048,gbrt_rs:own
2001-07,0.015760248032286896,0.015513478498996555,0.12338476664517055,gbrt_rs:own
2001-08,0.003109411301922276,0.0028769299174816712,0.11624069222030257,gbrt_rs:own
2001-09,0.0053781503775138855,0.0051660304859418955,0.1060599457859957,gbrt_rs:own
2001-10,-0.0003194640339443557,-0.0007120932190873082,0.19631459257147615,gbrt_rs:own
2001-11,0.007300990673687283,0.00707787111190245,0.11155978089241639,gbrt_rs:own
2001-12,0.003381759130255757,0.003089583534114143,0.1460877980708068,gbrt_rs:own
2002-01,0.0029193117217144156,0.0024137317080845867,0.25279000681491426,gbrt_rs:own
2002-02,0.0024443790021015407,0.001939210392259381,0.2525843049210801,gbrt_rs:own
2002-03,0.0014827803176103468,0.0009347434814583631,0.2740184180759917,gbrt_rs:own
2002-04,0.010909915203263136,0.010345851122809679,0.2820320402267284,gbrt_rs:own
2002-05,0.005458254556128978,0.004941830290291532,0.25821213291872375,gbrt_rs:own
2002-06,0.008221480975489113,0.007785493642330278,0.21799366657941738,gbrt_rs:own
2002-07,0.010154066164306995,0.009716327307365607,0.21886942847069302,gbrt_rs:own
2002-08,0.006475307249679659,0.006030406289630122,0.22245048002476867,gbrt_rs:own
2002-09,0.010039127310143245,0.009597076247020938,0.22102553156115318,gbrt_rs:own
2002-10,0.006171222812854033,0.0057051313725725635,0.23304572014073405,gbrt_rs:own
2002-11,0.0030548971757173183,0.002670284355014654,0.19230641035133222,gbrt_rs:own
2002-12,0.002098879938311517,0.0017095509878313612,0.19466447524007816,gbrt_rs:own
2003-01,0.011447395784821306,0.011064528754519992,0.19143351515065613,gbrt_rs:own
2003-02,0.0019249601559160497,0.0017626455596782746,0.08115729811888732,gbrt_rs:own
2003-03,0.00774888116212627,0.007630975419545264,0.058952871290502765,gbrt_rs:own
2003-04,0.0007818687851043379,0.000640162601137754,0.07085309198329204,gbrt_rs:own
2003-05,0.018203827479389534,0.017906503837556802,0.14866182091636715,gbrt_rs:own
2003-06,0.008433132744003266,0.008253456693530963,0.0898380252361512,gbrt_rs:own
2003-07,0.013119676834667084,0.01297906949177108,0.07030367144800213,gbrt_rs:own
2003-08,0.00871507236384224,0.008503217057875108,0.10592765298356605,gbrt_rs:own
2003-09,-0.0023883591664213763,-0.0027936158091431294,0.20262832136087652,gbrt_rs:own
2003-10,0.004068286609392121,0.0038936774413493216,0.08730458402139993,gbrt_rs:own
2003-11,0.0158842248067916,0.01574447605499653,0.0698743758975349,gbrt_rs:own
2003-12,-0.0017812383337871894,-0.0019191764404018364,0.06896905330732332,gbrt_rs:own
2004-01,0.007959136269361152,0.007666956548821742,0.14608986026970494,gbrt_rs:own
2004-02,0.002900087125710347,0.002552760053775632,0.17366353596735767,gbrt_rs:own
2004-03,0.008177550940152059,0.007905706517043747,0.13592221155415662,gbrt_rs:own
2004-04,0.014787067623203937,0.01457519841873925,0.10593460223234424,gbrt_rs:own
2004-05,-0.002175655701949625,-0.0024810934608529797,0.15271887945167717,gbrt_rs:own
2004-06,-0.004787989542879888,-0.005026123445896332,0.11906695150822205,gbrt_rs:own
2004-07,0.007542721479505482,0.0073026108666446495,0.12005530643041597,gbrt_rs:own
2004-08,0.009422845745322045,0.009184292734042051,0.11927650563999645,gbrt_rs:own
2004-09,0.011443718589741414,0.011196461830478151,0.12362837963163104,gbrt_rs:own
2004-10,-0.0011232419265689228,-0.0013493848572826302,0.11307146535685358,gbrt_rs:own
2004-11,0.0016379834817117592,0.0013880119926127379,0.12498574454951054,gbrt_rs:own
2004-12,0.004779695410067767,0.0045171930788117315,0.13125116562801753,gbrt_rs:own
2005-01,0.003802863062477742,0.0034081545520510165,0.19735425521336253,gbrt_rs:own
2005-02,0.0060459467411269965,0.005799066358732508,0.12344019119724398,gbrt_rs:own
2005-03,0.0004700231535452885,0.0002175687878267105,0.12622718285928897,gbrt_rs:own
2005-04,0.004077064447420406,0.003838150107722705,0.11945716984885071,gbrt_rs:own
2005-05,0.006302916686852226,0.006018587911586409,0.14216438763290792,gbrt_rs:own
2005-06,0.0027773601708357765,0.002458867841905593,0.15924616446509157,gbrt_rs:own
2005-07,0.002085393132616287,0.00183629202825559,0.12455055218034855,gbrt_rs:own
2005-08,0.00972482414846595,0.009468153889432732,0.12833512951660872,gbrt_rs:own
2005-09,-0.0015830080184827465,-0.0019139592373444638,0.16547560943085865,gbrt_rs:own
2005-10,0.00452329497553494,0.004262051287324721,0.13062184410510969,gbrt_rs:own
2005-11,0.0019333546206318718,0.001695780239773079,0.11878719042939634,gbrt_rs:own
2005-12,0.0019235518629955324,0.001691026003844912,0.1162629295753102,gbrt_rs:own
2006-01,0.015459681613995102,0.014991437280951654,0.23412216652172452,gbrt_rs:own
2006-02,0.012119596505200468,0.011281599031007495,0.4189987370964865,gbrt_rs:own
2006-03,-0.00902820739055693,-0.009626965990562883,0.29937930000297686,gbrt_rs:own
2006-04,0.007541586449226446,0.006873678520713789,0.33395396425632884,gbrt_rs:own
2006-05,0.010384126127619018,0.009732163891355165,0.3259811181319264,gbrt_rs:own
2006-06,0.012324455120698328,0.011703678149329842,0.3103884856842427,gbrt_rs:own
2006-07,0.002017586246174445,0.0013242394361280393,0.3466734050232027,gbrt_rs:own
2006-08,0.0019984154666188698,0.0013367610999956096,0.3308271833116299,gbrt_rs:own
2006-09,0.007480852004607963,0.006868588762766666,0.306131620920649,gbrt_rs:own
2006-10,0.00026265913666024377,-0.000238233785202416,0.2504464609313299,gbrt_rs:own
2006-11,0.007269507309629292,0.006680577401512272,0.2944649540585097,gbrt_rs:own
2006-12,0.005840576513899629,0.005312634290924135,0.2639711114877473,gbrt_rs:own
2007-01,0.009042632475642624,0.008271010242529256,0.38581111655668393,gbrt_rs:own
2007-02,0.005813541768287095,0.0049100859884478,0.45172788991964763,gbrt_rs:own
2007-03,0.0020924402101971354,0.0011919678276999775,0.45023619124857917,gbrt_rs:own
2007-04,0.012602629875675004,0.011633455508604684,0.48458718353515995,gbrt_rs:own
2007-05,0.006257238250840677,0.005461834770743949,0.3977017400483645,gbrt_rs:own
2007-06,0.0013811816420771128,0.0004856056809118068,0.44778798058265307,gbrt_rs:own
2007-07,0.005079175496554415,0.00400036243339655,0.5394065315789326,gbrt_rs:own
2007-08,0.0040664642237782335,0.003081692833606432,0.4923856950859006,gbrt_rs:own
2007-09,0.0005644256736031344,-0.0002847933190272531,0.4246094963151936,gbrt_rs:own
2007-10,-0.004706962679120701,-0.005542497602071442,0.41776746147537014,gbrt_rs:own
2007-11,0.004000182566331153,0.0031532071504943313,0.4234877079184111,gbrt_rs:own
2007-12,0.00850340754037053,0.00768204876815091,0.41067938610981064,gbrt_rs:own
2008-01,0.004974229789975291,0.004241532816224693,0.3663484868752991,gbrt_rs:own
2008-02,0.002017192076126894,0.0012128205578335908,0.4021857591466515,gbrt_rs:own
2008-03,0.006314206198675063,0.005560160707105466,0.3770227457847982,gbrt_rs:own
2008-04,0.0019726598508439342,0.0012493440405597332,0.3616579051421005,gbrt_rs:own
2008-05,0.0016707345072837776,0.0008547869076491138,0.40797379981733184,gbrt_rs:own
2008-06,0.00731127386354179,0.006537224937005202,0.3870244632682938,gbrt_rs:own
2008-07,0.0025500922396383963,0.0018607538461951551,0.34466919672162044,gbrt_rs:own
2008-08,0.006735052961346548,0.005971398569758767,0.38182719579389046,gbrt_rs:own
2008-09,0.008267714648311764,0.007692856830630451,0.2874289088406565,gbrt_rs:own
2008-10,0.015408790638970753,0.014795555113688075,0.3066177626413386,gbrt_rs:own
2008-11,0.007074377981895838,0.006350720460703191,0.3618287605963239,gbrt_rs:own
2008-12,0.0074647980217617945,0.006727298991358461,0.3687495152016662,gbrt_rs:own
2009-01,0.007944737897031982,0.006984331606610553,0.4802031452107139,gbrt_rs:own
2009-02,0.00855835663679677,0.007625356783704828,0.46649992654597,gbrt_rs:own
2009-03,0.0001453177419215254,-0.0007617864558618559,0.4535520988916906,gbrt_rs:own
2009-04,-0.009045566944070535,-0.010114761969859635,0.5345975128945507,gbrt_rs:own
2009-05,0.006744028859950389,0.0052504158389206435,0.7468065105148728,gbrt_rs:own
2009-06,-0.0013116477302660304,-0.002702604402971213,0.6954783363525915,gbrt_rs:own
2009-07,0.0022841925716685072,0.0008654829685006321,0.7093548015839375,gbrt_rs:own
2009-08,0.0042941268357626315,0.0030910134348342377,0.6015567004641971,gbrt_rs:own
2009-09,0.0051585403872917365,0.0041280767581556,0.515231814568068,gbrt_rs:own
2009-10,0.0043479088772727555,0.0033753106263806065,0.4862991254460742,gbrt_rs:own
2009-11,0.0046280178110883405,0.003588535590335,0.5197411103766701,gbrt_rs:own
2009-12,0.001657015577579495,0.00071162169714412,0.4726969402176877,gbrt_rs:own
2010-01,0.005804744521032565,0.004905999420619798,0.44937255020638395,gbrt_rs:own
2010-02,0.0033548323695997526,0.0027321274402279556,0.3113524646858983,gbrt_rs:own
2010-03,0.005143664555420253,0.00457413118704672,0.2847666841867666,gbrt_rs:own
2010-04,0.00952806065216903,0.008960267871050583,0.28389639055922417,gbrt_rs:own
2010-05,0.002327242630248674,0.0017842881967376758,0.27147721675549924,gbrt_rs:own
2010-06,0.0046139300033976784,0.004060155573834863,0.2768872147814077,gbrt_rs:own
2010-07,0.0033365120237647773,0.002839213414642429,0.2486493045611738,gbrt_rs:own
2010-08,0.005455694326022307,0.004912234515192859,0.2717299054147237,gbrt_rs:own
2010-09,0.0033746019027893048,0.002837635349900393,0.26848327644445563,gbrt_rs:own
2010-10,0.0030830474965759967,0.0025370667412318343,0.27299037767208106,gbrt_rs:own
2010-11,0.0038232793963520932,0.0033204789330433314,0.2514002316543813,gbrt_rs:own
2010-12,0.0031655620255638677,0.002679718449241436,0.24292178816121598,gbrt_rs:own
2011-01,0.009516435654601491,0.008990718343803761,0.26285865539886466,gbrt_rs:own
2011-02,0.0037233066002639653,0.0031773640592360625,0.2729712705139515,gbrt_rs:own
2011-03,0.0026386258417600097,0.0021547071115603235,0.24195936509984306,gbrt_rs:own
2011-04,0.006495718896674269,0.006036451899469217,0.2296334986025258,gbrt_rs:own
2011-05,0.00774657487036766,0.007275335568180265,0.23561965109369698,gbrt_rs:own
2011-06,0.004369778459221435,0.003912602073566865,0.22858819282728496,gbrt_rs:own
2011-07,0.004047589460204702,0.0036325723209279783,0.20750856963836206,gbrt_rs:own
2011-08,0.004425897400632085,0.003957631040132777,0.2341331802496533,gbrt_rs:own
2011-09,0.005605564714799659,0.0051391650609682185,0.23319982691572078,gbrt_rs:own
2011-10,-0.0029490781735310575,-0.0035375378866574748,0.29422985656320905,gbrt_rs:own
2011-11,0.005508462844665928,0.004918400533768621,0.2950311554486533,gbrt_rs:own
2011-12,0.005636197337875208,0.005098550690319276,0.2688233237779661,gbrt_rs:own
2012-01,-0.0033828760799129655,-0.0039403948761887716,0.2787593981379033,gbrt_rs:own
2012-02,-0.0010313945529862771,-0.0015898783391158733,0.27924189306479824,gbrt_rs:own
2012-03,0.004568109167841848,0.003934746804874158,0.3166811814838447,gbrt_rs:own
2012-04,0.0051237178861904984,0.004459841975140117,0.3319379555251907,gbrt_rs:own
2012-05,0.00575710485964434,0.005235616861487919,0.2607439990782098,gbrt_rs:own
2012-06,0.0015543109418754576,0.001115402162488981,0.21945438969323833,gbrt_rs:own
2012-07,0.005068376682146202,0.004693024171064276,0.18767625554096273,gbrt_rs:own
2012-08,0.008715138414714788,0.008315013054137252,0.20006268028876814,gbrt_rs:own
2012-09,0.002523889507544817,0.0021166031011245747,0.20364320321012125,gbrt_rs:own
2012-10,0.0024992302867353775,0.0020796234562055886,0.20980341526489435,gbrt_rs:own
2012-11,0.0033596630115721917,0.0029247698738321566,0.2174465688700175,gbrt_rs:own
2012-12,0.00036554714522976645,-6.526530110444118e-05,0.21540622316710378,gbrt_rs:own
2013-01,0.004601954358130565,0.004079668822516193,0.2611427678071863,gbrt_rs:own
2013-02,0.005959699299518937,0.005392084705364155,0.2838072970773911,gbrt_rs:own
2013-03,0.007809278115927486,0.007266288378544115,0.2714948686916845,gbrt_rs:own
2013-04,0.00631774226670376,0.005858587868676856,0.2295771990134518,gbrt_rs:own
2013-05,0.008249042965040818,0.007728422414004358,0.26031027551822955,gbrt_rs:own
2013-06,0.0042345452539082114,0.003637216215134694,0.29866451938675886,gbrt_rs:own
2013-07,0.0034868792117768513,0.0028594836486669386,0.31369778155495615,gbrt_rs:own
2013-08,0.004692246853794892,0.004069955885764549,0.31114548401517184,gbrt_rs:own
2013-09,0.0006282950302393059,-2.6303092487962217e-05,0.3272990613636341,gbrt_rs:own
2013-10,0.0018540831968647054,0.0012202531670353711,0.31691501491466695,gbrt_rs:own
2013-11,0.003444943953172967,0.002832721587474871,0.30611118284904815,gbrt_rs:own
2013-12,0.005962892275065757,0.005383494614300808,0.2896988303824742,gbrt_rs:own
2014-01,0.00322961640672456,0.0027394308468812302,0.24509277992166484,gbrt_rs:own
2014-02,0.0016115097429380313,0.00101574308106232,0.29788333093785574,gbrt_rs:own
2014-03,0.001555793005871963,0.0010029068236235361,0.2764430911242134,gbrt_rs:own
2014-04,0.005718224309708395,0.0051516984741926735,0.2832629177578608,gbrt_rs:own
2014-05,0.005328346733750862,0.004796634086361066,0.2658563236948974,gbrt_rs:own
2014-06,0.004086815801200038,0.003540183968362161,0.27331591641893865,gbrt_rs:own
2014-07,0.0022284001049005433,0.0016674355255061,0.28048228969722155,gbrt_rs:own
2014-08,0.0031746600805001284,0.0025794969162311453,0.29758158213449126,gbrt_rs:own
2014-09,0.005751191731716492,0.005204583670495231,0.27330403061063024,gbrt_rs:own
2014-10,0.0042864861601865,0.0037710237244159826,0.2577312178852586,gbrt_rs:own
2014-11,0.006672736339124094,0.0061824434624831205,0.24514643832048666,gbrt_rs:own
2014-12,0.007472442939211139,0.006981756234588424,0.24534335231135732,gbrt_rs:own
2015-01,0.0036688704109063843,0.0031235261502739423,0.272672130316221,gbrt_rs:own
2015-02,0.0009394251896042313,0.0003771827040845726,0.28112124275982936,gbrt_rs:own
2015-03,0.006591301553220352,0.006070198901832605,0.26055132569387357,gbrt_rs:own
2015-04,-0.0038822884758061694,-0.0044004447573006075,0.25907814074721913,gbrt_rs:own
2015-05,0.0028738949625666064,0.002195406635106294,0.3392441637301565,gbrt_rs:own
2015-06,0.002421914446565537,0.0017873376988183068,0.31728837387361497,gbrt_rs:own
2015-07,0.006246215038641099,0.005730775958902562,0.2577195398692683,gbrt_rs:own
2015-08,0.007226179245512423,0.00672062771670125,0.25277576440558625,gbrt_rs:own
2015-09,0.0029708118236920996,0.0024708854624431722,0.24996318062446352,gbrt_rs:own
2015-10,0.0014400316256185247,0.0009141671325394237,0.26293224653955055,gbrt_rs:own
2015-11,0.009801014034412005,0.009243642537777097,0.27868574831745346,gbrt_rs:own
2015-12,0.00299356549783807,0.00246919295024925,0.2621862737944101,gbrt_rs:own
2016-01,0.0018716433691133502,0.0013623310175080786,0.2546561758026357,gbrt_rs:own
2016-02,-0.001323525492751588,-0.0017885608155736405,0.23251766141102612,gbrt_rs:own
2016-03,9.84075235457105e-06,-0.0005828309269969923,0.2963358396757816,gbrt_rs:own
2016-04,0.00900351787706263,0.008327087115435719,0.3382153808134554,gbrt_rs:own
2016-05,0.002526839455319211,0.001981819927653326,0.2725097638329429,gbrt_rs:own
2016-06,0.0011823435072029552,0.0006547525770475591,0.2637954650776981,gbrt_rs:own
2016-07,0.0042067856797386675,0.0037479879325748844,0.22939887358189143,gbrt_rs:own
2016-08,0.005609557548414613,0.005121487610535667,0.24403496893947296,gbrt_rs:own
2016-09,0.003473466045049377,0.002982066790734159,0.24569962715760907,gbrt_rs:own
2016-10,0.00619841080874755,0.005794253295715945,0.20207875651580334,gbrt_rs:own
2016-11,0.00481357925474593,0.004397534401757801,0.20802242649406483,gbrt_rs:own
2016-12,0.0011161115053273077,0.0006190937218772233,0.24850889172504223,gbrt_rs:own
2017-01,0.008362999028202799,0.007909080990477243,0.2269590188627788,gbrt_rs:own
2017-02,0.0034643454894062314,0.0029715332814734003,0.24640610396641555,gbrt_rs:own
2017-03,0.004462620169962396,0.003987730767996814,0.2374447009827907,gbrt_rs:own
2017-04,0.003061043501255487,0.002678935277026471,0.19105411211450804,gbrt_rs:own
2017-05,0.0064792337950854255,0.006088121733708942,0.1955560306882421,gbrt_rs:own
2017-06,0.002070499636150478,0.001738644783764875,0.16592742619280146,gbrt_rs:own
2017-07,0.0064878682582908635,0.006153257260700627,0.16730549879511813,gbrt_rs:own
2017-08,0.005729134308994117,0.005338758962192025,0.19518767340104648,gbrt_rs:own
2017-09,0.004502041860155405,0.004142175534284982,0.17993316293521164,gbrt_rs:own
2017-10,0.004609329118479265,0.004244829806237917,0.18224965612067456,gbrt_rs:own
2017-11,0.001918576202794685,0.0015589650197862205,0.1798055915042323,gbrt_rs:own
2017-12,-0.0015172540466795096,-0.0018990796163621184,0.19091278484130447,gbrt_rs:own
2018-01,0.002501482498007688,0.0021131056231353377,0.19418843743617534,gbrt_rs:own
2018-02,0.005362420297273709,0.005019453846382834,0.17148322544543795,gbrt_rs:own
2018-03,0.0029298234580872745,0.002578686399566009,0.1755685292606331,gbrt_rs:own
2018-04,0.0038645165888359506,0.0035390479462014722,0.1627343213172387,gbrt_rs:own
2018-05,0.005509567116130864,0.005163279357111963,0.17314387950945068,gbrt_rs:own
2018-06,0.0018058743798020133,0.001453301536857546,0.17628642147223356,gbrt_rs:own
2018-07,0.0023812924028534504,0.002071547264851411,0.15487256900101973,gbrt_rs:own
2018-08,0.0033929010941509325,0.003068014360001134,0.16244336707489912,gbrt_rs:own
2018-09,0.0024921577300002773,0.00220265421447569,0.14475175776229363,gbrt_rs:own
2018-10,0.004523839400715726,0.004226621869204364,0.14860876575568135,gbrt_rs:own
2018-11,-7.481552994725529e-06,-0.00033902002737571063,0.16576923719049252,gbrt_rs:own
2018-12,0.0038957407726010946,0.003533978120391816,0.1808813261046394,gbrt_rs:own
2019-01,0.0021861191676607003,0.0017847500160189987,0.20068457582085084,gbrt_rs:own
2019-02,0.0015558966207228214,0.0010528729660634697,0.25151182732967603,gbrt_rs:own
2019-03,0.0034022831586970463,0.0029488279314649336,0.22672761361605626,gbrt_rs:own
2019-04,0.0014199138593359428,0.0009719794293093574,0.22396721501329273,gbrt_rs:own
2019-05,0.005759133585367765,0.005360105509691678,0.19951403783804328,gbrt_rs:own
2019-06,0.003498902442640074,0.0030886131574321546,0.20514464260395976,gbrt_rs:own
2019-07,0.006075948929041741,0.0056380309772499125,0.21895897589591432,gbrt_rs:own
2019-08,0.0025273677639476642,0.002102145860132783,0.2126109519074407,gbrt_rs:own
2019-09,0.003171124888717737,0.0027652910970829185,0.20291689581740915,gbrt_rs:own
2019-10,0.003025939160875306,0.0026219785285251274,0.20198031617508952,gbrt_rs:own
2019-11,0.004804815290173245,0.004348312278460321,0.22825150585646206,gbrt_rs:own
2019-12,0.0033124849527524274,0.0028750978385155656,0.21869355711843108,gbrt_rs:own
2020-01,0.006134316367434636,0.005698030976940727,0.21814269524695395,gbrt_rs:own
2020-02,0.005889727486741134,0.005503875440441529,0.1929260231498029,gbrt_rs:own
2020-03,0.004053803630202511,0.003716052874891095,0.16887537765570768,gbrt_rs:own
2020-04,-0.008428914814329065,-0.008891537817850534,0.2313115017607342,gbrt_rs:own
2020-05,0.001583958785923946,0.0007853724433681428,0.39929317127790154,gbrt_rs:own
2020-06,0.004715455215213697,0.004157998979910452,0.2787281176516227,gbrt_rs:own
2020-07,0.0027750877190582932,0.0022476848092477467,0.2637014549052731,gbrt_rs:own
2020-08,0.005083461231960038,0.004554057933948892,0.264701649005573,gbrt_rs:own
2020-09,0.00853266109715548,0.00805760363244539,0.23752873235504576,gbrt_rs:own
2020-10,0.0061851131194341,0.005754494230898683,0.21530944426770893,gbrt_rs:own
2020-11,-0.0031432142271092425,-0.0036175534083701393,0.23716959063044837,gbrt_rs:own
2020-12,0.005587951710392545,0.004973798654344588,0.3070765280239787,gbrt_rs:own
2021-01,0.004721409849452277,0.004160649080898845,0.28038038427671635,gbrt_rs:own
2021-02,0.006678836938163365,0.006150411995792477,0.26421247118544416,gbrt_rs:own
2021-03,0.009924919131111905,0.009409492048023,0.2577135415444514,gbrt_rs:own
2021-04,0.00849165424547786,0.00794701951420432,0.2723173656367695,gbrt_rs:own
2021-05,0.007499562369654678,0.006906972317243149,0.2962950262057647,gbrt_rs:own
2021-06,0.004923232532963895,0.004436183362895522,0.2435245850341863,gbrt_rs:own
2021-07,0.002112214813515591,0.0016433279978414115,0.2344434078370898,gbrt_rs:own
2021-08,0.0048046018482400775,0.004336476832032547,0.23406250810376558,gbrt_rs:own
2021-09,0.0050336958461731935,0.004537538354394683,0.24807874588925524,gbrt_rs:own
2021-10,0.004384830775198356,0.003921742219255632,0.23154427797136215,gbrt_rs:own
2021-11,0.0036768655038992067,0.003238092365606902,0.21938656914615226,gbrt_rs:own
2021-12,0.005622221842278381,0.005094798250757708,0.2637117957603366,gbrt_rs:own
2022-01,0.01069934277624201,0.010301924698684918,0.1987090387785463,gbrt_rs:own
2022-02,0.006059732225386535,0.0056645436365772095,0.19759429440466256,gbrt_rs:own
2022-03,0.006346346939920333,0.005989665852495662,0.17834054371233515,gbrt_rs:own
2022-04,0.007398815206324943,0.007077124084505632,0.16084556090965474,gbrt_rs:own
2022-05,0.00547315653246118,0.005144923505537426,0.16411651346187697,gbrt_rs:own
2022-06,0.004745575300982738,0.0044119989921087305,0.16678815443700376,gbrt_rs:own
2022-07,0.00024455743088094514,-0.00012196807898896054,0.1832627549349529,gbrt_rs:own
2022-08,0.002264973479423956,0.0019073902905054805,0.17879159445923784,gbrt_rs:own
2022-09,0.006152491971863707,0.0057608151384565855,0.1958384167035604,gbrt_rs:own
2022-10,0.0036134581542710434,0.003265157956650212,0.174150098810416,gbrt_rs:own
2022-11,0.004551422447286796,0.00421481369155988,0.16830437786345798,gbrt_rs:own
2022-12,0.00653666556061925,0.006177010144672378,0.17982770797343653,gbrt_rs:own
2023-01,0.0021543167303225007,0.0014960961513544831,0.32911028948400867,gbrt_rs:own
2023-02,0.0068294964126903645,0.006174051962557073,0.3277222250666456,gbrt_rs:own
2023-03,0.005810738431427637,0.005213209355727221,0.2987645378502081,gbrt_rs:own
2023-04,0.001110474368859276,0.0005351025731867687,0.2876858978362535,gbrt_rs:own
2023-05,0.0018858527228619215,0.0012975628812905394,0.2941449207856912,gbrt_rs:own
2023-06,0.004672732121532721,0.00398870257012027,0.3420147757062258,gbrt_rs:own
2023-07,0.0035956641662515626,0.0028556132615913544,0.37002545233010375,gbrt_rs:own
2023-08,0.005609666204037882,0.004948860306463029,0.33040294878742604,gbrt_rs:own
2023-09,0.007118084864646923,0.0065037088324063986,0.30718801612026186,gbrt_rs:own
2023-10,0.007184419279736739,0.006652798167925841,0.26581055590544883,gbrt_rs:own
2023-11,0.0011658466203904527,0.0005999255134515185,0.28296055346946725,gbrt_rs:own
2023-12,0.004984831654063906,0.00431877549889547,0.33302807758421815,gbrt_rs:own
2024-01,0.008198301112186744,0.007571541348264297,0.31337988196122324,gbrt_rs:own
2024-02,0.00583546094241293,0.005178500726540956,0.3284801079359871,gbrt_rs:own
2024-03,0.005801988229522414,0.005212418586702061,0.29478482141017665,gbrt_rs:own
2024-04,0.005095399493247499,0.004466488658135955,0.3144554175557722,gbrt_rs:own
2024-05,0.008344518733236364,0.007790877777868143,0.27682047768411083,gbrt_rs:own
2024-06,0.0033215366938435377,0.002736727136903462,0.2924047784700376,gbrt_rs:own
2024-07,0.002878400833972019,0.002349647980813555,0.2643764265792323,gbrt_rs:own
2024-08,0.006119113028973907,0.005563896641204347,0.27760819388478003,gbrt_rs:own
2024-09,0.002499914950092518,0.00196274554501909,0.26858470253671424,gbrt_rs:own
2024-10,0.005925422945555959,0.005371570015578115,0.27692646498892165,gbrt_rs:own
2024-11,0.00881406875330427,0.008235623314882942,0.28922271921066395,gbrt_rs:own
2024-12,0.0038672527966466946,0.003330537872925906,0.2683574618603943,gbrt_rs:own
2025-01,0.001752442409904089,0.0011789324172815033,0.286754996311293,gbrt_rs:own
2025-02,0.004423229967758337,0.003760797047112649,0.3312164603228442,gbrt_rs:own
2025-03,0.0037974945880136224,0.0031566333823052363,0.32043060285419295,gbrt_rs:own
2025-04,0.0017254650836721465,0.001048583224334377,0.3384409296688847,gbrt_rs:own
2025-05,0.0030816186429071923,0.002421590428872036,0.3300141070175782,gbrt_rs:own
2025-06,-5.017520415520978e-05,-0.0007269449138933212,0.33838485486905584,gbrt_rs:own
2025-07,0.0031564061539633213,0.002431834985093325,0.3622855844349981,gbrt_rs:own
2025-08,0.006237624884663993,0.005521707338391623,0.3579587731361851,gbrt_rs:own
2025-09,0.0036613372737725426,0.0028963306142821554,0.3825033297451936,gbrt_rs:own
2025-10,0.003618572533607967,0.002928985646084524,0.3447934437617215,gbrt_rs:own
2025-11,0.0033034576175939453,0.002579213653956303,0.3621219818188208,gbrt_rs:own
2025-12,0.005050408054857195,0.004324576773780947,0.3629156405381241,gbrt_rs:own
2000-01,0.006183980178656898,0.006183980178656898,0.0,gbrt_rs:pooled
2000-02,0.011643433871901096,0.00991354890216267,0.8649424848692133,gbrt_rs:pooled
2000-03,0.004847032139344509,0.0032998895995489668,0.7735712698977711,gbrt_rs:pooled
2000-04,0.0004335568361776961,-0.001255306450596743,0.8444316433872194,gbrt_rs:pooled
2000-05,0.006757273835331232,0.005025570841383579,0.8658514969738266,gbrt_rs:pooled
2000-06,-0.0007193412659328606,-0.002244558073370716,0.7626084037189277,gbrt_rs:pooled
2000-07,0.0065101504318882805,0.005097716040667484,0.7062171956103984,gbrt_rs:pooled
2000-08,0.0044431724319761905,0.003140545907767441,0.6513132621043748,gbrt_rs:pooled
2000-09,0.005496630134408522,0.0041017889948977955,0.6974205697553635,gbrt_rs:pooled
2000-10,0.01050491251509396,0.009321031422658443,0.5919405462177585,gbrt_rs:pooled
2000-11,0.0029855145804453254,0.0018426193848378922,0.5714475978037163,gbrt_rs:pooled
2000-12,0.0037692657891886024,0.0026305647029016854,0.5693505431434585,gbrt_rs:pooled
2001-01,-0.019323644804790745,-0.02069837711180383,0.6873661535065418,gbrt_rs:pooled
2001-02,0.013230238222111933,0.011464841936932804,0.8826981425895652,gbrt_rs:pooled
2001-03,0.029320674352181636,0.027609751614126363,0.8554613690276378,gbrt_rs:pooled
2001-04,0.0015857783053515888,0.0003702343501796041,0.6077719775859926,gbrt_rs:pooled
2001-05,0.009245564154806029,0.007815504703445586,0.7150297256802215,gbrt_rs:pooled
2001-06,0.007046661872212962,0.005761193987349351,0.6427339424318055,gbrt_rs:pooled
2001-07,0.011682143338265522,0.010458316655001692,0.6119133416319144,gbrt_rs:pooled
2001-08,0.002119708487405469,0.0009686487382927928,0.5755298745563385,gbrt_rs:pooled
2001-09,0.011569181912437759,0.010390263049318465,0.5894594315596475,gbrt_rs:pooled
2001-10,-0.009655584669341832,-0.010948026638660601,0.6462209846593848,gbrt_rs:pooled
2001-11,0.00982774144485868,0.008373268424339901,0.72723651025939,gbrt_rs:pooled
2001-12,0.007698480432708846,0.006152674142993247,0.7729031448577995,gbrt_rs:pooled
2002-01,0.0035925820231392613,0.0018661676906906815,0.8632071662242901,gbrt_rs:pooled
2002-02,0.00484867171165619,0.003710922860091901,0.5688744257821446,gbrt_rs:pooled
2002-03,0.011612048009034728,0.010414248774803677,0.5988996171155249,gbrt_rs:pooled
2002-04,0.015129429877315905,0.01408910113011613,0.5201643735998874,gbrt_rs:pooled
2002-05,0.006551131090710774,0.005434366378847792,0.5583823559314912,gbrt_rs:pooled
2002-06,0.017771445683531093,0.01665043834719185,0.56050366816962,gbrt_rs:pooled
2002-07,0.013466206523198576,0.012301682045909415,0.5822622386445812,gbrt_rs:pooled
2002-08,0.0068298586304992,0.005894904408664329,0.46747711091743543,gbrt_rs:pooled
2002-09,0.016175985619583763,0.015155490183465814,0.5102477180589736,gbrt_rs:pooled
2002-10,0.0066469758599574,0.005756126658765316,0.4454246005960422,gbrt_rs:pooled
2002-11,0.0019961255783902355,0.0009318896791703153,0.5321179496099598,gbrt_rs:pooled
2002-12,0.008001602276105085,0.006907115943200797,0.5472431664521442,gbrt_rs:pooled
2003-01,0.01131797006132636,0.010261673518894057,0.5281482712161517,gbrt_rs:pooled
2003-02,0.0020057911087742277,0.0011532042614299054,0.42629342367216144,gbrt_rs:pooled
2003-03,0.00815743481729787,0.007337136355425216,0.41014923093632644,gbrt_rs:pooled
2003-04,-0.007237739681766746,-0.0079040569558463,0.3331586370397766,gbrt_rs:pooled
2003-05,0.014789091013182258,0.013667282127797192,0.5609044426925328,gbrt_rs:pooled
2003-06,0.007896787114745606,0.007000609625225392,0.448088744760107,gbrt_rs:pooled
2003-07,0.014897096871847947,0.014000438261159865,0.4483293053440412,gbrt_rs:pooled
2003-08,0.013482836340866403,0.012425905791053038,0.5284652749066825,gbrt_rs:pooled
2003-09,-0.010472523323616884,-0.01167091524641044,0.5991959613967781,gbrt_rs:pooled
2003-10,0.008092881353267899,0.006727305387211554,0.682787983028173,gbrt_rs:pooled
2003-11,0.0028010440369047253,0.00158180165248375,0.6096211922104875,gbrt_rs:pooled
2003-12,6.0361319578416776e-05,-0.0011059012576394036,0.5831312886089097,gbrt_rs:pooled
2004-01,0.013101692703573066,0.01194209324994111,0.5797997268159781,gbrt_rs:pooled
2004-02,0.009636710602181872,0.008454241746407146,0.5912344278873636,gbrt_rs:pooled
2004-03,0.013135612943037644,0.012261334318592729,0.43713931222245805,gbrt_rs:pooled
2004-04,0.017147343469035795,0.016329316142765133,0.40901366313533005,gbrt_rs:pooled
2004-05,-0.0028240791296262383,-0.003771673864110552,0.47379736724215665,gbrt_rs:pooled
2004-06,-0.004679555328243262,-0.005683059308289701,0.5017519900232199,gbrt_rs:pooled
2004-07,0.009517742975969221,0.008638546066408816,0.4395984547802025,gbrt_rs:pooled
2004-08,0.007922673098475134,0.0070333851892671615,0.44464395460398604,gbrt_rs:pooled
2004-09,0.014131605925434209,0.013360124676503042,0.3857406244655828,gbrt_rs:pooled
2004-10,0.004738910799427278,0.003900162838981895,0.4193739802226913,gbrt_rs:pooled
2004-11,0.011402026972253477,0.010501935759868346,0.4500456061925659,gbrt_rs:pooled
2004-12,0.00742520947369278,0.006491648669468973,0.46678040211190314,gbrt_rs:pooled
2005-01,0.002118733203564423,0.0010041987529406673,0.5572672253118778,gbrt_rs:pooled
2005-02,0.0036229110579008377,0.0022896020190136925,0.6666545194435727,gbrt_rs:pooled
2005-03,0.008734584866108203,0.007560061146438046,0.5872618598350783,gbrt_rs:pooled
2005-04,0.013864325083831251,0.012826861939189376,0.5187315723209376,gbrt_rs:pooled
2005-05,-0.0028596155850562142,-0.0038405391699708677,0.49046179245732674,gbrt_rs:pooled
2005-06,0.0015534491370959038,0.0003256320285459506,0.6139085542749765,gbrt_rs:pooled
2005-07,0.004624820233484425,0.0035418536713368396,0.541483281073793,gbrt_rs:pooled
2005-08,0.0020315004295070826,0.0009105146162818012,0.5604929066126405,gbrt_rs:pooled
2005-09,0.001752514091605929,0.0004250667249854151,0.6637236833102571,gbrt_rs:pooled
2005-10,0.00966718035336868,0.008447300846425716,0.6099397534714829,gbrt_rs:pooled
2005-11,0.00435473471797962,0.0033451932264066866,0.504770745786467,gbrt_rs:pooled
2005-12,0.002103627939871182,0.0009756618217797955,0.5639830590456933,gbrt_rs:pooled
2006-01,0.01802082203348232,0.016960394324724102,0.5302138543791083,gbrt_rs:pooled
2006-02,0.013634047973613762,0.012633295643191116,0.5003761652113228,gbrt_rs:pooled
2006-03,-0.00043335681664808713,-0.0012754487565168765,0.42104596993439447,gbrt_rs:pooled
2006-04,0.0037996929120728104,0.0029558460306047868,0.42192344073401156,gbrt_rs:pooled
2006-05,0.007395145159545088,0.006394295011012009,0.5004250742665396,gbrt_rs:pooled
2006-06,0.011108301964996133,0.010279671721951888,0.41431512152212224,gbrt_rs:pooled
2006-07,0.0020231588922647674,0.0011856289009243685,0.4187649956701993,gbrt_rs:pooled
2006-08,-0.001118449367240871,-0.0019965194854600983,0.43903505910961355,gbrt_rs:pooled
2006-09,0.0057718326189742895,0.004957358667285516,0.40723697584438656,gbrt_rs:pooled
2006-10,0.0004347650221804126,-0.0001822688497383007,0.3085169359593567,gbrt_rs:pooled
2006-11,0.013110020272938479,0.012345245838398524,0.3823872172699775,gbrt_rs:pooled
2006-12,0.005811434350681407,0.0051362505784941824,0.3375918860936126,gbrt_rs:pooled
2007-01,0.008233332236086533,0.00733219923941789,0.45056649833432144,gbrt_rs:pooled
2007-02,0.005824135107531091,0.004734127118763042,0.545003994384024,gbrt_rs:pooled
2007-03,0.0007881100239836632,-0.00027519033745029104,0.5316501807169771,gbrt_rs:pooled
2007-04,0.01446473260049357,0.013327817358026768,0.5684576212334012,gbrt_rs:pooled
2007-05,0.006240901929183846,0.005276005055667681,0.4824484367580822,gbrt_rs:pooled
2007-06,0.0016367851809403842,0.0005774557181943667,0.5296647313730087,gbrt_rs:pooled
2007-07,0.0048912615208693885,0.0037273043944206657,0.5819785632243615,gbrt_rs:pooled
2007-08,0.002006659860257175,0.0008653037158016737,0.5706780722277507,gbrt_rs:pooled
2007-09,0.0008542650077349366,-0.000187211524217595,0.5207382659762659,gbrt_rs:pooled
2007-10,-0.003835944997231159,-0.004875587604339166,0.5198213035540036,gbrt_rs:pooled
2007-11,0.0046870973469083765,0.0036564838582703227,0.5153067443190268,gbrt_rs:pooled
2007-12,0.011527495940958239,0.010544184699380692,0.4916556207887732,gbrt_rs:pooled
2008-01,0.005257091608519935,0.00435525210346719,0.4509197525263729,gbrt_rs:pooled
2008-02,0.00027485036902884637,-0.0007799677916715463,0.5274090803501963,gbrt_rs:pooled
2008-03,0.007293256407905111,0.00636335684766687,0.46494978011912036,gbrt_rs:pooled
2008-04,0.0007915204550844396,-0.0001411589494381578,0.4663397022612986,gbrt_rs:pooled
2008-05,0.0013010778732455144,0.00018511909317651354,0.5579793900345005,gbrt_rs:pooled
2008-06,0.008256605358047111,0.007238708069812865,0.5089486441171233,gbrt_rs:pooled
2008-07,0.0011051102196515336,0.00022117682959402188,0.4419666950287558,gbrt_rs:pooled
2008-08,0.00833238259776421,0.007318273946990597,0.5070543253868074,gbrt_rs:pooled
2008-09,0.010930113759590153,0.01020167439597336,0.36421968180839615,gbrt_rs:pooled
2008-10,0.021438229971770195,0.020679695997840693,0.3792669869647511,gbrt_rs:pooled
2008-11,0.007197895957926428,0.00639315561362206,0.4023701721521833,gbrt_rs:pooled
2008-12,0.005533537947408038,0.004737348567433921,0.39809468998705916,gbrt_rs:pooled
2009-01,0.0065627276877796735,0.0056187344918595065,0.47199659796008325,gbrt_rs:pooled
2009-02,0.007597517932560061,0.006650974295137266,0.47327181871139795,gbrt_rs:pooled
2009-03,-0.005161651277133628,-0.006050165819746333,0.4442572713063525,gbrt_rs:pooled
2009-04,-0.014161753801924427,-0.01523264045742841,0.5354433277519902,gbrt_rs:pooled
2009-05,0.009480878677040049,0.007969427227567896,0.7557257247360762,gbrt_rs:pooled
2009-06,-0.0019879732860213495,-0.0033819558384449934,0.6969912762118219,gbrt_rs:pooled
2009-07,0.002736735260803282,0.0012804607432770128,0.7281372587631346,gbrt_rs:pooled
2009-08,0.004496400555989301,0.0032021088773823954,0.6471458393034528,gbrt_rs:pooled
2009-09,0.006156012289140198,0.0049942485137495374,0.58088188769533,gbrt_rs:pooled
2009-10,0.003179173295848972,0.0020362619449126856,0.5714556754681434,gbrt_rs:pooled
2009-11,0.004168317800206791,0.0029319361132666617,0.6181908434700648,gbrt_rs:pooled
2009-12,0.0031449641680344853,0.001988886994447419,0.5780385867935331,gbrt_rs:pooled
2010-01,0.004977875079172304,0.003960231464855183,0.5088218071585605,gbrt_rs:pooled
2010-02,0.0031319205542627462,0.0023306359272979404,0.40064231348240326,gbrt_rs:pooled
2010-03,0.005615214685908177,0.004857703671382634,0.3787555072627715,gbrt_rs:pooled
2010-04,0.009364799266108436,0.008633016034813125,0.3658916156476549,gbrt_rs:pooled
2010-05,0.002706834044327976,0.002038971194016733,0.33393142515562163,gbrt_rs:pooled
2010-06,0.005511188387256084,0.004938413722307778,0.2863873324741528,gbrt_rs:pooled
2010-07,0.00328006707681663,0.002819968884377302,0.23004909621966432,gbrt_rs:pooled
2010-08,0.006433421184984445,0.005911789000037936,0.2608160924732545,gbrt_rs:pooled
2010-09,0.003097205194197092,0.0025483568240680207,0.27442418506453575,gbrt_rs:pooled
2010-10,0.0035652799640664575,0.00301670899054064,0.2742854867629088,gbrt_rs:pooled
2010-11,0.004521338804296761,0.004036891015206525,0.24222389454511778,gbrt_rs:pooled
2010-12,0.003530931377021833,0.0030494396483989883,0.2407458643114227,gbrt_rs:pooled
2011-01,0.009523093955384272,0.009064159078291814,0.22946743854622847,gbrt_rs:pooled
2011-02,0.0040485013629028045,0.0035980255658590653,0.22523789852186976,gbrt_rs:pooled
2011-03,0.0027123700576888628,0.002296088888895956,0.20814058439645344,gbrt_rs:pooled
2011-04,0.006652264052051168,0.006248440952036055,0.20191155000755664,gbrt_rs:pooled
2011-05,0.007795346919653362,0.007402531757535512,0.1964075810589246,gbrt_rs:pooled
2011-06,0.004427802727950112,0.004029944747171216,0.19892899038944814,gbrt_rs:pooled
2011-07,0.0039124621645149505,0.003548555134539039,0.1819535149879557,gbrt_rs:pooled
2011-08,0.0045049428616902015,0.004092110484737485,0.20641618847635806,gbrt_rs:pooled
2011-09,0.0060300703408926615,0.005644251750242849,0.1929092953249065,gbrt_rs:pooled
2011-10,-0.002716559067830088,-0.0032217963130964306,0.2526186226331714,gbrt_rs:pooled
2011-11,0.006081419393351788,0.005585751472730103,0.24783396031084295,gbrt_rs:pooled
2011-12,0.0058682271561252735,0.005410369602961395,0.22892877658193914,gbrt_rs:pooled
2012-01,-0.003377287407470696,-0.0039046962782683737,0.26370443539883887,gbrt_rs:pooled
2012-02,-0.0004919183766017639,-0.0009417450008329979,0.22491331211561705,gbrt_rs:pooled
2012-03,0.005701581662182269,0.005208862044418475,0.2463598088818968,gbrt_rs:pooled
2012-04,0.004981214331229776,0.00444599766466978,0.26760833327999783,gbrt_rs:pooled
2012-05,0.005708757451008317,0.0053043935345395855,0.20218195823436547,gbrt_rs:pooled
2012-06,0.0016075246963813703,0.001251007415319955,0.17825864053070753,gbrt_rs:pooled
2012-07,0.005145176987724004,0.004838076865315299,0.1535500612043522,gbrt_rs:pooled
2012-08,0.008746703906179515,0.00841014989699118,0.16827700459416692,gbrt_rs:pooled
2012-09,0.0024367872523352154,0.002102346667114079,0.16722029261056817,gbrt_rs:pooled
2012-10,0.0026203068730080116,0.0022979120208073255,0.16119742610034274,gbrt_rs:pooled
2012-11,0.0035379500762626782,0.0032002612874738206,0.16884439439442872,gbrt_rs:pooled
2012-12,0.00010049212475970147,-0.00023726980668289702,0.16888096572129938,gbrt_rs:pooled
2013-01,0.00477227318262841,0.004304382210377091,0.23394548612565955,gbrt_rs:pooled
2013-02,0.005699006266214649,0.005180793833664165,0.25910621627524205,gbrt_rs:pooled
2013-03,0.007550516878103438,0.00705427718507614,0.24811984651364874,gbrt_rs:pooled
2013-04,0.006415660283211762,0.006009279673962392,0.2031903046246851,gbrt_rs:pooled
2013-05,0.007984828774338523,0.007548043770974412,0.21839250168205582,gbrt_rs:pooled
2013-06,0.004262806532567249,0.0037535890897830246,0.2546087213921125,gbrt_rs:pooled
2013-07,0.0034321126542261947,0.0029023653582167293,0.2648736480047327,gbrt_rs:pooled
2013-08,0.004027472894902997,0.0034760016735664576,0.27573561066826946,gbrt_rs:pooled
2013-09,0.0008404628224622305,0.00026305208091296594,0.2887053707746323,gbrt_rs:pooled
2013-10,0.0021122194420767344,0.0015750231760024375,0.26859813303714836,gbrt_rs:pooled
2013-11,0.003833546953513245,0.0032944454715552267,0.2695507409790094,gbrt_rs:pooled
2013-12,0.005881216478566923,0.005394337746605762,0.24343936598058044,gbrt_rs:pooled
2014-01,0.00337245406647253,0.002895221922386025,0.23861607204325247,gbrt_rs:pooled
2014-02,0.001638976206992853,0.001055534833496032,0.2917206867484104,gbrt_rs:pooled
2014-03,0.0014695020501682076,0.0009207347284353978,0.27438366086640503,gbrt_rs:pooled
2014-04,0.0055875278972760045,0.005019303788554182,0.2841120543609112,gbrt_rs:pooled
2014-05,0.0053446167779649355,0.0047961860929338065,0.2742153425155643,gbrt_rs:pooled
2014-06,0.0040006046250879975,0.00344270457853949,0.27895002327425383,gbrt_rs:pooled
2014-07,0.0015856716682453862,0.0010109932769999806,0.28733919562270266,gbrt_rs:pooled
2014-08,0.0034582620118083786,0.002837573030356616,0.3103444907258814,gbrt_rs:pooled
2014-09,0.005976418294697039,0.005427750455212859,0.2743339197420906,gbrt_rs:pooled
2014-10,0.004428253471566003,0.003923235700286755,0.2525088856396238,gbrt_rs:pooled
2014-11,0.006830629528627067,0.0063280650730596225,0.25128222778372256,gbrt_rs:pooled
2014-12,0.007331563572494615,0.00682705875192604,0.25225241028428774,gbrt_rs:pooled
2015-01,0.0034834385368113234,0.002898946977020438,0.292245779895443,gbrt_rs:pooled
2015-02,0.001139613387370536,0.000539597325012751,0.3000080311788925,gbrt_rs:pooled
2015-03,0.006327085280543316,0.005762513522690072,0.28228587892662166,gbrt_rs:pooled
2015-04,-0.0038310920220536284,-0.004403038522895884,0.28597325042112814,gbrt_rs:pooled
2015-05,0.0029459013001036736,0.0022291893256525326,0.3583559872255704,gbrt_rs:pooled
2015-06,0.002368193714639445,0.001707948196885195,0.3301227588771251,gbrt_rs:pooled
2015-07,0.006162357349222605,0.005628851920284781,0.26675271446891174,gbrt_rs:pooled
2015-08,0.007313510629887017,0.006788050743812721,0.26272994303714825,gbrt_rs:pooled
2015-09,0.0029794538843546233,0.0024402200741215707,0.2696169051165265,gbrt_rs:pooled
2015-10,0.00125029175628177,0.0007068516963825757,0.2717200299495971,gbrt_rs:pooled
2015-11,0.009763619941073838,0.009175335794405616,0.2941420733341111,gbrt_rs:pooled
2015-12,0.002922665750653913,0.002370307230273201,0.2761792601903557,gbrt_rs:pooled
2016-01,0.001657753318429115,0.001083311244986522,0.28722103672129656,gbrt_rs:pooled
2016-02,-0.001804403678558884,-0.002396955006927689,0.29627566418440265,gbrt_rs:pooled
2016-03,5.180022950166378e-05,-0.0006956557908715143,0.3737280101865891,gbrt_rs:pooled
2016-04,0.009366389370501903,0.008558755855458459,0.4038167575217217,gbrt_rs:pooled
2016-05,0.0025451335184671804,0.0019060684640557857,0.3195325272056972,gbrt_rs:pooled
2016-06,0.0009976126824627414,0.0003318805356963348,0.33286607338320334,gbrt_rs:pooled
2016-07,0.003448631033348508,0.0028509344834455504,0.29884827495147903,gbrt_rs:pooled
2016-08,0.005862837641808205,0.005219106895342414,0.32186537323289544,gbrt_rs:pooled
2016-09,0.00341839260314095,0.002820783840061762,0.298804381539594,gbrt_rs:pooled
2016-10,0.005999365904843526,0.0054666881777398315,0.2663388635518473,gbrt_rs:pooled
2016-11,0.004480701805424609,0.003932112452713076,0.274294676355767,gbrt_rs:pooled
2016-12,0.00094120295824626,0.00030547945128478785,0.31786175348073603,gbrt_rs:pooled
2017-01,0.00854670887092427,0.007982846476086042,0.2819311974191131,gbrt_rs:pooled
2017-02,0.0037513384003982748,0.003189513149312608,0.2809126255428333,gbrt_rs:pooled
2017-03,0.004424144382619009,0.003886326991432736,0.2689086955931363,gbrt_rs:pooled
2017-04,0.002981486016510208,0.0025437497665717146,0.21886812496924646,gbrt_rs:pooled
2017-05,0.006567132945025533,0.0061166353695482085,0.22524878773866275,gbrt_rs:pooled
2017-06,0.002113980621546561,0.0017209654929880515,0.19650756427925478,gbrt_rs:pooled
2017-07,0.006580350420239442,0.006208711854621518,0.1858192828089621,gbrt_rs:pooled
2017-08,0.005825806283898403,0.0053785628135434435,0.22362173517747988,gbrt_rs:pooled
2017-09,0.004510442279977638,0.004098787162533134,0.20582755872225209,gbrt_rs:pooled
2017-10,0.004759509406416455,0.004352951833869102,0.20327878627367588,gbrt_rs:pooled
2017-11,0.0018125612685928275,0.0014051451068007818,0.20370808089602285,gbrt_rs:pooled
2017-12,-0.001501254907023651,-0.0019349631867786109,0.21685413987747984,gbrt_rs:pooled
2018-01,0.002399915701805388,0.0019619490528253814,0.21898332449000354,gbrt_rs:pooled
2018-02,0.005618255877212973,0.005222713664923938,0.19777110614451732,gbrt_rs:pooled
2018-03,0.0026668921331861853,0.0022711867479909887,0.19785269259759827,gbrt_rs:pooled
2018-04,0.004135132111417876,0.0037433950296890182,0.19586854086442942,gbrt_rs:pooled
2018-05,0.005511117284230904,0.005118365668393104,0.19637580791890016,gbrt_rs:pooled
2018-06,0.0018696967182019882,0.001485590564258362,0.19205307697181315,gbrt_rs:pooled
2018-07,0.0022739623792010608,0.0019337726115972425,0.17009488380190907,gbrt_rs:pooled
2018-08,0.0034048032229764226,0.0030537539820985602,0.17552462043893133,gbrt_rs:pooled
2018-09,0.0026590055653840693,0.002328603935163372,0.16520081511034876,gbrt_rs:pooled
2018-10,0.00444310666137806,0.0040979303810577145,0.1725881401601723,gbrt_rs:pooled
2018-11,-0.0002481469126035655,-0.0006191325220907532,0.1854928047435939,gbrt_rs:pooled
2018-12,0.003772299608249359,0.003355464818218334,0.2084173950155125,gbrt_rs:pooled
2019-01,0.0019222661468385033,0.001521082171359444,0.20059198773952958,gbrt_rs:pooled
2019-02,0.0014437830739091083,0.0009540727101157411,0.2448551818966836,gbrt_rs:pooled
2019-03,0.003294472380762124,0.0028679620916452664,0.21325514455842887,gbrt_rs:pooled
2019-04,0.0013266962231637423,0.0009024121377216745,0.21214204272103399,gbrt_rs:pooled
2019-05,0.005808098234713946,0.00541264155966593,0.19772833752400779,gbrt_rs:pooled
2019-06,0.003484862595917991,0.0030869600112682517,0.1989512923248695,gbrt_rs:pooled
2019-07,0.005981539161515826,0.00555340613680989,0.21406651235296784,gbrt_rs:pooled
2019-08,0.0024912390615179454,0.0020823193826942556,0.20445983941184478,gbrt_rs:pooled
2019-09,0.003130657361067056,0.002734109565212227,0.19827389792741415,gbrt_rs:pooled
2019-10,0.003016039369891831,0.002617963599823878,0.1990378850339767,gbrt_rs:pooled
2019-11,0.004858122677687118,0.004409148805769234,0.22448693595894217,gbrt_rs:pooled
2019-12,0.003357508647843016,0.00293256451921565,0.21247206431368315,gbrt_rs:pooled
2020-01,0.006017073796589953,0.005591102279588176,0.21298575850088844,gbrt_rs:pooled
2020-02,0.005999391422455966,0.005631953641534854,0.18371889046055534,gbrt_rs:pooled
2020-03,0.003953836993259728,0.0036407330498180028,0.1565519717208625,gbrt_rs:pooled
2020-04,-0.00829092720282153,-0.008739266989834479,0.22416989350647434,gbrt_rs:pooled
2020-05,0.00179221086013,0.0010200952793478037,0.3860577903910982,gbrt_rs:pooled
2020-06,0.005170219846327827,0.004645297913836489,0.2624609662456689,gbrt_rs:pooled
2020-07,0.004982803075478019,0.004417218640065081,0.2827922177064683,gbrt_rs:pooled
2020-08,0.007800933415280589,0.007220121104260572,0.2904061555100088,gbrt_rs:pooled
2020-09,0.01021877237358076,0.009663387744658759,0.27769231446100057,gbrt_rs:pooled
2020-10,0.004944739628131459,0.004418773002864762,0.26298331263334845,gbrt_rs:pooled
2020-11,-0.003019299194212451,-0.0035808249657414957,0.28076288576452213,gbrt_rs:pooled
2020-12,0.005752045724788027,0.005039617838763149,0.3562139430124391,gbrt_rs:pooled
2021-01,0.004183987452128436,0.003526192144878452,0.32889765362499235,gbrt_rs:pooled
2021-02,0.007161703306523979,0.006536646036768846,0.31252863487756694,gbrt_rs:pooled
2021-03,0.00994751965687614,0.009381349086864426,0.28308528500585717,gbrt_rs:pooled
2021-04,0.0075038754442188,0.0069272568797717985,0.2883092822235009,gbrt_rs:pooled
2021-05,0.007232114054787708,0.006551718485723409,0.3401977845321495,gbrt_rs:pooled
2021-06,0.005601593416193975,0.005077944676686109,0.2618243697539329,gbrt_rs:pooled
2021-07,0.0025530944627241373,0.0020449226831079663,0.2540858898080855,gbrt_rs:pooled
2021-08,0.0048310741490345185,0.004337838918239884,0.24661761539731683,gbrt_rs:pooled
2021-09,0.004949385927271765,0.004421415832572155,0.26398504734980494,gbrt_rs:pooled
2021-10,0.004318565633220389,0.0038445873586355193,0.2369891372924351,gbrt_rs:pooled
2021-11,0.0035898476496158387,0.0031328785381210204,0.22848455574740908,gbrt_rs:pooled
2021-12,0.005532607800503037,0.005016522277599481,0.2580427614517774,gbrt_rs:pooled
2022-01,0.010793949248170261,0.010321582259673286,0.23618349424848778,gbrt_rs:pooled
2022-02,0.006787188931251248,0.0062627550658983285,0.2622169326764603,gbrt_rs:pooled
2022-03,0.007528953086729072,0.007037330970441805,0.24581105814363316,gbrt_rs:pooled
2022-04,0.00836736541318208,0.007931650727758968,0.2178573427115567,gbrt_rs:pooled
2022-05,0.006040068813721492,0.005584457991092194,0.22780541131464951,gbrt_rs:pooled
2022-06,0.005033339268075142,0.004587025267176994,0.223157000449074,gbrt_rs:pooled
2022-07,-0.000771788192687412,-0.0012349032098158002,0.231557508564194,gbrt_rs:pooled
2022-08,0.0007633761636347339,0.0003043199281449753,0.22952811774487944,gbrt_rs:pooled
2022-09,0.006326916096356181,0.005787820256560055,0.2695479198980632,gbrt_rs:pooled
2022-10,0.0044531511148912985,0.003945646180208851,0.25375246734122353,gbrt_rs:pooled
2022-11,0.004831225147714245,0.004373034439618345,0.2290953540479503,gbrt_rs:pooled
2022-12,0.006918707426730777,0.006405810983459956,0.25644822163541003,gbrt_rs:pooled
2023-01,0.0022409357597140533,0.0015985443586441052,0.32119570053497387,gbrt_rs:pooled
2023-02,0.006657976627702108,0.005953845352771442,0.3520656374653325,gbrt_rs:pooled
2023-03,0.005500398708627633,0.004860368388689195,0.3200151599692193,gbrt_rs:pooled
2023-04,0.0012646036611165543,0.0006180089597444871,0.3232973506860335,gbrt_rs:pooled
2023-05,0.0016153829581795098,0.0009924597313538239,0.3114616134128429,gbrt_rs:pooled
2023-06,0.004221157551294734,0.003502477138111169,0.3593402065917829,gbrt_rs:pooled
2023-07,0.004067998389924125,0.0032674208807020044,0.40028875461105995,gbrt_rs:pooled
2023-08,0.0054140184184380625,0.004708742313991509,0.35263805222327593,gbrt_rs:pooled
2023-09,0.007677815261586984,0.007035291646604187,0.3212618074913982,gbrt_rs:pooled
2023-10,0.007303157002545421,0.0067027133605288836,0.30022182100826805,gbrt_rs:pooled
2023-11,0.0009272051598927041,0.00029301149916765505,0.3170968303625245,gbrt_rs:pooled
2023-12,0.0051190837080082666,0.004399486693048248,0.35979850748000913,gbrt_rs:pooled
2024-01,0.007957130185315313,0.007314618507048076,0.32125583913361866,gbrt_rs:pooled
2024-02,0.0056020735163389,0.0048836414136606875,0.3592160513391061,gbrt_rs:pooled
2024-03,0.0055271084423278195,0.004866665512720736,0.3302214648035421,gbrt_rs:pooled
2024-04,0.005058630347226159,0.004376367878001288,0.34113123461243583,gbrt_rs:pooled
2024-05,0.008439732896299535,0.007816879145079876,0.3114268756098293,gbrt_rs:pooled
2024-06,0.0038466586888313225,0.0031999658209544367,0.3233464339384428,gbrt_rs:pooled
2024-07,0.002325396884482887,0.0017677632011657647,0.2788168416585612,gbrt_rs:pooled
2024-08,0.006057017083903316,0.0054374781665323495,0.3097694586854839,gbrt_rs:pooled
2024-09,0.0023007149837002906,0.0016990288490302018,0.3008430673350446,gbrt_rs:pooled
2024-10,0.005929102737740951,0.00532148378312678,0.3038094773070856,gbrt_rs:pooled
2024-11,0.008969410829884181,0.008352850450502035,0.308280189691073,gbrt_rs:pooled
2024-12,0.003835623940657994,0.0032638518684499113,0.2858860361040414,gbrt_rs:pooled
2025-01,0.0017647549924765151,0.0011939542787586866,0.28540035685891435,gbrt_rs:pooled
2025-02,0.004536525404878322,0.00390205096514353,0.31723721986739645,gbrt_rs:pooled
2025-03,0.0036614670981061272,0.0030687517566618736,0.29635767072212665,gbrt_rs:pooled
2025-04,0.0018460062428644868,0.0012097453739274705,0.3181304344685081,gbrt_rs:pooled
2025-05,0.0032313543163238613,0.002625687577293234,0.30283336951531376,gbrt_rs:pooled
2025-06,-0.0005695307742857731,-0.0011897714323539663,0.3101203290340965,gbrt_rs:pooled
2025-07,0.002760581093019819,0.002079979300323579,0.34030089634812,gbrt_rs:pooled
2025-08,0.00655718912854571,0.005872825635796524,0.34218174637459287,gbrt_rs:pooled
2025-09,0.005944251218664236,0.005204288830649321,0.3699811940074574,gbrt_rs:pooled
2025-10,0.0035567980380098356,0.0028670221810479955,0.34488792848092004,gbrt_rs:pooled
2025-11,0.0026991374747113487,0.0019795582826799525,0.3597895960156979,gbrt_rs:pooled
2025-12,0.004369925286415047,0.0036578717863549205,0.356026750030063,gbrt_rs:pooled
2000-01,-0.007124098392556905,-0.007124098392556905,0.0,hist_mean:rule
2000-02,0.010776813920529333,0.010401201933271221,0.1878059936290558,hist_mean:rule
2000-03,0.007696656560863412,0.0073770442565960345,0.15980615213368893,hist_mean:rule
2000-04,-0.004004809636156341,-0.004291165150598063,0.1431777572208613,hist_mean:rule
2000-05,0.0001256883930413391,-0.0003594178344290207,0.24255311373517996,hist_mean:rule
2000-06,0.004453219194144381,0.004080069597630585,0.18657479825689777,hist_mean:rule
2000-07,0.002361602812255956,0.002161194593379368,0.10020410943829389,hist_mean:rule
2000-08,0.006334766219712864,0.006144797209308367,0.094984505202248,hist_mean:rule
2000-09,0.0009072597003274862,0.0007053845196545945,0.10093759033644581,hist_mean:rule
2000-10,8.733588258915404e-05,-0.0001227302377058454,0.10503306014749961,hist_mean:rule
2000-11,0.009635042816124107,0.009439496718400036,0.097773048862035,hist_mean:rule
2000-12,-0.005937712281271818,-0.006203591713434322,0.13293971608125196,hist_mean:rule
2001-01,3.718264906730248e-05,-0.0001992191692883129,0.11820090917780768,hist_mean:rule
2001-02,0.0008902365983052888,0.0006610453430702166,0.11459562761753617,hist_mean:rule
2001-03,0.008201699062227306,0.007970540394216399,0.11557933400545312,hist_mean:rule
2001-04,0.0023350288483436014,0.002091636680894939,0.12169608372433106,hist_mean:rule
2001-05,0.011570041140743755,0.01118707334092954,0.19148389990710768,hist_mean:rule
2001-06,0.0062297275698438796,0.006029823106973286,0.09995223143529669,hist_mean:rule
2001-07,0.014882077428876523,0.01470664882626194,0.08771430130729256,hist_mean:rule
2001-08,-0.004817813526879437,-0.005134558631979633,0.15837255255009686,hist_mean:rule
2001-09,0.002719006188947467,0.0025637967065529226,0.07760474119727194,hist_mean:rule
2001-10,0.0031360774692657115,0.002790235681296583,0.1729208939845642,hist_mean:rule
2001-11,0.010173691999151786,0.010001078237374901,0.08630688088844284,hist_mean:rule
2001-12,0.0036319438694547377,0.0034348164134949647,0.09856372797988652,hist_mean:rule
2002-01,-0.0017947836554352513,-0.0019491975151770347,0.07720692987089167,hist_mean:rule
2002-02,0.0006375106528670502,0.0004584794218087012,0.08951561552917466,hist_mean:rule
2002-03,-0.00029853939551083297,-0.0004483775308408374,0.07491906766500271,hist_mean:rule
2002-04,0.004001591503406009,0.0037523113473270555,0.12464007803947724,hist_mean:rule
2002-05,0.0024582489542176456,0.0021994909646007475,0.12937899480844883,hist_mean:rule
2002-06,0.0076553203871450965,0.007478458767407857,0.08843080986861993,hist_mean:rule
2002-07,0.011397629684448629,0.011236329574058663,0.08065005519498349,hist_mean:rule
2002-08,0.004480207842097952,0.004334055339944483,0.07307625107673464,hist_mean:rule
2002-09,0.00802353043212925,0.00784000143920362,0.09176449646281451,hist_mean:rule
2002-10,0.005888580105560783,0.00577817118077207,0.05520446239435631,hist_mean:rule
2002-11,0.004877591885088819,0.004706569823170728,0.0855110309590458,hist_mean:rule
2002-12,0.0017819421487538288,0.0016307272760592547,0.0756074363472873,hist_mean:rule
2003-01,0.004443787169835064,0.004309085725965804,0.06735072193462939,hist_mean:rule
2003-02,0.0018397382617934463,0.001676113559461137,0.08181235116615465,hist_mean:rule
2003-03,0.0063302935068661505,0.006223498865781774,0.0533973205421889,hist_mean:rule
2003-04,0.0016292699721781048,0.0014807502453939748,0.07425986339206503,hist_mean:rule
2003-05,0.01645976918501774,0.01612773145571539,0.16601886465117707,hist_mean:rule
2003-06,0.008171702509556913,0.00802993346201694,0.07088452376998661,hist_mean:rule
2003-07,0.009905743180946463,0.009769166270632176,0.06828845515714377,hist_mean:rule
2003-08,0.0085954883231363,0.008409664313533101,0.09291200480159939,hist_mean:rule
2003-09,0.0009054560273830962,0.0005097331933749155,0.19786141700408982,hist_mean:rule
2003-10,0.00013560687497252415,-2.7968162304138947e-05,0.08178751863833145,hist_mean:rule
2003-11,0.016452667947342594,0.016321703948303047,0.06548199951977215,hist_mean:rule
2003-12,0.0009972346415687808,0.000875347502343611,0.060943569612584854,hist_mean:rule
2004-01,0.007641294221940092,0.007473951060985903,0.08367158047709417,hist_mean:rule
2004-02,0.0021533658355018174,0.0019606024183789054,0.09638170856145614,hist_mean:rule
2004-03,0.005640278572973494,0.005484243176555932,0.07801769820878096,hist_mean:rule
2004-04,0.02014355818625578,0.020002857324562813,0.07035043084648349,hist_mean:rule
2004-05,-0.00401912081478532,-0.004251242904795564,0.11606104500512164,hist_mean:rule
2004-06,-0.0034150885171188136,-0.003516527173850856,0.05071932836602122,hist_mean:rule
2004-07,0.005834271667853491,0.005723562827886418,0.055354419983536324,hist_mean:rule
2004-08,0.009963141743721145,0.00983990511696,0.061618313380572595,hist_mean:rule
2004-09,0.010291373354365876,0.01016818423513812,0.061594559613878344,hist_mean:rule
2004-10,-0.0024805222182256647,-0.0026146593357531224,0.06706855876372878,hist_mean:rule
2004-11,-0.0009889306596353195,-0.00112128138743533,0.06617536390000552,hist_mean:rule
2004-12,0.0027883074708169014,0.0026295120669867617,0.07939770191506974,hist_mean:rule
2005-01,0.0019772978476590933,0.0016814569209872244,0.14792046333593456,hist_mean:rule
2005-02,0.01110459725625958,0.010982519558645407,0.06103884880708624,hist_mean:rule
2005-03,0.005227521747700508,0.005103903681029763,0.061809033335372604,hist_mean:rule
2005-04,0.006204286747262125,0.006045463089432381,0.07941182891487189,hist_mean:rule
2005-05,0.004818631293178114,0.004635613278109687,0.0915090075342132,hist_mean:rule
2005-06,7.438634789599192e-05,-6.145076556078182e-05,0.0679185567283867,hist_mean:rule
2005-07,0.004671377073851845,0.004553923138654904,0.058726967598470244,hist_mean:rule
2005-08,0.010022804270463518,0.00990416306650296,0.0593206019802791,hist_mean:rule
2005-09,0.00017957132023657798,-1.8556643387082194e-06,0.09071349228764312,hist_mean:rule
2005-10,0.0026819725930888314,0.0025781365300370134,0.051918031525909035,hist_mean:rule
2005-11,0.003316240711776077,0.0031766896843448455,0.06977551371561591,hist_mean:rule
2005-12,0.003072400856764634,0.002951733679872101,0.060333588446266524,hist_mean:rule
2006-01,0.019534344915339123,0.01943789069886362,0.04822710823775295,hist_mean:rule
2006-02,0.009326861320064926,0.00900294374371122,0.16195878817685228,hist_mean:rule
2006-03,-0.015093989831941287,-0.015187542617422766,0.046776392740740434,hist_mean:rule
2006-04,0.003237149926938102,0.0030517968542940503,0.09267653632202578,hist_mean:rule
2006-05,0.01245875896967328,0.012313104334960847,0.07282731735621546,hist_mean:rule
2006-06,0.013068317978088662,0.012954005628921487,0.057156174583586634,hist_mean:rule
2006-07,0.0002702881179408234,-8.09007703836318e-05,0.17559444416222747,hist_mean:rule
2006-08,0.007905094453319376,0.0076791273327850166,0.11298356026718018,hist_mean:rule
2006-09,0.00809289790510011,0.007880478607018446,0.10620964904083299,hist_mean:rule
2006-10,-0.0008198265929526189,-0.0009352182246168371,0.057695815832109115,hist_mean:rule
2006-11,-0.006011443593803391,-0.006122686345830404,0.05562137601350596,hist_mean:rule
2006-12,0.0012439559229075496,0.0011220458392891461,0.06095504180920176,hist_mean:rule
2007-01,0.008014216712926842,0.007800398790905932,0.1069089610104553,hist_mean:rule
2007-02,0.0023329573236655124,0.0019350051081694919,0.19897610774801017,hist_mean:rule
2007-03,0.006604859298520204,0.006404000851715754,0.10042922340222389,hist_mean:rule
2007-04,0.006745978759151818,0.006506586634874937,0.1196960621384399,hist_mean:rule
2007-05,0.0007243116682866385,0.0005115961913877944,0.10635773844942202,hist_mean:rule
2007-06,-0.002021845534346574,-0.0021956385791339537,0.08689652239368988,hist_mean:rule
2007-07,0.0055373923019249646,0.0052981628733206835,0.11961471430214073,hist_mean:rule
2007-08,0.005091897219372776,0.004884926147739562,0.10348553581660654,hist_mean:rule
2007-09,-0.000310449199709227,-0.0004744684257622028,0.08200961302648803,hist_mean:rule
2007-10,-0.003974033173089195,-0.0042667274234498885,0.14634712518034657,hist_mean:rule
2007-11,0.003534459852885218,0.003321913571477709,0.10627314070375463,hist_mean:rule
2007-12,0.004232306738803705,0.004028418912984506,0.10194391290959962,hist_mean:rule
2008-01,0.002807879620204271,0.0025666742778443045,0.12060267117998313,hist_mean:rule
2008-02,0.0030198070331355024,0.002834193333696347,0.09280684971957782,hist_mean:rule
2008-03,0.0037027642075287393,0.003558788823400089,0.0719876920643253,hist_mean:rule
2008-04,0.002808364294688207,0.002655300720401696,0.07653178714325547,hist_mean:rule
2008-05,0.0010225826853694224,0.0008144647269651516,0.10405897920213525,hist_mean:rule
2008-06,0.0055627355029681845,0.005429678158326983,0.06652867232060074,hist_mean:rule
2008-07,0.00317826450746698,0.0030462235375265643,0.06602048497020807,hist_mean:rule
2008-08,0.0035611561352795335,0.00342754551823647,0.06680530852153181,hist_mean:rule
2008-09,0.002589494414960284,0.00247552082339614,0.05698679578207189,hist_mean:rule
2008-10,0.007133733038909172,0.006989373854692591,0.07217959210829,hist_mean:rule
2008-11,0.005678141741380895,0.005477302966070994,0.10041938765495086,hist_mean:rule
2008-12,0.00771546002025344,0.007550675166999946,0.08239242662674723,hist_mean:rule
2009-01,0.007318606313664941,0.007138048165575312,0.09027907404481438,hist_mean:rule
2009-02,0.0013562203746335334,0.0011771942217102306,0.0895130764616514,hist_mean:rule
2009-03,0.002158132849076525,0.0019894860148134113,0.08432341713155651,hist_mean:rule
2009-04,-0.0065183903613497554,-0.006723970593438835,0.10279011604453948,hist_mean:rule
2009-05,0.004500948471642098,0.0042386965342381825,0.13112596870195772,hist_mean:rule
2009-06,0.00014376658085485516,-6.437673132513617e-05,0.10407165608999547,hist_mean:rule
2009-07,0.0018987778038763033,0.0017524675775581376,0.073155113159083,hist_mean:rule
2009-08,0.0042447309914329205,0.004103947383044279,0.07039180419432087,hist_mean:rule
2009-09,0.004078676814165779,0.003941105433290206,0.06878569043778608,hist_mean:rule
2009-10,0.002970006958254266,0.002841218263231368,0.06439434751144905,hist_mean:rule
2009-11,0.003382118631218206,0.0032511639475130984,0.06547734185255408,hist_mean:rule
2009-12,-0.0017382064899241184,-0.001857531800988526,0.059662655532203734,hist_mean:rule
2010-01,0.005167462545554428,0.005050986017479339,0.05823826403754479,hist_mean:rule
2010-02,0.002056833493517962,0.001925363984987313,0.06573475426532432,hist_mean:rule
2010-03,0.0023072978184150703,0.0021897644068715628,0.058766705771753844,hist_mean:rule
2010-04,0.006243716683052519,0.006126618500897196,0.05854909107766155,hist_mean:rule
2010-05,-0.0008281864459464476,-0.0009755460473580065,0.07367980070577941,hist_mean:rule
2010-06,0.002190578224944929,0.0020810980578560077,0.0547400835444607,hist_mean:rule
2010-07,0.002578939831301497,0.0024911874811623176,0.04387617506958954,hist_mean:rule
2010-08,0.004509902947722935,0.0043837656075038055,0.06306867010956484,hist_mean:rule
2010-09,0.004001986696854885,0.003895770484706458,0.05310810607421379,hist_mean:rule
2010-10,0.0022364879745736515,0.0021330091736718503,0.05173940045090073,hist_mean:rule
2010-11,0.0031939768307719775,0.003088420547422507,0.0527781416747352,hist_mean:rule
2010-12,0.0025174162528412447,0.002416552429221089,0.05043191181007796,hist_mean:rule
2011-01,0.005655165703422899,0.00556070131100612,0.04723219620838969,hist_mean:rule
2011-02,0.003398729166146718,0.003281125227510157,0.05880196931828039,hist_mean:rule
2011-03,0.0013904917297250577,0.001255832346969651,0.06732969137770348,hist_mean:rule
2011-04,0.005028205455898542,0.004912826838906411,0.057689308496065385,hist_mean:rule
2011-05,0.006819900917000925,0.0067229816492552705,0.04845963387282785,hist_mean:rule
2011-06,0.0032356850948189815,0.0031387817343075212,0.048451680255729886,hist_mean:rule
2011-07,0.002892741860389614,0.002806188824256927,0.04327651806634338,hist_mean:rule
2011-08,0.0015830179681529462,0.0014872082893330621,0.04790483940994201,hist_mean:rule
2011-09,0.005148015917934648,0.005051247542014571,0.04838418796003877,hist_mean:rule
2011-10,-0.001122291879965907,-0.001216753087829712,0.04723060393190241,hist_mean:rule
2011-11,0.004063257516977007,0.003968422365636522,0.047417575670242455,hist_mean:rule
2011-12,0.00463967544333205,0.004558939777368996,0.04036783298152732,hist_mean:rule
2012-01,-0.0014777766748590678,-0.0016897568832853949,0.10599010421316392,hist_mean:rule
2012-02,-0.0026493210414425513,-0.002764095212345409,0.05738708545142888,hist_mean:rule
2012-03,0.008413390177386872,0.008282708184378654,0.06534099650410871,hist_mean:rule
2012-04,0.004146310615832092,0.003932921021133592,0.10669479734924997,hist_mean:rule
2012-05,0.0035718762689733526,0.00343666505871048,0.06760560513143635,hist_mean:rule
2012-06,0.00034767189544841943,0.00025756716172592453,0.04505236686124757,hist_mean:rule
2012-07,0.0046957935205547245,0.004596759909236056,0.04951680565933439,hist_mean:rule
2012-08,0.007439025212512818,0.007348156403378088,0.04543440456736535,hist_mean:rule
2012-09,0.0020489541039434137,0.0019468961566317066,0.05102897365585347,hist_mean:rule
2012-10,0.002788518678207217,0.00271318791930481,0.03766537945120363,hist_mean:rule
2012-11,0.0012641604408591739,0.0011798627526952554,0.04214884408195931,hist_mean:rule
2012-12,0.0007011519107781842,0.000603142653832236,0.04900462847297412,hist_mean:rule
2013-01,0.0029569676657573733,0.0028719121942831207,0.04252773573712612,hist_mean:rule
2013-02,0.0036611281836946676,0.0035388633799594595,0.06113240186760384,hist_mean:rule
2013-03,0.004847607248460029,0.004732413503319309,0.05759687257035948,hist_mean:rule
2013-04,0.0032890895588304756,0.003172138557532642,0.058475500648916524,hist_mean:rule
2013-05,0.0035394367884042273,0.0034280897328221004,0.055673527791063264,hist_mean:rule
2013-06,0.0021585339052935634,0.002047184831433036,0.05567453693026379,hist_mean:rule
2013-07,0.0053765754872920415,0.0052492202064596425,0.0636776404161994,hist_mean:rule
2013-08,0.0023784122938550335,0.0022703156536378354,0.054048320108598814,hist_mean:rule
2013-09,0.0002935068114343418,0.00013981467520996608,0.07684606811218775,hist_mean:rule
2013-10,4.165781141679032e-05,-6.877832480250237e-05,0.055218068109646266,hist_mean:rule
2013-11,0.0026278151256200507,0.002498250121516923,0.06478250205156379,hist_mean:rule
2013-12,0.00443802119039824,0.004360675188364832,0.03867300101670413,hist_mean:rule
2014-01,0.0022503018206891036,0.0021689870082889553,0.04065740620007424,hist_mean:rule
2014-02,0.0017241715455942061,0.0016324767860908015,0.0458473797517025,hist_mean:rule
2014-03,0.0018893451042284119,0.0018035284659571353,0.04290831913563828,hist_mean:rule
2014-04,0.005978500029247952,0.005849313351920665,0.06459333866364322,hist_mean:rule
2014-05,0.0044692298327102505,0.004369185790896463,0.05002202090689383,hist_mean:rule
2014-06,3.7357351542194634e-05,-4.3261648708416856e-05,0.04030950012530583,hist_mean:rule
2014-07,0.004063485472076165,0.003976658922428335,0.04341327482391448,hist_mean:rule
2014-08,0.004792878362268578,0.004664944688288521,0.06396683699002885,hist_mean:rule
2014-09,0.00393278422606445,0.0038613998951976024,0.0356921654334239,hist_mean:rule
2014-10,0.0014359622972300817,0.0013556195010424536,0.040171398093813995,hist_mean:rule
2014-11,0.004927065107764002,0.004851601897015247,0.03773160537437727,hist_mean:rule
2014-12,0.0022989065357703247,0.0022243482796822614,0.03727912804403188,hist_mean:rule
2015-01,0.004076845587283912,0.003983541699016087,0.04665194413391274,hist_mean:rule
2015-02,8.613141451276806e-05,-5.336486470220868e-06,0.04573395049149451,hist_mean:rule
2015-03,0.004819054664958561,0.004733851733092442,0.04260146593305985,hist_mean:rule
2015-04,-0.0022642725913792675,-0.0023812652956938306,0.05849635215728147,hist_mean:rule
2015-05,0.002363612885023968,0.002228162545944668,0.06772516953965008,hist_mean:rule
2015-06,0.0021615970135785917,0.002081946910788096,0.03982505139524781,hist_mean:rule
2015-07,0.004926817374599423,0.004860094210208081,0.03336158219567117,hist_mean:rule
2015-08,0.004726609866084404,0.004656266766572374,0.03517154975601493,hist_mean:rule
2015-09,0.0028616992810302513,0.0027913483527784,0.03517546412592575,hist_mean:rule
2015-10,0.0027184860086970275,0.0026426102584914957,0.03793787510276593,hist_mean:rule
2015-11,0.007318844403491657,0.007242275566558199,0.0382844184667293,hist_mean:rule
2015-12,0.0035986563548458745,0.003519651434087811,0.03950246037903179,hist_mean:rule
2016-01,0.0006897513153782515,0.0006137194241185081,0.03801594562987154,hist_mean:rule
2016-02,-0.0010348933673443152,-0.0011090980786026198,0.03710235562915246,hist_mean:rule
2016-03,-0.00359302021087602,-0.003691559667176316,0.049269728150148,hist_mean:rule
2016-04,0.004937662746359693,0.004831302675630351,0.05318003536467035,hist_mean:rule
2016-05,0.0016872075429279817,0.001600148684997412,0.043529428965285034,hist_mean:rule
2016-06,0.0009618718069860204,0.0008821440733307479,0.03986386682763624,hist_mean:rule
2016-07,0.003873219450390482,0.0038165984153281387,0.0283105175311718,hist_mean:rule
2016-08,0.00405276982953513,0.003978118650000147,0.03732558976749151,hist_mean:rule
2016-09,0.002060634138970059,0.001957394347040203,0.051619895964928116,hist_mean:rule
2016-10,0.005488183504341575,0.005433675851358164,0.02725382649170542,hist_mean:rule
2016-11,0.00385604575449187,0.0037950141580683373,0.03051579821176637,hist_mean:rule
2016-12,0.0016514598089337857,0.001512148234009604,0.06965578746209086,hist_mean:rule
2017-01,0.004376600497277827,0.004289637374209969,0.04348156153392891,hist_mean:rule
2017-02,0.004773796168587833,0.004680746572504563,0.046524798041634646,hist_mean:rule
2017-03,0.003194514928287897,0.0031217280909352284,0.036393418676334215,hist_mean:rule
2017-04,0.001726591427773518,0.0016497324912924023,0.03842946824055784,hist_mean:rule
2017-05,0.005435663547851764,0.005365113555616496,0.035274996117633996,hist_mean:rule
2017-06,0.0015147307528002208,0.0014498046408258902,0.03246305598716538,hist_mean:rule
2017-07,0.005532450507746787,0.0054801060638418764,0.026172221952455638,hist_mean:rule
2017-08,0.004651123325723915,0.004586620077658631,0.03225162403264237,hist_mean:rule
2017-09,0.0040244383472008115,0.003962786819734386,0.030825763733213014,hist_mean:rule
2017-10,0.003092029955003748,0.003017973405280614,0.03702827486156716,hist_mean:rule
2017-11,0.000998458704938785,0.0009333731853029039,0.032542759817940595,hist_mean:rule
2017-12,-0.0018725344410992994,-0.0019381049292607957,0.03278524408074803,hist_mean:rule
2018-01,0.0014087355795854312,0.0013373428132545594,0.03569638316543574,hist_mean:rule
2018-02,0.004655421335789018,0.00459470323208317,0.03035905185292419,hist_mean:rule
2018-03,0.002906423017514714,0.0027923228619886583,0.0570500777630276,hist_mean:rule
2018-04,0.0030430598404216224,0.0029715620175308237,0.03574891144539948,hist_mean:rule
2018-05,0.004866468243930623,0.004781460873412881,0.04250368525887082,hist_mean:rule
2018-06,0.00151422967788783,0.0014316170626085855,0.04130630763962219,hist_mean:rule
2018-07,0.0025712582130787555,0.0024991775110902413,0.03604035099425712,hist_mean:rule
2018-08,0.002820839657624317,0.002755259256826868,0.03279020039872452,hist_mean:rule
2018-09,0.0015944076396900958,0.001534617739379633,0.029894950155231345,hist_mean:rule
2018-10,0.003992596936124371,0.003932060159293141,0.030268388415614415,hist_mean:rule
2018-11,0.0008877529600552285,0.0008175734166430491,0.03508977170608973,hist_mean:rule
2018-12,0.003700664035708071,0.0036369522654175067,0.031855885145282085,hist_mean:rule
2019-01,0.003188040057222134,0.00313825811675582,0.024890970233157006,hist_mean:rule
2019-02,0.0016668965987756584,0.0016019019513753682,0.032497323700144874,hist_mean:rule
2019-03,0.002931602971900138,0.002874821974738194,0.02839049858097221,hist_mean:rule
2019-04,0.0007833701880308933,0.0007225191883947975,0.030425499818048006,hist_mean:rule
2019-05,0.0037375207446142546,0.0036846383126270736,0.02644121599359047,hist_mean:rule
2019-06,0.003886138265330835,0.0038272182752564668,0.029459995037183936,hist_mean:rule
2019-07,0.005072947490672359,0.005015576433063088,0.028685528804635943,hist_mean:rule
2019-08,0.002382032567337924,0.0023142652919925944,0.03388363767266486,hist_mean:rule
2019-09,0.0030936891962529286,0.003041106803362313,0.02629119644530796,hist_mean:rule
2019-10,0.0022657801753522065,0.002215930345228142,0.02492491506203229,hist_mean:rule
2019-11,0.004150364250555726,0.004085769265434106,0.03229749256080963,hist_mean:rule
2019-12,0.003852179849653637,0.0037929106462109316,0.029634601721352717,hist_mean:rule
2020-01,0.0052561646950522395,0.005197281964551922,0.029441365250159043,hist_mean:rule
2020-02,0.004957881566969769,0.004899009206612197,0.0294361801787857,hist_mean:rule
2020-03,0.0021562309071736477,0.002099787249241075,0.028221828966286333,hist_mean:rule
2020-04,-0.0015905730850546362,-0.0016945844699404313,0.052005692442897565,hist_mean:rule
2020-05,0.00046812073816006187,0.00034803416547929124,0.06004328634038522,hist_mean:rule
2020-06,0.003077732112036472,0.003012519039578388,0.03260653622904193,hist_mean:rule
2020-07,0.0012357222701045694,0.0011117724508579755,0.06197490962329708,hist_mean:rule
2020-08,0.005808971406574354,0.005714397455432824,0.047286975570764646,hist_mean:rule
2020-09,0.0076693460069192166,0.007591254753429832,0.039045626744692,hist_mean:rule
2020-10,0.003727290035622112,0.003652503227650411,0.03739340398585044,hist_mean:rule
2020-11,0.0010227266403093338,0.0009542762662731019,0.03422518701811586,hist_mean:rule
2020-12,0.0037435433252776262,0.0036576150632433757,0.04296413101712538,hist_mean:rule
2021-01,0.005584139376329986,0.00551068109488893,0.03672914072052837,hist_mean:rule
2021-02,0.006531663335351573,0.006446853265849231,0.04240503475117106,hist_mean:rule
2021-03,0.009132293308961004,0.009054770471356334,0.03876141880233462,hist_mean:rule
2021-04,0.007799914786012496,0.007734518277641048,0.032698254185723495,hist_mean:rule
2021-05,0.0074067876669002405,0.007325703648551883,0.04054200917417891,hist_mean:rule
2021-06,0.004792509287408182,0.0047313062648112825,0.030601511298449735,hist_mean:rule
2021-07,0.0020708249132864575,0.002014090301370085,0.028367305958186043,hist_mean:rule
2021-08,0.005031274684918136,0.004979076963520137,0.026098860698999717,hist_mean:rule
2021-09,0.0036691682662380247,0.0035961331584035976,0.03651755391721307,hist_mean:rule
2021-10,0.0009689848811039909,0.0009096595672054851,0.029662656949252773,hist_mean:rule
2021-11,0.0027674772390588976,0.0027052188382570893,0.03112920040090409,hist_mean:rule
2021-12,0.0036632027441519475,0.003600133431269642,0.03153465644115266,hist_mean:rule
2022-01,0.008856362471853405,0.00879939067159932,0.02848590012704253,hist_mean:rule
2022-02,0.004273261673663334,0.00420460699272878,0.03432734046727709,hist_mean:rule
2022-03,0.004049287479093297,0.003989665005808688,0.029811236642304586,hist_mean:rule
2022-04,0.004917296731558651,0.0048479852621057,0.03465573472647587,hist_mean:rule
2022-05,0.004068674013060596,0.003998082305965938,0.03529585354732917,hist_mean:rule
2022-06,0.002908719885561198,0.0028551850626042656,0.026767411478465994,hist_mean:rule
2022-07,-3.1620525742210575e-05,-8.656962560906297e-05,0.027474549933426164,hist_mean:rule
2022-08,0.0034565908962036042,0.0034024268588739833,0.027082018664810283,hist_mean:rule
2022-09,0.004651194185215697,0.004585623073813205,0.03278555570124576,hist_mean:rule
2022-10,0.0021031404844406502,0.0020482715805576622,0.027434451941494,hist_mean:rule
2022-11,0.003137605332273453,0.0030809648299821575,0.028320251145647648,hist_mean:rule
2022-12,0.004508979320318431,0.00444169239948223,0.033643460418100415,hist_mean:rule
2023-01,0.003538306778134731,0.0034815352905913466,0.028385743771691972,hist_mean:rule
2023-02,0.003502621617706555,0.0034333440913869766,0.034638763159789206,hist_mean:rule
2023-03,0.003760640069139388,0.00370952123715611,0.025559415991639165,hist_mean:rule
2023-04,0.0028330883721036444,0.002780087855785845,0.02650025815889964,hist_mean:rule
2023-05,0.0029936693831086342,0.002933176887493657,0.030246247807488833,hist_mean:rule
2023-06,0.0026642292703924655,0.0026013108653952155,0.031459202498625244,hist_mean:rule
2023-07,0.0022277770582662,0.0021669720039724366,0.030402527146881617,hist_mean:rule
2023-08,0.0056638750614209496,0.005604520488168714,0.02967728662611788,hist_mean:rule
2023-09,0.00680279195972952,0.006752443039235264,0.025174460247128005,hist_mean:rule
2023-10,0.005184292586847615,0.005138641178111972,0.022825704367821983,hist_mean:rule
2023-11,0.002556120745662993,0.0024612733289317615,0.04742370836561565,hist_mean:rule
2023-12,0.0037476204187050434,0.0036943856617706063,0.026617378467218646,hist_mean:rule
2024-01,0.007598732375779726,0.007544033891920581,0.02734924192957259,hist_mean:rule
2024-02,0.004011397824835587,0.003940680222796685,0.03535880101945104,hist_mean:rule
2024-03,0.004919334092083024,0.0048602478188613865,0.029543136610818813,hist_mean:rule
2024-04,0.004129652801194416,0.0040504979804005204,0.039577410396947635,hist_mean:rule
2024-05,0.006844093395173103,0.006768662203683413,0.03771559574484472,hist_mean:rule
2024-06,0.0019841139676524816,0.0019215155528048851,0.03129920742379823,hist_mean:rule
2024-07,0.0043845613586040435,0.004347636632679169,0.01846236296243747,hist_mean:rule
2024-08,0.004985846091659956,0.004934703909215376,0.025571091222289784,hist_mean:rule
2024-09,0.0024069622358090163,0.0023619166098834384,0.02252281296278882,hist_mean:rule
2024-10,0.005268238609740968,0.005222289356673044,0.022974626533962296,hist_mean:rule
2024-11,0.007648293160548219,0.007599938629506087,0.024177265521065902,hist_mean:rule
2024-12,0.0027142474698840656,0.0026677402348975433,0.023253617493261183,hist_mean:rule
2025-01,0.001913912665450116,0.0018685137374563085,0.02269946399690384,hist_mean:rule
2025-02,0.00279332600643253,0.002747677384393651,0.022824311019439533,hist_mean:rule
2025-03,0.003302799385661732,0.0032553634962076707,0.023717944727030538,hist_mean:rule
2025-04,0.001808319765890227,0.0017526249937218441,0.027847386084191583,hist_mean:rule
2025-05,0.002518359038890994,0.0024693076133110755,0.024525712789959322,hist_mean:rule
2025-06,-0.0007583491037635937,-0.0008152726956626118,0.02846179594950921,hist_mean:rule
2025-07,0.0023316046489271426,0.0022758024495588116,0.027901099684165452,hist_mean:rule
2025-08,0.0024075160095777927,0.0023561492694755453,0.025683370051123686,hist_mean:rule
2025-09,0.0030784091571030335,0.003021089743899942,0.028659706601546042,hist_mean:rule
2025-10,0.00252449382841458,0.0024725027024325645,0.02599556299100793,hist_mean:rule
2025-11,0.004610308746974173,0.004562338507516772,0.02398511972870111,hist_mean:rule
2025-12,0.003771587707522349,0.0037253884261953126,0.02309964066351851,hist_mean:rule
2000-01,-0.0051567066927988795,-0.0051567066927988795,0.0,ols:dm_only
2000-02,0.010200090098099093,0.008537065030150285,0.8315125339744041,ols:dm_only
2000-03,0.0004952711021578645,-0.0009587565629501023,0.7270138325539837,ols:dm_only
2000-04,-0.004540022491532007,-0.006065721220465051,0.7628493644665221,ols:dm_only
2000-05,0.0012786088164448998,-9.590996115518033e-05,0.6872593888000402,ols:dm_only
2000-06,-0.004584786176781775,-0.006034339263313795,0.7247765432660095,ols:dm_only
2000-07,0.0052120587908310164,0.003748522112792827,0.7317683390190944,ols:dm_only
2000-08,0.0036703721695700805,0.0023637889447962763,0.653291612386902,ols:dm_only
2000-09,0.007610115805750576,0.006220091849119454,0.6950119783155608,ols:dm_only
2000-10,0.009345095623247071,0.008138781480853518,0.6031570711967762,ols:dm_only
2000-11,0.008084946934562102,0.00690165285687476,0.5916470388436714,ols:dm_only
2000-12,0.0037977169622786743,0.002597080880258792,0.6003180410099412,ols:dm_only
2001-01,-0.025329065186654225,-0.02705162513462657,0.8612799739861721,ols:dm_only
2001-02,0.0042142012402104165,0.0019133522575503791,1.150424491330019,ols:dm_only
2001-03,0.030779466380806142,0.02864502231196868,1.067222034418732,ols:dm_only
2001-04,0.0020808529587077037,0.000646812474974177,0.7170202418667632,ols:dm_only
2001-05,0.011638861458565209,0.009907243913711124,0.8658087724270419,ols:dm_only
2001-06,0.00627317706800892,0.004727548931268552,0.7728140683701837,ols:dm_only
2001-07,0.013852022873729926,0.012332129743607818,0.759946565061054,ols:dm_only
2001-08,0.0013414822790877832,-3.402382888764617e-05,0.6877530539877149,ols:dm_only
2001-09,0.012189683932540047,0.010664553219362116,0.7625653565889652,ols:dm_only
2001-10,-0.013835886278332503,-0.015430094656160527,0.7971041889140129,ols:dm_only
2001-11,0.012750970822489303,0.01080344304128805,0.9737638906006262,ols:dm_only
2001-12,0.006088640384538152,0.004307024891619099,0.890807746459527,ols:dm_only
2002-01,0.0023803012613074176,0.0004118407747732205,0.9842302432670985,ols:dm_only
2002-02,0.004388759232788634,0.003031321500158522,0.6787188663150563,ols:dm_only
2002-03,0.00794861446263828,0.006544954374703082,0.7018300439675986,ols:dm_only
2002-04,0.014675980604779117,0.013375970620571557,0.6500049921037806,ols:dm_only
2002-05,0.010126037062568016,0.008727050747591919,0.699493157488049,ols:dm_only
2002-06,0.018897419915654683,0.01760063077339409,0.6483945711302957,ols:dm_only
2002-07,0.008081689345584793,0.006802426199600452,0.6396315729921705,ols:dm_only
2002-08,0.004337784116441082,0.0031364913253921424,0.6006463955244704,ols:dm_only
2002-09,0.015699681734925357,0.014526984346061606,0.5863486944318752,ols:dm_only
2002-10,0.006770692848132903,0.005738695212146827,0.5159988179930377,ols:dm_only
2002-11,0.0022447988833146715,0.000986407028170876,0.6291959275718979,ols:dm_only
2002-12,0.0049657805568539305,0.0036983557866116135,0.6337123851211588,ols:dm_only
2003-01,0.008903771732121517,0.007646352000239952,0.6287098659407834,ols:dm_only
2003-02,0.0038662322515862994,0.0028438689644321754,0.5111816435770619,ols:dm_only
2003-03,0.00995845177648095,0.008989913904332542,0.4842689360742051,ols:dm_only
2003-04,-0.005882890678100587,-0.006633904559960448,0.37550694092993087,ols:dm_only
2003-05,0.012068086075978323,0.010713177150912618,0.6774544625328519,ols:dm_only
2003-06,0.007247313533503076,0.005977617522724843,0.6348480053891166,ols:dm_only
2003-07,0.014872802076093015,0.013824249840484033,0.524276117804491,ols:dm_only
2003-08,0.014420389814987205,0.013194672937650666,0.6128584386682696,ols:dm_only
2003-09,-0.010922618406803274,-0.012265213691779733,0.6712976424882299,ols:dm_only
2003-10,0.007899466449400228,0.006478417569537911,0.7105244399311583,ols:dm_only
2003-11,0.004312637699876458,0.003054772245974319,0.6289327269510695,ols:dm_only
2003-12,-0.001405747973690784,-0.0027617356813380697,0.6779938538236424,ols:dm_only
2004-01,0.008249184363976206,0.007000674528977276,0.6242549174994658,ols:dm_only
2004-02,0.009126047829140435,0.007698605793428189,0.7137210178561229,ols:dm_only
2004-03,0.006743106050738506,0.00572442578442378,0.5093401331573628,ols:dm_only
2004-04,0.019548104632663568,0.018490118677876994,0.5289929773932864,ols:dm_only
2004-05,-0.005310764709582455,-0.0063802156354742165,0.5347254629458806,ols:dm_only
2004-06,-0.007574573489742173,-0.008787598907738737,0.6065127089982825,ols:dm_only
2004-07,0.009306913736791808,0.008099150683247663,0.6038815267720723,ols:dm_only
2004-08,0.005949194597973065,0.004877790279974816,0.5357021589991245,ols:dm_only
2004-09,0.01322885344434611,0.01206754139461685,0.5806560248646291,ols:dm_only
2004-10,0.0035325275209386695,0.002420173395954222,0.556177062492224,ols:dm_only
2004-11,0.008326053757268822,0.007106874498563712,0.6095896293525552,ols:dm_only
2004-12,0.0053514212717473975,0.004060613346949723,0.6454039623988373,ols:dm_only
2005-01,0.004624290451929081,0.0033282711011136303,0.6480096754077254,ols:dm_only
2005-02,0.0023641984109318954,0.0010668182868081024,0.6486900620618965,ols:dm_only
2005-03,0.010725169822533794,0.00938317817579136,0.6709958233712181,ols:dm_only
2005-04,0.016483306879007464,0.01535210306034284,0.5656019093323121,ols:dm_only
2005-05,-0.005049110360318575,-0.006066404428193663,0.5086470339375441,ols:dm_only
2005-06,0.003993163666790495,0.002630379575427916,0.6813920456812894,ols:dm_only
2005-07,0.0037083731330286992,0.0025134158493220916,0.597478641853304,ols:dm_only
2005-08,0.0033687573629834332,0.0021718683796001443,0.5984444916916443,ols:dm_only
2005-09,-2.122752830451105e-05,-0.001463205197080814,0.7209888343881519,ols:dm_only
2005-10,0.010357839126834027,0.00904947091460437,0.6541841061148281,ols:dm_only
2005-11,0.00445207226253125,0.003378550032988274,0.5367611147714877,ols:dm_only
2005-12,0.002470022973920405,0.0013112164422180005,0.5794032658512022,ols:dm_only
2006-01,-0.007171479426924185,-0.008329321364142724,0.5789209686092697,ols:dm_only
2006-02,0.013762091542205385,0.012143132757395585,0.8094793924048999,ols:dm_only
2006-03,-0.006487147236871583,-0.007784119920096824,0.6484863416126196,ols:dm_only
2006-04,0.0012591081408757148,-0.00011847975162824355,0.688793946251979,ols:dm_only
2006-05,0.0028898789536107032,0.0013829992494587347,0.7534398520759843,ols:dm_only
2006-06,0.014205302683305242,0.01287624829638639,0.6645271934594273,ols:dm_only
2006-07,0.002231870220546424,0.0010737629624998264,0.5790536290232989,ols:dm_only
2006-08,0.0037249291432502447,0.0025674711979756354,0.5787289726373047,ols:dm_only
2006-09,0.008679132929475914,0.007530302380650085,0.5744152744129147,ols:dm_only
2006-10,-5.633272914700903e-05,-0.0011182857974621474,0.5309765341575692,ols:dm_only
2006-11,0.00853317882191102,0.007331173439302157,0.6010026913044323,ols:dm_only
2006-12,0.00625663168324073,0.005190402049735719,0.5331148167525057,ols:dm_only
2007-01,0.006501214979635159,0.005394163965324949,0.5535255071551056,ols:dm_only
2007-02,0.005722711061359262,0.004453909261424766,0.6344008999672478,ols:dm_only
2007-03,0.00038924663250954376,-0.0008353157745472357,0.6122812035283898,ols:dm_only
2007-04,0.015355433433534809,0.014027158287128225,0.6641375732032915,ols:dm_only
2007-05,0.006825084134870624,0.005674846122767182,0.575119006051721,ols:dm_only
2007-06,0.0021229020388867158,0.0008462524790646717,0.6383247799110221,ols:dm_only
2007-07,0.0041890514785439285,0.0027291274055212186,0.7299620365113548,ols:dm_only
2007-08,0.002881213601407138,0.0015532463697172252,0.6639836158449564,ols:dm_only
2007-09,0.0018159449564014104,0.0005622461957883464,0.6268493803065319,ols:dm_only
2007-10,-0.003588975217200995,-0.004787641745296382,0.5993332640476934,ols:dm_only
2007-11,0.0040477376016397355,0.002787962940421619,0.629887330609058,ols:dm_only
2007-12,0.013232504941565613,0.011880382912444577,0.676061014560518,ols:dm_only
2008-01,0.005616874768293452,0.004541524463295159,0.5376751524991464,ols:dm_only
2008-02,-0.0015641243700886575,-0.0028297528925394478,0.632814261225395,ols:dm_only
2008-03,0.009154500321911863,0.007858937637696137,0.6477813421078624,ols:dm_only
2008-04,0.0020450971123557567,0.0008299984481430192,0.6075493321063687,ols:dm_only
2008-05,0.0013044921074378418,-1.6426058658085606e-05,0.6604590830479635,ols:dm_only
2008-06,0.009528752617674132,0.008242437820732057,0.6431573984710371,ols:dm_only
2008-07,0.0023093831735711556,0.001200356647909854,0.5545132628306507,ols:dm_only
2008-08,0.009941149250174803,0.008637750146015054,0.6516995520798742,ols:dm_only
2008-09,0.014458427263066377,0.013517878343676777,0.47027445969479903,ols:dm_only
2008-10,0.027157701755165273,0.02623296682181131,0.4623674666769812,ols:dm_only
2008-11,0.006667907031357488,0.005715252600537581,0.4763272154099536,ols:dm_only
2008-12,0.005259392965232314,0.0041514618261734105,0.5539655695294518,ols:dm_only
2009-01,0.006922484810768517,0.005660437873528022,0.6310234686202474,ols:dm_only
2009-02,0.006934319054743015,0.00575935185046266,0.5874836021401775,ols:dm_only
2009-03,-0.007835330104100842,-0.008915369807552264,0.5400198517257098,ols:dm_only
2009-04,-0.008473594106139562,-0.009892625697539495,0.7095157956999665,ols:dm_only
2009-05,0.015588341197743029,0.013767482912966944,0.9104291423880426,ols:dm_only
2009-06,-0.0009529151712737934,-0.002396833463437518,0.7219591460818624,ols:dm_only
2009-07,0.0016757255090738984,0.00024272531858467885,0.7165000952446098,ols:dm_only
2009-08,0.004850165400136739,0.003641341971987074,0.6044117140748329,ols:dm_only
2009-09,0.005247088551698278,0.0041142866584550596,0.5664009466216094,ols:dm_only
2009-10,0.0037585095008596733,0.0026944117523056473,0.532048874277013,ols:dm_only
2009-11,0.00354626830236468,0.002374650425916909,0.5858089382238855,ols:dm_only
2009-12,0.001318314225072356,0.0002580041134908194,0.5301550557907684,ols:dm_only
2010-01,0.0047053778065992286,0.003615159746323712,0.5451090301377581,ols:dm_only
2010-02,0.0019050935532880968,0.0007290036752575567,0.5880449390152701,ols:dm_only
2010-03,0.004700334155978375,0.0036184295263357227,0.5409523148213258,ols:dm_only
2010-04,0.007961691463149328,0.0069271093950149555,0.5172910340671858,ols:dm_only
2010-05,0.004069373037084186,0.0029925349131049825,0.5384190619896017,ols:dm_only
2010-06,0.00861880636070741,0.0075331706293738036,0.5428178656668031,ols:dm_only
2010-07,0.0014010472769835807,0.0005401529681617756,0.43044715441090253,ols:dm_only
2010-08,0.006108128425227452,0.0050394088281179574,0.5343597985547478,ols:dm_only
2010-09,0.002971769367612186,0.0019114389343925467,0.5301652166098196,ols:dm_only
2010-10,0.005071816720855087,0.004024162891137304,0.5238269148588913,ols:dm_only
2010-11,0.005049749055323189,0.004058040531446455,0.49585426193836707,ols:dm_only
2010-12,0.003618234249825629,0.0026321426324062303,0.4930458087096994,ols:dm_only
2011-01,0.009626028425504815,0.008686136648380987,0.4699458885619141,ols:dm_only
2011-02,0.004030325776415383,0.003019887090390933,0.5052193430122249,ols:dm_only
2011-03,0.0025246004064298014,0.0015586283324878624,0.48298603697096937,ols:dm_only
2011-04,0.0071974535174057774,0.006262143328334978,0.4676550945353998,ols:dm_only
2011-05,0.007681263550976972,0.006790183734396188,0.4455399082903925,ols:dm_only
2011-06,0.004412453179468687,0.0034759133483950105,0.46826991553683833,ols:dm_only
2011-07,0.005031830623718585,0.004134992363334693,0.4484191301919462,ols:dm_only
2011-08,0.006990947531957203,0.006088601134954708,0.4511731985012475,ols:dm_only
2011-09,0.006957695653919928,0.006052173313663322,0.4527611701283032,ols:dm_only
2011-10,-0.004242936666769911,-0.005299796891404085,0.5284301123170868,ols:dm_only
2011-11,0.005905673054831144,0.004788371604288091,0.5586507252715261,ols:dm_only
2011-12,0.006023288465126437,0.004987163401054644,0.5180625320358964,ols:dm_only
2012-01,-0.00928309165722088,-0.01025095805395168,0.4839331983653995,ols:dm_only
2012-02,0.0022486672741575146,0.0010062985867504567,0.6211843437035288,ols:dm_only
2012-03,0.0030080077156812096,0.0018492104267708548,0.5793986444551776,ols:dm_only
2012-04,0.006955377948815492,0.005798906934676536,0.5782355070694782,ols:dm_only
2012-05,0.007392433343444057,0.0064030007173478815,0.49471631304808805,ols:dm_only
2012-06,0.0033429878855964403,0.0024076007247994125,0.4676935803985141,ols:dm_only
2012-07,0.005000025144456903,0.0041855370893883375,0.4072440275342831,ols:dm_only
2012-08,0.008754164264619321,0.007848559483395032,0.45280239061214467,ols:dm_only
2012-09,0.003072069907186257,0.0021918285330162833,0.4401206870849867,ols:dm_only
2012-10,0.0019313462035911878,0.0010500162261221316,0.44066498873452803,ols:dm_only
2012-11,0.0029627897135436794,0.0020440087710476415,0.4593904712480188,ols:dm_only
2012-12,-0.00035602918472120426,-0.0012944029788884983,0.4691868970836472,ols:dm_only
2013-01,0.005261070598204049,0.004289651292821409,0.4857096526913204,ols:dm_only
2013-02,0.005447667954548462,0.0044897468845171845,0.4789605350156388,ols:dm_only
2013-03,0.008331705298756485,0.007428263793483969,0.4517207526362582,ols:dm_only
2013-04,0.007674632129301721,0.006910223437321254,0.38220434599023384,ols:dm_only
2013-05,0.0092429874881601,0.008371967479167682,0.43551000449620875,ols:dm_only
2013-06,0.00426420025983835,0.0032445901803413967,0.5098050397484766,ols:dm_only
2013-07,0.0019101468166342755,0.0009148234281092269,0.4976616942625243,ols:dm_only
2013-08,0.004558621245488544,0.003560676291255871,0.49897247711633647,ols:dm_only
2013-09,-0.0007297414861345366,-0.001763634722961968,0.5169466184137158,ols:dm_only
2013-10,0.002082080420078965,0.0010381298783324994,0.5219752708732328,ols:dm_only
2013-11,0.002945364343717423,0.001990938050860208,0.47721314642860724,ols:dm_only
2013-12,0.006380305913393567,0.005462832285639077,0.4587368138772446,ols:dm_only
2014-01,0.004108701230018561,0.003336159069010958,0.38627108050380166,ols:dm_only
2014-02,0.0012529178964658272,0.0003063399316019822,0.4732889824319224,ols:dm_only
2014-03,0.0001790518267424996,-0.0007617327419097201,0.47039228432610974,ols:dm_only
2014-04,0.005712681124039768,0.0048192909195296065,0.4466951022550807,ols:dm_only
2014-05,0.0050071832159180865,0.004157364432178763,0.4249093918696618,ols:dm_only
2014-06,0.004664142061237734,0.0037506862299984123,0.4567279156196608,ols:dm_only
2014-07,0.0006845185743760057,-0.00022896374549103012,0.4567411599335178,ols:dm_only
2014-08,0.002464844056008499,0.0014635578418612627,0.5006431070736183,ols:dm_only
2014-09,0.005849848231149885,0.004960280785270604,0.4447837229396407,ols:dm_only
2014-10,0.005950620046496686,0.005091595899284578,0.42951207360605365,ols:dm_only
2014-11,0.007002480740693998,0.006198321603610513,0.4020795685417426,ols:dm_only
2014-12,0.007903681583930577,0.00706418755235612,0.41974701578722884,ols:dm_only
2015-01,0.0024265713763375564,0.0015001760941574709,0.4631976410900428,ols:dm_only
2015-02,0.0007613461930776368,-0.00021775294673693956,0.48954956990728804,ols:dm_only
2015-03,0.005406800603152972,0.004527194650082127,0.4398029765354227,ols:dm_only
2015-04,-0.0053417260425764265,-0.00621198277386406,0.43512836564381646,ols:dm_only
2015-05,0.002602054878256422,0.0014971299198741413,0.5524624791911403,ols:dm_only
2015-06,0.0012704579461732335,0.0002061119984680988,0.5321729738525675,ols:dm_only
2015-07,0.00512144149187775,0.004245281134088487,0.43808017889463136,ols:dm_only
2015-08,0.007415417924537745,0.0065357223989230785,0.4398477628073333,ols:dm_only
2015-09,0.002147575829635232,0.0012655165260120182,0.4410296518116069,ols:dm_only
2015-10,0.0011949323129155827,0.0002889787462119669,0.4529767833518078,ols:dm_only
2015-11,0.009817255405475424,0.008906919952245764,0.45516772661483007,ols:dm_only
2015-12,0.0023720702921439145,0.001465680304737125,0.4531949937033945,ols:dm_only
2016-01,0.0015781471731885594,0.0006426310470901308,0.4677580630492142,ols:dm_only
2016-02,-0.00031197069250886146,-0.0012867687420374853,0.48739902476431174,ols:dm_only
2016-03,0.0010926661736201217,3.9285211246031885e-05,0.5266904811870449,ols:dm_only
2016-04,0.009571420401200952,0.008420596840934972,0.5754117801329895,ols:dm_only
2016-05,0.0025612359318688722,0.0015657086221839093,0.49776365484248136,ols:dm_only
2016-06,0.0006676062339861497,-0.00030976504083083127,0.4886856374084904,ols:dm_only
2016-07,0.002817764031299128,0.0019408987225233234,0.43843265438790235,ols:dm_only
2016-08,0.006045487377694265,0.005122400950506452,0.4615432135939062,ols:dm_only
2016-09,0.0032106993058495163,0.0023548637226473382,0.4279177916010889,ols:dm_only
2016-10,0.005802600509131107,0.005026824891060013,0.38788780903554704,ols:dm_only
2016-11,0.004610226344723955,0.003815058829625019,0.39758375754946834,ols:dm_only
2016-12,0.0002866500600796433,-0.0006126019015864621,0.44962598083305266,ols:dm_only
2017-01,0.010786566222042783,0.009900683365632289,0.44294142820524657,ols:dm_only
2017-02,0.003342162850917182,0.0023959962021359994,0.473083324390591,ols:dm_only
2017-03,0.0047281808016024565,0.0037594922503427827,0.4843442756298368,ols:dm_only
2017-04,0.0028745831585621547,0.002007819313835014,0.43338192236357026,ols:dm_only
2017-05,0.007108968795712376,0.006238692428267835,0.435138183722271,ols:dm_only
2017-06,0.002098458286778184,0.0013258218968087967,0.38631819498469355,ols:dm_only
2017-07,0.0064289938051352484,0.005688983855682278,0.3700049747264853,ols:dm_only
2017-08,0.00551924001730424,0.004669720084415701,0.4247599664442698,ols:dm_only
2017-09,0.004381831433069466,0.0035629527434718608,0.4094393447988027,ols:dm_only
2017-10,0.004561205245075728,0.0037559931176794044,0.40260606369816204,ols:dm_only
2017-11,0.0014776672577676685,0.0006711641280201917,0.4032515648737385,ols:dm_only
2017-12,-0.0015920348624010126,-0.002481910509494507,0.44493782354674705,ols:dm_only
2018-01,0.0022867928109713367,0.001349339724409886,0.4687265432807252,ols:dm_only
2018-02,0.0053208139216413255,0.004336122983931686,0.4923454688548201,ols:dm_only
2018-03,0.002840045115986416,0.0019023642031514403,0.4688404564174879,ols:dm_only
2018-04,0.00391021147005472,0.0030027664319702855,0.453722519042217,ols:dm_only
2018-05,0.005014179707612073,0.004028774383081483,0.4927026622652948,ols:dm_only
2018-06,0.0019179002881831947,0.0009519720845609474,0.4829641018111236,ols:dm_only
2018-07,0.001451410770908411,0.0005705584953274961,0.44042613779045753,ols:dm_only
2018-08,0.0036103238073345325,0.00270524628379174,0.45253876177139635,ols:dm_only
2018-09,0.0036123216093769672,0.002770242747353489,0.42103943101173924,ols:dm_only
2018-10,0.004162154405386812,0.0033453726217577487,0.4083908918145319,ols:dm_only
2018-11,-0.0015176104313992704,-0.0024500779025738583,0.46623373558729386,ols:dm_only
2018-12,0.0032377377613560326,0.002198686080917501,0.5195258402192658,ols:dm_only
2019-01,0.000743338392932404,-0.00012278030403674162,0.4330593484845729,ols:dm_only
2019-02,0.0007996678982390616,-0.00017160927077712024,0.48563858450809066,ols:dm_only
2019-03,0.0031267885383246684,0.002217062537292559,0.45486300051605505,ols:dm_only
2019-04,0.0009881905292379906,0.00010036724407414955,0.4439116425819206,ols:dm_only
2019-05,0.006283209524771305,0.0054453192235551775,0.41894515060806387,ols:dm_only
2019-06,0.0024564674187719042,0.0016197817335711698,0.4183428426003671,ols:dm_only
2019-07,0.005775362742441955,0.004877760008317106,0.4488013670624244,ols:dm_only
2019-08,0.002265563210608179,0.0014173515548945954,0.42410582785679174,ols:dm_only
2019-09,0.0027588992730080146,0.001916058168329339,0.42142055233933784,ols:dm_only
2019-10,0.0020982026612950625,0.0012780450834989794,0.41007878889804145,ols:dm_only
2019-11,0.0049351442430430065,0.004021729838214741,0.4567072024141332,ols:dm_only
2019-12,0.002169260974058852,0.001269820695707644,0.4497201391756041,ols:dm_only
2020-01,0.00629424717517582,0.005387305143664791,0.45347101575551463,ols:dm_only
2020-02,0.006827004217346736,0.005924717432690338,0.45114339232819967,ols:dm_only
2020-03,0.007477617622403897,0.006674769339651823,0.4014241413760373,ols:dm_only
2020-04,-0.019696857433390804,-0.020760366067445912,0.5317543170275552,ols:dm_only
2020-05,0.0036140159186094575,0.0018619207130135596,0.8760476027979489,ols:dm_only
2020-06,0.008554346212222978,0.007379618619692898,0.5873637962650393,ols:dm_only
2020-07,0.009127627065889078,0.007992839167539397,0.5673939491748414,ols:dm_only
2020-08,0.010563094473236124,0.00937486497988131,0.5941147466774065,ols:dm_only
2020-09,0.01328642128161891,0.012235022307240558,0.525699487189177,ols:dm_only
2020-10,0.0035775352480823396,0.0026474121759853873,0.46506153604847617,ols:dm_only
2020-11,-0.004858072012237377,-0.005823922645542548,0.4829253166525852,ols:dm_only
2020-12,0.00782481649138592,0.006504286166280173,0.6602651625528732,ols:dm_only
2021-01,0.008098919897759772,0.007010383077690455,0.544268410034659,ols:dm_only
2021-02,0.012213415552488959,0.011183451240032826,0.5149821562280672,ols:dm_only
2021-03,0.00863021461798993,0.007664289589329954,0.48296251432998805,ols:dm_only
2021-04,0.011352881458263683,0.010456416444167522,0.44823250704807993,ols:dm_only
2021-05,0.008412138296303539,0.007432123916146943,0.49000719007829896,ols:dm_only
2021-06,0.005285466027472105,0.004403695610031535,0.4408852087202853,ols:dm_only
2021-07,0.004143181983200977,0.0033135366493489997,0.41482266692598907,ols:dm_only
2021-08,0.0027963308081082774,0.0019435981024169698,0.4263663528456538,ols:dm_only
2021-09,0.005252248016439923,0.004270016979613773,0.49111551841307555,ols:dm_only
2021-10,0.007118130889740645,0.006216096717896377,0.4510170859221342,ols:dm_only
2021-11,0.00368384457793477,0.00290820172188009,0.3878214280273396,ols:dm_only
2021-12,0.00696325251445342,0.005996164637241375,0.48354393860602235,ols:dm_only
2022-01,0.011498294648053065,0.010683877623335392,0.40720851235883726,ols:dm_only
2022-02,0.007152117371527705,0.0063003838595995145,0.4258667559640951,ols:dm_only
2022-03,0.009036135018467518,0.008220547614448967,0.40779370200927595,ols:dm_only
2022-04,0.009217148361040404,0.00851721096064821,0.34996870019609794,ols:dm_only
2022-05,0.00634751180051692,0.005601146046171465,0.3731828771727279,ols:dm_only
2022-06,0.005505670166029565,0.004793248236285782,0.35621096487189113,ols:dm_only
2022-07,-0.0013240797961762906,-0.0020589494075923197,0.36743480570801473,ols:dm_only
2022-08,5.6099510783482384e-05,-0.0007244124655962854,0.39025598818988366,ols:dm_only
2022-09,0.006346575672567673,0.005512744961100788,0.41691535573344213,ols:dm_only
2022-10,0.005087159208568569,0.0042685110586112105,0.40932407497867906,ols:dm_only
2022-11,0.005207672541319066,0.004461286445395068,0.3731930479619992,ols:dm_only
2022-12,0.006878356642134478,0.006093213122584065,0.3925717597752063,ols:dm_only
2023-01,0.0015616648204425398,0.000790243672016964,0.38571057421278804,ols:dm_only
2023-02,0.006995512333321179,0.0061861481442156314,0.4046820945527736,ols:dm_only
2023-03,0.005900238030460228,0.005148747766140678,0.37574513215977484,ols:dm_only
2023-04,0.0009916675128393742,0.00027097355584066883,0.3603469784993527,ols:dm_only
2023-05,0.0017244358329577387,0.0010188726191704507,0.3527816068936441,ols:dm_only
2023-06,0.0049102262709236864,0.004094510730510085,0.40785777020680064,ols:dm_only
2023-07,0.003932741849570318,0.003061549322456235,0.4355962635570412,ols:dm_only
2023-08,0.004775745677394178,0.003930180683288198,0.42278249705299004,ols:dm_only
2023-09,0.0068812615297897005,0.006099144214080785,0.391058657854458,ols:dm_only
2023-10,0.007610413256050902,0.00690872700351964,0.35084312626563063,ols:dm_only
2023-11,-0.00023728292027490547,-0.0009569852906804748,0.35985118520278464,ols:dm_only
2023-12,0.004910522876518974,0.00403811145189016,0.4362057123144069,ols:dm_only
2024-01,0.006997350545704486,0.006241048181827961,0.3781511819382624,ols:dm_only
2024-02,0.006451731164429234,0.0056041851318500485,0.4237730162895925,ols:dm_only
2024-03,0.006118770554514508,0.0053644061373449535,0.37718220858477786,ols:dm_only
2024-04,0.004827557767977638,0.004061635234269118,0.3829612668542598,ols:dm_only
2024-05,0.007892775798745063,0.0071934862681172435,0.3496447653139096,ols:dm_only
2024-06,0.003244428688585455,0.00250946562834805,0.36748153011870266,ols:dm_only
2024-07,0.0020731611418585167,0.001426286389924516,0.32343737596700045,ols:dm_only
2024-08,0.006350042876702573,0.005663340977593161,0.3433509495547063,ols:dm_only
2024-09,0.0019219360481928037,0.0012541846145517907,0.3338757168205065,ols:dm_only
2024-10,0.005332738026098795,0.004639278184686243,0.34672992070627606,ols:dm_only
2024-11,0.008708967984673069,0.00798795031070382,0.36050883698462516,ols:dm_only
2024-12,0.004041560678274655,0.0033623034615533035,0.3396286083606759,ols:dm_only
2025-01,0.002016574273111662,0.0014038035343769525,0.3063853693673548,ols:dm_only
2025-02,0.0035242136495500145,0.0028121928530229702,0.3560103982635222,ols:dm_only
2025-03,0.003559947395200177,0.0028423119840402886,0.358817705579944,ols:dm_only
2025-04,0.0013702136325095251,0.0006262569260331222,0.37197835323820155,ols:dm_only
2025-05,0.002999324385259515,0.0022794053911328344,0.35995949706334035,ols:dm_only
2025-06,-0.00037180990603744767,-0.0010968804571591694,0.3625352755608608,ols:dm_only
2025-07,0.003529740588005131,0.002723124731553801,0.40330792822566486,ols:dm_only
2025-08,0.0074044933844977364,0.00661999658484232,0.3922483998277078,ols:dm_only
2025-09,0.008494775851771448,0.00768202591650346,0.4063749676339936,ols:dm_only
2025-10,0.002888818307856969,0.002139852167103815,0.37448307037657713,ols:dm_only
2025-11,0.003990519483327807,0.0031967937288958806,0.396862877215963,ols:dm_only
2025-12,0.00604263231121338,0.005265266817218491,0.3886827469974442,ols:dm_only
2000-01,-0.00184732017183612,-0.00184732017183612,0.0,ols:own
2000-02,0.0011009283602198582,-0.0007573957755994073,0.9291620679096331,ols:own
2000-03,0.00499489729474781,0.0035202993368382064,0.7372989789548021,ols:own
2000-04,0.010999034346404379,0.009108306883210003,0.9453637315971881,ols:own
2000-05,0.006658836307698907,0.005028848509984665,0.814993898857121,ols:own
2000-06,-0.0014416477479876272,-0.0030860851012831925,0.8222186766477826,ols:own
2000-07,0.007604683765422456,0.006100745022638063,0.7519693713921966,ols:own
2000-08,-7.7392306963343e-05,-0.0013262821839850989,0.6244449385108779,ols:own
2000-09,0.007507871771874788,0.006225061700403639,0.6414050357355745,ols:own
2000-10,0.011644700606241695,0.010433011209781172,0.6058446982302617,ols:own
2000-11,0.0075108166455194,0.006350457331679851,0.5801796569197747,ols:own
2000-12,-0.0009966394644541263,-0.002414497835705082,0.708929185625478,ols:own
2001-01,-0.01847980934701705,-0.01991414240301582,0.717166527999386,ols:own
2001-02,0.008320836067352436,0.006736791946570256,0.7920220603910899,ols:own
2001-03,0.021948437299515882,0.02034176755981514,0.8033348698503721,ols:own
2001-04,0.0022615624585886184,0.0011908674717574551,0.5353474934155817,ols:own
2001-05,0.00801677659405812,0.006546204462901871,0.7352860655781245,ols:own
2001-06,0.001401846166211122,0.00026156699433022647,0.5701395859404478,ols:own
2001-07,0.0059060210988174065,0.004701262819950798,0.6023791394333043,ols:own
2001-08,-0.0010948806072815169,-0.0021809195651597115,0.5430194789390972,ols:own
2001-09,-0.0018567571813930866,-0.0030995337168531287,0.6213882677300212,ols:own
2001-10,0.004054626641220516,0.0028215659543651505,0.6165303434276825,ols:own
2001-11,0.02606797186692502,0.024704709591693772,0.6816311376156252,ols:own
2001-12,0.004582798504545955,0.003328355688304253,0.6272214081208509,ols:own
2002-01,0.002467577934148773,0.0005588252881371412,0.954376323005816,ols:own
2002-02,0.003239219234017878,0.0021092568720850733,0.5649811809664025,ols:own
2002-03,-0.0009161248037729573,-0.0021311255936903675,0.6075003949587053,ols:own
2002-04,0.014714630281015793,0.013565607413772756,0.5745114336215184,ols:own
2002-05,0.008660648647134195,0.007404755092158801,0.6279467774876972,ols:own
2002-06,0.00311810468873918,0.0019431211219412914,0.587491783398944,ols:own
2002-07,0.0062042032046712514,0.004971578409120945,0.6163123977751529,ols:own
2002-08,0.0034168139712719187,0.0023156593390958177,0.5505773160880503,ols:own
2002-09,0.0042547974706235855,0.0032806337321683783,0.48708186922760377,ols:own
2002-10,0.006533348483294915,0.005479617550386143,0.526865466454386,ols:own
2002-11,0.007945555005357251,0.007027713006908997,0.45892099922412605,ols:own
2002-12,-0.001076722443820992,-0.0020493884851396646,0.4863330206593364,ols:own
2003-01,0.00940068506951443,0.008179924215412129,0.6103804270511499,ols:own
2003-02,0.0011761774966939122,0.00025286174292675213,0.46165787688358,ols:own
2003-03,0.008010452971979755,0.007068559586090433,0.47094669294466096,ols:own
2003-04,-0.0003108543011634908,-0.0009937403189572236,0.3414430088968659,ols:own
2003-05,0.01561816949879181,0.014525362141337672,0.5464036787270685,ols:own
2003-06,0.005234345148754993,0.004170572066676741,0.5318865410391259,ols:own
2003-07,0.00864060679539462,0.0076782859598054165,0.4811604177946017,ols:own
2003-08,0.00867837100011681,0.007613282866726165,0.5325440666953227,ols:own
2003-09,-0.003187232849749523,-0.0043963339255963805,0.6045505379234292,ols:own
2003-10,0.005483208232796271,0.004311426595649296,0.5858908185734878,ols:own
2003-11,0.006305125033263867,0.0052406477918721895,0.5322386206958392,ols:own
2003-12,-0.0023740242920652376,-0.003467233581887829,0.5466046449112958,ols:own
2004-01,0.008235238175507555,0.007279476000369704,0.4778810875689258,ols:own
2004-02,0.006235218062836518,0.005103944111595171,0.5656369756206737,ols:own
2004-03,0.006153591775322949,0.005218834605781091,0.46737858477092875,ols:own
2004-04,0.014273961614536436,0.013409854162471525,0.4320537260324553,ols:own
2004-05,-0.004731435547265407,-0.005629333532003221,0.44894899236890734,ols:own
2004-06,-0.006289635765722496,-0.007263577274407379,0.4869707543424413,ols:own
2004-07,0.0074344541031566656,0.00656353596769676,0.43545906772995263,ols:own
2004-08,0.009556734503949007,0.008670300570208938,0.4432169668700347,ols:own
2004-09,0.011622359954321627,0.010859108198302206,0.3816258780097108,ols:own
2004-10,0.0011847447550204621,0.00038732326715690686,0.3987107439317776,ols:own
2004-11,0.006059059855169031,0.005095356735949486,0.48185155960977244,ols:own
2004-12,0.005011895798701463,0.0041063117807620736,0.45279200896969457,ols:own
2005-01,0.002686341185799612,0.0016480556943263762,0.5191427457366178,ols:own
2005-02,0.0031942516668190596,0.0022444448657496655,0.47490340053469726,ols:own
2005-03,0.005334536890895681,0.004349369321029621,0.49258378493303023,ols:own
2005-04,0.011466069845464054,0.010589489645195618,0.43829010013421743,ols:own
2005-05,0.0010775730854755145,0.00021229202761632307,0.43264052892959587,ols:own
2005-06,0.004501690213928147,0.003495878474915296,0.5029058695064254,ols:own
2005-07,0.0030248135030483095,0.002103087975576719,0.4608627637357953,ols:own
2005-08,0.001102985467749151,0.00016763101454769409,0.4676772266007285,ols:own
2005-09,-0.0022584138301895633,-0.003403940311992417,0.5727632409014273,ols:own
2005-10,0.007950283145377353,0.00695730740830313,0.49648786853711113,ols:own
2005-11,0.002408887987088714,0.001566278238530055,0.42130487427932933,ols:own
2005-12,0.0008682455647317073,-8.358331906220068e-06,0.43830194831896374,ols:own
2006-01,-0.0076379451708281166,-0.008486883266162952,0.42446904766741744,ols:own
2006-02,0.013167583990928024,0.011902860100860531,0.632361945033747,ols:own
2006-03,-0.006999739107298471,-0.008018687159323626,0.5094740260125766,ols:own
2006-04,0.0007765327972202563,-0.0002489356194314872,0.512734208325872,ols:own
2006-05,0.01166561642070421,0.010409971703606434,0.627822358548888,ols:own
2006-06,0.014975934212708953,0.014000664028857489,0.4876350919257324,ols:own
2006-07,0.0025505370799133713,0.0015854786698716375,0.48252920502086694,ols:own
2006-08,0.0021907677600511953,0.001270346090402991,0.46021083482410224,ols:own
2006-09,0.008730691112921646,0.007840321817136663,0.4451846478924911,ols:own
2006-10,0.0004705869096523654,-0.00034234354720881434,0.40646522843058996,ols:own
2006-11,0.0070958187818652724,0.006218916688669909,0.43845104659768136,ols:own
2006-12,0.006455022972162385,0.005677854607698181,0.3885841822321018,ols:own
2007-01,0.00828581676578964,0.007294872465912628,0.49547214993850563,ols:own
2007-02,0.0076974346089678305,0.00658805688356042,0.5546888627037048,ols:own
2007-03,0.00033382983540999444,-0.0008023790210795875,0.5681044282447908,ols:own
2007-04,0.013591831292365183,0.012350832819466981,0.6204992364491024,ols:own
2007-05,0.006529975709834697,0.00548561511563837,0.522180297098163,ols:own
2007-06,0.0030360935346305943,0.0018972107428256414,0.5694413959024762,ols:own
2007-07,0.00330508792157405,0.0019448415489444633,0.6801231863147935,ols:own
2007-08,0.005310175614537771,0.004095821456240186,0.6071770791487925,ols:own
2007-09,0.0004274224311805482,-0.0007002324435736929,0.5638274373771205,ols:own
2007-10,-0.006219313937848084,-0.007356853162456633,0.5687696123042743,ols:own
2007-11,0.0027550646066728563,0.0016425479048579775,0.5562583509074395,ols:own
2007-12,0.008871177174611312,0.007693178225283791,0.5889994746637609,ols:own
2008-01,0.003991787238866876,0.0029990033579637486,0.4963919404515637,ols:own
2008-02,0.0007905514617163888,-0.0003878477618402771,0.5891996117783329,ols:own
2008-03,0.004927489039862706,0.0037689014861246243,0.5792937768690414,ols:own
2008-04,0.0026376826189059097,0.0014902366544408874,0.5737229822325111,ols:own
2008-05,0.0003650204263615387,-0.0007496168070693707,0.5573186167154548,ols:own
2008-06,0.007466163246016321,0.006301610818904851,0.5822762135557346,ols:own
2008-07,0.003278942870808771,0.0022923988597391837,0.4932720055347938,ols:own
2008-08,0.008041968986834689,0.0068602706386285415,0.5908491741030736,ols:own
2008-09,0.00974746807428184,0.00879805572500799,0.4747061746369248,ols:own
2008-10,0.019240560773413226,0.018309188023337596,0.46568637503781646,ols:own
2008-11,0.0068039698717079515,0.00585001582827295,0.47697702171750084,ols:own
2008-12,0.007820186736833712,0.006642570610946302,0.5888080629437051,ols:own
2009-01,0.007723503706486057,0.006551621840625702,0.5859409329301771,ols:own
2009-02,0.007518263638903275,0.006418128705437909,0.5500674667326827,ols:own
2009-03,-0.005394509970870116,-0.006380373465968453,0.49293174754916913,ols:own
2009-04,-0.0058211044466518124,-0.0071197589684436815,0.6493272608959345,ols:own
2009-05,0.011571260490835483,0.009964616720448018,0.8033218851937325,ols:own
2009-06,-0.0003491476199919449,-0.0017872771522707018,0.7190647661393785,ols:own
2009-07,0.0013444358694573195,-4.205305597561216e-05,0.6932444627164659,ols:own
2009-08,0.004739758843455377,0.0036360698300040963,0.5518445067256402,ols:own
2009-09,0.004470202851974679,0.0034286897788197265,0.5207565365774763,ols:own
2009-10,0.0039924618602933315,0.0030471759694007407,0.4726429454462952,ols:own
2009-11,0.0032998992714871177,0.002268486856197461,0.5157062076448282,ols:own
2009-12,0.00032754882827024817,-0.0006338768353131537,0.48071283179170093,ols:own
2010-01,0.005525808582760868,0.004539489218827058,0.49315968196690485,ols:own
2010-02,0.0019059260794959442,0.0008960285965240848,0.5049487414859296,ols:own
2010-03,0.005258726064561629,0.004300588154118139,0.4790689552217446,ols:own
2010-04,0.008871943830444911,0.007999387550705263,0.4362781398698242,ols:own
2010-05,0.002519436266706681,0.0016188194061332803,0.45030843028670037,ols:own
2010-06,0.0067107367938411076,0.005841267945658338,0.4347344240913849,ols:own
2010-07,0.002308331419348574,0.001565660406369574,0.3713355064895,ols:own
2010-08,0.004767821515953646,0.0038898174619925465,0.4390020269805501,ols:own
2010-09,0.002650635237824169,0.0017519492859550457,0.4493429759345617,ols:own
2010-10,0.003563249839979363,0.0027072607132632427,0.42799456335806013,ols:own
2010-11,0.00367342177671494,0.0028268455168608537,0.4232881299270432,ols:own
2010-12,0.0029070648595054954,0.0020701361096330524,0.4184643749362216,ols:own
2011-01,0.010029246555679387,0.009266979909425177,0.38113332312710485,ols:own
2011-02,0.003355482868609758,0.0025663656640884276,0.3945586022606651,ols:own
2011-03,0.002116124202794849,0.001304796395944578,0.40566390342513564,ols:own
2011-04,0.007120901537136023,0.006376777214892664,0.37206216112168,ols:own
2011-05,0.006724393481208251,0.006013755045326817,0.3553192179407177,ols:own
2011-06,0.004221444001524512,0.003458665852296405,0.38138907461405336,ols:own
2011-07,0.004416533431089152,0.003703255371218929,0.356639029935111,ols:own
2011-08,0.004036579641204087,0.0033343713709407226,0.35110413513168276,ols:own
2011-09,0.007936108861983843,0.007203194644592101,0.366457108695871,ols:own
2011-10,-0.00316654078040613,-0.003972276942695174,0.4028680811445219,ols:own
2011-11,0.004269106066994377,0.0033584397260200305,0.4553331704871732,ols:own
2011-12,0.005675795513752054,0.004790195270279025,0.4428001217365141,ols:own
2012-01,-0.006682925757723903,-0.0074873609467478,0.4022175945119486,ols:own
2012-02,0.004169828095656905,0.0031278742794623483,0.5209769080972783,ols:own
2012-03,0.003832786593387965,0.00283217662539838,0.5003049839947926,ols:own
2012-04,0.006411836675663316,0.0053748952700892975,0.5184707027870092,ols:own
2012-05,0.006377706640763445,0.0055149246948678,0.43139097294782314,ols:own
2012-06,0.0009515503115135138,0.0002005908175275893,0.3754797469929622,ols:own
2012-07,0.004811840581672763,0.004134177908065377,0.3388313368036929,ols:own
2012-08,0.008684625926715313,0.007961882136929757,0.36137189489277843,ols:own
2012-09,0.00295219062652713,0.0022529757876894253,0.3496074194188522,ols:own
2012-10,0.001589984267403822,0.0008753511064378499,0.357316580482986,ols:own
2012-11,0.0029060807740199134,0.002149526027684826,0.3782773731675438,ols:own
2012-12,-0.0007132890490021734,-0.0014573786171290454,0.37204478406343594,ols:own
2013-01,0.004778531744111523,0.003985281969198173,0.3966248874566751,ols:own
2013-02,0.004533536538804445,0.0037650879900648533,0.384224274369796,ols:own
2013-03,0.007424839054157369,0.006696062121931679,0.3643884661128447,ols:own
2013-04,0.005773510383247205,0.005145534870129182,0.3139877565590118,ols:own
2013-05,0.008400489449521724,0.007705979354279217,0.3472550476212528,ols:own
2013-06,0.003505337588623762,0.0026790127334628787,0.41316242758044147,ols:own
2013-07,0.0016502308897455539,0.0007666564753076979,0.4417872072189278,ols:own
2013-08,0.0046756458512051905,0.0038444015290670804,0.41562216106905525,ols:own
2013-09,-6.41857056344772e-06,-0.0008691085053851167,0.43134496741083445,ols:own
2013-10,0.002342298083325856,0.0015076289985904553,0.41733454236770023,ols:own
2013-11,0.0031206804182995706,0.002305992090573998,0.40734416386278594,ols:own
2013-12,0.006041315246618772,0.005255846691128207,0.392734277745282,ols:own
2014-01,0.0038350379995500585,0.003204512822791604,0.3152625883792275,ols:own
2014-02,0.001237440144416602,0.000473004223609033,0.3822179604037844,ols:own
2014-03,0.0012931102238910963,0.0005001387317234804,0.39648574608380777,ols:own
2014-04,0.005550505035355953,0.004827749569866988,0.36137773274448276,ols:own
2014-05,0.0045340321555117835,0.0038272179661746606,0.3534070946685616,ols:own
2014-06,0.004630966633709929,0.003879969020534871,0.37549880658752915,ols:own
2014-07,0.002167076922150375,0.0014421300144144356,0.36247345386796975,ols:own
2014-08,0.003082440880050996,0.002240221681197439,0.4211095994267786,ols:own
2014-09,0.005347148609629143,0.004638395537520505,0.354376536054319,ols:own
2014-10,0.0044817122380552184,0.0037830116987309574,0.3493502696621306,ols:own
2014-11,0.005951912148102986,0.005311879401894332,0.3200163731043266,ols:own
2014-12,0.006550798813067558,0.005872334199727288,0.339232306670135,ols:own
2015-01,0.002607212424123162,0.0018695314506354495,0.36884048674385633,ols:own
2015-02,0.0006472383316477341,-0.00018731331539328578,0.4172758235205098,ols:own
2015-03,0.0045448943694408675,0.003807675180784377,0.36860959432824525,ols:own
2015-04,-0.004534445529711253,-0.005267100829489329,0.36632764988903777,ols:own
2015-05,0.0025836591122247806,0.001706402467713008,0.43862832225588627,ols:own
2015-06,0.0012679255756124798,0.0004080000812465932,0.42996274718294314,ols:own
2015-07,0.005032168564229648,0.004307125066495903,0.3625217488668728,ols:own
2015-08,0.006665548380246875,0.005951838786781224,0.3568547967328255,ols:own
2015-09,0.002403506985073119,0.00168081412878412,0.36134642814449947,ols:own
2015-10,0.00195405232377742,0.0011968355948424462,0.378608364467487,ols:own
2015-11,0.008663496918158434,0.00792814293052331,0.3676769938175626,ols:own
2015-12,0.002450648002599482,0.001696899611186075,0.3768741957067034,ols:own
2016-01,0.0022642173054907024,0.0015614374301525361,0.3513899376690831,ols:own
2016-02,0.0005441253001732912,-0.00015209630239826065,0.34811080128577593,ols:own
2016-03,0.0007616237261865589,1.934403915392953e-05,0.37113984351631474,ols:own
2016-04,0.008981644258364774,0.008148427790739526,0.41660823381262435,ols:own
2016-05,0.002823469464895853,0.0020642627300473757,0.37960336742423867,ols:own
2016-06,0.0010246549613535654,0.0003431716197843112,0.34074167078462697,ols:own
2016-07,0.0041463245841439084,0.0035106775878722143,0.3178234981358472,ols:own
2016-08,0.005754256875497033,0.005097826154702674,0.3282153603971789,ols:own
2016-09,0.0031452225057858937,0.002513323052974623,0.3159497264056354,ols:own
2016-10,0.005485354476646044,0.0049370881724272765,0.2741331521093841,ols:own
2016-11,0.004724143420232857,0.0041567760192094995,0.2836837005116793,ols:own
2016-12,0.00045781291719717096,-0.00018674140342323352,0.32227716031020226,ols:own
2017-01,0.0093828083638115,0.008739379967325071,0.3217141982432148,ols:own
2017-02,0.0034536569230978467,0.0027397056704652274,0.3569756263163101,ols:own
2017-03,0.0044739101275094815,0.003711008642791129,0.3814507423591766,ols:own
2017-04,0.0031625416465518802,0.0025063495298143237,0.3280960583687782,ols:own
2017-05,0.006088916753354108,0.005437172843625354,0.32587195486437653,ols:own
2017-06,0.0016830539201695644,0.001105622107494509,0.28871590633752775,ols:own
2017-07,0.00660487154956086,0.006049454741972385,0.27770840379423756,ols:own
2017-08,0.005381485836852319,0.0047561597501647465,0.31266304334378664,ols:own
2017-09,0.00442364028928419,0.003789858815137375,0.31689073707340765,ols:own
2017-10,0.00405080628926671,0.0034605451339877226,0.2951305776394944,ols:own
2017-11,0.0019427623585071881,0.0013575557523550104,0.29260330307608884,ols:own
2017-12,-0.001271351809713399,-0.0019131796973217183,0.32091394380415966,ols:own
2018-01,0.0022291384722658235,0.001557774454127949,0.3356820090689373,ols:own
2018-02,0.005120246473015807,0.004414873337272259,0.3526865678717738,ols:own
2018-03,0.0032207534095576498,0.002528215690497176,0.3462688595302367,ols:own
2018-04,0.0035835477753364026,0.002963400363595415,0.31007370587049377,ols:own
2018-05,0.005184158398801887,0.00446148481957772,0.3613367896120833,ols:own
2018-06,0.0020036486852080754,0.0012992162303619862,0.35221622742304454,ols:own
2018-07,0.0017092031297428858,0.0010699541007014267,0.31962451452072954,ols:own
2018-08,0.0034495777196610717,0.0028054192354621233,0.3220792420994741,ols:own
2018-09,0.0030664050548787126,0.0024642775308983803,0.3010637619901661,ols:own
2018-10,0.0039062362737548343,0.003343922628365566,0.2811568226946343,ols:own
2018-11,-0.000794495996793143,-0.001462670644573433,0.334087323890145,ols:own
2018-12,0.0032457969433142895,0.0025014729631115847,0.3721619901013524,ols:own
2019-01,0.0022915095231309302,0.0016539720825345797,0.31876872029817543,ols:own
2019-02,0.0010721354644767115,0.000416409440003436,0.3278630122366377,ols:own
2019-03,0.003153975124215303,0.002495747784089413,0.32911367006294495,ols:own
2019-04,0.0006317092210565448,2.758205749306499e-06,0.3144755076536191,ols:own
2019-05,0.0053624830993290185,0.004744212424569205,0.30913533737990656,ols:own
2019-06,0.002772229861419065,0.0021791351243909502,0.29654736851405744,ols:own
2019-07,0.005389394566541375,0.004742572989805988,0.323410788367694,ols:own
2019-08,0.0021008868497116497,0.0014868139464225703,0.3070364516445397,ols:own
2019-09,0.0026089248054133535,0.001994343881702072,0.3072904618556408,ols:own
2019-10,0.001956550561348368,0.001369629187476677,0.2934606869358452,ols:own
2019-11,0.004749800065136258,0.004099557431750079,0.3251213166930895,ols:own
2019-12,0.002879330098549705,0.002228943621477519,0.32519323853609294,ols:own
2020-01,0.006463327763018898,0.005796727812223821,0.3332999753975382,ols:own
2020-02,0.006014221789796544,0.0053427008376609655,0.3357604760677892,ols:own
2020-03,0.006345458683246069,0.005719926651747995,0.3127660157490368,ols:own
2020-04,-0.013691590139693831,-0.014460978920997097,0.3846943906516336,ols:own
2020-05,0.002239743099626643,0.0008560366844104013,0.6918532076081209,ols:own
2020-06,0.004949843141071613,0.003955418442758771,0.497212349156421,ols:own
2020-07,0.005207888416142507,0.004355546432709791,0.42617099171635825,ols:own
2020-08,0.008873269103063137,0.007928101117618783,0.4725839927221775,ols:own
2020-09,0.011172186815868334,0.010330760986768375,0.42071291454997956,ols:own
2020-10,0.004214862978025669,0.0034736483618962337,0.370607308064718,ols:own
2020-11,-0.0043507786464575746,-0.005135180807313649,0.39220108042803703,ols:own
2020-12,0.006956057670769203,0.005955741689484978,0.5001579906421123,ols:own
2021-01,0.007755698747567236,0.006909516706306463,0.4230910206303863,ols:own
2021-02,0.01015629201334448,0.009403699521389992,0.37629624597724454,ols:own
2021-03,0.00954578638385445,0.00879175955640028,0.37701341372708613,ols:own
2021-04,0.011066447173246141,0.010395778867652227,0.3353341527969576,ols:own
2021-05,0.008472852973516234,0.007722904910207953,0.3749740316541405,ols:own
2021-06,0.004937988354094407,0.004265892296594034,0.33604802875018625,ols:own
2021-07,0.0033331448550560543,0.0027093747430073827,0.31188505602433597,ols:own
2021-08,0.004110939902373548,0.003495790577978289,0.30757466219762936,ols:own
2021-09,0.005163506795693991,0.004454756128236565,0.35437533372871266,ols:own
2021-10,0.0061103182273069155,0.005441119270742878,0.33459947828201925,ols:own
2021-11,0.003980430473232959,0.00339824802187845,0.2910912256772546,ols:own
2021-12,0.006371270748705893,0.0056645380418519214,0.3533663534269864,ols:own
2022-01,0.011570881678302924,0.010928964868339091,0.3209584049819169,ols:own
2022-02,0.006563949114057843,0.005896750611763226,0.33359925114730876,ols:own
2022-03,0.007945548481972016,0.007271726743977478,0.33691086899726946,ols:own
2022-04,0.008234240498252958,0.007650893158270092,0.29167366999143374,ols:own
2022-05,0.006015023925257656,0.0054075848285275036,0.303719548365076,ols:own
2022-06,0.005172665273195303,0.004596813987509673,0.28792564284281563,ols:own
2022-07,-0.0008767898604368833,-0.0014627278169098536,0.2929689782364852,ols:own
2022-08,0.0009650363274509189,0.00034603634898608176,0.3094999892324185,ols:own
2022-09,0.006118247216223696,0.005479767722567834,0.31923974682793177,ols:own
2022-10,0.004893689975626504,0.00421601444331262,0.3388377661569421,ols:own
2022-11,0.005213123773433663,0.004610881115754972,0.3011213288393449,ols:own
2022-12,0.0069629697474211626,0.006327619734638415,0.3176750063913741,ols:own
2023-01,0.0017440144329462957,0.0010929620968441328,0.3255261680510816,ols:own
2023-02,0.006610149830561591,0.005930108018341319,0.3400209061101357,ols:own
2023-03,0.005877170059057971,0.005264465470656979,0.3063522942004961,ols:own
2023-04,0.0014564352572613668,0.0008738644978437906,0.2912853797087881,ols:own
2023-05,0.0022765362753923535,0.001674281654795988,0.3011273102981829,ols:own
2023-06,0.004473698500116764,0.003813757606809513,0.32997044665362574,ols:own
2023-07,0.0035360461020986582,0.002826622905123968,0.35471159848734507,ols:own
2023-08,0.005567118437564298,0.004882745313035734,0.3421865622642822,ols:own
2023-09,0.007059781287179626,0.006434545888071519,0.3126176995540535,ols:own
2023-10,0.007474112293765245,0.0068990104504723145,0.2875509216464653,ols:own
2023-11,0.0005460266218523514,-2.414114987185216e-05,0.2850838858621017,ols:own
2023-12,0.004709594322846428,0.003994074810882089,0.35775975598216925,ols:own
2024-01,0.007375712177018375,0.00674423069024632,0.31574074338602764,ols:own
2024-02,0.005999441696907789,0.005287819025045863,0.35581133593096276,ols:own
2024-03,0.0060270925648498504,0.005384995760450677,0.3210484021995867,ols:own
2024-04,0.004256271848738863,0.0036004239331359797,0.3279239578014415,ols:own
2024-05,0.007732447313981022,0.007128196797106582,0.3021252584372194,ols:own
2024-06,0.0026126436387452763,0.0020035461035305224,0.3045487676073768,ols:own
2024-07,0.0027393889255943435,0.0021775221373029857,0.2809333941456787,ols:own
2024-08,0.006168097246880217,0.005611156080276286,0.2784705833019654,ols:own
2024-09,0.0022853925457105594,0.0017309717349369008,0.2772104053868294,ols:own
2024-10,0.005292489785345775,0.004733891192429055,0.27929929645836,ols:own
2024-11,0.008388851047182112,0.007800916597119447,0.2939672250313326,ols:own
2024-12,0.003794289324615058,0.0032365453214364625,0.27887200158929776,ols:own
2025-01,0.002277912396065364,0.0017659334510927674,0.25598947248629816,ols:own
2025-02,0.0032318862269900242,0.002626594078283543,0.3026460743532405,ols:own
2025-03,0.003597671758912517,0.0029768677762239282,0.31040199134429436,ols:own
2025-04,0.0013296628499874419,0.0007071301756934521,0.3112663371469948,ols:own
2025-05,0.0028476107093716465,0.0022307126036487514,0.3084490528614478,ols:own
2025-06,-0.000614885498826658,-0.001221423555592638,0.30326902838299,ols:own
2025-07,0.002979914881923185,0.0023111018934645826,0.33440649422930124,ols:own
2025-08,0.005657370740697043,0.004986910436539021,0.335230152079011,ols:own
2025-09,0.007394350829673029,0.006711957152702263,0.34119683848538246,ols:own
2025-10,0.0032390780955376727,0.00261302081307319,0.31302864123224117,ols:own
2025-11,0.004026761574670548,0.0033580974852382883,0.3343320447161302,ols:own
2025-12,0.005249847876723548,0.004593670383866087,0.3280887464287305,ols:own
2000-01,-0.0023474424540065224,-0.0023474424540065224,0.0,ols:pooled
2000-02,0.01155041644075801,0.009800413859130781,0.8750012908136143,ols:pooled
2000-03,0.0007537987717444158,-0.0007147638350481069,0.734281303396262,ols:pooled
2000-04,-0.003716813794298962,-0.005356707170924809,0.819946688312923,ols:pooled
2000-05,0.002664287138582839,0.001149904609120893,0.7571912647309731,ols:pooled
2000-06,-0.004376761958872072,-0.0058824651484127915,0.7528515947703596,ols:pooled
2000-07,0.0046854786306304635,0.003234784848415673,0.7253468911073953,ols:pooled
2000-08,0.0043401826135498825,0.003019893869780052,0.660144371884915,ols:pooled
2000-09,0.0064332355744640135,0.005072470454892862,0.6803825597855754,ols:pooled
2000-10,0.008948279468548958,0.007715304416547808,0.6164875260005751,ols:pooled
2000-11,0.00756156859336006,0.006347232409251691,0.6071680920541849,ols:pooled
2000-12,0.00456135946077691,0.0033243636504677633,0.6184979051545735,ols:pooled
2001-01,-0.02362699572616255,-0.025133980346737493,0.7534923102874718,ols:pooled
2001-02,0.007346175445604791,0.005283195245315087,1.0314901001448524,ols:pooled
2001-03,0.030188439955573704,0.02824454391676303,0.9719480194053356,ols:pooled
2001-04,0.002482949978950461,0.001194849718497014,0.6440501302267233,ols:pooled
2001-05,0.01215227989612026,0.010588067984522963,0.7821059557986484,ols:pooled
2001-06,0.006321786361480075,0.0049745846507438,0.6736008553681375,ols:pooled
2001-07,0.012266559739127944,0.010942459734294778,0.6620500024165829,ols:pooled
2001-08,0.0020280099988819124,0.000818467771005819,0.6047711139380465,ols:pooled
2001-09,0.014213436065702986,0.012855388010304725,0.6790240276991302,ols:pooled
2001-10,-0.011886191271368007,-0.013275382712146972,0.6945957203894825,ols:pooled
2001-11,0.010649018610038901,0.008953702892814835,0.8476578586120336,ols:pooled
2001-12,0.007177988940508267,0.005559079840342291,0.8094545500829885,ols:pooled
2002-01,0.0027098958727021162,0.0008853124123814036,0.9122917301603565,ols:pooled
2002-02,0.004722164609372772,0.0035062552855548716,0.6079546619089501,ols:pooled
2002-03,0.005718551528994389,0.004449363317392011,0.6345941058011889,ols:pooled
2002-04,0.015593640524147216,0.01437154934562274,0.6110455892622383,ols:pooled
2002-05,0.0098111238806359,0.008525268620445121,0.6429276300953894,ols:pooled
2002-06,0.015771757754610392,0.01454694213322198,0.6124078106942065,ols:pooled
2002-07,0.008311235731596749,0.007091737890983476,0.6097489203066363,ols:pooled
2002-08,0.00458110446052091,0.003447490754805795,0.5668068528575574,ols:pooled
2002-09,0.014062291042977773,0.012996106750872809,0.5330921460524835,ols:pooled
2002-10,0.00721623029904915,0.0062298316420666446,0.49319932849125186,ols:pooled
2002-11,0.003488753556729959,0.002372661847296123,0.5580458547169177,ols:pooled
2002-12,0.004537786976680521,0.0034009192259979843,0.5684338753412693,ols:pooled
2003-01,0.009122179509316536,0.007938958425643452,0.5916105418365415,ols:pooled
2003-02,0.004050933501096221,0.003113281097379341,0.4688262018584403,ols:pooled
2003-03,0.009577662565141535,0.008671226205582666,0.45321817977943474,ols:pooled
2003-04,-0.0049593868770550905,-0.005656708548133807,0.3486608355393586,ols:pooled
2003-05,0.013501889664010018,0.012256752052255864,0.622568805877077,ols:pooled
2003-06,0.00661847867299504,0.005455494948900148,0.5814918620474459,ols:pooled
2003-07,0.013532304901007219,0.012548449666861097,0.491927617073061,ols:pooled
2003-08,0.01314930905523831,0.011988333338053816,0.580487858592247,ols:pooled
2003-09,-0.009479934880190298,-0.010770462474035432,0.6452637969225666,ols:pooled
2003-10,0.007516853955535429,0.006182191030208203,0.6673314626636123,ols:pooled
2003-11,0.005729644781544828,0.004564629943684962,0.5825074189299325,ols:pooled
2003-12,-0.0014919570298901662,-0.002745493161006751,0.626768065558292,ols:pooled
2004-01,0.008969910159048904,0.007844419778953162,0.5627451900478706,ols:pooled
2004-02,0.008597544428166149,0.00729064198487576,0.6534512216451942,ols:pooled
2004-03,0.006397883706049041,0.0054370723147007275,0.48040569567415725,ols:pooled
2004-04,0.018919222903122535,0.017947845996906193,0.4856884531081698,ols:pooled
2004-05,-0.005508660542583919,-0.0064938245429620265,0.49258200018905374,ols:pooled
2004-06,-0.007952159993563539,-0.009061286211227575,0.5545631088320186,ols:pooled
2004-07,0.00874710115837536,0.007645399547687456,0.5508508053439521,ols:pooled
2004-08,0.008390865215298571,0.007400182526292997,0.4953413445027872,ols:pooled
2004-09,0.013276941892761606,0.012247242045141413,0.5148499238100958,ols:pooled
2004-10,0.0025621021131332763,0.0015674288971043453,0.4973366080144656,ols:pooled
2004-11,0.00768568031737535,0.0065527068968147285,0.566486710280311,ols:pooled
2004-12,0.005615314216014534,0.004445882422291515,0.5847158968615096,ols:pooled
2005-01,0.004259009439917759,0.00305298719758159,0.6030111211680844,ols:pooled
2005-02,0.002817569358774167,0.001641386193490058,0.5880915826420543,ols:pooled
2005-03,0.009418152295228766,0.008191080931012156,0.6135356821083041,ols:pooled
2005-04,0.015557990943658753,0.014516728316159824,0.5206313137494641,ols:pooled
2005-05,-0.0033551833413713876,-0.004305176625357991,0.4749966419933017,ols:pooled
2005-06,0.00417337087994711,0.002930017047860721,0.6216769160431945,ols:pooled
2005-07,0.003763446227565305,0.0026710063740729975,0.5462199267461537,ols:pooled
2005-08,0.002762814176466019,0.0016606737371520086,0.551070219657005,ols:pooled
2005-09,-0.000609527593319548,-0.0019505098010964537,0.6704911038884525,ols:pooled
2005-10,0.009718431963861681,0.008517644349365146,0.6003938072482674,ols:pooled
2005-11,0.0040481134491529465,0.003061482174340422,0.49331563740626233,ols:pooled
2005-12,0.0019953143841397692,0.0009260445333123713,0.5346349254136988,ols:pooled
2006-01,-0.007546028312712518,-0.008597805536501826,0.5258886118946536,ols:pooled
2006-02,0.013608086447884419,0.012102375038188999,0.752855704847709,ols:pooled
2006-03,-0.00720410172124078,-0.008398907909695068,0.5974030942271441,ols:pooled
2006-04,0.001372225914066828,0.00010485137535187318,0.6336872693574773,ols:pooled
2006-05,0.005389015821681743,0.003968796810624283,0.71010950552873,ols:pooled
2006-06,0.01431902488585225,0.013106498027206934,0.606263429322657,ols:pooled
2006-07,0.0023554581962301657,0.0012756968657261095,0.5398806652520282,ols:pooled
2006-08,0.00372802837738944,0.002661501774591435,0.5332633013990021,ols:pooled
2006-09,0.008801116415972325,0.007753218640309049,0.523948887831638,ols:pooled
2006-10,0.00021190680761701673,-0.0007512144907465418,0.4815606491817794,ols:pooled
2006-11,0.007768279393567813,0.006685228360115218,0.5415255167262972,ols:pooled
2006-12,0.006296142468542981,0.005330778884164664,0.4826817921891586,ols:pooled
2007-01,0.007169933068316594,0.0061148395894601495,0.5275467394282227,ols:pooled
2007-02,0.006478992805394203,0.005258161389710976,0.6104157078416133,ols:pooled
2007-03,0.0001277370184121131,-0.0010623712588399596,0.5950541386260365,ols:pooled
2007-04,0.015212923378923176,0.013922768465725151,0.645077456599012,ols:pooled
2007-05,0.00682480041072559,0.005732169189805838,0.5463156104598751,ols:pooled
2007-06,0.0022998603559884743,0.0010994399541683288,0.6002102009100732,ols:pooled
2007-07,0.004114694524452359,0.002701037052719291,0.7068287358665339,ols:pooled
2007-08,0.0036790469004832605,0.0024090430672246434,0.6350019166293085,ols:pooled
2007-09,0.0015407200052507824,0.0003526378965241562,0.594041054363313,ols:pooled
2007-10,-0.004344413428150933,-0.005503088307378307,0.579337439613687,ols:pooled
2007-11,0.0034755349918851935,0.0022863020396068747,0.5946164761391594,ols:pooled
2007-12,0.011745582505213813,0.010459066665579721,0.6432579198170458,ols:pooled
2008-01,0.0050313785816845724,0.003989727679351042,0.5208254511667653,ols:pooled
2008-02,-0.0006887062712408118,-0.0019196313329867443,0.6154625308729665,ols:pooled
2008-03,0.007858671387457501,0.006617159233652586,0.6207560769024569,ols:pooled
2008-04,0.0023500848439100756,0.0011692155001764917,0.5904346718667919,ols:pooled
2008-05,0.0010624893447805765,-0.00017645600147922624,0.6194726731299014,ols:pooled
2008-06,0.008980750524799661,0.00774921140813792,0.6157695583308711,ols:pooled
2008-07,0.002674065801828069,0.0016145768806409984,0.5297444605935354,ols:pooled
2008-08,0.009500794484548823,0.008254430471810566,0.6231820063691283,ols:pooled
2008-09,0.0133270319188601,0.012409394205904478,0.4588188564778117,ols:pooled
2008-10,0.025240708603855456,0.024328365036593105,0.45617178363117433,ols:pooled
2008-11,0.006841283459035713,0.005915292308049302,0.4629955754932056,ols:pooled
2008-12,0.005959968737533877,0.00486656227673489,0.5467032303994941,ols:pooled
2009-01,0.0071865277642381145,0.005988995387852228,0.5987661881929426,ols:pooled
2009-02,0.007236305471867771,0.006121000989616274,0.5576522411257481,ols:pooled
2009-03,-0.007354617049245518,-0.008372415184378776,0.5088990675666282,ols:pooled
2009-04,-0.008335272787994261,-0.00968420926737998,0.6744682396928591,ols:pooled
2009-05,0.014010191093830442,0.012275295930690112,0.8674475815701641,ols:pooled
2009-06,-0.0006659780705157662,-0.0020896866353278688,0.711854282406051,ols:pooled
2009-07,0.0016341196792945488,0.00023944057776948866,0.6973395507625301,ols:pooled
2009-08,0.004881227630809284,0.0037408562437359185,0.5701856935366828,ols:pooled
2009-09,0.004975477152391844,0.0039022310206504093,0.5366230658707173,ols:pooled
2009-10,0.0036616215878159993,0.002654311617608168,0.5036549851039156,ols:pooled
2009-11,0.003087425772657162,0.0019841491491265077,0.5516383117653274,ols:pooled
2009-12,0.0008864524190491066,-0.0001174837787682802,0.5019680989086934,ols:pooled
2010-01,0.005003639920999329,0.003980098109482352,0.5117709057584886,ols:pooled
2010-02,0.0016638088359962673,0.0005620783776523959,0.5508652291719357,ols:pooled
2010-03,0.004705819016287409,0.0036847325271677817,0.5105432445598136,ols:pooled
2010-04,0.008091793613384928,0.007128218184238897,0.48178771457301495,ols:pooled
2010-05,0.0033008358664161764,0.0022936404667452245,0.5035976998354758,ols:pooled
2010-06,0.008022038455600261,0.0070113590716068645,0.5053396919966983,ols:pooled
2010-07,0.0017502612088204396,0.0009494570638613892,0.40040207247952525,ols:pooled
2010-08,0.005772634230917988,0.004785807678694174,0.4934132761119066,ols:pooled
2010-09,0.003003910059761923,0.002012103474117335,0.4959032928222939,ols:pooled
2010-10,0.0046725736085225685,0.0037093771474556443,0.48159823053346246,ols:pooled
2010-11,0.0048250362585340635,0.003903593274914045,0.46072149181000943,ols:pooled
2010-12,0.003473407240082718,0.0025570142778482607,0.45819648111722894,ols:pooled
2011-01,0.00985277207056741,0.008991598835132036,0.43058661771768736,ols:pooled
2011-02,0.003916163647068293,0.002996892023968987,0.4596358115496531,ols:pooled
2011-03,0.0025040884841323477,0.0016056245179609141,0.44923198308571666,ols:pooled
2011-04,0.007226629537901447,0.0063742514609933295,0.426189038454059,ols:pooled
2011-05,0.007495149336339209,0.006684990370188802,0.4050794830752037,ols:pooled
2011-06,0.004370700293995121,0.003507536209491068,0.4315820422520261,ols:pooled
2011-07,0.0048288445878422945,0.004007339214181716,0.410752686830289,ols:pooled
2011-08,0.00612716361948293,0.0053068979509167434,0.41013283428309305,ols:pooled
2011-09,0.0073543813559531265,0.006522269987419224,0.41605568426695116,ols:pooled
2011-10,-0.003939856888180788,-0.004895804569619234,0.47797384071922283,ols:pooled
2011-11,0.005509166019631644,0.004479171104233355,0.5149974576991441,ols:pooled
2011-12,0.006019994033557976,0.005049639070891574,0.48517748133320104,ols:pooled
2012-01,-0.008606402943302723,-0.009501720378133058,0.44765871741516794,ols:pooled
2012-02,0.0024897841339940182,0.0013284979300793986,0.58064310195731,ols:pooled
2012-03,0.0035322500966984325,0.002434094781273407,0.5490776577125127,ols:pooled
2012-04,0.006804745505395052,0.005701983804421634,0.5513808504867092,ols:pooled
2012-05,0.007206757135203772,0.006276123414467629,0.46531686036807157,ols:pooled
2012-06,0.0026937053762507404,0.0018380588122093203,0.42782328202071024,ols:pooled
2012-07,0.005173598511049517,0.004419376030398702,0.3771112403254074,ols:pooled
2012-08,0.008845166192366746,0.008014591578955253,0.4152873067057463,ols:pooled
2012-09,0.0030524586275929803,0.0022415581730020093,0.40545022729548547,ols:pooled
2012-10,0.0018428266044312508,0.0010295364633754816,0.4066450705278847,ols:pooled
2012-11,0.0030529657600487266,0.0021983837827511793,0.42729098864877346,ols:pooled
2012-12,-0.00043616875894055153,-0.0012955563529275513,0.42969379699349985,ols:pooled
2013-01,0.0051011498189225376,0.00420162897186571,0.44976042352841394,ols:pooled
2013-02,0.005216460122831921,0.004333106240142382,0.44167694134476904,ols:pooled
2013-03,0.008122738287295822,0.00728735854849549,0.417689869400166,ols:pooled
2013-04,0.007165256523455793,0.0064629822160382185,0.35113715370878723,ols:pooled
2013-05,0.008950507743375432,0.008153963064246548,0.39827233956444336,ols:pooled
2013-06,0.003953264544820599,0.003010268028843738,0.4714982579884306,ols:pooled
2013-07,0.0018268460083138481,0.0008801160427590226,0.4733649827774128,ols:pooled
2013-08,0.00456869532212686,0.003640737345876596,0.46397898812513216,ols:pooled
2013-09,-0.00043721559712907657,-0.001399960329964625,0.4813723664177742,ols:pooled
2013-10,0.0022082260140295893,0.0012482942568742955,0.479965878577647,ols:pooled
2013-11,0.0030329459210326915,0.00214217772509103,0.44538409797083084,ols:pooled
2013-12,0.006291890903491012,0.005431737777645628,0.4300765629226913,ols:pooled
2014-01,0.004051275336010942,0.003343276265445847,0.35399953528254746,ols:pooled
2014-02,0.0012939705709914102,0.0004230757392970685,0.4354474158471709,ols:pooled
2014-03,0.0005595122788116306,-0.0003171512093551715,0.438331744083401,ols:pooled
2014-04,0.0056800916675939506,0.004859602907987113,0.41024437980341877,ols:pooled
2014-05,0.004874821808147579,0.004087273620620326,0.39377409376362665,ols:pooled
2014-06,0.004661374621768994,0.003813546166685329,0.4239142275418328,ols:pooled
2014-07,0.0012854213245626625,0.0004488566864235139,0.41828231906957425,ols:pooled
2014-08,0.0027167112512671778,0.0017803521955563914,0.4681795278553933,ols:pooled
2014-09,0.005689938350481602,0.004873978731190321,0.40797980964564023,ols:pooled
2014-10,0.005455199507333068,0.004662011501555495,0.3965940028887866,ols:pooled
2014-11,0.006697072709151693,0.005959869472036702,0.3686016185574957,ols:pooled
2014-12,0.00751245103365042,0.006736839359233129,0.38780583720864664,ols:pooled
2015-01,0.0024948169457425333,0.0016435683832338886,0.4256242812543224,ols:pooled
2015-02,0.0007945871950175872,-0.00012207584464571928,0.45833151983165316,ols:pooled
2015-03,0.005188817110751218,0.004371488131061489,0.40866448984486414,ols:pooled
2015-04,-0.005105012056143767,-0.005910890495267626,0.4029392195619297,ols:pooled
2015-05,0.0025921179865965455,0.0015811417877589955,0.5054880994187747,ols:pooled
2015-06,0.0013217737965315521,0.00034080572447647226,0.49048403602753976,ols:pooled
2015-07,0.005125086544340467,0.0043138100573663985,0.40563824348703387,ols:pooled
2015-08,0.007274753429617152,0.00646748185057789,0.4036357895196313,ols:pooled
2015-09,0.002270781455767143,0.0014590428017688445,0.4058693269991493,ols:pooled
2015-10,0.0013602265459807725,0.0005205351697029278,0.4198456881389224,ols:pooled
2015-11,0.009504927657407916,0.008667944941139557,0.41849135813417926,ols:pooled
2015-12,0.002407924066611545,0.0015674737824458549,0.4202251420828449,ols:pooled
2016-01,0.00182674250186871,0.000988054747367656,0.41934387725052696,ols:pooled
2016-02,-0.00017971069512981392,-0.0010414775281474059,0.4308834165087959,ols:pooled
2016-03,0.0007052289768429812,-0.00022347981364658336,0.46435439524478184,ols:pooled
2016-04,0.00935428235617328,0.008325936737471706,0.5141728093507869,ols:pooled
2016-05,0.0027992652208453247,0.0018965848285453445,0.4513401961499901,ols:pooled
2016-06,0.0008219498873215109,-3.9502124006194326e-05,0.43072600566385255,ols:pooled
2016-07,0.003237300475712106,0.002461963038483485,0.38766871861431057,ols:pooled
2016-08,0.005980538448253613,0.005163174219601784,0.4086821143259142,ols:pooled
2016-09,0.0032277751827446913,0.002465025394072659,0.3813748943360164,ols:pooled
2016-10,0.005714909633659282,0.00503092843606219,0.3419905987985457,ols:pooled
2016-11,0.004644745924877749,0.003942809163072187,0.35096838090278043,ols:pooled
2016-12,0.0003608567078992692,-0.0004379528749876412,0.3994047914434553,ols:pooled
2017-01,0.010422904058662282,0.009634315801926157,0.39429412836806327,ols:pooled
2017-02,0.0033541099248040013,0.002497737708471113,0.42818610816644437,ols:pooled
2017-03,0.0046486992113560595,0.0037613526121712524,0.4436732995924037,ols:pooled
2017-04,0.0030009666080526086,0.002218358665485446,0.3913039712835815,ols:pooled
2017-05,0.006800404662705785,0.006022382461354372,0.389011100675706,ols:pooled
2017-06,0.0019313423900426635,0.0012412377091385045,0.34505234045207933,ols:pooled
2017-07,0.006547755148408304,0.005884973742356326,0.33139070302598916,ols:pooled
2017-08,0.005510356556373179,0.0047520720926865,0.3791422318433397,ols:pooled
2017-09,0.0044201921019336385,0.0036780748867533976,0.37105860759012066,ols:pooled
2017-10,0.004419149309918793,0.0037019238442635933,0.35861273282759953,ols:pooled
2017-11,0.0016684179187085332,0.0009531897619716204,0.3576140783684564,ols:pooled
2017-12,-0.0014706776615739823,-0.0022586703520058376,0.3939963452159277,ols:pooled
2018-01,0.0022872871368993263,0.0014592922612158027,0.4139974378417617,ols:pooled
2018-02,0.005305539917043131,0.004435672131386951,0.4349338928280902,ols:pooled
2018-03,0.002976982049556427,0.002139160493706553,0.41891077792493725,ols:pooled
2018-04,0.00383143037279787,0.0030421269775766243,0.39465169761062274,ols:pooled
2018-05,0.005144157778855329,0.004264529144407819,0.4398143172237553,ols:pooled
2018-06,0.0019191661021102163,0.0010582712300128483,0.43044743604868396,ols:pooled
2018-07,0.0015940261566040807,0.0008118837356693227,0.391071210467379,ols:pooled
2018-08,0.003576810684708265,0.0027797929565130737,0.3985088640975957,ols:pooled
2018-09,0.003403636267040018,0.002659698041992219,0.37196911252389936,ols:pooled
2018-10,0.004115024647427428,0.0034010189472743505,0.357002850076539,ols:pooled
2018-11,-0.0012558470336007665,-0.0020833864301383763,0.41376969826880483,ols:pooled
2018-12,0.003264060075818778,0.002343021751998842,0.46051916190996783,ols:pooled
2019-01,0.001304514729975432,0.0005318713249602368,0.3863217025075975,ols:pooled
2019-02,0.0008969526879677927,5.468311962186999e-05,0.42113478417296135,ols:pooled
2019-03,0.0031763739806262526,0.002373053845276641,0.40166006767480555,ols:pooled
2019-04,0.0008806045359053022,9.923557987684505e-05,0.3906844780142286,ols:pooled
2019-05,0.006041550071654022,0.005296386578369866,0.3725817466420778,ols:pooled
2019-06,0.0026029565592751106,0.0018661869151342754,0.3683848220704176,ols:pooled
2019-07,0.005632518519814111,0.004837357842728428,0.3975803385428416,ols:pooled
2019-08,0.002196427697602907,0.0014428531491250786,0.37678727423891395,ols:pooled
2019-09,0.002731305558715964,0.0019839538515632107,0.37367585357637656,ols:pooled
2019-10,0.0020925429882943307,0.0013695448356821143,0.3614990763061081,ols:pooled
2019-11,0.004945779409853083,0.00414016549632413,0.4028069567644765,ols:pooled
2019-12,0.002397076185365651,0.0016008777879259377,0.39809919871985644,ols:pooled
2020-01,0.006350387524430454,0.005538726986007661,0.4058302692113966,ols:pooled
2020-02,0.0065976506296210515,0.00578710892647426,0.4052708515733954,ols:pooled
2020-03,0.0071162871986326206,0.006385879776347131,0.3652037111427443,ols:pooled
2020-04,-0.017796406386715456,-0.018745886065684315,0.4747398394844296,ols:pooled
2020-05,0.0032202510373436142,0.0016022931635547863,0.8089789368944136,ols:pooled
2020-06,0.007299553376615981,0.0061980738164131525,0.5507397801014143,ols:pooled
2020-07,0.007992083808894164,0.006962716180751547,0.5146838140713084,ols:pooled
2020-08,0.010141132681353155,0.009044905462172174,0.5481136095904905,ols:pooled
2020-09,0.012735554352019134,0.011763806445018943,0.48587395350009505,ols:pooled
2020-10,0.003757778432891978,0.002899820091906087,0.4289791704929456,ols:pooled
2020-11,-0.004764648937830748,-0.0056569709514018435,0.44616100678554765,ols:pooled
2020-12,0.007604656279804983,0.0063956974497366955,0.6044794150341434,ols:pooled
2021-01,0.00813431492634384,0.0071414644092139,0.49642525856497033,ols:pooled
2021-02,0.011719906067052812,0.010795683716073638,0.4621111754895875,ols:pooled
2021-03,0.008957703603458765,0.008073547623970832,0.44207798974396656,ols:pooled
2021-04,0.01144753272905576,0.010638804017965553,0.4043643555451038,ols:pooled
2021-05,0.008481301697812011,0.007591807412713888,0.44474714254906184,ols:pooled
2021-06,0.0052358447203539535,0.004439106964938311,0.39836887770782153,ols:pooled
2021-07,0.003821676781647757,0.00307762306477279,0.3720268584374839,ols:pooled
2021-08,0.0032846355553907834,0.0025267245475287126,0.37895550393103555,ols:pooled
2021-09,0.005207165722895296,0.0043361882162381675,0.43548875332856435,ols:pooled
2021-10,0.0067305414382513975,0.005923235487083256,0.40365297558407087,ols:pooled
2021-11,0.0036816110674165324,0.002985008973183163,0.348301047116685,ols:pooled
2021-12,0.006764163445048104,0.005892108388304745,0.4360275283716797,ols:pooled
2022-01,0.011584730803985373,0.010845689683703348,0.3695205601410123,ols:pooled
2022-02,0.007010562123358459,0.006238878936300688,0.3858415935288861,ols:pooled
2022-03,0.008691167808203292,0.007939824295904972,0.3756717561491603,ols:pooled
2022-04,0.008934067828266048,0.008289193442067562,0.3224371930992435,ols:pooled
2022-05,0.006286059541669461,0.005602630412731672,0.3417145644688947,ols:pooled
2022-06,0.005410244136069123,0.00476147968653549,0.32438222476681633,ols:pooled
2022-07,-0.0011335787751494864,-0.0017988356069220813,0.33262841588629743,ols:pooled
2022-08,0.0003366142438609954,-0.0003690116308209443,0.3528129373409701,ols:pooled
2022-09,0.006342488141908736,0.005596566094295489,0.3729610238066234,ols:pooled
2022-10,0.005082952460884558,0.004330684171808207,0.37613414453817595,ols:pooled
2022-11,0.0052501809483477884,0.004571770794920793,0.3392050767134973,ols:pooled
2022-12,0.0069827553402827475,0.006269237796550878,0.35675877186593463,ols:pooled
2023-01,0.0016357216372821601,0.0009216687158746542,0.3570264607037531,ols:pooled
2023-02,0.006869130075333896,0.006119236274898159,0.37494690021786836,ols:pooled
2023-03,0.005941763565190653,0.005253878884970576,0.3439423401100383,ols:pooled
2023-04,0.0011986883977515152,0.0005406210723312043,0.3290336627101554,ols:pooled
2023-05,0.0018469925233846004,0.0011910662825789944,0.3279631204028028,ols:pooled
2023-06,0.004723275291530577,0.0039748751190279855,0.37420008625129564,ols:pooled
2023-07,0.0038507991099039295,0.0030468508806668834,0.4019741146185231,ols:pooled
2023-08,0.005110467940970631,0.004335902870450308,0.38728253526016143,ols:pooled
2023-09,0.007037189015041131,0.006326082135969509,0.3555534395358109,ols:pooled
2023-10,0.007586891223908771,0.006944791064469488,0.3210500797196415,ols:pooled
2023-11,0.00010248791177894214,-0.0005510911444881546,0.3267895281335484,ols:pooled
2023-12,0.004885937268030211,0.00408472461315303,0.40060632743859065,ols:pooled
2024-01,0.007186775916760892,0.006487354812858875,0.349710551951009,ols:pooled
2024-02,0.006313845273282158,0.005526750906473064,0.39354718340454675,ols:pooled
2024-03,0.006199574552924001,0.005496814668379279,0.3513799422723614,ols:pooled
2024-04,0.004703930539916236,0.00398907776104886,0.35742638943368804,ols:pooled
2024-05,0.007850485707624725,0.007197885119900593,0.3263002938620667,ols:pooled
2024-06,0.0031318414297076265,0.002454582329124265,0.33862955029168057,ols:pooled
2024-07,0.002313557531128843,0.0017083559736851587,0.30260077872184227,ols:pooled
2024-08,0.006299348822344661,0.005672513011757597,0.3134179052935319,ols:pooled
2024-09,0.0020060318837977955,0.0013930084769070794,0.306511703445358,ols:pooled
2024-10,0.005265369574570039,0.00463133172381027,0.3170189253798841,ols:pooled
2024-11,0.008617092944169775,0.007954077808126172,0.33150756802180126,ols:pooled
2024-12,0.003965524944677312,0.0033397443169938877,0.3128903138417122,ols:pooled
2025-01,0.002138558086410147,0.0015724434715637594,0.2830573074231937,ols:pooled
2025-02,0.0034525728975687074,0.002789186556839543,0.331693170364582,ols:pooled
2025-03,0.0036337767698168253,0.002959715497083684,0.33703063636657093,ols:pooled
2025-04,0.0013630919396674763,0.000673967137131455,0.34456240126801063,ols:pooled
2025-05,0.0029417647323928754,0.0022678497327610673,0.3369574998159042,ols:pooled
2025-06,-0.0004813370092617083,-0.001154351599217999,0.3365072949781454,ols:pooled
2025-07,0.003313745047976949,0.002567436920487587,0.37315406374468113,ols:pooled
2025-08,0.0067531621279483785,0.006017646065932494,0.3677580310079431,ols:pooled
2025-09,0.008127157378652702,0.007367892042413373,0.3796326681196645,ols:pooled
2025-10,0.003036132417744278,0.0023394970653845197,0.34831767617987913,ols:pooled
2025-11,0.004010392446066809,0.003268954062945403,0.3707191915607029,ols:pooled
2025-12,0.005786783026593745,0.005061009326903283,0.3628868498452312,ols:pooled
2000-01,-0.0051567066927988795,-0.0051567066927988795,0.0,ols_rs:dm_only
2000-02,0.010200090098099093,0.008537065030150285,0.8315125339744041,ols_rs:dm_only
2000-03,0.0004952711021578645,-0.0009587565629501023,0.7270138325539837,ols_rs:dm_only
2000-04,-0.004540022491532007,-0.006065721220465051,0.7628493644665221,ols_rs:dm_only
2000-05,0.0012786088164448998,-9.590996115518033e-05,0.6872593888000402,ols_rs:dm_only
2000-06,-0.004584786176781775,-0.006034339263313795,0.7247765432660095,ols_rs:dm_only
2000-07,0.0052120587908310164,0.003748522112792827,0.7317683390190944,ols_rs:dm_only
2000-08,0.0036703721695700805,0.0023637889447962763,0.653291612386902,ols_rs:dm_only
2000-09,0.007610115805750576,0.006220091849119454,0.6950119783155608,ols_rs:dm_only
2000-10,0.009345095623247071,0.008138781480853518,0.6031570711967762,ols_rs:dm_only
2000-11,0.008084946934562102,0.00690165285687476,0.5916470388436714,ols_rs:dm_only
2000-12,0.0037977169622786743,0.002597080880258792,0.6003180410099412,ols_rs:dm_only
2001-01,-0.025329065186654225,-0.02705162513462657,0.8612799739861721,ols_rs:dm_only
2001-02,0.0042142012402104165,0.0019133522575503791,1.150424491330019,ols_rs:dm_only
2001-03,0.030779466380806142,0.02864502231196868,1.067222034418732,ols_rs:dm_only
2001-04,0.0020808529587077037,0.000646812474974177,0.7170202418667632,ols_rs:dm_only
2001-05,0.011638861458565209,0.009907243913711124,0.8658087724270419,ols_rs:dm_only
2001-06,0.00627317706800892,0.004727548931268552,0.7728140683701837,ols_rs:dm_only
2001-07,0.013852022873729926,0.012332129743607818,0.759946565061054,ols_rs:dm_only
2001-08,0.0013414822790877832,-3.402382888764617e-05,0.6877530539877149,ols_rs:dm_only
2001-09,0.012189683932540047,0.010664553219362116,0.7625653565889652,ols_rs:dm_only
2001-10,-0.013835886278332503,-0.015430094656160527,0.7971041889140129,ols_rs:dm_only
2001-11,0.012750970822489303,0.01080344304128805,0.9737638906006262,ols_rs:dm_only
2001-12,0.006088640384538152,0.004307024891619099,0.890807746459527,ols_rs:dm_only
2002-01,0.0023803012613074176,0.0004118407747732205,0.9842302432670985,ols_rs:dm_only
2002-02,0.004388759232788634,0.003031321500158522,0.6787188663150563,ols_rs:dm_only
2002-03,0.00794861446263828,0.006544954374703082,0.7018300439675986,ols_rs:dm_only
2002-04,0.014675980604779117,0.013375970620571557,0.6500049921037806,ols_rs:dm_only
2002-05,0.010126037062568016,0.008727050747591919,0.699493157488049,ols_rs:dm_only
2002-06,0.018897419915654683,0.01760063077339409,0.6483945711302957,ols_rs:dm_only
2002-07,0.008081689345584793,0.006802426199600452,0.6396315729921705,ols_rs:dm_only
2002-08,0.004337784116441082,0.0031364913253921424,0.6006463955244704,ols_rs:dm_only
2002-09,0.015699681734925357,0.014526984346061606,0.5863486944318752,ols_rs:dm_only
2002-10,0.006770692848132903,0.005738695212146827,0.5159988179930377,ols_rs:dm_only
2002-11,0.0022447988833146715,0.000986407028170876,0.6291959275718979,ols_rs:dm_only
2002-12,0.0049657805568539305,0.0036983557866116135,0.6337123851211588,ols_rs:dm_only
2003-01,0.008903771732121517,0.007646352000239952,0.6287098659407834,ols_rs:dm_only
2003-02,0.0038662322515862994,0.0028438689644321754,0.5111816435770619,ols_rs:dm_only
2003-03,0.00995845177648095,0.008989913904332542,0.4842689360742051,ols_rs:dm_only
2003-04,-0.005882890678100587,-0.006633904559960448,0.37550694092993087,ols_rs:dm_only
2003-05,0.012068086075978323,0.010713177150912618,0.6774544625328519,ols_rs:dm_only
2003-06,0.007247313533503076,0.005977617522724843,0.6348480053891166,ols_rs:dm_only
2003-07,0.014872802076093015,0.013824249840484033,0.524276117804491,ols_rs:dm_only
2003-08,0.014420389814987205,0.013194672937650666,0.6128584386682696,ols_rs:dm_only
2003-09,-0.010922618406803274,-0.012265213691779733,0.6712976424882299,ols_rs:dm_only
2003-10,0.007899466449400228,0.006478417569537911,0.7105244399311583,ols_rs:dm_only
2003-11,0.004312637699876458,0.003054772245974319,0.6289327269510695,ols_rs:dm_only
2003-12,-0.001405747973690784,-0.0027617356813380697,0.6779938538236424,ols_rs:dm_only
2004-01,0.008588085275303352,0.007420680854562454,0.5837022103704489,ols_rs:dm_only
2004-02,0.008638382137963873,0.007324454369681187,0.6569638841413428,ols_rs:dm_only
2004-03,0.007112736025697697,0.006174479054137268,0.46912848578021465,ols_rs:dm_only
2004-04,0.019425327760568777,0.018465949169861245,0.4796892953537648,ols_rs:dm_only
2004-05,-0.005108278559959794,-0.006089381986419206,0.4905517132297061,ols_rs:dm_only
2004-06,-0.00729629076564571,-0.00839839380385398,0.5510515191041356,ols_rs:dm_only
2004-07,0.009389242808121638,0.008295048131614429,0.5470973382536041,ols_rs:dm_only
2004-08,0.006707482603869952,0.005737334029920924,0.4850742869745139,ols_rs:dm_only
2004-09,0.013005962235394498,0.011952051217613315,0.5269555088905918,ols_rs:dm_only
2004-10,0.0029023048293824877,0.0018982154559513387,0.5020446867155743,ols_rs:dm_only
2004-11,0.007716159401264859,0.006601609391879881,0.5572750046924893,ols_rs:dm_only
2004-12,0.005541096567486409,0.004360072796472014,0.5905118855071976,ols_rs:dm_only
2005-01,0.0046261828045451835,0.0033906180130169037,0.6177823957641396,ols_rs:dm_only
2005-02,0.002376807586281848,0.001081817472023966,0.6474950571289411,ols_rs:dm_only
2005-03,0.010709785887593774,0.009370144227193173,0.6698208302003001,ols_rs:dm_only
2005-04,0.01647031419180218,0.015340940561516792,0.5646868151426946,ols_rs:dm_only
2005-05,-0.005034142878564352,-0.006049700413630104,0.5077787675328764,ols_rs:dm_only
2005-06,0.003992586933370215,0.0026319974446985246,0.6802947443358444,ols_rs:dm_only
2005-07,0.0037058807963375735,0.002513094998570204,0.5963928988836847,ols_rs:dm_only
2005-08,0.0033878982059128955,0.002193050671089306,0.597423767411795,ols_rs:dm_only
2005-09,-2.5608114403643205e-05,-0.0014652528965394755,0.7198223910679162,ols_rs:dm_only
2005-10,0.010348159104663945,0.0090420606404894,0.6530492320872723,ols_rs:dm_only
2005-11,0.004448692874660954,0.0033769897668807533,0.5358515538901002,ols_rs:dm_only
2005-12,0.002469243965895076,0.0013124234412588626,0.5784102623181067,ols_rs:dm_only
2006-01,-0.001838717681062462,-0.002900235206430852,0.5307587626841953,ols_rs:dm_only
2006-02,0.014321199636383786,0.0130957355685245,0.6127320339296419,ols_rs:dm_only
2006-03,-0.008407078340121703,-0.009323904204798743,0.45841293233852,ols_rs:dm_only
2006-04,0.002434298524398714,0.0013655261621169205,0.5343861811408968,ols_rs:dm_only
2006-05,0.006809541742950843,0.005672733522560832,0.5684041101950048,ols_rs:dm_only
2006-06,0.013927231660943177,0.012950134874785883,0.4885483930786467,ols_rs:dm_only
2006-07,0.0019390548052455837,0.0010508293259918668,0.44411273962685843,ols_rs:dm_only
2006-08,0.004704900129600664,0.0038368476821975133,0.434026223701575,ols_rs:dm_only
2006-09,0.00847614993797925,0.007645874670538855,0.4151376337201973,ols_rs:dm_only
2006-10,0.0004766992264293204,-0.00027000436631802036,0.3733517963736705,ols_rs:dm_only
2006-11,0.0047666725554830055,0.003915849324895866,0.42541161529356986,ols_rs:dm_only
2006-12,0.005990337692604379,0.0051967576000369504,0.39679004628371445,ols_rs:dm_only
2007-01,0.008656548921455315,0.00785673670766882,0.39990610689324635,ols_rs:dm_only
2007-02,0.00464428804963945,0.0038391458362445076,0.40257110669747126,ols_rs:dm_only
2007-03,0.0025292914781792713,0.001826356787718504,0.3514673452303835,ols_rs:dm_only
2007-04,0.012806819250202463,0.01205417794407713,0.3763206530626661,ols_rs:dm_only
2007-05,0.005249196526423169,0.004598699899279915,0.3252483135716274,ols_rs:dm_only
2007-06,0.00010819208186407088,-0.000609398093978321,0.35879508792119574,ols_rs:dm_only
2007-07,0.005457312384230274,0.0046106192578369174,0.4233465631966783,ols_rs:dm_only
2007-08,0.004864491217950205,0.004138429370300241,0.36303092382498203,ols_rs:dm_only
2007-09,0.0008238730340187272,0.00013682664109317805,0.34352319646277457,ols_rs:dm_only
2007-10,-0.004740303702421643,-0.005448240503008818,0.35396840029358756,ols_rs:dm_only
2007-11,0.004063203579156385,0.003373282896983145,0.34496034108662,ols_rs:dm_only
2007-12,0.008466415984875606,0.007757995840386816,0.3542100722443955,ols_rs:dm_only
2008-01,0.005599168257770523,0.0048244204336796315,0.3873739120454454,ols_rs:dm_only
2008-02,-0.00041042134436051705,-0.0013483843737409223,0.46898151469020244,ols_rs:dm_only
2008-03,0.008189939629446466,0.007272741879321459,0.458598875062504,ols_rs:dm_only
2008-04,0.0025678055576780156,0.0016940536820812787,0.43687593779836853,ols_rs:dm_only
2008-05,0.0015770554160176057,0.0006089079529914962,0.48407373151305483,ols_rs:dm_only
2008-06,0.008382505407179445,0.0074729647057728225,0.45477035070331173,ols_rs:dm_only
2008-07,0.002941914127995105,0.002142563813473056,0.39967515726102465,ols_rs:dm_only
2008-08,0.008605003840242396,0.007669039089477456,0.46798237538246973,ols_rs:dm_only
2008-09,0.011609173349954217,0.010936103836958873,0.33653475649767217,ols_rs:dm_only
2008-10,0.023171673468601887,0.022472412631259195,0.3496304186713444,ols_rs:dm_only
2008-11,0.006939145732154688,0.006174003880987514,0.38257092558358763,ols_rs:dm_only
2008-12,0.006388875150587192,0.005533833154812965,0.42752099788711323,ols_rs:dm_only
2009-01,0.006922484810768517,0.005766400338086408,0.5780422363410544,ols_rs:dm_only
2009-02,0.006934319054743015,0.00575935185046266,0.5874836021401775,ols_rs:dm_only
2009-03,-0.007835330104100842,-0.008915369807552264,0.5400198517257098,ols_rs:dm_only
2009-04,-0.008473594106139562,-0.009892625697539495,0.7095157956999665,ols_rs:dm_only
2009-05,0.015588341197743029,0.013767482912966944,0.9104291423880426,ols_rs:dm_only
2009-06,-0.0009529151712737934,-0.002396833463437518,0.7219591460818624,ols_rs:dm_only
2009-07,0.0016757255090738984,0.00024272531858467885,0.7165000952446098,ols_rs:dm_only
2009-08,0.004850165400136739,0.003641341971987074,0.6044117140748329,ols_rs:dm_only
2009-09,0.005247088551698278,0.0041142866584550596,0.5664009466216094,ols_rs:dm_only
2009-10,0.0037585095008596733,0.0026944117523056473,0.532048874277013,ols_rs:dm_only
2009-11,0.00354626830236468,0.002374650425916909,0.5858089382238855,ols_rs:dm_only
2009-12,0.001318314225072356,0.0002580041134908194,0.5301550557907684,ols_rs:dm_only
2010-01,0.005526161546461408,0.0045412936359485075,0.4924339552564503,ols_rs:dm_only
2010-02,0.002370894500789757,0.001460412947392826,0.4552407766984654,ols_rs:dm_only
2010-03,0.00480009840706547,0.003970026848250974,0.41503577940724745,ols_rs:dm_only
2010-04,0.008237037863544074,0.007443387137825417,0.39682536285932885,ols_rs:dm_only
2010-05,0.0031361334243553154,0.002313790108952402,0.41117165770145686,ols_rs:dm_only
2010-06,0.007474356604011561,0.006649625506659604,0.4123655486759775,ols_rs:dm_only
2010-07,0.00197900240781651,0.0013270722652704689,0.32596507127302043,ols_rs:dm_only
2010-08,0.006162621369598914,0.005345294698229744,0.4086633356845852,ols_rs:dm_only
2010-09,0.0031627162548371456,0.0023560503591796064,0.40333294782876955,ols_rs:dm_only
2010-10,0.0043701052919921345,0.003570869797532567,0.39961774722978355,ols_rs:dm_only
2010-11,0.004664709625041937,0.003914426005669027,0.375141809686455,ols_rs:dm_only
2010-12,0.003329107935855415,0.002584963171554426,0.3720723821504947,ols_rs:dm_only
2011-01,0.009928513573893228,0.009248411465704756,0.34005105409423614,ols_rs:dm_only
2011-02,0.003951540598730698,0.003268997437275044,0.34127158072782665,ols_rs:dm_only
2011-03,0.002403493701437017,0.0017436543680976937,0.32991966666966166,ols_rs:dm_only
2011-04,0.006892746031698591,0.00626699699762421,0.3128745170371903,ols_rs:dm_only
2011-05,0.007534593549015306,0.006941270256073452,0.29666164647092713,ols_rs:dm_only
2011-06,0.0043384480961757175,0.0037102048662579564,0.31412161495888064,ols_rs:dm_only
2011-07,0.004246076669923559,0.003656574087797345,0.2947512910631071,ols_rs:dm_only
2011-08,0.005094823879610453,0.004496838238116163,0.2989928207471448,ols_rs:dm_only
2011-09,0.007136027208840994,0.00653251463518837,0.30175628682631156,ols_rs:dm_only
2011-10,-0.003427038950284794,-0.00414114788516276,0.357054467438983,ols_rs:dm_only
2011-11,0.005559935572610553,0.004812871018331037,0.373532277139758,ols_rs:dm_only
2011-12,0.006009323720939637,0.005313406699353774,0.3479585107929319,ols_rs:dm_only
2012-01,-0.003559967494506721,-0.004212938840446366,0.3264856729698221,ols_rs:dm_only
2012-02,0.0008474590724415041,0.00036017063461820086,0.24364421891165164,ols_rs:dm_only
2012-03,0.005902206193407802,0.0054132347830745,0.24448570516665144,ols_rs:dm_only
2012-04,0.004879252994260258,0.0043487310378678475,0.2652609781962054,ols_rs:dm_only
2012-05,0.005627391518744216,0.005233405264676289,0.19699312703396385,ols_rs:dm_only
2012-06,0.0014094166430531291,0.0010589366247446255,0.1752400091542518,ols_rs:dm_only
2012-07,0.004789764625005126,0.004489493438393593,0.15013559330576629,ols_rs:dm_only
2012-08,0.008493800771302032,0.008161275289561279,0.16626274087037693,ols_rs:dm_only
2012-09,0.0022883463478071083,0.0019626379431329907,0.16285420233705908,ols_rs:dm_only
2012-10,0.0024691855723392364,0.002154836685518662,0.15717444341028697,ols_rs:dm_only
2012-11,0.0028599281328116205,0.002530935053585736,0.16449653961294222,ols_rs:dm_only
2012-12,4.852296509763714e-06,-0.0003381098915967264,0.17148109405324505,ols_rs:dm_only
2013-01,0.004719830812976033,0.004382123999128452,0.16885340692379097,ols_rs:dm_only
2013-02,0.0045732537880164474,0.004222312547112718,0.17547062045186473,ols_rs:dm_only
2013-03,0.006736649902693899,0.006396795288070724,0.1699273073115879,ols_rs:dm_only
2013-04,0.004952826828994196,0.004659228447049236,0.1467991909724803,ols_rs:dm_only
2013-05,0.00695098703740842,0.006618639211689158,0.16617391285963082,ols_rs:dm_only
2013-06,0.004409898296152165,0.00401974150830914,0.195078393921513,ols_rs:dm_only
2013-07,0.003185104570137314,0.002781768174108852,0.20166819801423105,ols_rs:dm_only
2013-08,0.004397686839902878,0.004007916161099787,0.19488533940154465,ols_rs:dm_only
2013-09,0.00046790866842095574,4.2082736868726486e-05,0.2129129657761146,ols_rs:dm_only
2013-10,0.0018255682603470775,0.001430481211074546,0.19754352463626565,ols_rs:dm_only
2013-11,0.0037741603995244564,0.003394053125508146,0.1900536370081551,ols_rs:dm_only
2013-12,0.005942546391337217,0.005610308162549162,0.16611911439402754,ols_rs:dm_only
2014-01,0.0035465076102779145,0.003215611648712323,0.1654479807827955,ols_rs:dm_only
2014-02,0.0013755426624153459,0.000927196997712795,0.2241728323512754,ols_rs:dm_only
2014-03,0.0013367959404272103,0.0008947281182395277,0.22103391109384127,ols_rs:dm_only
2014-04,0.0054072860232773955,0.004979770587788462,0.2137577177444669,ols_rs:dm_only
2014-05,0.004853534750422776,0.004443029914877736,0.20525241777251912,ols_rs:dm_only
2014-06,0.003596359711342491,0.0031614538616965256,0.21745292482298295,ols_rs:dm_only
2014-07,0.002758373686648466,0.0023279252987410772,0.21522419395369444,ols_rs:dm_only
2014-08,0.0034422888645844504,0.0029527659558042626,0.2447614543900941,ols_rs:dm_only
2014-09,0.005216742316988086,0.004815293808303232,0.20072425434242688,ols_rs:dm_only
2014-10,0.00353521892996118,0.003143619990918253,0.19579946952146346,ols_rs:dm_only
2014-11,0.0059677799707733535,0.005593984255698069,0.1868978575376425,ols_rs:dm_only
2014-12,0.006312299480842229,0.005924369255199691,0.19396511282126924,ols_rs:dm_only
2015-01,0.0034428559248517354,0.0029839908019387894,0.22943256145647314,ols_rs:dm_only
2015-02,0.0006647334773429371,0.00017606408035312964,0.24433469849490363,ols_rs:dm_only
2015-03,0.005765288092899414,0.0053424094879006975,0.21143930249935872,ols_rs:dm_only
2015-04,-0.0037883149525445112,-0.0042203687974849535,0.21602692247022068,ols_rs:dm_only
2015-05,0.0032253882828461437,0.0026736965271554293,0.2758458778453569,ols_rs:dm_only
2015-06,0.0018570882658147936,0.0013409613348333417,0.25806346549072595,ols_rs:dm_only
2015-07,0.005716372708019439,0.005290002044740339,0.21318533163954992,ols_rs:dm_only
2015-08,0.006653034281505522,0.006234202227129292,0.20941602718811445,ols_rs:dm_only
2015-09,0.0029561276540739636,0.0025206990821942787,0.21771428593984252,ols_rs:dm_only
2015-10,0.00190643549673464,0.001459370099978192,0.2235326983782239,ols_rs:dm_only
2015-11,0.008898467446103628,0.008460983423257363,0.2187420114231323,ols_rs:dm_only
2015-12,0.0029376212426974217,0.0024982816906814077,0.21966977600800716,ols_rs:dm_only
2016-01,0.0018650612123769512,0.0012749774326236678,0.2950418898766416,ols_rs:dm_only
2016-02,-0.00044402919075061916,-0.001153350326494148,0.3546605678717643,ols_rs:dm_only
2016-03,0.0003041435034633936,-0.000486632397927414,0.3953879506954038,ols_rs:dm_only
2016-04,0.009279777294890223,0.008411195360552948,0.43429096716863796,ols_rs:dm_only
2016-05,0.0026483551311167956,0.0019086671115135794,0.36984400980160814,ols_rs:dm_only
2016-06,0.0008035147086282054,7.750659756503198e-05,0.36300405553158677,ols_rs:dm_only
2016-07,0.003514579285488466,0.0028709314862262283,0.321823899631119,ols_rs:dm_only
2016-08,0.005927735546519249,0.0052445879291196556,0.3415738086997971,ols_rs:dm_only
2016-09,0.0033106915390067205,0.0026808595593468035,0.31491598982995844,ols_rs:dm_only
2016-10,0.005828082686636029,0.005265758109803911,0.2811622884160589,ols_rs:dm_only
2016-11,0.004621957512825662,0.004041386174364497,0.2902856692305822,ols_rs:dm_only
2016-12,0.0005802903493315388,-9.608454786413306e-05,0.33818744859783584,ols_rs:dm_only
2017-01,0.00911769268585244,0.008509000770223176,0.30434595781463236,ols_rs:dm_only
2017-02,0.0035958963745398955,0.002980865112961936,0.30751563078898003,ols_rs:dm_only
2017-03,0.004389506403711311,0.003767494959159179,0.31100572227606627,ols_rs:dm_only
2017-04,0.002951152882599547,0.0024222796221392826,0.2644366302301325,ols_rs:dm_only
2017-05,0.006743723430004584,0.006212513448736255,0.26560499063416465,ols_rs:dm_only
2017-06,0.0019166439530066018,0.0014512100947091276,0.23271692914873718,ols_rs:dm_only
2017-07,0.006361510096740254,0.005920060537163483,0.22072477978838534,ols_rs:dm_only
2017-08,0.005497299304568927,0.004976501792273578,0.26039875614767455,ols_rs:dm_only
2017-09,0.004513976592936618,0.004007270043158058,0.2533532748892801,ols_rs:dm_only
2017-10,0.004223758621529299,0.003739091093711705,0.24233376390879668,ols_rs:dm_only
2017-11,0.001790096943372252,0.0013045179838027455,0.24278947978475324,ols_rs:dm_only
2017-12,-0.0015685054838721246,-0.0021003258595709527,0.26591018784941406,ols_rs:dm_only
2018-01,0.002429970729771772,0.0018506090414790737,0.2896808441463493,ols_rs:dm_only
2018-02,0.005219093492328268,0.004613408988931043,0.3028422516986123,ols_rs:dm_only
2018-03,0.002973509767783064,0.0023779079488660173,0.29780090945852355,ols_rs:dm_only
2018-04,0.00367478080539234,0.003114448180766281,0.28016631231302974,ols_rs:dm_only
2018-05,0.005406003023918624,0.004789648294546377,0.3081773646861236,ols_rs:dm_only
2018-06,0.0018576854355488385,0.0012528700798941578,0.30240767782734035,ols_rs:dm_only
2018-07,0.0019482944236082734,0.0014056833553777784,0.2713055341152475,ols_rs:dm_only
2018-08,0.0034325234379706717,0.0028859985534740677,0.27326244224830193,ols_rs:dm_only
2018-09,0.002948035041343655,0.002436191423094444,0.25592180912460555,ols_rs:dm_only
2018-10,0.004330909803813466,0.0038275037384304447,0.2517030326915106,ols_rs:dm_only
2018-11,-0.0007010758308161337,-0.0012841574311165777,0.29154080015022205,ols_rs:dm_only
2018-12,0.0034491246270771294,0.002803935108312341,0.3225947593823943,ols_rs:dm_only
2019-01,0.002396896339306053,0.0019034598326511049,0.24671825332747382,ols_rs:dm_only
2019-02,0.00114680431574456,0.0006878263789849901,0.22948896837978483,ols_rs:dm_only
2019-03,0.0032701346405198035,0.002842109564770434,0.21401253787468494,ols_rs:dm_only
2019-04,0.000985574064508349,0.0005691084989292223,0.20823278278956348,ols_rs:dm_only
2019-05,0.005385568300434939,0.00499748936950457,0.1940394654651846,ols_rs:dm_only
2019-06,0.0033383554875108796,0.0029467231995195064,0.1958161439956865,ols_rs:dm_only
2019-07,0.005701029479669137,0.005275696101095666,0.21266668928673546,ols_rs:dm_only
2019-08,0.0023829137722526828,0.001975234929049936,0.20383942160137322,ols_rs:dm_only
2019-09,0.0028274589831437263,0.002430907914265295,0.19827553443921583,ols_rs:dm_only
2019-10,0.0024319822296601378,0.002051547272676944,0.19021747849159681,ols_rs:dm_only
2019-11,0.004689543724792752,0.004255920754070881,0.21681148536093572,ols_rs:dm_only
2019-12,0.003410591922589193,0.0029854918652575664,0.21255002866581363,ols_rs:dm_only
2020-01,0.0058272458964685045,0.005456828743569599,0.1852085764494526,ols_rs:dm_only
2020-02,0.005212481743061215,0.005167589835279683,0.022445953890765393,ols_rs:dm_only
2020-03,0.002229449158439332,0.0021866697020926787,0.021389728173326506,ols_rs:dm_only
2020-04,-0.002085357407817005,-0.002169163921661411,0.04190325692220283,ols_rs:dm_only
2020-05,-5.9269267778928484e-05,-0.00015845540290594147,0.049593067563506496,ols_rs:dm_only
2020-06,0.0023237460624679143,0.002274322697274542,0.0247116825966863,ols_rs:dm_only
2020-07,0.0007068317675136416,0.0005999834104344226,0.05342417853960963,ols_rs:dm_only
2020-08,0.0055989680707098765,0.005525164847168434,0.03690161177072106,ols_rs:dm_only
2020-09,0.00680229940782775,0.006741184970633336,0.03055721859720679,ols_rs:dm_only
2020-10,0.005120531187399769,0.005061344403822644,0.02959339178856243,ols_rs:dm_only
2020-11,0.0005679103783390759,0.0005147703516857564,0.026570013326659727,ols_rs:dm_only
2020-12,0.004507102450263922,0.004433227702575766,0.03693737384407791,ols_rs:dm_only
2021-01,0.006323361597280351,0.005974495661867175,0.17443296770658775,ols_rs:dm_only
2021-02,0.008590150364260557,0.008268839898639737,0.16065523281041008,ols_rs:dm_only
2021-03,0.009897090402821808,0.009596375935642209,0.15035723358980024,ols_rs:dm_only
2021-04,0.010376782757441428,0.010093018893482367,0.14188193197953086,ols_rs:dm_only
2021-05,0.00822397408556727,0.007904158861651042,0.15990761195811476,ols_rs:dm_only
2021-06,0.005043541505688135,0.004767697184854711,0.13792216041671213,ols_rs:dm_only
2021-07,0.0027024703741304486,0.0024543117208460073,0.12407932664222078,ols_rs:dm_only
2021-08,0.0049496021691612735,0.00470247756233964,0.12356230341081686,ols_rs:dm_only
2021-09,0.004516823778134281,0.004222658593870019,0.14708259213213065,ols_rs:dm_only
2021-10,0.003559158179751671,0.0032901858357068216,0.13448617202242477,ols_rs:dm_only
2021-11,0.0034200018632607114,0.0031711128637639686,0.12444449974837114,ols_rs:dm_only
2021-12,0.0051707569689278185,0.004874556824842298,0.14810007204276,ols_rs:dm_only
2022-01,0.01142126689386474,0.010841771511386449,0.289747691239146,ols_rs:dm_only
2022-02,0.006559980598918499,0.0059504487053258425,0.3047659467963278,ols_rs:dm_only
2022-03,0.007762384416187275,0.007168989244828856,0.2966975856792091,ols_rs:dm_only
2022-04,0.008380545249301458,0.007868184984307195,0.2561801324971314,ols_rs:dm_only
2022-05,0.005982538451626044,0.005440507307466904,0.27101557207956994,ols_rs:dm_only
2022-06,0.005108499177941838,0.004595274226202906,0.2566124758694668,ols_rs:dm_only
2022-07,-0.0009864797666508962,-0.0015179986035361184,0.26575941844261103,ols_rs:dm_only
2022-08,0.0011079297266506757,0.0005517337178374622,0.2780980044066069,ols_rs:dm_only
2022-09,0.006128814479231098,0.005535004193516797,0.2969051428571505,ols_rs:dm_only
2022-10,0.004414855845413282,0.0038251651694043457,0.2948453380044682,ols_rs:dm_only
2022-11,0.004920001471053443,0.004386490169138953,0.2667556509572451,ols_rs:dm_only
2022-12,0.0068494855791623255,0.006286941179685021,0.28127219973865175,ols_rs:dm_only
2023-01,0.0015616648204425398,0.0008191373690790735,0.37126372568173327,ols_rs:dm_only
2023-02,0.006995512333321179,0.0061861481442156314,0.4046820945527736,ols_rs:dm_only
2023-03,0.005900238030460228,0.005148747766140678,0.37574513215977484,ols_rs:dm_only
2023-04,0.0009916675128393742,0.00027097355584066883,0.3603469784993527,ols_rs:dm_only
2023-05,0.0017244358329577387,0.0010188726191704507,0.3527816068936441,ols_rs:dm_only
2023-06,0.0049102262709236864,0.004094510730510085,0.40785777020680064,ols_rs:dm_only
2023-07,0.003932741849570318,0.003061549322456235,0.4355962635570412,ols_rs:dm_only
2023-08,0.004775745677394178,0.003930180683288198,0.42278249705299004,ols_rs:dm_only
2023-09,0.0068812615297897005,0.006099144214080785,0.391058657854458,ols_rs:dm_only
2023-10,0.007610413256050902,0.00690872700351964,0.35084312626563063,ols_rs:dm_only
2023-11,-0.00023728292027490547,-0.0009569852906804748,0.35985118520278464,ols_rs:dm_only
2023-12,0.004910522876518974,0.00403811145189016,0.4362057123144069,ols_rs:dm_only
2024-01,0.006997350545704486,0.006241048181827961,0.3781511819382624,ols_rs:dm_only
2024-02,0.006451731164429234,0.0056041851318500485,0.4237730162895925,ols_rs:dm_only
2024-03,0.006118770554514508,0.0053644061373449535,0.37718220858477786,ols_rs:dm_only
2024-04,0.004827557767977638,0.004061635234269118,0.3829612668542598,ols_rs:dm_only
2024-05,0.007892775798745063,0.0071934862681172435,0.3496447653139096,ols_rs:dm_only
2024-06,0.003244428688585455,0.00250946562834805,0.36748153011870266,ols_rs:dm_only
2024-07,0.0020731611418585167,0.001426286389924516,0.32343737596700045,ols_rs:dm_only
2024-08,0.006350042876702573,0.005663340977593161,0.3433509495547063,ols_rs:dm_only
2024-09,0.0019219360481928037,0.0012541846145517907,0.3338757168205065,ols_rs:dm_only
2024-10,0.005332738026098795,0.004639278184686243,0.34672992070627606,ols_rs:dm_only
2024-11,0.008708967984673069,0.00798795031070382,0.36050883698462516,ols_rs:dm_only
2024-12,0.004041560678274655,0.0033623034615533035,0.3396286083606759,ols_rs:dm_only
2025-01,0.002145677871953802,0.0015721911084735597,0.28674338174012104,ols_rs:dm_only
2025-02,0.0034628133001001387,0.0028576404257535377,0.3025864371733005,ols_rs:dm_only
2025-03,0.003607986631417681,0.002999848033600665,0.30406929890850765,ols_rs:dm_only
2025-04,0.0014007448772659727,0.0007702716280622202,0.31523662460187624,ols_rs:dm_only
2025-05,0.0029348229933727904,0.002322813690950788,0.3060046512110012,ols_rs:dm_only
2025-06,-0.0005396385215130874,-0.0011538870832944281,0.3071242808906704,ols_rs:dm_only
2025-07,0.0033931299607588366,0.0027046747992198164,0.34422758076951027,ols_rs:dm_only
2025-08,0.006578371586782284,0.005909054104308879,0.3346587412367024,ols_rs:dm_only
2025-09,0.00794361481304115,0.007246085470308559,0.34876467136629546,ols_rs:dm_only
2025-10,0.0030008139713738643,0.0023593682242343548,0.32072287356975504,ols_rs:dm_only
2025-11,0.004234165624041501,0.003557716025193044,0.3382247994242282,ols_rs:dm_only
2025-12,0.0057729359321126,0.005111898078874729,0.3305189266189355,ols_rs:dm_only
2000-01,0.0002447089370486902,0.0002447089370486902,0.0,ols_rs:own
2000-02,0.0023029514206431585,0.0007740045117761245,0.7644734544335171,ols_rs:own
2000-03,0.006129191232259044,0.004901258898532199,0.6139661668634222,ols_rs:own
2000-04,0.008600241878713232,0.0070823236521699,0.7589591132716655,ols_rs:own
2000-05,0.005685063633817178,0.004356467954558134,0.6642978396295216,ols_rs:own
2000-06,0.0007436983896946091,-0.0005563270825575646,0.650012736126087,ols_rs:own
2000-07,0.008484859481582698,0.007316998319965175,0.5839305808087617,ols_rs:own
2000-08,0.0020612809367160233,0.0010963383011026943,0.4824713178066644,ols_rs:own
2000-09,0.007394244708166146,0.006392547711845952,0.5008484981600966,ols_rs:own
2000-10,0.01003380703492243,0.009113732053174898,0.4600374908737657,ols_rs:own
2000-11,0.008625947108673785,0.007719600213038129,0.45317344781782865,ols_rs:own
2000-12,-0.0030824805823750526,-0.0041759680321942815,0.5467437249096144,ols_rs:own
2001-01,-0.005632142168870372,-0.006590199549521032,0.4790286903253301,ols_rs:own
2001-02,0.010903031818962784,0.010177172351805808,0.3629297335784873,ols_rs:own
2001-03,0.01599362117584573,0.015309419846559712,0.34210066464300837,ols_rs:own
2001-04,0.00020452397927761925,-0.0002655422456222875,0.2350331124499536,ols_rs:own
2001-05,0.013181547968320634,0.012524231119468146,0.32865842442624443,ols_rs:own
2001-06,0.006018673911008905,0.005552325863158222,0.2331740239253411,ols_rs:own
2001-07,0.01474862577863394,0.01427367571648756,0.23747503107318887,ols_rs:own
2001-08,0.002348745693912537,0.0019209104685568273,0.2139176126778549,ols_rs:own
2001-09,0.002974986642497727,0.0024920775342316304,0.24145455413304856,ols_rs:own
2001-10,0.000672737973789562,2.7241787881351587e-05,0.3227480929541052,ols_rs:own
2001-11,0.014948189479748209,0.014397611246969503,0.27528911638935216,ols_rs:own
2001-12,0.004226914566995856,0.0037247833196296385,0.2510656236831088,ols_rs:own
2002-01,0.0024340764138140744,0.0013988709418672918,0.5176027359733913,ols_rs:own
2002-02,0.0031639459695563437,0.0023761327463773614,0.39390661158949086,ols_rs:own
2002-03,0.00022671808412194858,-0.0005831734335063018,0.40494575881412515,ols_rs:own
2002-04,0.014656494248636957,0.013869788368544222,0.39335294004636717,ols_rs:own
2002-05,0.008055664996981486,0.007206467756934411,0.4245986200235378,ols_rs:own
2002-06,0.007793308380923975,0.007018752023043808,0.3872781789400844,ols_rs:own
2002-07,0.008756724051105367,0.007958345103440087,0.3991894738326398,ols_rs:own
2002-08,0.004845220551948934,0.004097298395335274,0.37396107830683045,ols_rs:own
2002-09,0.006801787810652622,0.006157624379867426,0.32208171539259794,ols_rs:own
2002-10,0.00788712854921614,0.007210364410347249,0.3383820694344453,ols_rs:own
2002-11,0.007505781510220876,0.006907982195596582,0.29889965731214707,ols_rs:own
2002-12,0.0006862526380760293,4.065564625743972e-05,0.3227984959092949,ols_rs:own
2003-01,0.01192676138167516,0.011216549043775777,0.35510616894969077,ols_rs:own
2003-02,0.0013957261540405086,0.0010197623988591818,0.18798187759066334,ols_rs:own
2003-03,0.008675777781746859,0.008319721547335769,0.17802811720554537,ols_rs:own
2003-04,0.0002904657936057187,1.0574785988007763e-05,0.13994550380885543,ols_rs:own
2003-05,0.017334091489308447,0.016822475339495935,0.25580807490625573,ols_rs:own
2003-06,0.008050793109327822,0.007638688732138831,0.20605218859449587,ols_rs:own
2003-07,0.012504942618722967,0.012170367081366934,0.16728776867801712,ols_rs:own
2003-08,0.00907875433076732,0.008634046891700692,0.2223537195333145,ols_rs:own
2003-09,-0.00299371434997377,-0.0036079228471114534,0.30710424856884155,ols_rs:own
2003-10,0.004492346462396138,0.004045833703074469,0.2232563796608348,ols_rs:own
2003-11,0.014597989584043302,0.014207030640949402,0.1954794715469492,ols_rs:own
2003-12,-0.0024407694118458705,-0.0028449599998814513,0.2020952940177904,ols_rs:own
2004-01,0.007890050972749387,0.00755105671806168,0.1694971273438541,ols_rs:own
2004-02,0.0029170986640789515,0.0025718667313786997,0.17261596635012605,ols_rs:own
2004-03,0.007357041100249331,0.007075182630115195,0.1409292350670684,ols_rs:own
2004-04,0.014787285724072148,0.01454728846812603,0.11999862797305975,ols_rs:own
2004-05,-0.002834447910087645,-0.0031561028779931452,0.1608274839527502,ols_rs:own
2004-06,-0.004909429665015489,-0.0051649211480166365,0.12774574150057366,ols_rs:own
2004-07,0.007781523753640498,0.007546102465179221,0.11771064423063834,ols_rs:own
2004-08,0.009374798647799365,0.009138261971461843,0.11826833816876037,ols_rs:own
2004-09,0.010709323339799223,0.010473751927785472,0.1177857060068759,ols_rs:own
2004-10,-0.0009345655972906507,-0.001166776835357518,0.1161056190334338,ols_rs:own
2004-11,0.001298761902165069,0.001030925284419495,0.13391830887278713,ols_rs:own
2004-12,0.004601403334304961,0.004336740039905401,0.13233164719977972,ols_rs:own
2005-01,0.0038335507150865345,0.003467101271277022,0.18322472190475647,ols_rs:own
2005-02,0.0060400089256948414,0.00587480100049738,0.08260396259873054,ols_rs:own
2005-03,9.600680441705775e-05,-8.347015842674708e-05,0.08973848142190242,ols_rs:own
2005-04,0.003619006735889768,0.0034386428693769966,0.09018193325638584,ols_rs:own
2005-05,0.007170227091694821,0.006970976771683168,0.09962516000582664,ols_rs:own
2005-06,0.0026046666539529762,0.0023940654344973005,0.10530060972783824,ols_rs:own
2005-07,0.0020273381396664833,0.0018577415961857579,0.084798271740363,ols_rs:own
2005-08,0.010327353186005315,0.01015188246477414,0.08773536061558676,ols_rs:own
2005-09,-0.0018106916983473174,-0.0020562275971340457,0.1227679493933642,ols_rs:own
2005-10,0.004251541711071392,0.004078381031887058,0.08658033959216731,ols_rs:own
2005-11,0.0018480256163700207,0.0016695932897897935,0.08921616329011353,ols_rs:own
2005-12,0.002042769723616153,0.0018739589208400216,0.08440540138806563,ols_rs:own
2006-01,0.01932612135502311,0.01917216616825523,0.0769775933839395,ols_rs:own
2006-02,0.013520819404530973,0.013140154316814702,0.19033254385813425,ols_rs:own
2006-03,-0.013120722338608164,-0.01330490229893711,0.09208998016447223,ols_rs:own
2006-04,0.006015826811108401,0.00576449671458801,0.1256650482601953,ols_rs:own
2006-05,0.014382819749603253,0.014165593626889988,0.10861306135663201,ols_rs:own
2006-06,0.013832492574313536,0.0136205276564058,0.10598245895386758,ols_rs:own
2006-07,0.002576629941834375,0.002190608512156615,0.19301071483887988,ols_rs:own
2006-08,0.005415497937826375,0.005143941820337146,0.13577805874461468,ols_rs:own
2006-09,0.007789651744531244,0.007519508158469221,0.13507179303101097,ols_rs:own
2006-10,0.0014138234198753155,0.001263029200663354,0.07539710960598094,ols_rs:own
2006-11,-0.0016086756417994538,-0.0017758159122493722,0.0835701352249592,ols_rs:own
2006-12,0.0038642064068287324,0.0036928930432507177,0.08565668178900745,ols_rs:own
2007-01,0.008590884737749039,0.00784613779987491,0.3723734689370639,ols_rs:own
2007-02,0.0071520622969719816,0.006149475178392256,0.501293559289862,ols_rs:own
2007-03,0.0006810981236477691,-0.0003323009060820417,0.5066995148649053,ols_rs:own
2007-04,0.013066664938090902,0.01196091266194619,0.5528761380723557,ols_rs:own
2007-05,0.006113223056880025,0.005191564743180303,0.46082915684986103,ols_rs:own
2007-06,0.0023856124099236537,0.001374816203518684,0.5053981032024849,ols_rs:own
2007-07,0.0038400587843897714,0.0026247044124313216,0.607677185979225,ols_rs:own
2007-08,0.00547543627387907,0.004406739817406646,0.5343482282362119,ols_rs:own
2007-09,0.0003233708886007406,-0.000671871036385078,0.4976209624929093,ols_rs:own
2007-10,-0.0061683727408071804,-0.0071879393769118515,0.5097833180523353,ols_rs:own
2007-11,0.0029160806970032712,0.0019341321905027424,0.4909742532502646,ols_rs:own
2007-12,0.008301606703591407,0.007270186013616918,0.5157103449872444,ols_rs:own
2008-01,0.003991787238866876,0.003040125789317908,0.4758307247744842,ols_rs:own
2008-02,0.0007905514617163888,-0.0003878477618402771,0.5891996117783329,ols_rs:own
2008-03,0.004927489039862706,0.0037689014861246243,0.5792937768690414,ols_rs:own
2008-04,0.0026376826189059097,0.0014902366544408874,0.5737229822325111,ols_rs:own
2008-05,0.0003650204263615387,-0.0007496168070693707,0.5573186167154548,ols_rs:own
2008-06,0.007466163246016321,0.006301610818904851,0.5822762135557346,ols_rs:own
2008-07,0.003278942870808771,0.0022923988597391837,0.4932720055347938,ols_rs:own
2008-08,0.008041968986834689,0.0068602706386285415,0.5908491741030736,ols_rs:own
2008-09,0.00974746807428184,0.00879805572500799,0.4747061746369248,ols_rs:own
2008-10,0.019240560773413226,0.018309188023337596,0.46568637503781646,ols_rs:own
2008-11,0.0068039698717079515,0.00585001582827295,0.47697702171750084,ols_rs:own
2008-12,0.007820186736833712,0.006642570610946302,0.5888080629437051,ols_rs:own
2009-01,0.007723503706486057,0.006551621840625702,0.5859409329301771,ols_rs:own
2009-02,0.007518263638903275,0.006418128705437909,0.5500674667326827,ols_rs:own
2009-03,-0.005394509970870116,-0.006380373465968453,0.49293174754916913,ols_rs:own
2009-04,-0.0058211044466518124,-0.0071197589684436815,0.6493272608959345,ols_rs:own
2009-05,0.011571260490835483,0.009964616720448018,0.8033218851937325,ols_rs:own
2009-06,-0.0003491476199919449,-0.0017872771522707018,0.7190647661393785,ols_rs:own
2009-07,0.0013444358694573195,-4.205305597561216e-05,0.6932444627164659,ols_rs:own
2009-08,0.004739758843455377,0.0036360698300040963,0.5518445067256402,ols_rs:own
2009-09,0.004470202851974679,0.0034286897788197265,0.5207565365774763,ols_rs:own
2009-10,0.0039924618602933315,0.0030471759694007407,0.4726429454462952,ols_rs:own
2009-11,0.0032998992714871177,0.002268486856197461,0.5157062076448282,ols_rs:own
2009-12,0.00032754882827024817,-0.0006338768353131537,0.48071283179170093,ols_rs:own
2010-01,0.006211628877344821,0.005332436586470813,0.43959614543700365,ols_rs:own
2010-02,0.002407316729870514,0.0016973984270824791,0.3549591513940174,ols_rs:own
2010-03,0.00509955745779147,0.0044288714895829575,0.33534298410425645,ols_rs:own
2010-04,0.008772178559582518,0.008163687347249454,0.3042456061665318,ols_rs:own
2010-05,0.001755084300632871,0.001123423372291253,0.31583046417080907,ols_rs:own
2010-06,0.005567926553900625,0.004961598792595593,0.3031638806525163,ols_rs:own
2010-07,0.002874257966119886,0.002368401775532904,0.2529280952934909,ols_rs:own
2010-08,0.00515210085732242,0.004540402679790629,0.3058490887658954,ols_rs:own
2010-09,0.0028846425927603215,0.002259312216977842,0.3126651878912398,ols_rs:own
2010-10,0.0030547910319478943,0.0024585112534962817,0.2981398892258062,ols_rs:own
2010-11,0.0035304757779010677,0.0029450920898008697,0.2926918440500988,ols_rs:own
2010-12,0.0027752829217044727,0.002201940365581294,0.2866712780615893,ols_rs:own
2011-01,0.009867409914653711,0.00938332257872892,0.24204366796239543,ols_rs:own
2011-02,0.0033900486221275063,0.002927079324757866,0.23148464868482,ols_rs:own
2011-03,0.0021014732244917177,0.001618398399149232,0.24153741267124293,ols_rs:own
2011-04,0.0065459970137442,0.006114655598981465,0.21567070738136748,ols_rs:own
2011-05,0.0069324486128079415,0.006523431064401504,0.2045087742032188,ols_rs:own
2011-06,0.004147582133186121,0.003707996720055069,0.2197927065655259,ols_rs:own
2011-07,0.0037229805295718155,0.0033196312789905043,0.20167462529065597,ols_rs:own
2011-08,0.0029137351741358665,0.002510285513162707,0.2017248304865797,ols_rs:own
2011-09,0.007421207116340113,0.006998520086631225,0.2113435148544443,ols_rs:own
2011-10,-0.0026185214994231512,-0.0030880601392863603,0.23476931993160452,ols_rs:own
2011-11,0.004598323681959733,0.0040748826728655135,0.26172050454710966,ols_rs:own
2011-12,0.005646802189764085,0.005138884795426161,0.25395869716896197,ols_rs:own
2012-01,-0.0035086703780511084,-0.00400539586261129,0.24836274228009075,ols_rs:own
2012-02,0.002094361408126522,0.0015427668213601577,0.27579729338318215,ols_rs:own
2012-03,0.00572322926262619,0.005174507400615595,0.27436093100529746,ols_rs:own
2012-04,0.0050631712914931196,0.0044549970129791625,0.3040871392569785,ols_rs:own
2012-05,0.005474716942938217,0.00501595648930849,0.22938022681486417,ols_rs:own
2012-06,0.0006571255511370435,0.000279698000735509,0.18871377520076743,ols_rs:own
2012-07,0.004646074000207611,0.004306504766299431,0.16978461695409003,ols_rs:own
2012-08,0.008511363964223861,0.008142572218920443,0.18439587265170884,ols_rs:own
2012-09,0.002371067828374763,0.0020119488604736164,0.17955948395057325,ols_rs:own
2012-10,0.0022272709053053983,0.0018709350683392574,0.1781679184830704,ols_rs:own
2012-11,0.0028241947630685826,0.0024482917158760616,0.1879515235962607,ols_rs:own
2012-12,-0.00021633018391519388,-0.0005962819124983575,0.1899758642915817,ols_rs:own
2013-01,0.004710885399716115,0.004145195900178619,0.28284474976874774,ols_rs:own
2013-02,0.004477787003803073,0.003842438237903271,0.31767438294990125,ols_rs:own
2013-03,0.00716013533295035,0.006555713597826342,0.3022108675620042,ols_rs:own
2013-04,0.005366045392427994,0.004845113213251191,0.26046608958840084,ols_rs:own
2013-05,0.00800950897080649,0.007433174001304532,0.288167484750979,ols_rs:own
2013-06,0.003681340468491237,0.0029934334410361566,0.3439535137275401,ols_rs:own
2013-07,0.002053343511401652,0.0013151712045483533,0.36908615342664924,ols_rs:own
2013-08,0.004612793776366679,0.003915018271502306,0.34888775243218645,ols_rs:own
2013-09,0.0002011397508293617,-0.0005255033985520001,0.3633215746906808,ols_rs:own
2013-10,0.0022300116031729444,0.0015382102153709677,0.3459006939009883,ols_rs:own
2013-11,0.0033262944480241096,0.0026440455693197223,0.3411244393521936,ols_rs:own
2013-12,0.00599743471445802,0.005348134403217231,0.3246501556203942,ols_rs:own
2014-01,0.0036278998141833028,0.0031308461195395736,0.24852684732186478,ols_rs:own
2014-02,0.001310308894050278,0.0007411212211308342,0.284593836459722,ols_rs:own
2014-03,0.0015553610289534712,0.0009702130697178331,0.292573979617819,ols_rs:own
2014-04,0.005450595098816152,0.004910300391868405,0.2701473534738735,ols_rs:own
2014-05,0.004572238276629601,0.0040425637084156255,0.2648372841069879,ols_rs:own
2014-06,0.004089347969238397,0.0035292324422361836,0.2800577635011068,ols_rs:own
2014-07,0.0027792821587175683,0.0022391288788815395,0.2700766399180145,ols_rs:own
2014-08,0.0033954334362780673,0.0027598881395532685,0.3177726483623995,ols_rs:own
2014-09,0.005167627070805869,0.004647947303468584,0.25983988366864275,ols_rs:own
2014-10,0.0037381796031886387,0.0032250139844761344,0.25658280935625205,ols_rs:own
2014-11,0.005745209010293411,0.005273986331018399,0.23561133963750588,ols_rs:own
2014-12,0.00608909134874499,0.005590804303851836,0.24914352244657711,ols_rs:own
2015-01,0.0031906494826787184,0.002669343613838469,0.26065293442012466,ols_rs:own
2015-02,0.0006133258429604107,4.8309693230367215e-05,0.2825080748650216,ols_rs:own
2015-03,0.005063217568862715,0.004573319200495423,0.24494918418364564,ols_rs:own
2015-04,-0.003779583240532412,-0.0042783157179326105,0.24936623870009927,ols_rs:own
2015-05,0.0029744573610666638,0.0023729595434039646,0.3007489088313494,ols_rs:own
2015-06,0.0017030265051907669,0.0011252630622002934,0.2888817214952367,ols_rs:own
2015-07,0.005414237388877634,0.00492450484589262,0.24486627149250634,ols_rs:own
2015-08,0.006423113036880446,0.005945347220042426,0.2388829084190096,ols_rs:own
2015-09,0.0028251401348270834,0.002336818247081248,0.24416094387291776,ols_rs:own
2015-10,0.002178108934205433,0.0016685665998574695,0.2547711671739818,ols_rs:own
2015-11,0.008490228576322853,0.008000388744951941,0.24491991568545643,ols_rs:own
2015-12,0.0027705937753023796,0.002265452398902259,0.2525706882000602,ols_rs:own
2016-01,0.002301654951182129,0.001887107755228431,0.20727359797684886,ols_rs:own
2016-02,-0.0002467792435260227,-0.00041650719842520583,0.08486397744959144,ols_rs:own
2016-03,-0.002676047028664887,-0.002874757635330467,0.09935530333279011,ols_rs:own
2016-04,0.007152964678481767,0.006932987337300561,0.10998867059060295,ols_rs:own
2016-05,0.002615798178884899,0.0024308953666761076,0.0924514061043957,ols_rs:own
2016-06,0.001152589367508831,0.0009750805202499634,0.08875442362943385,ols_rs:own
2016-07,0.004844687642768969,0.0046914112450951355,0.07663819883691673,ols_rs:own
2016-08,0.005169026271981759,0.004996110420272863,0.08645792585444811,ols_rs:own
2016-09,0.003287073089821553,0.0030946427110884866,0.09621518936653328,ols_rs:own
2016-10,0.0057384984444666136,0.005605181531571586,0.06665845644751323,ols_rs:own
2016-11,0.004545738707017266,0.004403025639354297,0.07135653383148413,ols_rs:own
2016-12,0.0012038522913691027,0.0009865609292885763,0.10864568104026313,ols_rs:own
2017-01,0.007651188008250342,0.007421178464957648,0.11500477164634654,ols_rs:own
2017-02,0.004312283351977349,0.003986799718549981,0.16274181671368404,ols_rs:own
2017-03,0.004071531580770463,0.003737976911370076,0.1667773347001933,ols_rs:own
2017-04,0.002965673061290033,0.0026986320917195892,0.133520484785222,ols_rs:own
2017-05,0.005916015452208949,0.005652981817426432,0.13151681739125842,ols_rs:own
2017-06,0.0016764914282964673,0.0014432505848560502,0.11662042172020859,ols_rs:own
2017-07,0.006250931177354748,0.006032113293805155,0.10940894177479699,ols_rs:own
2017-08,0.005305305460396073,0.005046137666038793,0.12958389717863997,ols_rs:own
2017-09,0.004466422058606381,0.004207435444709163,0.12949330694860917,ols_rs:own
2017-10,0.0037946049055340345,0.0035546856525391192,0.11995962649745782,ols_rs:own
2017-11,0.0020109553637621216,0.0017730895760961643,0.11893289383297898,ols_rs:own
2017-12,-0.0014158594094043446,-0.0016729801975645657,0.1285603940801106,ols_rs:own
2018-01,0.0023916864000559693,0.0021676841946240127,0.11200110271597823,ols_rs:own
2018-02,0.004914039284870959,0.004756610113791051,0.07871458553995377,ols_rs:own
2018-03,0.0028773557791903883,0.0026793719567328312,0.09899191122877876,ols_rs:own
2018-04,0.0034112780368915564,0.003260605461012721,0.07533628793941806,ols_rs:own
2018-05,0.005540087148494044,0.005363301283320265,0.08839293258688975,ols_rs:own
2018-06,0.0017577069516881317,0.001581536879292097,0.08808503619801734,ols_rs:own
2018-07,0.0024135905544993798,0.002260905578858564,0.07634248782040787,ols_rs:own
2018-08,0.003162000540987671,0.003013072035526368,0.07446425273065164,ols_rs:own
2018-09,0.0021170760684273604,0.001977847048972126,0.06961450972761732,ols_rs:own
2018-10,0.0042456828116292,0.004113790480228992,0.06594616570010413,ols_rs:own
2018-11,0.0003297599949999726,0.00016947172390106084,0.08014413554945586,ols_rs:own
2018-12,0.0036385304761111102,0.0034679691720200315,0.08528065204553952,ols_rs:own
2019-01,0.002627774327403386,0.0022216992720735266,0.20303752766492963,ols_rs:own
2019-02,0.0011594815850946253,0.00065078794423926,0.25434682042768264,ols_rs:own
2019-03,0.003202973896215865,0.002695480690056533,0.25374660307966584,ols_rs:own
2019-04,0.0007264558170427427,0.00024217064541179982,0.24214258581547138,ols_rs:own
2019-05,0.005184838544658355,0.004710365417314364,0.23723656367199544,ols_rs:own
2019-06,0.0030673903559228317,0.0026118115778997284,0.2277893890115517,ols_rs:own
2019-07,0.00543439259811588,0.004935598009758287,0.2493972941787964,ols_rs:own
2019-08,0.0021836744528408556,0.001707543842252532,0.2380653052941617,ols_rs:own
2019-09,0.0026755187087184077,0.002202062844627335,0.23672793204553655,ols_rs:own
2019-10,0.002130640528219088,0.0016802716805379295,0.22518442384057913,ols_rs:own
2019-11,0.0046589715699483425,0.0041563945523894735,0.25128850877943426,ols_rs:own
2019-12,0.003261523579954948,0.0027593581865507874,0.2510826967020805,ols_rs:own
2020-01,0.006071176132258705,0.005650093058607437,0.21054153682563462,ols_rs:own
2020-02,0.005452087348817755,0.005238572003495755,0.10675767266099961,ols_rs:own
2020-03,0.003427409935263527,0.00323132942714489,0.09804025405931834,ols_rs:own
2020-04,-0.005475807411147976,-0.00574596600046287,0.13507929465744684,ols_rs:own
2020-05,0.0007155269236430027,0.00023846873569203803,0.2385290939754823,ols_rs:own
2020-06,0.0030338843128058903,0.0027183810497472902,0.15775163152930025,ols_rs:own
2020-07,0.0021064899525226324,0.0017905271789773263,0.15798138677265297,ols_rs:own
2020-08,0.006735191831648563,0.006411517977952395,0.16183692684808412,ols_rs:own
2020-09,0.008213865408053083,0.00793289192674223,0.14048674065542566,ols_rs:own
2020-10,0.004795397802806505,0.004538734404075152,0.1283316993656764,ols_rs:own
2020-11,-0.0007622637197642418,-0.0010266753781806562,0.13220582920820748,ols_rs:own
2020-12,0.005203573348333579,0.004866875240443955,0.16834905394481214,ols_rs:own
2021-01,0.00615070837687168,0.005880292710186332,0.13520783334267436,ols_rs:own
2021-02,0.007854794591696756,0.007615780592298288,0.119506999699234,ols_rs:own
2021-03,0.009945547587148247,0.009709843044237158,0.11785227145554464,ols_rs:own
2021-04,0.009974305067406484,0.009762812859330833,0.10574610403782532,ols_rs:own
2021-05,0.008045885598809041,0.00780159862549365,0.12214348665769582,ols_rs:own
2021-06,0.004904026771429909,0.0046952837389762315,0.10437151622683874,ols_rs:own
2021-07,0.0024858770360609256,0.0022961940469051812,0.09484149457787215,ols_rs:own
2021-08,0.0051620941209324,0.004977292891623619,0.09240061465439041,ols_rs:own
2021-09,0.004489240137512723,0.004267224413088502,0.11100786221211062,ols_rs:own
2021-10,0.003259354581823869,0.0030538086693220334,0.10277295625091765,ols_rs:own
2021-11,0.003361045359681536,0.0031726557315988734,0.09419481404133095,ols_rs:own
2021-12,0.004914589283079778,0.0046942222850547685,0.11018349901250524,ols_rs:own
2022-01,0.011570881678302924,0.010899377364546894,0.3357521568780148,ols_rs:own
2022-02,0.006563949114057843,0.005896750611763226,0.33359925114730876,ols_rs:own
2022-03,0.007945548481972016,0.007271726743977478,0.33691086899726946,ols_rs:own
2022-04,0.008234240498252958,0.007650893158270092,0.29167366999143374,ols_rs:own
2022-05,0.006015023925257656,0.0054075848285275036,0.303719548365076,ols_rs:own
2022-06,0.005172665273195303,0.004596813987509673,0.28792564284281563,ols_rs:own
2022-07,-0.0008767898604368833,-0.0014627278169098536,0.2929689782364852,ols_rs:own
2022-08,0.0009650363274509189,0.00034603634898608176,0.3094999892324185,ols_rs:own
2022-09,0.006118247216223696,0.005479767722567834,0.31923974682793177,ols_rs:own
2022-10,0.004893689975626504,0.00421601444331262,0.3388377661569421,ols_rs:own
2022-11,0.005213123773433663,0.004610881115754972,0.3011213288393449,ols_rs:own
2022-12,0.0069629697474211626,0.006327619734638415,0.3176750063913741,ols_rs:own
2023-01,0.0017440144329462957,0.0010929620968441328,0.3255261680510816,ols_rs:own
2023-02,0.006610149830561591,0.005930108018341319,0.3400209061101357,ols_rs:own
2023-03,0.005877170059057971,0.005264465470656979,0.3063522942004961,ols_rs:own
2023-04,0.0014564352572613668,0.0008738644978437906,0.2912853797087881,ols_rs:own
2023-05,0.0022765362753923535,0.001674281654795988,0.3011273102981829,ols_rs:own
2023-06,0.004473698500116764,0.003813757606809513,0.32997044665362574,ols_rs:own
2023-07,0.0035360461020986582,0.002826622905123968,0.35471159848734507,ols_rs:own
2023-08,0.005567118437564298,0.004882745313035734,0.3421865622642822,ols_rs:own
2023-09,0.007059781287179626,0.006434545888071519,0.3126176995540535,ols_rs:own
2023-10,0.007474112293765245,0.0068990104504723145,0.2875509216464653,ols_rs:own
2023-11,0.0005460266218523514,-2.414114987185216e-05,0.2850838858621017,ols_rs:own
2023-12,0.004709594322846428,0.003994074810882089,0.35775975598216925,ols_rs:own
2024-01,0.007375712177018375,0.00674423069024632,0.31574074338602764,ols_rs:own
2024-02,0.005999441696907789,0.005287819025045863,0.35581133593096276,ols_rs:own
2024-03,0.0060270925648498504,0.005384995760450677,0.3210484021995867,ols_rs:own
2024-04,0.004256271848738863,0.0036004239331359797,0.3279239578014415,ols_rs:own
2024-05,0.007732447313981022,0.007128196797106582,0.3021252584372194,ols_rs:own
2024-06,0.0026126436387452763,0.0020035461035305224,0.3045487676073768,ols_rs:own
2024-07,0.0027393889255943435,0.0021775221373029857,0.2809333941456787,ols_rs:own
2024-08,0.006168097246880217,0.005611156080276286,0.2784705833019654,ols_rs:own
2024-09,0.0022853925457105594,0.0017309717349369008,0.2772104053868294,ols_rs:own
2024-10,0.005292489785345775,0.004733891192429055,0.27929929645836,ols_rs:own
2024-11,0.008388851047182112,0.007800916597119447,0.2939672250313326,ols_rs:own
2024-12,0.003794289324615058,0.0032365453214364625,0.27887200158929776,ols_rs:own
2025-01,0.002277912396065364,0.0017659334510927674,0.25598947248629816,ols_rs:own
2025-02,0.0032318862269900242,0.002626594078283543,0.3026460743532405,ols_rs:own
2025-03,0.003597671758912517,0.0029768677762239282,0.31040199134429436,ols_rs:own
2025-04,0.0013296628499874419,0.0007071301756934521,0.3112663371469948,ols_rs:own
2025-05,0.0028476107093716465,0.0022307126036487514,0.3084490528614478,ols_rs:own
2025-06,-0.000614885498826658,-0.001221423555592638,0.30326902838299,ols_rs:own
2025-07,0.002979914881923185,0.0023111018934645826,0.33440649422930124,ols_rs:own
2025-08,0.005657370740697043,0.004986910436539021,0.335230152079011,ols_rs:own
2025-09,0.007394350829673029,0.006711957152702263,0.34119683848538246,ols_rs:own
2025-10,0.0032390780955376727,0.00261302081307319,0.31302864123224117,ols_rs:own
2025-11,0.004026761574670548,0.0033580974852382883,0.3343320447161302,ols_rs:own
2025-12,0.005249847876723548,0.004593670383866087,0.3280887464287305,ols_rs:own
2000-01,-0.0023474424540065224,-0.0023474424540065224,0.0,ols_rs:pooled
2000-02,0.01155041644075801,0.009800413859130781,0.8750012908136143,ols_rs:pooled
2000-03,0.0007537987717444158,-0.0007147638350481069,0.734281303396262,ols_rs:pooled
2000-04,-0.003716813794298962,-0.005356707170924809,0.819946688312923,ols_rs:pooled
2000-05,0.002664287138582839,0.001149904609120893,0.7571912647309731,ols_rs:pooled
2000-06,-0.004376761958872072,-0.0058824651484127915,0.7528515947703596,ols_rs:pooled
2000-07,0.0046854786306304635,0.003234784848415673,0.7253468911073953,ols_rs:pooled
2000-08,0.0043401826135498825,0.003019893869780052,0.660144371884915,ols_rs:pooled
2000-09,0.0064332355744640135,0.005072470454892862,0.6803825597855754,ols_rs:pooled
2000-10,0.008948279468548958,0.007715304416547808,0.6164875260005751,ols_rs:pooled
2000-11,0.00756156859336006,0.006347232409251691,0.6071680920541849,ols_rs:pooled
2000-12,0.00456135946077691,0.0033243636504677633,0.6184979051545735,ols_rs:pooled
2001-01,-0.02362699572616255,-0.025133980346737493,0.7534923102874718,ols_rs:pooled
2001-02,0.007346175445604791,0.005283195245315087,1.0314901001448524,ols_rs:pooled
2001-03,0.030188439955573704,0.02824454391676303,0.9719480194053356,ols_rs:pooled
2001-04,0.002482949978950461,0.001194849718497014,0.6440501302267233,ols_rs:pooled
2001-05,0.01215227989612026,0.010588067984522963,0.7821059557986484,ols_rs:pooled
2001-06,0.006321786361480075,0.0049745846507438,0.6736008553681375,ols_rs:pooled
2001-07,0.012266559739127944,0.010942459734294778,0.6620500024165829,ols_rs:pooled
2001-08,0.0020280099988819124,0.000818467771005819,0.6047711139380465,ols_rs:pooled
2001-09,0.014213436065702986,0.012855388010304725,0.6790240276991302,ols_rs:pooled
2001-10,-0.011886191271368007,-0.013275382712146972,0.6945957203894825,ols_rs:pooled
2001-11,0.010649018610038901,0.008953702892814835,0.8476578586120336,ols_rs:pooled
2001-12,0.007177988940508267,0.005559079840342291,0.8094545500829885,ols_rs:pooled
2002-01,0.0027098958727021162,0.0008853124123814036,0.9122917301603565,ols_rs:pooled
2002-02,0.004722164609372772,0.0035062552855548716,0.6079546619089501,ols_rs:pooled
2002-03,0.005718551528994389,0.004449363317392011,0.6345941058011889,ols_rs:pooled
2002-04,0.015593640524147216,0.01437154934562274,0.6110455892622383,ols_rs:pooled
2002-05,0.0098111238806359,0.008525268620445121,0.6429276300953894,ols_rs:pooled
2002-06,0.015771757754610392,0.01454694213322198,0.6124078106942065,ols_rs:pooled
2002-07,0.008311235731596749,0.007091737890983476,0.6097489203066363,ols_rs:pooled
2002-08,0.00458110446052091,0.003447490754805795,0.5668068528575574,ols_rs:pooled
2002-09,0.014062291042977773,0.012996106750872809,0.5330921460524835,ols_rs:pooled
2002-10,0.00721623029904915,0.0062298316420666446,0.49319932849125186,ols_rs:pooled
2002-11,0.003488753556729959,0.002372661847296123,0.5580458547169177,ols_rs:pooled
2002-12,0.004537786976680521,0.0034009192259979843,0.5684338753412693,ols_rs:pooled
2003-01,0.009122179509316536,0.007938958425643452,0.5916105418365415,ols_rs:pooled
2003-02,0.004050933501096221,0.003113281097379341,0.4688262018584403,ols_rs:pooled
2003-03,0.009577662565141535,0.008671226205582666,0.45321817977943474,ols_rs:pooled
2003-04,-0.0049593868770550905,-0.005656708548133807,0.3486608355393586,ols_rs:pooled
2003-05,0.013501889664010018,0.012256752052255864,0.622568805877077,ols_rs:pooled
2003-06,0.00661847867299504,0.005455494948900148,0.5814918620474459,ols_rs:pooled
2003-07,0.013532304901007219,0.012548449666861097,0.491927617073061,ols_rs:pooled
2003-08,0.01314930905523831,0.011988333338053816,0.580487858592247,ols_rs:pooled
2003-09,-0.009479934880190298,-0.010770462474035432,0.6452637969225666,ols_rs:pooled
2003-10,0.007516853955535429,0.006182191030208203,0.6673314626636123,ols_rs:pooled
2003-11,0.005729644781544828,0.004564629943684962,0.5825074189299325,ols_rs:pooled
2003-12,-0.0014919570298901662,-0.002745493161006751,0.626768065558292,ols_rs:pooled
2004-01,0.009172425580357054,0.008099902594247541,0.5362614930547567,ols_rs:pooled
2004-02,0.008220648074653402,0.0069943445469291205,0.6131517638621407,ols_rs:pooled
2004-03,0.006649542251110981,0.005747453559057821,0.45104434602657967,ols_rs:pooled
2004-04,0.018805411871856283,0.017904796681228616,0.4503075953138331,ols_rs:pooled
2004-05,-0.005324155740842716,-0.006247227255365839,0.4615357572615615,ols_rs:pooled
2004-06,-0.007655855487604129,-0.008688188838346352,0.5161666753711115,ols_rs:pooled
2004-07,0.008791718781214547,0.0077697665318317765,0.5109761246913848,ols_rs:pooled
2004-08,0.008679796700775962,0.007760710257586155,0.4595432215949032,ols_rs:pooled
2004-09,0.013102919202144023,0.012149739653929625,0.4765897741071996,ols_rs:pooled
2004-10,0.002158817878862315,0.0012387275187865524,0.46004518003788125,ols_rs:pooled
2004-11,0.007104051821213569,0.0060500436154049845,0.5270041029042922,ols_rs:pooled
2004-12,0.0057025992595953106,0.004609869981423751,0.5463646390857797,ols_rs:pooled
2005-01,0.004261655650494864,0.0031033697753906028,0.5791429375521311,ols_rs:pooled
2005-02,0.0028588103915389556,0.0016909281860118643,0.5839411027635455,ols_rs:pooled
2005-03,0.00935701664928419,0.008138281369876228,0.6093676397039812,ols_rs:pooled
2005-04,0.015500170092131045,0.014465065631307165,0.5175522304119391,ols_rs:pooled
2005-05,-0.003301828784219198,-0.004245904109314424,0.4720376625476133,ols_rs:pooled
2005-06,0.004169623508278437,0.0029335861391876425,0.6180186845453968,ols_rs:pooled
2005-07,0.003752500142529485,0.002667230756979719,0.5426346927748829,ols_rs:pooled
2005-08,0.0028358826368375316,0.0017407228850830723,0.5475798758772297,ols_rs:pooled
2005-09,-0.0006241429982616595,-0.0019568620464113875,0.6663595240748641,ols_rs:pooled
2005-10,0.009680774084963695,0.008488034557635384,0.5963697636641558,ols_rs:pooled
2005-11,0.00403734641726744,0.003057159871685866,0.4900932727907867,ols_rs:pooled
2005-12,0.001996042133613701,0.0009339175831081756,0.5310622752527625,ols_rs:pooled
2006-01,-0.002813097815974615,-0.0037651381028531196,0.47602014343925214,ols_rs:pooled
2006-02,0.014139437523068938,0.012993667738019668,0.5728848925246344,ols_rs:pooled
2006-03,-0.009011177164506893,-0.009845920910526561,0.41737187300983336,ols_rs:pooled
2006-04,0.002115509787470481,0.0011208264827480942,0.4973416523611932,ols_rs:pooled
2006-05,0.009051498880799314,0.0079702002461978,0.5406493173007564,ols_rs:pooled
2006-06,0.014089730740514096,0.013205425211227861,0.44215276464311776,ols_rs:pooled
2006-07,0.0020569273960200783,0.0012284603592369805,0.41423351839154904,ols_rs:pooled
2006-08,0.00475429293217373,0.003954007043583192,0.4001429442952689,ols_rs:pooled
2006-09,0.008525806814581904,0.007767118292911446,0.37934426083522854,ols_rs:pooled
2006-10,0.0006404476401744378,-3.617703408212176e-05,0.33831233712827996,ols_rs:pooled
2006-11,0.003901795744207092,0.0031437841006129764,0.3790058217970578,ols_rs:pooled
2006-12,0.005906403855593279,0.005192767951398056,0.356817952097611,ols_rs:pooled
2007-01,0.008395709452065298,0.0076125032664047885,0.39160309283025485,ols_rs:pooled
2007-02,0.005621087470503625,0.0046918060052568225,0.46464073262340133,ols_rs:pooled
2007-03,0.0012076755899226989,0.0003312663490694811,0.4382046204266089,ols_rs:pooled
2007-04,0.013676440915689212,0.012735223153560838,0.47060888106418647,ols_rs:pooled
2007-05,0.0059040329905000345,0.005113854505217036,0.3950892426414993,ols_rs:pooled
2007-06,0.0009649977472956602,9.22111741395751e-05,0.4363932865780423,ols_rs:pooled
2007-07,0.0049554185767880865,0.003909558200113875,0.5229301883371059,ols_rs:pooled
2007-08,0.004615193847035478,0.0037068724605646875,0.45416069323539515,ols_rs:pooled
2007-09,0.0009738243806432092,0.00012710765475487643,0.42335836294416623,ols_rs:pooled
2007-10,-0.004860139973638168,-0.005720027254942646,0.42994364065223933,ols_rs:pooled
2007-11,0.0036956191061687273,0.0028484257010212757,0.4235967025737256,ols_rs:pooled
2007-12,0.009044744703767446,0.008151878009910777,0.4464333469283341,ols_rs:pooled
2008-01,0.005146041994365665,0.004305991313510849,0.420025340427408,ols_rs:pooled
2008-02,-0.00011176567368953387,-0.0011410846134524012,0.5146594698814336,ols_rs:pooled
2008-03,0.007491065869148782,0.006481318194876425,0.5048738371361786,ols_rs:pooled
2008-04,0.0025983098220486896,0.0016265497452816013,0.4858800383835441,ols_rs:pooled
2008-05,0.0012795593015627097,0.00024464534719890405,0.5174569771819028,ols_rs:pooled
2008-06,0.008355931355394869,0.007348761539126184,0.5035849081343423,ols_rs:pooled
2008-07,0.0029806572979532296,0.002107252471965472,0.4367024129938791,ols_rs:pooled
2008-08,0.008716608618958448,0.007688824153680429,0.5138922326390097,ols_rs:pooled
2008-09,0.011737737428886843,0.010982681286043237,0.3775280714218031,ols_rs:pooled
2008-10,0.02303363222566268,0.02226131762593533,0.38615729986367736,ols_rs:pooled
2008-11,0.006991141523032731,0.006178771752252414,0.40618488539015857,ols_rs:pooled
2008-12,0.006538435244145439,0.00560055586863015,0.4689396877576448,ols_rs:pooled
2009-01,0.0071865277642381145,0.006061506392096627,0.5625106860707436,ols_rs:pooled
2009-02,0.007236305471867771,0.006121000989616274,0.5576522411257481,ols_rs:pooled
2009-03,-0.007354617049245518,-0.008372415184378776,0.5088990675666282,ols_rs:pooled
2009-04,-0.008335272787994261,-0.00968420926737998,0.6744682396928591,ols_rs:pooled
2009-05,0.014010191093830442,0.012275295930690112,0.8674475815701641,ols_rs:pooled
2009-06,-0.0006659780705157662,-0.0020896866353278688,0.711854282406051,ols_rs:pooled
2009-07,0.0016341196792945488,0.00023944057776948866,0.6973395507625301,ols_rs:pooled
2009-08,0.004881227630809284,0.0037408562437359185,0.5701856935366828,ols_rs:pooled
2009-09,0.004975477152391844,0.0039022310206504093,0.5366230658707173,ols_rs:pooled
2009-10,0.0036616215878159993,0.002654311617608168,0.5036549851039156,ols_rs:pooled
2009-11,0.003087425772657162,0.0019841491491265077,0.5516383117653274,ols_rs:pooled
2009-12,0.0008864524190491066,-0.0001174837787682802,0.5019680989086934,ols_rs:pooled
2010-01,0.005825752717326927,0.004897686556299085,0.46403308051392145,ols_rs:pooled
2010-02,0.0022197441336697294,0.0013975569972473068,0.41109356821121135,ols_rs:pooled
2010-03,0.004788548049589968,0.004030342913278289,0.3791025681558395,ols_rs:pooled
2010-04,0.008302026082085285,0.0075871756644098984,0.35742520883769374,ols_rs:pooled
2010-05,0.002463723120292052,0.0017193679733923245,0.37217757344986385,ols_rs:pooled
2010-06,0.006819059492405206,0.006075650182379239,0.37170465501298333,ols_rs:pooled
2010-07,0.002333034857578356,0.001748621674710172,0.2922065914340921,ols_rs:pooled
2010-08,0.005891372264485823,0.005162808833327083,0.3642817155793695,ols_rs:pooled
2010-09,0.0031683744881866706,0.002437948201935693,0.3652131431254888,ols_rs:pooled
2010-10,0.003963260990267904,0.003251727159679287,0.35576691529430826,ols_rs:pooled
2010-11,0.00441960248399954,0.003744296676142626,0.33765290392845726,ols_rs:pooled
2010-12,0.003190157375150293,0.00252272500667149,0.3337161842394013,ols_rs:pooled
2011-01,0.009983394579809709,0.009372901683904573,0.30524644795256844,ols_rs:pooled
2011-02,0.003832057628083146,0.0031999947487233917,0.3160314396798771,ols_rs:pooled
2011-03,0.0023860724352499523,0.0017618430029241587,0.3121147161628971,ols_rs:pooled
2011-04,0.006872076365916963,0.006290872816979467,0.29060177446874774,ols_rs:pooled
2011-05,0.007402575716498679,0.006852085770797168,0.2752449728507551,ols_rs:pooled
2011-06,0.00429957846504751,0.0037118419433328407,0.2938682608573349,ols_rs:pooled
2011-07,0.004141875420301002,0.00359213282603698,0.2748712971320111,ols_rs:pooled
2011-08,0.004573153615667684,0.004018943461365939,0.27710507715087257,ols_rs:pooled
2011-09,0.007330852866800804,0.006765301734424482,0.28277556618816185,ols_rs:pooled
2011-10,-0.003262444061870111,-0.0039190168467436665,0.3282863924367779,ols_rs:pooled
2011-11,0.005314728943536911,0.0046134761397293046,0.35062640190380295,ols_rs:pooled
2011-12,0.005972246593943124,0.00531033183422835,0.33095737985738727,ols_rs:pooled
2012-01,-0.003548000072250426,-0.004153553558323799,0.3027767430366863,ols_rs:pooled
2012-02,0.0009647465138621595,0.0004777463925210044,0.24350006067057728,ols_rs:pooled
2012-03,0.006022907324754826,0.005535049514074747,0.24392890534004014,ols_rs:pooled
2012-04,0.004905003376964999,0.004369664046288973,0.2676696653380131,ols_rs:pooled
2012-05,0.005615842205561384,0.005221225857410273,0.19730817407555531,ols_rs:pooled
2012-06,0.0012424060341446842,0.000901954779732545,0.17022562720606965,ols_rs:pooled
2012-07,0.00480479148362036,0.004507103493490541,0.14884399506490964,ols_rs:pooled
2012-08,0.008507965148055479,0.008178698647916514,0.16463325006948212,ols_rs:pooled
2012-09,0.002292386688598569,0.001969055595090428,0.16166554675407063,ols_rs:pooled
2012-10,0.002432447430645412,0.0021190608618330557,0.1566932844061784,ols_rs:pooled
2012-11,0.002879225375939066,0.002549801164887884,0.16471210552559076,ols_rs:pooled
2012-12,-2.58764785372564e-05,-0.00036588734150181686,0.17000543148228037,ols_rs:pooled
2013-01,0.004803537605399768,0.004366158145830505,0.21868972978463194,ols_rs:pooled
2013-02,0.004744552799239259,0.004250590119698346,0.24698133977045666,ols_rs:pooled
2013-03,0.007137302833003156,0.006662585718867174,0.23735855706799197,ols_rs:pooled
2013-04,0.005536898528362565,0.005134173631249911,0.20136244855632718,ols_rs:pooled
2013-05,0.007602399196119501,0.00714703071624155,0.22768423993897566,ols_rs:pooled
2013-06,0.0041318778303234575,0.003588803550070868,0.27153714012629476,ols_rs:pooled
2013-07,0.0026544155327558713,0.0020908470669603173,0.2817842328977768,ols_rs:pooled
2013-08,0.004473688568082982,0.003929357973830863,0.2721652971260594,ols_rs:pooled
2013-09,0.00028310501928040856,-0.0002933493707287667,0.2882271950045876,ols_rs:pooled
2013-10,0.001996117304602257,0.0014484476094198415,0.2738348475912079,ols_rs:pooled
2013-11,0.003585275666833408,0.0030614931973600534,0.26189123473667736,ols_rs:pooled
2013-12,0.006047117014824322,0.005565816209927473,0.2406504024484244,ols_rs:pooled
2014-01,0.003686873121504454,0.003263456711757435,0.2117082048735093,ols_rs:pooled
2014-02,0.001365253917173863,0.0008127817540345389,0.27623608156966206,ols_rs:pooled
2014-03,0.0012272792107275263,0.0006746986192495776,0.27629029573897435,ols_rs:pooled
2014-04,0.005486466490588437,0.004964945190640406,0.260760649974015,ols_rs:pooled
2014-05,0.0048289131944139595,0.004324251246069487,0.252330974172236,ols_rs:pooled
2014-06,0.003919777711406541,0.003379704202479776,0.27003675446338266,ols_rs:pooled
2014-07,0.0024899977537200446,0.0019597340348977295,0.26513185941115763,ols_rs:pooled
2014-08,0.0033098942137609433,0.0027055566815030766,0.30216876612893323,ols_rs:pooled
2014-09,0.005323918054558908,0.004820806389587171,0.2515558324858686,ols_rs:pooled
2014-10,0.0039820408449297035,0.0034910090852704055,0.24551587982964893,ols_rs:pooled
2014-11,0.006114481101540314,0.005653156606857568,0.2306622473413729,ols_rs:pooled
2014-12,0.006556556163703467,0.006074287127174297,0.24113451826458532,ols_rs:pooled
2015-01,0.003244917936146957,0.002708219439671382,0.26834924823778744,ols_rs:pooled
2015-02,0.0007113934075866152,0.00014021119293071364,0.28559110732795073,ols_rs:pooled
2015-03,0.005571671890181481,0.0050760868258413515,0.24779253217006472,ols_rs:pooled
2015-04,-0.004047904500069053,-0.004548014812938373,0.2500551564346605,ols_rs:pooled
2015-05,0.0030691899968732605,0.0024390566334178414,0.31506668172770963,ols_rs:pooled
2015-06,0.0017582142740529562,0.0011584738303536805,0.2998702218496377,ols_rs:pooled
2015-07,0.005568535634995801,0.005070588118784126,0.24897375810583774,ols_rs:pooled
2015-08,0.006755832640593486,0.006267513666271161,0.2441594871611626,ols_rs:pooled
2015-09,0.0028425016715315325,0.002339728425598326,0.25138662296660347,ols_rs:pooled
2015-10,0.001834919880595864,0.0013158036680091672,0.2595581062933483,ols_rs:pooled
2015-11,0.008950234567593108,0.008441926703172944,0.25415393221008264,ols_rs:pooled
2015-12,0.0028237216212344354,0.0023104606625639974,0.25663047933521915,ols_rs:pooled
2016-01,0.0020686399186818295,0.00154155364602225,0.26354313632978976,ols_rs:pooled
2016-02,-0.00035194253139810797,-0.0009103424936671695,0.2791999811345307,ols_rs:pooled
2016-03,-0.00037887675949294477,-0.00100149267956782,0.31130796003743777,ols_rs:pooled
2016-04,0.008829751230956653,0.008135682099828682,0.347034565563986,ols_rs:pooled
2016-05,0.002761078615186298,0.002164885745731731,0.2980964347272832,ols_rs:pooled
2016-06,0.0009404939905411907,0.00036689614837726655,0.28679892108196203,ols_rs:pooled
2016-07,0.003947181530717034,0.0034376995382156775,0.25474099625067825,ols_rs:pooled
2016-08,0.0057759871782233465,0.005232545931812215,0.2717206232055655,ols_rs:pooled
2016-09,0.0033087310532407834,0.0027982592528725857,0.25523590018409875,ols_rs:pooled
2016-10,0.005755249334515128,0.005314273149033974,0.220488092740577,ols_rs:pooled
2016-11,0.0046359409100251115,0.004178263648133728,0.22883863094569212,ols_rs:pooled
2016-12,0.0007181867186556167,0.00017280074772864706,0.27269298546348475,ols_rs:pooled
2017-01,0.008605778282278216,0.008121727188027335,0.24202554712544055,ols_rs:pooled
2017-02,0.0037784244428369224,0.0032717822502875047,0.25332109627470856,ols_rs:pooled
2017-03,0.004275194253621927,0.0037614589963731056,0.2568676286244108,ols_rs:pooled
2017-04,0.0029914668250986013,0.0025649522302195076,0.21325729743954708,ols_rs:pooled
2017-05,0.006414627161555876,0.005990806226124814,0.21191046771553163,ols_rs:pooled
2017-06,0.001806780013562067,0.0014335287430594045,0.1866256352513312,ols_rs:pooled
2017-07,0.006370103540310045,0.006016195304893645,0.17695411770820044,ols_rs:pooled
2017-08,0.005446144085783388,0.005028217926256647,0.2089630797633705,ols_rs:pooled
2017-09,0.004502608647632065,0.0040917606145989705,0.20542401651654713,ols_rs:pooled
2017-10,0.004075244173793587,0.0036874324022250255,0.19390588578428092,ols_rs:pooled
2017-11,0.0019018586990341517,0.0015151170073392287,0.1933708458474617,ols_rs:pooled
2017-12,-0.0014990780662057957,-0.0019217969967874502,0.21135946529082714,ols_rs:pooled
2018-01,0.0024222470786423736,0.0019918028690404915,0.21522210480094076,ols_rs:pooled
2018-02,0.005119978255843391,0.004693276815752422,0.21335072004548405,ols_rs:pooled
2018-03,0.002995273210670528,0.00255761564564143,0.21882878251454915,ols_rs:pooled
2018-04,0.003575523945595492,0.0031817991898147268,0.19686237789038252,ols_rs:pooled
2018-05,0.005492626241435803,0.005049159359066552,0.2217334411846258,ols_rs:pooled
2018-06,0.0018229477458032066,0.0013874404216228267,0.21775366209018998,ols_rs:pooled
2018-07,0.0021449414454441326,0.0017573454572190692,0.19379799411253182,ols_rs:pooled
2018-08,0.003336586889223073,0.0029496346216565574,0.19347613378325781,ols_rs:pooled
2018-09,0.0026350038044464816,0.0022717951252153846,0.18160433961554842,ols_rs:pooled
2018-10,0.004274562789597646,0.003921995200933447,0.1762837943320996,ols_rs:pooled
2018-11,-0.00029563965738237124,-0.000711519509335366,0.20793992597649735,ols_rs:pooled
2018-12,0.0035247478056460225,0.0030666813698572433,0.2290332178943898,ols_rs:pooled
2019-01,0.0024073362050164963,0.002002981307022319,0.20217744899708848,ols_rs:pooled
2019-02,0.0011329046784529103,0.0006540052568614188,0.23944971079574576,ols_rs:pooled
2019-03,0.0032689303045933715,0.002815031802423668,0.22694925108485198,ols_rs:pooled
2019-04,0.0009309578870962266,0.0004906530648003597,0.2201524111479335,ols_rs:pooled
2019-05,0.005398575748923197,0.00498292430747759,0.20782572072280356,ols_rs:pooled
2019-06,0.003252983011965957,0.002839135807821391,0.20692360207228297,ols_rs:pooled
2019-07,0.0056253784373282,0.005174630097406007,0.22537416996109655,ols_rs:pooled
2019-08,0.0023183603177732454,0.0018867980913681505,0.2157811132025473,ols_rs:pooled
2019-09,0.002800660107889347,0.0023787475871494676,0.21095626036993975,ols_rs:pooled
2019-10,0.0023652747302350258,0.001961262074080081,0.20200632807747232,ols_rs:pooled
2019-11,0.004720928434879392,0.004263136874700142,0.22889578008962533,ols_rs:pooled
2019-12,0.003323576514577472,0.0028721001224488118,0.22573819606433015,ols_rs:pooled
2020-01,0.0059382848597002704,0.005554840507035288,0.19172217633249067,ols_rs:pooled
2020-02,0.0053689147348701125,0.005245098897654398,0.06190791860785763,ols_rs:pooled
2020-03,0.002820803401515824,0.0027091365010864146,0.05583345021470463,ols_rs:pooled
2020-04,-0.003998218842547078,-0.00417546176620607,0.0886214618294964,ols_rs:pooled
2020-05,0.00038587398168005296,0.00010573095907310662,0.14007151130347315,ols_rs:pooled
2020-06,0.0028577002766509443,0.0026971887260283387,0.0802557753113026,ols_rs:pooled
2020-07,0.0017021470704234654,0.0014917034262659384,0.10522182207876347,ols_rs:pooled
2020-08,0.006323469563077846,0.006132571491397457,0.09544903584019365,ols_rs:pooled
2020-09,0.007647627498234175,0.007484912364470835,0.08135756688167074,ols_rs:pooled
2020-10,0.004888985028237453,0.004735737089176907,0.07662396953027319,ols_rs:pooled
2020-11,-2.4260741403810095e-05,-0.0001754203576529707,0.07557980812458029,ols_rs:pooled
2020-12,0.0048566353120979375,0.004653869728539274,0.10138279177933218,ols_rs:pooled
2021-01,0.006559629026886667,0.006205769055891305,0.17692998549768035,ols_rs:pooled
2021-02,0.008815415039326908,0.008454633246443978,0.18039089644146633,ols_rs:pooled
2021-03,0.009888594011904388,0.00954395204367463,0.17232098411487903,ols_rs:pooled
2021-04,0.01054310034930672,0.01022306675310821,0.16001679809925567,ols_rs:pooled
2021-05,0.008299553755100173,0.007937702770180608,0.1809254924597824,ols_rs:pooled
2021-06,0.005052784168326104,0.004739775324754328,0.15650442178588772,ols_rs:pooled
2021-07,0.002752386565707369,0.0024708187690439644,0.14078389833170207,ols_rs:pooled
2021-08,0.004884589929116204,0.004604713555436361,0.13993818683992124,ols_rs:pooled
2021-09,0.0045852262439834415,0.004254182878783801,0.1655216825998202,ols_rs:pooled
2021-10,0.0038259717735910064,0.003520653314847246,0.1526592293718802,ols_rs:pooled
2021-11,0.0034672052044721524,0.003188369139616488,0.13941803242783227,ols_rs:pooled
2021-12,0.0053028747722549275,0.004966703695071846,0.16808553859154085,ols_rs:pooled
2022-01,0.011522341547725636,0.01089656172834157,0.3128899096920332,ols_rs:pooled
2022-02,0.00672631807475546,0.0060692423072391975,0.3285378837581309,ols_rs:pooled
2022-03,0.008080771999663712,0.007436058764449954,0.32235661760687884,ols_rs:pooled
2022-04,0.008536555576724392,0.007982318280937426,0.27711864789348206,ols_rs:pooled
2022-05,0.0061010315072755235,0.005515960100606516,0.29253570333450435,ols_rs:pooled
2022-06,0.005210412596476892,0.004656937690991095,0.2767374527428986,ols_rs:pooled
2022-07,-0.0009856841057308075,-0.0015546171057057875,0.28446649998749,ols_rs:pooled
2022-08,0.0008286152835934713,0.00022850703865799098,0.3000541224677402,ols_rs:pooled
2022-09,0.006228645413570322,0.005593956969960275,0.31734422180502325,ols_rs:pooled
2022-10,0.004757883353394138,0.00411439492476468,0.3217442143147288,ols_rs:pooled
2022-11,0.005097477643662439,0.004520216183498061,0.2886307300821891,ols_rs:pooled
2022-12,0.006950520307758835,0.006342162415478563,0.3041789461401364,ols_rs:pooled
2023-01,0.0016357216372821601,0.0009532198959350504,0.34125087067355486,ols_rs:pooled
2023-02,0.006869130075333896,0.006119236274898159,0.37494690021786836,ols_rs:pooled
2023-03,0.005941763565190653,0.005253878884970576,0.3439423401100383,ols_rs:pooled
2023-04,0.0011986883977515152,0.0005406210723312043,0.3290336627101554,ols_rs:pooled
2023-05,0.0018469925233846004,0.0011910662825789944,0.3279631204028028,ols_rs:pooled
2023-06,0.004723275291530577,0.0039748751190279855,0.37420008625129564,ols_rs:pooled
2023-07,0.0038507991099039295,0.0030468508806668834,0.4019741146185231,ols_rs:pooled
2023-08,0.005110467940970631,0.004335902870450308,0.38728253526016143,ols_rs:pooled
2023-09,0.007037189015041131,0.006326082135969509,0.3555534395358109,ols_rs:pooled
2023-10,0.007586891223908771,0.006944791064469488,0.3210500797196415,ols_rs:pooled
2023-11,0.00010248791177894214,-0.0005510911444881546,0.3267895281335484,ols_rs:pooled
2023-12,0.004885937268030211,0.00408472461315303,0.40060632743859065,ols_rs:pooled
2024-01,0.007186775916760892,0.006487354812858875,0.349710551951009,ols_rs:pooled
2024-02,0.006313845273282158,0.005526750906473064,0.39354718340454675,ols_rs:pooled
2024-03,0.006199574552924001,0.005496814668379279,0.3513799422723614,ols_rs:pooled
2024-04,0.004703930539916236,0.00398907776104886,0.35742638943368804,ols_rs:pooled
2024-05,0.007850485707624725,0.007197885119900593,0.3263002938620667,ols_rs:pooled
2024-06,0.0031318414297076265,0.002454582329124265,0.33862955029168057,ols_rs:pooled
2024-07,0.002313557531128843,0.0017083559736851587,0.30260077872184227,ols_rs:pooled
2024-08,0.006299348822344661,0.005672513011757597,0.3134179052935319,ols_rs:pooled
2024-09,0.0020060318837977955,0.0013930084769070794,0.306511703445358,ols_rs:pooled
2024-10,0.005265369574570039,0.00463133172381027,0.3170189253798841,ols_rs:pooled
2024-11,0.008617092944169775,0.007954077808126172,0.33150756802180126,ols_rs:pooled
2024-12,0.003965524944677312,0.0033397443169938877,0.3128903138417122,ols_rs:pooled
2025-01,0.002164044091446926,0.0016086728169599949,0.27768563724346557,ols_rs:pooled
2025-02,0.003441029525757595,0.0028009344962405137,0.32004751475854065,ols_rs:pooled
2025-03,0.0036414229516389643,0.0029915411325476095,0.32494090954567734,ols_rs:pooled
2025-04,0.001369841781078789,0.0007053599345762204,0.33224092325128435,ols_rs:pooled
2025-05,0.0029285440185433057,0.0022783923829728494,0.32507581778522815,ols_rs:pooled
2025-06,-0.0005173336856335984,-0.0011662442009875726,0.32445525767698713,ols_rs:pooled
2025-07,0.0032870022065351594,0.002566355290312877,0.3603234581111416,ols_rs:pooled
2025-08,0.006580215993056149,0.005870048115180073,0.35508393893803797,ols_rs:pooled
2025-09,0.008005425184565686,0.007271561761143036,0.3669317117113249,ols_rs:pooled
2025-10,0.0030538769356437487,0.0023809246562739926,0.33647613968487833,ols_rs:pooled
2025-11,0.004062549554931138,0.003346999504658123,0.3577750251365074,ols_rs:pooled
2025-12,0.005731279822973678,0.005031094976636641,0.3500924231685181,ols_rs:pooled
2000-01,0.009122245780855263,0.009122245780855263,0.0,shrink_mean:rule
2000-02,0.011924014559085795,0.011726082537907977,0.0989660105889088,shrink_mean:rule
2000-03,0.009300996051532394,0.00908324124247675,0.1088774045278224,shrink_mean:rule
2000-04,-0.00337293025801016,-0.003563054724296766,0.09506223314330339,shrink_mean:rule
2000-05,-0.000321968629407971,-0.0007599769500615117,0.21900416032677023,shrink_mean:rule
2000-06,0.004009808439200977,0.003709213100892471,0.1502976691542528,shrink_mean:rule
2000-07,0.0056333735701792915,0.00546315872489598,0.08510742264165529,shrink_mean:rule
2000-08,0.008033247470708844,0.007881473823091819,0.07588682380851276,shrink_mean:rule
2000-09,0.004270364081998658,0.004132374538967001,0.06899477151582868,shrink_mean:rule
2000-10,0.00293415258756959,0.0027869297726842847,0.07361140744265288,shrink_mean:rule
2000-11,0.01189325264440289,0.011736764387739657,0.07824412833161724,shrink_mean:rule
2000-12,-0.004951511321713858,-0.005168009160253645,0.10824891926989288,shrink_mean:rule
2001-01,0.003287829898589934,0.003102493425716461,0.09266823643673694,shrink_mean:rule
2001-02,0.01059905759242696,0.010367109416925441,0.1159740877507591,shrink_mean:rule
2001-03,0.010324093746193096,0.010138629615856001,0.09273206516854722,shrink_mean:rule
2001-04,-0.0010782968134556532,-0.0012681402600115133,0.09492172327793,shrink_mean:rule
2001-05,0.012926663747100378,0.012658262699433185,0.1342005238335967,shrink_mean:rule
2001-06,0.007560367295919827,0.007409685991773958,0.07534065207293456,shrink_mean:rule
2001-07,0.015877475347426426,0.01573223555705535,0.07261989518553619,shrink_mean:rule
2001-08,0.0030523971810832357,0.0028813911407593257,0.08550302016195523,shrink_mean:rule
2001-09,0.005130175555110796,0.005009548737974065,0.06031340856836553,shrink_mean:rule
2001-10,-0.0005643550792629927,-0.0008907629905821215,0.16320395565956422,shrink_mean:rule
2001-11,0.006378062462015249,0.0062436127535947595,0.06722485421024435,shrink_mean:rule
2001-12,0.0030741159252512247,0.002893064788732133,0.09052556825954565,shrink_mean:rule
2002-01,0.002280845551926856,0.002154321048271323,0.06326225182776651,shrink_mean:rule
2002-02,0.002115062049178339,0.001981230971066645,0.06691553905584674,shrink_mean:rule
2002-03,0.0018022474048789232,0.0016794214162173453,0.06141299433078927,shrink_mean:rule
2002-04,0.012141290273944633,0.011946827166260292,0.09723155384217068,shrink_mean:rule
2002-05,0.006611907890256007,0.006395050131083696,0.10842887958615557,shrink_mean:rule
2002-06,0.012930085517986445,0.012800610573496622,0.06473747224491165,shrink_mean:rule
2002-07,0.011089333783808416,0.010969383672457268,0.05997505567557369,shrink_mean:rule
2002-08,0.004310228043912069,0.004196173357646333,0.057027343132867496,shrink_mean:rule
2002-09,0.00925787170184487,0.009119433134787318,0.06921928352877679,shrink_mean:rule
2002-10,0.007843557815228113,0.007734184861299777,0.054686476964168694,shrink_mean:rule
2002-11,0.004460073265349567,0.00434024443951298,0.059914412918293226,shrink_mean:rule
2002-12,0.0035092433166785744,0.00339656739485245,0.05633796091306217,shrink_mean:rule
2003-01,0.0113711120166316,0.011250297554035123,0.06040723129823797,shrink_mean:rule
2003-02,0.0015464422156986563,0.0014061184176775608,0.07016189901054773,shrink_mean:rule
2003-03,0.008000521628297747,0.00790412146621496,0.0482000810413931,shrink_mean:rule
2003-04,0.0011236028055891395,0.0010034841165383146,0.06005934452541211,shrink_mean:rule
2003-05,0.01769500235263432,0.01743765277250599,0.12867479006416335,shrink_mean:rule
2003-06,0.008512299510437575,0.008372810445339494,0.06974453254904069,shrink_mean:rule
2003-07,0.012904335962910258,0.012794071721261993,0.05513212082413229,shrink_mean:rule
2003-08,0.008739739140656372,0.008561746863732638,0.08899613846186706,shrink_mean:rule
2003-09,-0.0021772327135210984,-0.002547601401391265,0.18518434393508296,shrink_mean:rule
2003-10,0.004111058173955777,0.003982776535586657,0.0641408191845598,shrink_mean:rule
2003-11,0.01597666727665932,0.01587674759311786,0.0499598417707293,shrink_mean:rule
2003-12,-0.0013584427621338032,-0.0014570622380249128,0.04930973794555475,shrink_mean:rule
2004-01,0.007534952124630422,0.00742288153817738,0.05603529322652073,shrink_mean:rule
2004-02,0.0019849342648757145,0.0018388004556345989,0.07306690462055805,shrink_mean:rule
2004-03,0.007572675547533251,0.007429480234839731,0.07159765634675982,shrink_mean:rule
2004-04,0.01472682335584239,0.014627430336042843,0.049696509899773894,shrink_mean:rule
2004-05,-0.0020916414812038324,-0.0022741511006580555,0.09125480972711156,shrink_mean:rule
2004-06,-0.004570146885511975,-0.004649119321992603,0.03948621824031406,shrink_mean:rule
2004-07,0.007805771507339274,0.007715604413237363,0.04508354705095587,shrink_mean:rule
2004-08,0.009133734687923301,0.009030582019201136,0.051576334361083116,shrink_mean:rule
2004-09,0.01004494791998434,0.009941595170605694,0.05167637468932276,shrink_mean:rule
2004-10,-0.0013674537264036963,-0.0014796814880036252,0.05611388079996476,shrink_mean:rule
2004-11,0.0007558107890868929,0.0006466476368495436,0.05458157611867478,shrink_mean:rule
2004-12,0.004371002394130543,0.004259014446365885,0.05599397388232874,shrink_mean:rule
2005-01,0.003951140511010807,0.0036958523949085042,0.12764405805115164,shrink_mean:rule
2005-02,0.006333581597114617,0.006251355723998179,0.04111293655821914,shrink_mean:rule
2005-03,-0.0005148476242555421,-0.0006086135407771453,0.04688295826080149,shrink_mean:rule
2005-04,0.0025399683157717014,0.002429074446862948,0.05544693445437654,shrink_mean:rule
2005-05,0.007887765990217562,0.007738610143202983,0.07457792350728983,shrink_mean:rule
2005-06,0.002027313760498388,0.0019266189610778472,0.05034739971027041,shrink_mean:rule
2005-07,0.001908098988220066,0.0018233031550783849,0.04239791657084068,shrink_mean:rule
2005-08,0.011249467573981263,0.011163201192819721,0.04313319058077095,shrink_mean:rule
2005-09,-0.0017415613549552943,-0.0018738021929658923,0.066120419005299,shrink_mean:rule
2005-10,0.0038856767713568116,0.0037990059269681774,0.04333542219431715,shrink_mean:rule
2005-11,0.0016719551393646268,0.0015543794999460974,0.05878781970926472,shrink_mean:rule
2005-12,0.0021981919388752583,0.002107819038495857,0.045186450189700494,shrink_mean:rule
2006-01,0.01934040947916932,0.01926376687356252,0.03832130280340063,shrink_mean:rule
2006-02,0.013335913931033361,0.013027804348929218,0.15405479105207143,shrink_mean:rule
2006-03,-0.012245624200606823,-0.012321421851098741,0.037898825245959715,shrink_mean:rule
2006-04,0.005376268374272509,0.005213202544720541,0.08153291477598347,shrink_mean:rule
2006-05,0.014498221975511375,0.014391065210877328,0.053578382317023936,shrink_mean:rule
2006-06,0.013391251839300016,0.013286203483289225,0.05252417800539763,shrink_mean:rule
2006-07,0.0027377681120288665,0.0024142062375878117,0.16178093722052736,shrink_mean:rule
2006-08,0.005656420672451363,0.0054523968942822385,0.1020118890845624,shrink_mean:rule
2006-09,0.007595018871294426,0.0073943567058740445,0.10033108271019071,shrink_mean:rule
2006-10,0.001540557351253732,0.0014595145881813824,0.04052138153617466,shrink_mean:rule
2006-11,-0.0024107303037069795,-0.0024923799259405697,0.04082481111679497,shrink_mean:rule
2006-12,0.0034285436577821556,0.00332869942852124,0.04992211463045807,shrink_mean:rule
2007-01,0.010088791172819855,0.009950338194318266,0.06922648925079451,shrink_mean:rule
2007-02,0.00365217979168749,0.003332474962621994,0.15985241453274796,shrink_mean:rule
2007-03,0.005942858481455614,0.005800406626619752,0.07122592741793035,shrink_mean:rule
2007-04,0.008654506576764582,0.008455733761212211,0.09938640777618472,shrink_mean:rule
2007-05,0.0021195347492314574,0.0019358172086297032,0.09185877030087697,shrink_mean:rule
2007-06,-0.0011674942352705145,-0.001292293308256395,0.06239953649294022,shrink_mean:rule
2007-07,0.006349335603833999,0.006129086783064254,0.11012441038487186,shrink_mean:rule
2007-08,0.006094306996675557,0.005948373471094163,0.07296676279069747,shrink_mean:rule
2007-09,-4.3775117082019745e-05,-0.00021148724521924888,0.08385606406861452,shrink_mean:rule
2007-10,-0.005300435981107891,-0.005549035362656996,0.12429969077455198,shrink_mean:rule
2007-11,0.0035750183619553625,0.003400291302895071,0.08736352953014558,shrink_mean:rule
2007-12,0.005288241176026832,0.005128002922292636,0.08011912686709788,shrink_mean:rule
2008-01,0.004494444073699814,0.004308556293673223,0.09294389001329523,shrink_mean:rule
2008-02,0.0022898557705152817,0.002105103378263761,0.09237619612576034,shrink_mean:rule
2008-03,0.00533267751474271,0.005213750136160558,0.059463689291075955,shrink_mean:rule
2008-04,0.002863907998933038,0.0027448966492501815,0.05950567484142834,shrink_mean:rule
2008-05,0.0017073317999390662,0.0015326802032430778,0.08732579834799425,shrink_mean:rule
2008-06,0.005622927235719755,0.005522991914548778,0.04996766058548824,shrink_mean:rule
2008-07,0.00445051506035073,0.00436128559036169,0.04461473499451984,shrink_mean:rule
2008-08,0.004614599464960901,0.004520656569260016,0.046971447850442535,shrink_mean:rule
2008-09,0.004514439510639476,0.00443803633868103,0.03820158597922329,shrink_mean:rule
2008-10,0.010019828660915074,0.009899486424962516,0.06017111797627855,shrink_mean:rule
2008-11,0.0067015618311965005,0.00653220083341515,0.08468049889067436,shrink_mean:rule
2008-12,0.00769803438160676,0.007579512075690359,0.05926115295820045,shrink_mean:rule
2009-01,0.009105905001902437,0.008981660951725328,0.062122025088555,shrink_mean:rule
2009-02,0.006068079473641693,0.0059373793909558775,0.06535004134290799,shrink_mean:rule
2009-03,0.0028385632245110405,0.0027320385624345443,0.05326233103824796,shrink_mean:rule
2009-04,-0.0013338149548271414,-0.0014752847465421077,0.07073489585748338,shrink_mean:rule
2009-05,0.003354260558598572,0.0031311497956621475,0.11155538146821181,shrink_mean:rule
2009-06,0.002096794202637634,0.0019149585357664458,0.0909178334355941,shrink_mean:rule
2009-07,0.0027054432110000582,0.002602861676619311,0.05129076719037371,shrink_mean:rule
2009-08,0.0046467202163165055,0.004548402393270786,0.049158911522860047,shrink_mean:rule
2009-09,0.003526818454929796,0.003440189912612089,0.04331427115885334,shrink_mean:rule
2009-10,0.0061005959395025455,0.006015726075704972,0.04243493189878725,shrink_mean:rule
2009-11,0.004235552603042489,0.004145483037793519,0.045034782624484876,shrink_mean:rule
2009-12,0.00044826076168036724,0.00036058245565578104,0.04383915301229319,shrink_mean:rule
2010-01,0.007101549469260248,0.007020594997269747,0.04047723599525078,shrink_mean:rule
2010-02,0.003186420132120937,0.0030954094163605896,0.045505357880173763,shrink_mean:rule
2010-03,0.004701811507351204,0.004615280357454322,0.04326557494844115,shrink_mean:rule
2010-04,0.008029760334995481,0.00794812335433075,0.04081849033236559,shrink_mean:rule
2010-05,0.0001873934163060664,8.552538335370626e-05,0.05093401647618014,shrink_mean:rule
2010-06,0.002878517891726016,0.0027878531556264886,0.04533236804976365,shrink_mean:rule
2010-07,0.003860379780105678,0.0037928555074514063,0.03376213632713565,shrink_mean:rule
2010-08,0.005575159000132486,0.0054860283040305885,0.0445653480509485,shrink_mean:rule
2010-09,0.0031411959501473,0.003067071886356322,0.03706203189548923,shrink_mean:rule
2010-10,0.002016021411826321,0.0019444499357534307,0.03578573803644495,shrink_mean:rule
2010-11,0.0030857007984507897,0.0030145295619393372,0.03558561825572629,shrink_mean:rule
2010-12,0.0024928583488767284,0.0024270884446250186,0.03288495212585496,shrink_mean:rule
2011-01,0.00928617284797268,0.00922653321705001,0.02981981546133514,shrink_mean:rule
2011-02,0.003292807698750091,0.0032149173979204794,0.03894515041480603,shrink_mean:rule
2011-03,0.0018298350750689378,0.0017326182636751154,0.04860840569691106,shrink_mean:rule
2011-04,0.0055656544206934685,0.005493609964222993,0.03602222823523776,shrink_mean:rule
2011-05,0.006991609103578014,0.006924573999481561,0.03351755204822626,shrink_mean:rule
2011-06,0.0038993152902045817,0.0038333929425717578,0.032961173816411705,shrink_mean:rule
2011-07,0.0029479526390783347,0.0028943296522136995,0.02681149343231771,shrink_mean:rule
2011-08,0.0014932096641124461,0.0014333977302164382,0.02990596694800396,shrink_mean:rule
2011-09,0.006380152417920514,0.00630261650321997,0.03876795735027202,shrink_mean:rule
2011-10,-0.0019316950814588128,-0.001999022457657488,0.0336636880993376,shrink_mean:rule
2011-11,0.004922971921728519,0.004854180393066083,0.03439576433121813,shrink_mean:rule
2011-12,0.005425697224505831,0.005366858563682179,0.029419330411826244,shrink_mean:rule
2012-01,-0.000531459393660654,-0.0007166370149768567,0.09258881065810168,shrink_mean:rule
2012-02,-0.0003067282274026696,-0.0003923350401068387,0.042803406352084405,shrink_mean:rule
2012-03,0.008216337998060467,0.00812256291711246,0.046887540474003314,shrink_mean:rule
2012-04,0.0034363945242416403,0.003267598305935517,0.08439810915306158,shrink_mean:rule
2012-05,0.004428178399063825,0.004332830692007486,0.0476738535281693,shrink_mean:rule
2012-06,0.0004023235119426613,0.0003365610756992476,0.03288121812170687,shrink_mean:rule
2012-07,0.004324023898748686,0.004256036151486944,0.033993873630870995,shrink_mean:rule
2012-08,0.007935408972261573,0.007870214345024986,0.03259731361829255,shrink_mean:rule
2012-09,0.001738835274566989,0.0016759289044721267,0.031453185047431026,shrink_mean:rule
2012-10,0.0028054244967777387,0.0027524688106798953,0.026477843048921663,shrink_mean:rule
2012-11,0.002676216467007923,0.0026172988447539423,0.02945881112699059,shrink_mean:rule
2012-12,0.0002836494760449839,0.00021455396466448206,0.03454775569025079,shrink_mean:rule
2013-01,0.004334532984860017,0.004283170243317726,0.025681370771144758,shrink_mean:rule
2013-02,0.003953446185534857,0.003866985132049016,0.04323052674292055,shrink_mean:rule
2013-03,0.005792550647606719,0.00570757228419873,0.04248918170399428,shrink_mean:rule
2013-04,0.003324578113869676,0.0032357927250741664,0.0443926943977546,shrink_mean:rule
2013-05,0.005147879682338751,0.005065659332321714,0.0411101750085184,shrink_mean:rule
2013-06,0.005159140614646609,0.005078243290171142,0.04044866223773341,shrink_mean:rule
2013-07,0.004456394182099663,0.004354289298438039,0.05105244183081226,shrink_mean:rule
2013-08,0.004177705375365496,0.004102773037295983,0.03746616903475664,shrink_mean:rule
2013-09,0.0009279111524544845,0.0007972331803720211,0.06533898604123181,shrink_mean:rule
2013-10,0.0015106377722376378,0.001420942634072945,0.044847569082346446,shrink_mean:rule
2013-11,0.003969068886118605,0.00386509633512135,0.05198627549862742,shrink_mean:rule
2013-12,0.0055306998919997,0.00547910722354454,0.02579633422757973,shrink_mean:rule
2014-01,0.002925054179303892,0.0028666845896517163,0.02918479482608796,shrink_mean:rule
2014-02,0.0014921015930320916,0.0014242767259610015,0.03391243353554503,shrink_mean:rule
2014-03,0.002082142262083132,0.0020216810629243146,0.030230599579408605,shrink_mean:rule
2014-04,0.004999442498526297,0.004897089036320118,0.051176731103089755,shrink_mean:rule
2014-05,0.004470552607228331,0.004398359408576386,0.036096599325971986,shrink_mean:rule
2014-06,0.002327464469717266,0.0022743945065608756,0.026534981578195317,shrink_mean:rule
2014-07,0.0046725703323003505,0.0046134350228433044,0.029567654728522987,shrink_mean:rule
2014-08,0.004017611850607981,0.003911535213582853,0.05303831851256424,shrink_mean:rule
2014-09,0.004464865413862736,0.004416167663247859,0.024348875307438445,shrink_mean:rule
2014-10,0.001549274887488654,0.0014908912533881833,0.02919181705023529,shrink_mean:rule
2014-11,0.004824744847433348,0.004770988353000771,0.0268782472162882,shrink_mean:rule
2014-12,0.004488103212146737,0.004434566605218109,0.026768303464313883,shrink_mean:rule
2015-01,0.004095274349909947,0.004026569506588141,0.034352421660902674,shrink_mean:rule
2015-02,0.000535464647409104,0.0004696178020333069,0.03292342268789844,shrink_mean:rule
2015-03,0.00554763156556045,0.005484862139308368,0.03138471312604101,shrink_mean:rule
2015-04,-0.0016462596626835439,-0.0017455814358456644,0.0496608865810602,shrink_mean:rule
2015-05,0.0034335630486313274,0.0033294990447406514,0.05203200194533777,shrink_mean:rule
2015-06,0.00251570229030648,0.002460262643803927,0.027719823251276508,shrink_mean:rule
2015-07,0.005957557484500218,0.005909961304158258,0.02379809017098054,shrink_mean:rule
2015-08,0.005852008670238091,0.005797143445018499,0.027432612609796236,shrink_mean:rule
2015-09,0.00344958430105556,0.0033971176561804076,0.0262333224375764,shrink_mean:rule
2015-10,0.0026649055220833826,0.002609283883542901,0.027810819270240678,shrink_mean:rule
2015-11,0.007874624614775864,0.007821652118638544,0.026486248068660262,shrink_mean:rule
2015-12,0.003318931504782303,0.003261452641702683,0.028739431539810317,shrink_mean:rule
2016-01,0.002280218721775974,0.0022286707876730794,0.02577396705144742,shrink_mean:rule
2016-02,-0.00037657963614563583,-0.0004310225661829884,0.027221465018676335,shrink_mean:rule
2016-03,-0.0035975620977516526,-0.003668371037738912,0.035404469993629645,shrink_mean:rule
2016-04,0.006420199425840116,0.00633994210893965,0.04012865845023309,shrink_mean:rule
2016-05,0.0025398566014446632,0.002475208353874502,0.03232412378508056,shrink_mean:rule
2016-06,0.0012093729700901504,0.0011536767035015033,0.0278481332943234,shrink_mean:rule
2016-07,0.004986130549282229,0.004947222017940363,0.019454265670933238,shrink_mean:rule
2016-08,0.0049318201031123545,0.004875780057171581,0.028020022970386495,shrink_mean:rule
2016-09,0.0033002719529315414,0.0032194239493938417,0.04042400176884991,shrink_mean:rule
2016-10,0.005784932207112257,0.005743357367048624,0.020787420031816085,shrink_mean:rule
2016-11,0.004459471985801125,0.004413414312780321,0.023028836510402304,shrink_mean:rule
2016-12,0.001406101258549449,0.0012859459929212861,0.060077632814081655,shrink_mean:rule
2017-01,0.006682243340098654,0.0066158043212469755,0.03321950942583985,shrink_mean:rule
2017-02,0.005479877980936489,0.005408207913825692,0.03583503355539839,shrink_mean:rule
2017-03,0.0037566379175035932,0.003705155724620152,0.025741096441720634,shrink_mean:rule
2017-04,0.0027678633704836197,0.002711939770041121,0.02796180022124941,shrink_mean:rule
2017-05,0.005711569340379242,0.005660804774356575,0.025382283011333343,shrink_mean:rule
2017-06,0.0016610825098654963,0.0016131999948697617,0.023941257497867352,shrink_mean:rule
2017-07,0.005932202130654855,0.0058957903602259824,0.01820588521443667,shrink_mean:rule
2017-08,0.005158237753399422,0.0051111260670083,0.023555843195560824,shrink_mean:rule
2017-09,0.00442161432068845,0.0043754115336837734,0.02310139350233793,shrink_mean:rule
2017-10,0.003580574875360245,0.003531132867730478,0.024721003814883877,shrink_mean:rule
2017-11,0.0019674976300598944,0.0019197795329248333,0.023859048567530586,shrink_mean:rule
2017-12,-0.001465914544000614,-0.0015133601172955989,0.023722786647492472,shrink_mean:rule
2018-01,0.0023973277746680084,0.0023444161341005356,0.02645582028373645,shrink_mean:rule
2018-02,0.004841754608024125,0.004798497464265543,0.021628571879290598,shrink_mean:rule
2018-03,0.0027383822536820087,0.0026471747818097467,0.0456037359361314,shrink_mean:rule
2018-04,0.0033726057411635852,0.0033206384794169236,0.025983630873330433,shrink_mean:rule
2018-05,0.005556113436751777,0.005492898735248135,0.03160735075182107,shrink_mean:rule
2018-06,0.0016910403541059264,0.001623193807413975,0.033923273345975544,shrink_mean:rule
2018-07,0.002564315897749263,0.0025105080133583026,0.026903942195480222,shrink_mean:rule
2018-08,0.0030913831518791304,0.0030446163103274014,0.023383420775864527,shrink_mean:rule
2018-09,0.00187896143514742,0.001835437149923871,0.021762142611774518,shrink_mean:rule
2018-10,0.004312282724123735,0.004269496593799021,0.02139306516235741,shrink_mean:rule
2018-11,0.0006044383174109737,0.0005517317428254943,0.026353287292739568,shrink_mean:rule
2018-12,0.003708234269040027,0.0036623302811322252,0.022951993953901104,shrink_mean:rule
2019-01,0.00355012088715714,0.0035149789302532865,0.01757097845192696,shrink_mean:rule
2019-02,0.001539458624051889,0.0014923077883439535,0.02357541785396766,shrink_mean:rule
2019-03,0.0032425361716718793,0.0031997607224760406,0.021387724597919145,shrink_mean:rule
2019-04,0.00105887392241504,0.0010143641067615781,0.022254907826731066,shrink_mean:rule
2019-05,0.004543646054826462,0.004503454173522035,0.02009594065221364,shrink_mean:rule
2019-06,0.003879208606743276,0.0038354160886371895,0.021896259053043435,shrink_mean:rule
2019-07,0.005482563385752099,0.005440066175093039,0.02124860532952979,shrink_mean:rule
2019-08,0.0023795354065505054,0.002329753264143858,0.024891071203323786,shrink_mean:rule
2019-09,0.002830241466685387,0.0027899653164642764,0.020138075110555417,shrink_mean:rule
2019-10,0.0025540222530940943,0.002517717973526627,0.01815213978373346,shrink_mean:rule
2019-11,0.0042967168656601685,0.004248402284726995,0.024157290466586715,shrink_mean:rule
2019-12,0.004354922127134335,0.004314164515269848,0.0203788059322435,shrink_mean:rule
2020-01,0.0058272458964685045,0.005784462409610555,0.02139174342897427,shrink_mean:rule
2020-02,0.005212481743061215,0.005167589835279683,0.022445953890765393,shrink_mean:rule
2020-03,0.002229449158439332,0.0021866697020926787,0.021389728173326506,shrink_mean:rule
2020-04,-0.002085357407817005,-0.002169163921661411,0.04190325692220283,shrink_mean:rule
2020-05,-5.9269267778928484e-05,-0.00015845540290594147,0.049593067563506496,shrink_mean:rule
2020-06,0.0023237460624679143,0.002274322697274542,0.0247116825966863,shrink_mean:rule
2020-07,0.0007068317675136416,0.0005999834104344226,0.05342417853960963,shrink_mean:rule
2020-08,0.0055989680707098765,0.005525164847168434,0.03690161177072106,shrink_mean:rule
2020-09,0.00680229940782775,0.006741184970633336,0.03055721859720679,shrink_mean:rule
2020-10,0.005120531187399769,0.005061344403822644,0.02959339178856243,shrink_mean:rule
2020-11,0.0005679103783390759,0.0005147703516857564,0.026570013326659727,shrink_mean:rule
2020-12,0.004507102450263922,0.004433227702575766,0.03693737384407791,shrink_mean:rule
2021-01,0.005374674467794195,0.005316897539140147,0.028888464327024146,shrink_mean:rule
2021-02,0.006834835194167609,0.006774520169686638,0.030157512240485254,shrink_mean:rule
2021-03,0.009866184607365144,0.009804361259614197,0.030911673875473233,shrink_mean:rule
2021-04,0.009261554761220737,0.009212117803277792,0.024718478971473265,shrink_mean:rule
2021-05,0.007597024210669448,0.007536215251391742,0.030404479638852466,shrink_mean:rule
2021-06,0.004794976128922345,0.0047513056416514255,0.021835243635460112,shrink_mean:rule
2021-07,0.0021709922193939844,0.0021274271036228424,0.021782557885571128,shrink_mean:rule
2021-08,0.00537293083628033,0.005332888076297202,0.02002137999156421,shrink_mean:rule
2021-09,0.004180410420843492,0.004128121497098721,0.02614446187238503,shrink_mean:rule
2021-10,0.0021318613617291498,0.0020873277602260296,0.022266800751560064,shrink_mean:rule
2021-11,0.0029329191979613274,0.0028852075746889127,0.023855811636207525,shrink_mean:rule
2021-12,0.004240966953255867,0.004190190886467281,0.025388033394292662,shrink_mean:rule
2022-01,0.009726450271868789,0.009683287598394812,0.021581336736988622,shrink_mean:rule
2022-02,0.004233153309973271,0.004182803239604232,0.025175035184519388,shrink_mean:rule
2022-03,0.00400802037642127,0.0039607614770486585,0.023629449686305672,shrink_mean:rule
2022-04,0.005672883744446661,0.005617569908012888,0.027656918216886008,shrink_mean:rule
2022-05,0.004577747485890581,0.004523891844311767,0.026927820789407256,shrink_mean:rule
2022-06,0.003892236958699979,0.0038508409338078183,0.020698012446080178,shrink_mean:rule
2022-07,1.142801029899325e-05,-3.3240198175813745e-05,0.022334104237403448,shrink_mean:rule
2022-08,0.0035094334892443206,0.0034662863107955346,0.021573589224392817,shrink_mean:rule
2022-09,0.00547609741914334,0.005426587594403478,0.024754912369930816,shrink_mean:rule
2022-10,0.0022066833001277465,0.0021631232400405567,0.02178003004359501,shrink_mean:rule
2022-11,0.0035666984822868312,0.0035217345478447885,0.022481967221021512,shrink_mean:rule
2022-12,0.005472175187649135,0.005426801765760551,0.022686710944292324,shrink_mean:rule
2023-01,0.0034640104874341564,0.003421463331352578,0.021273578040788988,shrink_mean:rule
2023-02,0.004397424960510808,0.004340598611900197,0.02841317430530509,shrink_mean:rule
2023-03,0.004718012959067625,0.00467763928676109,0.02018683615326786,shrink_mean:rule
2023-04,0.0027434224683455144,0.002703881880528954,0.01977029390828015,shrink_mean:rule
2023-05,0.003127814914926949,0.003083914116775738,0.021950399075605424,shrink_mean:rule
2023-06,0.003387296508232067,0.0033398925194873725,0.023701994372347143,shrink_mean:rule
2023-07,0.0025978713057351866,0.0025527528373217655,0.022559234206710563,shrink_mean:rule
2023-08,0.006335054327994905,0.006292652559006728,0.021200884494088475,shrink_mean:rule
2023-09,0.007409240363420028,0.0073696849015230485,0.01977773094849007,shrink_mean:rule
2023-10,0.005998901710836329,0.00596459184693778,0.01715493194927451,shrink_mean:rule
2023-11,0.0024196526349808557,0.0023468604983860287,0.03639606829741356,shrink_mean:rule
2023-12,0.004406007685803439,0.004365188811632481,0.020409437085479064,shrink_mean:rule
2024-01,0.009145111215125455,0.009101502450864163,0.021804382130645783,shrink_mean:rule
2024-02,0.004103449721364141,0.004050166041479609,0.02664183994226574,shrink_mean:rule
2024-03,0.005369566684433539,0.005324041646005845,0.02276251921384663,shrink_mean:rule
2024-04,0.004287059618081883,0.004219130176658776,0.03396472071155349,shrink_mean:rule
2024-05,0.007712972089418649,0.007648156310580972,0.03240788941883877,shrink_mean:rule
2024-06,0.0023485968007056577,0.0023012511536660398,0.023672823519808987,shrink_mean:rule
2024-07,0.0038653027301949095,0.003836165812704953,0.014568458744978042,shrink_mean:rule
2024-08,0.0052099912251275865,0.005169721488863869,0.020134868131858955,shrink_mean:rule
2024-09,0.002120470650969575,0.0020876678487625182,0.016401401103528224,shrink_mean:rule
2024-10,0.005658361228750065,0.005623884095264402,0.01723856674283095,shrink_mean:rule
2024-11,0.007747962944585443,0.007711208645697646,0.018377149443898153,shrink_mean:rule
2024-12,0.002513062264752224,0.0024756002609076302,0.018731001922296833,shrink_mean:rule
2025-01,0.0026204473545400645,0.002585406384199475,0.017520485170294583,shrink_mean:rule
2025-02,0.003010265472930826,0.00297384306123507,0.018211205847877915,shrink_mean:rule
2025-03,0.003548178599967815,0.0035106999764827392,0.01873931174253782,shrink_mean:rule
2025-04,0.0014370440303780529,0.0013909649082974006,0.023039561040326118,shrink_mean:rule
2025-05,0.002506861392165974,0.0024656238067035092,0.02061879273123243,shrink_mean:rule
2025-06,-0.0012364342156308433,-0.0012825923503448253,0.023079067356990966,shrink_mean:rule
2025-07,0.001928210866179527,0.0018841303591691095,0.02204025350520884,shrink_mean:rule
2025-08,0.0021726342001852817,0.002133083186288682,0.019775506948299673,shrink_mean:rule
2025-09,0.0028230257034364626,0.002779771250072104,0.021627226682179337,shrink_mean:rule
2025-10,0.0029461973084770675,0.002906376591467923,0.01991035850457226,shrink_mean:rule
2025-11,0.0052571063571290625,0.00521916289053912,0.018971733294971586,shrink_mean:rule
2025-12,0.0035289047674204373,0.003492595443677213,0.01815466187161217,shrink_mean:rule
