target_month,gross,net,turnover,strategy
2000-01,0.005320224159391986,0.005320224159391986,0.0,enet:dm_only
2000-02,0.016414180431473805,0.014531191897101687,0.941494267186058,enet:dm_only
2000-03,-0.0012502389573153588,-0.003115335209774437,0.932548126229539,enet:dm_only
2000-04,-0.01632943500512145,-0.018184307938738865,0.927436466808706,enet:dm_only
2000-05,-0.004711918015191663,-0.006683027934855791,0.9855549598320643,enet:dm_only
2000-06,-0.007196598172670364,-0.009078046997167523,0.9407244122485794,enet:dm_only
2000-07,-0.0008943075950912474,-0.002814530245910641,0.9601113254096966,enet:dm_only
2000-08,-0.006111402179696907,-0.007847204714048242,0.8679012671756678,enet:dm_only
2000-09,0.0013158412997974324,-0.00043391262564244383,0.874876962719938,enet:dm_only
2000-10,0.000531482806903438,-0.0010891079300725996,0.8102953684880186,enet:dm_only
2000-11,0.008554529841241672,0.007081715971681818,0.7364069347799267,enet:dm_only
2000-12,4.4356419746812564e-05,-0.0015228164232905144,0.7835864215186632,enet:dm_only
2001-01,-0.013643083057303523,-0.015377832020124984,0.86737448141073,enet:dm_only
2001-02,0.007077274113627534,0.005001760561541552,1.0377567760429909,enet:dm_only
2001-03,0.02858195940011085,0.0265889222573636,0.9965185713736257,enet:dm_only
2001-04,0.0049145788669295795,0.0032643404529615417,0.8251192069840184,enet:dm_only
2001-05,0.008927662643989392,0.007053498067780731,0.9370822881043301,enet:dm_only
2001-06,-0.0011210223148916685,-0.0026753120881527594,0.7771448866305454,enet:dm_only
2001-07,0.01790301741495007,0.016164849713847386,0.8690838505513426,enet:dm_only
2001-08,-0.005565208234274891,-0.007034723287299205,0.7347575265121578,enet:dm_only
2001-09,0.0118422453329473,0.010066537488668504,0.8878539221393968,enet:dm_only
2001-10,-0.018115807907820327,-0.0199039480809617,0.8940700865706862,enet:dm_only
2001-11,0.002593982655699411,0.0004179356682753585,1.088023493712026,enet:dm_only
2001-12,0.013471551945938192,0.01159119728240687,0.9401773317656615,enet:dm_only
2002-01,-0.0006922675693582694,-0.0025914140393588666,0.9495732350002987,enet:dm_only
2002-02,0.006755544393579261,0.005285784132111444,0.734880130733908,enet:dm_only
2002-03,0.01079143717035002,0.009479033844786983,0.6562016627815183,enet:dm_only
2002-04,0.006336785528705449,0.005170573992010863,0.5831057683472931,enet:dm_only
2002-05,0.005888831604917997,0.004590606604100923,0.649112500408537,enet:dm_only
2002-06,0.005219502986325896,0.003963226008719468,0.6281384888032137,enet:dm_only
2002-07,0.003415002590519554,0.002203523313378778,0.605739638570388,enet:dm_only
2002-08,0.00347589544284537,0.0023184859191676577,0.578704761838856,enet:dm_only
2002-09,0.004997411171484222,0.0037416103805746597,0.627900395454781,enet:dm_only
2002-10,0.0015062890851277797,0.00035084811073694176,0.5777204871954191,enet:dm_only
2002-11,0.003275084101559608,0.0017957519844290022,0.7396660585653032,enet:dm_only
2002-12,0.00200697713160534,0.0007860286056089257,0.610474262998207,enet:dm_only
2003-01,0.000630482612796813,-0.0006106218744700685,0.6205522436334406,enet:dm_only
2003-02,0.00017913639745819213,-0.0007619587133701793,0.47054755541418575,enet:dm_only
2003-03,0.009253755677315087,0.00826435844414698,0.49469861658405206,enet:dm_only
2003-04,-0.004937853450519022,-0.0056121721290543864,0.33715933926768216,enet:dm_only
2003-05,0.0033431137402713798,0.002193098105920597,0.5750078171753916,enet:dm_only
2003-06,0.00655050265970515,0.0054213306837532825,0.5645859879759338,enet:dm_only
2003-07,0.009628662976164097,0.008606617741180616,0.5110226174917406,enet:dm_only
2003-08,0.004967323706962585,0.003938593757780133,0.5143649745912263,enet:dm_only
2003-09,-0.0029979071685484965,-0.004127987100558714,0.5650399660051088,enet:dm_only
2003-10,0.00977519651986493,0.008710682359943177,0.5322570799608771,enet:dm_only
2003-11,0.00045201723360324865,-0.0005509904903915198,0.5015038619973842,enet:dm_only
2003-12,0.00012223874279383208,-0.0009824179644188726,0.552328353606352,enet:dm_only
2004-01,-0.005812575546755698,-0.006921659023294646,0.5545417382694741,enet:dm_only
2004-02,0.0025132637274820594,0.0012232762097750555,0.6449937588535021,enet:dm_only
2004-03,0.0019220206237367521,0.0008747741689231977,0.5236232274067771,enet:dm_only
2004-04,0.00482082313055598,0.0037635478160159843,0.528637657269998,enet:dm_only
2004-05,-0.006307498400670428,-0.00733502743746943,0.5137645183995007,enet:dm_only
2004-06,0.0014407588967298936,0.00038847484771532674,0.5261420245072834,enet:dm_only
2004-07,0.004277119488686697,0.003326430556722613,0.47534446598204205,enet:dm_only
2004-08,0.004391653213459343,0.0035028179158067695,0.44441764882628665,enet:dm_only
2004-09,0.003712670554566504,0.002781134977850013,0.4657677883582461,enet:dm_only
2004-10,0.008975256360431491,0.008075890233305193,0.44968306356314897,enet:dm_only
2004-11,0.0028639781344780664,0.0020112851006963374,0.4263465168908645,enet:dm_only
2004-12,0.007334298471050393,0.006283546549009346,0.5253759610205232,enet:dm_only
2005-01,-0.0018925670434704065,-0.003017723187522668,0.5625780720261307,enet:dm_only
2005-02,0.004510365938036865,0.0034663319159306543,0.5220170110531053,enet:dm_only
2005-03,0.008860322747224869,0.0078080817041209505,0.5261205215519604,enet:dm_only
2005-04,0.014590074191811757,0.013572281091540845,0.5088965501354564,enet:dm_only
2005-05,-0.014764598090465703,-0.015608702946754054,0.42205242814417554,enet:dm_only
2005-06,0.0016296488145584257,0.00039437613202911143,0.617636341264657,enet:dm_only
2005-07,0.0032674044522086757,0.002267759425486649,0.4998225133610133,enet:dm_only
2005-08,0.0007494557118652951,-0.00025829140502627495,0.5038735584457851,enet:dm_only
2005-09,0.0028861368690473958,0.0017179672070541658,0.5840848309966149,enet:dm_only
2005-10,0.0006166763918590683,-0.00037415270150676505,0.49541454668291657,enet:dm_only
2005-11,-0.003276365041636779,-0.0042634512159454895,0.49354308715435524,enet:dm_only
2005-12,-0.0008150234432630384,-0.0018251315197721917,0.5050540382545767,enet:dm_only
2006-01,0.0061602481622853806,0.00508399872913818,0.5381247165736001,enet:dm_only
2006-02,0.005678779496904669,0.004308265096097719,0.6852572004034747,enet:dm_only
2006-03,-0.012772379314423508,-0.013981677474987263,0.6046490802818767,enet:dm_only
2006-04,0.007794217107747026,0.006583141913363701,0.6055375971916621,enet:dm_only
2006-05,0.0011421721582434649,-2.848831598189336e-05,0.5853302371126792,enet:dm_only
2006-06,0.01654690203410707,0.015439334785141584,0.5537836244827437,enet:dm_only
2006-07,-0.004974510683314376,-0.006090354621928692,0.5579219693071577,enet:dm_only
2006-08,-0.00493770505699696,-0.006212516426854435,0.6374056849287374,enet:dm_only
2006-09,0.0030616432087395068,0.0018733156692977639,0.5941637697208715,enet:dm_only
2006-10,-0.0029667632959770435,-0.003973734537831307,0.503485620927132,enet:dm_only
2006-11,0.0076052597467550585,0.006476096996400656,0.5645813751772014,enet:dm_only
2006-12,0.001480106816622528,0.00045657230215750673,0.5117672572325108,enet:dm_only
2007-01,0.0045850805733758625,0.00342010005482116,0.5824902592773515,enet:dm_only
2007-02,0.001183701977998541,-2.289329935780638e-05,0.6032976386781738,enet:dm_only
2007-03,0.00596976065932617,0.004878985322326851,0.5453876684996598,enet:dm_only
2007-04,0.006467480976272538,0.005402228752363071,0.5326261119547331,enet:dm_only
2007-05,0.001445639495394816,0.0003602837831117248,0.5426778561415457,enet:dm_only
2007-06,-0.002239205805728704,-0.0034551542679478655,0.6079742311095809,enet:dm_only
2007-07,-0.0011389081617764775,-0.00249804200442293,0.6795669213232264,enet:dm_only
2007-08,0.0018345519960855233,0.0005587903109162295,0.6378808425846471,enet:dm_only
2007-09,0.0020288608875333658,0.0007483749654456309,0.6402429610438675,enet:dm_only
2007-10,0.011087434857180719,0.009884117884915233,0.6016584861327432,enet:dm_only
2007-11,0.0026689402404339456,0.0014610475282126644,0.6039463561106403,enet:dm_only
2007-12,0.004022534201045053,0.002639627287974101,0.6914534565354762,enet:dm_only
2008-01,0.0018546971515761806,0.0007164136746527951,0.5691417384616926,enet:dm_only
2008-02,-0.0010126929564638054,-0.002385584019539159,0.6864455315376765,enet:dm_only
2008-03,0.004232613273091089,0.0028851885950691063,0.6737123390109914,enet:dm_only
2008-04,0.0024454172418317908,0.00115563628199095,0.6448904799204201,enet:dm_only
2008-05,-0.003542472603240325,-0.004887767958840707,0.6726476778001909,enet:dm_only
2008-06,0.009002968919271256,0.007727022269110078,0.637973325080589,enet:dm_only
2008-07,-0.0023609574108493622,-0.003465236705697873,0.5521396474242555,enet:dm_only
2008-08,0.008566275489087227,0.007159808389398081,0.7032335498445735,enet:dm_only
2008-09,0.012370046368315785,0.011267454336993912,0.5512960156609368,enet:dm_only
2008-10,0.0308466682662869,0.029765932126091965,0.5403680700974676,enet:dm_only
2008-11,0.01805850736651,0.016982187191026635,0.5381600877416823,enet:dm_only
2008-12,-0.004283659986809144,-0.005481721004078107,0.5990305086344813,enet:dm_only
2009-01,0.0005958148551688638,-0.0008005960922039317,0.6982054736863975,enet:dm_only
2009-02,0.0062971867954850595,0.004837548242789545,0.7298192763477566,enet:dm_only
2009-03,-0.011228886513995097,-0.012406772980944513,0.5889432334747073,enet:dm_only
2009-04,-0.016288851356880064,-0.017814545424118897,0.7628470336194174,enet:dm_only
2009-05,0.011340291754796407,0.009569032712244307,0.8856295212760501,enet:dm_only
2009-06,-0.003678300155542103,-0.005289140316392434,0.8054200804251658,enet:dm_only
2009-07,0.003059426219996894,0.0013326513143159268,0.8633874528404835,enet:dm_only
2009-08,0.0011906460379998136,-0.00012885213242824618,0.65974908521403,enet:dm_only
2009-09,0.004822970899563256,0.0034843842923647614,0.6692933035992472,enet:dm_only
2009-10,0.0013849547901060198,0.00018122134089444713,0.6018667246057862,enet:dm_only
2009-11,0.0017234470345475485,0.00047167088541817995,0.6258880745646844,enet:dm_only
2009-12,-0.0026539661040024805,-0.0038315467546138748,0.5887903253056972,enet:dm_only
2010-01,-0.00163576588631174,-0.0029509993672855515,0.6576167404869054,enet:dm_only
2010-02,-0.0025587172204107824,-0.00400312099937949,0.7222018894843539,enet:dm_only
2010-03,-0.003078327580127341,-0.004607098134152064,0.7643852770123611,enet:dm_only
2010-04,0.004993629621798609,0.003628051958351429,0.6827888317235903,enet:dm_only
2010-05,0.003944491330518164,0.002670637584750596,0.6369268728837839,enet:dm_only
2010-06,0.007515960762331125,0.006323555937862258,0.5962024122344336,enet:dm_only
2010-07,-0.0018444266880647923,-0.0029036799692084008,0.5296266405718044,enet:dm_only
2010-08,0.0028556345290309576,0.0015316288398948526,0.6620028445680524,enet:dm_only
2010-09,0.0016584055355533438,0.0003463264236383891,0.6560395559574773,enet:dm_only
2010-10,0.006485969722952806,0.005153220936053375,0.6663743934497162,enet:dm_only
2010-11,0.008576474915909255,0.007348489080259884,0.6139929178246856,enet:dm_only
2010-12,0.005197733915135763,0.003978911941593336,0.6094109867712126,enet:dm_only
2011-01,0.004305841106950126,0.0031085185070266097,0.598661299961758,enet:dm_only
2011-02,-0.0018258092117009435,-0.003132337865662947,0.6532643269810018,enet:dm_only
2011-03,-0.0006031340790075484,-0.0019026353060744565,0.6497506135334541,enet:dm_only
2011-04,0.006889319731631203,0.005649315447949587,0.6200021418408079,enet:dm_only
2011-05,0.003825087754263019,0.0027209477701579813,0.5520699920525187,enet:dm_only
2011-06,0.004047676439382222,0.0029279672853872365,0.5598545769974926,enet:dm_only
2011-07,0.005640058576573534,0.004625284278888113,0.5073871488427109,enet:dm_only
2011-08,0.008963297065693713,0.007977946548417627,0.49267525863804257,enet:dm_only
2011-09,0.011697562019119733,0.010673678214914018,0.511941902102858,enet:dm_only
2011-10,-0.007981783571325597,-0.009100577209643992,0.5593968191591979,enet:dm_only
2011-11,0.002572612209807504,0.0011372137479038998,0.7176992309518021,enet:dm_only
2011-12,0.003635042417401903,0.002248179827836662,0.6934312947826207,enet:dm_only
2012-01,-0.018015463572912713,-0.01898443085831928,0.48448364270328376,enet:dm_only
2012-02,-0.0025865290306050057,-0.003910759665810682,0.6621153176028379,enet:dm_only
2012-03,0.008195842902415382,0.006934286245767199,0.6307783283240919,enet:dm_only
2012-04,0.005121493656049875,0.004034856851349516,0.5433184023501794,enet:dm_only
2012-05,0.010123566442861243,0.009135759555860726,0.49390344350025867,enet:dm_only
2012-06,0.004503752230837057,0.003549061943748935,0.47734514354406105,enet:dm_only
2012-07,0.006045535427677803,0.005030640172225351,0.5074476277262263,enet:dm_only
2012-08,0.005022258365041636,0.004038520327705533,0.491869018668051,enet:dm_only
2012-09,-0.0009690267506957723,-0.0019227931309208149,0.47688319011252134,enet:dm_only
2012-10,0.00149978108328457,0.000406506873920131,0.5466371046822194,enet:dm_only
2012-11,0.006264553379195497,0.005217959151345191,0.523297113925153,enet:dm_only
2012-12,-0.0026332765885179973,-0.00359802521977842,0.4823743156302114,enet:dm_only
2013-01,0.0023601252029364322,0.0012251142519453184,0.567505475495557,enet:dm_only
2013-02,0.0032736388275592552,0.0021701400116425802,0.5517494079583374,enet:dm_only
2013-03,0.007871075574673021,0.006883920439331544,0.4935775676707379,enet:dm_only
2013-04,0.00803881419017194,0.007191109334916177,0.4238524276278815,enet:dm_only
2013-05,0.0028486965641897908,0.0019312024432858778,0.45874706045195623,enet:dm_only
2013-06,0.0027235549970175813,0.001567173178885475,0.5781909090660532,enet:dm_only
2013-07,0.008623573484547647,0.007471381228726373,0.5760961279106372,enet:dm_only
2013-08,-0.0009703180818072363,-0.002143520114586103,0.5866010163894335,enet:dm_only
2013-09,-0.005641547553746648,-0.006927983971071403,0.6432182086623777,enet:dm_only
2013-10,-0.0002764808725970649,-0.0014602501464010596,0.5918846369019971,enet:dm_only
2013-11,-0.0007214971715548385,-0.0017799228477944197,0.5292128381197905,enet:dm_only
2013-12,0.003890180918312622,0.002930464868499393,0.4798580249066147,enet:dm_only
2014-01,0.0002736389631336818,-0.0005708005849871504,0.42221977406041594,enet:dm_only
2014-02,0.004715929049815137,0.0036965593266042166,0.5096848616054598,enet:dm_only
2014-03,0.001602370164801256,0.0005958457729365725,0.5032621959323417,enet:dm_only
2014-04,0.0006348468055071488,-0.0004412676540715262,0.5380572297893375,enet:dm_only
2014-05,-0.0005976456417595204,-0.001675693191244059,0.5390237747422693,enet:dm_only
2014-06,0.002902005099135929,0.001805084464883125,0.548460317126402,enet:dm_only
2014-07,0.001037698572250361,-1.1780429497073502e-05,0.5247395008737172,enet:dm_only
2014-08,0.0025297399875635687,0.0014965518223442483,0.5165940826096601,enet:dm_only
2014-09,-0.002062539021802665,-0.0030363427416822647,0.48690185993979984,enet:dm_only
2014-10,0.002205562257133217,0.0012341235625227384,0.4857193473052396,enet:dm_only
2014-11,0.008422676248632407,0.007437996466816499,0.4923398909079531,enet:dm_only
2014-12,0.012117430712186118,0.011200595616961745,0.4584175476121869,enet:dm_only
2015-01,0.005166665763979252,0.004262724319373221,0.4519707223030159,enet:dm_only
2015-02,-0.0003925145049422455,-0.0014766622532943932,0.5420738741760739,enet:dm_only
2015-03,0.0027967314122449263,0.0016614742449603515,0.5676285836422876,enet:dm_only
2015-04,-0.01004792758202648,-0.011147277475829649,0.5496749469015831,enet:dm_only
2015-05,-2.745072809946886e-05,-0.0014144421473995105,0.6934957096500207,enet:dm_only
2015-06,0.0018962427227368526,0.0005885738785556277,0.6538344220906125,enet:dm_only
2015-07,0.007459042857195722,0.00648562170941875,0.48671057388848593,enet:dm_only
2015-08,0.006752230290766694,0.0057641908728583045,0.4940197089541953,enet:dm_only
2015-09,0.0032995292320566155,0.0022758142110225568,0.5118575105170292,enet:dm_only
2015-10,-0.0031835311469629477,-0.004260942730080821,0.5387057915589366,enet:dm_only
2015-11,0.0020579123995206373,0.0008959550617126312,0.5809786689040031,enet:dm_only
2015-12,3.3118993714676446e-05,-0.0011122063316822393,0.572662662698458,enet:dm_only
2016-01,0.0015970787410744228,0.00046871897665630343,0.5641798822090595,enet:dm_only
2016-02,0.000596418823487475,-0.0005310457575586876,0.5637322905230813,enet:dm_only
2016-03,-0.004509070334374799,-0.00571437394844741,0.6026518070363055,enet:dm_only
2016-04,0.0035635630001321157,0.0022980258541178064,0.6327685730071545,enet:dm_only
2016-05,0.0015336475758891926,0.0003550975009471062,0.5892750374710433,enet:dm_only
2016-06,-0.0015010005523967685,-0.002657551954032273,0.5782757008177523,enet:dm_only
2016-07,-0.0004135865822400685,-0.0014373351094993856,0.5118742636296584,enet:dm_only
2016-08,0.005741373644669647,0.004607300222754265,0.5670367109576913,enet:dm_only
2016-09,0.005829133961073651,0.00481979864798943,0.5046676565421107,enet:dm_only
2016-10,0.0011256086146388547,0.0003266419698328555,0.39948332240299944,enet:dm_only
2016-11,-0.002359625100893925,-0.0033497759821076323,0.4950754406068537,enet:dm_only
2016-12,0.0004865785255678322,-0.0006720930774029211,0.5793358014853767,enet:dm_only
2017-01,0.0028986342617253326,0.0018273692954164948,0.5356324831544187,enet:dm_only
2017-02,-0.000582425899241915,-0.0016857527011306713,0.5516634009443783,enet:dm_only
2017-03,0.002158349520798938,0.001109469002623285,0.5244402590878265,enet:dm_only
2017-04,-5.000443702759598e-05,-0.0010791725915428475,0.5145840772576256,enet:dm_only
2017-05,0.00400292073359221,0.003024553529846739,0.4891836018727352,enet:dm_only
2017-06,0.00042909460240628017,-0.0006583903122595304,0.5437424573329052,enet:dm_only
2017-07,0.0019221419811794895,0.0009047055503560422,0.5087182154117236,enet:dm_only
2017-08,0.002967697466705662,0.001899998486204907,0.5338494902503774,enet:dm_only
2017-09,0.0017178851109012137,0.0007976375767468568,0.46012376707717856,enet:dm_only
2017-10,0.003268145555101903,0.002345905243421928,0.46112015583998733,enet:dm_only
2017-11,0.0016887971264605763,0.0006280495515506067,0.5303737874549848,enet:dm_only
2017-12,0.0036836101765158665,0.00255641937389109,0.5635954013123884,enet:dm_only
2018-01,0.004199838240448631,0.0030760791372101436,0.5618795516192437,enet:dm_only
2018-02,0.0019257746684656356,0.0007106065903282064,0.6075840390687147,enet:dm_only
2018-03,0.00407492643782063,0.002954631964309182,0.5601472367557236,enet:dm_only
2018-04,0.0003236445346667567,-0.0006774755797700227,0.5005600572183896,enet:dm_only
2018-05,0.0020382134824891403,0.0008783402214395509,0.5799366305247946,enet:dm_only
2018-06,0.0027186130217390606,0.0015289932831961338,0.5948098692714633,enet:dm_only
2018-07,0.0023291304743012593,0.0012564175504986065,0.5363564619013265,enet:dm_only
2018-08,0.004052807563320501,0.0029874987374906656,0.5326544129149178,enet:dm_only
2018-09,0.01267964203092814,0.011615270434605633,0.5321857981612527,enet:dm_only
2018-10,0.003815378549825642,0.0028405861088563046,0.48739622048466874,enet:dm_only
2018-11,-0.002342540248936723,-0.0033940913986276323,0.5257755748454549,enet:dm_only
2018-12,0.004537698155883057,0.0032313441667252835,0.653176994578887,enet:dm_only
2019-01,-0.0017097403038605686,-0.002760374306156822,0.5253170011481267,enet:dm_only
2019-02,-0.005378977821505936,-0.006577929829883796,0.5994760041889303,enet:dm_only
2019-03,0.004775575899009728,0.0036160348823347805,0.5797705083374735,enet:dm_only
2019-04,0.0013955881693179543,0.0004756611419830452,0.45996351366745464,enet:dm_only
2019-05,0.0016319631931759173,0.0006299110303671058,0.5010260814044059,enet:dm_only
2019-06,0.002698119007038073,0.0015829227203949553,0.5575981433215588,enet:dm_only
2019-07,0.0057767115548714686,0.004732797718988538,0.5219569179414649,enet:dm_only
2019-08,0.003975218631285458,0.003050940687778321,0.4621389717535683,enet:dm_only
2019-09,-0.0027953207226893966,-0.0037905919911515357,0.4976356342310692,enet:dm_only
2019-10,0.001737511789745254,0.000610084749744327,0.5637135200004635,enet:dm_only
2019-11,0.0010780308368256236,7.015037355825553e-05,0.5039402316336841,enet:dm_only
2019-12,0.004792844789720363,0.0037239294542672995,0.5344576677265317,enet:dm_only
2020-01,0.005104485761467175,0.004198908105993836,0.45278882773666945,enet:dm_only
2020-02,0.008965575612790582,0.007997338741502345,0.4841184356441184,enet:dm_only
2020-03,0.015493185120685388,0.014562735202291687,0.4652249591968513,enet:dm_only
2020-04,-0.018253776333945645,-0.019619799793762046,0.6830117299082006,enet:dm_only
2020-05,-0.0010563218012897898,-0.0029718580910288424,0.9577681448695263,enet:dm_only
2020-06,-0.003163475189995675,-0.00468702274932454,0.7617737796644325,enet:dm_only
2020-07,0.002999743576058363,0.0016101352164290981,0.6948041798146322,enet:dm_only
2020-08,0.001543981290916771,0.00019628370921742806,0.6738487908496714,enet:dm_only
2020-09,-0.00319796778321286,-0.004546660509967122,0.6743463633771309,enet:dm_only
2020-10,0.0014673555081220304,0.00011862033410180228,0.6743675870101137,enet:dm_only
2020-11,-0.02288021750414464,-0.024039594699997134,0.579688597926247,enet:dm_only
2020-12,0.001796607759686119,7.283379166988973e-06,0.8946621902595648,enet:dm_only
2021-01,0.0014010715792154758,-0.00016616000656796733,0.7836157928917215,enet:dm_only
2021-02,0.0004171784120827612,-0.0009013894164914896,0.6592839142871253,enet:dm_only
2021-03,0.0063190708932039956,0.004939702941003919,0.6896839761000378,enet:dm_only
2021-04,0.004268813272794782,0.0030953128406624804,0.5867502160661506,enet:dm_only
2021-05,0.004203802622129029,0.0029245559880498387,0.6396233170395957,enet:dm_only
2021-06,-0.0040951503782679305,-0.005338639431720736,0.6217445267264022,enet:dm_only
2021-07,0.0035652819253368983,0.002379285706162683,0.5929981095871076,enet:dm_only
2021-08,-0.0008655353210486133,-0.0019911981631998044,0.5628314210755956,enet:dm_only
2021-09,0.007269020688834013,0.006084392177956344,0.5923142554388344,enet:dm_only
2021-10,0.001595850383020629,0.0004936557816677577,0.5510973006764357,enet:dm_only
2021-11,0.004440314364968989,0.00335442308842368,0.5429456382726549,enet:dm_only
2021-12,0.008118221282264713,0.006850974344661703,0.6336234688015053,enet:dm_only
2022-01,0.011063086667061184,0.01005027044246336,0.5064081122989115,enet:dm_only
2022-02,0.007234770976460311,0.006303626176796912,0.46557239983169935,enet:dm_only
2022-03,0.00873935503974181,0.007715440748274755,0.5119571457335272,enet:dm_only
2022-04,0.009895805565923168,0.008950652321686755,0.4725766221182066,enet:dm_only
2022-05,0.004080669502320872,0.003132896349183852,0.4738865765685098,enet:dm_only
2022-06,0.0019423236505791792,0.0009162994150207187,0.5130121177792301,enet:dm_only
2022-07,-0.005448672367483236,-0.006497612032381388,0.5244698324490763,enet:dm_only
2022-08,-0.0009907867660828335,-0.0021119476156887503,0.5605804248029584,enet:dm_only
2022-09,0.0058523635113976544,0.004859533383669429,0.49641506386411255,enet:dm_only
2022-10,0.004609317373687195,0.0036303622498996446,0.48947756189377567,enet:dm_only
2022-11,-0.00603410245375138,-0.007090498386071037,0.5281979661598291,enet:dm_only
2022-12,0.00482968724212585,0.0036386029311224447,0.5955421555017025,enet:dm_only
2023-01,0.0006881884419301128,-0.0003416695178692518,0.5149289798996823,enet:dm_only
2023-02,0.006331187157301962,0.005316767601578025,0.5072097778619679,enet:dm_only
2023-03,0.003152952100931641,0.0023135431313549442,0.4197044847883482,enet:dm_only
2023-04,-0.00031553391027795626,-0.0012883985469087011,0.48643231831537237,enet:dm_only
2023-05,-0.0016196874763064202,-0.0025338559562744383,0.4570842399840092,enet:dm_only
2023-06,0.00110526886373605,0.00014761236871236707,0.4788282475118415,enet:dm_only
2023-07,0.003439128799763151,0.002423914586682429,0.5076071065403611,enet:dm_only
2023-08,0.0010982964143595242,8.333841377437733e-05,0.5074790002925735,enet:dm_only
2023-09,0.010045494722632092,0.009061843005966424,0.49182585833283415,enet:dm_only
2023-10,0.007184080433645413,0.00637019298290634,0.40694372536953655,enet:dm_only
2023-11,-0.008704743620116258,-0.009595764699693428,0.4455105397885846,enet:dm_only
2023-12,0.002871394052544178,0.00173650784192861,0.5674431053077841,enet:dm_only
2024-01,0.007427251585103436,0.0064191542062354496,0.5040486894339936,enet:dm_only
2024-02,7.203673292292965e-05,-0.0009537422128829955,0.5128894729029626,enet:dm_only
2024-03,0.003409560889784406,0.0023270122759935273,0.5412743068954396,enet:dm_only
2024-04,-0.0004482984296020041,-0.0014982172401150386,0.5249594052565173,enet:dm_only
2024-05,0.0015930416319184806,0.0005697358664383316,0.5116528827400747,enet:dm_only
2024-06,-0.0009503142761714878,-0.0019343838423290292,0.49203478307877063,enet:dm_only
2024-07,0.00010194634960653959,-0.000888606752393038,0.49527655099978873,enet:dm_only
2024-08,0.0028277128123843157,0.001834448274847162,0.4966322687685768,enet:dm_only
2024-09,0.0006160717157421592,-0.00034944196903944057,0.4827568423907998,enet:dm_only
2024-10,0.004258267148516991,0.0032349675390026854,0.5116498047571526,enet:dm_only
2024-11,0.008750584006632227,0.007745571122273357,0.5025064421794352,enet:dm_only
2024-12,0.0014114833329137142,0.00040241623271366366,0.5045335501000253,enet:dm_only
2025-01,0.0005658905690529777,-0.0002979635090222593,0.4319270390376185,enet:dm_only
2025-02,0.003849237019435805,0.002849950971236427,0.499643024099689,enet:dm_only
2025-03,0.0056137759862989675,0.004679395142894038,0.4671904217024649,enet:dm_only
2025-04,-0.002893270581751886,-0.0038086763360726653,0.45770287716038993,enet:dm_only
2025-05,-0.001332570432183481,-0.00235479753325781,0.5111135505371643,enet:dm_only
2025-06,-0.0006263418265259435,-0.0016329655365780586,0.5033118550260577,enet:dm_only
2025-07,-0.0007842267913155936,-0.001670907222274509,0.4433402154794576,enet:dm_only
2025-08,0.0021577688768511616,0.0011537733896406547,0.5019977436052536,enet:dm_only
2025-09,0.0034661156482321594,0.0023965999652800895,0.5347578414760347,enet:dm_only
2025-10,0.007930557265988765,0.006891287586340583,0.5196348398240918,enet:dm_only
2025-11,0.0012421785368774607,0.00013169898288822242,0.5552397769946195,enet:dm_only
2025-12,0.00883088809409308,0.007748959671289723,0.5409642114016788,enet:dm_only
2000-01,-0.009294174616525095,-0.009294174616525095,0.0,static_ew
2000-02,-0.0050977782652694426,-0.005141961494650721,0.022091614690639496,static_ew
2000-03,0.00795507788372919,0.007921431590514722,0.016823146607234538,static_ew
2000-04,0.0015812496011815978,0.0014975414272428438,0.04185408696937716,static_ew
2000-05,0.004936737707911596,0.004564011796841877,0.18636295553485913,static_ew
2000-06,0.013893549598272582,0.013710264968045642,0.09164231511347082,static_ew
2000-07,0.008285551336551277,0.008246367900018769,0.019591718266253874,static_ew
2000-08,-0.0013067448124274314,-0.0013236155747510523,0.008435381161810512,static_ew
2000-09,0.009663159550909144,0.009637218396236526,0.012970577336309628,static_ew
2000-10,0.012059560442535035,0.011991918238870854,0.033821101832090604,static_ew
2000-11,0.007810859721965218,0.007766771612625687,0.022044054669766257,static_ew
2000-12,0.0053917288665442185,0.005266521359542016,0.06260375350110112,static_ew
2001-01,-0.0043613422706945135,-0.004403432679973737,0.021045204639611702,static_ew
2001-02,0.013724558642463303,0.013720476397728564,0.0020411223673687078,static_ew
2001-03,0.019669174994897363,0.019613793593280113,0.02769070080862534,static_ew
2001-04,0.002532724626062318,0.0025124637247669343,0.010130450647692033,static_ew
2001-05,0.0035305995313474996,0.003269561518008229,0.13051900666963534,static_ew
2001-06,0.008180838092928458,0.008146693496540482,0.01707229819398765,static_ew
2001-07,0.007668436090974678,0.007644044438003913,0.012195826485382732,static_ew
2001-08,0.006444737899152218,0.006345821626893222,0.049458136129498134,static_ew
2001-09,0.014605106223526685,0.014572294162310323,0.016406030608181136,static_ew
2001-10,-0.005410537218567535,-0.00561933290809717,0.10439784476481727,static_ew
2001-11,-0.01488476349357051,-0.014896911384665767,0.006073945547629763,static_ew
2001-12,0.0024166257036852146,0.0024051786448616853,0.005723529411764706,static_ew
2002-01,-0.00012704749428162006,-0.00013580523176257744,0.004378868740478647,static_ew
2002-02,0.006962246729680718,0.006905986917118269,0.028129906281224314,static_ew
2002-03,0.006461168268242685,0.006380569951219447,0.0402991585116188,static_ew
2002-04,0.0030524775258939938,0.002931677926006179,0.060399799943907644,static_ew
2002-05,0.0007000701379270802,0.0005851019292714564,0.0574841043278119,static_ew
2002-06,0.005395744169403368,0.005322311388569975,0.036716390416696214,static_ew
2002-07,0.004568837362609699,0.004568837362609699,0.0,static_ew
2002-08,0.004353095373530568,0.004284123063048823,0.034486155240872216,static_ew
2002-09,0.01084896970679067,0.01082220169129026,0.013384007750204933,static_ew
2002-10,0.008617340119361862,0.008611536678125349,0.002901720618256054,static_ew
2002-11,-3.006821860233449e-05,-0.00015108793962205548,0.060509860509860514,static_ew
2002-12,0.009139937754823734,0.009087126822720766,0.026405466051483743,static_ew
2003-01,0.004759004932995577,0.004722111170665621,0.018446881164977762,static_ew
2003-02,0.004752619469462278,0.004703287233989561,0.024666117736358493,static_ew
2003-03,0.007967190684429852,0.007934909128909136,0.01614077776035817,static_ew
2003-04,-0.007536544436834222,-0.0076126845056404685,0.038070034403123565,static_ew
2003-05,0.003012271960941463,0.0027706828229631464,0.12079456898915815,static_ew
2003-06,0.0032532922223780054,0.00319588129180531,0.028705465286347626,static_ew
2003-07,0.001034760284058676,0.0009964918486307253,0.01913421771397525,static_ew
2003-08,0.003485467465019015,0.0034395437810649278,0.022961841977043672,static_ew
2003-09,-0.005429699221829456,-0.0057439199027712095,0.15711034047087685,static_ew
2003-10,0.003794349882139323,0.0037702343486954314,0.012057766721945829,static_ew
2003-11,0.005479239032350933,0.005458782433976717,0.010228299187108323,static_ew
2003-12,-0.0036536423473487096,-0.003691091407617979,0.01872453013463451,static_ew
2004-01,-0.009737737914639569,-0.009783936745048927,0.02309941520467837,static_ew
2004-02,0.004630589708208525,0.004546343398962216,0.04212315462315461,static_ew
2004-03,0.0029348626989472927,0.0028916680179452347,0.021597340501029023,static_ew
2004-04,0.001516429831284314,0.0014862315139766219,0.015099158653846152,static_ew
2004-05,0.0018381602487128764,0.0017300609767846582,0.054049635964109013,static_ew
2004-06,0.0054773955084024915,0.005437812856342322,0.019791326030085005,static_ew
2004-07,0.0037596263320666848,0.0037359376965997227,0.011844317733481135,static_ew
2004-08,0.0024880157929984305,0.002433803213683392,0.027106289657519166,static_ew
2004-09,0.001725905522163369,0.0016424394537439394,0.04173303420971473,static_ew
2004-10,0.005528794183583043,0.0054995126727441545,0.014640755419443936,static_ew
2004-11,0.0016702610324316792,0.0016033919126804239,0.03343455987562776,static_ew
2004-12,0.006230465727258088,0.00620062891911711,0.014918404070488951,static_ew
2005-01,-0.0002123807658949806,-0.0003965587550254155,0.09208899456521738,static_ew
2005-02,0.0024272658433558227,0.002405905540636133,0.010680151359844911,static_ew
2005-03,0.0032541080240067527,0.0032243647043847558,0.014871659810998411,static_ew
2005-04,0.0014765119526268325,0.0014542316134641404,0.011140169581346046,static_ew
2005-05,-0.0038526759838428586,-0.003946237481349877,0.046780748753509065,static_ew
2005-06,0.0017485461818437533,0.001733067736677808,0.007739222582972584,static_ew
2005-07,0.0014218946420461182,0.0014044793641331014,0.008707638956508508,static_ew
2005-08,0.0017182847663283624,0.00169726111792762,0.010511824200371285,static_ew
2005-09,-0.0023730173277459916,-0.002460678577536576,0.043830624895292346,static_ew
2005-10,0.002805632282674283,0.0027915738367152543,0.007029222979514402,static_ew
2005-11,-0.0022281318713710968,-0.0022707933652105104,0.02133074691970666,static_ew
2005-12,-0.003689190865313265,-0.003717216462460254,0.014012798573494675,static_ew
2006-01,9.25738267957905e-05,8.290174488344281e-05,0.004836040956173839,static_ew
2006-02,0.005621705480834758,0.005422792650280618,0.09945641527707018,static_ew
2006-03,0.0018325600759912612,0.0018268140442452296,0.0028730158730158706,static_ew
2006-04,0.0023760005995095076,0.002271524368652688,0.052238115428409886,static_ew
2006-05,0.00511232806539048,0.00505543742346486,0.028445320962809533,static_ew
2006-06,0.004311242258689078,0.004298802962465882,0.006219648111597565,static_ew
2006-07,0.0016112933359611861,0.0013605685752292502,0.12536238036596792,static_ew
2006-08,-0.0049213010397469135,-0.00504759748554367,0.06314822289837835,static_ew
2006-09,-0.001562209001671154,-0.0017252678204430164,0.08152940938593121,static_ew
2006-10,-8.958808370586092e-05,-0.00017052916547856222,0.04047054088635069,static_ew
2006-11,0.005666619432621639,0.005625922229351156,0.020348601635241634,static_ew
2006-12,0.0011733196213460292,0.0011611503196431432,0.006084650851443113,static_ew
2007-01,0.0026119600035522886,0.0025423294306943936,0.03481528642894777,static_ew
2007-02,-0.0023479037727364687,-0.0026438488337676134,0.14797253051557252,static_ew
2007-03,-0.0006023582092600908,-0.0006769920092052716,0.03731689997259044,static_ew
2007-04,0.0020107478559973696,0.0019045194754105975,0.05311419029338576,static_ew
2007-05,-0.004284245072683168,-0.004426458594226591,0.07110676077171152,static_ew
2007-06,-0.0021385971080241056,-0.002178231473576892,0.019817182776393282,static_ew
2007-07,-0.0027575993533367027,-0.0028841048009269877,0.06325272379514275,static_ew
2007-08,0.007296414155664324,0.007194773001877132,0.05082057689359569,static_ew
2007-09,0.0022120427900499035,0.0021461529246084177,0.032944932720742795,static_ew
2007-10,-0.0015008548597556168,-0.001684277454717203,0.09171129748079303,static_ew
2007-11,0.005076138168841042,0.004964381674902326,0.05587824696935779,static_ew
2007-12,0.00046792218979212024,0.00036372048360434466,0.052100853093887824,static_ew
2008-01,0.008442600056092533,0.008313387001695873,0.06460652719833028,static_ew
2008-02,0.0006647893898012508,0.000565916155433646,0.04943661718380262,static_ew
2008-03,0.0071666575084383755,0.007117782976294733,0.024437266071821576,static_ew
2008-04,0.0014274879484017606,0.0013844068682797338,0.021540540061013413,static_ew
2008-05,-0.0005861147265871439,-0.0006802462795017916,0.047065776457323835,static_ew
2008-06,0.008662626707498282,0.008630201022555111,0.016212842471585488,static_ew
2008-07,0.004242850886461106,0.004221799057830073,0.01052591431551664,static_ew
2008-08,0.008701277480643421,0.00867508648288502,0.013095498879201114,static_ew
2008-09,0.009909842766591745,0.009885106343473164,0.012368211559289872,static_ew
2008-10,0.02059309448566485,0.02055798008431015,0.01755720067735098,static_ew
2008-11,0.011105834014030314,0.011066340562319798,0.019746725855257642,static_ew
2008-12,-0.0041781587259673405,-0.004214952369596957,0.018396821814808298,static_ew
2009-01,0.00736090568940228,0.007328318187463356,0.016293750969462048,static_ew
2009-02,0.0034559841529437,0.003391397999961889,0.03229307649090513,static_ew
2009-03,-0.0011864242895024593,-0.0012202478989837252,0.016911804740633,static_ew
2009-04,-0.01773735235630576,-0.017771429654970382,0.017038649332312045,static_ew
2009-05,-0.021963332728203784,-0.022022005817667098,0.02933654473165522,static_ew
2009-06,0.008258920666306643,0.008255429024128869,0.0017458210888867882,static_ew
2009-07,-0.0013895754371024934,-0.0014326133902666737,0.021518976582090177,static_ew
2009-08,-0.00021867168720001343,-0.00024038632748351192,0.010857320141749331,static_ew
2009-09,-0.0019677531251670473,-0.001981459519889568,0.0068531973612604635,static_ew
2009-10,0.005164840626257567,0.00515531420987722,0.004763208190173451,static_ew
2009-11,0.003321376542655746,0.003308565629644496,0.006405456505624612,static_ew
2009-12,0.0012566252694938198,0.0012422678066261851,0.007178731433817373,static_ew
2010-01,0.0048210416716298376,0.00480584300039915,0.0075993356153435995,static_ew
2010-02,0.005949349418329259,0.005914881659820418,0.017233879254419934,static_ew
2010-03,-0.0009248125559954616,-0.0009548827444152484,0.015035094209893386,static_ew
2010-04,0.0033520990380891333,0.003333825711696929,0.009136663196102124,static_ew
2010-05,0.007113934752838802,0.007078451496247454,0.01774162829567434,static_ew
2010-06,0.005215611375143068,0.005203212106523071,0.006199634309998528,static_ew
2010-07,0.0009651897146966897,0.0009564058123718209,0.004391951162434457,static_ew
2010-08,0.005981433793838604,0.0059459885022709455,0.017722645783829385,static_ew
2010-09,-0.0005776305033251129,-0.0005999482193818936,0.01115885802839034,static_ew
2010-10,-0.00014936758678557206,-0.0001566614377457922,0.003646925480110154,static_ew
2010-11,0.006144414040973509,0.006133592646767195,0.005410697103157608,static_ew
2010-12,0.0002085673026164365,0.00019989451170612587,0.004336395455155419,static_ew
2011-01,0.00805666762355743,0.008048421810665209,0.00412290644610926,static_ew
2011-02,0.001567708856523757,0.0015431925262749582,0.012258165124399352,static_ew
2011-03,0.0028141318131334626,0.002763673429174014,0.025229191979724227,static_ew
2011-04,0.0035399628533305098,0.003523533817749002,0.008214517790753764,static_ew
2011-05,0.004960714021090834,0.004929849056472991,0.015432482308921094,static_ew
2011-06,0.0050565556883209115,0.0050424199703427664,0.007067858989072069,static_ew
2011-07,0.005159641675279285,0.00514320821842771,0.008216728425787663,static_ew
2011-08,0.0049609640253836535,0.004948754697207938,0.006104664087857355,static_ew
2011-09,0.009003536910915879,0.008986357576643294,0.008589667136291905,static_ew
2011-10,-0.0035712288609769005,-0.0035733452630933027,0.001058201058201055,static_ew
2011-11,0.008932453659111602,0.008919022546518298,0.006715556296651588,static_ew
2011-12,0.0050970346208061065,0.0050905943238896195,0.0032201484582436886,static_ew
2012-01,-0.009648156142871305,-0.009792708206992875,0.07227603206078435,static_ew
2012-02,0.0017526480329161478,0.0017466820390810082,0.0029829969175698525,static_ew
2012-03,0.0052464616442621575,0.0052433477990430485,0.0015569226095541872,static_ew
2012-04,0.006070210334905321,0.0059359102152652665,0.0671500598200271,static_ew
2012-05,0.0062723229870965645,0.0062164407721403865,0.027941107478088312,static_ew
2012-06,0.0037126204151210034,0.0037031142618996113,0.00475307661069618,static_ew
2012-07,0.004215289821940871,0.0041916167623631834,0.011836529788843954,static_ew
2012-08,0.0031024711692715923,0.0030889171938868,0.0067769876923960675,static_ew
2012-09,-0.0026294459923524257,-0.002645817861331968,0.008185934489771056,static_ew
2012-10,0.001856403783205924,0.0018529717797739205,0.0017160017160017197,static_ew
2012-11,0.004340730728677062,0.004328584881327134,0.006072923674964497,static_ew
2012-12,-0.003324388433096299,-0.0033397772888948247,0.007694427899262742,static_ew
2013-01,0.002529427569262197,0.002519845394848918,0.004791087206639632,static_ew
2013-02,0.001792719162260435,0.0017464694174622497,0.02312487239909266,static_ew
2013-03,0.006148481304446101,0.006111092934246345,0.018694185099878198,static_ew
2013-04,0.004296301036035093,0.00424868550445173,0.02380776579168191,static_ew
2013-05,0.0015839573824419956,0.001561204987596063,0.01137619742296642,static_ew
2013-06,0.004782082174109133,0.004760768598867865,0.010656787620634312,static_ew
2013-07,0.007868344280642299,0.0078340463623873,0.017148959127499648,static_ew
2013-08,0.001285841466259411,0.0012662462291037678,0.009797618577821654,static_ew
2013-09,-0.00027137665765767646,-0.0003675597113157637,0.04809152682904367,static_ew
2013-10,-0.0029050654088565234,-0.002947705771425732,0.021320181284604375,static_ew
2013-11,0.0010188145704397903,0.0009535460708780459,0.03263424978087218,static_ew
2013-12,0.0018343660526799253,0.0018235771108469968,0.005394470916464232,static_ew
2014-01,0.0010302061753810147,0.0010102000996993926,0.010003037840811042,static_ew
2014-02,0.0005478970308816221,0.0005337753985840309,0.007060816148795523,static_ew
2014-03,-0.000860620515800879,-0.0008732896072370937,0.006334545718107363,static_ew
2014-04,-0.0034792844017688044,-0.0035416721208146287,0.03119385952291195,static_ew
2014-05,-0.0014714533857305007,-0.0014897715567580314,0.009159085513765312,static_ew
2014-06,0.0066583122748617935,0.0066583122748617935,0.0,static_ew
2014-07,0.0013723806917303786,0.0013690749066064115,0.0016528925619834697,static_ew
2014-08,0.00020330203097774293,0.00013545564526565835,0.03392319285604222,static_ew
2014-09,0.0009235703942156154,0.0009204778471230684,0.0015462735462735417,static_ew
2014-10,0.0013050145557199299,0.0012840038396183923,0.010505358050768706,static_ew
2014-11,0.003255775021428223,0.003250067384438825,0.0028538184946993506,static_ew
2014-12,0.0063903086813524995,0.006381007352893147,0.004650664229675821,static_ew
2015-01,0.0030852840210146347,0.00307767593445918,0.003804043277727485,static_ew
2015-02,-0.00033969144454362276,-0.00036513439431683654,0.012721474886606883,static_ew
2015-03,0.004762907684944645,0.004725870378883077,0.01851865303078358,static_ew
2015-04,-0.005232193728199112,-0.005303164092318057,0.03548518205947243,static_ew
2015-05,0.004413442571040383,0.004354291506481651,0.029575532279366355,static_ew
2015-06,0.004291901484814955,0.0042877045836768775,0.002098450569038793,static_ew
2015-07,0.005325447572409202,0.005321258587226088,0.0020944925915571742,static_ew
2015-08,0.004910118241782545,0.004894256681675831,0.007930780053356576,static_ew
2015-09,0.0018273058410746838,0.0018258177458365884,0.0007440476190476184,static_ew
2015-10,-0.00392814520101812,-0.003943364273216351,0.007609536099115849,static_ew
2015-11,0.002749520613953309,0.002741065089416802,0.004227762268253475,static_ew
2015-12,-9.085191164615394e-05,-0.00010113025799777622,0.005139173175811111,static_ew
2016-01,0.0037604698885241607,0.003755943092298424,0.0022633981128683304,static_ew
2016-02,0.001077993424428406,0.001068895070600755,0.004549176913825397,static_ew
2016-03,-0.005740511367129351,-0.005749405642095054,0.0044471374828517615,static_ew
2016-04,0.0015046974939594319,0.0015001430244587024,0.002277234750364657,static_ew
2016-05,0.0030512116492720435,0.0030308018812714404,0.010204884000301713,static_ew
2016-06,-0.00035829616754183346,-0.0003623946953943688,0.0020492639262677135,static_ew
2016-07,9.567505763024129e-05,9.404705600223959e-05,0.0008140008140008087,static_ew
2016-08,0.0009284041356467692,0.0009125910771963394,0.007906529225214882,static_ew
2016-09,0.003401768539369932,0.003363633700854726,0.01906741925760316,static_ew
2016-10,0.0007178660764643802,0.00071250756521142,0.0026792556264801943,static_ew
2016-11,-2.582614997221199e-05,-3.9560690153592296e-05,0.0068672700906900926,static_ew
2016-12,0.001417807926141207,0.0013359657279044394,0.04092109911838379,static_ew
2017-01,0.0018053636018780276,0.0017757065280745706,0.014828536901728489,static_ew
2017-02,-0.00022915006157545894,-0.00024105858395258813,0.005954261188564554,static_ew
2017-03,0.003652452910460389,0.003643377974556184,0.004537467952102095,static_ew
2017-04,-0.0010081231444229715,-0.0010298760142723158,0.010876434924672197,static_ew
2017-05,0.0033468133787637167,0.0033298613822983552,0.008475998232680946,static_ew
2017-06,-0.000533106703791176,-0.0005479216314758362,0.007407463842330078,static_ew
2017-07,0.0016858332678924917,0.0016821418688522554,0.0018456995201181253,static_ew
2017-08,0.0011264033733678906,0.0011236346214226682,0.0013843759726112604,static_ew
2017-09,0.0010066215099387057,0.0009986041939213897,0.004008658008658005,static_ew
2017-10,0.0011270559598729145,0.0011072696243166248,0.009893167778144946,static_ew
2017-11,0.002406296176795446,0.0023926619434616195,0.006817116666913122,static_ew
2017-12,0.0010505868046572474,0.001041151283180357,0.004717760738445305,static_ew
2018-01,0.0030787682825252427,0.003073362882230179,0.002702700147531734,static_ew
2018-02,0.003751528407717997,0.003751528407717997,0.0,static_ew
2018-03,0.003607930828844296,0.0035560242259123995,0.025953301465948077,static_ew
2018-04,0.00020165369461945542,0.00019464315136102545,0.0035052716292150263,static_ew
2018-05,0.0037204973967643164,0.003694036472430214,0.013230462167051166,static_ew
2018-06,0.002363213611129386,0.002345274306333153,0.00896965239811673,static_ew
2018-07,0.0010493982060194682,0.0010273542300581107,0.011021987980678709,static_ew
2018-08,0.0028821793957801416,0.0028691752349562227,0.006502080411959332,static_ew
2018-09,0.00536899151288136,0.005356993589807724,0.005998961536817895,static_ew
2018-10,7.693790191481423e-05,6.926307165933879e-05,0.0038374151277377143,static_ew
2018-11,-0.0023111644757148773,-0.002326587262114315,0.007711393199718791,static_ew
2018-12,-0.0009639326084353469,-0.0009664755200691678,0.0012714558169103613,static_ew
2019-01,0.00127385939757468,0.00127385939757468,0.0,static_ew
2019-02,-0.002729501027316224,-0.0027341547069699036,0.0023268398268398295,static_ew
2019-03,0.0006634699405921301,0.000655411332533522,0.004029304029304032,static_ew
2019-04,-0.00037182781332738263,-0.0003764017065874073,0.0022869466300123246,static_ew
2019-05,0.002309565178135685,0.002301095467978424,0.004234855078630399,static_ew
2019-06,0.002124659540067401,0.0021208416170914552,0.0019089614879730765,static_ew
2019-07,0.003527782013007467,0.0035222190520192865,0.0027814804940904697,static_ew
2019-08,4.023247562790899e-05,2.1319382354005577e-05,0.00945654663695173,static_ew
2019-09,-0.0006411660978618075,-0.0006431003338385967,0.0009671179883945893,static_ew
2019-10,-0.0005912720534369616,-0.0005962513891935717,0.0024896678783050403,static_ew
2019-11,0.0016390659308432023,0.0016331480354295084,0.0029589477068468636,static_ew
2019-12,-0.0008985736854123648,-0.0009145725387812679,0.007999426684451524,static_ew
2020-01,-3.6311915162382865e-05,-3.6311915162382865e-05,0.0,static_ew
2020-02,0.002816634177325881,0.002812115269886792,0.002259453719544567,static_ew
2020-03,0.009554400989735144,0.009546084717685309,0.00415813602491825,static_ew
2020-04,-0.006459767533001695,-0.006481500782127881,0.01086662456309298,static_ew
2020-05,-0.00031988689952096354,-0.00034316676402200365,0.011639932250520141,static_ew
2020-06,-0.006399258904892274,-0.00640233024552598,0.0015356703168534944,static_ew
2020-07,0.00011617948824285168,6.448303654639991e-05,0.025848225848225846,static_ew
2020-08,-0.003239248203789035,-0.003245095556289663,0.002923676250313964,static_ew
2020-09,0.000914209924684007,0.0009084843118582216,0.002862806412892725,static_ew
2020-10,0.0030708021216738005,0.003065465017970823,0.0026685518514884482,static_ew
2020-11,-0.012504387372218408,-0.012517488084556567,0.006550356169079457,static_ew
2020-12,-0.002455877980454853,-0.0024611341788019605,0.002628099173553713,static_ew
2021-01,0.0020297659698182303,0.002023866181143322,0.002949894337454148,static_ew
2021-02,-0.001378570188251629,-0.0013830791540564663,0.002254482902418675,static_ew
2021-03,0.0027254664927712706,0.0027036286787646686,0.010918907003301066,static_ew
2021-04,0.0005529708142819055,0.0005500782522984345,0.0014462809917355325,static_ew
2021-05,-0.001484989954164511,-0.0014983777423197885,0.0066938940776388595,static_ew
2021-06,-0.00211092694869571,-0.0021123255500943116,0.0006993006993006962,static_ew
2021-07,0.000534843787838853,0.000532099010683685,0.0013723885775839772,static_ew
2021-08,0.00041734618483180776,0.00041734618483180776,0.0,static_ew
2021-09,0.002529171199330355,0.0025239347101044633,0.0026182446129458135,static_ew
2021-10,0.00027532728742678047,0.00027410703117296714,0.000610128126906654,static_ew
2021-11,0.006115595575090866,0.006112819724986771,0.001387925052047198,static_ew
2021-12,0.005340267562052677,0.0053387396781718515,0.0007639419404125304,static_ew
2022-01,0.0035438249077013556,0.0035367174696848275,0.0035537190082644585,static_ew
2022-02,0.005319763260535491,0.005315574363631362,0.0020944484520643443,static_ew
2022-03,-0.00029407505448584556,-0.00029407505448584556,0.0,static_ew
2022-04,0.00671510361857344,0.006692634706925272,0.01123445582408371,static_ew
2022-05,0.0020188740296825094,0.0020046181975275413,0.007127916077484074,static_ew
2022-06,0.004313906416984784,0.004306045367968286,0.003930524508249345,static_ew
2022-07,-0.004098413733367116,-0.004098413733367116,0.0,static_ew
2022-08,-0.00238188660089102,-0.0023854157331995476,0.0017645661542638046,static_ew
2022-09,0.006794536959750774,0.0067873719535575415,0.0035825030966162093,static_ew
2022-10,-0.0011632418578191308,-0.0011672140117912847,0.00198607698607698,static_ew
2022-11,-0.0020353846005951564,-0.0020421712033423423,0.003393301373593007,static_ew
2022-12,0.005857290220724654,0.005854776525419197,0.00125684765272866,static_ew
2023-01,0.0008752141467955682,0.0008694269515346887,0.00289359763043974,static_ew
2023-02,0.002074470265672571,0.0020497634579095935,0.012353403881488801,static_ew
2023-03,0.004697199984184377,0.004695971482955876,0.00061425061425061,static_ew
2023-04,-0.001380855187309869,-0.0013856772305892108,0.002411021639670855,static_ew
2023-05,-0.0020366741048084137,-0.0020638732561807723,0.013599575686179434,static_ew
2023-06,0.0018762419133092302,0.0018734861610605771,0.0013778761243264262,static_ew
2023-07,-4.045831915107576e-06,-1.1326694229527231e-05,0.0036404311572096793,static_ew
2023-08,0.00245772573835916,0.002452753241759355,0.002486248299902217,static_ew
2023-09,0.005887041032329759,0.0058836444633340165,0.0016982844978712741,static_ew
2023-10,0.005776026360927076,0.005776026360927076,0.0,static_ew
2023-11,-0.004598084481444971,-0.004649653240099126,0.0257843793270773,static_ew
2023-12,0.002383359419346272,0.002383359419346272,0.0,static_ew
2024-01,0.0066089875225079945,0.006601132956239938,0.0039272831340288585,static_ew
2024-02,0.00030057389119995823,0.00029112932751872725,0.004722281840615517,static_ew
2024-03,0.000572515235867578,0.000567163012333536,0.0026761117670208614,static_ew
2024-04,0.0015605947789924738,0.001531700228566823,0.014447275212825454,static_ew
2024-05,0.005295310662279655,0.005247559017904311,0.023875822187672247,static_ew
2024-06,0.0026823898268647757,0.0026624266321647392,0.0099815973500184,static_ew
2024-07,0.00036397648956248144,0.00036236747910391344,0.0008045052292839885,static_ew
2024-08,0.003642110442315008,0.003633767413524636,0.004171514395186035,static_ew
2024-09,0.0006137273806464401,0.0006107948293267921,0.0014662756598240506,static_ew
2024-10,0.00033751536541086377,0.00033441379218733937,0.0015507866117622214,static_ew
2024-11,0.00332021511597624,0.0033189070715027276,0.0006540222367560478,static_ew
2024-12,0.0013222404293821086,0.0013124306210466378,0.004904904167735354,static_ew
2025-01,0.00476977095052249,0.004762429111075387,0.003670919723551311,static_ew
2025-02,0.003585816102885775,0.003581415022408875,0.0022005402384500713,static_ew
2025-03,0.0028373914937569727,0.0028308573563137446,0.0032670687216141757,static_ew
2025-04,-0.00019057568909329565,-0.00020846656540202178,0.008945438154363104,static_ew
2025-05,-0.0027337942482214485,-0.002744259616682752,0.005232684230651754,static_ew
2025-06,-0.0016775795680186577,-0.001691234433718899,0.0068274328501205205,static_ew
2025-07,-0.001190652158597283,-0.0011918806598257843,0.0006142506142506102,static_ew
2025-08,-0.000637088071841959,-0.0006400532134932319,0.0014825708256365174,static_ew
2025-09,-0.0011171810241313964,-0.0011208177131985487,0.0018183445335763168,static_ew
2025-10,0.0023767001960692423,0.002370129385927004,0.0032854050711193603,static_ew
2025-11,0.004067351939599583,0.004065742929141015,0.0008045052292839885,static_ew
2025-12,0.0021573578961385878,0.0021557629998068496,0.0007974481658692203,static_ew
2000-01,0.0013626506939623986,0.0013626506939623986,0.0,enet:own
2000-02,-0.003460836509134614,-0.00595821627296184,1.248689881913612,enet:own
2000-03,-0.002474646772992667,-0.004676839390365694,1.1010963086865135,enet:own
2000-04,0.005305044911637111,0.0027283185317450377,1.2883631899460373,enet:own
2000-05,0.0040976665176252845,0.0020328159649820226,1.0324252763216306,enet:own
2000-06,-0.009808157076019045,-0.012093326507956813,1.142584715968884,enet:own
2000-07,0.0006453810617671342,-0.0016296171798791225,1.137499120823128,enet:own
2000-08,-0.007060828975355093,-0.009125584740820723,1.032377882732815,enet:own
2000-09,-0.0017228230041692434,-0.003964447591597975,1.120812293714366,enet:own
2000-10,0.004691046129592456,0.0026508031240219288,1.0201215027852633,enet:own
2000-11,0.010802241558962897,0.008948924138994898,0.9266587099839994,enet:own
2000-12,-0.007022989914276015,-0.00915893065985564,1.0679703727898127,enet:own
2001-01,-0.019692426938703017,-0.021621732442547045,0.9646527519220157,enet:own
2001-02,0.0023678417798504883,0.0004728164080324436,0.9475126859090226,enet:own
2001-03,0.027783179116307496,0.02589883838434734,0.9421703659800795,enet:own
2001-04,0.006565993273386402,0.005233187812614473,0.6664027303859644,enet:own
2001-05,0.00908849688623574,0.007251230651628591,0.918633117303575,enet:own
2001-06,-0.0020565911695918653,-0.003500492043578004,0.7219504369930696,enet:own
2001-07,0.01632463245417067,0.0146521830725834,0.836224690793635,enet:own
2001-08,-0.004316809636366992,-0.0056332938715597525,0.6582421175963805,enet:own
2001-09,0.006652397064421513,0.0050753055346506905,0.7885457648854114,enet:own
2001-10,-0.005451847035125577,-0.007172605986895767,0.8603794758850947,enet:own
2001-11,0.009452713952568758,0.007594216070519215,0.9292489410247723,enet:own
2001-12,0.013445292182453494,0.011806393321819753,0.8194494303168711,enet:own
2002-01,-0.002144530889486415,-0.003927017704882354,0.8912434076979693,enet:own
2002-02,0.005761911841607144,0.00441723492065558,0.6723384604757822,enet:own
2002-03,0.008135320944533017,0.006829762308448843,0.6527793180420863,enet:own
2002-04,0.003899946352229941,0.0027728467936967696,0.5635497792665857,enet:own
2002-05,0.003597115021472312,0.0023179427459539006,0.6395861377592057,enet:own
2002-06,0.0009064804966302349,-0.00031099463545263424,0.6087375660414346,enet:own
2002-07,-0.0011381255335574127,-0.002378192749928511,0.6200336081855492,enet:own
2002-08,0.006624475178474049,0.0054683087679141896,0.5780832052799304,enet:own
2002-09,0.0038726893111151422,0.002736618523815614,0.5680353936497643,enet:own
2002-10,0.0032581028922377808,0.0021310200023124345,0.5635414449626724,enet:own
2002-11,0.004889699032943394,0.003513626122294732,0.6880364553243311,enet:own
2002-12,0.0011327619641642037,-2.6697021304485555e-05,0.5797294927343449,enet:own
2003-01,-0.0008884742383662766,-0.00203072489739572,0.5711253295147218,enet:own
2003-02,0.0009404013662007709,-6.727290919765107e-05,0.5038371376992109,enet:own
2003-03,0.006263967000548376,0.0051937628710584105,0.5351020647449828,enet:own
2003-04,-0.005746757021243891,-0.00647531195883041,0.36427746879325945,enet:own
2003-05,0.0030987419046345187,0.0020067226724592184,0.5460096160876503,enet:own
2003-06,0.006709386732644113,0.005465901263322105,0.6217427346610043,enet:own
2003-07,0.006672672772348116,0.005699577339357196,0.48654771649546,enet:own
2003-08,0.0031426711774237676,0.0020677917241368102,0.5374397266434786,enet:own
2003-09,-3.1563977232216016e-05,-0.0011370218935899366,0.5527289581788603,enet:own
2003-10,0.008654932622027366,0.0076465770872149634,0.5041777674062012,enet:own
2003-11,0.0007301198616853654,-0.0001744701233905893,0.45229499253797734,enet:own
2003-12,-0.0018066547190123496,-0.002819586510034348,0.5064658955109993,enet:own
2004-01,-0.000706209349407507,-0.001660741004702592,0.47726582764754255,enet:own
2004-02,-0.00027838624100865123,-0.0013763158896271358,0.5489648243092423,enet:own
2004-03,0.0017707024724378856,0.0008520356261763732,0.4593334231307561,enet:own
2004-04,0.004081469390108134,0.0031794972171770002,0.4509860864655668,enet:own
2004-05,-0.0054973742246350685,-0.006387788624256743,0.4452071998108366,enet:own
2004-06,0.003586750225945864,0.002663430588229188,0.4616598188583379,enet:own
2004-07,0.004126927156791724,0.003373611146827688,0.37665800498201824,enet:own
2004-08,0.005582652972980876,0.004835184436162673,0.37373426840910134,enet:own
2004-09,0.002974580763512408,0.0022135869752927272,0.38049689410984056,enet:own
2004-10,0.008001645376610054,0.007218213648970557,0.3917158638197485,enet:own
2004-11,0.002303719842195619,0.0015937277595367502,0.3549960413294343,enet:own
2004-12,0.006629299017558552,0.005718259744121235,0.45551963671865825,enet:own
2005-01,-0.0015296541894518818,-0.0025303711479580182,0.5003584792530682,enet:own
2005-02,0.008817693604376613,0.007939283265943961,0.4392051692163259,enet:own
2005-03,0.008773840550749647,0.007938121967175681,0.4178592917869831,enet:own
2005-04,0.013227397477898573,0.01237145005079281,0.4279737135528817,enet:own
2005-05,-0.012209006153343235,-0.012981293167392315,0.3861435070245398,enet:own
2005-06,0.0013335508366910842,0.0002789463700483592,0.5273022333213625,enet:own
2005-07,0.0068401737127089315,0.005897672504730862,0.47125060398903457,enet:own
2005-08,-0.0031307799280707233,-0.00394445927760042,0.40683967476484817,enet:own
2005-09,0.0006218122647679215,-0.0004536897298430093,0.5377509973054654,enet:own
2005-10,0.001020986906469452,0.0001898242442073857,0.4155813311310332,enet:own
2005-11,-0.0026277525480975874,-0.003462265953528614,0.4172567027155134,enet:own
2005-12,-0.001061397551165997,-0.001897393763085306,0.4179981059596547,enet:own
2006-01,0.012728281834493016,0.01189824483685597,0.41501849881852204,enet:own
2006-02,0.002790466663168553,0.001759911101028958,0.5152777810697974,enet:own
2006-03,-0.012602222240382611,-0.013579347154452174,0.4885624570347809,enet:own
2006-04,0.005673668307373494,0.004634171516332875,0.5197483955203092,enet:own
2006-05,0.003933895496965854,0.0030005125626035765,0.4666914671811384,enet:own
2006-06,0.019614436716832075,0.018720133014090045,0.44715185137101526,enet:own
2006-07,-0.001375959325371182,-0.0022747515023730388,0.4493960885009283,enet:own
2006-08,-0.0035114685985452227,-0.004566888994589122,0.5277101980219494,enet:own
2006-09,0.0020956543152640104,0.0011786398653624002,0.45850722495080515,enet:own
2006-10,-0.003833056019399052,-0.004640338422437841,0.40364120151939464,enet:own
2006-11,0.006156845375870806,0.005285069986636085,0.43588769461735993,enet:own
2006-12,0.0018365593282361678,0.0010655597553085867,0.3854997864637903,enet:own
2007-01,0.0044764557963809775,0.0034995878220246903,0.4884339871781438,enet:own
2007-02,0.0021078439936860465,0.0010613423522348006,0.5232508207256229,enet:own
2007-03,0.006549607886027681,0.005583047854484311,0.4832800157716847,enet:own
2007-04,0.0037087075899343543,0.002712180494184758,0.4982635478747983,enet:own
2007-05,0.00034730840365200776,-0.0005800974922551027,0.4637029479535554,enet:own
2007-06,3.2643691963773795e-05,-0.0009296701930838933,0.48115694252383345,enet:own
2007-07,-0.0010457022371218624,-0.0021677667437056255,0.5610322532918818,enet:own
2007-08,0.0026121435221220964,0.001590372623010881,0.5108854495556078,enet:own
2007-09,-0.0001359398501225849,-0.0012300655947495465,0.5470628723134807,enet:own
2007-10,0.007273619038745379,0.006240855065267054,0.5163819867391629,enet:own
2007-11,0.0016197657799358208,0.0006146950486584166,0.5025353656387022,enet:own
2007-12,0.002386167699674772,0.00120267241139124,0.5917476441417657,enet:own
2008-01,0.0012308767842143795,0.00020953901255995653,0.5106688858272117,enet:own
2008-02,0.0011518345854952966,5.979729700206728e-05,0.5460186442466146,enet:own
2008-03,0.0013659661670749326,0.0003003039323327732,0.5328311173710796,enet:own
2008-04,0.0040284412165900885,0.0029774513304858495,0.5254949430521199,enet:own
2008-05,-0.004953819668962188,-0.006040919136870067,0.5435497339539394,enet:own
2008-06,0.005752299068712501,0.004677990776889385,0.5371541459115577,enet:own
2008-07,0.0025910319049054064,0.0016942891525927727,0.44837137615631684,enet:own
2008-08,0.006913701090199226,0.005752345730735937,0.5806776797316446,enet:own
2008-09,0.007197140236662274,0.006188988690949102,0.5040757728565852,enet:own
2008-10,0.02050225734207075,0.019558809169487837,0.4717240862914562,enet:own
2008-11,0.014832005696833506,0.013836261775695791,0.4978719605688569,enet:own
2008-12,-0.0008177567323438561,-0.001971293309582758,0.5767682886194513,enet:own
2009-01,0.0019211133992972993,0.0007566293577731604,0.5822420207620695,enet:own
2009-02,0.004531563508661886,0.003423319267865892,0.5541221203979966,enet:own
2009-03,-0.007810727149680824,-0.008668978077242304,0.4291254637807398,enet:own
2009-04,-0.01572771864781194,-0.01686955722216753,0.5709192871777952,enet:own
2009-05,0.0010164799872389328,-0.00026662528717332217,0.6415526372061277,enet:own
2009-06,-0.0011253711766061097,-0.0023865192455798314,0.6305740344868608,enet:own
2009-07,0.001773125325609704,0.00047477174797370345,0.6491767888180001,enet:own
2009-08,0.0005589251003743296,-0.00045025798979749193,0.5045915450859108,enet:own
2009-09,0.003469753362427107,0.0024310897236270138,0.5193318194000468,enet:own
2009-10,0.0022521054571998126,0.0013345493523485067,0.45877805242565306,enet:own
2009-11,0.0033195277327726937,0.002331501609174946,0.4940130617988739,enet:own
2009-12,-0.002788317207329172,-0.003679797669725571,0.4457402311981994,enet:own
2010-01,-0.0013176685789619393,-0.0023868258593691782,0.5345786402036196,enet:own
2010-02,-0.0006432420163184536,-0.001613346698482017,0.48505234108178175,enet:own
2010-03,-0.002283428135507742,-0.0033594161478776303,0.537994006184944,enet:own
2010-04,0.005458664558625946,0.00454338232581801,0.4576411164039678,enet:own
2010-05,0.004203888393889612,0.003406561305615751,0.39866354413693084,enet:own
2010-06,0.0058424085003618235,0.005094538459501843,0.3739350204299901,enet:own
2010-07,0.0007764670853435518,0.00011196253799770134,0.3322522736729253,enet:own
2010-08,0.002022033279009862,0.0011700323953987082,0.426000441805577,enet:own
2010-09,0.0020059342529264064,0.0011659082454977558,0.4200130037143252,enet:own
2010-10,0.005074949159275385,0.004249897339971866,0.4125259096517598,enet:own
2010-11,0.007534234659163483,0.006745214318477009,0.3945101703432373,enet:own
2010-12,0.0032181180086416866,0.002433371911853356,0.39237304839416554,enet:own
2011-01,0.004245934981549799,0.003497263080650705,0.3743359504495471,enet:own
2011-02,-0.0004419500723611518,-0.001214512025380656,0.38628097650975224,enet:own
2011-03,0.0006559643445358313,-0.00013360028634003208,0.3947823154379317,enet:own
2011-04,0.005368393600723621,0.004643768295153027,0.36231265278529645,enet:own
2011-05,0.0035387157561552287,0.0029007536718436344,0.3189810421557975,enet:own
2011-06,0.0036972357016146623,0.0030448983782099294,0.32616866170236664,enet:own
2011-07,0.00450634252896628,0.003929205605773056,0.2885684615966117,enet:own
2011-08,0.005735909056480372,0.00513383217638704,0.30103844004666563,enet:own
2011-09,0.009910240779002552,0.009290680901938833,0.3097799385318591,enet:own
2011-10,-0.00593494109966147,-0.0066117119464479505,0.33838542339324085,enet:own
2011-11,0.004502682486759142,0.0036665411931392465,0.41807064680994754,enet:own
2011-12,0.0028684402825893893,0.0020090741796395728,0.4296830514749083,enet:own
2012-01,-0.014594921116802875,-0.015209300572711873,0.3071897279544985,enet:own
2012-02,-0.0019368314600855076,-0.0026788304794509435,0.370999509682718,enet:own
2012-03,0.007968895245731175,0.007231943547746609,0.3684758489922834,enet:own
2012-04,0.004333886169973791,0.0036936911034159514,0.32009753327891965,enet:own
2012-05,0.007844725696004447,0.007258654806524214,0.29303544474011683,enet:own
2012-06,0.003971928370124961,0.0034332171894705327,0.2693555903272139,enet:own
2012-07,0.00513425836927509,0.004603946880405962,0.2651557444345638,enet:own
2012-08,0.0051533588410021414,0.004627425963753121,0.2629664386245103,enet:own
2012-09,-0.0006012782262228484,-0.0010964881953342317,0.2476049845556917,enet:own
2012-10,0.0013275474195026868,0.0007418689331701934,0.29283924316624677,enet:own
2012-11,0.005029179490971788,0.004494593277611468,0.26729310668016015,enet:own
2012-12,-0.0013213048480951505,-0.001804626300070877,0.24166072598786323,enet:own
2013-01,0.0024879181268052516,0.001913362628283355,0.2872777492609482,enet:own
2013-02,0.0029190316266166022,0.002312441884280957,0.30329487116782256,enet:own
2013-03,0.005819109670950039,0.005302701539580416,0.25820406568481175,enet:own
2013-04,0.005687440993884617,0.0052389154938950475,0.22426274999478465,enet:own
2013-05,0.0018438452946988153,0.0013732277239041331,0.23530878539734126,enet:own
2013-06,0.0031901292858996333,0.002604118098969665,0.2930055934649839,enet:own
2013-07,0.007451548840375011,0.006816931871046427,0.31730848466429257,enet:own
2013-08,0.0009567286468708994,0.0003300269354895784,0.3133508556906604,enet:own
2013-09,-0.005073701343351396,-0.005780609046531237,0.35345385158992043,enet:own
2013-10,-0.00020390596045050436,-0.0008351462100365579,0.3156201247930268,enet:own
2013-11,-6.512746286273522e-05,-0.0006235876967313816,0.2792301169343232,enet:own
2013-12,0.003242125574263241,0.0027444435462923036,0.24884101398546876,enet:own
2014-01,0.0014200257197936805,0.0009901341789545688,0.21494577041955576,enet:own
2014-02,0.004486146281520612,0.003977053257139759,0.25454651219042695,enet:own
2014-03,0.0016593077448926624,0.0011517365683096966,0.25378558829148284,enet:own
2014-04,-0.001101347212225673,-0.0016777779282984926,0.28821535803641013,enet:own
2014-05,-0.0019886979580280213,-0.0026071564132955157,0.3092292276337473,enet:own
2014-06,0.004156961111808977,0.003548315866377294,0.3043226227158415,enet:own
2014-07,0.002137900178336505,0.0016182358979663402,0.25983214018508244,enet:own
2014-08,0.0016150267285474985,0.001073772064606874,0.27062733197031213,enet:own
2014-09,-0.0022068240187270182,-0.0026988046179071195,0.24599029959005073,enet:own
2014-10,0.0021482655564218542,0.0016555508660722285,0.246357345174813,enet:own
2014-11,0.006615885280989802,0.006133108033286866,0.2413886238514672,enet:own
2014-12,0.009093559617909232,0.00863655717521491,0.2285012213471614,enet:own
2015-01,0.004790155421538469,0.0043089453668125315,0.24060502736296865,enet:own
2015-02,0.00033916252793383673,-0.00022114007628392082,0.2801513021088788,enet:own
2015-03,0.0038625157581035,0.003292891133743442,0.28481231218002895,enet:own
2015-04,-0.0077734330822892715,-0.008349963466582342,0.2882651921465349,enet:own
2015-05,0.0015647056868897315,0.0008759625644328562,0.3443715612284373,enet:own
2015-06,0.0035892609160899295,0.002958104989132071,0.3155779634789292,enet:own
2015-07,0.006968180248650783,0.0064928985874425985,0.23764083060409297,enet:own
2015-08,0.006136707048391502,0.005658046403875762,0.23933032225787024,enet:own
2015-09,0.0036593183002890913,0.0031633286317589806,0.24799483426505506,enet:own
2015-10,-0.0021151830268281904,-0.0026401498209739963,0.262483397072903,enet:own
2015-11,0.0019431017010057392,0.0013999928833963043,0.2715544088047174,enet:own
2015-12,0.0009067036189258448,0.00034857484523752807,0.2790643868441584,enet:own
2016-01,0.003282914725624528,0.0027885583934579086,0.2471781660833095,enet:own
2016-02,0.0009128744395721026,0.00047559081816340055,0.21864181070435101,enet:own
2016-03,-0.0075606286832658924,-0.008016247937925828,0.22780962732996787,enet:own
2016-04,0.002825083495127545,0.0023278499610512294,0.24861676703815766,enet:own
2016-05,0.00417446712500783,0.0037102831623461994,0.23209198133081546,enet:own
2016-06,-0.0011238827980227459,-0.0015526702013865246,0.21439370168188937,enet:own
2016-07,0.0017402288249765922,0.0013426035125424338,0.19881265621707933,enet:own
2016-08,0.005836245145632121,0.005393674695252969,0.22128522518957627,enet:own
2016-09,0.005438950629390405,0.00502498161759157,0.20698450589941714,enet:own
2016-10,0.0019961213494532237,0.0016908123957622167,0.15265447684550348,enet:own
2016-11,-0.002737955039359148,-0.0031303208581828046,0.1961829094118284,enet:own
2016-12,0.0010734587944031615,0.0005990718017883337,0.23719349630741385,enet:own
2017-01,0.004044396476840922,0.003654372894261032,0.19501179128994542,enet:own
2017-02,-0.0015153412423118055,-0.0019301124372733377,0.20738559748076607,enet:own
2017-03,0.0035452085208712834,0.0031486115847711277,0.19829846805007764,enet:own
2017-04,8.923809946494331e-05,-0.00028766826937057417,0.1884531844177587,enet:own
2017-05,0.005118016072134294,0.0047403129945211885,0.18885153880655295,enet:own
2017-06,-0.00039225673101640817,-0.0007899223696179572,0.19883281930077448,enet:own
2017-07,0.00407526130436287,0.0037073163818296985,0.1839724612665858,enet:own
2017-08,0.0024781674281229072,0.002097478561161826,0.19034443348054056,enet:own
2017-09,0.0018690159395700339,0.001532116908371061,0.16844951559948665,enet:own
2017-10,0.0026269441579502926,0.0022920560416295433,0.16744405816037441,enet:own
2017-11,0.001991030071338085,0.0015910311006715522,0.1999994853332663,enet:own
2017-12,0.0018971421812876636,0.0014914245496132881,0.20285881583718768,enet:own
2018-01,0.005482453586724445,0.005059236682482766,0.21160845212083906,enet:own
2018-02,0.0026901480686770682,0.0022527113456465436,0.2187183615152623,enet:own
2018-03,0.0029573439365703892,0.002513860345570651,0.2217417954998693,enet:own
2018-04,0.0009726320876886665,0.0006116159492552674,0.1805080692166994,enet:own
2018-05,0.0035941628367965814,0.003167550350434263,0.21330624318115896,enet:own
2018-06,0.003205359016498878,0.002769515329253164,0.21792184362285677,enet:own
2018-07,0.003921199560830615,0.003531865981973195,0.19466678942870985,enet:own
2018-08,0.004020717548526906,0.003650950040640664,0.18488375394312098,enet:own
2018-09,0.012016017789431087,0.011621064400652588,0.19747669438924878,enet:own
2018-10,0.0019788812231861905,0.0016201149157517858,0.17938315371720215,enet:own
2018-11,-0.002069781470869079,-0.0024738339465322293,0.20202623783157475,enet:own
2018-12,-3.391303804639639e-05,-0.0005061085175754593,0.23609773976453144,enet:own
2019-01,0.001905274268027011,0.0015036218857008227,0.20082619116309397,enet:own
2019-02,-0.004326414260954855,-0.00477227580838541,0.22293077371527845,enet:own
2019-03,0.003426510650928701,0.0030109562455009962,0.20777720271385264,enet:own
2019-04,0.0014823006652655514,0.0011350551053253095,0.173622779970121,enet:own
2019-05,0.0015837253971095007,0.0011970810490980921,0.19332217400570403,enet:own
2019-06,0.003833578323475871,0.0033983808384790595,0.2175987424984056,enet:own
2019-07,0.0058139864785977215,0.0054183945778380005,0.1977959503798604,enet:own
2019-08,0.002380313963942131,0.002006989202003314,0.18666238096940846,enet:own
2019-09,-0.0020568982364536884,-0.0024362957407435535,0.1896987521449326,enet:own
2019-10,0.0006987030796576383,0.00027729625642857397,0.21070341161453204,enet:own
2019-11,0.0015352301217224995,0.0011536174109868424,0.19080635536782856,enet:own
2019-12,0.0036731033033600845,0.003247439640128552,0.2128318316157663,enet:own
2020-01,0.0029770270372364207,0.0026269141915023354,0.17505642286704223,enet:own
2020-02,0.005375854485689281,0.004995079172084019,0.1903876568026309,enet:own
2020-03,0.009078210964913812,0.008716731236306874,0.18073986430346947,enet:own
2020-04,-0.010619393074864661,-0.01122922173132247,0.3049143282289047,enet:own
2020-05,-0.002468241100905577,-0.003306005660010469,0.4188822795524459,enet:own
2020-06,-0.004638480630704171,-0.0052752524362252055,0.3183859027605171,enet:own
2020-07,0.0005139521151892285,-3.3569924401405035e-05,0.27376101979531664,enet:own
2020-08,-0.0017134586350703418,-0.0022933294336713677,0.2899353993005129,enet:own
2020-09,-0.0005412605071299176,-0.0011141977510730336,0.28646862197155776,enet:own
2020-10,0.0032530018624629077,0.0027286274021746633,0.2621872301441221,enet:own
2020-11,-0.01913907873174498,-0.019610724156088142,0.23582271217157924,enet:own
2020-12,-0.0022730144456589944,-0.002987222167825163,0.35710386108308384,enet:own
2021-01,0.0024557135839636843,0.0018256310806488451,0.31504125165741953,enet:own
2021-02,0.00039881034203381976,-0.00011935581251462016,0.2590830772742199,enet:own
2021-03,0.00407717616374017,0.003539503229419896,0.2688364671601373,enet:own
2021-04,0.0033887541385837247,0.002905538297172024,0.24160792070585038,enet:own
2021-05,0.0037738723001992766,0.003242076576047988,0.26589786207564425,enet:own
2021-06,-0.004624756112517909,-0.0051200080279073905,0.24762595769474108,enet:own
2021-07,0.0024106866580412816,0.0019175580633112273,0.24656429736502733,enet:own
2021-08,0.000999354687946058,0.0005379635394737053,0.23069557423617643,enet:own
2021-09,0.0068314945527541615,0.00635888185636683,0.2363063481936657,enet:own
2021-10,0.0012500104035160441,0.0007990204662077179,0.2254949686541628,enet:own
2021-11,0.005500710610889686,0.005064794778090954,0.21795791639936626,enet:own
2021-12,0.009975348622079666,0.009425145507645198,0.2751015572172339,enet:own
2022-01,0.01196635854543553,0.011524583012980745,0.2208877662273923,enet:own
2022-02,0.008343365506443124,0.00787769095159949,0.2328372774218165,enet:own
2022-03,0.007980276793237415,0.00748003937786054,0.25011870768843747,enet:own
2022-04,0.010280410194482113,0.009815541161420086,0.23243451653101307,enet:own
2022-05,0.004056816975418266,0.00361725681372955,0.21978008084435743,enet:own
2022-06,0.0007103539058113735,0.0002283766184218136,0.24098864369478,enet:own
2022-07,-0.00350542791587176,-0.0039863427745400765,0.24045742933415823,enet:own
2022-08,-0.0009363388568179218,-0.0014209407078771088,0.24230092552959384,enet:own
2022-09,0.006186613195501544,0.005750014017343072,0.21829958907923588,enet:own
2022-10,0.004403931242588335,0.003959158552151744,0.22238634521829528,enet:own
2022-11,-0.003670181445610272,-0.004162915661086641,0.2463671077381843,enet:own
2022-12,0.006176451619807566,0.0056231137024397495,0.2766689586839081,enet:own
2023-01,0.0017382923593196502,0.0012790316942830698,0.22963033251829043,enet:own
2023-02,0.004569243480666913,0.004071992916759175,0.24862528195386943,enet:own
2023-03,0.004343386554419664,0.003959212255041783,0.19208714968894072,enet:own
2023-04,-0.0009852371063160503,-0.0014748824988154692,0.24482269624970945,enet:own
2023-05,-0.0019131874403166675,-0.0023564055168151282,0.22160903824923028,enet:own
2023-06,0.0022472072938751154,0.0018208531422589244,0.2131770758080953,enet:own
2023-07,0.002113484206618631,0.0016395267402543948,0.23697873318211823,enet:own
2023-08,0.0010824165784725835,0.0005946649391773474,0.24387581964761804,enet:own
2023-09,0.00827886437545776,0.007837187717725685,0.22083832886603857,enet:own
2023-10,0.00561776746180075,0.005234833857780939,0.19146680200990554,enet:own
2023-11,-0.005971504950245057,-0.00643118461621349,0.2298398329842172,enet:own
2023-12,0.0030943161108701826,0.002559347083091189,0.2674845138894968,enet:own
2024-01,0.007983489033878974,0.0075176229975556915,0.23293301816164175,enet:own
2024-02,0.0003565659110852928,-0.00012176442037339012,0.2391651657293414,enet:own
2024-03,0.0038132886053668853,0.003314213469723749,0.24953756782156802,enet:own
2024-04,0.00029700841671313717,-0.00020934487022802628,0.2531766434705818,enet:own
2024-05,0.0012322816479531469,0.000737717008687001,0.24728231963307293,enet:own
2024-06,0.0011041281784411638,0.0006502838009943001,0.22692218872343195,enet:own
2024-07,0.0006333030010757121,0.0001894557833634034,0.22192360885615434,enet:own
2024-08,0.0024739975761742575,0.002022322282884668,0.22583764664479472,enet:own
2024-09,0.0003552261353144372,-9.270234387466089e-05,0.22396423959454903,enet:own
2024-10,0.0027746527723383155,0.002318402286811249,0.2281252427635331,enet:own
2024-11,0.008614120185059894,0.008168626613799424,0.22274678563023473,enet:own
2024-12,0.0013859623256046,0.0009103057902358747,0.2378282676843626,enet:own
2025-01,0.0013228621823630651,0.0009279315340354241,0.19746532416382073,enet:own
2025-02,0.0036012268176951784,0.0031288827067007395,0.23617205549721929,enet:own
2025-03,0.005330335307323854,0.0048861473162236995,0.22209399555007725,enet:own
2025-04,-0.0015185327628425762,-0.0019395738930294414,0.21052056509343273,enet:own
2025-05,-0.0012312409905541194,-0.0017002615858084222,0.23451029762715148,enet:own
2025-06,-0.00276054530984611,-0.0032115637162988455,0.22550920322636772,enet:own
2025-07,-0.0026798798427935585,-0.0030798529629118697,0.19998656005915583,enet:own
2025-08,0.001346408949064362,0.0008826818745948195,0.23186353723477113,enet:own
2025-09,0.0037823451033260915,0.003296797184365763,0.24277395948016442,enet:own
2025-10,0.00736622641273483,0.006887664021442982,0.23928119564592307,enet:own
2025-11,0.0025690774018269327,0.002042333552868566,0.2633719244791832,enet:own
2025-12,0.008245764922646658,0.007753023471383932,0.2463707256313634,enet:own
2000-01,0.004490610512585224,0.004490610512585224,0.0,enet:pooled
2000-02,0.012264436402938306,0.010109887347526561,1.0772745277058733,enet:pooled
2000-03,-0.001923652925298877,-0.003990135156992052,1.0332411158465875,enet:pooled
2000-04,-0.011585668673280172,-0.013789792047684395,1.1020616872021114,enet:pooled
2000-05,-0.0027027815050348907,-0.004796326952128929,1.046772723547019,enet:pooled
2000-06,-0.008517109669711023,-0.010550531208424228,1.016710769356603,enet:pooled
2000-07,-0.0006056837216337962,-0.002651717157163996,1.0230167177650997,enet:pooled
2000-08,-0.005930490273202083,-0.007787116309661973,0.9283130182299447,enet:pooled
2000-09,-0.00015382234624488136,-0.0021037129513099754,0.9749453025325472,enet:pooled
2000-10,0.0014118454145366354,-0.00037420751962378095,0.8930264670802082,enet:pooled
2000-11,0.008739112389702597,0.007182918874599178,0.7780967575517095,enet:pooled
2000-12,-0.0013279091028950835,-0.003040300317243009,0.8561956071739626,enet:pooled
2001-01,-0.014610205205939133,-0.016337322617706505,0.8635587058836854,enet:pooled
2001-02,0.005477891126293271,0.0034907548627902724,0.993568131751499,enet:pooled
2001-03,0.029254187414006004,0.027309024271464713,0.9725815712706454,enet:pooled
2001-04,0.0055436353964574475,0.0039771611078614315,0.7832371442980083,enet:pooled
2001-05,0.008913888683860092,0.007090006568180948,0.9119410578395719,enet:pooled
2001-06,-0.001104512935551269,-0.002605091804502736,0.7502894344757335,enet:pooled
2001-07,0.017260696540507027,0.015581534216381391,0.8395811620628181,enet:pooled
2001-08,-0.005442766716367423,-0.006843505998338887,0.7003696409857324,enet:pooled
2001-09,0.011855390868818922,0.010147978008662104,0.8537064300784084,enet:pooled
2001-10,-0.015593630214340662,-0.01732563408892731,0.866001937293324,enet:pooled
2001-11,0.0034182824975606597,0.0013369851960936807,1.0406486507334891,enet:pooled
2001-12,0.013571938843308545,0.01176327753763557,0.904330652836488,enet:pooled
2002-01,-0.0010934288002578815,-0.002921338490297262,0.9139548450196902,enet:pooled
2002-02,0.006644086159812784,0.005222759673448875,0.7106632431819546,enet:pooled
2002-03,0.01011170910829166,0.008817574833262341,0.6470671375146603,enet:pooled
2002-04,0.0066045856883444705,0.005467313830423096,0.5686359289606865,enet:pooled
2002-05,0.005439049314079496,0.0041652484557799865,0.636900429149755,enet:pooled
2002-06,0.004665900427280722,0.0034301601179541254,0.6178701546632982,enet:pooled
2002-07,0.0024270134894625304,0.0012323611198810523,0.5973261847907393,enet:pooled
2002-08,0.004326425397832448,0.003192900247372506,0.566762575229971,enet:pooled
2002-09,0.004895965016840763,0.003675973037302225,0.6099959897692687,enet:pooled
2002-10,0.0016918505776850827,0.0005627319341067727,0.564559321789155,enet:pooled
2002-11,0.0037977090416317174,0.0023510191726381175,0.7233449344968,enet:pooled
2002-12,0.002033357027382213,0.0008494692639963664,0.5919438816929231,enet:pooled
2003-01,0.0002618554250344355,-0.0009520238891245504,0.6069396570794928,enet:pooled
2003-02,0.0005327611965333344,-0.00041804825622563285,0.4754047263794837,enet:pooled
2003-03,0.008530378561524868,0.007526952805481111,0.5017128780218794,enet:pooled
2003-04,-0.005272840146240311,-0.0059517199297384445,0.3394398917490668,enet:pooled
2003-05,0.0033624541266183434,0.0022431065366692307,0.5596737949745559,enet:pooled
2003-06,0.0065329742975421025,0.00537848340936664,0.5772454440877308,enet:pooled
2003-07,0.009091911514089512,0.008081502274496204,0.5052046197966533,enet:pooled
2003-08,0.004736788979524464,0.0037012169288209553,0.517786025351754,enet:pooled
2003-09,-0.002047142401910752,-0.003169942791136868,0.5614001946130579,enet:pooled
2003-10,0.009842129790158477,0.008798097390318569,0.5220161999199533,enet:pooled
2003-11,0.00047847323867883823,-0.000497058820008139,0.48776602934348856,enet:pooled
2003-12,-7.176049180542118e-05,-0.0011608073001375834,0.5445234041660809,enet:pooled
2004-01,-0.004497273721275058,-0.005543846715294172,0.5232864970095568,enet:pooled
2004-02,0.0019336826592085143,0.0007142292315174837,0.6097267138455155,enet:pooled
2004-03,0.0018955493633473453,0.0009029542976674294,0.49629753283995803,enet:pooled
2004-04,0.00473935358211431,0.0037408272353807435,0.49926317336678333,enet:pooled
2004-05,-0.0060542501833372045,-0.007023955320021244,0.4848525683420194,enet:pooled
2004-06,0.002109944865740688,0.0011139641458395647,0.49799035995056146,enet:pooled
2004-07,0.004292080126240341,0.0034096742732901896,0.4412029264750762,enet:pooled
2004-08,0.0050820043464193405,0.004253633819831805,0.41418526329376765,enet:pooled
2004-09,0.003865435125339974,0.0029967191098808164,0.434358007729579,enet:pooled
2004-10,0.008429029541959829,0.007577703814426947,0.4256628637664409,enet:pooled
2004-11,0.002798145180207535,0.0019882861485276,0.4049295158399673,enet:pooled
2004-12,0.007283195504827891,0.006280685195477132,0.5012551546753796,enet:pooled
2005-01,-0.001731947059908973,-0.0028097186207043296,0.5388857803976784,enet:pooled
2005-02,0.006467999373537461,0.0054881016911955665,0.4899488411709474,enet:pooled
2005-03,0.009023661189652345,0.008053113520003744,0.48527383482430025,enet:pooled
2005-04,0.01467490478193038,0.013728710038675075,0.47309737162765225,enet:pooled
2005-05,-0.01445167113594907,-0.01524899086006527,0.39865986205809945,enet:pooled
2005-06,0.0013979405704748538,0.00023610023330525383,0.5809201685848,enet:pooled
2005-07,0.0046320711537462134,0.003680860211467723,0.4756054711392457,enet:pooled
2005-08,-0.0005780978401582242,-0.0015229695175264636,0.4724358386841194,enet:pooled
2005-09,0.002638264032260641,0.0015091945672920089,0.5645347324843163,enet:pooled
2005-10,0.0008552079760592471,-7.452917820301264e-05,0.46486857713112967,enet:pooled
2005-11,-0.002854445013423802,-0.0037716263401561265,0.4585906633661621,enet:pooled
2005-12,-0.0006716464242517945,-0.0016152538178952403,0.471803696821723,enet:pooled
2006-01,0.008196157342694419,0.007212293752942236,0.49193179487609084,enet:pooled
2006-02,0.005704204071785622,0.004445363242111087,0.6294204148372671,enet:pooled
2006-03,-0.013546129003171696,-0.014662801528307116,0.5583362625677094,enet:pooled
2006-04,0.007500755976914214,0.00639598039556669,0.5523877906737615,enet:pooled
2006-05,0.0016982042979467606,0.0006019333742411338,0.5481354618528135,enet:pooled
2006-06,0.01857359116070483,0.01754828011113072,0.5126555247870526,enet:pooled
2006-07,-0.0037669484872944812,-0.004810421108523757,0.5217363106146383,enet:pooled
2006-08,-0.004318575611173785,-0.005495270645921908,0.5883475173740617,enet:pooled
2006-09,0.0030049366982976542,0.0019175208478364198,0.5437079252306173,enet:pooled
2006-10,-0.0032681277127867524,-0.004178353220688605,0.4551127539509263,enet:pooled
2006-11,0.00683308806128263,0.005800660256889089,0.5162139021967707,enet:pooled
2006-12,0.0013838314418565649,0.00045102939564773434,0.4664010231044151,enet:pooled
2007-01,0.004647868625413567,0.0035720342055105088,0.5379172099515288,enet:pooled
2007-02,0.0010104959312986642,-0.00013218346114424515,0.5713396962214548,enet:pooled
2007-03,0.006259523840988513,0.005228093869776368,0.5157149856060727,enet:pooled
2007-04,0.006255010062360844,0.0052472221009007055,0.5038939807300692,enet:pooled
2007-05,0.0013302895381673153,0.00032663558371729784,0.5018269772250087,enet:pooled
2007-06,-0.0017770794943059323,-0.0028943103268998308,0.5586154162969491,enet:pooled
2007-07,-0.0011429893456039678,-0.0023997110637974783,0.6283608590967554,enet:pooled
2007-08,0.0019112828453681156,0.0007411741428476525,0.5850543512602316,enet:pooled
2007-09,0.001520080219933008,0.0003362255260504986,0.5919273469412549,enet:pooled
2007-10,0.01027638744009167,0.009146629535323561,0.5648789523840533,enet:pooled
2007-11,0.0024129242624918446,0.0012926875270615858,0.5601183677151295,enet:pooled
2007-12,0.003748200738526698,0.002461716867693403,0.6432419354166475,enet:pooled
2008-01,0.0015793308549056197,0.0005209841156587078,0.5291733696234561,enet:pooled
2008-02,-0.00025892060802124755,-0.0015190099818678362,0.6300446869232944,enet:pooled
2008-03,0.003360528739010705,0.002125216482813743,0.6176561280984806,enet:pooled
2008-04,0.0028335417909347207,0.0016379984549885454,0.5977716679730873,enet:pooled
2008-05,-0.0037666714953547196,-0.005011552675657388,0.6224405901513345,enet:pooled
2008-06,0.008163957042518285,0.006983898437310616,0.5900293026038342,enet:pooled
2008-07,-0.0012452980433710374,-0.0022647347033629413,0.5097183299959519,enet:pooled
2008-08,0.007993742313330226,0.006679386624701089,0.6571778443145683,enet:pooled
2008-09,0.01086481058528105,0.00982458323884504,0.5201136732180044,enet:pooled
2008-10,0.02834196210688723,0.02731620308267207,0.5128795121075783,enet:pooled
2008-11,0.01767711429656161,0.016646652835571814,0.5152307304948969,enet:pooled
2008-12,-0.0034799108368902525,-0.004631341074481911,0.575715118795829,enet:pooled
2009-01,0.0011750214099134275,-0.00011718302948207495,0.6461022196977511,enet:pooled
2009-02,0.0058024526555416145,0.004480048248678709,0.6612022034314528,enet:pooled
2009-03,-0.010398406233715834,-0.011456465245978981,0.5290295061315737,enet:pooled
2009-04,-0.017090516198577363,-0.01847553623360766,0.6925100175151484,enet:pooled
2009-05,0.007863442616740617,0.006244102684084435,0.809669966328091,enet:pooled
2009-06,-0.0029767943132431056,-0.004483903667820092,0.7535546772884935,enet:pooled
2009-07,0.003028683273113519,0.001442196927717651,0.7932431726979342,enet:pooled
2009-08,0.0011860437287149522,-2.9134694701269508e-05,0.607589211708111,enet:pooled
2009-09,0.004378809731237336,0.003151567888009847,0.6136209216137446,enet:pooled
2009-10,0.0016129166923301774,0.0005024090509089563,0.5552538207106102,enet:pooled
2009-11,0.0021736004281419368,0.0010144434361399545,0.5795784960009912,enet:pooled
2009-12,-0.002721001791688297,-0.0038008559635037066,0.539927085907705,enet:pooled
2010-01,-0.0018408035859519749,-0.0030532303253920355,0.6062133697200307,enet:pooled
2010-02,-0.0021147973911835485,-0.003421519435362304,0.6533610220893779,enet:pooled
2010-03,-0.0026432949522402437,-0.004041497944859871,0.6991014963098138,enet:pooled
2010-04,0.005178653840728894,0.003953520745564067,0.6125665475824128,enet:pooled
2010-05,0.003872561707136084,0.002746079341969181,0.5632411825834516,enet:pooled
2010-06,0.006960153970143007,0.005907307956014557,0.5264230070642248,enet:pooled
2010-07,-0.0009628029983211806,-0.0018909351902713885,0.4640660959751041,enet:pooled
2010-08,0.0025834311440884423,0.0014147305247658656,0.584350309661288,enet:pooled
2010-09,0.001856548987043404,0.0006956207737273269,0.5804641066580385,enet:pooled
2010-10,0.006176352747127135,0.0050113939976697795,0.5824793747286781,enet:pooled
2010-11,0.00842206325883126,0.007341927138991414,0.5400680599199232,enet:pooled
2010-12,0.004625799973290532,0.0035515435715751456,0.5371282008576936,enet:pooled
2011-01,0.00423511231318528,0.003191288240454922,0.5219120363651789,enet:pooled
2011-02,-0.0014395179050846203,-0.002564851087285748,0.5626665911005639,enet:pooled
2011-03,-0.0001847209789041297,-0.0013094476278931436,0.562363324494507,enet:pooled
2011-04,0.00639418563121703,0.005333933723871034,0.5301259536729983,enet:pooled
2011-05,0.0037202856546406657,0.0027775156768175945,0.47138498891153546,enet:pooled
2011-06,0.003875343723884616,0.0029190863045040275,0.47812870969029414,enet:pooled
2011-07,0.005248050685932927,0.004387659125490289,0.43019578022131905,enet:pooled
2011-08,0.007920061335959513,0.007070894478968824,0.4245834284953446,enet:pooled
2011-09,0.011158341901308464,0.01027122465702053,0.44355862214396746,enet:pooled
2011-10,-0.0072491809934616324,-0.008220302116307494,0.48556056142293047,enet:pooled
2011-11,0.003309161779438298,0.0020818708293076143,0.613645475065342,enet:pooled
2011-12,0.003423885734679042,0.0022219159511438664,0.6009848917675876,enet:pooled
2012-01,-0.01697785720447995,-0.017814364459393,0.41825362745652306,enet:pooled
2012-02,-0.002613363234165877,-0.003731696985611959,0.559166875723041,enet:pooled
2012-03,0.008280667980377712,0.007206799200233311,0.5369343900722007,enet:pooled
2012-04,0.004791916982202966,0.0038726597153682122,0.4596286334173769,enet:pooled
2012-05,0.009418101172056527,0.008585178588686734,0.4164612916848966,enet:pooled
2012-06,0.004318340408988336,0.003521741621804889,0.39829939359172367,enet:pooled
2012-07,0.005787508502034165,0.0049446519752349765,0.42142826339959455,enet:pooled
2012-08,0.005064754971575318,0.004248065335786542,0.40834481789438715,enet:pooled
2012-09,-0.0008026258744293578,-0.001591064466470055,0.39421929602034855,enet:pooled
2012-10,0.0014172624139077018,0.0005067243084760078,0.455269052715847,enet:pooled
2012-11,0.005777576806559699,0.0049177568158469305,0.4299099953563838,enet:pooled
2012-12,-0.002149146086324225,-0.0029400352521621893,0.39544458291898216,enet:pooled
2013-01,0.0023609984326577182,0.0014298711894709666,0.46556362159337583,enet:pooled
2013-02,0.00319710287798364,0.0022748817168147884,0.46111058058442583,enet:pooled
2013-03,0.007142063053712673,0.0063275675868992645,0.40724773340670467,enet:pooled
2013-04,0.007202093230114156,0.0065018899028386,0.3501016636377781,enet:pooled
2013-05,0.0025027921358669694,0.0017461988292507443,0.37829665330811263,enet:pooled
2013-06,0.0027861473575959477,0.0018301265189672941,0.4780104193143268,enet:pooled
2013-07,0.008423910107527043,0.00745496817079307,0.4844709683669857,enet:pooled
2013-08,-0.0004689653451921721,-0.0014477559475483681,0.4893953011780985,enet:pooled
2013-09,-0.005347266122701797,-0.006426678116176277,0.5397059967372397,enet:pooled
2013-10,-0.00021652026274761695,-0.0011970528269989013,0.490266282125642,enet:pooled
2013-11,-0.0004987065550442819,-0.0013729198764052743,0.43710666068049614,enet:pooled
2013-12,0.0037026241315047947,0.0029139189019855597,0.3943526147596177,enet:pooled
2014-01,0.0008305962918383653,0.00014528146063658525,0.3426574156008899,enet:pooled
2014-02,0.004709202651364027,0.003880752579835658,0.4142250357641846,enet:pooled
2014-03,0.0015706810396122408,0.0007482723940184419,0.41120432279689945,enet:pooled
2014-04,0.00013996511262199398,-0.0007543947429663241,0.44717992779415905,enet:pooled
2014-05,-0.0012263373995902791,-0.002142532998418081,0.4580977994139009,enet:pooled
2014-06,0.003303472895216501,0.002379444549002085,0.462014173107208,enet:pooled
2014-07,0.0014450429915040675,0.0005913056895087196,0.42686865099767385,enet:pooled
2014-08,0.0022293502083450736,0.001377369874674485,0.42599016683529434,enet:pooled
2014-09,-0.0021956420062188343,-0.002994658144836791,0.3995080693089781,enet:pooled
2014-10,0.0022013711060393944,0.0014065631479708242,0.39740397903428504,enet:pooled
2014-11,0.007793108581994394,0.006995773199509378,0.39866769124250817,enet:pooled
2014-12,0.01109961759273166,0.01035173330198962,0.3739421453710212,enet:pooled
2015-01,0.005027256072182205,0.004277975598951942,0.37464023661513085,enet:pooled
2015-02,-0.00012098889794824011,-0.0010156715834698368,0.4473413427607984,enet:pooled
2015-03,0.0033029152246353975,0.0023746592827245364,0.4641279709554309,enet:pooled
2015-04,-0.009324429123906974,-0.010232339749299798,0.45395531269641265,enet:pooled
2015-05,0.0005386008904448191,-0.0005948260907804952,0.5667134906126572,enet:pooled
2015-06,0.002493844622513793,0.0014274035238619669,0.533220549325913,enet:pooled
2015-07,0.007379071580381127,0.006590355455144058,0.3943580626185349,enet:pooled
2015-08,0.006583285926494211,0.005785863347913809,0.39871128929020033,enet:pooled
2015-09,0.003573110064502529,0.002743115583202676,0.41499724064992677,enet:pooled
2015-10,-0.0028334847630144206,-0.003707040686667617,0.4367779618265984,enet:pooled
2015-11,0.001989302975433295,0.0010562649425339334,0.46651901644968075,enet:pooled
2015-12,0.00036353169907329274,-0.0005668767031693641,0.4652042011213284,enet:pooled
2016-01,0.002323649327167478,0.0014333620007543773,0.44514366320655024,enet:pooled
2016-02,0.0005898218288144932,-0.0002785979602954151,0.43420989455495407,enet:pooled
2016-03,-0.005892329557032664,-0.006819493363103575,0.46358190303545593,enet:pooled
2016-04,0.003354311976606042,0.0023627280807353578,0.4957919479353422,enet:pooled
2016-05,0.0026380630873444623,0.001719767236458902,0.4591479254427801,enet:pooled
2016-06,-0.0014005360792560288,-0.0022817399452236295,0.44060193298380024,enet:pooled
2016-07,0.0004171574774384957,-0.0003679979272544072,0.39257770234645134,enet:pooled
2016-08,0.005839780273372695,0.0049692762388478555,0.43525201726242024,enet:pooled
2016-09,0.005694574372966229,0.004914621036949667,0.3899766680082809,enet:pooled
2016-10,0.0014505637401227027,0.00084197031706406,0.30429671152932125,enet:pooled
2016-11,-0.0026334522521841634,-0.003398321346384015,0.38243454709992597,enet:pooled
2016-12,0.0007193706319393191,-0.00017945336751196286,0.449411999725641,enet:pooled
2017-01,0.0034323600766396345,0.002621284223784777,0.40553792642742864,enet:pooled
2017-02,-0.0009826668717442043,-0.0018340170241087752,0.4256750761822854,enet:pooled
2017-03,0.0026624474044184476,0.0018476871772538234,0.407380113582312,enet:pooled
2017-04,5.909940149063997e-05,-0.0007212332954418002,0.39016634846621995,enet:pooled
2017-05,0.00450642512004666,0.003762203382369326,0.3721108688386667,enet:pooled
2017-06,0.0001199974736000868,-0.0007046847311212902,0.41234110236068844,enet:pooled
2017-07,0.0028335531908480075,0.0020586430822479955,0.387455054300006,enet:pooled
2017-08,0.0028226611171739864,0.0020154626021637923,0.4035992575050971,enet:pooled
2017-09,0.0017500614242699458,0.0010535099009687423,0.3482757616506018,enet:pooled
2017-10,0.0030786462903473616,0.002380831888329291,0.3489072010090353,enet:pooled
2017-11,0.0018572506558711128,0.0010405659999846212,0.4083423279432459,enet:pooled
2017-12,0.003037710642795819,0.002181450531574677,0.42813005561057066,enet:pooled
2018-01,0.004821503999093886,0.003959798133843679,0.4308529326251039,enet:pooled
2018-02,0.0021822022187194434,0.0012597848220104156,0.46120869835451395,enet:pooled
2018-03,0.00363535392296994,0.002770417675028629,0.43246812397065554,enet:pooled
2018-04,0.0006137482455974506,-0.00013917143054420435,0.3764598380708271,enet:pooled
2018-05,0.0026717394497583016,0.0017920747928500777,0.4398323284541119,enet:pooled
2018-06,0.00292384596347843,0.0020174880556411076,0.45317895391866087,enet:pooled
2018-07,0.0030245199827953224,0.0022098237607511696,0.40734811102207646,enet:pooled
2018-08,0.004101401050525064,0.003301568338894074,0.39991635581549523,enet:pooled
2018-09,0.012584845355123896,0.011772022004223746,0.4064116754500761,enet:pooled
2018-10,0.0030784957827980674,0.002337344287130852,0.3705757478336077,enet:pooled
2018-11,-0.0022634087940119336,-0.003075171918133769,0.4058815620609174,enet:pooled
2018-12,0.0031796878408647117,0.002179022956102884,0.5003324423809136,enet:pooled
2019-01,-0.0005379029055031497,-0.0013407671610031436,0.4014321277499972,enet:pooled
2019-02,-0.004930045599953317,-0.005843625891270676,0.4567901456586796,enet:pooled
2019-03,0.004337713450180115,0.0034732319829088513,0.43224073363563237,enet:pooled
2019-04,0.0014728569993186303,0.0007869606367265397,0.3429481812960452,enet:pooled
2019-05,0.0015440771136253084,0.000784398696597527,0.37983920851389075,enet:pooled
2019-06,0.003195173319861851,0.002340378585334077,0.4273973672638873,enet:pooled
2019-07,0.005817381267259356,0.005025667473163252,0.39585689704805255,enet:pooled
2019-08,0.0034083467197878674,0.002696112690247487,0.35611701477019025,enet:pooled
2019-09,-0.0024891841550105202,-0.003247020581959563,0.37891821347452165,enet:pooled
2019-10,0.0014476947910205121,0.0005940895968260247,0.4268025970972436,enet:pooled
2019-11,0.0012882835084389117,0.0005254528098501718,0.3814153492943699,enet:pooled
2019-12,0.004477237946208917,0.003656892364520985,0.4101727908439658,enet:pooled
2020-01,0.004366626035258923,0.003681813510963505,0.342406262147709,enet:pooled
2020-02,0.007638494759441591,0.006904532051820833,0.3669813538103789,enet:pooled
2020-03,0.013153268623218129,0.012446789632300264,0.35323949545893224,enet:pooled
2020-04,-0.01595904610339161,-0.017071954500020223,0.5564541983143088,enet:pooled
2020-05,-0.0015119871937370197,-0.003060640060936788,0.7743264335998844,enet:pooled
2020-06,-0.003783765480031598,-0.0049831611803234435,0.5996978501459225,enet:pooled
2020-07,0.0025797725408328613,0.0014982279234482232,0.5407723086923188,enet:pooled
2020-08,0.0005512407013504029,-0.0005217460372885757,0.5364933693194894,enet:pooled
2020-09,-0.0023434119205261988,-0.0034096251754924104,0.5331066274831059,enet:pooled
2020-10,0.0021300272908132477,0.0010917965109479546,0.5191153899326468,enet:pooled
2020-11,-0.02212304403843547,-0.02301822000436452,0.44758798296452634,enet:pooled
2020-12,0.0005459915039499441,-0.0008769568570306676,0.711474180490306,enet:pooled
2021-01,0.0017701149506028436,0.0005394962381521985,0.6153093562253227,enet:pooled
2021-02,0.0005983193564056663,-0.0004194609502019993,0.5088901533038327,enet:pooled
2021-03,0.00559400197769504,0.004530721195726229,0.5316403909844053,enet:pooled
2021-04,0.004131297003220487,0.0032210174442996666,0.4551397794604105,enet:pooled
2021-05,0.004138510928162965,0.003141593660621335,0.4984586337708153,enet:pooled
2021-06,-0.00441590338529965,-0.005377776409007527,0.4809365118539384,enet:pooled
2021-07,0.0029417030356936307,0.002014280607171192,0.46371121426121936,enet:pooled
2021-08,3.871620804172104e-05,-0.0008349192083673212,0.4368177082045211,enet:pooled
2021-09,0.007276506983123399,0.006372378171038737,0.45206440604233084,enet:pooled
2021-10,0.0014419012681438311,0.0005964027398266971,0.4227492641585671,enet:pooled
2021-11,0.004766448124894415,0.003933706086930624,0.41637101898189516,enet:pooled
2021-12,0.00902327330011906,0.00802629611547036,0.49848859232435067,enet:pooled
2022-01,0.01151735909403352,0.010732038105958108,0.39266049403770587,enet:pooled
2022-02,0.007684426228156449,0.0069390210309559185,0.3727025986002651,enet:pooled
2022-03,0.008544703799064135,0.0077239733127641924,0.41036524314997175,enet:pooled
2022-04,0.010087969598556129,0.009331113600603604,0.37842799897626167,enet:pooled
2022-05,0.004074881899088347,0.00332943521149547,0.37272334379643884,enet:pooled
2022-06,0.0014856434199719464,0.0006737080405873625,0.4059676896922921,enet:pooled
2022-07,-0.0047251605242071846,-0.005551723903617584,0.41328168970519974,enet:pooled
2022-08,-0.000969397070042307,-0.0018337933375973557,0.43219813377752414,enet:pooled
2022-09,0.006053212049279577,0.005287316333103412,0.3829478580880824,enet:pooled
2022-10,0.004560560560366062,0.0037975841601416123,0.3814882001122244,enet:pooled
2022-11,-0.005260697032428358,-0.0060947626352090695,0.4170328013903557,enet:pooled
2022-12,0.0053080727650006146,0.0043661165029868386,0.47097813100688823,enet:pooled
2023-01,0.001090256562777731,0.00028544955235332883,0.40240350521220114,enet:pooled
2023-02,0.005595257834483074,0.004789451242300618,0.40290329609122755,enet:pooled
2023-03,0.003623601028016149,0.002971095752708446,0.3262526376538517,enet:pooled
2023-04,-0.0005786188923336208,-0.0013537586599930557,0.3875698838297174,enet:pooled
2023-05,-0.0017204570098206156,-0.002438173857234084,0.3588584237067343,enet:pooled
2023-06,0.0016036048562956902,0.0008677213552872019,0.36794175050424405,enet:pooled
2023-07,0.0029381996241923006,0.0021459440524511067,0.39612778587059677,enet:pooled
2023-08,0.0010618590634583257,0.00025754726370614704,0.4021558998760895,enet:pooled
2023-09,0.009389081940865778,0.00862564450309671,0.38171871888453435,enet:pooled
2023-10,0.00667722661608738,0.006041754648946947,0.31773598357021693,enet:pooled
2023-11,-0.007717427354092526,-0.008433823056581961,0.3581978512447183,enet:pooled
2023-12,0.0030275629900098897,0.00213704096524092,0.44526101238448473,enet:pooled
2024-01,0.007754637473873328,0.006973479732008862,0.3905788709322333,enet:pooled
2024-02,0.00015931529625516465,-0.0006429954420754624,0.4011553691653136,enet:pooled
2024-03,0.003627508257206499,0.0027790629676425187,0.42422264478198995,enet:pooled
2024-04,-0.00014561058289255178,-0.0009766050825441666,0.41549724982580744,enet:pooled
2024-05,0.0014283022590657385,0.000625456297743331,0.40142298066120374,enet:pooled
2024-06,-0.00018803886562682818,-0.0009557810511556006,0.38387109276438625,enet:pooled
2024-07,0.0003322757122432311,-0.00043453887273033753,0.38340729248678435,enet:pooled
2024-08,0.0027347618257765136,0.0019661100929348743,0.3843258664208197,enet:pooled
2024-09,0.0005446552855813625,-0.00020844743071753817,0.3765513581494503,enet:pooled
2024-10,0.00376044546290355,0.002969891607069633,0.3952769279169585,enet:pooled
2024-11,0.008771717136581583,0.007998407729481396,0.3866547035500933,enet:pooled
2024-12,0.0014343245133786346,0.0006415237802160164,0.3964003665813091,enet:pooled
2025-01,0.000891493824759233,0.00022373904256521235,0.3338773910970103,enet:pooled
2025-02,0.003799914861258685,0.0030189542822384864,0.39048028951009955,enet:pooled
2025-03,0.005595399751998332,0.004868783059979342,0.363308346009495,enet:pooled
2025-04,-0.0024556894928804943,-0.003165036625917934,0.3546735665187199,enet:pooled
2025-05,-0.0012944441590691878,-0.0020921544423887595,0.39885514165978614,enet:pooled
2025-06,-0.0015454308906117354,-0.002316831469025581,0.38570028920692256,enet:pooled
2025-07,-0.0015951710684832684,-0.002274427342211893,0.33962813686431204,enet:pooled
2025-08,0.0018980287275884933,0.001111734863505736,0.39314693204137874,enet:pooled
2025-09,0.00370355196293831,0.002871493485963319,0.41602923848749573,enet:pooled
2025-10,0.007879763364693735,0.007068509711896997,0.4056268263983695,enet:pooled
2025-11,0.001758192515227125,0.0008856402484264145,0.43627613340035526,enet:pooled
2025-12,0.008745877262338522,0.007907345397226605,0.41926593255595807,enet:pooled
2000-01,0.006616122853055451,0.006616122853055451,0.0,fmom:rule
2000-02,0.009673046726230209,0.009241030423590734,0.21600815131973766,fmom:rule
2000-03,0.00426293907792182,0.003883866392827551,0.18953634254713475,fmom:rule
2000-04,-0.01904572397915564,-0.019497428753858157,0.22585238735125907,fmom:rule
2000-05,0.0011793356299068932,0.00037608386952837057,0.4016258801892611,fmom:rule
2000-06,-0.0032462057859887587,-0.0037915383926939044,0.27266630335257286,fmom:rule
2000-07,0.004878622508693365,0.0042812626590859205,0.2986799248037221,fmom:rule
2000-08,-0.0007180657988032753,-0.001113526247774153,0.19773022448543898,fmom:rule
2000-09,0.00280700090492071,0.002402523859500543,0.2022385227100836,fmom:rule
2000-10,-0.0034276646410003695,-0.00385865168328901,0.21549352114432024,fmom:rule
2000-11,0.006848214873607216,0.006393867317239885,0.22717377818366558,fmom:rule
2000-12,0.0004707424240609889,-0.00019151057056537944,0.331126497313184,fmom:rule
2001-01,-0.0058081913866513245,-0.006601549922639387,0.396679267994031,fmom:rule
2001-02,0.007209302477589986,0.006555435329162684,0.3269335742136506,fmom:rule
2001-03,0.011500500340405437,0.010856607099039052,0.3219466206831925,fmom:rule
2001-04,0.0010741903625343437,0.000610828173949931,0.23168109429220649,fmom:rule
2001-05,0.006269745763105831,0.00561334116078193,0.3282023011619507,fmom:rule
2001-06,0.004248787336437502,0.0037787336820350034,0.23502682720124932,fmom:rule
2001-07,0.002171683142838607,0.001830784454137411,0.17044934435059822,fmom:rule
2001-08,0.000395668417714945,-9.275300447254843e-05,0.2442107110937468,fmom:rule
2001-09,0.017154651048987866,0.016705761403242012,0.2244448228729252,fmom:rule
2001-10,-0.012579224832046482,-0.013112990943374099,0.26688305566380915,fmom:rule
2001-11,-0.01255770323454378,-0.013090014311127544,0.2661555382918823,fmom:rule
2001-12,0.0035404826952914635,0.0028981821529626083,0.3211502711644274,fmom:rule
2002-01,0.0020324541149288186,0.0015159955206407569,0.25822929714403065,fmom:rule
2002-02,0.010818066660683747,0.010214915892065872,0.30157538430893793,fmom:rule
2002-03,0.007704067143167933,0.007176897207843471,0.2635849676622304,fmom:rule
2002-04,0.006694081078923569,0.0060291355862679774,0.332472746327796,fmom:rule
2002-05,-0.00014138920167309834,-0.0007629361606528731,0.31077347948988726,fmom:rule
2002-06,0.01229136484439066,0.011712969582664193,0.28919763086323325,fmom:rule
2002-07,0.0012724332870071432,0.0009611993578988076,0.1556169645541678,fmom:rule
2002-08,0.005538369764646211,0.005089791237355602,0.22428926364530502,fmom:rule
2002-09,0.0018132900067536822,0.0012952228170959308,0.2590335948288761,fmom:rule
2002-10,0.003580533066321294,0.003142884754624496,0.2188241558483987,fmom:rule
2002-11,0.002415876683126333,0.0018491360169715014,0.28337033307741577,fmom:rule
2002-12,0.012316553399566912,0.011754556202317417,0.28099859862474685,fmom:rule
2003-01,0.003123795062311006,0.002713471758475856,0.20516165191757477,fmom:rule
2003-02,0.005701202519753086,0.00511520796045581,0.29299727964863814,fmom:rule
2003-03,0.006894612200047767,0.006538794834114919,0.17790868296642376,fmom:rule
2003-04,-0.007394579012175882,-0.007966406781596016,0.28591388471006746,fmom:rule
2003-05,0.002777114149561992,0.002044167607131267,0.36647327121536266,fmom:rule
2003-06,0.0022118208479671568,0.0017308099601637706,0.24050544390169326,fmom:rule
2003-07,0.0006100694700490418,4.323491069183104e-05,0.2834172796786054,fmom:rule
2003-08,0.005560263483089943,0.004943468410830761,0.3083975361295909,fmom:rule
2003-09,-0.00407929436781766,-0.0047849551525630946,0.3528303923727171,fmom:rule
2003-10,0.01062797471773024,0.010202312245558546,0.2128312360858471,fmom:rule
2003-11,0.008310284531743973,0.007871892870416742,0.21919583066361534,fmom:rule
2003-12,0.0034340386252408642,0.0030121002650746577,0.21096918008310345,fmom:rule
2004-01,-0.0014798850171611826,-0.001993012909796985,0.2565639463179014,fmom:rule
2004-02,0.0022372428929782985,0.001737214106875331,0.2500143930514838,fmom:rule
2004-03,0.0010148688089118925,0.0005788068427057685,0.21803098310306201,fmom:rule
2004-04,0.003627810205818355,0.0032379441121118983,0.1949330468532282,fmom:rule
2004-05,-0.0014178660587071228,-0.0019901375703800773,0.2861357558364771,fmom:rule
2004-06,0.002665124834057392,0.0022000138662074138,0.23255548392498923,fmom:rule
2004-07,0.0062789573765415505,0.005801262105139718,0.23884763570091624,fmom:rule
2004-08,0.0010691461169318392,0.000624817036468414,0.22216454023171225,fmom:rule
2004-09,0.004712433547140539,0.004240486609987059,0.23597346857673965,fmom:rule
2004-10,0.0009075016310237014,0.0004295426332974431,0.23897949886312897,fmom:rule
2004-11,0.0008018842414769661,0.0002111907713255915,0.29534673507568737,fmom:rule
2004-12,0.007248536473784455,0.006761174415477092,0.24368102915368137,fmom:rule
2005-01,-0.000708799528602005,-0.001367565132038681,0.329382801718338,fmom:rule
2005-02,0.013761188989371982,0.01327369840507676,0.24374529214761068,fmom:rule
2005-03,0.00634147301880505,0.005845319931196682,0.24807654380418312,fmom:rule
2005-04,0.013245071793668392,0.012881795124074653,0.18163833479686878,fmom:rule
2005-05,-0.014959661609422343,-0.01535565014500651,0.19799426779208448,fmom:rule
2005-06,-0.002122976059474579,-0.002472758756272753,0.17489134839908707,fmom:rule
2005-07,0.01168415435249549,0.011239170342829653,0.222492004832918,fmom:rule
2005-08,-0.0038700955541701126,-0.0042526617473096105,0.19128309656974865,fmom:rule
2005-09,0.0025788226010807895,0.002097382744617342,0.24071992823172372,fmom:rule
2005-10,8.064761878022616e-05,-0.0004255820436792957,0.253114831229761,fmom:rule
2005-11,0.004970585223287738,0.004517583346145378,0.2265009385711797,fmom:rule
2005-12,-0.002078491903833772,-0.00260638241402368,0.2639452550949538,fmom:rule
2006-01,0.0011525846514056682,0.0006718206438984132,0.24038200375362742,fmom:rule
2006-02,-0.0031289065825722308,-0.0038306518134609935,0.35087261544438136,fmom:rule
2006-03,-0.007414760953952154,-0.008047679024002262,0.31645903502505335,fmom:rule
2006-04,0.0025506737879743284,0.00188462652879077,0.33302362959177917,fmom:rule
2006-05,-0.0007562175443655003,-0.0013049859073610988,0.27438418149779953,fmom:rule
2006-06,-0.0003025179852638018,-0.0007180160519674082,0.2077490333518032,fmom:rule
2006-07,0.0016533210857627354,0.0008765251358935874,0.38839797493457395,fmom:rule
2006-08,-0.0026960970069137007,-0.003218436046426147,0.2611695197562234,fmom:rule
2006-09,-0.0018476124873752432,-0.002482368734420904,0.3173781235228303,fmom:rule
2006-10,-0.003780299744397503,-0.004395928619857937,0.30781443773021716,fmom:rule
2006-11,-0.0005398081091020992,-0.0010964562684632505,0.27832407968057565,fmom:rule
2006-12,0.0014598340558983017,0.0007472243279667825,0.35630486396575956,fmom:rule
2007-01,0.0038962217183416597,0.003254985880895455,0.32061791872310225,fmom:rule
2007-02,0.000592509578386837,-0.00027050831014897674,0.43150894426790676,fmom:rule
2007-03,0.0016745828145692853,0.0010951502820631721,0.28971626625305646,fmom:rule
2007-04,0.0022613838324967,0.0016354874012508268,0.3129482156229368,fmom:rule
2007-05,0.00015448916808244987,-0.0005289788959237434,0.3417340320030967,fmom:rule
2007-06,-0.0019988251867110807,-0.0026964411944972295,0.3488080038930742,fmom:rule
2007-07,1.4805121268085685e-05,-0.0006944422418753776,0.3546236815717315,fmom:rule
2007-08,-0.0038076117034526774,-0.004462264033794385,0.327326165170854,fmom:rule
2007-09,0.0006502276679839044,9.918321767860006e-05,0.2755222251526521,fmom:rule
2007-10,0.006854141238921603,0.006141992021424201,0.3560746087487009,fmom:rule
2007-11,0.0001583447613352541,-0.000456148519782503,0.30724664055887857,fmom:rule
2007-12,0.0031603138384738486,0.0026070160269362065,0.27664890576882084,fmom:rule
2008-01,-0.002326514297352126,-0.002886860826208087,0.2801732644279803,fmom:rule
2008-02,0.004709595245028624,0.004127503484626573,0.2910458802010256,fmom:rule
2008-03,-0.0007657003486061142,-0.0012859036280519747,0.26010163972293043,fmom:rule
2008-04,-0.00043674748434086106,-0.0009032414672613717,0.2332469914602553,fmom:rule
2008-05,0.002491441478291096,0.001893684860687239,0.2988783088019286,fmom:rule
2008-06,0.005527916684596028,0.005053810162127154,0.2370532612344372,fmom:rule
2008-07,-0.011861014602989923,-0.01227853662696345,0.20876101198676308,fmom:rule
2008-08,-0.0007701940008510739,-0.0013447350453816376,0.28727052226528166,fmom:rule
2008-09,0.0036978820308571133,0.0033291742376013313,0.18435389662789092,fmom:rule
2008-10,0.01591320153760661,0.015254224387874861,0.3294885748658731,fmom:rule
2008-11,0.013391351178177554,0.012743298614015873,0.32402628208084017,fmom:rule
2008-12,-0.0036004825680671874,-0.004116332336372798,0.257924884152805,fmom:rule
2009-01,0.0020952413224678518,0.0016793229788642958,0.20795917180177803,fmom:rule
2009-02,-0.0023413163353196136,-0.002850473382775561,0.25457852372797396,fmom:rule
2009-03,-0.007766833116204692,-0.008238290181597337,0.2357285326963227,fmom:rule
2009-04,-0.0263485499233136,-0.02679802606166318,0.22473806917478906,fmom:rule
2009-05,-0.011218405023981885,-0.01189500820424494,0.33830159013152855,fmom:rule
2009-06,-0.002322463268230115,-0.002990595573053989,0.3340661524119371,fmom:rule
2009-07,0.006209054819025858,0.00572090933423085,0.24407274239750407,fmom:rule
2009-08,5.009334521870379e-05,-0.0005222529743434931,0.2861731597810984,fmom:rule
2009-09,-0.0005575020865525239,-0.0010241942803348948,0.23334609689118543,fmom:rule
2009-10,-0.0019837083209265365,-0.002500541550648869,0.2584166148611664,fmom:rule
2009-11,0.003487206202722827,0.0029809250617795716,0.25314057047162775,fmom:rule
2009-12,-0.0010248058563237057,-0.001513002547602922,0.24409834563960828,fmom:rule
2010-01,0.0009395154383325587,0.0004960357479617569,0.22173984518540088,fmom:rule
2010-02,-0.0023141288877408517,-0.0028015672195308965,0.24371916589502243,fmom:rule
2010-03,0.003197428714339382,0.0027428286445210035,0.22730003490918935,fmom:rule
2010-04,0.0003076907935398832,-0.00016954988062440306,0.2386203370821433,fmom:rule
2010-05,0.0017099145269646372,0.00109245295673769,0.30873078511347374,fmom:rule
2010-06,0.004806180362452294,0.004065349676559405,0.3704153429464449,fmom:rule
2010-07,-0.00023432844745225622,-0.0006147557081318951,0.19021363033981942,fmom:rule
2010-08,0.004720288762699788,0.004160412202241789,0.27993828022899975,fmom:rule
2010-09,0.0028575808936644725,0.0023256652642254243,0.2659578147195241,fmom:rule
2010-10,0.002774829985343746,0.0022614016859788264,0.2567141496824597,fmom:rule
2010-11,0.006212650574279768,0.0057584364508355464,0.2271070617221109,fmom:rule
2010-12,0.003217934300475173,0.002778677859783485,0.2196282203458442,fmom:rule
2011-01,0.0015255050451147291,0.0010566462715730814,0.23442938677082406,fmom:rule
2011-02,0.0021904004112751375,0.0017235379086242269,0.2334312513254552,fmom:rule
2011-03,0.000655862551714192,0.00021922878117289495,0.21831688527064844,fmom:rule
2011-04,0.005981941037540116,0.005594283063141131,0.19382898719949296,fmom:rule
2011-05,0.0035255653434483163,0.0031506212086954595,0.18747206737642866,fmom:rule
2011-06,0.0030089768945726477,0.002687934719081667,0.16052108774549034,fmom:rule
2011-07,0.007596904453465343,0.007242332873080707,0.17728579019231697,fmom:rule
2011-08,0.00587803942640093,0.005462335892060326,0.20785176717030177,fmom:rule
2011-09,0.0034663538578823907,0.003045289222793867,0.2105323175442618,fmom:rule
2011-10,-0.001758926601370182,-0.0022171514967868817,0.22911244770835,fmom:rule
2011-11,0.006149924168796615,0.00565000275519595,0.2499607068003321,fmom:rule
2011-12,0.0059041959888806155,0.005447162356534804,0.22851681617290595,fmom:rule
2012-01,-0.018331698485569838,-0.01893555823350072,0.3019298739654418,fmom:rule
2012-02,-0.00018006185466188708,-0.000691901888562539,0.25592001695032557,fmom:rule
2012-03,0.009887760940865273,0.009343312999023868,0.27222397092070205,fmom:rule
2012-04,0.008721798292903614,0.008103311837741834,0.30924322758089046,fmom:rule
2012-05,0.006311371333250204,0.005832316637189547,0.23952734803032813,fmom:rule
2012-06,0.0019085659106304232,0.0014769140056489663,0.21582595249072867,fmom:rule
2012-07,0.005251676887584831,0.004784204477191991,0.2337362051964202,fmom:rule
2012-08,0.0037355830167899325,0.003316119764006699,0.2097316263916167,fmom:rule
2012-09,-0.002339768223069101,-0.00275883356073817,0.20953266883453445,fmom:rule
2012-10,0.00534005489835709,0.004882931174001924,0.22856186217758243,fmom:rule
2012-11,0.003806139478405433,0.003322486399299959,0.2418265395527371,fmom:rule
2012-12,-0.00010603126861644979,-0.0005402085832115002,0.2170886572975251,fmom:rule
2013-01,0.002712347136035453,0.002321863953163642,0.19524159143590508,fmom:rule
2013-02,0.007260096759113445,0.00665592275190945,0.30208700360199703,fmom:rule
2013-03,0.006672085666791028,0.006153935295444142,0.25907518567344295,fmom:rule
2013-04,0.010655105904564931,0.010216043227401325,0.2195313385818042,fmom:rule
2013-05,0.0016026592366288062,0.0011819436540665828,0.21035779128111157,fmom:rule
2013-06,0.0007039779879153686,0.00024638354050788967,0.22879722370373962,fmom:rule
2013-07,0.010953913872086898,0.010465548020803786,0.24418292564155586,fmom:rule
2013-08,-0.0056291818178809535,-0.00608047455859663,0.22564637035783788,fmom:rule
2013-09,0.0012450501742614858,0.0007847775406473817,0.23013631680705188,fmom:rule
2013-10,-0.00474149076022791,-0.005139161436130112,0.19883533795110084,fmom:rule
2013-11,0.0013876881948511647,0.0009103105911863814,0.23868880183239163,fmom:rule
2013-12,0.002217543716982152,0.0018297409259830227,0.19390139549956456,fmom:rule
2014-01,0.008588039577624653,0.008175424143075646,0.20630771727450384,fmom:rule
2014-02,0.004140630431204248,0.0037486043393353753,0.196013045934436,fmom:rule
2014-03,-0.00458417166650157,-0.004940529979335633,0.17817915641703205,fmom:rule
2014-04,-0.003924264197051191,-0.004380274424201197,0.2280051135750025,fmom:rule
2014-05,-0.0021450133929632694,-0.002727852830844911,0.2914197189408207,fmom:rule
2014-06,-0.0027562139727993202,-0.003362777161758146,0.3032815944794127,fmom:rule
2014-07,0.0021402398250829013,0.001638018410604152,0.2511107072393747,fmom:rule
2014-08,0.0008374553904661725,0.0002289407241280551,0.3042573331690588,fmom:rule
2014-09,-0.0004741030203596206,-0.000998308161854652,0.2621025707475156,fmom:rule
2014-10,0.0038088913708412566,0.00331520620813143,0.24684258135491358,fmom:rule
2014-11,0.0015884768493426684,0.0011557864563972427,0.2163451964727128,fmom:rule
2014-12,0.003387276550589968,0.0029426591279340083,0.2223087113279796,fmom:rule
2015-01,0.005419942192198823,0.004936202350306145,0.24186992094633888,fmom:rule
2015-02,-0.0009909489492759974,-0.0014743405074459765,0.24169577908498968,fmom:rule
2015-03,0.007395623241048044,0.006980313468836223,0.20765488610591062,fmom:rule
2015-04,-0.009154631751864144,-0.009696994240164776,0.27118124415031536,fmom:rule
2015-05,0.0031695182366292874,0.0025910337209083794,0.2892422578604539,fmom:rule
2015-06,0.005477912883323428,0.0049772040383692815,0.2503544224770728,fmom:rule
2015-07,0.0070460173680676075,0.006586243405857341,0.22988698110513375,fmom:rule
2015-08,0.008706382228094804,0.00823470799567669,0.23583711620905762,fmom:rule
2015-09,0.004755506578520506,0.0043785510335382265,0.18847777249113942,fmom:rule
2015-10,-0.007145055604792862,-0.007502330981224307,0.17863768821572223,fmom:rule
2015-11,0.007788687604349844,0.007384321493759056,0.20218305529539404,fmom:rule
2015-12,0.0008694151447602184,0.0004753663239832775,0.19702441038847024,fmom:rule
2016-01,0.000876708512331326,0.00048575758046591775,0.19547546593270404,fmom:rule
2016-02,-0.006645460450649142,-0.0070831850382993755,0.2188622938251168,fmom:rule
2016-03,-0.01322563550487296,-0.013748951434877598,0.26165796500231864,fmom:rule
2016-04,0.0029055964914219377,0.0022380882770764734,0.33375410717273213,fmom:rule
2016-05,0.0023822251262839342,0.0018450931408298022,0.26856599272706605,fmom:rule
2016-06,0.0011068687506150562,0.0006526170036178306,0.2271258734986127,fmom:rule
2016-07,0.0009950238111238409,0.0005220514356818072,0.23648618772101684,fmom:rule
2016-08,0.0015637611609017293,0.0009685903825201651,0.2975853891907819,fmom:rule
2016-09,0.0017100720446935386,0.0011365858635558003,0.2867430905688692,fmom:rule
2016-10,0.003346017670905319,0.0029092889830128017,0.21836434394625878,fmom:rule
2016-11,-0.004160563745705109,-0.0047247340217526435,0.2820851380237675,fmom:rule
2016-12,0.0002739719572208433,-0.0003233367379177694,0.2986543475693064,fmom:rule
2017-01,0.006523178619178738,0.006045149543653397,0.23901453776267048,fmom:rule
2017-02,-0.001719896566851194,-0.0022575054458002933,0.26880443947454974,fmom:rule
2017-03,-4.9213909282946075e-05,-0.0006594324104519678,0.3051092505845109,fmom:rule
2017-04,-0.0027999641793377095,-0.003414195232284329,0.30711552647331,fmom:rule
2017-05,0.0015618303614877193,0.0010575440829285775,0.2521431392795709,fmom:rule
2017-06,-0.00015449933993966287,-0.0006462459438586409,0.24587330195948898,fmom:rule
2017-07,0.00396414660323728,0.003442325259851833,0.2609106716927236,fmom:rule
2017-08,0.000870003154645644,0.00043518446338226526,0.21740934563168932,fmom:rule
2017-09,-0.004958187053113916,-0.00539787534077784,0.2198441438319616,fmom:rule
2017-10,0.0030480917775311408,0.0025881618595008614,0.22996495901513977,fmom:rule
2017-11,0.002263396126739753,0.0016545271064044443,0.3044345101676542,fmom:rule
2017-12,0.0012743561327089646,0.0007086754980875483,0.2828403173107084,fmom:rule
2018-01,0.001813006647483348,0.0012394219123326368,0.28679236757535564,fmom:rule
2018-02,0.0021335951741051087,0.0015699388563004415,0.2818281589023333,fmom:rule
2018-03,0.00022916540641987305,-0.00032712971623497736,0.2781475613274251,fmom:rule
2018-04,0.004715681217002701,0.004257931695961661,0.2288747605205198,fmom:rule
2018-05,0.0057756551851786304,0.005281336584661375,0.24715930025862767,fmom:rule
2018-06,0.00041772661608757667,-4.630936250355176e-05,0.23201798929556422,fmom:rule
2018-07,0.0032273137622411117,0.002802737093651147,0.21228833429498215,fmom:rule
2018-08,0.006027062721913709,0.005617793242999239,0.20463473945723526,fmom:rule
2018-09,0.00949411515206982,0.009095002617274493,0.19955626739766316,fmom:rule
2018-10,-0.0002072381618958917,-0.0006409414376130334,0.21685163785857098,fmom:rule
2018-11,-0.005281803310560901,-0.005706023936464524,0.21211031295181176,fmom:rule
2018-12,0.000225514913685043,-0.00023021700315502071,0.22786595842003213,fmom:rule
2019-01,0.0021877736052225024,0.001761386372332128,0.21319361644518706,fmom:rule
2019-02,-0.004739763261288344,-0.005211130930483034,0.23568383459734496,fmom:rule
2019-03,0.0015369617884117759,0.0011653855457586567,0.1857881213265595,fmom:rule
2019-04,0.0011513299468513124,0.000688276572413465,0.23152668721892394,fmom:rule
2019-05,-0.00021802679405080437,-0.000706229374869312,0.24410129040925407,fmom:rule
2019-06,0.0023874926891821785,0.0018545042285821216,0.26649423030002856,fmom:rule
2019-07,0.0006888308960327617,0.00026487398107685533,0.21197845747795319,fmom:rule
2019-08,0.0020290137766857163,0.0014531539285593108,0.28792992406320267,fmom:rule
2019-09,0.0011928078975888372,0.0006576441656273856,0.26758186598072586,fmom:rule
2019-10,0.0033107257326275147,0.0027330198823548816,0.28885292513631655,fmom:rule
2019-11,7.363032931611063e-05,-0.0004498453409650422,0.26173783514057636,fmom:rule
2019-12,0.005417928927937208,0.004860554274063344,0.2786873269369324,fmom:rule
2020-01,0.005211325673852549,0.004780521797156765,0.21540193834789137,fmom:rule
2020-02,0.0020167088168384782,0.0014742096563057914,0.27124958026634355,fmom:rule
2020-03,0.0045199716917492016,0.004062450655898318,0.22876051792544194,fmom:rule
2020-04,-0.001429297534948934,-0.002097454464866094,0.3340784649585794,fmom:rule
2020-05,0.0023842520160890644,0.0017957956192250948,0.2942281984319849,fmom:rule
2020-06,-0.0029381125779252104,-0.003375272365762829,0.21857989391880953,fmom:rule
2020-07,0.017780758027593883,0.017344901558272344,0.21792823466076838,fmom:rule
2020-08,-0.001456326082070598,-0.0018808438098143131,0.21225886387185744,fmom:rule
2020-09,-0.0006066400128252271,-0.0009891697282673022,0.1912648577210376,fmom:rule
2020-10,0.0008000703570373827,0.0004231040274253408,0.188483164806021,fmom:rule
2020-11,-0.018552230266286072,-0.018908715596625623,0.1782426651697753,fmom:rule
2020-12,-0.0032303704842580844,-0.0037849786456376003,0.27730408068975804,fmom:rule
2021-01,0.004786048289308163,0.004352431338959623,0.21680847517427004,fmom:rule
2021-02,-0.0008133688401981165,-0.0012045079925527974,0.1955695761773404,fmom:rule
2021-03,-0.00023196842504589465,-0.0007595713642305935,0.2638014695923494,fmom:rule
2021-04,0.00665400017406915,0.0060515981850416236,0.30120099451376353,fmom:rule
2021-05,-0.0017130639466967886,-0.0022915118445907823,0.2892239489469968,fmom:rule
2021-06,0.0021029768004611673,0.0016878484889399346,0.20756415576061632,fmom:rule
2021-07,0.0017592385580243938,0.0013247749140004787,0.21723182201195748,fmom:rule
2021-08,-0.002127339061960575,-0.002607276117079436,0.23996852755943035,fmom:rule
2021-09,0.003981088885332854,0.0035193308773289367,0.23087900400195832,fmom:rule
2021-10,0.001780077816866564,0.0012908655788460939,0.24460611901023485,fmom:rule
2021-11,-0.0016305785446691604,-0.0019969298431368014,0.18317564923382054,fmom:rule
2021-12,0.0027326674636067353,0.002121280181732525,0.305693640937105,fmom:rule
2022-01,0.007471534807113363,0.006899540429480442,0.28599718881646113,fmom:rule
2022-02,0.007248404049045845,0.006802428767703586,0.22298764067112956,fmom:rule
2022-03,0.005086892167705485,0.004688072156631468,0.19941000553700883,fmom:rule
2022-04,0.007704919730137463,0.0072773690346649815,0.21377534773624063,fmom:rule
2022-05,-0.0005424133890842455,-0.0009944470472775283,0.22601682909664111,fmom:rule
2022-06,0.0007011261910711118,0.0002685850560547204,0.21627056750819573,fmom:rule
2022-07,-0.0023333458237362794,-0.0027589823041649676,0.2128182402143442,fmom:rule
2022-08,-0.0010562814483489752,-0.0014339045080817249,0.1888115298663747,fmom:rule
2022-09,0.0017044448634703445,0.0012970281971000108,0.20370833318516676,fmom:rule
2022-10,0.00369666070862941,0.0031864378433601004,0.2551114326346548,fmom:rule
2022-11,-0.0026020542875170474,-0.003119880404543401,0.2589130585131768,fmom:rule
2022-12,0.005810562669211213,0.005327325664169866,0.24161850252067352,fmom:rule
2023-01,-0.001151665672804545,-0.0015700316232399856,0.2091829752177203,fmom:rule
2023-02,0.004219702228981757,0.0037561999935847436,0.23175111769850698,fmom:rule
2023-03,-0.0014530193386524672,-0.0019529525733718175,0.24996661735967524,fmom:rule
2023-04,-0.0003096271793564004,-0.0008288375356309149,0.2596051781372572,fmom:rule
2023-05,-0.002147062019150325,-0.0026618890640818424,0.2574135224657587,fmom:rule
2023-06,-2.7272824341579473e-05,-0.0005094416967637727,0.24108443621109651,fmom:rule
2023-07,0.006959231482414546,0.006423311791399659,0.2679598455074439,fmom:rule
2023-08,0.0011196219962816608,0.0006479862447986162,0.23581787574152235,fmom:rule
2023-09,-0.001086888190714832,-0.0015385241656367282,0.2258179874609481,fmom:rule
2023-10,0.0056315146219749704,0.005153038484249935,0.23923806886251756,fmom:rule
2023-11,-0.002683708793237061,-0.0031988084384588417,0.25754982261089054,fmom:rule
2023-12,0.0032543346988965867,0.002738764543068925,0.2577850779138306,fmom:rule
2024-01,0.006087710380859229,0.00565889996618586,0.21440520733668525,fmom:rule
2024-02,-0.00027450175767873385,-0.0007880142982416412,0.2567562702814536,fmom:rule
2024-03,0.0012296295590621797,0.0007862012426397822,0.2217141582111987,fmom:rule
2024-04,0.0013327545405381657,0.0008240083133139089,0.2543731136121285,fmom:rule
2024-05,0.003154646342722346,0.002653503136140019,0.25057160329116324,fmom:rule
2024-06,0.003717812041017381,0.0032205628679429564,0.2486245865372122,fmom:rule
2024-07,0.000656493337259494,0.00029495945924292013,0.18076693900828683,fmom:rule
2024-08,0.0020408425753149495,0.0015850240649108796,0.227909255202035,fmom:rule
2024-09,-0.0023660566130749845,-0.0027767550644203685,0.20534922567269207,fmom:rule
2024-10,0.0037487383863247514,0.003267175387352962,0.24078149948589464,fmom:rule
2024-11,0.005849497236306681,0.005374300396618777,0.23759841984395252,fmom:rule
2024-12,0.003381354573938174,0.002878612758631626,0.2513709076532739,fmom:rule
2025-01,-0.0009174502965640677,-0.0013248086752851533,0.20367918936054277,fmom:rule
2025-02,0.0026746896848172147,0.0021158990007955607,0.2793953420108269,fmom:rule
2025-03,0.0004364478894069981,-0.00010554936432309497,0.27099862686504644,fmom:rule
2025-04,-0.00035400837999926567,-0.0008691573975278731,0.25757450876430377,fmom:rule
2025-05,-0.0002152307724653032,-0.0007426711229321279,0.26372017523341224,fmom:rule
2025-06,0.002655775943851736,0.002112243080224343,0.2717664318136966,fmom:rule
2025-07,0.002360834992715213,0.0019105362618351016,0.2251493654400557,fmom:rule
2025-08,0.003886094352448095,0.0033329044806179207,0.276594935915087,fmom:rule
2025-09,0.006381540868936636,0.005932754298865131,0.2243932850357526,fmom:rule
2025-10,0.009136386976381076,0.008693344945012973,0.2215210156840519,fmom:rule
2025-11,0.00038329380960068585,-5.078129012745479e-05,0.2170375498640702,fmom:rule
2025-12,0.0067511302683204025,0.006367086885785528,0.19202169126743715,fmom:rule
2000-01,0.007891820987072943,0.007891820987072943,0.0,gbrt:dm_only
2000-02,0.011024212824681408,0.008805518628622621,1.109347098029393,gbrt:dm_only
2000-03,-0.003658354657263789,-0.005563266082535904,0.9524557126360577,gbrt:dm_only
2000-04,0.011683694586041404,0.009616644897417374,1.0335248443120146,gbrt:dm_only
2000-05,0.0006414370934552286,-0.001161252169310343,0.9013446313827856,gbrt:dm_only
2000-06,0.0050832470130748875,0.0032718556014102416,0.9056957058323234,gbrt:dm_only
2000-07,-0.001330975083825118,-0.0032673834152097056,0.968204165692294,gbrt:dm_only
2000-08,-0.005709236834955429,-0.007571328492505049,0.9310458287748102,gbrt:dm_only
2000-09,0.0028076224098467772,0.0008986642092122155,0.9544791003172809,gbrt:dm_only
2000-10,0.0037398222620392886,0.0020306923070362516,0.8545649775015183,gbrt:dm_only
2000-11,0.009624941147109073,0.00795614706868655,0.8343970392112616,gbrt:dm_only
2000-12,0.004138797053292561,0.0022896482684294744,0.924574392431543,gbrt:dm_only
2001-01,-0.01077138891479645,-0.012741253978635696,0.9849325319196224,gbrt:dm_only
2001-02,0.009542364624252033,0.007355975132286445,1.093194745982795,gbrt:dm_only
2001-03,0.01799642828372564,0.015773018637350287,1.1117048231876756,gbrt:dm_only
2001-04,0.0029520618149298117,0.0009475329832890247,1.0022644158203937,gbrt:dm_only
2001-05,0.01154821995739692,0.009632828853205109,0.9576955520959062,gbrt:dm_only
2001-06,-0.001188199105777372,-0.0028754594031485995,0.8436301486856138,gbrt:dm_only
2001-07,0.018177282979840267,0.016239320441817907,0.9689812690111809,gbrt:dm_only
2001-08,-0.005881319770397878,-0.007615461855689101,0.8670710426456119,gbrt:dm_only
2001-09,0.006753887355466671,0.004702484827280973,1.025701264092849,gbrt:dm_only
2001-10,-0.0038068337044549158,-0.005735923529419744,0.9645449124824138,gbrt:dm_only
2001-11,0.004007379674825675,0.0018849620019899427,1.061208836417866,gbrt:dm_only
2001-12,0.010946013177286527,0.008820914205239264,1.062549486023631,gbrt:dm_only
2002-01,-0.0008398456822210076,-0.0027797766823446294,0.9699655000618111,gbrt:dm_only
2002-02,0.007306662926277835,0.00565157484331851,0.8275440414796624,gbrt:dm_only
2002-03,0.01107672089331666,0.00962347997775687,0.726620457779895,gbrt:dm_only
2002-04,0.010269963383307537,0.008902789933218405,0.6835867250445654,gbrt:dm_only
2002-05,0.008118314204639094,0.006782274038454415,0.6680200830923393,gbrt:dm_only
2002-06,0.009297386620187491,0.008070673433642433,0.6133565932725292,gbrt:dm_only
2002-07,0.002982024917696541,0.0017065815734343417,0.6377216721310994,gbrt:dm_only
2002-08,0.0005097557879258576,-0.0007965442060597479,0.6531499969928026,gbrt:dm_only
2002-09,0.01164980614569367,0.010253342367241429,0.6982318892261198,gbrt:dm_only
2002-10,0.0002805407514174569,-0.0009590028406786427,0.6197717960480496,gbrt:dm_only
2002-11,-0.0001752761565454781,-0.0017511145543842408,0.7879191989193812,gbrt:dm_only
2002-12,0.0005531391276711762,-0.000831252689979596,0.692195908825386,gbrt:dm_only
2003-01,-0.0020203281871923892,-0.0033791700346768178,0.6794209237422141,gbrt:dm_only
2003-02,0.004434604437046598,0.003414684026533127,0.5099602052567349,gbrt:dm_only
2003-03,0.010563604960966148,0.009664900222400354,0.44935236928289685,gbrt:dm_only
2003-04,-0.003346878586904501,-0.004116123245175393,0.38462232913544614,gbrt:dm_only
2003-05,-0.0015157066355058922,-0.0026040943321297937,0.5441938483119507,gbrt:dm_only
2003-06,0.007433304765062914,0.006273192238120664,0.5800562634711246,gbrt:dm_only
2003-07,0.011118093127187489,0.010056078654667764,0.5310072362598633,gbrt:dm_only
2003-08,0.006343202106981131,0.005269421215020958,0.536890445980086,gbrt:dm_only
2003-09,0.00047024556821585885,-0.0007415520390383526,0.6058988036271058,gbrt:dm_only
2003-10,0.011344899721404553,0.010193586133934184,0.5756567937351835,gbrt:dm_only
2003-11,0.0002759797867401988,-0.0008645754944317682,0.5702776405859835,gbrt:dm_only
2003-12,0.006696322147353427,0.005474826159745928,0.6107479938037494,gbrt:dm_only
2004-01,-0.00500974230951189,-0.00626109410554188,0.6256758980149945,gbrt:dm_only
2004-02,0.0005605597422014461,-0.0007634483315450703,0.6620040368732584,gbrt:dm_only
2004-03,0.002765627649387064,0.001574250960015503,0.5956883446857807,gbrt:dm_only
2004-04,0.004399228351444387,0.003177081010974857,0.6110736702347648,gbrt:dm_only
2004-05,-0.001995973068832052,-0.003205416495666766,0.6047217134173569,gbrt:dm_only
2004-06,0.002485772121615746,0.0012997266262243803,0.593022747695683,gbrt:dm_only
2004-07,0.004858997488629405,0.0036840453709909944,0.587476058819205,gbrt:dm_only
2004-08,0.004301873409834261,0.0033281815959929134,0.48684590692067364,gbrt:dm_only
2004-09,0.004415464754269343,0.0034078687170652454,0.5037980186020491,gbrt:dm_only
2004-10,0.009000551340191112,0.007992440688199445,0.5040553259958334,gbrt:dm_only
2004-11,0.005595826850907716,0.00461023284834473,0.492797001281493,gbrt:dm_only
2004-12,0.009033828260365563,0.007950194994570227,0.5418166328976685,gbrt:dm_only
2005-01,-0.0002009812599831138,-0.0012984694704772175,0.5487441052470519,gbrt:dm_only
2005-02,0.008848718101575814,0.007948155707372385,0.45028119710171466,gbrt:dm_only
2005-03,0.009512022937541548,0.008601995791360117,0.4550135730907153,gbrt:dm_only
2005-04,0.01558439574258194,0.014666948182969007,0.4587237798064665,gbrt:dm_only
2005-05,-0.010449846747788741,-0.011232840293809226,0.39149677301024205,gbrt:dm_only
2005-06,0.004576845868361918,0.0034592303731337485,0.558807747614085,gbrt:dm_only
2005-07,0.00505546027808168,0.004232027212893873,0.41171653259390345,gbrt:dm_only
2005-08,-0.0014881183857771293,-0.0024624441140263923,0.4871628641246316,gbrt:dm_only
2005-09,0.005225937703083945,0.0041141415033022835,0.5558980998908307,gbrt:dm_only
2005-10,0.0006711014962781591,-0.00026390126739987045,0.4675013818390149,gbrt:dm_only
2005-11,-0.0020514502469936094,-0.0029824168591990746,0.4654833061027327,gbrt:dm_only
2005-12,-0.002811379732099219,-0.003966214439699818,0.5774173538002997,gbrt:dm_only
2006-01,-0.005591099278310893,-0.006659530059910563,0.5342153907998348,gbrt:dm_only
2006-02,0.003813863966050683,0.0024084524051455163,0.702705780452583,gbrt:dm_only
2006-03,0.012374828980497056,0.011170336906292842,0.6022460371021059,gbrt:dm_only
2006-04,0.008921660222008129,0.007703369538339194,0.6091453418344678,gbrt:dm_only
2006-05,-0.0022142377434563095,-0.0034389473941144316,0.612354825329061,gbrt:dm_only
2006-06,0.011519060651536695,0.010448571376747434,0.5352446373946314,gbrt:dm_only
2006-07,-0.002193585886213479,-0.0034891115474769813,0.6477628306317514,gbrt:dm_only
2006-08,-0.0054368932599073,-0.006688880221392458,0.6259934807425793,gbrt:dm_only
2006-09,0.0023243722646395875,0.0010029587136353528,0.6607067755021173,gbrt:dm_only
2006-10,-0.0037554411677768683,-0.004783892728987759,0.5142257806054452,gbrt:dm_only
2006-11,0.008508544658580254,0.007352746568432811,0.577899045073722,gbrt:dm_only
2006-12,9.133990129791015e-05,-0.0009422222573687417,0.516781079333326,gbrt:dm_only
2007-01,0.006511760451085404,0.005352884674648787,0.5794378882183089,gbrt:dm_only
2007-02,-0.0016602920918980888,-0.0028158309012324,0.5777694046671555,gbrt:dm_only
2007-03,0.007052415266621588,0.005947150187395124,0.5526325396132323,gbrt:dm_only
2007-04,0.00815322769733894,0.007153833801075772,0.49969694813158466,gbrt:dm_only
2007-05,0.0037260488720782586,0.0026889137351288877,0.5185675684746853,gbrt:dm_only
2007-06,-0.0021198914720682092,-0.003274094161143659,0.5771013445377249,gbrt:dm_only
2007-07,-0.0017227188878115402,-0.003060616412594883,0.6689487623916713,gbrt:dm_only
2007-08,6.285833923822196e-05,-0.0012195978195679437,0.6412280794030829,gbrt:dm_only
2007-09,0.0015783759007453606,0.00034678583449399984,0.6157950331256801,gbrt:dm_only
2007-10,0.01292579324752505,0.01173939297277586,0.5932001373745958,gbrt:dm_only
2007-11,0.0026866362019333434,0.00153389170222143,0.5763722498559565,gbrt:dm_only
2007-12,0.003849376084375062,0.0026668438892318283,0.5912660975716166,gbrt:dm_only
2008-01,0.0010979337920790254,3.306676263786415e-06,0.5473135579076197,gbrt:dm_only
2008-02,-0.0006230870728547422,-0.001924623921207162,0.6507684241762097,gbrt:dm_only
2008-03,0.0023444794489365576,0.0011496326275720035,0.5974234106822772,gbrt:dm_only
2008-04,0.0037003909439537346,0.002505094424849037,0.597648259552349,gbrt:dm_only
2008-05,-0.0005632648614378571,-0.0018879780655440856,0.6623566020531143,gbrt:dm_only
2008-06,0.010415524608011014,0.009282701403811015,0.5664116020999987,gbrt:dm_only
2008-07,-0.006660041097699307,-0.007711652894292556,0.5258058982966248,gbrt:dm_only
2008-08,0.008308994600324708,0.006891383949794296,0.7088053252652058,gbrt:dm_only
2008-09,0.01102284618556755,0.009953901509978947,0.5344723377943011,gbrt:dm_only
2008-10,0.02932732356053139,0.028160295819489978,0.5835138705207067,gbrt:dm_only
2008-11,0.018435318961710297,0.017360825088923875,0.5372469363932099,gbrt:dm_only
2008-12,-0.0024117506950584646,-0.0034094391550132832,0.49884422997740907,gbrt:dm_only
2009-01,0.0027367491987973992,0.0016218979117936206,0.557425643501889,gbrt:dm_only
2009-02,0.008777029246843688,0.007580703777720243,0.5981627345617232,gbrt:dm_only
2009-03,-0.010486739056136136,-0.011436629685653631,0.4749453147587477,gbrt:dm_only
2009-04,-0.02382061641676567,-0.025022788334981762,0.6010859591080459,gbrt:dm_only
2009-05,0.008811991512846604,0.007116748704717516,0.8476214040645433,gbrt:dm_only
2009-06,-0.004697216721978741,-0.006374830625345455,0.8388069516833567,gbrt:dm_only
2009-07,0.005692034455915254,0.003924849493698004,0.8835924811086251,gbrt:dm_only
2009-08,0.0018029983119642922,0.0002537163642315756,0.7746409738663583,gbrt:dm_only
2009-09,0.0051904728386175875,0.0037431691002523648,0.7236518691826114,gbrt:dm_only
2009-10,0.00204242662955378,0.0006934338633187462,0.6744963831175168,gbrt:dm_only
2009-11,-0.00011269499037110373,-0.0015773673373653471,0.7323361734971219,gbrt:dm_only
2009-12,-0.003553915058571516,-0.0048803346407548425,0.6632097910916633,gbrt:dm_only
2010-01,0.002746444404610616,0.0013407774838700235,0.702833460370296,gbrt:dm_only
2010-02,-0.0013987719904831441,-0.002745291086669702,0.673259548093279,gbrt:dm_only
2010-03,-0.0036507171706328307,-0.005089899153652173,0.7195909915096711,gbrt:dm_only
2010-04,0.004508334231607477,0.0031224057953736797,0.6929642181168991,gbrt:dm_only
2010-05,0.003643984945076971,0.0021902585532024782,0.7268631959372464,gbrt:dm_only
2010-06,0.006538217291633556,0.005335552436086919,0.6013324277733191,gbrt:dm_only
2010-07,-0.000296195166234268,-0.0013249377649376475,0.5143712993516898,gbrt:dm_only
2010-08,0.0024260769708981662,0.0012016269543170077,0.6122250082905792,gbrt:dm_only
2010-09,0.0013197239603887538,5.3808879897830375e-05,0.6329575402454618,gbrt:dm_only
2010-10,0.006937539667985305,0.005763578464598206,0.5869806016935493,gbrt:dm_only
2010-11,0.009159011563942695,0.008107042252231357,0.5259846558556693,gbrt:dm_only
2010-12,0.006750173179977215,0.005687132777887279,0.5315202010449686,gbrt:dm_only
2011-01,0.003006795803573052,0.002006864683178269,0.4999655601973915,gbrt:dm_only
2011-02,-0.0006719545777204818,-0.0017544730830826066,0.5412592526810626,gbrt:dm_only
2011-03,-5.7262336756009744e-05,-0.0010804625781553096,0.5116001206996499,gbrt:dm_only
2011-04,0.00827482530513761,0.007240770870830217,0.5170272171536959,gbrt:dm_only
2011-05,0.004161324253959984,0.0032954835709202413,0.4329203415198714,gbrt:dm_only
2011-06,0.0037191906012556714,0.002844374324906158,0.4374081381747567,gbrt:dm_only
2011-07,0.007971206468462711,0.007140496768405867,0.41535485002842215,gbrt:dm_only
2011-08,0.009574770142601025,0.008759283529090098,0.40774330675546383,gbrt:dm_only
2011-09,0.010217283257349472,0.009414591368431304,0.4013459444590842,gbrt:dm_only
2011-10,-0.008020014412018509,-0.00896065820115087,0.47032189456618084,gbrt:dm_only
2011-11,0.007858629074311615,0.00671686297117832,0.5708830515666482,gbrt:dm_only
2011-12,0.0028821782950500564,0.0018396335318928633,0.5212723815785968,gbrt:dm_only
2012-01,-0.019003868410869627,-0.019934914837004367,0.4655232130673698,gbrt:dm_only
2012-02,-0.004059179336570752,-0.005259698835499363,0.6002597494643058,gbrt:dm_only
2012-03,0.006813392942982048,0.00565731448776674,0.5780392276076542,gbrt:dm_only
2012-04,0.0056619124154360725,0.0046197161224315825,0.5210981465022453,gbrt:dm_only
2012-05,0.0041799860907685395,0.0031106815139343947,0.5346522884170725,gbrt:dm_only
2012-06,0.004600120128682634,0.003754906816759093,0.42260665596177044,gbrt:dm_only
2012-07,0.007126958679146932,0.00622517122108035,0.4508937290332916,gbrt:dm_only
2012-08,0.0054369271696629706,0.004618403036989308,0.4092620663368313,gbrt:dm_only
2012-09,-0.0003572596918860967,-0.0012333623892397255,0.43805134867681417,gbrt:dm_only
2012-10,0.0013726597475041038,0.0003603873762741489,0.5061361856149776,gbrt:dm_only
2012-11,0.006327927274446272,0.005345562957389592,0.49118215852833963,gbrt:dm_only
2012-12,-0.0023122924465950974,-0.0032024803074024435,0.4450939304036728,gbrt:dm_only
2013-01,0.0022344440819032454,0.0012425399952380738,0.49595204333258586,gbrt:dm_only
2013-02,0.004267998399804547,0.0032384845451651416,0.514756927319703,gbrt:dm_only
2013-03,0.00821752052948611,0.007283811374056088,0.466854577715011,gbrt:dm_only
2013-04,0.010902997887891602,0.010092092064484574,0.40545291170351383,gbrt:dm_only
2013-05,0.0037936170031273053,0.0029671452736003685,0.4132358647634679,gbrt:dm_only
2013-06,0.0026501706320516466,0.001610075081887594,0.5200477750820262,gbrt:dm_only
2013-07,0.008243852015144671,0.007122314368120738,0.5607688235119667,gbrt:dm_only
2013-08,0.00151347705051383,0.0003987111874730576,0.5573829315203862,gbrt:dm_only
2013-09,-0.00627126382173184,-0.007416867287073384,0.572801732670772,gbrt:dm_only
2013-10,0.0032556383224395936,0.002196347872631624,0.5296452249039847,gbrt:dm_only
2013-11,-0.00016144294632984319,-0.0011269655644249121,0.4827613090475344,gbrt:dm_only
2013-12,0.004271431929744208,0.003381329474658813,0.44505122754269766,gbrt:dm_only
2014-01,0.0027737416146992088,0.001980060548815077,0.396840532942066,gbrt:dm_only
2014-02,0.005235072372864072,0.0043531995158925555,0.44093642848575865,gbrt:dm_only
2014-03,0.0010523259621718494,0.00015809722036347495,0.44711437090418715,gbrt:dm_only
2014-04,0.0005576165565579289,-0.0004275243239500024,0.49257044025396585,gbrt:dm_only
2014-05,0.0035908968255424626,0.002589583969523932,0.5006564280092657,gbrt:dm_only
2014-06,0.0054251158028028055,0.004424654655308191,0.5002305737473077,gbrt:dm_only
2014-07,-0.0010936562971959572,-0.0021162768964257178,0.5113102996148805,gbrt:dm_only
2014-08,0.0015999300623659172,0.0005299312209619484,0.5349994207019844,gbrt:dm_only
2014-09,-0.0014743397800033543,-0.0024099247706001335,0.46779249529838957,gbrt:dm_only
2014-10,0.003921330557593403,0.0029753705635007515,0.47297999704632576,gbrt:dm_only
2014-11,0.009844046773765673,0.0088859753784575,0.47903569765408616,gbrt:dm_only
2014-12,0.014081086183512713,0.0132016743170083,0.4397059332522064,gbrt:dm_only
2015-01,0.006868603298943313,0.005973896148967312,0.4473535749880007,gbrt:dm_only
2015-02,-0.0003557704277853709,-0.0014029170083741727,0.5235732902944011,gbrt:dm_only
2015-03,0.00840477985366307,0.007337154128690986,0.5338128624860415,gbrt:dm_only
2015-04,-0.011839657706661767,-0.012869186951746997,0.5147646225426145,gbrt:dm_only
2015-05,0.0012516324910750666,-8.992255954773029e-05,0.6707775253113984,gbrt:dm_only
2015-06,0.004213952888315082,0.003001432944459616,0.6062599719277331,gbrt:dm_only
2015-07,0.00945697974403636,0.008551833013352168,0.45257336534209597,gbrt:dm_only
2015-08,0.00835213187432212,0.007446796962559876,0.4526674558811219,gbrt:dm_only
2015-09,0.005667703301867505,0.004781634282208708,0.44303450982939824,gbrt:dm_only
2015-10,-0.005071959922115985,-0.0060031075267168894,0.4655738023004521,gbrt:dm_only
2015-11,0.0034735089668969784,0.0023772385912842124,0.5481351878063832,gbrt:dm_only
2015-12,0.0003748072661270485,-0.0006926000673501762,0.5337036667386121,gbrt:dm_only
2016-01,0.0016812830996180083,0.0006547844372644512,0.5132493311767786,gbrt:dm_only
2016-02,-0.002088599651016198,-0.0031718329357939418,0.5416166423888723,gbrt:dm_only
2016-03,-0.0067904030547871405,-0.008007855660189519,0.6087263027011894,gbrt:dm_only
2016-04,0.003649446867321965,0.0023981718277693307,0.625637519776317,gbrt:dm_only
2016-05,0.0023649899509837514,0.0012392268094400549,0.5628815707718481,gbrt:dm_only
2016-06,-0.0011745312676493033,-0.0023024513323860385,0.5639600323683674,gbrt:dm_only
2016-07,-0.001433151766532557,-0.002460077192822572,0.5134627131450076,gbrt:dm_only
2016-08,0.004507519761718641,0.0033533032391660426,0.5771082612762992,gbrt:dm_only
2016-09,0.004155574796971105,0.003109551666389201,0.5230115652909517,gbrt:dm_only
2016-10,0.0016607707202043363,0.0007925554687820265,0.43410762571115485,gbrt:dm_only
2016-11,-0.00311094298841446,-0.00410793257391506,0.49849479275030056,gbrt:dm_only
2016-12,0.0003537930058261911,-0.0007860283677083735,0.5699106867672823,gbrt:dm_only
2017-01,0.003927513654436241,0.002859592713574901,0.5339604704306699,gbrt:dm_only
2017-02,3.077414005311687e-05,-0.0010594480371156115,0.5451110885843643,gbrt:dm_only
2017-03,0.0008045591837233028,-0.00018390085519991162,0.49423001946160705,gbrt:dm_only
2017-04,9.862926745709966e-06,-0.0009982990683298522,0.5040809975377806,gbrt:dm_only
2017-05,0.0031897377783567825,0.0022360174805697818,0.4768601488935003,gbrt:dm_only
2017-06,0.001015648977942056,-2.272340200702085e-05,0.5191861899745384,gbrt:dm_only
2017-07,0.002685229041853142,0.0017390457635286932,0.4730916391622245,gbrt:dm_only
2017-08,0.0028198697256748497,0.0018388887814974292,0.4904904720887104,gbrt:dm_only
2017-09,0.0007404389061281799,-0.00010399344487898812,0.4222161755035841,gbrt:dm_only
2017-10,0.003005956220568621,0.002167379122528307,0.4192885490201569,gbrt:dm_only
2017-11,0.0019237378767143316,0.0009077829595047632,0.5079774586047839,gbrt:dm_only
2017-12,0.003918646693189485,0.0029228939543957055,0.49787636939688945,gbrt:dm_only
2018-01,0.004174018297037405,0.0031011051375564908,0.5364565797404569,gbrt:dm_only
2018-02,0.002808066706542014,0.0016736232078627695,0.5672217493396221,gbrt:dm_only
2018-03,0.0025573857514735424,0.001557221775620215,0.5000819879266637,gbrt:dm_only
2018-04,0.0013237645707212672,0.0003118609237646145,0.5059518234783259,gbrt:dm_only
2018-05,0.0028585472035885075,0.0018235100057554373,0.5175185989165351,gbrt:dm_only
2018-06,0.002861586711909935,0.0018114158606885443,0.5250854256106952,gbrt:dm_only
2018-07,0.0033794952212900576,0.002439798385515801,0.4698484178871283,gbrt:dm_only
2018-08,0.00508227049562332,0.004121168284380555,0.4805511056213822,gbrt:dm_only
2018-09,0.012729063302388398,0.011781073316426117,0.47399499298113934,gbrt:dm_only
2018-10,0.004059785036266728,0.0030668735302944975,0.49645575298611555,gbrt:dm_only
2018-11,-0.00026933977037944226,-0.001284608594944011,0.5076344122822841,gbrt:dm_only
2018-12,0.005421616689135136,0.004211830708171714,0.6048929904817112,gbrt:dm_only
2019-01,-0.00038055738974059663,-0.0014028743999959673,0.5111585051276852,gbrt:dm_only
2019-02,-0.006564887248990085,-0.007772606426171999,0.6038595885909571,gbrt:dm_only
2019-03,0.004284364012887424,0.0030958692276994173,0.5942473925940035,gbrt:dm_only
2019-04,0.0023405226527284913,0.0013556675721405494,0.49242754029397084,gbrt:dm_only
2019-05,0.001821362990053605,0.000826119035350503,0.49762197735155117,gbrt:dm_only
2019-06,0.0019845519366276966,0.0008339573974929976,0.5752972695673496,gbrt:dm_only
2019-07,0.0068886381112893,0.0058619161612350704,0.5133609750271145,gbrt:dm_only
2019-08,0.0044550106075727635,0.0035092176794246795,0.47289646407404184,gbrt:dm_only
2019-09,-0.0025567587042599803,-0.003546041189211738,0.4946412424758789,gbrt:dm_only
2019-10,0.0022815879379345866,0.0012468851141376129,0.5173514118984869,gbrt:dm_only
2019-11,0.000925928787477067,-3.76569892850121e-05,0.4817928883810394,gbrt:dm_only
2019-12,0.006206305331567161,0.005102818114412519,0.5517436085773215,gbrt:dm_only
2020-01,0.006339680283102697,0.005466687439121316,0.43649642199069016,gbrt:dm_only
2020-02,0.008148897193343187,0.007271479590546779,0.43870880139820384,gbrt:dm_only
2020-03,0.014354438597185194,0.01353694632473579,0.40874613622470163,gbrt:dm_only
2020-04,-0.01776543388664181,-0.019070334289639806,0.6524502014989993,gbrt:dm_only
2020-05,-0.0014469570915865875,-0.003133606646795366,0.8433247776043895,gbrt:dm_only
2020-06,-0.003268015464852403,-0.004639517237487846,0.6857508863177217,gbrt:dm_only
2020-07,0.002892758402438064,0.0014997530165284656,0.6965026929547989,gbrt:dm_only
2020-08,-0.0012420620403474892,-0.0025295178372572464,0.6437278984548787,gbrt:dm_only
2020-09,-0.004053442547163562,-0.00531227885279447,0.629418152815454,gbrt:dm_only
2020-10,0.0006300704201829679,-0.0007083497710084686,0.6692100955957183,gbrt:dm_only
2020-11,-0.018152615823536264,-0.019331442409855428,0.5894132931595827,gbrt:dm_only
2020-12,0.0077003989664750335,0.005918964680882108,0.8907171427964634,gbrt:dm_only
2021-01,0.0002022537736797091,-0.0013872464188730135,0.7947500962763612,gbrt:dm_only
2021-02,0.004511418731904437,0.0031204049771647938,0.695506877369822,gbrt:dm_only
2021-03,0.006333585800670457,0.004908025877725076,0.7127799614726903,gbrt:dm_only
2021-04,0.003456639421832994,0.0020010224804810905,0.7278084706759514,gbrt:dm_only
2021-05,0.0041934859610658366,0.002714931366990161,0.7392772970378378,gbrt:dm_only
2021-06,-0.0018936475952363618,-0.003188215981395022,0.6472841930793302,gbrt:dm_only
2021-07,0.003350615382239994,0.0020559339566436057,0.647340712798194,gbrt:dm_only
2021-08,-0.001623319082064558,-0.002920019363935987,0.6483501409357149,gbrt:dm_only
2021-09,0.007095758394922022,0.0057286188792081616,0.6835697578569305,gbrt:dm_only
2021-10,0.003079811180638985,0.0018352804600248733,0.6222653603070559,gbrt:dm_only
2021-11,0.0025831867143341976,0.0013732298243267584,0.6049784450037197,gbrt:dm_only
2021-12,0.008018955101205162,0.006605448051519755,0.7067535248427036,gbrt:dm_only
2022-01,0.01068578799075867,0.009646682507813469,0.5195527414725998,gbrt:dm_only
2022-02,0.006615824066315984,0.0056264352894905886,0.49469438841269836,gbrt:dm_only
2022-03,0.009679022283309453,0.008659752201236052,0.5096350410367007,gbrt:dm_only
2022-04,0.011382629281226601,0.010484015968183059,0.44930665652177043,gbrt:dm_only
2022-05,0.004291081108518637,0.003430168828663041,0.43045613992779824,gbrt:dm_only
2022-06,0.0022386512769888944,0.0012666075168839307,0.48602188005248176,gbrt:dm_only
2022-07,-0.004695091975346943,-0.005759807838906767,0.532357931779912,gbrt:dm_only
2022-08,-0.0007047178536015244,-0.0017448484902798892,0.5200653183391822,gbrt:dm_only
2022-09,0.0065394640284750505,0.00548260282997265,0.5284305992511998,gbrt:dm_only
2022-10,0.005935308236423204,0.004933616364981541,0.5008459357208322,gbrt:dm_only
2022-11,-0.007091430222956458,-0.008145933170091444,0.527251473567493,gbrt:dm_only
2022-12,0.0036039062638758917,0.0024046109829853725,0.5996476404452595,gbrt:dm_only
2023-01,0.0005386960164267935,-0.0006589389655921724,0.598817491009483,gbrt:dm_only
2023-02,0.00545958276152217,0.0043603008648986285,0.5496409483117707,gbrt:dm_only
2023-03,0.003696499890577085,0.0027836452562477877,0.4564273171646489,gbrt:dm_only
2023-04,0.00047812162359104753,-0.0005189654900567311,0.49854355682388946,gbrt:dm_only
2023-05,-0.0015346618595434062,-0.00245348829147558,0.459413215966087,gbrt:dm_only
2023-06,0.0017995026521974863,0.000803333401094456,0.49808462555151506,gbrt:dm_only
2023-07,0.0030123469953035244,0.0019729273335618476,0.5197098308708381,gbrt:dm_only
2023-08,0.002289132418624318,0.0013318369461474849,0.47864773623841655,gbrt:dm_only
2023-09,0.010385120287521608,0.009434762208965353,0.4751790392781277,gbrt:dm_only
2023-10,0.007465526177704181,0.006599348419087526,0.4330888793083272,gbrt:dm_only
2023-11,-0.007447995144224908,-0.008407613686767873,0.47980927127148276,gbrt:dm_only
2023-12,0.003916925916058126,0.002845878803354367,0.5355235563518795,gbrt:dm_only
2024-01,0.009175139750395479,0.00817647964460466,0.4993300528954098,gbrt:dm_only
2024-02,0.0011101425966859198,0.00014686607885051553,0.48163825891770207,gbrt:dm_only
2024-03,0.0031259301369835403,0.002139202981228194,0.4933635778776729,gbrt:dm_only
2024-04,-0.00022160976744506683,-0.001254245767888186,0.5163180002215596,gbrt:dm_only
2024-05,0.0016843215202550761,0.0007193428619191949,0.4824893291679405,gbrt:dm_only
2024-06,-0.0008567392082585581,-0.001833547736531,0.4884042641362209,gbrt:dm_only
2024-07,0.0005031649363431157,-0.00043703258134706235,0.4700987588450891,gbrt:dm_only
2024-08,0.0035967712738943485,0.002649972851500368,0.4733992111969901,gbrt:dm_only
2024-09,0.0005918755615982434,-0.00031142607581519967,0.45165081870672164,gbrt:dm_only
2024-10,0.004908926605911199,0.003957864715328773,0.47553094529121276,gbrt:dm_only
2024-11,0.0095858851085123,0.008654648477858242,0.4656183153270291,gbrt:dm_only
2024-12,0.0022732371399710356,0.0013132794512794043,0.47997884434581556,gbrt:dm_only
2025-01,0.0005417317928309958,-0.0003132608452950046,0.4274963190630002,gbrt:dm_only
2025-02,0.0041450091425883325,0.0032491270690506737,0.44794103676882924,gbrt:dm_only
2025-03,0.00589660249780527,0.005039987214149792,0.4283076418277392,gbrt:dm_only
2025-04,-0.0012375481055877735,-0.00202467159344906,0.39356174393064314,gbrt:dm_only
2025-05,-0.0013673452927758113,-0.002275880757955052,0.45426773258962055,gbrt:dm_only
2025-06,-0.0005440552605965706,-0.0014164271170791444,0.43618592824128694,gbrt:dm_only
2025-07,-0.0015990404493569671,-0.0023654884141160355,0.38322398237953426,gbrt:dm_only
2025-08,0.003746184612692681,0.0028295486335480164,0.4583179895723323,gbrt:dm_only
2025-09,0.005605681068406658,0.004672069274685901,0.4668058968603786,gbrt:dm_only
2025-10,0.010990867702216132,0.010074856869381374,0.45800541641737896,gbrt:dm_only
2025-11,0.001705312277671167,0.0006938639491455532,0.5057241642628071,gbrt:dm_only
2025-12,0.009278040245952442,0.008284476479514389,0.4967818832190258,gbrt:dm_only
2000-01,0.009609169974302837,0.009609169974302837,0.0,gbrt:own
2000-02,0.007439281628983185,0.0056130809480796915,0.9131003404517468,gbrt:own
2000-03,-0.0006411624964376012,-0.00229164747538471,0.8252424894735543,gbrt:own
2000-04,-0.0032485226010773157,-0.0052853937333558944,1.018435566139289,gbrt:own
2000-05,0.002925328833356056,0.0011514539245325384,0.886937454411759,gbrt:own
2000-06,-0.006041378977861757,-0.007911112685146608,0.9348668536424256,gbrt:own
2000-07,0.003114707687596292,0.0012891399080897435,0.9127838897532743,gbrt:own
2000-08,-0.0036554439174668026,-0.005234882321741106,0.7897192021371512,gbrt:own
2000-09,0.002894620112807573,0.001051972900147173,0.9213236063302,gbrt:own
2000-10,0.0036319989058242567,0.0019081209542699642,0.8619389757771463,gbrt:own
2000-11,0.00746096822743165,0.005962371622922027,0.7492983022548119,gbrt:own
2000-12,-0.008330191629508259,-0.010233053193098363,0.9514307817950519,gbrt:own
2001-01,-0.008079805801765053,-0.009984086086975428,0.9521401426051876,gbrt:own
2001-02,0.019384865718920265,0.017259162902109174,1.0628514084055465,gbrt:own
2001-03,0.007021717805110092,0.0049423090076473036,1.0397043987313939,gbrt:own
2001-04,-0.0015152951983359426,-0.003256433102521929,0.8705689520929929,gbrt:own
2001-05,0.008294080873644801,0.006487710086148312,0.9031853937482446,gbrt:own
2001-06,-0.0012545981684307411,-0.0029173956515563776,0.831398741562818,gbrt:own
2001-07,0.010408966917959693,0.008601224033235393,0.9038714423621511,gbrt:own
2001-08,-0.005936293472484447,-0.007529004527492679,0.7963555275041156,gbrt:own
2001-09,0.008406786406859575,0.0067124270320083074,0.8471796874256345,gbrt:own
2001-10,-0.0051478325069279265,-0.006991718025417455,0.9219427592447643,gbrt:own
2001-11,-0.001995297928665245,-0.0038317415728572335,0.9182218220959942,gbrt:own
2001-12,0.012947268332187864,0.011124207984270464,0.9115301739587001,gbrt:own
2002-01,-0.006032876856242593,-0.007912978469348854,0.9400508065531304,gbrt:own
2002-02,0.005767507943268637,0.004388401747650415,0.6895530978091109,gbrt:own
2002-03,0.002092002209604278,0.0007637164301303134,0.6641428897369818,gbrt:own
2002-04,0.00533281468792131,0.003938105451123163,0.6973546183990734,gbrt:own
2002-05,0.0033660482638258726,0.0018938472077325741,0.7361005280466486,gbrt:own
2002-06,-0.0009790732875979667,-0.0022234464947704737,0.6221866035862538,gbrt:own
2002-07,-0.003907041608530209,-0.0051312870103925245,0.612122700931158,gbrt:own
2002-08,0.005997457622126116,0.004756227792575093,0.6206149147755109,gbrt:own
2002-09,0.010650041780988419,0.009586567914535254,0.5317369332265829,gbrt:own
2002-10,0.007904039655009205,0.006869748158702027,0.5171457481535885,gbrt:own
2002-11,-0.001223463597874519,-0.0025766566052476355,0.6765965036865584,gbrt:own
2002-12,-0.003240791661873055,-0.00443644133881105,0.5978248384689971,gbrt:own
2003-01,-0.0026796492230301487,-0.0037562608215436664,0.5383057992567591,gbrt:own
2003-02,0.004363175021856394,0.0033218133399941572,0.5206808409311187,gbrt:own
2003-03,0.003192098526582843,0.0022043284935169675,0.4938850165329376,gbrt:own
2003-04,0.005972037093565099,0.005090307622489325,0.44086473553788635,gbrt:own
2003-05,0.0010936505760904013,-5.1669266044360434e-05,0.5726599210673812,gbrt:own
2003-06,0.006480952342858596,0.005277597638056264,0.6016773524011655,gbrt:own
2003-07,0.005747056276061528,0.004719753709153266,0.5136512834541314,gbrt:own
2003-08,0.0019030963048615869,0.000946420290815638,0.4783380070229743,gbrt:own
2003-09,0.005563912649471068,0.00445557927076165,0.5541666893547091,gbrt:own
2003-10,0.005184093032642869,0.004198470268635717,0.492811382003576,gbrt:own
2003-11,0.0012916412214875484,0.00033812205066365475,0.4767595854119468,gbrt:own
2003-12,0.0009872732184019561,1.35509903273803e-05,0.4868611140372876,gbrt:own
2004-01,-0.0001608420919825305,-0.0011702605035745254,0.5047092057959975,gbrt:own
2004-02,0.0021838759052224647,0.0010313568893970558,0.5762595079127044,gbrt:own
2004-03,0.0028560286884111645,0.0018697604602656841,0.4931341140727402,gbrt:own
2004-04,0.003445160459953786,0.002546277723381863,0.44944136828596154,gbrt:own
2004-05,-0.001306011669041144,-0.0023149633057835727,0.5044758183712141,gbrt:own
2004-06,0.0026429042587106347,0.0016864566408928568,0.4782238089088889,gbrt:own
2004-07,0.004466481649685899,0.0035849610239207293,0.4407603128825851,gbrt:own
2004-08,0.004520083172309951,0.0036732640748156995,0.42340954874712605,gbrt:own
2004-09,0.004219940748160113,0.0032984257501840245,0.4607574989880444,gbrt:own
2004-10,0.006118210437748812,0.005312283102248429,0.4029636677501918,gbrt:own
2004-11,0.0028930046413998753,0.002122928606011115,0.3850380176943801,gbrt:own
2004-12,0.005484248459313607,0.004473098288383567,0.50557508546502,gbrt:own
2005-01,-0.0011332381038207857,-0.0022395598329675147,0.5531608645733644,gbrt:own
2005-02,0.009629249623569302,0.008651873240686683,0.4886881914413099,gbrt:own
2005-03,0.008470886488776851,0.007528088960099121,0.47139876433886424,gbrt:own
2005-04,0.01450566753323899,0.01369066617265635,0.4075006802913196,gbrt:own
2005-05,-0.012141748318829526,-0.01281949608752134,0.3388738843459065,gbrt:own
2005-06,0.00037713687353637396,-0.0006655503378418639,0.5213436056891189,gbrt:own
2005-07,0.008972132055631039,0.008060920204256486,0.45560592568727687,gbrt:own
2005-08,-0.0017741079625468745,-0.0026487419671921493,0.4373170023226373,gbrt:own
2005-09,0.00113224460820535,0.0001479815411951056,0.4921315335051221,gbrt:own
2005-10,-0.0006330681176128428,-0.0014367039517642294,0.40181791707569325,gbrt:own
2005-11,-0.001529090328321438,-0.0023387452366650406,0.4048274541718012,gbrt:own
2005-12,-0.000751986402928156,-0.0016390204141319173,0.4435170056018805,gbrt:own
2006-01,-0.0061641941989114685,-0.007034447157152264,0.43512647912039804,gbrt:own
2006-02,-0.004506100377941748,-0.0054761527337301675,0.4850261778942099,gbrt:own
2006-03,-0.000730902883544916,-0.00155376017978636,0.4114286481207216,gbrt:own
2006-04,0.0015039615386176002,0.0006053919947853857,0.4492847719161072,gbrt:own
2006-05,-0.0019090802960378777,-0.002781703812206787,0.43631175808445477,gbrt:own
2006-06,0.009985912561264191,0.009214764540542632,0.3855740103607795,gbrt:own
2006-07,0.001588875110893701,0.000590543665147825,0.49916572287293803,gbrt:own
2006-08,-0.004552331832826363,-0.005399083774484963,0.4233759708292998,gbrt:own
2006-09,-0.001216377832548437,-0.0020604890477353838,0.42205560759347344,gbrt:own
2006-10,0.00034671980496965853,-0.0004253684896368129,0.38604414730323566,gbrt:own
2006-11,0.00827873926649413,0.007485537327940667,0.3966009692767321,gbrt:own
2006-12,0.0005620659036371109,-0.00028551642809149767,0.42379116586430443,gbrt:own
2007-01,0.0073752055213801146,0.006475533605666125,0.4498359578569949,gbrt:own
2007-02,-0.00034398406292809175,-0.0013531426724997413,0.5045793047858248,gbrt:own
2007-03,0.008103343853678599,0.007212029934186583,0.44565695974600783,gbrt:own
2007-04,0.0032945279601406287,0.002336468990224163,0.479029484958233,gbrt:own
2007-05,0.00027772036496605035,-0.0007337331687748613,0.5057267668704559,gbrt:own
2007-06,0.00012010894106292124,-0.0008927920290953381,0.5064504850791296,gbrt:own
2007-07,-0.001154858607962217,-0.002251942913025729,0.5485421525317562,gbrt:own
2007-08,0.000593044838663638,-0.0003956468613181036,0.4943458499908707,gbrt:own
2007-09,0.0007303698016055743,-0.00023678900340206747,0.4835794025038208,gbrt:own
2007-10,0.008908017307898836,0.007945832642541466,0.48109233267868456,gbrt:own
2007-11,0.0031622517372860526,0.002155149522917181,0.5035511071844356,gbrt:own
2007-12,0.0032015212121768674,0.0022119955012310176,0.4947628554729248,gbrt:own
2008-01,0.00047783383106075737,-0.0004885325675952588,0.4831831993280079,gbrt:own
2008-02,0.004995703884952193,0.004024367168187398,0.4856683583823973,gbrt:own
2008-03,-0.0002692806194692831,-0.001092997243637337,0.41185831208402696,gbrt:own
2008-04,0.0037290214544150753,0.0028188962775711904,0.45506258842194214,gbrt:own
2008-05,-0.0013027690654889238,-0.0022965253566925342,0.49687814560180515,gbrt:own
2008-06,0.007198347157001505,0.006280750356418149,0.4587984002916779,gbrt:own
2008-07,-0.0007562118522166068,-0.0016117469956105162,0.42776757169695473,gbrt:own
2008-08,0.006433008634032621,0.00537467126323018,0.5291686854012203,gbrt:own
2008-09,0.006688048152097655,0.00575982385607412,0.46411214801176687,gbrt:own
2008-10,0.020621244111386248,0.019591274052171783,0.514985029607232,gbrt:own
2008-11,0.0166740650328565,0.015488955450834303,0.5925547910110994,gbrt:own
2008-12,0.002291567755973725,0.0009195212984792999,0.6860232287472123,gbrt:own
2009-01,-0.003956962613397184,-0.005239018308090563,0.6410278473466894,gbrt:own
2009-02,0.0015482122592267666,0.0002104864356924632,0.6688629117671516,gbrt:own
2009-03,-0.003325291898159734,-0.004537442324584378,0.606075213212322,gbrt:own
2009-04,-0.007797940197388996,-0.009053384097242653,0.6277219499268285,gbrt:own
2009-05,-0.0007015898979026533,-0.00220060535662282,0.7495077293600834,gbrt:own
2009-06,0.0029893675285942185,0.001500940094112431,0.7442137172408937,gbrt:own
2009-07,0.00011514149231676057,-0.0011693768040790247,0.6422591481978928,gbrt:own
2009-08,0.0013198864225525816,0.00010555344415276915,0.6071664891999062,gbrt:own
2009-09,0.0039058954543089845,0.0028224653164775773,0.5417150689157034,gbrt:own
2009-10,0.0029351267468111595,0.0019469826523897894,0.49407204721068515,gbrt:own
2009-11,0.003928261052933809,0.002893127709545713,0.5175666716940481,gbrt:own
2009-12,-0.0007533417855373482,-0.0016664006173680629,0.45652941591535723,gbrt:own
2010-01,-0.002896633849204371,-0.003987957057095089,0.5456616039453591,gbrt:own
2010-02,-9.37923636654433e-05,-0.0010871878512975497,0.4966977438160532,gbrt:own
2010-03,-0.0029579020309974,-0.003967491588668334,0.5047947788354671,gbrt:own
2010-04,0.005166932438714802,0.004216996260405993,0.47496808915440436,gbrt:own
2010-05,0.004133830804909592,0.003182242363563929,0.475794220672832,gbrt:own
2010-06,0.005313855793800932,0.004418670180134751,0.44759280683309066,gbrt:own
2010-07,0.00016435673356792892,-0.000602044058939611,0.38320039625377,gbrt:own
2010-08,0.0023376904767147973,0.0013725092360785014,0.4825906203181478,gbrt:own
2010-09,-0.0017780426302231595,-0.0027288413391976037,0.4753993544872221,gbrt:own
2010-10,0.005588170254230556,0.004639582414845822,0.47429391969236684,gbrt:own
2010-11,0.00568688295110786,0.00476801505810557,0.4594339465011444,gbrt:own
2010-12,0.004787271482853976,0.0038518344692818327,0.4677185067860709,gbrt:own
2011-01,0.0027334854267115865,0.0018495799266815321,0.441952750015027,gbrt:own
2011-02,0.001496657627591327,0.0006026822866637938,0.44698767046376675,gbrt:own
2011-03,0.0012512450059050104,0.000403796075027792,0.4237244654386092,gbrt:own
2011-04,0.0038170747605949505,0.00291653390689637,0.45027042684929014,gbrt:own
2011-05,0.0033050020871243863,0.0025988815302122634,0.3530602784560615,gbrt:own
2011-06,0.0057476762413309086,0.00505719340765978,0.34524141683556414,gbrt:own
2011-07,0.005655979615025241,0.004918244422761376,0.36886759613193265,gbrt:own
2011-08,0.006072418238619615,0.005266316527534008,0.4030508555428038,gbrt:own
2011-09,0.005314483321731782,0.004496950158201615,0.4087665817650831,gbrt:own
2011-10,-0.015567423838537278,-0.01646949599007405,0.4510360757683883,gbrt:own
2011-11,0.008999580644573863,0.007941505695888036,0.5290374743429131,gbrt:own
2011-12,0.0006910253456893655,-0.00029248685222859087,0.49175609895897826,gbrt:own
2012-01,0.004640037324566963,0.0037867545542855804,0.4266413851406917,gbrt:own
2012-02,-0.00439358532264346,-0.005247105721207744,0.4267601992821419,gbrt:own
2012-03,0.0011292918408014603,0.00031122842949687566,0.40903170565229274,gbrt:own
2012-04,0.0004729460501910282,-0.00026768973964606005,0.37031789491854405,gbrt:own
2012-05,0.0005491607472881188,-0.00016093809487497762,0.3550494210815484,gbrt:own
2012-06,0.004530701146316828,0.0038271365055357895,0.3517823203905195,gbrt:own
2012-07,0.006576683764065334,0.005861266804867059,0.3577084795991379,gbrt:own
2012-08,0.00556342825792064,0.004904685303276886,0.32937147732187644,gbrt:own
2012-09,-0.0010083835257168154,-0.0016865211608743291,0.3390688175787569,gbrt:own
2012-10,0.0015629620535156864,0.0007811600691731459,0.39090099217127017,gbrt:own
2012-11,0.005782668489297682,0.005008204171690491,0.3872321588035953,gbrt:own
2012-12,-0.0014927167049258885,-0.002181775456304151,0.3445293756891311,gbrt:own
2013-01,0.002633274838414039,0.0018945072048995636,0.36938381675723775,gbrt:own
2013-02,0.004280260899059349,0.003483849077191232,0.3982059109340582,gbrt:own
2013-03,0.007245916179236168,0.0065703631786154446,0.33777650031036194,gbrt:own
2013-04,0.009134839793267398,0.008555223508646948,0.28980814231022567,gbrt:own
2013-05,0.00219676953504792,0.0014864386482266476,0.355165443410636,gbrt:own
2013-06,0.0023813972926401313,0.0015548771615043523,0.41326006556788936,gbrt:own
2013-07,0.011071952877068707,0.010216142973592275,0.42790495173821574,gbrt:own
2013-08,0.0037073082465864118,0.0028740183116410284,0.4166449674726916,gbrt:own
2013-09,-0.0017844576615886085,-0.0026404331642110412,0.42798775131121647,gbrt:own
2013-10,-0.0016015764003042797,-0.0025034907452007944,0.4509571724482573,gbrt:own
2013-11,-0.0005269398214539883,-0.0012957001797592983,0.38438017915265504,gbrt:own
2013-12,0.004510356671021867,0.0038150148310212976,0.34767092000028427,gbrt:own
2014-01,0.0033537058486005802,0.0027439238081377586,0.3048910202314109,gbrt:own
2014-02,0.00415588100579677,0.0034940431336037666,0.33091893609650197,gbrt:own
2014-03,0.0005441440344159392,-9.89967471475773e-05,0.32157039078175825,gbrt:own
2014-04,-0.0002163535756118483,-0.0009429881377953311,0.36331728109174133,gbrt:own
2014-05,0.004308828573808526,0.0035901984402329254,0.3593150667878,gbrt:own
2014-06,0.0049508431494276845,0.004269683855303092,0.3405796470622963,gbrt:own
2014-07,0.001078831237998088,0.00040995841415866194,0.33443641191971296,gbrt:own
2014-08,0.0007922764203771769,0.00010628621332267369,0.3429951035272517,gbrt:own
2014-09,-0.0016953519598418088,-0.002342261840244211,0.323454940201201,gbrt:own
2014-10,0.0038470692209871464,0.0032144342270636877,0.3163174969617292,gbrt:own
2014-11,0.008266132586070564,0.007608573560706457,0.32877951268205413,gbrt:own
2014-12,0.01208701174363882,0.011507859333432712,0.2895762051030547,gbrt:own
2015-01,0.006476427015199493,0.005837600059818661,0.3194134776904152,gbrt:own
2015-02,0.0029865187710539994,0.002199400942473234,0.3935589142903828,gbrt:own
2015-03,0.005968903191687916,0.005209087345238434,0.3799079232247414,gbrt:own
2015-04,-0.005628341457202611,-0.006412091051734898,0.3918747972661434,gbrt:own
2015-05,0.0008977836899497881,-5.959218867681506e-05,0.4786879393133015,gbrt:own
2015-06,0.006375877793102073,0.005600175633868982,0.3878510796165456,gbrt:own
2015-07,0.009450193104232795,0.008814944874441,0.3176241148958975,gbrt:own
2015-08,0.00815780676277364,0.00752856094335289,0.31462290971037493,gbrt:own
2015-09,0.005953556874740774,0.005310220702881701,0.3216680859295366,gbrt:own
2015-10,-0.00472443819070259,-0.005384165503734833,0.3298636565161218,gbrt:own
2015-11,0.003835549371827252,0.00302371744889543,0.40591596146591113,gbrt:own
2015-12,0.0011543281649090363,0.0003720549987222168,0.39113658309340976,gbrt:own
2016-01,0.001007400571008511,0.00028310969847416325,0.36214543626717377,gbrt:own
2016-02,-0.0015466699018041377,-0.0022982956582570683,0.37581287822646525,gbrt:own
2016-03,-0.010502401751674465,-0.011298159242132778,0.3978787452291559,gbrt:own
2016-04,0.0027567794334732495,0.0019384204209783786,0.4091795062474354,gbrt:own
2016-05,0.003834696909448528,0.003105127345649677,0.3647847818994259,gbrt:own
2016-06,-0.0009714969436431044,-0.0016786391942179648,0.3535711252874301,gbrt:own
2016-07,0.0005558690418443175,-0.00013151150747800258,0.3436902746611601,gbrt:own
2016-08,0.004939073565454961,0.0042033217140666004,0.36787592569418015,gbrt:own
2016-09,0.0048837274208885974,0.0040889436419937605,0.39739188944741843,gbrt:own
2016-10,0.002540952825146622,0.0018577266753354014,0.34161307490561016,gbrt:own
2016-11,-0.003996469731867478,-0.004659363022424222,0.331446645278372,gbrt:own
2016-12,0.0009826688877976502,0.00020172436354695168,0.39047226212534913,gbrt:own
2017-01,0.006533058869900185,0.00584971704184851,0.34167091402583777,gbrt:own
2017-02,-0.001130325698671443,-0.0017604949635455925,0.31508463243707474,gbrt:own
2017-03,0.003728936048937655,0.003176480400413701,0.2762278242619771,gbrt:own
2017-04,0.001354076882169565,0.0007653157000180672,0.2943805910757491,gbrt:own
2017-05,0.0046760786627579555,0.004061951439708163,0.3070636115248957,gbrt:own
2017-06,-0.000810579601455623,-0.0014418947018346535,0.3156575501895152,gbrt:own
2017-07,0.004541904433080015,0.003963025958911871,0.28943923708407227,gbrt:own
2017-08,0.00208153879160203,0.0015127465151337095,0.2843961382341601,gbrt:own
2017-09,0.0019739257199011167,0.0014480427434560258,0.2629414882225455,gbrt:own
2017-10,0.0035327494773754074,0.0030147503270779785,0.25899957514871447,gbrt:own
2017-11,0.0025712242350530595,0.001931721805859121,0.3197512145969691,gbrt:own
2017-12,0.0024655661717460243,0.0018508872116902541,0.30733948002788514,gbrt:own
2018-01,0.005077108023687683,0.00443297447913475,0.3220667722764666,gbrt:own
2018-02,0.003056808246366959,0.0024355855849824072,0.3106113306922758,gbrt:own
2018-03,0.0030678664750601087,0.002449540615760842,0.30916292964963316,gbrt:own
2018-04,0.0020915506124210585,0.0014957299327772267,0.29791033982191617,gbrt:own
2018-05,0.005154924002976492,0.00449215620928335,0.33138389684657127,gbrt:own
2018-06,0.003308330418234424,0.002675764200534385,0.31628310885001953,gbrt:own
2018-07,0.004010664230265761,0.003401248520418679,0.3047078549235407,gbrt:own
2018-08,0.004904749980496361,0.004293552025801281,0.3055989773475402,gbrt:own
2018-09,0.011361387213564349,0.010737038318997144,0.3121744472836029,gbrt:own
2018-10,0.0009363059962186951,0.0003115606969074344,0.3123726496556302,gbrt:own
2018-11,-0.001214920720807252,-0.0018879351212024698,0.33650720019760844,gbrt:own
2018-12,-0.0008923061593228472,-0.0016161523954689116,0.3619231180730322,gbrt:own
2019-01,0.002233152693303244,0.0015200037222202914,0.3565744855414765,gbrt:own
2019-02,-0.003998228354761242,-0.004734899916637048,0.3683357809379036,gbrt:own
2019-03,0.003076464812171481,0.0024016815361781116,0.3373916379966845,gbrt:own
2019-04,0.002885274098883071,0.0022845740148424907,0.30035004202029025,gbrt:own
2019-05,0.0014335956638950444,0.0008475137959184175,0.29304093398831355,gbrt:own
2019-06,0.0033964739560640596,0.002742608822427623,0.32693256681821836,gbrt:own
2019-07,0.0067562247802472365,0.00623102070660264,0.262602036822298,gbrt:own
2019-08,0.0032490749265921184,0.00271289967635989,0.2680876251161144,gbrt:own
2019-09,-0.0019044849879278876,-0.002446681811689343,0.2710984118807277,gbrt:own
2019-10,0.0012499650773036683,0.0006763924031316804,0.2867863370859938,gbrt:own
2019-11,0.0016379739284232966,0.0010870310308430135,0.2754714487901415,gbrt:own
2019-12,0.004921510644283235,0.004292666274284833,0.3144221849992007,gbrt:own
2020-01,0.004504190890699636,0.0038839093209181203,0.31014078489075836,gbrt:own
2020-02,0.007982298796535586,0.00733606467212759,0.32311706220399855,gbrt:own
2020-03,0.011203388620281198,0.010630844596289657,0.28627201199576996,gbrt:own
2020-04,-0.010734586045710441,-0.011624530524468707,0.44497223937913205,gbrt:own
2020-05,-0.001958799268090602,-0.0029256974778957517,0.4834491049025749,gbrt:own
2020-06,-0.0020998599505701316,-0.0029866373415892737,0.44338869550957105,gbrt:own
2020-07,0.000864796262006957,-1.2935540769950503e-06,0.433044908041976,gbrt:own
2020-08,-0.003979812269496,-0.004766226573335531,0.3932071519197651,gbrt:own
2020-09,0.00033030083996065437,-0.0004619353518945622,0.3961180959276083,gbrt:own
2020-10,0.0033470523691027094,0.002568699341157246,0.3891765139727317,gbrt:own
2020-11,-0.016392693903231205,-0.017059008000636363,0.33315704870257906,gbrt:own
2020-12,0.0017045125545329075,0.0006459166732185214,0.5292979406571928,gbrt:own
2021-01,0.002981715891949971,0.0019704953075140963,0.5056102922179376,gbrt:own
2021-02,0.001044528005002254,0.00028921588513467796,0.37765605993378804,gbrt:own
2021-03,0.0026122691953135418,0.0017272778378946098,0.4424956787094658,gbrt:own
2021-04,0.0023059021067742243,0.0013959674892484381,0.45496730876289315,gbrt:own
2021-05,0.005428848930541678,0.004599309530182906,0.41476970017938586,gbrt:own
2021-06,-0.003595771045937186,-0.0044277166396002885,0.41597279683155114,gbrt:own
2021-07,-0.0005136519908936649,-0.001277650622299818,0.3819993157030765,gbrt:own
2021-08,0.0017658191155734853,0.0010134113960002468,0.37620385978661924,gbrt:own
2021-09,0.006497932857932728,0.005728847870821061,0.3845424935558336,gbrt:own
2021-10,0.0013266885258994656,0.0004866462038426694,0.420021161028398,gbrt:own
2021-11,0.004941382249331546,0.0042166184101783445,0.3623819195766011,gbrt:own
2021-12,0.010656973870052973,0.009687100263874066,0.48493680308945386,gbrt:own
2022-01,0.012557849690623025,0.011855470507707954,0.3511895914575358,gbrt:own
2022-02,0.007738246501356755,0.006896552399998116,0.4208470506793201,gbrt:own
2022-03,0.008827716755839815,0.00796635171973775,0.4306825180510332,gbrt:own
2022-04,0.010994956955816603,0.010254499598812203,0.37022867850220015,gbrt:own
2022-05,0.0043539129418582794,0.003633125730807901,0.36039360552518906,gbrt:own
2022-06,0.0011465111710742115,0.0003805801028647705,0.3829655341047205,gbrt:own
2022-07,-0.002561773561333481,-0.0034022606626658665,0.4202435506661926,gbrt:own
2022-08,0.0007570607544713604,-0.00011456918635499585,0.43581497041317835,gbrt:own
2022-09,0.007076059195183221,0.006292893697142479,0.3915827490203707,gbrt:own
2022-10,0.0028346584692740522,0.0019994030565316577,0.4176277063711971,gbrt:own
2022-11,-0.0023647135385915577,-0.003173454136912592,0.4043702991605169,gbrt:own
2022-12,0.005639389808913359,0.004811202532341642,0.41409363828585877,gbrt:own
2023-01,0.0011400685546745163,0.00030189045604481,0.4190890493148531,gbrt:own
2023-02,0.002939142941419716,0.0020691904625657533,0.4349762394269811,gbrt:own
2023-03,0.005148441649950971,0.004444911493066906,0.35176507844203253,gbrt:own
2023-04,-0.0013775705500158211,-0.002099074176998636,0.36075181349140756,gbrt:own
2023-05,-0.001888369678405898,-0.0026067144808879466,0.359172401241024,gbrt:own
2023-06,0.003415123705393158,0.00268042729732375,0.367348204034704,gbrt:own
2023-07,0.0026083205847967075,0.0018357937731506076,0.3862634058230501,gbrt:own
2023-08,0.0014599189734327918,0.0006273650544700015,0.4162769594813952,gbrt:own
2023-09,0.009269787524363055,0.008477275612881125,0.396255955740965,gbrt:own
2023-10,0.006362435908385342,0.005734755943634305,0.3138399823755188,gbrt:own
2023-11,-0.005936939200104968,-0.0066751254807370045,0.36909314031601875,gbrt:own
2023-12,0.003575134739592851,0.0027803113734506005,0.3974116830711251,gbrt:own
2024-01,0.00942433183226005,0.008661394853629274,0.3814684893153888,gbrt:own
2024-02,0.0017080733883374632,0.0009810234284812697,0.3635249799280966,gbrt:own
2024-03,0.0037244689652856182,0.002964138761298765,0.38016510199342674,gbrt:own
2024-04,0.001321818819692624,0.0005583190972793544,0.3817498612066348,gbrt:own
2024-05,0.0031332639158012927,0.00245185279391873,0.34070556094128157,gbrt:own
2024-06,0.0011026633187936389,0.0003459457298224445,0.37835879448559706,gbrt:own
2024-07,0.0011865849712291566,0.0004892132293397203,0.348685870944718,gbrt:own
2024-08,0.0030569270055417833,0.002335274363743443,0.3608263208991701,gbrt:own
2024-09,-0.0004953060394903512,-0.001212907424837423,0.3588006926735358,gbrt:own
2024-10,0.0032407828314213387,0.002502982064855958,0.3689003832826904,gbrt:own
2024-11,0.008526071493013824,0.007792136423842158,0.3669675345858336,gbrt:own
2024-12,0.0018986705694690562,0.0011524455614370143,0.373112504016021,gbrt:own
2025-01,0.0011903145762895459,0.00045888931149794016,0.36571263239580304,gbrt:own
2025-02,0.004022013976177332,0.0032610794222719787,0.3804672769526769,gbrt:own
2025-03,0.005805026291479164,0.005070831347041247,0.3670974722189582,gbrt:own
2025-04,-0.0011365762002427354,-0.001828402617143301,0.3459132084502828,gbrt:own
2025-05,-0.001481716935592725,-0.0022062481934895252,0.36226562894840014,gbrt:own
2025-06,-0.0021520738647865735,-0.0028054531912238903,0.3266896632186586,gbrt:own
2025-07,-0.0024417872447105404,-0.0030457880189256807,0.30200038710756977,gbrt:own
2025-08,0.0026269601614913093,0.0019341268896751224,0.3464166359080935,gbrt:own
2025-09,0.004750377095177525,0.004054421644886148,0.3479777251456882,gbrt:own
2025-10,0.012156403721118324,0.011470930196236868,0.34273676244072754,gbrt:own
2025-11,0.00291733850609456,0.00218737758526304,0.3649804604157599,gbrt:own
2025-12,0.008564859772903645,0.007870818909416896,0.34702043174337494,gbrt:own
2000-01,0.008169652778197787,0.008169652778197787,0.0,gbrt:pooled
2000-02,0.0011784223152578378,-0.0006113325228119146,0.8948774190348754,gbrt:pooled
2000-03,0.0010141894836815171,-0.0008312189686304563,0.9227042261559867,gbrt:pooled
2000-04,-0.004624622300605471,-0.006696634841364974,1.036006270379752,gbrt:pooled
2000-05,-0.0036859657754970735,-0.0054648181869974815,0.8894262057502039,gbrt:pooled
2000-06,-0.003681904145345122,-0.005597412212268409,0.9577540334616429,gbrt:pooled
2000-07,0.002030936367734627,0.00016450619859492986,0.9332150845698485,gbrt:pooled
2000-08,-0.003725379541309428,-0.00537305097695637,0.8238357178234709,gbrt:pooled
2000-09,0.005132676138399775,0.0034191748540702213,0.8567506421647768,gbrt:pooled
2000-10,0.0032596577414830243,0.0017148971812513641,0.7723802801158299,gbrt:pooled
2000-11,0.012265223790832655,0.010766011867943792,0.7496059614444316,gbrt:pooled
2000-12,0.0023168561963848302,0.0006238392220803322,0.8465084871522492,gbrt:pooled
2001-01,-0.010871089022932177,-0.012753451087618474,0.941181032343148,gbrt:pooled
2001-02,0.012806965921013831,0.010555182082905306,1.1258919190542627,gbrt:pooled
2001-03,0.018860479978665568,0.016489703053324794,1.1853884626703879,gbrt:pooled
2001-04,-0.0002249070235528308,-0.0021301220816689233,0.9526075290580464,gbrt:pooled
2001-05,0.00909981588110983,0.00725322050908287,0.9232976860134793,gbrt:pooled
2001-06,-0.0016552054993158843,-0.003316713692457467,0.8307540965707914,gbrt:pooled
2001-07,0.013641580167770593,0.01183042335897889,0.9055784043958506,gbrt:pooled
2001-08,-0.0068755986993753885,-0.00847728044049747,0.8008408705610408,gbrt:pooled
2001-09,0.008343632693928465,0.006412078660840667,0.9657770165438996,gbrt:pooled
2001-10,-0.007220325539694899,-0.009133009654031228,0.9563420571681658,gbrt:pooled
2001-11,0.0005140589070695412,-0.0015441610950197682,1.029110001044655,gbrt:pooled
2001-12,0.010372284579856807,0.008182378945174006,1.0949528173414007,gbrt:pooled
2002-01,-0.0025572280592273426,-0.0044961602856397435,0.9694661132062007,gbrt:pooled
2002-02,0.004350690363605842,0.002806617809143181,0.7720362772313306,gbrt:pooled
2002-03,0.010755362883664743,0.009330659975474592,0.7123514540950757,gbrt:pooled
2002-04,0.009387219998456998,0.008054728014359606,0.6662459920486964,gbrt:pooled
2002-05,0.0066338366272187775,0.005296777219729174,0.6685297037448016,gbrt:pooled
2002-06,0.00653602864822153,0.005275253188438735,0.6303877298913977,gbrt:pooled
2002-07,0.0007781627189592518,-0.00047306311935266406,0.6256129191559577,gbrt:pooled
2002-08,0.0013546576843469047,6.488209587457855e-05,0.6448877942361633,gbrt:pooled
2002-09,0.00883649536345617,0.007558908333585407,0.6387935149353807,gbrt:pooled
2002-10,0.0034233586622867376,0.0022426050455720066,0.5903768083573647,gbrt:pooled
2002-11,-2.3472259858751492e-05,-0.001577620589558649,0.7770741648499488,gbrt:pooled
2002-12,-0.0008887226709307976,-0.0022149414107809537,0.6631093699250782,gbrt:pooled
2003-01,-0.0020245969884136648,-0.003279652584539334,0.6275277980628345,gbrt:pooled
2003-02,0.005463967236228432,0.004418006001011723,0.5229806176083547,gbrt:pooled
2003-03,0.008172336247749917,0.007254291878864714,0.4590221844426011,gbrt:pooled
2003-04,-0.004030532988239806,-0.004755903690820648,0.36268535129042084,gbrt:pooled
2003-05,0.0011222697708077687,8.949793876445247e-05,0.5163859160216581,gbrt:pooled
2003-06,0.005697633422315778,0.004594285860898164,0.5516737807088068,gbrt:pooled
2003-07,0.009691563253134814,0.008674094671388407,0.5087342908732033,gbrt:pooled
2003-08,0.0055261189065484604,0.004492083284769771,0.5170178108893446,gbrt:pooled
2003-09,0.0005822871580306068,-0.0006242368990786398,0.6032620285546235,gbrt:pooled
2003-10,0.012442757934557219,0.011307399722882331,0.5676791058374433,gbrt:pooled
2003-11,0.00014868364883014224,-0.0008996804434280084,0.5241820461290752,gbrt:pooled
2003-12,0.003731854488997416,0.0026360186152670755,0.5479179368651702,gbrt:pooled
2004-01,-0.002061192158611627,-0.0031991261034965287,0.5689669724424505,gbrt:pooled
2004-02,0.0013629705591840886,0.00011542997630188375,0.6237702914411022,gbrt:pooled
2004-03,0.003227659288955508,0.002151599922217804,0.5380296833688518,gbrt:pooled
2004-04,0.00208974814950377,0.00103808253377108,0.5258328078663449,gbrt:pooled
2004-05,-0.0029567992171671805,-0.004036907094105099,0.5400539384689591,gbrt:pooled
2004-06,0.0022385739316534243,0.0011485313351181346,0.5450212982676448,gbrt:pooled
2004-07,0.005401804456320963,0.0042905118715912734,0.5556462923648451,gbrt:pooled
2004-08,0.004441315681556493,0.003554980610186255,0.4431675356851191,gbrt:pooled
2004-09,0.004830270439318298,0.003892873719079415,0.4686983601194416,gbrt:pooled
2004-10,0.009851942961935289,0.008822855316994069,0.5145438224706105,gbrt:pooled
2004-11,0.0054483233422108505,0.004684456395446687,0.38193347338208206,gbrt:pooled
2004-12,0.010287018008967716,0.00928603295616736,0.5004925264001777,gbrt:pooled
2005-01,-0.0011353969537108125,-0.002215003825070641,0.5398034356799143,gbrt:pooled
2005-02,0.00917431499107452,0.00822299526258584,0.4756598642443401,gbrt:pooled
2005-03,0.009073649782582639,0.00814592523377718,0.46386227440272915,gbrt:pooled
2005-04,0.01623272066719423,0.015349577565394519,0.44157155089985456,gbrt:pooled
2005-05,-0.014356687734911232,-0.015128744046215455,0.3860281556521123,gbrt:pooled
2005-06,0.00423520230426782,0.0030465202076203966,0.5943410483237116,gbrt:pooled
2005-07,0.0055815848908463885,0.004698669343492827,0.4414577736767808,gbrt:pooled
2005-08,-0.001231713602437422,-0.0021611937399739862,0.4647400687682821,gbrt:pooled
2005-09,0.005057596482114213,0.003947041050295632,0.5552777159092904,gbrt:pooled
2005-10,0.0007841323373162916,-0.00014706139673039965,0.46559686702334563,gbrt:pooled
2005-11,-0.002745288940870863,-0.0038203737813137842,0.5375424202214608,gbrt:pooled
2005-12,-0.0028602940986987764,-0.0038764764959268523,0.5080911986140378,gbrt:pooled
2006-01,-0.006699139995724191,-0.007722200292104858,0.5115301481903335,gbrt:pooled
2006-02,0.004256214525057907,0.0027791710440025646,0.7385217405276713,gbrt:pooled
2006-03,0.0037672775929960345,0.002526994956298744,0.6201413183486454,gbrt:pooled
2006-04,0.0058646162148864684,0.004580711014788784,0.6419526000488421,gbrt:pooled
2006-05,-0.0011239398996515512,-0.002420110883021189,0.6480854916848188,gbrt:pooled
2006-06,0.015019150928038613,0.013989331811496017,0.5149095582712993,gbrt:pooled
2006-07,-0.0007900524311125843,-0.002034528313648634,0.6222379412680247,gbrt:pooled
2006-08,-0.006818986858634485,-0.00797073316888184,0.5758731551236778,gbrt:pooled
2006-09,0.001703803529320218,0.00046746607922450796,0.618168725047855,gbrt:pooled
2006-10,0.0006106664370485033,-0.00040936009980932774,0.5100132684289157,gbrt:pooled
2006-11,0.009710870362457755,0.008696812633982512,0.5070288642376218,gbrt:pooled
2006-12,0.000480495187848997,-0.00049262698198702,0.48656108491800876,gbrt:pooled
2007-01,0.006674636084943822,0.005622747672459201,0.5259442062423106,gbrt:pooled
2007-02,-0.0008830753375815718,-0.001980480177493272,0.5487024199558503,gbrt:pooled
2007-03,0.00742677772773614,0.006400208675571032,0.513284526082554,gbrt:pooled
2007-04,0.008208112176458091,0.0072331169160201785,0.4874976302189562,gbrt:pooled
2007-05,0.003297990230755201,0.0023243917710156683,0.4867992298697664,gbrt:pooled
2007-06,-0.002823220299097529,-0.003908538454340223,0.5426590776213468,gbrt:pooled
2007-07,-0.002380115523892023,-0.0036510372983794724,0.6354608872437244,gbrt:pooled
2007-08,8.56788851770896e-05,-0.0010947346337099044,0.5902067594434971,gbrt:pooled
2007-09,0.0013964706762799343,0.0002539850428442004,0.5712428167178668,gbrt:pooled
2007-10,0.012442706193623584,0.01133633485344594,0.5531856700888212,gbrt:pooled
2007-11,0.002074946302577931,0.001049550841223376,0.5126977306772773,gbrt:pooled
2007-12,0.003941691803213157,0.0028578531364737837,0.5419193333696868,gbrt:pooled
2008-01,0.0011367034029890106,7.584694304755584e-05,0.5304282299707277,gbrt:pooled
2008-02,0.0011353515774199987,-0.0001079043468192021,0.6216279621196004,gbrt:pooled
2008-03,0.0008511004104736727,-0.00029257514637286283,0.5718377784232678,gbrt:pooled
2008-04,0.003640124316902013,0.0024485876756374283,0.5957683206322925,gbrt:pooled
2008-05,-0.0009531988159992137,-0.002236927053160611,0.6418641185806986,gbrt:pooled
2008-06,0.00784474359405558,0.0066992826534898265,0.5727304702828774,gbrt:pooled
2008-07,-0.005703910999861261,-0.006713749061290058,0.5049190307143988,gbrt:pooled
2008-08,0.007989906484019895,0.006628894014731271,0.680506234644312,gbrt:pooled
2008-09,0.009585298898879447,0.008554745123566418,0.5152768876565142,gbrt:pooled
2008-10,0.02753871679359573,0.026432601709985463,0.5530575418051309,gbrt:pooled
2008-11,0.018036091568492545,0.017034458581948925,0.5008164932718097,gbrt:pooled
2008-12,-0.0018736195432094717,-0.0027978973460282656,0.46213890140939695,gbrt:pooled
2009-01,0.0015445953974131778,0.0004521804012820001,0.546207498065589,gbrt:pooled
2009-02,0.00674857011695579,0.00553061669254746,0.6089767122041658,gbrt:pooled
2009-03,-0.0065822834363153645,-0.007541832852530334,0.47977470810748424,gbrt:pooled
2009-04,-0.01906220949311022,-0.0202698879126908,0.6038392097902894,gbrt:pooled
2009-05,0.0043563598631930385,0.00278574059992706,0.7853096316329894,gbrt:pooled
2009-06,-0.0035466001362480072,-0.005186799041822656,0.8200994527873241,gbrt:pooled
2009-07,0.005215235481580018,0.0036144261604534197,0.8004046605632993,gbrt:pooled
2009-08,0.001379285844548836,1.3196501913791465e-05,0.6830446713175223,gbrt:pooled
2009-09,0.005457054484374672,0.00411567447900668,0.6706900026839956,gbrt:pooled
2009-10,0.0027671472682838055,0.0014672042209071254,0.64997152368834,gbrt:pooled
2009-11,0.000994090894754437,-0.00028871361150769107,0.6414022531310639,gbrt:pooled
2009-12,-0.0027618530411354226,-0.004003395826172578,0.6207713925185775,gbrt:pooled
2010-01,0.00027881552117613737,-0.0010116852791227351,0.6452504001494365,gbrt:pooled
2010-02,7.985450470750331e-05,-0.0010638513689305205,0.571852936819012,gbrt:pooled
2010-03,-0.003068107313775145,-0.0043042314366122875,0.6180620614185718,gbrt:pooled
2010-04,0.005432009100300846,0.0042569640476004655,0.5875225263501904,gbrt:pooled
2010-05,0.0037803547584369986,0.002533202025165239,0.6235763666358799,gbrt:pooled
2010-06,0.005726024634203761,0.0047153603967824975,0.5053321187106318,gbrt:pooled
2010-07,0.0004281465096645626,-0.0004134136025220546,0.42078005609330843,gbrt:pooled
2010-08,0.002805186271111264,0.0017572111233018358,0.5239875739047141,gbrt:pooled
2010-09,0.001377148712745201,0.00030860032628129215,0.5342741932319544,gbrt:pooled
2010-10,0.0067323742890510905,0.005760704077897801,0.48583510557664505,gbrt:pooled
2010-11,0.0086416162409191,0.007744007131194377,0.4488045548623617,gbrt:pooled
2010-12,0.005037827532646876,0.004167195794202368,0.4353158692222543,gbrt:pooled
2011-01,0.0033515807361577943,0.0024271681662054755,0.4622062849761593,gbrt:pooled
2011-02,-8.665523401098785e-05,-0.0010870324593351803,0.5001886126620961,gbrt:pooled
2011-03,0.0006376641413749955,-0.0003153989873744662,0.47653156437473093,gbrt:pooled
2011-04,0.007449328108284535,0.0064964141417335,0.4764569832755172,gbrt:pooled
2011-05,0.004087189724427978,0.003267610611263039,0.40978955658246996,gbrt:pooled
2011-06,0.004183995344188752,0.0033579624324394522,0.41301645587465013,gbrt:pooled
2011-07,0.007464047591899453,0.006674653480788154,0.3946970555556494,gbrt:pooled
2011-08,0.0089286991773059,0.00816617612653871,0.3812615253835944,gbrt:pooled
2011-09,0.009100436222795395,0.008355578842839037,0.37242868997817924,gbrt:pooled
2011-10,-0.009597090227126969,-0.01048323354637413,0.4430716596235805,gbrt:pooled
2011-11,0.009662121749772549,0.008562895042430445,0.5496133536710509,gbrt:pooled
2011-12,0.0014810655575766617,0.0005009872345700253,0.49003916150331817,gbrt:pooled
2012-01,-0.014452491906937473,-0.015298492900373556,0.42300049671804196,gbrt:pooled
2012-02,-0.004407473380640206,-0.005437209690674167,0.5148681550169808,gbrt:pooled
2012-03,0.008264589835341849,0.007251330293878081,0.5066297707318833,gbrt:pooled
2012-04,0.005492643657079912,0.00461056874170435,0.44103745768778135,gbrt:pooled
2012-05,0.007813713713484162,0.0069002848740928385,0.456714419695662,gbrt:pooled
2012-06,0.004712161030410345,0.0039424835836697186,0.3848387233703127,gbrt:pooled
2012-07,0.007261653181602762,0.006433600832176433,0.4140261747131649,gbrt:pooled
2012-08,0.005650876536455803,0.004915382246575163,0.36774714494031974,gbrt:pooled
2012-09,-0.0005238008735556669,-0.0012965220753057439,0.3863606008750387,gbrt:pooled
2012-10,0.002167817638915754,0.0012893662533699484,0.43922569277290274,gbrt:pooled
2012-11,0.006337546500376596,0.005487699636277434,0.42492343204958144,gbrt:pooled
2012-12,-0.002238248595022334,-0.0030333327753794205,0.3975420901785435,gbrt:pooled
2013-01,0.0024603129354361323,0.001560054641461579,0.45012914698727663,gbrt:pooled
2013-02,0.00427479313533629,0.003367151885516984,0.45382062490965314,gbrt:pooled
2013-03,0.00734431532246433,0.0065560610357535834,0.39412714335537347,gbrt:pooled
2013-04,0.010228048692620617,0.009534427385057737,0.34681065378143977,gbrt:pooled
2013-05,0.003608500796943999,0.0029257804190174195,0.34136018896328957,gbrt:pooled
2013-06,0.0027110298741489323,0.0018330215534548581,0.43900416034703715,gbrt:pooled
2013-07,0.009413326557991469,0.008484269525725353,0.4645285161330573,gbrt:pooled
2013-08,-0.0005765289044843111,-0.0014831628155103805,0.4533169555130348,gbrt:pooled
2013-09,-0.0029466220984712783,-0.003901253252448098,0.4773155769884101,gbrt:pooled
2013-10,-0.0013103908969866044,-0.0022102915286640683,0.4499503158387318,gbrt:pooled
2013-11,-7.151169471563622e-06,-0.0008506683508251171,0.4217585906767768,gbrt:pooled
2013-12,0.004622127805643506,0.0038666322018010594,0.3777478019212234,gbrt:pooled
2014-01,0.0030415578351320953,0.0023100629634803626,0.3657474358258662,gbrt:pooled
2014-02,0.005220394342780885,0.004390559774150696,0.41491728431509445,gbrt:pooled
2014-03,0.0008795554457269483,7.615591763627838e-05,0.4016997640453349,gbrt:pooled
2014-04,-0.00023700426654525456,-0.0011583886268057904,0.46069218013026786,gbrt:pooled
2014-05,0.0029547885841087083,0.0020491358575812674,0.4528263632637204,gbrt:pooled
2014-06,0.0053969768423165814,0.0044475950497574225,0.4746908962795792,gbrt:pooled
2014-07,-0.0009760142403380078,-0.0018937076669682284,0.4588467133151102,gbrt:pooled
2014-08,0.001537713296773158,0.0006138229095317811,0.46194519362068837,gbrt:pooled
2014-09,-0.0011973004296964994,-0.0020002781277767834,0.401488849040142,gbrt:pooled
2014-10,0.0036336300315580492,0.0028066878837852654,0.41347107388639154,gbrt:pooled
2014-11,0.009381612479256991,0.00852117212336431,0.43022017794634043,gbrt:pooled
2014-12,0.013661159978413684,0.012893806138685472,0.38367691986410546,gbrt:pooled
2015-01,0.007176674624861792,0.006333210201362568,0.42173221174961184,gbrt:pooled
2015-02,-0.00014114172353340158,-0.0011491242643344593,0.5039912704005288,gbrt:pooled
2015-03,0.0070607819212810665,0.006052145306504938,0.5043183073880645,gbrt:pooled
2015-04,-0.010409029396704544,-0.011413225361412321,0.5020979823538884,gbrt:pooled
2015-05,0.0007590446403138901,-0.00047064876602980014,0.6148467031718449,gbrt:pooled
2015-06,0.00478440936173893,0.0036772716349567957,0.5535688633910674,gbrt:pooled
2015-07,0.00977985057462707,0.008929955089769816,0.42494774242862593,gbrt:pooled
2015-08,0.008594276710586858,0.007735616920658316,0.42932989496427026,gbrt:pooled
2015-09,0.005755143799301431,0.004908245285059451,0.42344925712099013,gbrt:pooled
2015-10,-0.0050618117577247955,-0.005950822269498615,0.44450525588690964,gbrt:pooled
2015-11,0.004411092265030302,0.003374253488954795,0.5184193880377533,gbrt:pooled
2015-12,0.0006942686590450163,-0.00030968656202817936,0.5019776105365978,gbrt:pooled
2016-01,0.0014959532969131498,0.0005609375151595203,0.4675078908768147,gbrt:pooled
2016-02,-0.002402005109416467,-0.003329182320999771,0.46358860579165184,gbrt:pooled
2016-03,-0.008258652953362608,-0.009318633157925652,0.5299901022815222,gbrt:pooled
2016-04,0.0034709176285755905,0.0023871690108952467,0.5418743088401717,gbrt:pooled
2016-05,0.002733066989159149,0.0017804941556061416,0.4762864167765035,gbrt:pooled
2016-06,-0.0011804247136370269,-0.002133215892166542,0.47639558926475756,gbrt:pooled
2016-07,-0.0005161095826509414,-0.0013843645504181576,0.4341274838836081,gbrt:pooled
2016-08,0.004432808096611873,0.003500486780336604,0.46616065813763413,gbrt:pooled
2016-09,0.003965296804294045,0.0030802953584407183,0.442500722926663,gbrt:pooled
2016-10,0.0020275429636282404,0.0013018029731509328,0.3628699952386539,gbrt:pooled
2016-11,-0.0029414192515422625,-0.003779639646863404,0.4191101976605705,gbrt:pooled
2016-12,0.0006545109770299177,-0.0003126066393660399,0.4835588081979788,gbrt:pooled
2017-01,0.005984931711167332,0.0050382388433209664,0.4733464339231828,gbrt:pooled
2017-02,-0.0008754575538224897,-0.0017615437356392047,0.4430430909083574,gbrt:pooled
2017-03,0.002290184499891116,0.0014771732505035533,0.4065056246937815,gbrt:pooled
2017-04,0.00015162166260042947,-0.0007062067990532339,0.42891423082683167,gbrt:pooled
2017-05,0.004437683574033216,0.003621739263187476,0.40797215542287024,gbrt:pooled
2017-06,0.00036374022403087917,-0.0004766620047118261,0.42020111437135266,gbrt:pooled
2017-07,0.003713954143210981,0.0029043402042054655,0.40480696950275796,gbrt:pooled
2017-08,0.0025220569060580783,0.0016818369826128439,0.4201099617226171,gbrt:pooled
2017-09,0.0008890166733853798,0.00013671514838662678,0.3761507624993765,gbrt:pooled
2017-10,0.003287899312833995,0.0025397003050263356,0.37409950390382984,gbrt:pooled
2017-11,0.00206232850545915,0.0012054287337789366,0.42844988584010657,gbrt:pooled
2017-12,0.0030344542386884234,0.002185749802732203,0.42435221797811,gbrt:pooled
2018-01,0.004737836195679925,0.003890484254474346,0.42367597060278955,gbrt:pooled
2018-02,0.0033960382490870874,0.00256466730131724,0.4156854738849238,gbrt:pooled
2018-03,0.0024826200002673812,0.0017530789831635976,0.36477050855189186,gbrt:pooled
2018-04,0.0022550799705331297,0.0014953253578894076,0.37987730632186084,gbrt:pooled
2018-05,0.00418394986833054,0.0034514811026621116,0.3662343828342143,gbrt:pooled
2018-06,0.0028341235510695923,0.0020710852665925573,0.3815191422385176,gbrt:pooled
2018-07,0.0038817230165931497,0.003179121110771836,0.35130095291065694,gbrt:pooled
2018-08,0.0055322481268260055,0.004821925001927572,0.35516156244921704,gbrt:pooled
2018-09,0.013439766944699004,0.01274414697434524,0.3478099851768813,gbrt:pooled
2018-10,0.002777222452139621,0.0020375527369393123,0.36983485760015467,gbrt:pooled
2018-11,-0.0020876758104815627,-0.0028587456815622834,0.3855349355403602,gbrt:pooled
2018-12,0.0037038521873109325,0.002772585018098188,0.46563358460637194,gbrt:pooled
2019-01,0.0013671424317063209,0.0004832895744031363,0.4419264286515921,gbrt:pooled
2019-02,-0.005431880332031008,-0.006417069600001515,0.4925946339852532,gbrt:pooled
2019-03,0.004008357555783931,0.0030604661601988715,0.4739456977925297,gbrt:pooled
2019-04,0.0025133398626647724,0.0017080005220449811,0.4026696703098956,gbrt:pooled
2019-05,0.0019582869228435976,0.001117121949444101,0.42058248669974846,gbrt:pooled
2019-06,0.00271023360347515,0.0017460980086870211,0.48206779739406436,gbrt:pooled
2019-07,0.006924303584905324,0.006072765301583647,0.42576914166083846,gbrt:pooled
2019-08,0.00403720021466095,0.0032409195326301068,0.3981403410154216,gbrt:pooled
2019-09,-0.002053340340703551,-0.002850254684329138,0.3984571718127936,gbrt:pooled
2019-10,0.0019417585468786312,0.001060113090990727,0.4408227279439521,gbrt:pooled
2019-11,0.0014557517973431357,0.0006318418024077664,0.41195499746768466,gbrt:pooled
2019-12,0.0054354935226502265,0.004539934984130195,0.44777926926001593,gbrt:pooled
2020-01,0.0066530552757098965,0.005825780963955823,0.41363715587703676,gbrt:pooled
2020-02,0.008889406375595639,0.008029705592413528,0.4298503915910556,gbrt:pooled
2020-03,0.014161805113613774,0.013376996433033687,0.3924043402900442,gbrt:pooled
2020-04,-0.015716940425095225,-0.016906733008090903,0.5948962914978398,gbrt:pooled
2020-05,-0.0024578102484025355,-0.004055388406677337,0.7987890791374007,gbrt:pooled
2020-06,-0.0025968188511377665,-0.003893383240013404,0.6482821944378189,gbrt:pooled
2020-07,0.0019576050144949372,0.0006563718748939705,0.6506165698004828,gbrt:pooled
2020-08,-0.003117505086377359,-0.0043222712707667015,0.6023830921946712,gbrt:pooled
2020-09,-0.0028604443083597637,-0.004075140387875432,0.6073480397578344,gbrt:pooled
2020-10,0.0006257222546157661,-0.0006806420033388266,0.6531821289772963,gbrt:pooled
2020-11,-0.01607576716292416,-0.017150945917391205,0.5375893772335208,gbrt:pooled
2020-12,0.007282070546937817,0.005600010212529144,0.8410301672043361,gbrt:pooled
2021-01,0.0006523024303419472,-0.0007603106717967955,0.7063065510693713,gbrt:pooled
2021-02,0.006338054873995594,0.005229698325864388,0.5541782740656024,gbrt:pooled
2021-03,0.004153515376503974,0.0029324516631398334,0.6105318566820704,gbrt:pooled
2021-04,0.0030867450125022064,0.0018421048395773113,0.6223200864624474,gbrt:pooled
2021-05,0.0051329026979621,0.003944921847342694,0.593990425309703,gbrt:pooled
2021-06,-0.0036175706046476267,-0.00467357676044193,0.5280030778971515,gbrt:pooled
2021-07,0.00011913654616461129,-0.0009400068893493537,0.5295717177569824,gbrt:pooled
2021-08,3.070359986435624e-05,-0.0009506051666008364,0.4906543832325962,gbrt:pooled
2021-09,0.006566935272713608,0.0055174376743306434,0.5247487991914828,gbrt:pooled
2021-10,0.003265995470224667,0.002233656926222195,0.5161692720012364,gbrt:pooled
2021-11,0.0015622699171712114,0.0006389692332839491,0.46165034194363075,gbrt:pooled
2021-12,0.009584927386701832,0.008348032127808248,0.6184476294467912,gbrt:pooled
2022-01,0.01161315930783735,0.010731347405538704,0.44090595114932396,gbrt:pooled
2022-02,0.006895097597122326,0.006084129237656585,0.4054841797328704,gbrt:pooled
2022-03,0.010099754385844007,0.009259401059213529,0.42017666331523934,gbrt:pooled
2022-04,0.01161715063442658,0.010882058736327329,0.3675459490496253,gbrt:pooled
2022-05,0.004492578033859653,0.003788766629399216,0.3519057022302184,gbrt:pooled
2022-06,0.002571335412891859,0.0017769786628173052,0.39717837503727654,gbrt:pooled
2022-07,-0.004155231773513968,-0.005012005876634759,0.42838705156039547,gbrt:pooled
2022-08,-0.0006409539809893905,-0.001466224462782989,0.4126352408967996,gbrt:pooled
2022-09,0.005780071297297875,0.004952871085337597,0.4136001059801385,gbrt:pooled
2022-10,0.004401219172500157,0.003595897636736098,0.4026607678820293,gbrt:pooled
2022-11,-0.005841845245165453,-0.006734785885647218,0.4464703202408822,gbrt:pooled
2022-12,0.0043948789525093904,0.0033847370294404822,0.5050709615344544,gbrt:pooled
2023-01,0.00035888494642916715,-0.0006256644684922023,0.4922747074606848,gbrt:pooled
2023-02,0.00488068928558087,0.003980789050000938,0.4499501177899667,gbrt:pooled
2023-03,0.0036419398937995212,0.002895389231068554,0.3732753313654838,gbrt:pooled
2023-04,0.0001407100882655092,-0.0006894330470805806,0.4150715676730449,gbrt:pooled
2023-05,-0.002252519833013585,-0.0030088617512716203,0.3781709591290173,gbrt:pooled
2023-06,0.002023282696525146,0.0011964857895805066,0.41339845347231985,gbrt:pooled
2023-07,0.0032051247832416865,0.0023513617277441117,0.42688152774878757,gbrt:pooled
2023-08,0.002587375592962861,0.0017467502796620455,0.4203126566504075,gbrt:pooled
2023-09,0.009177010447030719,0.008362595114052686,0.4072076664890156,gbrt:pooled
2023-10,0.006856246349679995,0.006125917922939829,0.36516421337008287,gbrt:pooled
2023-11,-0.007240143287367932,-0.008048578696342889,0.4042177044874787,gbrt:pooled
2023-12,0.003934491824148625,0.0030517354663704243,0.4413781788891006,gbrt:pooled
2024-01,0.008446745850173415,0.007553086199775797,0.44682982519880876,gbrt:pooled
2024-02,0.0011568564592296276,0.0003102244408643495,0.423316009182639,gbrt:pooled
2024-03,0.0030018654749942907,0.002118009334208795,0.44192807039274784,gbrt:pooled
2024-04,0.0007439817225467649,-0.00016687351127992386,0.45542761691334427,gbrt:pooled
2024-05,0.001812452365300908,0.0009814631231188293,0.4154946210910394,gbrt:pooled
2024-06,5.44486867704331e-05,-0.0007586994164949317,0.40657405163268234,gbrt:pooled
2024-07,0.0006631574433868834,-0.00014717643461292887,0.40516693899990597,gbrt:pooled
2024-08,0.003464812009046067,0.002632076785036819,0.41636761200462397,gbrt:pooled
2024-09,0.00017672552316358984,-0.0006359724607830547,0.4063489919733223,gbrt:pooled
2024-10,0.005061153515015288,0.0042255715502611535,0.4177909823770676,gbrt:pooled
2024-11,0.009273768769234074,0.008439878944883666,0.416944912175204,gbrt:pooled
2024-12,0.001877047462351506,0.0010736456987239017,0.40170088181380204,gbrt:pooled
2025-01,0.0009090117084162013,0.00011469115209225555,0.39716027816197275,gbrt:pooled
2025-02,0.004198211894380959,0.003354956743379098,0.4216275755009305,gbrt:pooled
2025-03,0.006113843975888125,0.005344476048782695,0.384683963552715,gbrt:pooled
2025-04,-0.0014989050598586072,-0.0022119875106851334,0.35654122541326305,gbrt:pooled
2025-05,-0.0016061133933352731,-0.0024237385245846816,0.40881256562470436,gbrt:pooled
2025-06,-0.0011682885934808055,-0.0019393722242126877,0.3855418153659411,gbrt:pooled
2025-07,-0.0018548031438864897,-0.002537197995060319,0.34119742558691474,gbrt:pooled
2025-08,0.003215833616216288,0.002381116996989473,0.4173583096134074,gbrt:pooled
2025-09,0.005111667240727757,0.004303840553388117,0.40391334366981896,gbrt:pooled
2025-10,0.011768310333189909,0.010958491255952451,0.404909538618728,gbrt:pooled
2025-11,0.002069386194832187,0.001213868266365984,0.4277589642331019,gbrt:pooled
2025-12,0.010221068132946069,0.009393671296826951,0.4136984180595581,gbrt:pooled
2000-01,0.008813461351109594,0.008813461351109594,0.0,hist_mean:rule
2000-02,-8.209966579722635e-05,-0.0003666495011590619,0.14227491768091738,hist_mean:rule
2000-03,0.005736909275304468,0.005373985081768108,0.18146209676817943,hist_mean:rule
2000-04,-0.011277336995766035,-0.011563350841675814,0.14300692295488984,hist_mean:rule
2000-05,-0.0022060970314672526,-0.002797388864860676,0.2956459166967118,hist_mean:rule
2000-06,-0.003131590635791353,-0.0035544033480020996,0.21140635610537317,hist_mean:rule
2000-07,0.004245786120790322,0.003971231922509254,0.13727709914053357,hist_mean:rule
2000-08,0.0007701282762872313,0.0005730598557536202,0.09853421026680521,hist_mean:rule
2000-09,0.004104492532986769,0.0039202879385373335,0.09210229722471755,hist_mean:rule
2000-10,-0.002340825102435379,-0.002537663321566898,0.09841910956575942,hist_mean:rule
2000-11,0.007805500271673333,0.007549486066096678,0.1280071027883274,hist_mean:rule
2000-12,-0.010501348250951104,-0.01086505678541576,0.18185426723232867,hist_mean:rule
2001-01,-0.005501372375145279,-0.005759582807564314,0.12910521620951762,hist_mean:rule
2001-02,0.004556812992188774,0.004292931173049875,0.1319409095694494,hist_mean:rule
2001-03,0.015589054641628516,0.015287880056389463,0.15058729261952614,hist_mean:rule
2001-04,0.006350176610321088,0.006036977725880551,0.1565994422202687,hist_mean:rule
2001-05,0.00038191711984404827,-0.00014134564769387637,0.26163138376896233,hist_mean:rule
2001-06,0.002057820592043868,0.0018660515371173936,0.09588452746323718,hist_mean:rule
2001-07,0.011248721713309373,0.011078168079095865,0.08527681710675399,hist_mean:rule
2001-08,-0.007098986363594759,-0.007438473380732123,0.1697435085686817,hist_mean:rule
2001-09,-0.0014263632245582094,-0.0016331806106668545,0.10340869305432246,hist_mean:rule
2001-10,0.004614861627704713,0.004212790061107659,0.2010357832985274,hist_mean:rule
2001-11,0.0038131968647399967,0.003611263806614071,0.10096652906296316,hist_mean:rule
2001-12,0.010631307407272647,0.01044001014937574,0.09564862894845333,hist_mean:rule
2002-01,-0.004622505445664396,-0.004795651834059849,0.0865731941977262,hist_mean:rule
2002-02,-0.0029219384695084337,-0.003151360498044084,0.11471101426782494,hist_mean:rule
2002-03,0.003435114168680207,0.0032419055320467042,0.09660431831675145,hist_mean:rule
2002-04,0.004671559953732687,0.004428011010574297,0.12177447157919556,hist_mean:rule
2002-05,0.0007694080971352158,0.0005368764608833489,0.11626581812593348,hist_mean:rule
2002-06,0.0028255549519297356,0.0026433951011680715,0.09107992538083189,hist_mean:rule
2002-07,-0.0015677218742144612,-0.0017119847867016022,0.07213145624357058,hist_mean:rule
2002-08,0.0068514686634305105,0.006685110284863755,0.08317918928337795,hist_mean:rule
2002-09,0.008643299280870577,0.008457256214444339,0.09302153321311893,hist_mean:rule
2002-10,0.0008299270216906294,0.0006964936885672982,0.06671666656166547,hist_mean:rule
2002-11,0.0048338332400911215,0.004627939876616887,0.10294668173711696,hist_mean:rule
2002-12,0.0049975884694553364,0.004812834955725885,0.0923767568647254,hist_mean:rule
2003-01,-0.0026121820675723906,-0.0027769207651655837,0.08236934879659635,hist_mean:rule
2003-02,0.002375159996870645,0.0022114231628929163,0.0818684169888644,hist_mean:rule
2003-03,0.004166845504988624,0.0040415568275750284,0.0626443387067973,hist_mean:rule
2003-04,-0.006669739326542619,-0.00682033049064746,0.0752955820524203,hist_mean:rule
2003-05,0.0057094230444343095,0.0053491978951599375,0.1801125746371861,hist_mean:rule
2003-06,0.007662980792943365,0.00751736268140631,0.07280905576852759,hist_mean:rule
2003-07,0.00772037373063757,0.007559717393431085,0.08032816860324253,hist_mean:rule
2003-08,0.005602498129101869,0.00545964820976144,0.07142495967021416,hist_mean:rule
2003-09,0.002728126184393089,0.0023430165131195675,0.1925548356367607,hist_mean:rule
2003-10,0.006897947431539409,0.006767927377533624,0.06501002700289256,hist_mean:rule
2003-11,0.0047806226564846765,0.004637260963467188,0.07168084650874385,hist_mean:rule
2003-12,0.0013355899224945446,0.0012152132296546127,0.06018834641996605,hist_mean:rule
2004-01,0.005199965251823944,0.0050166184789535795,0.091673386435182,hist_mean:rule
2004-02,0.004808596594297645,0.004614099869774522,0.09724836226156144,hist_mean:rule
2004-03,0.004385090624053842,0.004206055792552578,0.08951741575063232,hist_mean:rule
2004-04,0.011888724770940055,0.01174715646923363,0.07078415085321275,hist_mean:rule
2004-05,-0.0025171604588401595,-0.0027269539565810057,0.10489674887042272,hist_mean:rule
2004-06,0.0015694442473591298,0.0014322249669523996,0.06860964020336514,hist_mean:rule
2004-07,0.0027848490694212993,0.0026662947693128158,0.059277150054241654,hist_mean:rule
2004-08,0.006783209680694525,0.0066316083995603325,0.07580064056709608,hist_mean:rule
2004-09,0.0026673153926813223,0.0025284086580454643,0.06945336731792892,hist_mean:rule
2004-10,0.0002444517303135318,9.576908560925568e-05,0.07434132235213804,hist_mean:rule
2004-11,0.0021602839780762505,0.001982731561172355,0.08877620845194763,hist_mean:rule
2004-12,0.006068461189951235,0.005915040949096622,0.07671012042730635,hist_mean:rule
2005-01,0.00048184804752615304,0.00022016946245237355,0.13083929253688975,hist_mean:rule
2005-02,0.012481570489174063,0.012359029272523574,0.061270608325244585,hist_mean:rule
2005-03,0.005960174596362438,0.005805125988977254,0.07752430369259188,hist_mean:rule
2005-04,0.012444959654360824,0.012288841266741858,0.07805919380948405,hist_mean:rule
2005-05,-0.009548151668859512,-0.009738168705950855,0.0950085185456718,hist_mean:rule
2005-06,-0.004809962908395158,-0.004965357712009878,0.0776974018073602,hist_mean:rule
2005-07,0.010867884715367163,0.010758334543525903,0.05477508592062956,hist_mean:rule
2005-08,0.0023347607947062465,0.002199384452250352,0.06768817122794714,hist_mean:rule
2005-09,-0.0012650917988602677,-0.001460518398312773,0.09771329972625242,hist_mean:rule
2005-10,-0.0012453994161025792,-0.0013783956275260105,0.06649810571171566,hist_mean:rule
2005-11,-0.0015264092422326671,-0.001664135009969041,0.06886288386818674,hist_mean:rule
2005-12,-0.00022361931527238712,-0.0003686016602493318,0.07249117248847242,hist_mean:rule
2006-01,0.010805488975982368,0.010678825944446869,0.06333151576775034,hist_mean:rule
2006-02,-0.0007424181045478576,-0.001084937957352107,0.17125992640212462,hist_mean:rule
2006-03,-0.0150920422908407,-0.0152270633629477,0.06751053605349966,hist_mean:rule
2006-04,-0.0007148589872408032,-0.0009574667332498127,0.12130387300450468,hist_mean:rule
2006-05,0.0010695790006248077,0.0008544940164196169,0.1075424921025955,hist_mean:rule
2006-06,0.00870664326734029,0.00859552868566407,0.0555572908381102,hist_mean:rule
2006-07,0.0028884259905984162,0.002480433555381688,0.20399621760836406,hist_mean:rule
2006-08,0.0031989801725389047,0.0029803898689023897,0.10929515181825744,hist_mean:rule
2006-09,0.000186985580286211,-5.370170151123468e-05,0.12034364089872297,hist_mean:rule
2006-10,-0.0019380651428502428,-0.002078816336302139,0.0703755967259479,hist_mean:rule
2006-11,-0.006585393326671949,-0.006724041505793086,0.06932408956056876,hist_mean:rule
2006-12,-0.0007910737126688291,-0.0009524873055206896,0.08070679642593019,hist_mean:rule
2007-01,0.0003231210640367295,0.00013498377893202243,0.09406864255235364,hist_mean:rule
2007-02,-0.003718210831455202,-0.004115703773931058,0.19874647123792813,hist_mean:rule
2007-03,0.004938654721237354,0.0047466129713503195,0.09602087494351765,hist_mean:rule
2007-04,0.0035158781072819043,0.0032852051291503374,0.11533648906578364,hist_mean:rule
2007-05,0.0033048019312352742,0.0030395493148087697,0.1326263082132526,hist_mean:rule
2007-06,-1.3950472633369453e-06,-0.00018594058110303806,0.09227276691985059,hist_mean:rule
2007-07,-0.002007180497704583,-0.0022248053436995144,0.10881242299746556,hist_mean:rule
2007-08,0.0035591664975462164,0.0033226551710975175,0.11825566322434951,hist_mean:rule
2007-09,-0.0006514150606545858,-0.000841095341601317,0.09484014047336564,hist_mean:rule
2007-10,0.00794852570529554,0.007600085043356034,0.17422033096975267,hist_mean:rule
2007-11,0.001966811917297451,0.0016670860755904088,0.14986292085352088,hist_mean:rule
2007-12,0.001470585644582621,0.0012244240703567148,0.12308078711295305,hist_mean:rule
2008-01,-0.0003862598882944341,-0.0006502890799341946,0.1320145958198803,hist_mean:rule
2008-02,0.0035777250719907605,0.0033591335429562323,0.10929576451726393,hist_mean:rule
2008-03,-0.00032827807887043307,-0.0005022672153636055,0.0869945682465863,hist_mean:rule
2008-04,0.0032577175805170028,0.003051889969575475,0.1029138054707636,hist_mean:rule
2008-05,-0.001388490304554581,-0.0016467004476926226,0.12910507156902098,hist_mean:rule
2008-06,0.0035237050002491534,0.0033643301125199495,0.07968744386460183,hist_mean:rule
2008-07,0.005185245515630853,0.005035427081414786,0.0749092171080335,hist_mean:rule
2008-08,0.0016650601822310457,0.0014705615772345533,0.09724930249824605,hist_mean:rule
2008-09,0.003723558621650141,0.0035711341306529335,0.07621224549860398,hist_mean:rule
2008-10,0.005758678102674455,0.005545098919529806,0.10678959157232416,hist_mean:rule
2008-11,0.007735034897390635,0.007475508350897566,0.12976327324653436,hist_mean:rule
2008-12,0.0008785197440805563,0.0006123010048619389,0.13310936960930855,hist_mean:rule
2009-01,0.0016734557319955023,0.001443540702480879,0.11495751475731178,hist_mean:rule
2009-02,-0.002912549601483974,-0.003138694545455408,0.1130724719857173,hist_mean:rule
2009-03,-0.0034251369337173713,-0.0036331662093927633,0.10401463783769586,hist_mean:rule
2009-04,-0.019795828132083894,-0.020054817323491122,0.12949459570361332,hist_mean:rule
2009-05,-0.0047940986674826274,-0.005099996531486086,0.1529489320017296,hist_mean:rule
2009-06,0.000920118972499422,0.0006431243298908882,0.1384973213042668,hist_mean:rule
2009-07,0.0029895242457479584,0.0027957905630382495,0.0968668413548543,hist_mean:rule
2009-08,0.002471445009956141,0.002261482531777865,0.1049812390891382,hist_mean:rule
2009-09,-0.0009870802985769034,-0.0011512475397443607,0.08208362058372853,hist_mean:rule
2009-10,0.0011144944785100985,0.0009196028411394247,0.09744581868533694,hist_mean:rule
2009-11,0.0033223068363598548,0.0031661054301356313,0.0781007031121117,hist_mean:rule
2009-12,-0.0019080064046336574,-0.002065327004763404,0.07866030006487376,hist_mean:rule
2010-01,-0.0002235486783464146,-0.0003756695741902153,0.07606044792190017,hist_mean:rule
2010-02,0.0010050525833236016,0.0007901965831555832,0.10742800008400934,hist_mean:rule
2010-03,0.0006623717216412125,0.000488327380419577,0.0870221706108178,hist_mean:rule
2010-04,0.0025185830665351624,0.002370599008367592,0.07399202908378523,hist_mean:rule
2010-05,0.0028355010319334258,0.0026975396645536136,0.06898068368990617,hist_mean:rule
2010-06,0.002529516283894266,0.002388711100885215,0.07040259150452545,hist_mean:rule
2010-07,0.0021704503188129383,0.0020561397792578083,0.05715526977756504,hist_mean:rule
2010-08,0.0021003184182815226,0.0019504497482269623,0.07493433502727992,hist_mean:rule
2010-09,0.0015819430247718572,0.0014267677843445598,0.07758762021364887,hist_mean:rule
2010-10,0.00374726318395104,0.0036163605745599195,0.06545130469556042,hist_mean:rule
2010-11,0.006129902506863632,0.005994204303705827,0.06784910157890255,hist_mean:rule
2010-12,-0.00035553769120034756,-0.000498713004183879,0.07158765649176557,hist_mean:rule
2011-01,0.001137014924110724,0.0009963538180685655,0.07033055302107917,hist_mean:rule
2011-02,0.002190290859348955,0.0020398259045821816,0.07523247738338654,hist_mean:rule
2011-03,0.0011090860354818198,0.0009401889207544348,0.08444855736369233,hist_mean:rule
2011-04,0.004042198081515828,0.0039109669011619524,0.06561559017693795,hist_mean:rule
2011-05,0.002629969594881955,0.002513981878313313,0.05799385828432097,hist_mean:rule
2011-06,0.00175834603250123,0.0016509423961566117,0.05370181817230927,hist_mean:rule
2011-07,0.005188495320178205,0.005078897260213499,0.054799029982352886,hist_mean:rule
2011-08,0.003704104510260016,0.0035958402356100773,0.054132137324968944,hist_mean:rule
2011-09,0.006528148949307928,0.006408641070341352,0.059753939483287916,hist_mean:rule
2011-10,2.9823898586031232e-05,-8.442396281609858e-05,0.05712393070106524,hist_mean:rule
2011-11,0.003726567325397386,0.003592328456432799,0.06711943448229343,hist_mean:rule
2011-12,0.003438505854203235,0.0033392060312153133,0.0496499114939606,hist_mean:rule
2012-01,-0.008475380584319939,-0.008689577863324126,0.10709863950209379,hist_mean:rule
2012-02,0.0016676876566074702,0.0015296807790608263,0.06900343877332163,hist_mean:rule
2012-03,0.009508333112371897,0.009390460155420123,0.05893647847588725,hist_mean:rule
2012-04,0.0020859243620402717,0.001869406238458498,0.10825906179088655,hist_mean:rule
2012-05,0.0032458280565272417,0.0030889884450567328,0.07841980573525427,hist_mean:rule
2012-06,0.004447828108155647,0.004354392971880693,0.046717568137477544,hist_mean:rule
2012-07,0.00388518904526953,0.0037645319386697055,0.060328553299912234,hist_mean:rule
2012-08,0.004439464713772937,0.004341006266910912,0.049229223431012506,hist_mean:rule
2012-09,0.0003367442210309906,0.0002385388886778809,0.04910266617655491,hist_mean:rule
2012-10,0.002354827197708529,0.0022566640334087604,0.049081582149884374,hist_mean:rule
2012-11,0.0030001229137650845,0.002900497044311574,0.049812934726755194,hist_mean:rule
2012-12,-0.00034399042913924174,-0.00044954387419305584,0.05277672252690705,hist_mean:rule
2013-01,0.0006066480802177863,0.0005087255976763978,0.04896124127069426,hist_mean:rule
2013-02,0.0029114284178248526,0.0027671442471718087,0.07214208532652217,hist_mean:rule
2013-03,0.0037673688835964756,0.003647586305125553,0.059891289235461276,hist_mean:rule
2013-04,0.0051243764357211535,0.004984293668171975,0.07004138377458957,hist_mean:rule
2013-05,0.00017785817467433975,5.393310564882954e-05,0.061962534512755095,hist_mean:rule
2013-06,0.003538815931709092,0.003414423277446413,0.06219632713133963,hist_mean:rule
2013-07,0.009290303164568893,0.00914978394649841,0.07025960903524094,hist_mean:rule
2013-08,-0.0015468854183864809,-0.0016762235625594217,0.06466907208647024,hist_mean:rule
2013-09,-0.0011911027317180912,-0.001372957915132527,0.09092759170721801,hist_mean:rule
2013-10,-0.0019398937985661455,-0.0020526039091153694,0.05635505527461189,hist_mean:rule
2013-11,0.0005294884201460022,0.00040126154464527385,0.06411343775036431,hist_mean:rule
2013-12,0.003162183516958218,0.0030813465759771575,0.04041847049053013,hist_mean:rule
2014-01,0.003239068986268544,0.0031488095183162704,0.045129733976136906,hist_mean:rule
2014-02,0.0051381060090997825,0.005035231195128465,0.051437406985658664,hist_mean:rule
2014-03,0.0017740588207469559,0.0016783417099737249,0.04785855538661554,hist_mean:rule
2014-04,-0.002061620921736236,-0.0022173184174824976,0.07784874787313045,hist_mean:rule
2014-05,0.0009574545953201286,0.0008063880155790889,0.07553328987051983,hist_mean:rule
2014-06,0.0021136202503012837,0.00200921723495504,0.05220150767312197,hist_mean:rule
2014-07,0.003274863373348085,0.0031838024850083598,0.045530444169862364,hist_mean:rule
2014-08,0.0011414129721923848,0.000992986088667243,0.07421344176257083,hist_mean:rule
2014-09,-0.0009902099162580622,-0.0010780737994184183,0.0439319415801782,hist_mean:rule
2014-10,0.0016953460633269718,0.0015949908011293674,0.05017763109880213,hist_mean:rule
2014-11,0.006453941690494173,0.006366753884190718,0.043593903151726926,hist_mean:rule
2014-12,0.006462696541767823,0.006368452088569382,0.047122226599220635,hist_mean:rule
2015-01,0.007326941604075383,0.00721368959831474,0.05662600288032083,hist_mean:rule
2015-02,-0.0008841884863508106,-0.001007491229069893,0.06165137135954142,hist_mean:rule
2015-03,0.008022038980953654,0.007915726305661057,0.053156337646299394,hist_mean:rule
2015-04,-0.006423169042957244,-0.006554495696619675,0.06566332683121595,hist_mean:rule
2015-05,0.0016242116950993958,0.0014537433179199455,0.0852341885897251,hist_mean:rule
2015-06,0.004428293100583521,0.004340042279860331,0.0441254103615956,hist_mean:rule
2015-07,0.0071157200374940294,0.007032502818439973,0.04160860952702751,hist_mean:rule
2015-08,0.004652585083440144,0.0045567566831419245,0.04791420014911007,hist_mean:rule
2015-09,0.00482086339183571,0.004731332044049826,0.04476567389294183,hist_mean:rule
2015-10,-0.0015788844995601066,-0.0016826553657188102,0.05188543307935178,hist_mean:rule
2015-11,0.0018645087876303437,0.0017685417485149744,0.04798351955768484,hist_mean:rule
2015-12,0.003789126496713009,0.0036804715968465945,0.05432744993320754,hist_mean:rule
2016-01,0.0022341104759581215,0.0021365880376752605,0.048761219141430466,hist_mean:rule
2016-02,-0.0009402907592869088,-0.0010416436109497468,0.0506764258314188,hist_mean:rule
2016-03,-0.008173953953636074,-0.008284687858516758,0.0553669524403429,hist_mean:rule
2016-04,0.0012962310293432706,0.0011813035714773798,0.05746372893294534,hist_mean:rule
2016-05,0.0045014287839525114,0.004401631264178564,0.04989875988697365,hist_mean:rule
2016-06,-0.0008269904880608714,-0.0009119799972375072,0.042494754588317814,hist_mean:rule
2016-07,0.0030371139282517148,0.002957300489218061,0.03990671951682687,hist_mean:rule
2016-08,0.004740910522082512,0.004647832637849279,0.046538942116616897,hist_mean:rule
2016-09,0.004880574548667762,0.004768477499113125,0.05604852477731806,hist_mean:rule
2016-10,0.0027145684608402354,0.002656330050361988,0.029119205239123723,hist_mean:rule
2016-11,-0.00515629313778698,-0.005249025272825141,0.046366067519080484,hist_mean:rule
2016-12,0.0007593224412260274,0.0006016827936385389,0.07881982379374426,hist_mean:rule
2017-01,0.004140516773084119,0.004044338031014147,0.048089371034986055,hist_mean:rule
2017-02,-0.001223788681925821,-0.0013167144077076995,0.04646286289093943,hist_mean:rule
2017-03,0.004264054660824622,0.004187611062293877,0.038221799265372655,hist_mean:rule
2017-04,-0.001142303931266844,-0.0012234481273159516,0.040572098024553846,hist_mean:rule
2017-05,0.004833074638649199,0.004750336354961742,0.04136914184372838,hist_mean:rule
2017-06,0.0004865849547097842,0.00039173666167018225,0.047424146519800904,hist_mean:rule
2017-07,0.0035312052764922626,0.0034601446252467256,0.03553032562276842,hist_mean:rule
2017-08,0.0012238011940264072,0.0011456298102697291,0.0390856918783389,hist_mean:rule
2017-09,0.0033264870036813915,0.003261546497120918,0.03247025328023666,hist_mean:rule
2017-10,0.0015339592891631792,0.001459386637920578,0.03728632562130064,hist_mean:rule
2017-11,0.0013645793160098729,0.0012643783732880264,0.05010047136092328,hist_mean:rule
2017-12,-0.00025790296249297026,-0.00033397974471382016,0.038038391110425056,hist_mean:rule
2018-01,0.003644328253341045,0.0035396068579332377,0.0523606977039036,hist_mean:rule
2018-02,0.002228418460110357,0.0021343660025691024,0.0470262287706272,hist_mean:rule
2018-03,0.0018787566481227216,0.001749446344658969,0.06465515173187643,hist_mean:rule
2018-04,0.0009548536560986243,0.0008665501507315602,0.04415175268353199,hist_mean:rule
2018-05,0.003991230140249051,0.003891845973911898,0.04969208316857672,hist_mean:rule
2018-06,0.0030803995418799313,0.002986426133280262,0.046986704299834425,hist_mean:rule
2018-07,0.004745311888923688,0.004661795597560982,0.04175814568135312,hist_mean:rule
2018-08,0.0038950736582872513,0.0038105261828050075,0.04227373774112152,hist_mean:rule
2018-09,0.0105247567154472,0.010442199779229177,0.04127846810901155,hist_mean:rule
2018-10,0.0025228336875872024,0.0024343772640241664,0.044228211781518006,hist_mean:rule
2018-11,-0.0010837312130737146,-0.0011756487971125004,0.045958792019393103,hist_mean:rule
2018-12,-0.0016715213460282133,-0.0017647724209039007,0.04662553743784393,hist_mean:rule
2019-01,0.004842472502533907,0.004772907523274325,0.034782489629791365,hist_mean:rule
2019-02,-0.00440644220585184,-0.004497795984939678,0.045676889543919026,hist_mean:rule
2019-03,0.003076955074245553,0.003004402763391578,0.036276155426987346,hist_mean:rule
2019-04,0.0016944600524634696,0.0016243734662158198,0.035043293123824926,hist_mean:rule
2019-05,0.0014202172789602296,0.001342122600675566,0.0390473391423319,hist_mean:rule
2019-06,0.004245153297302986,0.004164169052262307,0.040492122520339305,hist_mean:rule
2019-07,0.005140757918650157,0.005082133463472707,0.029312227588725082,hist_mean:rule
2019-08,0.0017953634721358752,0.0017100493163340934,0.04265707790089103,hist_mean:rule
2019-09,-0.0015468333193606942,-0.0016188668103621442,0.03601674550072514,hist_mean:rule
2019-10,0.00028560072351425226,0.00020680532531803077,0.03939769909811065,hist_mean:rule
2019-11,0.0020552417776824104,0.001987060050137788,0.0340908637723111,hist_mean:rule
2019-12,0.0038164980740349715,0.003738510531264015,0.03899377138547803,hist_mean:rule
2020-01,0.002187460372826168,0.002127869139540547,0.029795616642810174,hist_mean:rule
2020-02,0.004001655030488845,0.003922659509367138,0.039497760560853086,hist_mean:rule
2020-03,0.0047658529988681714,0.00468890750691335,0.03847274597741099,hist_mean:rule
2020-04,-0.004280286892631082,-0.004440154686796292,0.07993389708260543,hist_mean:rule
2020-05,-0.000662749486864374,-0.0008033902406914752,0.07032037691355063,hist_mean:rule
2020-06,-0.005859406683389562,-0.005958132213658787,0.0493627651346126,hist_mean:rule
2020-07,0.0034567657274472124,0.003328674152290223,0.06404578757849444,hist_mean:rule
2020-08,-0.0028124635340511725,-0.0029319548410659123,0.05974565350736969,hist_mean:rule
2020-09,0.0009232090006220363,0.0008273637066283867,0.04792264699682487,hist_mean:rule
2020-10,0.004412370489792449,0.0043200988309814005,0.04613582940552437,hist_mean:rule
2020-11,-0.018043097572602966,-0.018130791380467113,0.04384690393207257,hist_mean:rule
2020-12,-0.0055948923174597796,-0.005730848333477276,0.06797800800874855,hist_mean:rule
2021-01,0.00426666676020951,0.004162238232904049,0.05221426365273029,hist_mean:rule
2021-02,-0.002301255680607402,-0.002398901224491381,0.04882277194198961,hist_mean:rule
2021-03,0.0019029307296362992,0.0017923982664058665,0.055266231615216446,hist_mean:rule
2021-04,0.0011336110152773116,0.0010402446171407854,0.046683199068263105,hist_mean:rule
2021-05,0.0005984612752219331,0.0004865456077566076,0.0559578337326627,hist_mean:rule
2021-06,-0.004209227049619105,-0.00429579615953108,0.043284554955987486,hist_mean:rule
2021-07,0.0037199595290126255,0.0036243790175659635,0.04779025572333076,hist_mean:rule
2021-08,-0.0009614130775924712,-0.0010332225122860147,0.03590471734677185,hist_mean:rule
2021-09,0.00415269431898286,0.004061101966203049,0.045796176389905824,hist_mean:rule
2021-10,0.00011675249386592948,3.0229159624460732e-05,0.04326166712073414,hist_mean:rule
2021-11,0.0058340621042209965,0.005750910659332199,0.041575722444398194,hist_mean:rule
2021-12,0.00785670659118828,0.0077515243728713355,0.05259110915847229,hist_mean:rule
2022-01,0.007511861783902936,0.007433588248595127,0.039136767653904274,hist_mean:rule
2022-02,0.007962194341738003,0.007875407858480558,0.043393241628723274,hist_mean:rule
2022-03,0.0047544206456142804,0.00465926445635071,0.047578094631785285,hist_mean:rule
2022-04,0.009041041160270687,0.008935011729815588,0.053014715227549906,hist_mean:rule
2022-05,0.004689992119178358,0.004575056453817606,0.057467832680375565,hist_mean:rule
2022-06,-0.0013599911124281073,-0.0014547058150889873,0.04735735133044008,hist_mean:rule
2022-07,-0.000978793350655271,-0.0010707679207202475,0.04598728503248823,hist_mean:rule
2022-08,-0.002486676653459198,-0.0025635570414034078,0.038440193972105206,hist_mean:rule
2022-09,0.0027590272757369028,0.0026703678555978294,0.04432971006953666,hist_mean:rule
2022-10,0.003004847996820895,0.0029200903577876647,0.04237881951661503,hist_mean:rule
2022-11,-0.0014885284846127245,-0.0015961532641428583,0.05381238976506661,hist_mean:rule
2022-12,0.0056287558364008705,0.005515959673052083,0.05639808167439366,hist_mean:rule
2023-01,0.001713222185993215,0.0016269173495152575,0.04315241823897863,hist_mean:rule
2023-02,0.001922348453706881,0.0018255181692650795,0.04841514222090058,hist_mean:rule
2023-03,0.0018941003744781337,0.0018260188228343783,0.03404077582187782,hist_mean:rule
2023-04,-0.0005117282042936618,-0.0005916598649997617,0.03996583035305007,hist_mean:rule
2023-05,-0.0022919701081790607,-0.0023741238461500347,0.04107686898548651,hist_mean:rule
2023-06,0.0026380615670032847,0.002561461702314594,0.03829993234434519,hist_mean:rule
2023-07,0.001541044084128162,0.0014642611961091963,0.03839144400948268,hist_mean:rule
2023-08,0.0011746518361603997,0.0010797613012084848,0.047445267475957315,hist_mean:rule
2023-09,0.005777500971009344,0.0057061475756747275,0.035676697667307605,hist_mean:rule
2023-10,0.005247932685495368,0.005175884344109791,0.03602417069278808,hist_mean:rule
2023-11,-0.0030145867134826793,-0.003153231066103819,0.06932217631056978,hist_mean:rule
2023-12,0.0037407922411433676,0.00366684488820329,0.03697367647003887,hist_mean:rule
2024-01,0.010211384508225637,0.01013758667926017,0.036898914482734066,hist_mean:rule
2024-02,-0.0016677494482437937,-0.0017576588891563536,0.04495472045627983,hist_mean:rule
2024-03,0.0037017961315799694,0.0036154694850522254,0.04316332326387204,hist_mean:rule
2024-04,0.0017007732970907902,0.0015939600021006766,0.05340664749505677,hist_mean:rule
2024-05,0.0014191699182760627,0.0013127899537204073,0.05318998227782765,hist_mean:rule
2024-06,0.002431926109506726,0.0023402096634892637,0.04585822300873084,hist_mean:rule
2024-07,0.0017429653506938934,0.0016847776180166653,0.029093866338614195,hist_mean:rule
2024-08,0.002035242164716789,0.0019690051517358043,0.033118506490492264,hist_mean:rule
2024-09,8.04834250789988e-05,1.2548694408249924e-05,0.03396736533537441,hist_mean:rule
2024-10,-0.00039484192265284,-0.00045831497964811445,0.03173652849763738,hist_mean:rule
2024-11,0.009991781643614788,0.009917161932195663,0.037309855709561836,hist_mean:rule
2024-12,0.0009947356810944322,0.0009268236734343776,0.0339560038300273,hist_mean:rule
2025-01,0.0023260221330640585,0.0022646576526239763,0.03068224022004112,hist_mean:rule
2025-02,0.0029095388186587624,0.0028333660525896795,0.03808638303454183,hist_mean:rule
2025-03,0.0045327505066765006,0.004461971335770875,0.03538958545281255,hist_mean:rule
2025-04,-0.00020766617660326837,-0.0002838761124866983,0.03810496794171492,hist_mean:rule
2025-05,-0.00047463861270105335,-0.0005553890161627982,0.04037520173087234,hist_mean:rule
2025-06,-0.003406667618794705,-0.0034934584352791145,0.04339540824220431,hist_mean:rule
2025-07,-0.0016283056830460269,-0.001687355882851826,0.029525099902899546,hist_mean:rule
2025-08,-0.0020873448973564783,-0.002166355767706784,0.03950543517515305,hist_mean:rule
2025-09,0.0036071569453896483,0.003534995534487201,0.036080705451223424,hist_mean:rule
2025-10,0.007452497077137492,0.007375402287248811,0.03854739494434048,hist_mean:rule
2025-11,0.003924233507515017,0.00383081915624017,0.04670717563742372,hist_mean:rule
2025-12,0.006178147882459223,0.00611448052143912,0.0318336805100518,hist_mean:rule
2000-01,0.00529033572125314,0.00529033572125314,0.0,ols:dm_only
2000-02,0.015261378225069299,0.01329686166979361,0.9822582776378442,ols:dm_only
2000-03,-0.0009565250842160072,-0.0029030732776310067,0.9732740967075001,ols:dm_only
2000-04,-0.01645851207616044,-0.01837769198161007,0.9595899527248138,ols:dm_only
2000-05,-0.0028545690941178445,-0.004890789449327738,1.0181101776049462,ols:dm_only
2000-06,-0.00835163278978088,-0.010284851119517425,0.9666091648682713,ols:dm_only
2000-07,-0.0007682391786320912,-0.0027397378594077493,0.9857493403878289,ols:dm_only
2000-08,-0.0062835012524312785,-0.00807124119994874,0.8938699737587309,ols:dm_only
2000-09,0.0006440198474774527,-0.0011606220342012547,0.902320940839354,ols:dm_only
2000-10,0.00020679495254419104,-0.0014565680050746934,0.8316814788094421,ols:dm_only
2000-11,0.008357397056543689,0.006852642222733015,0.752377416905337,ols:dm_only
2000-12,-0.0004787658865007874,-0.0021267158318717958,0.8239749726855042,ols:dm_only
2001-01,-0.013541497598594339,-0.015327116908431155,0.8928096549184085,ols:dm_only
2001-02,0.007297552566281672,0.005212277798267085,1.0426373840072936,ols:dm_only
2001-03,0.0282298795162979,0.02622542271755622,1.0022283993708387,ols:dm_only
2001-04,0.004869924031641629,0.0032016945124242868,0.834114759608671,ols:dm_only
2001-05,0.008865137371097885,0.006980124320318274,0.9425065253898053,ols:dm_only
2001-06,-0.0013866269275365063,-0.002953919308421946,0.7836461904427199,ols:dm_only
2001-07,0.017944170002117284,0.01618838246738055,0.8778937673683668,ols:dm_only
2001-08,-0.005757490115469297,-0.007245871714694824,0.7441907996127631,ols:dm_only
2001-09,0.011653584729010576,0.009858563510970626,0.8975106090199749,ols:dm_only
2001-10,-0.01867076936913148,-0.020479532660749717,0.9043816458091202,ols:dm_only
2001-11,0.0027051293469769868,0.0005031472791666261,1.1009910339051798,ols:dm_only
2001-12,0.013403375116889034,0.011511503494492148,0.9459358111984427,ols:dm_only
2002-01,-0.0005914983493892792,-0.002517886268947366,0.9631939597790434,ols:dm_only
2002-02,0.006998454705298434,0.0055245436184323034,0.7369555434330647,ols:dm_only
2002-03,0.01093681969802085,0.009624328613590968,0.6562455422149417,ols:dm_only
2002-04,0.006223604325184552,0.005050995774894507,0.5863042751450226,ols:dm_only
2002-05,0.005867726034580745,0.0045609587085382874,0.6533836630212292,ols:dm_only
2002-06,0.005208744037907154,0.003943170430303473,0.6327868038018413,ols:dm_only
2002-07,0.0034897444624172502,0.002267777580105239,0.6109834411560057,ols:dm_only
2002-08,0.0033160541604720806,0.002146447507122992,0.584803326674544,ols:dm_only
2002-09,0.004806714164923109,0.003540679635704357,0.6330172646093764,ols:dm_only
2002-10,0.0014942509541345567,0.0003292488893728139,0.5825010323808709,ols:dm_only
2002-11,0.003263843591656909,0.0017707535681828269,0.746545011737041,ols:dm_only
2002-12,0.0020202971576192682,0.0007916372319409771,0.6143299628391454,ols:dm_only
2003-01,0.000705357438472338,-0.0005615806341137347,0.6334690362930364,ols:dm_only
2003-02,0.00015289010270120936,-0.0008137674631309445,0.4833287829160769,ols:dm_only
2003-03,0.00929630532323243,0.008274431936154554,0.5109366935389382,ols:dm_only
2003-04,-0.004992646251508996,-0.005685409315192024,0.34638153184151455,ols:dm_only
2003-05,0.003122283800713692,0.0019451048423961403,0.5885894791587762,ols:dm_only
2003-06,0.006424655480483637,0.005256423113310843,0.5841161835863972,ols:dm_only
2003-07,0.009522015162178044,0.008471991024242223,0.5250120689679103,ols:dm_only
2003-08,0.004849583380185347,0.003785917786576167,0.53183279680459,ols:dm_only
2003-09,-0.0031523612684804005,-0.004311731675529786,0.5796852035246927,ols:dm_only
2003-10,0.00976084190801621,0.008660637837759994,0.5501020351281086,ols:dm_only
2003-11,0.00031403119979374295,-0.0007209046079613834,0.5174679038775631,ols:dm_only
2003-12,6.0156069152116336e-05,-0.0010838984020655204,0.5720272356088186,ols:dm_only
2004-01,-0.00596731633122151,-0.007099037155930535,0.5658604123545122,ols:dm_only
2004-02,0.0024842746645248313,0.0011767338723158347,0.6537703961044982,ols:dm_only
2004-03,0.0017782331490369544,0.0007165702946620838,0.5308314271874353,ols:dm_only
2004-04,0.004760388496970283,0.0036847224424518326,0.5378330272592251,ols:dm_only
2004-05,-0.006417987256585642,-0.007462333367674926,0.522173055544642,ols:dm_only
2004-06,0.0013494116366575824,0.00027833084060342815,0.5355403980270771,ols:dm_only
2004-07,0.0043392386713702515,0.0033709682913440264,0.4841351900131126,ols:dm_only
2004-08,0.004289348116645278,0.003383297042232311,0.4530255372064835,ols:dm_only
2004-09,0.0037621446018570757,0.002812470794797392,0.47483690352984187,ols:dm_only
2004-10,0.009157783835536266,0.008240014783310249,0.45888452611300845,ols:dm_only
2004-11,0.0027959914057609243,0.001930112339396505,0.43293953318220973,ols:dm_only
2004-12,0.0072892610836383116,0.006221584908456536,0.5338380875908881,ols:dm_only
2005-01,-0.0019779433515537035,-0.003118539822705943,0.5702982355761195,ols:dm_only
2005-02,0.004236000437964191,0.003174736559474527,0.5306319392448317,ols:dm_only
2005-03,0.008923219442408191,0.007854193692389369,0.5345128750094111,ols:dm_only
2005-04,0.014675558101818004,0.013643119328617248,0.516219386600377,ols:dm_only
2005-05,-0.014923177227479488,-0.015778119592413174,0.42747118246684324,ols:dm_only
2005-06,0.001648824864560214,0.0003974757286949218,0.6256745679326462,ols:dm_only
2005-07,0.003109553421997705,0.0020958064135525134,0.5068735042225959,ols:dm_only
2005-08,0.0006780805774443417,-0.00034369910604545046,0.510889841744896,ols:dm_only
2005-09,0.0029154206484770812,0.0017335533110173391,0.5909336687298711,ols:dm_only
2005-10,0.0005929835512868586,-0.0004107774529954575,0.5018805021411581,ols:dm_only
2005-11,-0.0032430976287328517,-0.004243063987810876,0.49998317953901195,ols:dm_only
2005-12,-0.0008375995161364402,-0.0018629419222842823,0.512671203073921,ols:dm_only
2006-01,0.005896923314817176,0.004805954242697239,0.545484536059968,ols:dm_only
2006-02,0.005607259322074541,0.004222122190456477,0.6925685658090319,ols:dm_only
2006-03,-0.012684164089749973,-0.013906905371881526,0.6113706410657769,ols:dm_only
2006-04,0.007845891917109157,0.006623845911245094,0.6110230029320314,ols:dm_only
2006-05,0.0012452186691337477,6.548802880402314e-05,0.5898653201648622,ols:dm_only
2006-06,0.016217199416659077,0.015099667627734806,0.5587658944621355,ols:dm_only
2006-07,-0.00514544595233436,-0.006269252220439957,0.5619031340527985,ols:dm_only
2006-08,-0.0051091663359041015,-0.006400041916582815,0.6454377903393568,ols:dm_only
2006-09,0.003021190036115604,0.0018085738648275934,0.6063080856440055,ols:dm_only
2006-10,-0.003067864317479276,-0.0040965678153607535,0.5143517489407388,ols:dm_only
2006-11,0.00787854850620532,0.006731101227036804,0.5737236395842578,ols:dm_only
2006-12,0.0014854137581453782,0.00044902689617386666,0.5181934309857557,ols:dm_only
2007-01,0.0048089141773056425,0.0036315681867021567,0.5886729953017426,ols:dm_only
2007-02,0.0013721220126190312,0.000156573031933665,0.6077744903426828,ols:dm_only
2007-03,0.005997244166177874,0.0048951632967964625,0.5510404346907057,ols:dm_only
2007-04,0.006464062213617876,0.005386144491164917,0.5389588612264788,ols:dm_only
2007-05,0.001383559194553691,0.0002850070702923089,0.5492760621306912,ols:dm_only
2007-06,-0.0022965015100975743,-0.003529319812932898,0.6164091514176621,ols:dm_only
2007-07,-0.0010675655752740815,-0.0024443706068515048,0.6884025157887115,ols:dm_only
2007-08,0.0017436692148536748,0.00045265182066341416,0.6455086970951304,ols:dm_only
2007-09,0.0021207767746810333,0.0008249766262551979,0.6479000742129176,ols:dm_only
2007-10,0.011164654979673819,0.00994893949267745,0.6078577434981843,ols:dm_only
2007-11,0.002754857636313139,0.001536004144709295,0.6094267458019221,ols:dm_only
2007-12,0.004144416665044732,0.002746266147844771,0.6990752585999804,ols:dm_only
2008-01,0.0018610024045206616,0.000713204387180145,0.5738990086702583,ols:dm_only
2008-02,-0.0010557832445512224,-0.0024425429937474917,0.6933798745981345,ols:dm_only
2008-03,0.0043004076607989225,0.0029398810756036844,0.6802632925976189,ols:dm_only
2008-04,0.002465833303931087,0.0011627451250815779,0.6515440894247548,ols:dm_only
2008-05,-0.0035138551752412,-0.00487121835973472,0.6786815922467601,ols:dm_only
2008-06,0.009179516079347598,0.007892520633932368,0.6434977227076153,ols:dm_only
2008-07,-0.002603543072007886,-0.0037150179131440015,0.5557374205680579,ols:dm_only
2008-08,0.008647265850447238,0.007230372608506624,0.7084466209703071,ols:dm_only
2008-09,0.012489317179759235,0.011381344067271992,0.5539865562436218,ols:dm_only
2008-10,0.031238799046648905,0.030150954438084857,0.5439223042820232,ols:dm_only
2008-11,0.018179483739986242,0.017100355168319883,0.5395642858331804,ols:dm_only
2008-12,-0.0044028318087866855,-0.005600485649182249,0.5988269201977818,ols:dm_only
2009-01,0.0006460525464686285,-0.00075134267178814,0.6986976091283843,ols:dm_only
2009-02,0.006334423054235922,0.004873559900729875,0.7304315767530235,ols:dm_only
2009-03,-0.01135510023618456,-0.012534354945977188,0.5896273548963132,ols:dm_only
2009-04,-0.016512473221590586,-0.018039924057823974,0.7637254181166928,ols:dm_only
2009-05,0.011091255802024639,0.009312850413746894,0.8892026941388732,ols:dm_only
2009-06,-0.003685335991701431,-0.00530199624877024,0.8083301285344049,ols:dm_only
2009-07,0.0031340465466630305,0.0014034735069219405,0.8652865198705452,ols:dm_only
2009-08,0.001184075649165824,-0.0001417500917051157,0.6629128704354698,ols:dm_only
2009-09,0.0049054267530035025,0.003561506122393039,0.6719603153052316,ols:dm_only
2009-10,0.0013949026073064796,0.00018480226440033363,0.6050501714530729,ols:dm_only
2009-11,0.0017618201736813875,0.000502322168382188,0.6297490026495998,ols:dm_only
2009-12,-0.00268449201653764,-0.0038714825234913873,0.5934952534768736,ols:dm_only
2010-01,-0.001880581379972465,-0.003219159149623088,0.6692888848253113,ols:dm_only
2010-02,-0.0025849741613120703,-0.0040367063059175015,0.7258660723027158,ols:dm_only
2010-03,-0.0032016180683007295,-0.004737133437787953,0.7677576847436115,ols:dm_only
2010-04,0.004959469410465906,0.0035867640068280695,0.6863527018189183,ols:dm_only
2010-05,0.003815969568859858,0.0025284799855534753,0.6437447916531912,ols:dm_only
2010-06,0.007419962372769382,0.006219699447707214,0.6001314625310842,ols:dm_only
2010-07,-0.001964688292136003,-0.0030315647614573434,0.5334382346606698,ols:dm_only
2010-08,0.0028374523075739636,0.0015033091032172305,0.6670716021783665,ols:dm_only
2010-09,0.0014894547020029047,0.00017063206178371922,0.6594113201095927,ols:dm_only
2010-10,0.006522863339041922,0.005179390259879899,0.6717365395810121,ols:dm_only
2010-11,0.008539744642141753,0.007305756392226397,0.616994124957678,ols:dm_only
2010-12,0.0052687673626329095,0.0040410582581143105,0.6138545522592999,ols:dm_only
2011-01,0.004334439280971634,0.0031290884674155975,0.6026754067780183,ols:dm_only
2011-02,-0.0018902704622199681,-0.0032072493079045063,0.6584894228422689,ols:dm_only
2011-03,-0.0006041000672725406,-0.0019139500015222155,0.6549249671248373,ols:dm_only
2011-04,0.0067994955627394115,0.0055462621492242065,0.6266167067576024,ols:dm_only
2011-05,0.0037905271735055933,0.002674264211866354,0.5581314808196196,ols:dm_only
2011-06,0.004033717620389121,0.002902505673879348,0.5656059732548867,ols:dm_only
2011-07,0.005517056495882998,0.0044928579749326765,0.5120992604751606,ols:dm_only
2011-08,0.009069298927838828,0.008074939701688414,0.4971796130752071,ols:dm_only
2011-09,0.011720715746910587,0.010689863809631587,0.5154259686395004,ols:dm_only
2011-10,-0.008168294744297071,-0.009295373107292773,0.563539181497851,ols:dm_only
2011-11,0.0026126485292063584,0.0011673079388803437,0.7226702951630072,ols:dm_only
2011-12,0.003605497522020411,0.002209968597850676,0.6977644620848672,ols:dm_only
2012-01,-0.0182423850999139,-0.019217730899833533,0.48767289995981666,ols:dm_only
2012-02,-0.0026492299397484795,-0.003984488214478747,0.6676291373651344,ols:dm_only
2012-03,0.008138284509748624,0.006866562822154512,0.6358608437970558,ols:dm_only
2012-04,0.005181233095883094,0.00408451242930093,0.5483603332910824,ols:dm_only
2012-05,0.010199682112539151,0.009201616163101313,0.4990329747189193,ols:dm_only
2012-06,0.004431326577105847,0.003462863213307213,0.4842316818993167,ols:dm_only
2012-07,0.006091620469758656,0.005063247746947803,0.5141863614054271,ols:dm_only
2012-08,0.004965793763431208,0.003969997742139542,0.4978980106458331,ols:dm_only
2012-09,-0.0009844603772934423,-0.00195310493925531,0.48432228098093394,ols:dm_only
2012-10,0.00140392165517859,0.00029086427895377956,0.5565286881124053,ols:dm_only
2012-11,0.006225272837346774,0.005160978549969287,0.532147143688743,ols:dm_only
2012-12,-0.0026224509753039536,-0.003604867149819822,0.4912080872579341,ols:dm_only
2013-01,0.0023887120125002945,0.0012351487879995325,0.5767816122503808,ols:dm_only
2013-02,0.0031605509602498473,0.00204057947691686,0.5599857416664937,ols:dm_only
2013-03,0.007831056061657364,0.006828283379403823,0.5013863411267707,ols:dm_only
2013-04,0.007975658806960126,0.007115517637320502,0.4300705848198111,ols:dm_only
2013-05,0.002906829204578937,0.001974639671787704,0.4660947663956167,ols:dm_only
2013-06,0.0026118446116832564,0.0014386749307667968,0.5865848404582297,ols:dm_only
2013-07,0.008469566877503283,0.007303073780585484,0.5832465484588991,ols:dm_only
2013-08,-0.0009301696353284514,-0.0021215941657510675,0.5957122652113083,ols:dm_only
2013-09,-0.005632287577177492,-0.006934888989365243,0.6513007060938757,ols:dm_only
2013-10,-8.713432368148383e-05,-0.0012845814085854933,0.5987235424520049,ols:dm_only
2013-11,-0.0008024848248205819,-0.0018711336204203905,0.5343243977999043,ols:dm_only
2013-12,0.003879074968838349,0.002907978131246122,0.48554841879611366,ols:dm_only
2014-01,0.00029052998560189565,-0.0005638428424791661,0.4271864140405309,ols:dm_only
2014-02,0.004662294529581858,0.00362777318309864,0.5172606732416096,ols:dm_only
2014-03,0.001502902889929958,0.0004818069287536012,0.5105479805881785,ols:dm_only
2014-04,0.0007447034175076264,-0.0003457481108445076,0.5452257641760669,ols:dm_only
2014-05,-0.0006245207640916914,-0.0017141619441002883,0.5448205900042984,ols:dm_only
2014-06,0.002819872151417312,0.001709666728744423,0.5551027113364447,ols:dm_only
2014-07,0.0010565145764947015,-6.001418128804184e-06,0.5312579973117528,ols:dm_only
2014-08,0.002539629011745377,0.0014926827916213676,0.5234731100620048,ols:dm_only
2014-09,-0.0021253864592505525,-0.0031136747033162844,0.4941441220328662,ols:dm_only
2014-10,0.002166527029150316,0.0011794746185904111,0.4935262052799525,ols:dm_only
2014-11,0.008315091061346853,0.007312418435148385,0.5013363130992343,ols:dm_only
2014-12,0.012089152577625823,0.011156761056661883,0.4661957604819704,ols:dm_only
2015-01,0.005070125502023529,0.004152447758357615,0.45883887183295724,ols:dm_only
2015-02,-0.0003600646221132892,-0.0014571055894052644,0.5485204836459876,ols:dm_only
2015-03,0.002620534087438116,0.0014711025663907364,0.5747157605236898,ols:dm_only
2015-04,-0.010016883745509537,-0.011129327806707976,0.5562220305992193,ols:dm_only
2015-05,-1.349262822516512e-05,-0.0014161278721973264,0.7013176219860807,ols:dm_only
2015-06,0.0018593085647036869,0.000537897726725337,0.6607054189891749,ols:dm_only
2015-07,0.007382968618680026,0.006396927104583406,0.49302075704830983,ols:dm_only
2015-08,0.006776757707501906,0.005774458696803292,0.5011495053493069,ols:dm_only
2015-09,0.0032486171343060967,0.002211808844382622,0.5184041449617374,ols:dm_only
2015-10,-0.003237646844319846,-0.004327708694687326,0.54503092518374,ols:dm_only
2015-11,0.0020662074774284826,0.000888608342667883,0.5887995673802999,ols:dm_only
2015-12,-7.803478927654323e-06,-0.001166626873322193,0.5794116971972696,ols:dm_only
2016-01,0.001556388858491796,0.0004157209515415959,0.5703339534751001,ols:dm_only
2016-02,0.0006035635657307219,-0.0005397433910640839,0.571653478397403,ols:dm_only
2016-03,-0.0045278454495880135,-0.005747696058633892,0.6099253045229391,ols:dm_only
2016-04,0.0036244721556956683,0.0023433398945814066,0.6405661305571312,ols:dm_only
2016-05,0.001480233572360621,0.0002872800404904244,0.5964767659350982,ols:dm_only
2016-06,-0.0014651779171243754,-0.002636671062118702,0.5857465724971633,ols:dm_only
2016-07,-0.0005037252849768628,-0.0015412418793574018,0.5187582971902694,ols:dm_only
2016-08,0.005756860989568468,0.004604494123991607,0.5761834327884305,ols:dm_only
2016-09,0.005777347768194391,0.004752023732373342,0.5126620179105253,ols:dm_only
2016-10,0.0011369560618614918,0.00032600408618988327,0.40547598783580413,ols:dm_only
2016-11,-0.0022862704339055833,-0.003291032826259903,0.5023811961771598,ols:dm_only
2016-12,0.0004921111632927312,-0.0006835063481611771,0.5878087557269541,ols:dm_only
2017-01,0.0029302983645993733,0.0018451108144756521,0.5425937750618606,ols:dm_only
2017-02,-0.000551011156450074,-0.0016702028107097565,0.5595958271298414,ols:dm_only
2017-03,0.0019945824068622366,0.0009308826256473066,0.531849890607465,ols:dm_only
2017-04,5.2393360587596936e-05,-0.0009945690006907908,0.523481180639194,ols:dm_only
2017-05,0.003869596807477285,0.0028751786197397052,0.4972090938687897,ols:dm_only
2017-06,0.00040856907685267576,-0.0006955571367664777,0.5520631068095767,ols:dm_only
2017-07,0.0019754926430776607,0.0009413987275235854,0.5170469577770376,ols:dm_only
2017-08,0.0029790884198835793,0.0018958265956724478,0.5416309121055657,ols:dm_only
2017-09,0.0014714278410475421,0.0005358831975408945,0.46777232175332384,ols:dm_only
2017-10,0.003340665143431999,0.0024009637202018594,0.4698507116150699,ols:dm_only
2017-11,0.001663532200518976,0.0005854848850631136,0.5390236577279313,ols:dm_only
2017-12,0.0037779724191640295,0.002633427264739186,0.572272577212422,ols:dm_only
2018-01,0.004179580925448333,0.0030381946046554122,0.57069316039646,ols:dm_only
2018-02,0.0019421987202116286,0.00070826748277329,0.6169656187191692,ols:dm_only
2018-03,0.004044591022048626,0.00291016246021851,0.5672142809150583,ols:dm_only
2018-04,0.000312214042687189,-0.0007049506312162825,0.5085823369517356,ols:dm_only
2018-05,0.0019887938993855938,0.0008103356637071134,0.58922911783924,ols:dm_only
2018-06,0.002666060387693194,0.0014585164293434648,0.6037719791748646,ols:dm_only
2018-07,0.0022833003386322995,0.0011948713437338716,0.5442144974492139,ols:dm_only
2018-08,0.004102536899514494,0.0030231589188977202,0.5396889903083866,ols:dm_only
2018-09,0.012730909103675763,0.011651843201196522,0.5395329512396203,ols:dm_only
2018-10,0.003761108041161128,0.0027729436878046565,0.49408217667823584,ols:dm_only
2018-11,-0.002512542544875728,-0.0035785940541825417,0.5330257546534066,ols:dm_only
2018-12,0.0045087555716150024,0.0031844907067239345,0.6621324324455341,ols:dm_only
2019-01,-0.001854633019767706,-0.0029220711067538176,0.5337190434930557,ols:dm_only
2019-02,-0.0054023308113733525,-0.0066166416764568475,0.6071554325417474,ols:dm_only
2019-03,0.004769653869384664,0.0035953802505586632,0.5871368094130007,ols:dm_only
2019-04,0.0013888526289627663,0.0004547272906684012,0.4670626691471824,ols:dm_only
2019-05,0.0015940691901700386,0.0005757473454530832,0.5091609223584777,ols:dm_only
2019-06,0.0026416624939156596,0.0015083149275710464,0.5666737831723068,ols:dm_only
2019-07,0.005775204972102667,0.004715936402233356,0.5296342849346555,ols:dm_only
2019-08,0.004074379546933818,0.003135491267390692,0.46944413977156285,ols:dm_only
2019-09,-0.0027838098750781934,-0.003792378908759322,0.5042845168405642,ols:dm_only
2019-10,0.001774041134427218,0.0006309103566072521,0.5715653889099831,ols:dm_only
2019-11,0.0009648748225819101,-5.8466277033321155e-05,0.5116705498076155,ols:dm_only
2019-12,0.004848368763878612,0.003760736619851107,0.5438160720137527,ols:dm_only
2020-01,0.005222937771145035,0.004302060551733329,0.46043860970585315,ols:dm_only
2020-02,0.0090660701913938,0.008079092906895902,0.4934886422489495,ols:dm_only
2020-03,0.015737844736755636,0.014792360375210771,0.47274218077243274,ols:dm_only
2020-04,-0.01832103532477726,-0.01970365797013616,0.6913113226794488,ols:dm_only
2020-05,-0.0010319267758793075,-0.002965377431800587,0.9667253279606401,ols:dm_only
2020-06,-0.0030261896282185795,-0.004565138345805892,0.7694743587936564,ols:dm_only
2020-07,0.0032489055390494026,0.001843396726838921,0.7027544061052406,ols:dm_only
2020-08,0.0015647903485581116,0.00020288484559770123,0.6809527514802051,ols:dm_only
2020-09,-0.0032561091673100795,-0.004620602513885864,0.6822466732878925,ols:dm_only
2020-10,0.0013973007386498199,2.973253382020514e-05,0.6837841024148072,ols:dm_only
2020-11,-0.023146589039380116,-0.024323111777831637,0.5882613692257581,ols:dm_only
2020-12,0.0017796138788457934,-3.7057106836364314e-05,0.9083354928410787,ols:dm_only
2021-01,0.0013935737064960886,-0.00019588593189561823,0.7947298191958534,ols:dm_only
2021-02,0.0005180486627757977,-0.0008197717508106686,0.6689102067932333,ols:dm_only
2021-03,0.00630870286266193,0.004907288404725387,0.7007072289682715,ols:dm_only
2021-04,0.004532392959088017,0.0033403568682030802,0.5960180454424688,ols:dm_only
2021-05,0.004326542681076412,0.0030306294735477856,0.6479566037643135,ols:dm_only
2021-06,-0.004076440460398901,-0.005333502095815685,0.6285308177083917,ols:dm_only
2021-07,0.0035343621934808504,0.002334903884864185,0.5997291543083327,ols:dm_only
2021-08,-0.0007985720432433025,-0.0019376538138899358,0.5695408853233166,ols:dm_only
2021-09,0.0073844867897270355,0.006186111027858743,0.5991878809341459,ols:dm_only
2021-10,0.0017479026870159823,0.0006334187330938421,0.5572419769610701,ols:dm_only
2021-11,0.004220221051858044,0.0031258752221412474,0.5471729148583979,ols:dm_only
2021-12,0.008144143598702878,0.006857317320677822,0.6434131390125283,ols:dm_only
2022-01,0.011316712713400366,0.010293379806724763,0.5116664533378011,ols:dm_only
2022-02,0.00719271870152459,0.00625254011555278,0.47008929298590446,ols:dm_only
2022-03,0.00882286731354595,0.007790521108557091,0.5161731024944296,ols:dm_only
2022-04,0.009911960828841014,0.008958695564219396,0.4766326323108087,ols:dm_only
2022-05,0.003974637382108763,0.0030218615672633763,0.47638790742269327,ols:dm_only
2022-06,0.0020273659724815173,0.0009933190379661837,0.5170234672576665,ols:dm_only
2022-07,-0.005503182901679629,-0.006557200773559723,0.5270089359400472,ols:dm_only
2022-08,-0.000995179065604294,-0.002119202153120876,0.5620115437582912,ols:dm_only
2022-09,0.00605972299634289,0.005060608149072521,0.49955742363518474,ols:dm_only
2022-10,0.004683067387921063,0.003698149822525671,0.492458782697696,ols:dm_only
2022-11,-0.006095216510246777,-0.007156921892636075,0.5308526911946492,ols:dm_only
2022-12,0.004894348493840756,0.0036964310173039703,0.598958738268393,ols:dm_only
2023-01,0.0006404138098963702,-0.0003955292475716588,0.5179715287340144,ols:dm_only
2023-02,0.00645066445938123,0.005422946816929622,0.5138588212258042,ols:dm_only
2023-03,0.003241245627478355,0.0023913674699680147,0.42493907875517,ols:dm_only
2023-04,-0.0003622455411240603,-0.001348332904948181,0.4930436819120603,ols:dm_only
2023-05,-0.0016152258329322092,-0.0025406787709308424,0.46272646899931663,ols:dm_only
2023-06,0.0010016307423490018,3.12231872852672e-05,0.4852037775318673,ols:dm_only
2023-07,0.0035224916523298355,0.002492354180370795,0.5150687359795202,ols:dm_only
2023-08,0.001025109490825768,-3.3455557689686515e-06,0.5142275232973683,ols:dm_only
2023-09,0.009963676531327346,0.008968366700439665,0.49765491544384016,ols:dm_only
2023-10,0.007100164324126279,0.006275490327397815,0.41233699836423165,ols:dm_only
2023-11,-0.008781052096329829,-0.009684083584673604,0.4515157441718874,ols:dm_only
2023-12,0.0028026478672690367,0.0016503268239620608,0.5761605216534879,ols:dm_only
2024-01,0.007135204537664755,0.006112123840917111,0.5115403483738218,ols:dm_only
2024-02,0.00015903060871684969,-0.0008854198207567873,0.5222252147368184,ols:dm_only
2024-03,0.0034045341432235366,0.00230720642336447,0.5486638599295334,ols:dm_only
2024-04,-0.0005011588699352048,-0.0015656521708500586,0.5322466504574269,ols:dm_only
2024-05,0.0015840245252492391,0.0005443699154433703,0.5198273049029346,ols:dm_only
2024-06,-0.001000159837152048,-0.001996839161939559,0.49833966239375527,ols:dm_only
2024-07,7.079865702423796e-05,-0.0009328583021757673,0.5018284796000027,ols:dm_only
2024-08,0.0028469572440150016,0.00183823060779486,0.504363318110071,ols:dm_only
2024-09,0.0005698654685909266,-0.0004103132607468555,0.490089364668891,ols:dm_only
2024-10,0.004432838154364039,0.00339228823788773,0.5202749582381543,ols:dm_only
2024-11,0.008550169042467207,0.0075289064874231254,0.5106312775220411,ols:dm_only
2024-12,0.001440141980638198,0.0004151951791358898,0.5124734007511539,ols:dm_only
2025-01,0.000528357583646587,-0.0003482698971169651,0.43831374038177595,ols:dm_only
2025-02,0.00384604980690042,0.002828624238639965,0.5087127841302275,ols:dm_only
2025-03,0.005560506671489349,0.004608386520420346,0.47606007553450147,ols:dm_only
2025-04,-0.0029071116717687734,-0.003838527185497235,0.465707756864231,ols:dm_only
2025-05,-0.0013930203501274251,-0.0024310207739957996,0.5190002119341873,ols:dm_only
2025-06,-0.0005484424785288624,-0.0015714742025106205,0.5115158619908791,ols:dm_only
2025-07,-0.000879104891018759,-0.0017831434454169321,0.4520192771990867,ols:dm_only
2025-08,0.002408065711245639,0.0013847996252568501,0.5116330429943944,ols:dm_only
2025-09,0.003436336289547748,0.002348730471281993,0.5438029091328777,ols:dm_only
2025-10,0.007796537904204217,0.006738549615884273,0.5289941441599715,ols:dm_only
2025-11,0.0011226814035687047,-7.110708380250528e-06,0.5648960559744777,ols:dm_only
2025-12,0.008981610796369829,0.007881005688123928,0.5503025541229507,ols:dm_only
2000-01,0.0013139739109078146,0.0013139739109078146,0.0,ols:own
2000-02,-0.004257734376567051,-0.006763606126182377,1.2529358748076636,ols:own
2000-03,-0.002480245541180279,-0.0046899830522445255,1.1048687555321233,ols:own
2000-04,0.005670219292773279,0.0030869304802746754,1.2916444062493022,ols:own
2000-05,0.004412618357791835,0.0023478078394059574,1.0324052591929391,ols:own
2000-06,-0.010043636245464664,-0.012345723956713905,1.1510438556246203,ols:own
2000-07,0.0009194181363428107,-0.0013641063632649083,1.1417622498038595,ols:own
2000-08,-0.007227672699336196,-0.009297699634680317,1.03501346767206,ols:own
2000-09,-0.0017317228815602829,-0.003979261197984787,1.1237691582122522,ols:own
2000-10,0.00472866010115478,0.0026768034650137525,1.0259283180705137,ols:own
2000-11,0.011465554653478652,0.00959094311426972,0.9373057696044661,ols:own
2000-12,-0.0073667911367629535,-0.00953516354000395,1.0841862016204984,ols:own
2001-01,-0.02041377878388257,-0.022384652393058452,0.9854368045879407,ols:own
2001-02,0.002149372095024856,0.0002264032883599787,0.9614844033324387,ols:own
2001-03,0.027477680917438543,0.025563749845905377,0.9569655357665809,ols:own
2001-04,0.006571833810066303,0.005227710807498195,0.6720615012840536,ols:own
2001-05,0.00913806087330218,0.007272839010484896,0.9326109314086422,ols:own
2001-06,-0.002418467014102671,-0.0038931179799763117,0.7373254829368207,ols:own
2001-07,0.016103770536177352,0.0143911911574181,0.856289689379626,ols:own
2001-08,-0.004260041197567118,-0.005606488264059434,0.6732235332461579,ols:own
2001-09,0.006734777827952549,0.005128361279416686,0.8032082742679317,ols:own
2001-10,-0.005319642577772314,-0.007063188133275991,0.8717727777518383,ols:own
2001-11,0.01001075871447846,0.008118943182895268,0.9459077657915967,ols:own
2001-12,0.013292388352133947,0.01162047058771815,0.8359588822078988,ols:own
2002-01,-0.0021524064932673783,-0.003978134758156425,0.9128641324445236,ols:own
2002-02,0.005878701568908991,0.004505538406226334,0.6865815813413295,ols:own
2002-03,0.008300130339072214,0.006959419571260841,0.6703553839056864,ols:own
2002-04,0.003771829973292751,0.002614391643300997,0.5787191649958768,ols:own
2002-05,0.0034586068724691533,0.002140703011834618,0.6589519303172678,ols:own
2002-06,0.0007001087892327345,-0.0005531046735153251,0.6266067313740297,ols:own
2002-07,-0.0013778325571053207,-0.0026582617061875037,0.6402145745410912,ols:own
2002-08,0.006508565065555524,0.005311340727816934,0.5986121688692949,ols:own
2002-09,0.0035643050322938896,0.0023943829912411027,0.5849610205263933,ols:own
2002-10,0.0030875897583423047,0.0019239500894743685,0.581819834433968,ols:own
2002-11,0.004944536305258431,0.0035301980337713685,0.707169135743531,ols:own
2002-12,0.0011072905951105747,-8.674007422551182e-05,0.597015334668043,ols:own
2003-01,-0.0008030781940974181,-0.001981924005073478,0.58942290548803,ols:own
2003-02,0.0009499934550311705,-9.26535583667171e-05,0.5213235066989437,ols:own
2003-03,0.006261025533286516,0.005151552563237153,0.5547364850246814,ols:own
2003-04,-0.005853934442123811,-0.006609545835263249,0.37780569656971874,ols:own
2003-05,0.003003234291718857,0.0018794391247857344,0.5618975834665615,ols:own
2003-06,0.006578069810874123,0.005290388200681874,0.6438408050961244,ols:own
2003-07,0.00653256596053437,0.00552849625162897,0.5020348544526998,ols:own
2003-08,0.003096397422873595,0.001983031883111582,0.5566827698810065,ols:own
2003-09,-6.024802578543959e-05,-0.001197241656725108,0.5684968154698343,ols:own
2003-10,0.008728063136697717,0.007685021362451741,0.5215208871229875,ols:own
2003-11,0.0007254596796608715,-0.000208951915741366,0.4672057977011188,ols:own
2003-12,-0.0018131532473789741,-0.002863151489492576,0.5249991210568012,ols:own
2004-01,-0.0006598298361153107,-0.0016448637777124351,0.4925169707985621,ols:own
2004-02,-0.00044854890109086154,-0.0015835493277642583,0.5675002133366983,ols:own
2004-03,0.0015895628786055317,0.0006364193544269143,0.4765717620893086,ols:own
2004-04,0.004005675022439433,0.0030673603330170023,0.46915734471121573,ols:own
2004-05,-0.005652993425882519,-0.006581508920339791,0.4642577472286364,ols:own
2004-06,0.0036559212449569093,0.0026910374699196144,0.4824418875186476,ols:own
2004-07,0.0042823690783812835,0.0034949343331770574,0.3937173726021131,ols:own
2004-08,0.005710618482961441,0.004924955996393098,0.392831243284171,ols:own
2004-09,0.0030419258593983598,0.0022456823883322667,0.39812173553304653,ols:own
2004-10,0.008189388284349544,0.00736937725032567,0.4100055170119377,ols:own
2004-11,0.0022623000718982734,0.0015202277461386082,0.3710361628798327,ols:own
2004-12,0.006498591871077774,0.005545599169414014,0.4764963508318795,ols:own
2005-01,-0.0017578972689708007,-0.0028000257111333716,0.5210642210812856,ols:own
2005-02,0.008792749346761558,0.007873352682300529,0.4596983322305145,ols:own
2005-03,0.00881712927048757,0.007947383840689243,0.4348727148991641,ols:own
2005-04,0.013296975561407036,0.012405455810099678,0.4457598756536791,ols:own
2005-05,-0.012225674357042709,-0.013032342115983248,0.40333387947027016,ols:own
2005-06,0.0013537517611639151,0.00026313005513562874,0.5453108530141431,ols:own
2005-07,0.006962923228731511,0.005977979173368835,0.492472027681338,ols:own
2005-08,-0.0034761322261401455,-0.004316493312131748,0.420180542995801,ols:own
2005-09,0.0005447693696726744,-0.000568539260638552,0.5566543151556133,ols:own
2005-10,0.0010422919976492316,0.00017602936110747562,0.43313131827087803,ols:own
2005-11,-0.0025550101374324278,-0.0034265303116701672,0.4357600871188697,ols:own
2005-12,-0.0010631599218193977,-0.0019344093679950348,0.4356247230878185,ols:own
2006-01,0.012867085872458333,0.012001544986149984,0.4327704431541741,ols:own
2006-02,0.0028846934040333487,0.001817023660019065,0.5338348720071421,ols:own
2006-03,-0.012335427047022448,-0.013357329959043257,0.5109514560104039,ols:own
2006-04,0.00635367812669611,0.005274400622571235,0.5396387520624377,ols:own
2006-05,0.004184210403064994,0.0032097146457148143,0.48724787867509,ols:own
2006-06,0.019570781802256857,0.018640160239198147,0.4653107815293553,ols:own
2006-07,-0.0014657363878570826,-0.002388473502541491,0.46136855734220394,ols:own
2006-08,-0.003737043900078583,-0.004840760332562967,0.5518582162421927,ols:own
2006-09,0.0019800757716951813,0.001020011882902149,0.4800319443965158,ols:own
2006-10,-0.003995901155943751,-0.004850877876655277,0.42748836035576304,ols:own
2006-11,0.006747864670731595,0.005835237850616466,0.45631341005756465,ols:own
2006-12,0.0019020212936426658,0.0011016700225174147,0.4001756355626254,ols:own
2007-01,0.0046912522231656656,0.0036763758912878755,0.5074381659388951,ols:own
2007-02,0.002605723938758324,0.0015247812799242515,0.540471329417036,ols:own
2007-03,0.006673959986267676,0.005666664563001377,0.5036477116331498,ols:own
2007-04,0.0034054458438858995,0.0023595939135450197,0.5229259651704402,ols:own
2007-05,0.0002694992513735743,-0.0007019352555157279,0.48571725344465105,ols:own
2007-06,0.00029219484730695123,-0.000714347371209788,0.5032711092583698,ols:own
2007-07,-0.0009212058069912829,-0.0020925865761375444,0.5856903845731308,ols:own
2007-08,0.002370499380683102,0.0013100513469841823,0.5302240168494599,ols:own
2007-09,-0.00010131636717547216,-0.0012463819019335185,0.572532767379023,ols:own
2007-10,0.0072747054734722365,0.006201515819705687,0.5365948268832746,ols:own
2007-11,0.001407614812388429,0.0003629381710729208,0.522338320657754,ols:own
2007-12,0.0024620819132287614,0.001221606080148566,0.6202379165400976,ols:own
2008-01,0.0010415469957336364,-2.7641675770832852e-05,0.5345943357522345,ols:own
2008-02,0.0011975286459536597,6.029412376653828e-05,0.5686172610935607,ols:own
2008-03,0.0011670948208622775,6.002679724222216e-05,0.5535340118100276,ols:own
2008-04,0.004197226621675115,0.0031059145834679623,0.5456560191035764,ols:own
2008-05,-0.005131648238144701,-0.0062570906965210005,0.56272122918815,ols:own
2008-06,0.005790043627424515,0.004668172174675506,0.5609357263745048,ols:own
2008-07,0.0022589503997304627,0.001325228071773886,0.4668611639782885,ols:own
2008-08,0.006974927361349919,0.005771386952437893,0.6017702044560135,ols:own
2008-09,0.00712889857865228,0.006074232954247475,0.5273328122024026,ols:own
2008-10,0.020790975434463052,0.01981088325055609,0.4900460919534801,ols:own
2008-11,0.014988395639996337,0.013958836763056471,0.5147794384699319,ols:own
2008-12,-0.0008985755910695746,-0.002084599883950004,0.5930121464402146,ols:own
2009-01,0.0018591935874645049,0.0006542633012147533,0.6024651431248756,ols:own
2009-02,0.004794899523792678,0.0036440356588462357,0.5754319324732204,ols:own
2009-03,-0.008095913418518716,-0.008981245300079061,0.44266594078017274,ols:own
2009-04,-0.016008086454456904,-0.01718368642545604,0.587799985499567,ols:own
2009-05,0.00031137783997055963,-0.001004841236697871,0.6581095383342151,ols:own
2009-06,-0.001130671006835756,-0.002432717937952734,0.6510234655584891,ols:own
2009-07,0.0013251376439887498,-1.061218842592847e-05,0.667874916207339,ols:own
2009-08,0.0003560124959222866,-0.0006945577021838914,0.5252850990530891,ols:own
2009-09,0.00378205852475816,0.002692945084618623,0.5445567200697687,ols:own
2009-10,0.0022303294648326945,0.0012760163761276156,0.4771565443525396,ols:own
2009-11,0.0034267500904128045,0.0023840453200484886,0.5213523851821583,ols:own
2009-12,-0.0028452700625560797,-0.0037810596268325935,0.46789478213825697,ols:own
2010-01,-0.0013781559757776146,-0.002507650311368763,0.5647471677955742,ols:own
2010-02,-0.0009127501726904404,-0.0019194039101964662,0.5033268687530131,ols:own
2010-03,-0.002252549069281532,-0.003375566423530763,0.5615086771246154,ols:own
2010-04,0.005516077204118985,0.004561735628479268,0.4771707878198585,ols:own
2010-05,0.004228569402354061,0.003389479484208729,0.4195449590726664,ols:own
2010-06,0.00599442783592241,0.005207116828003587,0.3936555039594117,ols:own
2010-07,0.0007928510079719224,9.204246016709712e-05,0.3504042739024125,ols:own
2010-08,0.002000018797186664,0.0011105535123820892,0.4447326424022872,ols:own
2010-09,0.0021452173902492336,0.001261107275018519,0.44205505761535735,ols:own
2010-10,0.004986649920367363,0.004122908738370494,0.4318705909984349,ols:own
2010-11,0.007554850940436459,0.006723604887090603,0.41562302667292866,ols:own
2010-12,0.003200218213404791,0.002379213146467087,0.41050253346885235,ols:own
2011-01,0.004221405487678271,0.003432477144716369,0.3944641714809512,ols:own
2011-02,-0.000590671256724699,-0.0014035439597927008,0.4064363515340008,ols:own
2011-03,0.0005817697350932587,-0.0002509479072501138,0.41635882117168627,ols:own
2011-04,0.0054753343511396955,0.004716591957171416,0.3793711969841399,ols:own
2011-05,0.0035553507111515796,0.0028883342244014456,0.333508243375067,ols:own
2011-06,0.0037524694933182773,0.0030659046199252825,0.34328243669649716,ols:own
2011-07,0.004538412971769911,0.003933691877082734,0.3023605473435886,ols:own
2011-08,0.0055949475012243175,0.004962238683394578,0.3163544089148701,ols:own
2011-09,0.009945740581111726,0.009291541842588551,0.3270993692615872,ols:own
2011-10,-0.005948955198744295,-0.006655396922228692,0.3532208617421979,ols:own
2011-11,0.004219373486882692,0.003344664767773978,0.4373543595543574,ols:own
2011-12,0.0027320629304406676,0.001822496351876229,0.45478328928221906,ols:own
2012-01,-0.015082321461517754,-0.015714781601033293,0.3162300697577689,ols:own
2012-02,-0.0018600919024742094,-0.002624041121832043,0.3819746096789169,ols:own
2012-03,0.008165299603764916,0.007407199124501332,0.37905023963179185,ols:own
2012-04,0.004538684223913655,0.003879366863553867,0.3296586801798942,ols:own
2012-05,0.008028898556374968,0.00742312756439962,0.3028854959876745,ols:own
2012-06,0.003890662853654882,0.0033288030274115123,0.2809299131216848,ols:own
2012-07,0.005193294618533057,0.004642122793607667,0.2755859124626947,ols:own
2012-08,0.005148231446151983,0.004600090455704286,0.27407049522384824,ols:own
2012-09,-0.0006499271022087188,-0.0011671957574607168,0.258634327625999,ols:own
2012-10,0.0012998918953496554,0.0006852204654877529,0.3073357149309512,ols:own
2012-11,0.00504656910793458,0.004486663336434142,0.2799528857502192,ols:own
2012-12,-0.0012967496104599667,-0.001801911145122873,0.2525807673314534,ols:own
2013-01,0.0024300109883134656,0.0018096454733468477,0.310182757483309,ols:own
2013-02,0.0030360837110184817,0.002380862179134958,0.3276107659417619,ols:own
2013-03,0.00600305018968918,0.005445518972120667,0.27876560878425677,ols:own
2013-04,0.005657737963505516,0.005179484026128824,0.23912696868834663,ols:own
2013-05,0.0017847795203404274,0.0012805118534935662,0.25213383342343065,ols:own
2013-06,0.0029728521059157577,0.002347319601072926,0.312766252421416,ols:own
2013-07,0.007453373991967573,0.006777103971655544,0.33813501015601516,ols:own
2013-08,0.0010317505804061074,0.00036106226072613463,0.33534415983998644,ols:own
2013-09,-0.005399535108048612,-0.00614649501900767,0.3734799554795288,ols:own
2013-10,-9.439944111095632e-05,-0.0007698614078900808,0.33773098338956226,ols:own
2013-11,-6.855585944946161e-05,-0.0006559605744714359,0.2937023575109871,ols:own
2013-12,0.0032990215941476734,0.0027649841670083827,0.2670187135696454,ols:own
2014-01,0.0016423642610256214,0.0011829376916164416,0.22971328470458988,ols:own
2014-02,0.00445790390996039,0.003917157773465439,0.27037306824747553,ols:own
2014-03,0.0016810472603551669,0.0011340058892385083,0.27352068555832915,ols:own
2014-04,-0.0007955608933998655,-0.0014061646366870827,0.30530187164360845,ols:own
2014-05,-0.002308125208692839,-0.0029681038320335555,0.3299893116703581,ols:own
2014-06,0.004274902201473375,0.0036220303329442174,0.32643593426457873,ols:own
2014-07,0.002276634882844708,0.0017234405846597337,0.2765971490924871,ols:own
2014-08,0.0017179315036158355,0.0011385302290487975,0.28970063728351897,ols:own
2014-09,-0.002349489350110127,-0.002884607706966358,0.26755917842811544,ols:own
2014-10,0.0021804898564082758,0.0016464697515214779,0.26701005244339926,ols:own
2014-11,0.006563045934349668,0.0060447617505407225,0.2591420919044723,ols:own
2014-12,0.008902289932903639,0.00841508070643212,0.24360461323575963,ols:own
2015-01,0.00466937529110836,0.004153087034585463,0.2581441282614486,ols:own
2015-02,0.0004789197878388546,-0.00011985587508583818,0.2993878314623463,ols:own
2015-03,0.0033385274109827123,0.0027260251955747274,0.3062511077039922,ols:own
2015-04,-0.007766155227457996,-0.008393602765632268,0.3137237690871362,ols:own
2015-05,0.0014527926463350298,0.0007266779706609914,0.36305733783701927,ols:own
2015-06,0.0035118105357272765,0.002835629502608574,0.33809051655935124,ols:own
2015-07,0.007020836113555166,0.00651011370558542,0.2553612039848733,ols:own
2015-08,0.006154543416052823,0.005644296870745251,0.25512327265378604,ols:own
2015-09,0.0036495664032751233,0.003114663418953199,0.26745149216096176,ols:own
2015-10,-0.002059449090336709,-0.002618814722300937,0.279682815982114,ols:own
2015-11,0.001954912935220549,0.0013745064345435129,0.29020325033851824,ols:own
2015-12,0.0007395274728244323,0.00013763143440920935,0.30094801920761144,ols:own
2016-01,0.003331843781671337,0.0028018701090428903,0.2649868363142236,ols:own
2016-02,0.0009852842918642302,0.0005132285277493386,0.2360278820574458,ols:own
2016-03,-0.007639712621878047,-0.008127544006035766,0.24391569207885985,ols:own
2016-04,0.0028300813205682333,0.002295568662364207,0.26725632910201325,ols:own
2016-05,0.004383479428251714,0.0038770478141241173,0.25321580706379826,ols:own
2016-06,-0.0011997284562107607,-0.0016574844217237853,0.22887798275651217,ols:own
2016-07,0.001676179846566819,0.0012403970661185124,0.2178913902241532,ols:own
2016-08,0.00591538678740171,0.005435733821086711,0.2398264831574992,ols:own
2016-09,0.005361504379646701,0.004915113710956722,0.2231953343449893,ols:own
2016-10,0.0019329420626938779,0.0015983265222261512,0.16730777023386326,ols:own
2016-11,-0.0026952639974111565,-0.0031205413577642892,0.21263868017656617,ols:own
2016-12,0.001076589605854091,0.0005695246686962531,0.25353246857891903,ols:own
2017-01,0.004144130834982224,0.0037154060084475015,0.21436241326736113,ols:own
2017-02,-0.001548209063892089,-0.002006169509265198,0.22898022268655466,ols:own
2017-03,0.0034300552809288813,0.002986258733744769,0.2218982735920561,ols:own
2017-04,0.00022611809235146115,-0.00019191014073143312,0.20901411654144703,ols:own
2017-05,0.00496200313757305,0.004542854375401752,0.20957438108564896,ols:own
2017-06,-0.0004501762595289093,-0.0008845740934288414,0.217198916949966,ols:own
2017-07,0.004208533592614758,0.003795872351065796,0.2063306207744811,ols:own
2017-08,0.002557101022947796,0.0021350943402963334,0.21100334132573112,ols:own
2017-09,0.0016786342050730883,0.0013015746757614073,0.18852976465584045,ols:own
2017-10,0.002642376818534486,0.0022714765771543253,0.18545012069008043,ols:own
2017-11,0.001984804043788207,0.001544602350520826,0.2201008466336905,ols:own
2017-12,0.0018801204079190719,0.0014292794862283977,0.2254204608453369,ols:own
2018-01,0.005428260995756211,0.0049659856037614775,0.23113769599736664,ols:own
2018-02,0.0025761227952515653,0.0020889764260853213,0.24357318458312197,ols:own
2018-03,0.002954220346955486,0.00246013823475407,0.24704105610070812,ols:own
2018-04,0.0009335626200242087,0.0005380024504928442,0.1977800847656825,ols:own
2018-05,0.0034159017345147505,0.002936255840271657,0.23982294712154673,ols:own
2018-06,0.0031341878654750546,0.0026487157243649776,0.2427360705550383,ols:own
2018-07,0.0038845068715104842,0.003450915127196689,0.21679587215689758,ols:own
2018-08,0.004002918979627876,0.003590596935862185,0.2061610218828451,ols:own
2018-09,0.012109752366542685,0.011666984550004728,0.22138390826897766,ols:own
2018-10,0.0018420186187732765,0.0014490456920357559,0.19648646336876033,ols:own
2018-11,-0.0020710291039923025,-0.0025186672590380914,0.22381907752289462,ols:own
2018-12,1.4164641663354597e-05,-0.0005037908478149341,0.25897774473914437,ols:own
2019-01,0.0017867315271768893,0.0013420453933124772,0.22234306693220615,ols:own
2019-02,-0.004256398932761176,-0.004732098173200431,0.23784962021962708,ols:own
2019-03,0.003489141972038876,0.003040622211986191,0.22425988002634245,ols:own
2019-04,0.0015131414934862507,0.0011353183815695806,0.18891155595833486,ols:own
2019-05,0.0015178604682090076,0.0010979360278212341,0.20996222019388677,ols:own
2019-06,0.003816126399974308,0.003345514632929429,0.2353058835224399,ols:own
2019-07,0.005743532203407847,0.005314718245067881,0.21440697916998294,ols:own
2019-08,0.002438828837615896,0.002034977381224633,0.2019257281956315,ols:own
2019-09,-0.002073029837150999,-0.0024835888329905595,0.2052794979197804,ols:own
2019-10,0.000762200386254993,0.00030666963202693743,0.22776537711402775,ols:own
2019-11,0.001433323021787146,0.0010182528505597475,0.20753508561369946,ols:own
2019-12,0.003748115049716996,0.0032904627106328964,0.22882616954204973,ols:own
2020-01,0.0031502887618922895,0.0027779070677928838,0.18619084704970304,ols:own
2020-02,0.005547694353905948,0.00513972516249392,0.20398459570601354,ols:own
2020-03,0.0093856989729234,0.009001153274682068,0.19227284912066667,ols:own
2020-04,-0.01093605618348845,-0.01158480011095515,0.3243719637333506,ols:own
2020-05,-0.0023872884158499005,-0.0032702100304184216,0.44146080728426057,ols:own
2020-06,-0.004509727702410766,-0.005179965676641006,0.3351189871151203,ols:own
2020-07,0.0010139578434623306,0.0004350897912993028,0.2894340260815138,ols:own
2020-08,-0.0015591515801953518,-0.002171747936040883,0.3062981779227656,ols:own
2020-09,-0.000690073341091248,-0.0012949775234858466,0.30245209119729927,ols:own
2020-10,0.003170155875887607,0.0026143328784821547,0.2779114987027263,ols:own
2020-11,-0.019832233043071756,-0.02033087328464155,0.2493201207848971,ols:own
2020-12,-0.0022309424526998217,-0.002997522064429653,0.3832898058649156,ols:own
2021-01,0.0025020055121762336,0.001831907746981729,0.33504888259725224,ols:own
2021-02,0.0005426584856969586,-8.635477146086462e-06,0.27564698142152255,ols:own
2021-03,0.0041438380114561845,0.0035684748619440126,0.287681574756086,ols:own
2021-04,0.0037107601806791106,0.003192531421628733,0.2591143795251887,ols:own
2021-05,0.00393849999135582,0.0033715027241508345,0.2834986336024929,ols:own
2021-06,-0.004646774773205198,-0.005174087107256745,0.26365616702577355,ols:own
2021-07,0.002334461200168783,0.0018111693846437084,0.2616459077625372,ols:own
2021-08,0.0010919863878455552,0.0006005529712754478,0.24571670828505357,ols:own
2021-09,0.007024039336695803,0.006523898139796449,0.25007059844967733,ols:own
2021-10,0.0013837985528892737,0.0009062407729292049,0.23877888998003452,ols:own
2021-11,0.005241265677062379,0.004782169920524393,0.22954787826899306,ols:own
2021-12,0.010023477862906605,0.009433919295573918,0.2947792836663438,ols:own
2022-01,0.012250840897469722,0.011785192386567804,0.2328242554509597,ols:own
2022-02,0.008287305863468618,0.007797456411778667,0.24492472584497538,ols:own
2022-03,0.008126615566827757,0.007602769745035132,0.26192291089631164,ols:own
2022-04,0.010308053383681993,0.009822560678971307,0.24274635235534292,ols:own
2022-05,0.0039494955592528766,0.003491126364808404,0.22918459722223652,ols:own
2022-06,0.0008220849826626659,0.00031986344265517964,0.2511107700037429,ols:own
2022-07,-0.0036137375086486272,-0.004115174202849559,0.2507183471004661,ols:own
2022-08,-0.00094865089548744,-0.0014526670764647533,0.2520080904886566,ols:own
2022-09,0.006371016401737802,0.005915170734008307,0.22792283386474688,ols:own
2022-10,0.004550921469272922,0.004086346941541901,0.23228726386551007,ols:own
2022-11,-0.0038317604421301745,-0.004344436186275925,0.2563378720728758,ols:own
2022-12,0.0062285362457176465,0.005651251141870636,0.288642551923505,ols:own
2023-01,0.0016348068133362225,0.0011557929426529079,0.23950693534165718,ols:own
2023-02,0.004697545880298963,0.00417341860716193,0.26206363656851667,ols:own
2023-03,0.004400618808102354,0.003995557215855038,0.2025307961236579,ols:own
2023-04,-0.0010032795954865315,-0.001519289524164871,0.25800496433916975,ols:own
2023-05,-0.00189503172301028,-0.0023613606607580735,0.23316446887389686,ols:own
2023-06,0.002138367212478027,0.001687446131460891,0.22546054050856792,ols:own
2023-07,0.002246176535178194,0.0017439578104248227,0.2511093623766858,ols:own
2023-08,0.0009916163482516535,0.0004775226452025916,0.25704685152453094,ols:own
2023-09,0.008245523626525253,0.007779333294490856,0.23309516601719923,ols:own
2023-10,0.0055827703911213436,0.005179021516898059,0.2018744371116422,ols:own
2023-11,-0.006096755259762846,-0.006579864378906102,0.24155455957162697,ols:own
2023-12,0.0030517422901805494,0.0024873530124243062,0.2821946388781218,ols:own
2024-01,0.007741474207790247,0.007249624377818825,0.24592491498571062,ols:own
2024-02,0.00044984096522264846,-5.7325668743108196e-05,0.2535833169828783,ols:own
2024-03,0.0038175360235024854,0.00329169123673288,0.2629223933848024,ols:own
2024-04,0.00022929237783163043,-0.0003048014117898596,0.2670468948107451,ols:own
2024-05,0.0012006156257210329,0.0006800751288032964,0.26027024845886826,ols:own
2024-06,0.0010297367446625077,0.0005527083230308586,0.23851421081582452,ols:own
2024-07,0.0006083367002892003,0.00014136195128302542,0.2334873745030876,ols:own
2024-08,0.0025138732443091357,0.002035501508285929,0.23918586801160346,ols:own
2024-09,0.0003383009928037435,-0.00013534528631092255,0.23682313955733295,ols:own
2024-10,0.0030290428797335404,0.002545021970278809,0.24201045472736593,ols:own
2024-11,0.008473824422881207,0.008001379440175121,0.23622249135304266,ols:own
2024-12,0.0014268174378030346,0.0009233986718061286,0.251709382998453,ols:own
2025-01,0.00127738513628901,0.0008606551926499909,0.20836497181950975,ols:own
2025-02,0.0036327706086631394,0.0031327414280281156,0.25001459031751183,ols:own
2025-03,0.005320119042456984,0.004848981565937653,0.2355687382596657,ols:own
2025-04,-0.001582892597695508,-0.002028809223442213,0.22295831287335252,ols:own
2025-05,-0.0012735439802573113,-0.0017690722466481513,0.24776413319542004,ols:own
2025-06,-0.002655611860244978,-0.003132504389137357,0.23844626444618938,ols:own
2025-07,-0.002725017700936759,-0.003149576352908455,0.21227932598584773,ols:own
2025-08,0.0016256471784742348,0.0011324738405986655,0.24658666893778466,ols:own
2025-09,0.0038407861984355194,0.0033257464724969184,0.2575198629693003,ols:own
2025-10,0.007304983580842195,0.006797881299670489,0.253551140585853,ols:own
2025-11,0.0024094994771999474,0.0018528095942312675,0.27834494148433986,ols:own
2025-12,0.008456235894602919,0.007936090573287417,0.26007266065775075,ols:own
2000-01,0.0044773079460300605,0.0044773079460300605,0.0,ols:pooled
2000-02,0.01112513574152075,0.008909399077406753,1.1078683320569989,ols:pooled
2000-03,-0.0016778016665275229,-0.0037942110540054815,1.0582046937389793,ols:pooled
2000-04,-0.011653743754789806,-0.013890053794323167,1.1181550197666812,ols:pooled
2000-05,-0.0015687029072424738,-0.003698301866512139,1.0647994796348332,ols:pooled
2000-06,-0.009170673410603146,-0.01124374793302906,1.0365372612129578,ols:pooled
2000-07,-0.000670703560417642,-0.0027437204712868236,1.036508455434591,ols:pooled
2000-08,-0.006058407962966646,-0.00793969169609107,0.9406418665622122,ols:pooled
2000-09,-0.000550935198410371,-0.0025399763574717685,0.9945205795306987,ols:pooled
2000-10,0.0013053746227597955,-0.0005029672422531522,0.9041709325064741,ols:pooled
2000-11,0.008752276504186154,0.007166451902364417,0.7929123009108692,ols:pooled
2000-12,-0.001561307391378388,-0.0033292933752237562,0.8839929919226841,ols:pooled
2001-01,-0.01504386849131734,-0.016826384767102104,0.891258137892383,ols:pooled
2001-02,0.00520994628077025,0.0031902524053643282,1.0098469377029606,ols:pooled
2001-03,0.029343554299386922,0.02736485783401845,0.989348232684235,ols:pooled
2001-04,0.005530953880969849,0.003951520230400795,0.7897168252845271,ols:pooled
2001-05,0.009030770788731272,0.007175211586700982,0.9277796010151451,ols:pooled
2001-06,-0.0013009373946989478,-0.002834481719852451,0.7667721625767517,ols:pooled
2001-07,0.017413346642736107,0.015692280480159145,0.8605330812884826,ols:pooled
2001-08,-0.005352055472374087,-0.0067775075691776316,0.7127260484017715,ols:pooled
2001-09,0.01154826850452866,0.009809205828608359,0.8695313379601515,ols:pooled
2001-10,-0.015393848226419789,-0.017157273609318423,0.8817126914493179,ols:pooled
2001-11,0.004058567033769116,0.0019454581260043736,1.0565544538823712,ols:pooled
2001-12,0.013440290131376402,0.011601767250902024,0.9192614402371887,ols:pooled
2002-01,-0.0010258917270101013,-0.0029105167632064713,0.9423125180981846,ols:pooled
2002-02,0.007141955458703659,0.005703173809961585,0.7193908243710371,ols:pooled
2002-03,0.010331501424906787,0.009014867218205162,0.6583171033508121,ols:pooled
2002-04,0.006419087935538531,0.005259512139125405,0.5797878982065626,ols:pooled
2002-05,0.005471588557182933,0.004163788175804803,0.6539001906890647,ols:pooled
2002-06,0.0045563345078763005,0.0032866464824739907,0.6348440127011548,ols:pooled
2002-07,0.0022869899819615036,0.0010557910309184466,0.6155994755215285,ols:pooled
2002-08,0.004239791292882891,0.0030693100818624326,0.5852406055102296,ols:pooled
2002-09,0.004726232243539372,0.0034763096625289756,0.624961290505198,ols:pooled
2002-10,0.001503731779506198,0.00034472610916392205,0.5795028351711375,ols:pooled
2002-11,0.003758207282705715,0.0022694061254160966,0.7444005786448091,ols:pooled
2002-12,0.0021173307367899417,0.0009040418756879211,0.60664443055101,ols:pooled
2003-01,0.0003512605801106278,-0.0008941881781547551,0.6227243791326915,ols:pooled
2003-02,0.0005418337772929345,-0.00044085219006336976,0.491342983678152,ols:pooled
2003-03,0.008552924339578893,0.007509047472204698,0.5219384336870979,ols:pooled
2003-04,-0.005380627010341581,-0.0060827142236217525,0.3510436066400866,ols:pooled
2003-05,0.0031595021261915076,0.0020080917190076104,0.575705203591949,ols:pooled
2003-06,0.006374187819489873,0.005170862208322031,0.6016628055839212,ols:pooled
2003-07,0.008913303799481421,0.007868656254338425,0.5223237725714985,ols:pooled
2003-08,0.004614283517552831,0.0035329203881256798,0.5406815647135754,ols:pooled
2003-09,-0.0021091274685839565,-0.003269346424184183,0.5801094778001131,ols:pooled
2003-10,0.009799746719375467,0.008713139300173168,0.5433037096011497,ols:pooled
2003-11,0.00037074463844401673,-0.0006431599262368227,0.5069522823404196,ols:pooled
2003-12,-0.00014948780542409202,-0.001285091634246466,0.567801914411187,ols:pooled
2004-01,-0.004293907679253517,-0.005373462483924789,0.5397774023356359,ols:pooled
2004-02,0.0017805704237438907,0.0005250797620249522,0.6277453308594692,ols:pooled
2004-03,0.0016542205849161343,0.0006241896051229537,0.5150154898965903,ols:pooled
2004-04,0.0047035324683097676,0.00366518504542606,0.5191737114418536,ols:pooled
2004-05,-0.00632623767575511,-0.007332688685725628,0.5032255049852585,ols:pooled
2004-06,0.0021261807283197284,0.0010824640905068741,0.521858318906427,ols:pooled
2004-07,0.004479200845538069,0.0035641010444952396,0.457549900521415,ols:pooled
2004-08,0.005183943892520045,0.004320481284699777,0.4317313039101339,ols:pooled
2004-09,0.003880197151468429,0.0029757576353792057,0.4522197580446115,ols:pooled
2004-10,0.0087703386012065,0.007881347562463677,0.44449551937141124,ols:pooled
2004-11,0.002776350981090547,0.0019410750096565186,0.41763798571701427,ols:pooled
2004-12,0.007161022203624391,0.006120014468017333,0.5205038678035289,ols:pooled
2005-01,-0.001988832398487162,-0.003110167135431162,0.5606673684719998,ols:pooled
2005-02,0.006337504592044896,0.005314013078741665,0.5117457566516154,ols:pooled
2005-03,0.009064358420689766,0.00806247602744783,0.5009411966209686,ols:pooled
2005-04,0.014700649238320571,0.013721075891181139,0.4897866735697156,ols:pooled
2005-05,-0.014483660950503683,-0.015314500546742516,0.41541979811941704,ols:pooled
2005-06,0.001472189029004914,0.0002712831795937165,0.6004529247055986,ols:pooled
2005-07,0.004730248695235903,0.0037339676920366115,0.4981405015996459,ols:pooled
2005-08,-0.0013684218610924743,-0.002344447830502296,0.48801298470491083,ols:pooled
2005-09,0.0025312576005408803,0.0013552972807415694,0.5879801598996558,ols:pooled
2005-10,0.0009000032771340428,-6.559442013679957e-05,0.4827988486354212,ols:pooled
2005-11,-0.0028294996152002766,-0.003782874137814209,0.47668726130696615,ols:pooled
2005-12,-0.0007192680449032308,-0.0016963340565173113,0.4885330058070404,ols:pooled
2006-01,0.008258474944416512,0.0072457213987720025,0.5063767728222547,ols:pooled
2006-02,0.0054823685550128565,0.004193755908028927,0.6443063234919646,ols:pooled
2006-03,-0.01325506219363713,-0.01441397993001108,0.5794588681869758,ols:pooled
2006-04,0.007488650599920533,0.006354274457705964,0.567188071107284,ols:pooled
2006-05,0.0019585342259808214,0.0008184144511218776,0.5700598874294716,ols:pooled
2006-06,0.019054986754708597,0.01798737828715237,0.5338042337781115,ols:pooled
2006-07,-0.003905248607076848,-0.0049670010967678814,0.5308762448455174,ols:pooled
2006-08,-0.004621265476954539,-0.005847052027685336,0.6128932753653982,ols:pooled
2006-09,0.0028864783193479604,0.001755099118636713,0.5656896003556237,ols:pooled
2006-10,-0.0034750314569772394,-0.004434597834717582,0.4797831888701709,ols:pooled
2006-11,0.007500787984668763,0.006426195401140852,0.5372962917639551,ols:pooled
2006-12,0.001491081217897805,0.0005335180801275248,0.4787815688851403,ols:pooled
2007-01,0.004879235756594147,0.0037670066523456083,0.5561145521242692,ols:pooled
2007-02,0.0014667313775323107,0.0002892693765796178,0.5887310004763462,ols:pooled
2007-03,0.006393983647184528,0.005322526697223147,0.5357284749806908,ols:pooled
2007-04,0.0059200059802923055,0.004863857484738719,0.5280742477767931,ols:pooled
2007-05,0.001186764336656231,0.00014293722191890406,0.5219135573686634,ols:pooled
2007-06,-0.0015016387253361935,-0.00266040370159628,0.5793824881300429,ols:pooled
2007-07,-0.0009876226115846409,-0.0022969671921538484,0.6546722902846037,ols:pooled
2007-08,0.001752443096770299,0.0005484267541364886,0.6020081713169054,ols:pooled
2007-09,0.0014947684679634254,0.0002629609615730088,0.6159037531952084,ols:pooled
2007-10,0.010209854590800873,0.009042942751829356,0.5834559194857588,ols:pooled
2007-11,0.002221510541742041,0.0010689403042674311,0.5762851187373049,ols:pooled
2007-12,0.003816314017607804,0.0024716169365448467,0.6723485405314786,ols:pooled
2008-01,0.0014916553056362853,0.00039112225016897856,0.5502665277336533,ols:pooled
2008-02,-0.00027086708889234807,-0.0015657445498899647,0.6474387304988083,ols:pooled
2008-03,0.0031941285825211807,0.0019213841065378148,0.6363722379916832,ols:pooled
2008-04,0.003003266233083641,0.0017721128538689117,0.6155766896073644,ols:pooled
2008-05,-0.004024811296734195,-0.005301530084257316,0.6383593937615606,ols:pooled
2008-06,0.00821317183567519,0.006989273493071993,0.6119491713015983,ols:pooled
2008-07,-0.001448845192206989,-0.0024965646470915957,0.5238597274423034,ols:pooled
2008-08,0.00810811266192932,0.0067620519623754986,0.6730303497769103,ols:pooled
2008-09,0.010827810719397755,0.00975083092243049,0.5384898984836322,ols:pooled
2008-10,0.02859908772180443,0.027548278910546987,0.5254044056287221,ols:pooled
2008-11,0.017726072571410553,0.016678608588500968,0.5237319914547937,ols:pooled
2008-12,-0.0034815099055889,-0.004659291959264924,0.5888910268380115,ols:pooled
2009-01,0.001174786047792715,-0.00013304333937740772,0.6539146935850613,ols:pooled
2009-02,0.00591827033608957,0.004580188442307033,0.6690409468912689,ols:pooled
2009-03,-0.01055272012205833,-0.011619548457770253,0.5334141678559607,ols:pooled
2009-04,-0.017280852224309907,-0.018677962689301723,0.6985552324959075,ols:pooled
2009-05,0.00744552211421837,0.005810997335703793,0.817262389257289,ols:pooled
2009-06,-0.0029904191500442433,-0.00451737084377126,0.763475846863508,ols:pooled
2009-07,0.0028818666200950164,0.0012773084799643803,0.8022790700653182,ols:pooled
2009-08,0.0010987038922328654,-0.00013446009481604421,0.6165819935244549,ols:pooled
2009-09,0.004530228382801388,0.003284245475053373,0.6229914538740073,ols:pooled
2009-10,0.0016105703597686135,0.0004836844595452475,0.5634429501116828,ols:pooled
2009-11,0.0022405273402296257,0.0010581163933791157,0.5912054734252549,ols:pooled
2009-12,-0.0027644704695804485,-0.00386491237269871,0.5502209515591309,ols:pooled
2010-01,-0.002015473478541339,-0.0032515442774565004,0.6180353994575808,ols:pooled
2010-02,-0.002212797953614853,-0.00353266153045325,0.6599317884191984,ols:pooled
2010-03,-0.0026811530098817416,-0.004092017091671132,0.7054320408946954,ols:pooled
2010-04,0.0051746591558027724,0.0039373610811428116,0.618649037329981,ols:pooled
2010-05,0.0037917711598373163,0.0026492252209545115,0.5712729694414026,ols:pooled
2010-06,0.006925359547990146,0.005859280097760378,0.5330397251148841,ols:pooled
2010-07,-0.0010914200998362457,-0.002030612216252956,0.4695960582083551,ols:pooled
2010-08,0.0026263870324211725,0.0014444965645249855,0.5909452339480938,ols:pooled
2010-09,0.001762613956300056,0.0005900917817396244,0.5862610872802158,ols:pooled
2010-10,0.006252524404400842,0.005073971011903922,0.5892766962484607,ols:pooled
2010-11,0.008444448926676245,0.0073547683055126545,0.5448403105817957,ols:pooled
2010-12,0.004741248869174045,0.0036560426839376075,0.5426030926182189,ols:pooled
2011-01,0.004208015053113004,0.003153807211280446,0.5271039209162792,ols:pooled
2011-02,-0.001490884829399116,-0.002629628769392551,0.5693719699967175,ols:pooled
2011-03,-0.00024127572972751626,-0.0013781720085689684,0.5684481394207263,ols:pooled
2011-04,0.006440884953240582,0.005367752532885183,0.5365662101776992,ols:pooled
2011-05,0.0037483825608513235,0.002793696835269419,0.47734286279095217,ols:pooled
2011-06,0.003912114929038014,0.0029441892671710815,0.4839628309334659,ols:pooled
2011-07,0.005331068436872559,0.004460023428386877,0.43552250424284095,ols:pooled
2011-08,0.00804814768652555,0.007188036085961293,0.4300558002821284,ols:pooled
2011-09,0.011223743875309857,0.010326955618372866,0.4483941284684948,ols:pooled
2011-10,-0.007406919199954539,-0.008389358861008304,0.49121983052688334,ols:pooled
2011-11,0.003496119548304922,0.002258689661109496,0.6187149435977128,ols:pooled
2011-12,0.003622593557276502,0.002412946609105664,0.6048234740854191,ols:pooled
2012-01,-0.01739633722086896,-0.01823961512836525,0.4216389537481451,ols:pooled
2012-02,-0.0026477072848989955,-0.003781284138297105,0.5667884266990549,ols:pooled
2012-03,0.008351528619397999,0.007263063534036973,0.5442325426805136,ols:pooled
2012-04,0.004946829592138461,0.004014144814758887,0.466342388689787,ols:pooled
2012-05,0.009512504506743834,0.008666125787782496,0.42318935948066905,ols:pooled
2012-06,0.004212616594797027,0.003398498441147396,0.40705907682481574,ols:pooled
2012-07,0.005836631545753511,0.004977405337875458,0.4296131039390267,ols:pooled
2012-08,0.00505122850943306,0.004218503257229808,0.4163626261016257,ols:pooled
2012-09,-0.0008376074196234656,-0.0016435139559584637,0.4029532681674991,ols:pooled
2012-10,0.0013753136381026519,0.00044125077750223324,0.4670314303002093,ols:pooled
2012-11,0.005755567117303891,0.004876224704010054,0.43967120664691867,ols:pooled
2012-12,-0.002121473769769288,-0.002930773236270184,0.40464973325044784,ols:pooled
2013-01,0.0024560401397343773,0.0015040883731084168,0.4759758833129803,ols:pooled
2013-02,0.003207067601061132,0.002261684320074536,0.4726916404932981,ols:pooled
2013-03,0.007171810427322953,0.006339061366818334,0.4163745302523096,ols:pooled
2013-04,0.007290001583046534,0.006575659423930302,0.35717107955811606,ols:pooled
2013-05,0.0025728182719734483,0.0018007926302652116,0.3860128208541182,ols:pooled
2013-06,0.0026288571389019833,0.0016544953745176916,0.48718088219214584,ols:pooled
2013-07,0.008301717137177166,0.007315192843722576,0.49326214672729557,ols:pooled
2013-08,-0.0004958501983381281,-0.0014949169611358463,0.4995333813988587,ols:pooled
2013-09,-0.0053723205624532765,-0.006471276485790007,0.5494779616683655,ols:pooled
2013-10,-0.00017310624126461397,-0.0011731139050407382,0.500003831888062,ols:pooled
2013-11,-0.0005338401287194313,-0.001422673857692089,0.44441686448632894,ols:pooled
2013-12,0.003734031739675917,0.0029293625897944364,0.40233457494074004,ols:pooled
2014-01,0.0008578267801019639,0.00015833841727754897,0.3497441814122074,ols:pooled
2014-02,0.004668777428949406,0.003822888714600356,0.4229443571745252,ols:pooled
2014-03,0.0014647363821392561,0.00062597195993739,0.41938221110093304,ols:pooled
2014-04,0.0002676406007016201,-0.0006434660486412197,0.45555332467141996,ols:pooled
2014-05,-0.001244292111898501,-0.002174405833516417,0.46505686080895786,ols:pooled
2014-06,0.0032058149711605946,0.002265885047504888,0.46996496182785313,ols:pooled
2014-07,0.0014529952788175794,0.00058361263343609,0.4346913226907448,ols:pooled
2014-08,0.002245977840549007,0.0013775538148863198,0.43421201283134336,ols:pooled
2014-09,-0.002271320975322219,-0.003087685270568773,0.4081821476232768,ols:pooled
2014-10,0.0021708285150466304,0.0013578566422883496,0.4064859363791405,ols:pooled
2014-11,0.00770988045911141,0.006892473062535179,0.40870369828811554,ols:pooled
2014-12,0.011094473365249187,0.010329552693774814,0.3824603357371863,ols:pooled
2015-01,0.004967083490684535,0.004202707568540922,0.3821879610718067,ols:pooled
2015-02,-9.323655707960628e-05,-0.0010038986714386833,0.4553310571795384,ols:pooled
2015-03,0.003136405463002166,0.002190844777451025,0.4727803427755706,ols:pooled
2015-04,-0.009317014584359127,-0.010241937737467156,0.4624615765540139,ols:pooled
2015-05,0.0005762324160113956,-0.0005770563133392154,0.5766443646753057,ols:pooled
2015-06,0.0024845886757482454,0.0013999760331027725,0.5423063213227365,ols:pooled
2015-07,0.007344435465630043,0.006541045197837415,0.401695133896314,ols:pooled
2015-08,0.006658624127104944,0.005845032012512591,0.4067960572961763,ols:pooled
2015-09,0.00357492426767873,0.0027292258923239045,0.4228491876774127,ols:pooled
2015-10,-0.0029238383165481373,-0.003812052163065422,0.44410692325864237,ols:pooled
2015-11,0.0020314097322602104,0.0010813170412336006,0.475046345513305,ols:pooled
2015-12,0.00031296290245164544,-0.0006336478981487188,0.4733054003001821,ols:pooled
2016-01,0.0022778705645298968,0.0013719861709198793,0.4529421968050085,ols:pooled
2016-02,0.0005678852386658355,-0.0003189206823706368,0.44340296051823624,ols:pooled
2016-03,-0.00593581945740169,-0.006881249213012293,0.4727148778053016,ols:pooled
2016-04,0.0034217400685362135,0.0024097853732758003,0.505977347630207,ols:pooled
2016-05,0.002582034992371467,0.001645373169608958,0.4683309113812545,ols:pooled
2016-06,-0.0013669908162579664,-0.0022665967921033513,0.4498029879226925,ols:pooled
2016-07,0.0003245592609165341,-0.00047772558242350783,0.4011424216700209,ols:pooled
2016-08,0.00586110084902343,0.00496885089810269,0.4461249754603699,ols:pooled
2016-09,0.005648598074365314,0.004849982728845661,0.3993076727598266,ols:pooled
2016-10,0.0014626931757681918,0.0008400566585418097,0.31131825861319107,ols:pooled
2016-11,-0.0025702876152400413,-0.003352791421164457,0.39125190296220774,ols:pooled
2016-12,0.0007185245923043408,-0.00020053400336348325,0.459529297833912,ols:pooled
2017-01,0.003475086400649513,0.0026471058540830828,0.41399027328321536,ols:pooled
2017-02,-0.0009525682322338672,-0.0018238234022375927,0.4356275850018629,ols:pooled
2017-03,0.002495971500493179,0.0016624519923150152,0.416759754089082,ols:pooled
2017-04,0.00017229212870550507,-0.0006287354425501488,0.4005137856278267,ols:pooled
2017-05,0.004384431745213386,0.0036212550958722505,0.38158832467056747,ols:pooled
2017-06,0.00010632388344283835,-0.0007379546760822362,0.4221392797625371,ols:pooled
2017-07,0.0028848839692646846,0.002091123812765274,0.3968800782497051,ols:pooled
2017-08,0.002836610199027239,0.0020111472814005314,0.41273145881335355,ols:pooled
2017-09,0.00152569615169631,0.0008117726035773756,0.35696177405946716,ols:pooled
2017-10,0.0031508940180887315,0.002433869744045023,0.35851213702185425,ols:pooled
2017-11,0.0018331926100350407,0.000996104420309829,0.4185440948626057,ols:pooled
2017-12,0.003139497458950897,0.0022626888271116276,0.4384043159196348,ols:pooled
2018-01,0.0048072774377093085,0.00392504607168379,0.4411156830127596,ols:pooled
2018-02,0.0021933974612677247,0.0012489846535563742,0.47220640385567514,ols:pooled
2018-03,0.003601573667503965,0.0027192277415238474,0.4411729629900583,ols:pooled
2018-04,0.0006222854015930403,-0.00014918800997224977,0.38573670578264474,ols:pooled
2018-05,0.0026285144367509537,0.0017277712703084045,0.4503715832212748,ols:pooled
2018-06,0.002872459010176899,0.0019450934577974874,0.463682776189706,ols:pooled
2018-07,0.0029853387136642025,0.002152231514437038,0.4165535996135821,ols:pooled
2018-08,0.004152230084838061,0.0033350516603185593,0.4085892122597507,ols:pooled
2018-09,0.012639523445697808,0.011808757847126738,0.41538279928553534,ols:pooled
2018-10,0.003033699418938436,0.002276138371822174,0.3787805235581309,ols:pooled
2018-11,-0.0024315016902293086,-0.0032609213835002064,0.4147098466354487,ols:pooled
2018-12,0.0031675641335762376,0.0021451002083986257,0.511231962588806,ols:pooled
2019-01,-0.000711142307431733,-0.0015344276751799786,0.4116426838741226,ols:pooled
2019-02,-0.004954091633408527,-0.005887813490026733,0.4668609283091029,ols:pooled
2019-03,0.004349441674213592,0.003465741858594638,0.4418499078094771,ols:pooled
2019-04,0.0014803752276536437,0.000776795906334114,0.35178966065976497,ols:pooled
2019-05,0.0015099144857235527,0.0007310086944058955,0.3894528956588285,ols:pooled
2019-06,0.003138500837834084,0.002261429967878731,0.43853543497767683,ols:pooled
2019-07,0.005813999174472762,0.005003648036659675,0.40517556890654344,ols:pooled
2019-08,0.0035223391949284148,0.002791960405099153,0.36518939491463076,ols:pooled
2019-09,-0.002481234962348974,-0.003256379433247553,0.3875722354492897,ols:pooled
2019-10,0.00150601307336306,0.0006328395461649248,0.4365867635990676,ols:pooled
2019-11,0.0011791354271199236,0.00039748109432422664,0.39082716639784837,ols:pooled
2019-12,0.00455549079163771,0.0037128475654545317,0.42132161309158883,ols:pooled
2020-01,0.004503836856279104,0.0038013435291266075,0.35124666357624795,ols:pooled
2020-02,0.007785419284109821,0.007028725814415004,0.37834673484740855,ols:pooled
2020-03,0.013423592294738163,0.012697913377670518,0.36283945853382105,ols:pooled
2020-04,-0.01608537052801547,-0.01722320968152888,0.5689195767567065,ols:pooled
2020-05,-0.0014673713290370314,-0.0030438345908446016,0.7882316309037851,ols:pooled
2020-06,-0.003642464827666643,-0.00486476294442132,0.6111490583773388,ols:pooled
2020-07,0.002935069864722443,0.0018305223597241916,0.5522737524991256,ols:pooled
2020-08,0.0005948030839114655,-0.0004987820769801243,0.5467925804457949,ols:pooled
2020-09,-0.0024268609694421345,-0.003514474265139933,0.543806647848899,ols:pooled
2020-10,0.002048693500983476,0.000986382773735582,0.531155363623947,ols:pooled
2020-11,-0.022530755116594085,-0.023447960175998116,0.4586025297020155,ols:pooled
2020-12,0.0005409652090630179,-0.0009209133390182526,0.7309392740406352,ols:pooled
2021-01,0.0017800503040686284,0.0005186377108219642,0.6307062966233322,ols:pooled
2021-02,0.0007108115913874361,-0.0003325157373177896,0.521663664352613,ols:pooled
2021-03,0.005611405154495374,0.004518734620545143,0.5463352669751153,ols:pooled
2021-04,0.004410339562129096,0.0034753134475988172,0.4675130572651391,ols:pooled
2021-05,0.004268058831994961,0.003246631001830499,0.5107139150822312,ols:pooled
2021-06,-0.004400985292703557,-0.005384470014143292,0.4917423607198676,ols:pooled
2021-07,0.0029049553835110496,0.0019575331251313346,0.47371112918985736,ols:pooled
2021-08,0.00010024929503820269,-0.0007930222115674567,0.4466357533028298,ols:pooled
2021-09,0.0074164936542170995,0.0064928817650822535,0.4618059445674231,ols:pooled
2021-10,0.0015847724730026678,0.0007206226573115575,0.4320749078455554,ols:pooled
2021-11,0.004518520017954952,0.0036709045610873237,0.4238077284338139,ols:pooled
2021-12,0.009045034150517885,0.008020301990684445,0.5123660799167197,ols:pooled
2022-01,0.01177853671834112,0.010977352685214202,0.40059201656345883,ols:pooled
2022-02,0.007631909972190772,0.006871802441431938,0.38005376537941726,ols:pooled
2022-03,0.008646545478894617,0.007811731918601004,0.4174067801468059,ols:pooled
2022-04,0.010105141280580017,0.009335524783620588,0.38480824847971457,ols:pooled
2022-05,0.003966844625862506,0.003211223482136157,0.3778105718631746,ols:pooled
2022-06,0.0015794805454931978,0.0007549867476575691,0.41224689891781446,ols:pooled
2022-07,-0.0048000286563007625,-0.0056376016875386145,0.4187865156189265,ols:pooled
2022-08,-0.0009736966449467237,-0.0018476513053254137,0.436977330189345,ols:pooled
2022-09,0.006248733913384241,0.005471581220923143,0.3885763462305492,ols:pooled
2022-10,0.004664896559061452,0.003890523991202424,0.3871862839295137,ols:pooled
2022-11,-0.005354169323484087,-0.0061991255796822195,0.42247812809906615,ols:pooled
2022-12,0.005374537566376936,0.004419390782386662,0.47757339199513693,ols:pooled
2023-01,0.0010240802731385625,0.00020828786038971524,0.4078962063744234,ols:pooled
2023-02,0.00572136349855274,0.0048968781722180535,0.4122426631673435,ols:pooled
2023-03,0.003700811542700418,0.003033382618994705,0.33371446185285697,ols:pooled
2023-04,-0.0006128583701574261,-0.0014069014010948794,0.39702151546872666,ols:pooled
2023-05,-0.0017070716567390565,-0.002441486870297885,0.36720760677941455,ols:pooled
2023-06,0.0014968609010153364,0.0007429055718113606,0.376977664601988,ols:pooled
2023-07,0.0030473936698978063,0.002234483652745306,0.4064550085762501,ols:pooled
2023-08,0.0009831360104387973,0.00015974199446914256,0.4116970079848273,ols:pooled
2023-09,0.009318834108810762,0.008538389061419878,0.39022252369544125,ols:pooled
2023-10,0.006605334840009952,0.005955079558935894,0.32512764053702886,ols:pooled
2023-11,-0.007809417616238681,-0.00854225087183662,0.36641662779897016,ols:pooled
2023-12,0.0029685191222288635,0.0020554372333900684,0.45654094441939796,ols:pooled
2024-01,0.007479717071261646,0.006678494779224994,0.4006111460183261,ols:pooled
2024-02,0.0002478371881670031,-0.0005774937194916277,0.4126654538293154,ols:pooled
2024-03,0.003619630302909152,0.0027518249840606562,0.43390265942424777,ols:pooled
2024-04,-0.00020972549657943164,-0.0010601433783841963,0.4252089409023823,ols:pooled
2024-05,0.0014140904609430645,0.0005906906013337866,0.41169992980463904,ols:pooled
2024-06,-0.0002476688825547088,-0.0010324138167210747,0.3923724670831828,ols:pooled
2024-07,0.0003049893517939253,-0.0004791786483740717,0.3920840000839986,ols:pooled
2024-08,0.002764626373798977,0.0019752890851159263,0.3946686443415253,ols:pooled
2024-09,0.000506456359747866,-0.0002663224367542773,0.3863893982510719,ols:pooled
2024-10,0.00395047996770789,0.0031380094115915896,0.40623527805815074,ols:pooled
2024-11,0.00859560264230931,0.0078008568286111945,0.3973729068490575,ols:pooled
2024-12,0.0014635068983972195,0.0006497353409734602,0.40688577871187964,ols:pooled
2025-01,0.0008507770173612253,0.00016677529897150806,0.3420008591948587,ols:pooled
2025-02,0.0038105971029055064,0.0030075183918995938,0.40153935550295616,ols:pooled
2025-03,0.005553100448491894,0.004804801760894958,0.3741493437984676,ols:pooled
2025-04,-0.002488582708639326,-0.003217480256593427,0.3644487739770504,ols:pooled
2025-05,-0.00134924945810684,-0.002167571322498079,0.4091609321956194,ols:pooled
2025-06,-0.0014542442192029734,-0.0022462142824214745,0.3959850316092506,ols:pooled
2025-07,-0.0016687258877891638,-0.0023688461003826887,0.3500601062967623,ols:pooled
2025-08,0.002161289550877413,0.0013512636039564564,0.4050129734604781,ols:pooled
2025-09,0.0037082665393379237,0.0028531394272452073,0.4275635560463586,ols:pooled
2025-10,0.007767398558451829,0.006933026371506626,0.41718609347260194,ols:pooled
2025-11,0.0016235803732773857,0.0007274260297062527,0.44807717178556666,ols:pooled
2025-12,0.008917232895517956,0.008056494237992165,0.4303693287628954,ols:pooled
2000-01,0.006083595420654031,0.006083595420654031,0.0,shrink_mean:rule
2000-02,0.0003437221014282053,7.217737885790347e-05,0.1357723612851512,shrink_mean:rule
2000-03,0.004881110904199258,0.004559457972060769,0.16082646606924456,shrink_mean:rule
2000-04,-0.014396519953107454,-0.014658335515165367,0.13090778102895664,shrink_mean:rule
2000-05,-0.0012959985728134963,-0.0018097747270873943,0.2568880771369492,shrink_mean:rule
2000-06,0.0029757182948833543,0.0025612268844981976,0.20724570519257837,shrink_mean:rule
2000-07,0.003901662008778721,0.0036213895272878805,0.14013624074542044,shrink_mean:rule
2000-08,0.0018033841681546702,0.001609742825825289,0.09682067116469119,shrink_mean:rule
2000-09,0.006446460612429839,0.006266009515004653,0.09022554871259302,shrink_mean:rule
2000-10,8.099473586340854e-05,-0.0001156468966007206,0.09832081623206468,shrink_mean:rule
2000-11,0.008492383002778586,0.008235322437215684,0.12853028278145048,shrink_mean:rule
2000-12,-0.007020986641667568,-0.0073529175250046305,0.1659654416685316,shrink_mean:rule
2001-01,-0.004251051636847797,-0.00447608568093451,0.11251702204335633,shrink_mean:rule
2001-02,0.00604297571947841,0.005786778814873448,0.12809845230248101,shrink_mean:rule
2001-03,0.018732084866604805,0.01848955144416182,0.12126671122149417,shrink_mean:rule
2001-04,0.006545928557725093,0.006282628561821855,0.1316499979516192,shrink_mean:rule
2001-05,0.0019676318403461525,0.0015290980138299797,0.21926691325808634,shrink_mean:rule
2001-06,0.004021774953811172,0.003847127531884804,0.08732371096318409,shrink_mean:rule
2001-07,0.012500444744350239,0.012341829301693447,0.07930772132839627,shrink_mean:rule
2001-08,-0.004689886729498345,-0.004946194019398795,0.1281536449502255,shrink_mean:rule
2001-09,0.0033327590954616384,0.0031489819242089137,0.09188858562636192,shrink_mean:rule
2001-10,0.003440932311224618,0.0030642541800327433,0.18833906559593733,shrink_mean:rule
2001-11,-0.0010814308350561288,-0.0012754039910898684,0.09698657801686968,shrink_mean:rule
2001-12,0.010491260696046254,0.010300103524741092,0.09557858565258054,shrink_mean:rule
2002-01,-0.001127708258965197,-0.0012901039036885581,0.0811978223616803,shrink_mean:rule
2002-02,-0.00032614488251552686,-0.0005354431421750173,0.10464912982974518,shrink_mean:rule
2002-03,0.003002509284383803,0.0028258887202128203,0.08831028208549103,shrink_mean:rule
2002-04,0.007086635291089189,0.0068778077514697455,0.10441376980972156,shrink_mean:rule
2002-05,0.0009188356235451907,0.0006956024740579005,0.11161657474364499,shrink_mean:rule
2002-06,0.004646688214242291,0.004480393050633581,0.08314758180435539,shrink_mean:rule
2002-07,0.0003856534430866268,0.0002523212773758685,0.06666608285537924,shrink_mean:rule
2002-08,0.007652602020917058,0.007505642659040691,0.07347968093818409,shrink_mean:rule
2002-09,0.009286185691828316,0.009122168918036234,0.0820083868960412,shrink_mean:rule
2002-10,0.0038727582237693793,0.003734722128042367,0.06901804786350589,shrink_mean:rule
2002-11,0.003835907066957885,0.003635462413689551,0.10022232663416722,shrink_mean:rule
2002-12,0.006499290183259041,0.006338079773877017,0.08060520469101223,shrink_mean:rule
2003-01,-0.0010800119108253208,-0.0012415867705811655,0.08078742987792233,shrink_mean:rule
2003-02,0.00332859156598498,0.0031770775200051864,0.07575702298989702,shrink_mean:rule
2003-03,0.0060512543065226075,0.005939161373944747,0.05604646628893079,shrink_mean:rule
2003-04,-0.006648861487944381,-0.006789733199357034,0.07043585570632717,shrink_mean:rule
2003-05,0.0070822799175666706,0.006807540034033951,0.13736994176635978,shrink_mean:rule
2003-06,0.007510778364088663,0.0073538506894870095,0.07846383730082651,shrink_mean:rule
2003-07,0.00720072965361288,0.007045231395624599,0.07774912899414084,shrink_mean:rule
2003-08,0.004980071553070158,0.0048113938699554295,0.08433884155736407,shrink_mean:rule
2003-09,0.0022630438074570953,0.0018873228226812676,0.18786049238791416,shrink_mean:rule
2003-10,0.008946360013341354,0.008822561917589681,0.06189904787583662,shrink_mean:rule
2003-11,0.003905437692598104,0.0037782748291424538,0.063581431727825,shrink_mean:rule
2003-12,0.0016869453594155423,0.001573723325286656,0.05661101706444326,shrink_mean:rule
2004-01,0.0006959497981836008,0.0005298539780966223,0.08304791004348944,shrink_mean:rule
2004-02,0.004097663255553146,0.003902736228147689,0.0974635137027286,shrink_mean:rule
2004-03,0.004341625930101219,0.004178686014794982,0.0814699576531186,shrink_mean:rule
2004-04,0.007183758491293935,0.007051126785809308,0.06631585274231412,shrink_mean:rule
2004-05,-0.0028842090832273412,-0.0030662263954359076,0.09100865610428313,shrink_mean:rule
2004-06,0.0034643101077064184,0.0033374326633683823,0.06343872216901811,shrink_mean:rule
2004-07,0.0024820869394772574,0.0023686425342136167,0.05672220263182039,shrink_mean:rule
2004-08,0.0069605688492405185,0.006826514329916599,0.06702725966195919,shrink_mean:rule
2004-09,0.003099343210042969,0.002971883388647599,0.06372991069768492,shrink_mean:rule
2004-10,0.0017906435547156688,0.0016592177143594667,0.06571292017810099,shrink_mean:rule
2004-11,0.002880168761172379,0.0027183667705462985,0.08090099531304014,shrink_mean:rule
2004-12,0.007173061627147221,0.007034258307261638,0.0694016599427918,shrink_mean:rule
2005-01,0.0008507780039725361,0.0006035931896424918,0.12359240716502189,shrink_mean:rule
2005-02,0.012597434349505353,0.012495047231475077,0.051193559015138404,shrink_mean:rule
2005-03,0.006933462462149814,0.006790586788088365,0.07143783703072433,shrink_mean:rule
2005-04,0.012055443746016017,0.011917832994676135,0.068805375669941,shrink_mean:rule
2005-05,-0.010580320803525256,-0.010730205310781863,0.07494225362830377,shrink_mean:rule
2005-06,-0.0033744216816343105,-0.0035226409313006556,0.07410962483317254,shrink_mean:rule
2005-07,0.01022398161542387,0.010124352863956874,0.049814375733497666,shrink_mean:rule
2005-08,0.00262480959281948,0.0025086248608715386,0.05809236597397063,shrink_mean:rule
2005-09,-0.001085537799140733,-0.0012644568890281278,0.08945954494369739,shrink_mean:rule
2005-10,-0.0011615400684525919,-0.0012881037381001056,0.06328183482375682,shrink_mean:rule
2005-11,-0.002062449023718006,-0.0021903472212938336,0.06394909878791374,shrink_mean:rule
2005-12,-0.00022938653325330793,-0.0003610763148794067,0.0658448908130494,shrink_mean:rule
2006-01,0.01170609104135263,0.011588494877290256,0.05879808203118693,shrink_mean:rule
2006-02,0.0001857744817129113,-0.0001287536465751088,0.15726406414401006,shrink_mean:rule
2006-03,-0.014360076102947558,-0.014482125344635924,0.06102462084418346,shrink_mean:rule
2006-04,0.00098556650103327,0.0007809483406786676,0.10230908017730106,shrink_mean:rule
2006-05,0.0016479600594521558,0.001469385302076831,0.08928737868766262,shrink_mean:rule
2006-06,0.011359634334871574,0.01125329652893215,0.05316890296971145,shrink_mean:rule
2006-07,0.0037231177972324512,0.003319953731484985,0.20158203287373294,shrink_mean:rule
2006-08,0.002164927015532942,0.001950350768485655,0.10728812352364381,shrink_mean:rule
2006-09,0.0003879906045082903,0.0001713587704638386,0.1083159170222259,shrink_mean:rule
2006-10,-0.0014220473249967518,-0.001547800414719169,0.06287654486120858,shrink_mean:rule
2006-11,-0.00587281877832979,-0.005985042054349704,0.05611163800995672,shrink_mean:rule
2006-12,-0.00010317560805764489,-0.0002463323832144865,0.07157838757842085,shrink_mean:rule
2007-01,0.0021124429895392456,0.0019475006351325026,0.08247117720337166,shrink_mean:rule
2007-02,-0.003961118180465838,-0.0043347677297431155,0.1868247746386388,shrink_mean:rule
2007-03,0.0049921303601191715,0.004814568448474364,0.08878095582240335,shrink_mean:rule
2007-04,0.005186926389456884,0.004995727867302612,0.09559926107713583,shrink_mean:rule
2007-05,0.0020041243896280225,0.0017963792639366146,0.1038725628457041,shrink_mean:rule
2007-06,-0.0004493322072656171,-0.0006124173411812417,0.08154256695781233,shrink_mean:rule
2007-07,-0.0011811321532175293,-0.001362052572901646,0.09046020984205828,shrink_mean:rule
2007-08,0.0043751347423424715,0.004163449079020308,0.1058428316610815,shrink_mean:rule
2007-09,0.0004371768936919138,0.0002547124128183925,0.09123224043676043,shrink_mean:rule
2007-10,0.008435353456772198,0.008139224709484062,0.14806437364406833,shrink_mean:rule
2007-11,0.0026349370041817127,0.002387655248859107,0.12364087766130252,shrink_mean:rule
2007-12,0.0013196414459300423,0.0011240575755061845,0.09779193521192879,shrink_mean:rule
2008-01,0.001127015118774142,0.0009036618665827301,0.11167662609570585,shrink_mean:rule
2008-02,0.0036551401475396826,0.0034470075134657163,0.10406631703698341,shrink_mean:rule
2008-03,0.0011907835590797158,0.0010359737395675005,0.07740490975610781,shrink_mean:rule
2008-04,0.003517590137466519,0.003339684697536006,0.08895271996525658,shrink_mean:rule
2008-05,-0.0016302348685848299,-0.0018578476003347365,0.11380636587495314,shrink_mean:rule
2008-06,0.00455633073921807,0.004414458550011514,0.07093609460327818,shrink_mean:rule
2008-07,0.006012004026690732,0.005875436142328408,0.06828394218116153,shrink_mean:rule
2008-08,0.003101607786021171,0.0029246164475632166,0.08849566922897713,shrink_mean:rule
2008-09,0.004521601632199417,0.004388283167589019,0.06665923230519906,shrink_mean:rule
2008-10,0.009170420519197905,0.008977629286728744,0.0963956162345808,shrink_mean:rule
2008-11,0.009195872074697343,0.008944033678424555,0.12591919813639416,shrink_mean:rule
2008-12,-0.00029368427116736667,-0.0005285874774720475,0.11745160315234045,shrink_mean:rule
2009-01,0.0035980376590456246,0.0033967067435641224,0.10066545774075122,shrink_mean:rule
2009-02,-0.0012526925208303002,-0.001449742842638953,0.09852516090432605,shrink_mean:rule
2009-03,-0.002956218107177017,-0.0031352633138014476,0.08952260331221505,shrink_mean:rule
2009-04,-0.019232734894607143,-0.019462996512701548,0.11513080904720292,shrink_mean:rule
2009-05,-0.007881565869815197,-0.008163301926306259,0.14086802824553077,shrink_mean:rule
2009-06,0.003530725722088242,0.0032499875435982243,0.14036908924500902,shrink_mean:rule
2009-07,0.004271062124880184,0.004106552928237824,0.08225459832117983,shrink_mean:rule
2009-08,0.0029306218944529848,0.0027512639621420417,0.08967896615547154,shrink_mean:rule
2009-09,-0.001983029828354152,-0.0021202921156030542,0.06863114362445094,shrink_mean:rule
2009-10,0.0030040414832982875,0.0028366758521846075,0.08368281555684014,shrink_mean:rule
2009-11,0.004183881806826414,0.004051597598525005,0.06614210415070455,shrink_mean:rule
2009-12,-0.001082129925313832,-0.00121409718318005,0.06598362893310912,shrink_mean:rule
2010-01,-0.0011995344292527177,-0.0013319877794409998,0.06622667509414103,shrink_mean:rule
2010-02,0.003535714040476386,0.0033497447691044225,0.09298463568598171,shrink_mean:rule
2010-03,0.0015036364015044346,0.0013511535788381093,0.07624141133316259,shrink_mean:rule
2010-04,0.00414083729060906,0.004011247507670104,0.0647948914694782,shrink_mean:rule
2010-05,0.003909197868672708,0.0037917758035802608,0.05871103254622394,shrink_mean:rule
2010-06,0.0030701889266676816,0.0029486603178246933,0.060764304421494116,shrink_mean:rule
2010-07,0.003598858882058444,0.003496706926759115,0.05107597764966452,shrink_mean:rule
2010-08,0.0032704485130219795,0.0031435268780374585,0.06346081749226068,shrink_mean:rule
2010-09,0.0019015633704335302,0.001780570730652979,0.060496319890275575,shrink_mean:rule
2010-10,0.00355819895950104,0.0034498703144760032,0.05416432251251843,shrink_mean:rule
2010-11,0.006940941491007369,0.00682753830515019,0.05670159292859036,shrink_mean:rule
2010-12,0.00018232417339679306,6.0667559091608635e-05,0.06082830715259217,shrink_mean:rule
2011-01,0.003614355871019566,0.003497699847767675,0.058328011625945676,shrink_mean:rule
2011-02,0.0028724206501598132,0.002745147495511187,0.06363657732431288,shrink_mean:rule
2011-03,0.002358558309072685,0.0022153818863516047,0.07158821136054015,shrink_mean:rule
2011-04,0.005190763255187035,0.0050861477075414005,0.05230777382281734,shrink_mean:rule
2011-05,0.0034408995402753027,0.0033403251394809063,0.05028720039719818,shrink_mean:rule
2011-06,0.002961568632829496,0.0028730765015142967,0.04424606565759993,shrink_mean:rule
2011-07,0.005973749617015873,0.005884591702506904,0.04457895725448456,shrink_mean:rule
2011-08,0.00417093634742573,0.004077255901658696,0.046840222883517045,shrink_mean:rule
2011-09,0.007716956198735849,0.007609509847476631,0.05372317562960937,shrink_mean:rule
2011-10,-0.00026112696934055724,-0.0003618337402518727,0.05035338545565781,shrink_mean:rule
2011-11,0.005452811816237206,0.005336457826663117,0.05817699478704483,shrink_mean:rule
2011-12,0.0042170407491666706,0.004129433474800902,0.04380363718288338,shrink_mean:rule
2012-01,-0.008771823187835806,-0.008970755975532046,0.099466393848121,shrink_mean:rule
2012-02,0.002075662196417177,0.0019527681457120795,0.06144702535254849,shrink_mean:rule
2012-03,0.009324475310927246,0.009226766377291034,0.0488544668181052,shrink_mean:rule
2012-04,0.002011694317320799,0.00181063738052024,0.10052846840027985,shrink_mean:rule
2012-05,0.003997353347442099,0.00385855437732985,0.06939948505612442,shrink_mean:rule
2012-06,0.0055838839276928206,0.005501905170736092,0.04098937847836458,shrink_mean:rule
2012-07,0.004896651071191028,0.004792381215974673,0.05213492760817752,shrink_mean:rule
2012-08,0.004965526260214219,0.004881055769529842,0.04223524534218832,shrink_mean:rule
2012-09,-0.00020819942099906607,-0.00029256726589825825,0.042183922449596116,shrink_mean:rule
2012-10,0.002954349272675085,0.002871374599237176,0.04148733671895474,shrink_mean:rule
2012-11,0.004656680420151148,0.004571119974939938,0.04278022260560497,shrink_mean:rule
2012-12,-0.0007048590791690801,-0.0007934701095136719,0.04430551517229585,shrink_mean:rule
2013-01,0.0014731800733862978,0.0013915547766692202,0.04081264835853882,shrink_mean:rule
2013-02,0.0035538274261893796,0.0034290477555386474,0.06238983532536593,shrink_mean:rule
2013-03,0.005037656908841943,0.0049392765879413955,0.04919016045027395,shrink_mean:rule
2013-04,0.00592883720426904,0.005805826104729292,0.061505549769873956,shrink_mean:rule
2013-05,0.0006584210060567195,0.0005577052245095774,0.05035789077357108,shrink_mean:rule
2013-06,0.0047193580277169675,0.004617039296716266,0.051159365500350724,shrink_mean:rule
2013-07,0.009706848976062173,0.00958220521168693,0.06232188218762155,shrink_mean:rule
2013-08,-0.0005752479769286666,-0.0006845863917287441,0.054669207400038694,shrink_mean:rule
2013-09,-0.0011211464641458864,-0.001285129425523442,0.08199148068877792,shrink_mean:rule
2013-10,-0.00215936783110884,-0.002259590030895273,0.05011109989321661,shrink_mean:rule
2013-11,0.0008013505301665996,0.0006886253462641992,0.05636259195120024,shrink_mean:rule
2013-12,0.003276664170115209,0.0032103812292783164,0.0331414704184465,shrink_mean:rule
2014-01,0.0030237174638019972,0.0029478429039730154,0.03793727991449085,shrink_mean:rule
2014-02,0.005080557864206727,0.004988613372687396,0.04597224575966545,shrink_mean:rule
2014-03,0.001930130933486752,0.0018473568469515563,0.04138704326759776,shrink_mean:rule
2014-04,-0.0018933078133210178,-0.0020324296004775788,0.06956089357828064,shrink_mean:rule
2014-05,0.0009652716981894766,0.0008394004862477358,0.06293560597087049,shrink_mean:rule
2014-06,0.003665578897000792,0.0035786456849754814,0.04346660601265531,shrink_mean:rule
2014-07,0.0036007332415291648,0.0035251142592747577,0.03780949112720357,shrink_mean:rule
2014-08,0.001344962766879323,0.0012132006801907737,0.06588104334427475,shrink_mean:rule
2014-09,-0.0009036733651482914,-0.0009780040585198066,0.03716534668575772,shrink_mean:rule
2014-10,0.002253849803296387,0.0021702187226448765,0.04181554032575534,shrink_mean:rule
2014-11,0.006609220070506217,0.0065353142681479825,0.03695290117911738,shrink_mean:rule
2014-12,0.007189162069103487,0.007109306940772089,0.03992756416569912,shrink_mean:rule
2015-01,0.0072433858105105725,0.007149475558576936,0.046955125966818126,shrink_mean:rule
2015-02,-0.0005556505309202562,-0.0006590464646713008,0.05169796687552242,shrink_mean:rule
2015-03,0.008414939806265995,0.008320416480549483,0.04726166285825595,shrink_mean:rule
2015-04,-0.006801410420406254,-0.006923419007859252,0.06100429372649923,shrink_mean:rule
2015-05,0.0021297558140477304,0.001978938187766661,0.07540881314053462,shrink_mean:rule
2015-06,0.005082975824140692,0.005005335886401333,0.03881996886967932,shrink_mean:rule
2015-07,0.007609003045917631,0.007535321514971816,0.036840765472907246,shrink_mean:rule
2015-08,0.005333035902534184,0.005248168307448319,0.04243379754293302,shrink_mean:rule
2015-09,0.005157119656367394,0.005079527475121891,0.03879609062275207,shrink_mean:rule
2015-10,-0.002229196713737104,-0.0023203123482893216,0.045557817276108956,shrink_mean:rule
2015-11,0.0023816882546312057,0.002300981872946845,0.04035319084218038,shrink_mean:rule
2015-12,0.0033743512663514034,0.0032818032876570902,0.04627398934715682,shrink_mean:rule
2016-01,0.0032046934556201967,0.0031223960481223285,0.0411487037489341,shrink_mean:rule
2016-02,-0.0009386890002924953,-0.0010259008814315917,0.04360594056954855,shrink_mean:rule
2016-03,-0.008864784233230692,-0.008959464453122437,0.04734010994587318,shrink_mean:rule
2016-04,0.0013378073087473821,0.001233590225620489,0.052108541563446735,shrink_mean:rule
2016-05,0.004952652610063953,0.004863824907394514,0.04441385133471939,shrink_mean:rule
2016-06,-0.0009648526053227092,-0.0010395799958611573,0.03736369526922416,shrink_mean:rule
2016-07,0.0028934174657712568,0.0028243469025504746,0.03453528161039137,shrink_mean:rule
2016-08,0.004985102255097798,0.004900136608019532,0.04248282353913308,shrink_mean:rule
2016-09,0.005364938106465807,0.005264028355320385,0.050454875572711104,shrink_mean:rule
2016-10,0.0027404492311213346,0.0026898287767993167,0.02531022716100899,shrink_mean:rule
2016-11,-0.004649917796296717,-0.004733922128341867,0.042002166022575435,shrink_mean:rule
2016-12,0.0011117303821745273,0.0009702764940290462,0.07072694407274058,shrink_mean:rule
2017-01,0.004182863287751502,0.004099904756204474,0.04147926577351421,shrink_mean:rule
2017-02,-0.00128277148791496,-0.0013650149235429844,0.04112171781401219,shrink_mean:rule
2017-03,0.004786077968322942,0.004718393171593614,0.033842398364664225,shrink_mean:rule
2017-04,-0.0010272638790436248,-0.001099220787463225,0.03597845420979991,shrink_mean:rule
2017-05,0.006005085142223746,0.005932521507650217,0.036281817286765196,shrink_mean:rule
2017-06,0.00023357610945976332,0.00015075596160761542,0.041410073926074,shrink_mean:rule
2017-07,0.003976641883210115,0.003916402538661364,0.030119672274374794,shrink_mean:rule
2017-08,0.0019153411884317777,0.0018503302919190708,0.03250544825635327,shrink_mean:rule
2017-09,0.0032338230595321447,0.0031769317306444265,0.02844566444385918,shrink_mean:rule
2017-10,0.0018653693143340765,0.0018010223035455327,0.03217350539427187,shrink_mean:rule
2017-11,0.0018713901723400085,0.0017831716452425084,0.044109263548750166,shrink_mean:rule
2017-12,-0.00011734602047884446,-0.00018375832977874165,0.033206154649948555,shrink_mean:rule
2018-01,0.004171236700702428,0.004079006803317167,0.0461149486926309,shrink_mean:rule
2018-02,0.0029067328817188516,0.0028242818634543723,0.04122550913223965,shrink_mean:rule
2018-03,0.0022047970003607866,0.0020888910886374323,0.057952955861677376,shrink_mean:rule
2018-04,0.001387066429174787,0.0013100722443553522,0.0384970924097176,shrink_mean:rule
2018-05,0.00490898237449078,0.004823520061737823,0.0427311563764784,shrink_mean:rule
2018-06,0.0033393620976346823,0.0032560817445563468,0.04164017653916808,shrink_mean:rule
2018-07,0.0051032872434030145,0.005029274658566228,0.03700629241839334,shrink_mean:rule
2018-08,0.00392318339891544,0.003849038941136275,0.03707222888958272,shrink_mean:rule
2018-09,0.011001759997189988,0.010930614271102243,0.035572863043872596,shrink_mean:rule
2018-10,0.0025129874342614553,0.0024347463771022,0.03912052857962771,shrink_mean:rule
2018-11,-0.001477591861892988,-0.0015559617285694465,0.03918493333822931,shrink_mean:rule
2018-12,-0.0016873293560618328,-0.0017687225088977255,0.04069657641794628,shrink_mean:rule
2019-01,0.005044135928023466,0.004983774956732277,0.03018048564559471,shrink_mean:rule
2019-02,-0.0043520360092911305,-0.00443069825353919,0.03933112212403061,shrink_mean:rule
2019-03,0.003241977679695322,0.00317874719029764,0.031615244698841055,shrink_mean:rule
2019-04,0.0018305628594739193,0.0017697808790119727,0.030390990230973247,shrink_mean:rule
2019-05,0.0018027719179338555,0.0017335227906385838,0.03462456364763585,shrink_mean:rule
2019-06,0.004413172985719378,0.004342253841428125,0.03545957214562653,shrink_mean:rule
2019-07,0.0053837235632584685,0.0053319695190972675,0.025877022080600845,shrink_mean:rule
2019-08,0.0013363578992769314,0.0012606451380081452,0.03785638063439296,shrink_mean:rule
2019-09,-0.0014108775614148905,-0.0014753192340086032,0.03222083629685625,shrink_mean:rule
2019-10,0.00019809499569175095,0.0001338358565672212,0.03212956956226482,shrink_mean:rule
2019-11,0.0024906325786013058,0.0024299160020313268,0.030358288284989578,shrink_mean:rule
2019-12,0.003612717333142558,0.0035473312062210844,0.032693063460736686,shrink_mean:rule
2020-01,0.0019887538834567125,0.0019354040171917408,0.026674933132485833,shrink_mean:rule
2020-02,0.004061270455649894,0.003989527185746719,0.035871634951587655,shrink_mean:rule
2020-03,0.005435765630786654,0.0053658469518172176,0.03495933948471844,shrink_mean:rule
2020-04,-0.004582674254438889,-0.004728186297370168,0.07275602146563961,shrink_mean:rule
2020-05,-0.001017252632462078,-0.001145155953851424,0.06395166069467303,shrink_mean:rule
2020-06,-0.006648527303726181,-0.006736366476359051,0.04391958631643494,shrink_mean:rule
2020-07,0.002729994902113397,0.002610841418435639,0.05957674183887873,shrink_mean:rule
2020-08,-0.0034536862724775606,-0.003563200304214162,0.0547570158683006,shrink_mean:rule
2020-09,0.00017285200959191077,8.716702445481071e-05,0.042842492568550154,shrink_mean:rule
2020-10,0.004832814453312847,0.004749287045080115,0.041763704116366006,shrink_mean:rule
2020-11,-0.018681951111497876,-0.018759997725306708,0.03902330690441543,shrink_mean:rule
2020-12,-0.0052731243866388925,-0.005401804390945224,0.06434000215316593,shrink_mean:rule
2021-01,0.0045970402881091955,0.004501715593985764,0.04766234706171533,shrink_mean:rule
2021-02,-0.0019914142244684976,-0.002077609080063095,0.04309742779729899,shrink_mean:rule
2021-03,0.0023189451843087794,0.002217949591297949,0.05049779650541533,shrink_mean:rule
2021-04,0.001517348253868335,0.0014335265032108379,0.041910875328748466,shrink_mean:rule
2021-05,0.00029831350421123757,0.00019682299601887613,0.05074525409618072,shrink_mean:rule
2021-06,-0.004384678593280355,-0.004461611200840637,0.03846630378014085,shrink_mean:rule
2021-07,0.003790417310827889,0.0037045157464656894,0.042950782181099885,shrink_mean:rule
2021-08,-0.0008106707069758621,-0.0008757981695815184,0.03256373130282817,shrink_mean:rule
2021-09,0.004324538334800273,0.004242387591420902,0.04107537168968541,shrink_mean:rule
2021-10,0.0004489233200659151,0.0003716191916470549,0.038652064209430056,shrink_mean:rule
2021-11,0.006441387983602758,0.0063666970034225,0.03734549009012864,shrink_mean:rule
2021-12,0.008587531937323367,0.008492284815335756,0.04762356099380536,shrink_mean:rule
2022-01,0.008100098747062962,0.00803013015165951,0.034984297701725994,shrink_mean:rule
2022-02,0.00871341806606547,0.008633005971922946,0.040206047071261825,shrink_mean:rule
2022-03,0.004893795783919755,0.0048064323365535405,0.04368172368310738,shrink_mean:rule
2022-04,0.010057355390287936,0.009962189826216035,0.04758278203595043,shrink_mean:rule
2022-05,0.004926742513808059,0.004830118284044058,0.048312114882000115,shrink_mean:rule
2022-06,-0.00124446590108029,-0.0013297493571434605,0.042641728031585106,shrink_mean:rule
2022-07,-0.001131521618779107,-0.0012153786481482168,0.04192851468455482,shrink_mean:rule
2022-08,-0.001991901396348335,-0.0020618946968591506,0.03499665025540724,shrink_mean:rule
2022-09,0.0033373627070077756,0.0032605606534341926,0.038401026786791595,shrink_mean:rule
2022-10,0.0032943651442416564,0.003216314318981882,0.03902541262988714,shrink_mean:rule
2022-11,-0.0014142125051987292,-0.0015117615970995674,0.048774545950419274,shrink_mean:rule
2022-12,0.006169382043328791,0.006076909163706459,0.04623643981116616,shrink_mean:rule
2023-01,0.002155911650494485,0.0020804151673481566,0.03774824157316416,shrink_mean:rule
2023-02,0.0027100574221621235,0.0026220651867375298,0.04399611771229682,shrink_mean:rule
2023-03,0.002565708665897514,0.002505205115555239,0.03025177517113752,shrink_mean:rule
2023-04,-0.0005820861948185591,-0.0006536391784440411,0.035776491812741056,shrink_mean:rule
2023-05,-0.0025343064624997673,-0.0026053820547727396,0.03553779613648627,shrink_mean:rule
2023-06,0.0034546623210763923,0.003386012312555129,0.034325004260631835,shrink_mean:rule
2023-07,0.002077462447513551,0.0020085107228767418,0.03447586231840439,shrink_mean:rule
2023-08,0.0018207461275659075,0.0017392276765803643,0.04075922549277149,shrink_mean:rule
2023-09,0.006561618413148094,0.006496312586977801,0.032652913085146444,shrink_mean:rule
2023-10,0.005970416951206789,0.005904332543086418,0.033042204060185626,shrink_mean:rule
2023-11,-0.003276331255824133,-0.003392915509676728,0.058292126926297656,shrink_mean:rule
2023-12,0.00412902467866252,0.004062068447797448,0.033478115432535996,shrink_mean:rule
2024-01,0.011127024092953458,0.011059848887355691,0.03358760279888337,shrink_mean:rule
2024-02,-0.0013052475991523038,-0.0013858588330712325,0.040305616959464455,shrink_mean:rule
2024-03,0.0038136087206797845,0.00373637711989843,0.03861580039067725,shrink_mean:rule
2024-04,0.0018545742875714555,0.0017576121548040272,0.04848106638371416,shrink_mean:rule
2024-05,0.002297047862787467,0.002203411686448283,0.0468180881695921,shrink_mean:rule
2024-06,0.00293125204459407,0.0028491992097831836,0.041026417405443355,shrink_mean:rule
2024-07,0.0017890935425154768,0.0017365412901648167,0.026276126175330074,shrink_mean:rule
2024-08,0.002247100783668823,0.0021868148557225697,0.030142963973126616,shrink_mean:rule
2024-09,4.6038951165372595e-05,-1.3716322427693337e-05,0.029877636796532926,shrink_mean:rule
2024-10,-0.0004159444789226235,-0.000472979791150655,0.028517656114015622,shrink_mean:rule
2024-11,0.010347615196626669,0.01027982441640382,0.033895390111425096,shrink_mean:rule
2024-12,0.0015541587725779273,0.0014931546905737356,0.03050204100209596,shrink_mean:rule
2025-01,0.002958343183156914,0.0029025704054996843,0.027886388828614737,shrink_mean:rule
2025-02,0.003332861305145328,0.0032639838859380844,0.034438709603622046,shrink_mean:rule
2025-03,0.004829712125700015,0.004765766229536268,0.03197294808187402,shrink_mean:rule
2025-04,-0.00020086066238302785,-0.0002688653114125429,0.034002324514757515,shrink_mean:rule
2025-05,-0.00043215055611873625,-0.0005056768165050347,0.03676313019314928,shrink_mean:rule
2025-06,-0.0036951088958717127,-0.00376839867051926,0.03664488732377353,shrink_mean:rule
2025-07,-0.0016214669197134393,-0.001674774290287411,0.02665368528698576,shrink_mean:rule
2025-08,-0.0018431330358168437,-0.0019134797726398116,0.03517336841148377,shrink_mean:rule
2025-09,0.0035531867182390163,0.003488044625615179,0.0325710463119182,shrink_mean:rule
2025-10,0.007645068058252538,0.00757446465135112,0.035301703450709106,shrink_mean:rule
2025-11,0.0044722502332269366,0.004386756154505524,0.0427470393607066,shrink_mean:rule
2025-12,0.006646413761528549,0.006588890469207598,0.028761646160474674,shrink_mean:rule
