target_month,gross,net,turnover,strategy
2001-01,-0.013422606581546414,-0.013422606581546414,0.0,enet:dm_only
2001-02,0.006220106624927282,0.004179599180900578,1.0202537220133523,enet:dm_only
2001-03,0.021817874906049525,0.019704282221275505,1.0567963423870093,enet:dm_only
2001-04,0.005464820207732096,0.0037890187275199097,0.8379007401060932,enet:dm_only
2001-05,0.007739814321981129,0.005871751758336449,0.9340312818223401,enet:dm_only
2001-06,-0.006525854516758164,-0.008159551149108024,0.8168483161749297,enet:dm_only
2001-07,0.01855949670910122,0.016667979405353514,0.945758651873854,enet:dm_only
2001-08,-0.008296686472762594,-0.00991969208954272,0.8115028083900637,enet:dm_only
2001-09,0.0013494473721112727,-0.0005664879973193486,0.9579676847153102,enet:dm_only
2001-10,-0.017548959792639103,-0.01955960396669883,1.0053220870298643,enet:dm_only
2001-11,0.015741113066133912,0.013409872159712918,1.1656204532104972,enet:dm_only
2001-12,0.010821560638190146,0.009002793604609031,0.9093835167905571,enet:dm_only
2002-01,0.0011212302703404195,-0.001198036336516181,1.1596333034283006,enet:dm_only
2002-02,0.005647490211429338,0.003791437988893437,0.9280261112679505,enet:dm_only
2002-03,0.010983798141465384,0.00934946549413122,0.8171663236670813,enet:dm_only
2002-04,0.006476136732250484,0.005027375635629739,0.7243805483103726,enet:dm_only
2002-05,0.004407985526562905,0.0027961040786608554,0.8059407239510248,enet:dm_only
2002-06,0.002275994459747697,0.0006451628167716415,0.8154158214880278,enet:dm_only
2002-07,0.001320938593565112,-0.00031005275857573186,0.8154956760704221,enet:dm_only
2002-08,-0.0026070251463705544,-0.0042479277358151305,0.820451294722288,enet:dm_only
2002-09,-0.0014608142880893433,-0.0030855784219741976,0.8123820669424269,enet:dm_only
2002-10,-0.002842441262629202,-0.004334553704804581,0.7460562210876894,enet:dm_only
2002-11,0.005362050416003833,0.003490998204618576,0.9355261056926281,enet:dm_only
2002-12,-0.0024173152281526593,-0.003909079755777182,0.7458822638122613,enet:dm_only
2003-01,0.001581763703921776,-0.0007253763691800365,1.153570036550906,enet:dm_only
2003-02,-0.0003990646502956466,-0.00145117372720504,0.5260545384546966,enet:dm_only
2003-03,0.010251562443663766,0.009158576664135045,0.5464928897643604,enet:dm_only
2003-04,-0.004686522275237171,-0.005438654443017621,0.37606608389022506,enet:dm_only
2003-05,0.003566243467469697,0.002334983586959747,0.6156299402549752,enet:dm_only
2003-06,0.005784565180816983,0.004642527864961107,0.5710186579279382,enet:dm_only
2003-07,0.008857899980667673,0.007829253247640144,0.5143233665137646,enet:dm_only
2003-08,0.005028625582556802,0.003974525003969142,0.5270502892938302,enet:dm_only
2003-09,-0.003448968067888354,-0.0046212705696647765,0.586151250888211,enet:dm_only
2003-10,0.010999907661864414,0.009826962832045196,0.586472414909608,enet:dm_only
2003-11,0.0014247304144967953,0.00034118395624912795,0.5417732291238337,enet:dm_only
2003-12,0.000744933539911913,-0.0003301368149190365,0.5375351774154747,enet:dm_only
2004-01,-0.007935209720414864,-0.009434312528253786,0.7495514039194617,enet:dm_only
2004-02,0.0034098875762464008,0.0019707113330699783,0.7195881215882112,enet:dm_only
2004-03,0.0021598584996899033,0.0009676066834185898,0.5961259081356567,enet:dm_only
2004-04,0.0023897925389470766,0.001225767056521583,0.582012741212747,enet:dm_only
2004-05,-0.006942027988962813,-0.008114392817514634,0.5861824142759104,enet:dm_only
2004-06,0.001898362245733646,0.000669034350948295,0.6146639473926754,enet:dm_only
2004-07,0.005172246889995002,0.004132921200578789,0.5196628447081064,enet:dm_only
2004-08,0.004073745362691246,0.0031046703045414376,0.4845375290749044,enet:dm_only
2004-09,0.004236425639582332,0.003215401614420022,0.5105120125811548,enet:dm_only
2004-10,0.01033306510791368,0.009347715650078497,0.4926747289175909,enet:dm_only
2004-11,0.00452015813029482,0.0036189213556070046,0.4506183873439071,enet:dm_only
2004-12,0.008088588763985917,0.007000411309710639,0.5440887271376388,enet:dm_only
2005-01,-0.0021600222906689353,-0.0033178196670059523,0.5788986881685084,enet:dm_only
2005-02,0.003705413115341336,0.002636634969866145,0.5343890727375955,enet:dm_only
2005-03,0.00848334285104019,0.007408427416846199,0.5374577170969953,enet:dm_only
2005-04,0.014311011336731334,0.01323318040869727,0.5389154640170317,enet:dm_only
2005-05,-0.01557249861858189,-0.01648007112141138,0.45378625141474616,enet:dm_only
2005-06,0.0027089206262740154,0.0013930584070100374,0.6579311096319892,enet:dm_only
2005-07,0.0029231479179872596,0.0018811967568189386,0.5209755805841605,enet:dm_only
2005-08,0.0016682465870175478,0.0006669604818054707,0.5006430526060386,enet:dm_only
2005-09,0.0030870706264606806,0.0019449298903335748,0.5710703680635527,enet:dm_only
2005-10,0.00040338470950591616,-0.0006197953665806023,0.5115900380432593,enet:dm_only
2005-11,-0.0037653402690150752,-0.004776991670092797,0.5058257005388604,enet:dm_only
2005-12,-0.0013261149264062392,-0.0023646307342771442,0.5192579039354526,enet:dm_only
2006-01,0.0037321532019194267,0.0026521709047613437,0.5399911485790415,enet:dm_only
2006-02,0.00527418015894309,0.0038497035415140557,0.7122383087145171,enet:dm_only
2006-03,-0.010176092181818908,-0.01141702232565894,0.6204650719200155,enet:dm_only
2006-04,0.00813120336003136,0.006906439766805656,0.6123817966128525,enet:dm_only
2006-05,0.0007664501040008976,-0.00041679722000640903,0.5916236620036535,enet:dm_only
2006-06,0.01351178244689551,0.012346420438807983,0.5826810040437628,enet:dm_only
2006-07,-0.0057280482976919825,-0.006941031174050623,0.6064914381793206,enet:dm_only
2006-08,-0.006377100969268329,-0.007753174435508746,0.6880367331202084,enet:dm_only
2006-09,0.0024450241160489,0.0011218692321491874,0.6615774419498562,enet:dm_only
2006-10,-0.002173657986817392,-0.0032985717181716143,0.5624568656771113,enet:dm_only
2006-11,0.009148739372872744,0.007955516119036882,0.5966116269179316,enet:dm_only
2006-12,0.0015043965234382412,0.0003920056551360656,0.5561954341510876,enet:dm_only
2007-01,0.005943689660947755,0.004657676493302326,0.6430065838227147,enet:dm_only
2007-02,0.0011273627711288388,-0.00013970767660310504,0.6335352238659719,enet:dm_only
2007-03,0.006163051470959573,0.0049631235782445675,0.5999639463575029,enet:dm_only
2007-04,0.006846967820857101,0.005679556083022895,0.5837058689171024,enet:dm_only
2007-05,0.0024492210210402673,0.0012323588346803919,0.6084310931799375,enet:dm_only
2007-06,-0.0024058072317162784,-0.003751134715616722,0.6726637419502218,enet:dm_only
2007-07,0.00012955958421989293,-0.001408373614395106,0.7689665993074997,enet:dm_only
2007-08,-0.0009639458181877931,-0.0024521021647313174,0.7440781732717621,enet:dm_only
2007-09,0.003074580325893718,0.0015934753765156208,0.7405524746890485,enet:dm_only
2007-10,0.013606221130235973,0.012228963813313277,0.6886286584613474,enet:dm_only
2007-11,0.0012108503911962007,-0.00017130639151127124,0.6910783913537358,enet:dm_only
2007-12,0.004680888676495106,0.0031242035061004956,0.7783425851973053,enet:dm_only
2008-01,0.00014007526685228853,-0.0012068434092259003,0.6734593380390942,enet:dm_only
2008-02,-0.00156173938599451,-0.0031713683432939947,0.8048144786497422,enet:dm_only
2008-03,0.002724138874423989,0.001127533907951238,0.7983024832363754,enet:dm_only
2008-04,0.0021882270597178726,0.0006454332948702932,0.7713968824237897,enet:dm_only
2008-05,-0.003116119570355703,-0.004717080340360101,0.8004803850021984,enet:dm_only
2008-06,0.008444418762159919,0.006965134111508658,0.73964232532563,enet:dm_only
2008-07,-0.005861835261511847,-0.007158829732506909,0.6484972354975314,enet:dm_only
2008-08,0.007589764821611461,0.005931453057226608,0.8291558821924265,enet:dm_only
2008-09,0.01298701186467493,0.011703982448859689,0.6415147079076212,enet:dm_only
2008-10,0.03285704231860998,0.03163057889786579,0.6132317103720976,enet:dm_only
2008-11,0.018708378066385742,0.01750458378951712,0.601897138434312,enet:dm_only
2008-12,-0.004988349929660022,-0.006171316481585104,0.5914832759625411,enet:dm_only
2009-01,0.0014781683300674085,0.00014300519124023817,0.6675815694135852,enet:dm_only
2009-02,0.006232276797686357,0.004862415898329263,0.6849304496785474,enet:dm_only
2009-03,-0.01047683248482564,-0.011571890483775077,0.547528999474719,enet:dm_only
2009-04,-0.016995982364245814,-0.01838465559024085,0.6943366129975167,enet:dm_only
2009-05,0.007673016050121707,0.006015266437274139,0.8288748064237837,enet:dm_only
2009-06,-0.0022818714377346445,-0.0038378713799427948,0.7779999711040749,enet:dm_only
2009-07,0.0036212017995892426,0.0019654123276523663,0.8278947359684378,enet:dm_only
2009-08,0.001408681987168483,0.00015920165043549058,0.6247401683664964,enet:dm_only
2009-09,0.004582689141429341,0.0033001110572796004,0.6412890420748708,enet:dm_only
2009-10,0.0016269375042430824,0.0004345928928925071,0.5961723056752875,enet:dm_only
2009-11,0.0016839417362040565,0.0003836556267011458,0.6501430547514555,enet:dm_only
2009-12,-0.0022676227858186375,-0.0035212685311143952,0.626822872647879,enet:dm_only
2010-01,-0.001606104452542316,-0.003004640257997106,0.6992679027273954,enet:dm_only
2010-02,-0.002437197775699384,-0.003953167401768803,0.7579848130347094,enet:dm_only
2010-03,-0.0031419195679003487,-0.004715829556924395,0.7869549945120234,enet:dm_only
2010-04,0.005384237035995057,0.003973311079372598,0.7054629783112295,enet:dm_only
2010-05,0.00451986796142208,0.003205141581469339,0.6573631899763707,enet:dm_only
2010-06,0.007761984986043266,0.00650172132806666,0.6301318289883023,enet:dm_only
2010-07,-0.0020280514346319857,-0.003201441133884551,0.5866948496262828,enet:dm_only
2010-08,0.0036874963614857855,0.002249529753211198,0.7189833041372937,enet:dm_only
2010-09,0.0015443743490217718,0.0001553085080437224,0.6945329204890249,enet:dm_only
2010-10,0.006528663959584181,0.005093713092741045,0.7174754334215686,enet:dm_only
2010-11,0.008784353635157286,0.007472733076608937,0.6558102792741745,enet:dm_only
2010-12,0.006074072436168751,0.00477010962465015,0.6519814057593007,enet:dm_only
2011-01,0.005345611406965294,0.004089488432616749,0.6280614871742727,enet:dm_only
2011-02,-0.001667719666864207,-0.0030473408724757565,0.6898106028057749,enet:dm_only
2011-03,-0.00023332242018124654,-0.0015742056409156439,0.6704416103671984,enet:dm_only
2011-04,0.007643867053090088,0.006352890445222387,0.6454883039338504,enet:dm_only
2011-05,0.004635107362550682,0.0034999711381977204,0.5675681121764804,enet:dm_only
2011-06,0.0048188036428269765,0.0036973744702803353,0.5607145862733209,enet:dm_only
2011-07,0.0067160532526127055,0.005707720154867835,0.5041665488724356,enet:dm_only
2011-08,0.009770579080866496,0.008766264767000362,0.5021571569330655,enet:dm_only
2011-09,0.012036929866714034,0.010962634061986677,0.5371479023636787,enet:dm_only
2011-10,-0.008131825369958864,-0.009355629925923271,0.6119022779822024,enet:dm_only
2011-11,0.0023219334176679315,0.0007396480595062109,0.7911426790808603,enet:dm_only
2011-12,0.004419368524032024,0.0029176543795512923,0.7508570722403661,enet:dm_only
2012-01,-0.019192584321221638,-0.02022107193072347,0.5142438047509165,enet:dm_only
2012-02,-0.0021513790712456233,-0.003565245939941989,0.7069334343481829,enet:dm_only
2012-03,0.007947642262224046,0.006625747488703906,0.66094738676007,enet:dm_only
2012-04,0.005464036328756053,0.0043230510700858855,0.5704926293350838,enet:dm_only
2012-05,0.010366606851879413,0.009317686557838682,0.5244601470203651,enet:dm_only
2012-06,0.004815711661858741,0.00373453823669233,0.5405867125832051,enet:dm_only
2012-07,0.006698771457394488,0.005567151167603339,0.5658101448955739,enet:dm_only
2012-08,0.005102292136986014,0.004022686858221898,0.5398026393820576,enet:dm_only
2012-09,-0.0010795395833305358,-0.0021253321370837026,0.5228962768765834,enet:dm_only
2012-10,0.0023205203597595407,0.0011588720912209143,0.5808241342693131,enet:dm_only
2012-11,0.007239527369742092,0.006128500053457416,0.5555136581423388,enet:dm_only
2012-12,-0.002937445997889153,-0.003958347765684568,0.5104508838977072,enet:dm_only
2013-01,0.0032672024087959523,0.0020698795895653594,0.5986614096152967,enet:dm_only
2013-02,0.0037640763055753683,0.0025988282051140027,0.5826240502306826,enet:dm_only
2013-03,0.009026728234982642,0.00798836444812714,0.51918189342775,enet:dm_only
2013-04,0.00940936412152374,0.00851711038266045,0.4461268694316449,enet:dm_only
2013-05,0.003517048634529337,0.0025782887106815676,0.46937996192388487,enet:dm_only
2013-06,0.0035303316344674094,0.002324318629222447,0.6030065026224815,enet:dm_only
2013-07,0.009260873820309413,0.008071970661651386,0.5944515793290137,enet:dm_only
2013-08,-0.0010851827052914189,-0.002285131366679698,0.5999743306941394,enet:dm_only
2013-09,-0.004753085995869788,-0.0060752688350562516,0.661091419593231,enet:dm_only
2013-10,-0.0006983406985087152,-0.001933843172693203,0.6177512370922439,enet:dm_only
2013-11,-0.0004705307972775721,-0.0015909627637758815,0.5602159832491547,enet:dm_only
2013-12,0.0041343223907597424,0.0031294246639309285,0.5024488634144066,enet:dm_only
2014-01,0.00045439944493979196,-0.00043929018637867227,0.4468448156592321,enet:dm_only
2014-02,0.004794795633080954,0.0036832106724340426,0.5557924803234556,enet:dm_only
2014-03,0.001208514599145505,0.00013064712364003185,0.5389337377527367,enet:dm_only
2014-04,0.0011629173289109537,2.3480516127627503e-05,0.5697184063916633,enet:dm_only
2014-05,-0.0002182717669331472,-0.0013371591268137425,0.5594436799402978,enet:dm_only
2014-06,0.0033391366950720914,0.0022011759555646752,0.5689803697537082,enet:dm_only
2014-07,0.0009296063802936885,-0.00016258397089659527,0.5460951755951421,enet:dm_only
2014-08,0.0029437058930875987,0.0018491520879614586,0.5472769025630702,enet:dm_only
2014-09,-0.0017913046396655717,-0.002807171272625176,0.5079333164798022,enet:dm_only
2014-10,0.0026768267326045675,0.0016478492356075429,0.5144887484985123,enet:dm_only
2014-11,0.008696377626586274,0.00763402914879101,0.5311742388976315,enet:dm_only
2014-12,0.01309893687135716,0.012111176925194127,0.4938799730815173,enet:dm_only
2015-01,0.005425867904167211,0.004430353977885383,0.49775696314091444,enet:dm_only
2015-02,-0.0004141777590347442,-0.0016210981502613778,0.6034601956133169,enet:dm_only
2015-03,0.003731547538650576,0.002486266312778878,0.622640612935849,enet:dm_only
2015-04,-0.010542560894364254,-0.01174759482228765,0.6025169639616975,enet:dm_only
2015-05,-0.00082002092102471,-0.0023464614359977303,0.76322025748651,enet:dm_only
2015-06,0.002149537655178099,0.000710793675611505,0.7193719897832969,enet:dm_only
2015-07,0.0073760980327003305,0.006273850376042044,0.5511238283291432,enet:dm_only
2015-08,0.007236157275266278,0.006109244934622882,0.563456170321698,enet:dm_only
2015-09,0.003648188495003034,0.0024392894351096973,0.6044495299466682,enet:dm_only
2015-10,-0.003635713013583914,-0.004882476722625101,0.6233818545205936,enet:dm_only
2015-11,0.0023278240136675294,0.0010054100311572226,0.661206991255153,enet:dm_only
2015-12,-0.00013979064587870955,-0.0014110334407767293,0.6356213974490097,enet:dm_only
2016-01,0.0011792151673030063,-6.997528101819894e-05,0.6245952241606025,enet:dm_only
2016-02,-0.0005890619643724653,-0.0018523650040725994,0.631651519850067,enet:dm_only
2016-03,-0.004575364444672268,-0.005930784099039883,0.6777098271838073,enet:dm_only
2016-04,0.0036766914055104327,0.002300484976320031,0.6881032145952011,enet:dm_only
2016-05,0.0011705883231305594,-6.6145103397025e-05,0.618366713263792,enet:dm_only
2016-06,-0.0014950518640845538,-0.0027344146535349064,0.619681394725176,enet:dm_only
2016-07,-0.0008742049630448543,-0.0019635805264875874,0.5446877817213667,enet:dm_only
2016-08,0.005574458012958473,0.004372467690894548,0.6009951610319627,enet:dm_only
2016-09,0.0060948371162178995,0.0050474051906424875,0.523715962787706,enet:dm_only
2016-10,0.0013554152783678388,0.0005316065070019207,0.4119043856829592,enet:dm_only
2016-11,-0.00243596957811273,-0.0034885365953477563,0.5262835086175132,enet:dm_only
2016-12,0.0006662858281349149,-0.0005618959533157239,0.6140908907253194,enet:dm_only
2017-01,0.002915639188985186,0.0017843377367424884,0.5656507261213486,enet:dm_only
2017-02,-0.00042132165258245503,-0.0015930929257116557,0.5858856365646004,enet:dm_only
2017-03,0.0023852725328255627,0.001293751932671659,0.5457603000769516,enet:dm_only
2017-04,-2.7398449694533172e-05,-0.001108103644632465,0.540352597468966,enet:dm_only
2017-05,0.004667807763571756,0.003645637651500926,0.511085056035415,enet:dm_only
2017-06,0.0005392971041672431,-0.0005966617200120961,0.5679794120896693,enet:dm_only
2017-07,0.0019143377558734557,0.0008749941338551626,0.5196718110091465,enet:dm_only
2017-08,0.003337009161159133,0.0022413942987236685,0.5478074312177322,enet:dm_only
2017-09,0.0014677112299998744,0.0005433214579844863,0.462194886007694,enet:dm_only
2017-10,0.003693677210902091,0.0027698328231321014,0.4619221938849948,enet:dm_only
2017-11,0.002203269764969874,0.0011460659743287834,0.5286018953205451,enet:dm_only
2017-12,0.0035663111382151303,0.002451289643474109,0.5575107473705105,enet:dm_only
2018-01,0.004352575877056834,0.0032318970083745754,0.5603394343411294,enet:dm_only
2018-02,0.002742228347068951,0.0015307924906236986,0.6057179282226263,enet:dm_only
2018-03,0.0042191150866550745,0.00312408448532477,0.5475153006651517,enet:dm_only
2018-04,0.0005363324219322161,-0.0004682872208602688,0.5023098213962423,enet:dm_only
2018-05,0.0030202561004357355,0.0018639409082953325,0.5781575960702013,enet:dm_only
2018-06,0.002855105551613245,0.0016649658291092093,0.5950698612520177,enet:dm_only
2018-07,0.0026529512810201748,0.0015643803352185493,0.544285472900813,enet:dm_only
2018-08,0.004303476336455296,0.0031972383875720043,0.5531189744416456,enet:dm_only
2018-09,0.013025621147750799,0.011924861566122337,0.5503797908142308,enet:dm_only
2018-10,0.004094129190569871,0.003059919407922315,0.517104891323778,enet:dm_only
2018-11,-0.003134603329713871,-0.004249360486207618,0.557378578246874,enet:dm_only
2018-12,0.004890857028734308,0.0034914593381411394,0.699698845296584,enet:dm_only
2019-01,-0.0019683519642989564,-0.0031006120285184476,0.5661300321097457,enet:dm_only
2019-02,-0.005618088126415461,-0.00692280954650882,0.6523607100466798,enet:dm_only
2019-03,0.00518314485323743,0.003922901215107213,0.6301218190651088,enet:dm_only
2019-04,0.001749013641507046,0.0007496350986558588,0.49968927142559355,enet:dm_only
2019-05,0.00201132980498804,0.0009329188910576456,0.539205456965197,enet:dm_only
2019-06,0.0026434628850983397,0.0014407753715994184,0.6013437567494606,enet:dm_only
2019-07,0.005820813126396729,0.00471118138211663,0.5548158721400497,enet:dm_only
2019-08,0.004044686893710903,0.003061968346994043,0.4913592733584298,enet:dm_only
2019-09,-0.0026406764518371786,-0.0037065177688697746,0.5329206585162979,enet:dm_only
2019-10,0.002036525271950941,0.000833042797824738,0.6017412370631015,enet:dm_only
2019-11,0.0012943972914857002,0.0002295376654009735,0.5324298130423635,enet:dm_only
2019-12,0.005117520053527985,0.003983639068636228,0.5669404924458786,enet:dm_only
2020-01,0.005353291471020618,0.0043916561439036675,0.4808176635584752,enet:dm_only
2020-02,0.009401194779875928,0.008355907599783283,0.5226435900463225,enet:dm_only
2020-03,0.015811529965485596,0.014800322589668269,0.5056036879086635,enet:dm_only
2020-04,-0.018430990927046757,-0.019909040185115065,0.7390246290341544,enet:dm_only
2020-05,-0.0008933379375480992,-0.002913848457027733,1.0102552597398171,enet:dm_only
2020-06,-0.003008593611420051,-0.004616566610187361,0.8039864993836549,enet:dm_only
2020-07,0.004952128577011599,0.0034490328193463276,0.7515478788326354,enet:dm_only
2020-08,0.002032813703087668,0.0006093151930565233,0.7117492550155723,enet:dm_only
2020-09,-0.004156189759681129,-0.005559508855153801,0.7016595477363361,enet:dm_only
2020-10,0.0016978174887922902,0.0002636924132895213,0.7170625377513846,enet:dm_only
2020-11,-0.023854736342747637,-0.025087354534198483,0.6163090957254251,enet:dm_only
2020-12,0.0022916421912746354,0.00040803385736733655,0.9418041669536493,enet:dm_only
2021-01,0.0014151132571804392,-0.0002130569620638446,0.8140851096221419,enet:dm_only
2021-02,0.0017097784857056755,0.00030572028260761347,0.7020291015490309,enet:dm_only
2021-03,0.006495910565734294,0.005035542897090508,0.7301838343218932,enet:dm_only
2021-04,0.004844811607712252,0.003575979126835835,0.6344162404382083,enet:dm_only
2021-05,0.003318098620330841,0.0020170040325061425,0.6505472939123496,enet:dm_only
2021-06,-0.0038702123149482143,-0.005115721488367619,0.6227545867097022,enet:dm_only
2021-07,0.004145815867642113,0.0029549251821964382,0.5954453427228373,enet:dm_only
2021-08,-0.0014440669539662319,-0.0025931869966601194,0.5745600213469435,enet:dm_only
2021-09,0.007250294742471904,0.006003312627097131,0.6234910576873866,enet:dm_only
2021-10,0.001959575241214667,0.0007931499266583119,0.5832126572781773,enet:dm_only
2021-11,0.0046780353887042525,0.0035434029653102286,0.5673162116970119,enet:dm_only
2021-12,0.007855537687917842,0.006522720033469495,0.6664088272241743,enet:dm_only
2022-01,0.01121522689054575,0.010128997391815513,0.5431147493651183,enet:dm_only
2022-02,0.007355563377133416,0.00635972688361983,0.49791824675679314,enet:dm_only
2022-03,0.00928413458819827,0.008199530162657417,0.5423022127704273,enet:dm_only
2022-04,0.010391574004709848,0.009415292924380998,0.48814054016442515,enet:dm_only
2022-05,0.00393829946005136,0.0029473922384572982,0.49545361079703104,enet:dm_only
2022-06,0.0016065637534173024,0.0004928067923188115,0.5568784805492456,enet:dm_only
2022-07,-0.005067753324677385,-0.006225300461940053,0.5787735686313334,enet:dm_only
2022-08,-0.0009295224492541807,-0.0021723097791049293,0.6213936649253738,enet:dm_only
2022-09,0.005065172101815381,0.003932940610136784,0.5661157458392982,enet:dm_only
2022-10,0.005936997141334435,0.004826577298938874,0.5552099211977802,enet:dm_only
2022-11,-0.006254349121334961,-0.007462460981773963,0.6040559302195011,enet:dm_only
2022-12,0.0042117091100173495,0.0028804298298921505,0.6656396400625991,enet:dm_only
2023-01,0.0006160940521042803,-0.0005309743964975713,0.5735342243009258,enet:dm_only
2023-02,0.007022102580863839,0.005892604209594975,0.5647491856344321,enet:dm_only
2023-03,0.002267448839873607,0.001325879361756719,0.47078473905844437,enet:dm_only
2023-04,-5.592232474436511e-05,-0.0011534479370711589,0.548762806163397,enet:dm_only
2023-05,-0.0015599992956575064,-0.0025585695763546616,0.4992851403485774,enet:dm_only
2023-06,0.0011157953528318958,4.847359590262202e-05,0.5336608784646368,enet:dm_only
2023-07,0.004423582011893021,0.0033166197309493855,0.5534811404718177,enet:dm_only
2023-08,0.0014121335834416647,0.0003326888768735319,0.5397223532840664,enet:dm_only
2023-09,0.010049405503374355,0.009021034816249123,0.5141853435626169,enet:dm_only
2023-10,0.007594972764837406,0.006720337185644862,0.43731778959627154,enet:dm_only
2023-11,-0.00920687511726389,-0.010162986552224728,0.4780557174804194,enet:dm_only
2023-12,0.0033120007009698835,0.00213389419393782,0.5890532535160315,enet:dm_only
2024-01,0.00793938369017748,0.006882234084952654,0.5285748026124127,enet:dm_only
2024-02,0.0001960201167739537,-0.0008955633587599484,0.5457917377669511,enet:dm_only
2024-03,0.00352630231488275,0.0023910308433349988,0.5676357357738756,enet:dm_only
2024-04,-0.0005535298267079722,-0.0016504250759213788,0.5484476246067034,enet:dm_only
2024-05,0.0013942379789662696,0.0003055183593711711,0.5443598097975494,enet:dm_only
2024-06,-0.001234974377954043,-0.0023005511057383934,0.532788363892175,enet:dm_only
2024-07,0.00023728151692656516,-0.0008149703934071898,0.5261259551668774,enet:dm_only
2024-08,0.002626369818903991,0.0015196297346117308,0.5533700421461301,enet:dm_only
2024-09,0.0003851680090573524,-0.0006761155808665497,0.530641794961951,enet:dm_only
2024-10,0.004837059632430033,0.003732269244307029,0.552395194061503,enet:dm_only
2024-11,0.009217385432996977,0.008131096247124641,0.543144592936167,enet:dm_only
2024-12,0.0016657675399185815,0.0005834370083518056,0.5411652657833881,enet:dm_only
2025-01,0.000485244805224312,-0.00043844760418376596,0.46184620470403887,enet:dm_only
2025-02,0.003933927857861616,0.002868486878019161,0.5327204899212274,enet:dm_only
2025-03,0.0055082690640427005,0.004508953460673477,0.4996578016846117,enet:dm_only
2025-04,-0.003167130006807456,-0.004157816942833067,0.49534346801280565,enet:dm_only
2025-05,-0.0009857689285057607,-0.0020870505947881823,0.5506408331412108,enet:dm_only
2025-06,-0.0003404287368161688,-0.0013969908252825737,0.5282810442332027,enet:dm_only
2025-07,-0.00016119436155073136,-0.0010780889907448037,0.4584473145970364,enet:dm_only
2025-08,0.0024607845664924087,0.0014321199657904397,0.5143323003509844,enet:dm_only
2025-09,0.003396293763366211,0.0023182258234253662,0.5390339699704222,enet:dm_only
2025-10,0.008431289135035614,0.007369887367322911,0.5307008838563514,enet:dm_only
2025-11,0.0014502623801031433,0.00032121242221340457,0.5645249789448693,enet:dm_only
2025-12,0.009622535927018035,0.0085247887676433,0.5488735796873668,enet:dm_only
2001-01,-0.0043613422706945135,-0.0043613422706945135,0.0,static_ew
2001-02,0.0137245586424633,0.013720476397728564,0.0020411223673687078,static_ew
2001-03,0.019669174994897363,0.019613793593280113,0.02769070080862534,static_ew
2001-04,0.002532724626062318,0.0025124637247669343,0.010130450647692033,static_ew
2001-05,0.003530599531347499,0.0032695615180082286,0.13051900666963534,static_ew
2001-06,0.008180838092928458,0.008146693496540482,0.01707229819398765,static_ew
2001-07,0.007668436090974679,0.0076440444380039135,0.012195826485382732,static_ew
2001-08,0.006444737899152219,0.006345821626893222,0.049458136129498134,static_ew
2001-09,0.014605106223526685,0.014572294162310323,0.016406030608181136,static_ew
2001-10,-0.005410537218567535,-0.00561933290809717,0.10439784476481727,static_ew
2001-11,-0.01488476349357051,-0.014896911384665767,0.006073945547629763,static_ew
2001-12,0.0024166257036852146,0.0024051786448616853,0.005723529411764706,static_ew
2002-01,-0.0001270474942816202,-0.00013580523176257755,0.004378868740478647,static_ew
2002-02,0.006962246729680716,0.006905986917118268,0.028129906281224314,static_ew
2002-03,0.006461168268242684,0.006380569951219447,0.0402991585116188,static_ew
2002-04,0.0030524775258939938,0.002931677926006178,0.060399799943907644,static_ew
2002-05,0.0007000701379270805,0.0005851019292714566,0.0574841043278119,static_ew
2002-06,0.005395744169403368,0.005322311388569975,0.036716390416696214,static_ew
2002-07,0.004568837362609699,0.004568837362609699,0.0,static_ew
2002-08,0.004353095373530568,0.004284123063048825,0.034486155240872216,static_ew
2002-09,0.01084896970679067,0.01082220169129026,0.013384007750204933,static_ew
2002-10,0.008617340119361862,0.008611536678125349,0.002901720618256054,static_ew
2002-11,-3.006821860233449e-05,-0.00015108793962205548,0.060509860509860514,static_ew
2002-12,0.009139937754823734,0.009087126822720766,0.026405466051483743,static_ew
2003-01,0.0047590049329955765,0.004722111170665621,0.018446881164977762,static_ew
2003-02,0.004752619469462278,0.004703287233989561,0.024666117736358493,static_ew
2003-03,0.007967190684429854,0.007934909128909136,0.01614077776035817,static_ew
2003-04,-0.007536544436834222,-0.0076126845056404685,0.038070034403123565,static_ew
2003-05,0.0030122719609414635,0.002770682822963147,0.12079456898915815,static_ew
2003-06,0.0032532922223780054,0.00319588129180531,0.028705465286347626,static_ew
2003-07,0.0010347602840586761,0.0009964918486307255,0.01913421771397525,static_ew
2003-08,0.003485467465019015,0.0034395437810649278,0.022961841977043672,static_ew
2003-09,-0.005429699221829456,-0.0057439199027712095,0.15711034047087685,static_ew
2003-10,0.0037943498821393223,0.003770234348695431,0.012057766721945829,static_ew
2003-11,0.005479239032350933,0.005458782433976716,0.010228299187108323,static_ew
2003-12,-0.0036536423473487105,-0.0036910914076179794,0.01872453013463451,static_ew
2004-01,-0.009737737914639569,-0.009783936745048927,0.02309941520467837,static_ew
2004-02,0.004630589708208525,0.004546343398962216,0.04212315462315461,static_ew
2004-03,0.0029348626989472927,0.0028916680179452347,0.021597340501029023,static_ew
2004-04,0.0015164298312843145,0.0014862315139766223,0.015099158653846152,static_ew
2004-05,0.0018381602487128764,0.0017300609767846582,0.054049635964109013,static_ew
2004-06,0.0054773955084024915,0.005437812856342322,0.019791326030085005,static_ew
2004-07,0.0037596263320666848,0.0037359376965997223,0.011844317733481135,static_ew
2004-08,0.0024880157929984305,0.002433803213683392,0.027106289657519166,static_ew
2004-09,0.0017259055221633681,0.0016424394537439386,0.04173303420971473,static_ew
2004-10,0.005528794183583043,0.005499512672744155,0.014640755419443936,static_ew
2004-11,0.001670261032431679,0.0016033919126804237,0.03343455987562776,static_ew
2004-12,0.006230465727258088,0.00620062891911711,0.014918404070488951,static_ew
2005-01,-0.00021238076589498087,-0.00039655875502541565,0.09208899456521738,static_ew
2005-02,0.002427265843355823,0.0024059055406361334,0.010680151359844911,static_ew
2005-03,0.0032541080240067527,0.0032243647043847558,0.014871659810998411,static_ew
2005-04,0.0014765119526268325,0.0014542316134641404,0.011140169581346046,static_ew
2005-05,-0.003852675983842858,-0.003946237481349877,0.046780748753509065,static_ew
2005-06,0.0017485461818437533,0.0017330677366778082,0.007739222582972584,static_ew
2005-07,0.0014218946420461185,0.0014044793641331014,0.008707638956508508,static_ew
2005-08,0.0017182847663283624,0.00169726111792762,0.010511824200371285,static_ew
2005-09,-0.002373017327745991,-0.002460678577536576,0.043830624895292346,static_ew
2005-10,0.002805632282674284,0.002791573836715255,0.007029222979514402,static_ew
2005-11,-0.002228131871371097,-0.002270793365210511,0.02133074691970666,static_ew
2005-12,-0.003689190865313265,-0.003717216462460254,0.014012798573494675,static_ew
2006-01,9.25738267957905e-05,8.29017448834427e-05,0.004836040956173839,static_ew
2006-02,0.005621705480834758,0.005422792650280618,0.09945641527707018,static_ew
2006-03,0.0018325600759912608,0.001826814044245229,0.0028730158730158706,static_ew
2006-04,0.0023760005995095076,0.0022715243686526874,0.052238115428409886,static_ew
2006-05,0.00511232806539048,0.00505543742346486,0.028445320962809533,static_ew
2006-06,0.004311242258689078,0.004298802962465882,0.006219648111597565,static_ew
2006-07,0.0016112933359611861,0.0013605685752292502,0.12536238036596792,static_ew
2006-08,-0.0049213010397469135,-0.0050475974855436695,0.06314822289837835,static_ew
2006-09,-0.001562209001671154,-0.0017252678204430164,0.08152940938593121,static_ew
2006-10,-8.95880837058614e-05,-0.0001705291654785627,0.04047054088635069,static_ew
2006-11,0.005666619432621639,0.005625922229351156,0.020348601635241634,static_ew
2006-12,0.001173319621346029,0.0011611503196431428,0.006084650851443113,static_ew
2007-01,0.002611960003552288,0.0025423294306943928,0.03481528642894777,static_ew
2007-02,-0.0023479037727364683,-0.0026438488337676134,0.14797253051557252,static_ew
2007-03,-0.0006023582092600905,-0.0006769920092052713,0.03731689997259044,static_ew
2007-04,0.0020107478559973696,0.0019045194754105977,0.05311419029338576,static_ew
2007-05,-0.0042842450726831675,-0.004426458594226591,0.07110676077171152,static_ew
2007-06,-0.0021385971080241056,-0.002178231473576892,0.019817182776393282,static_ew
2007-07,-0.0027575993533367027,-0.0028841048009269877,0.06325272379514275,static_ew
2007-08,0.007296414155664324,0.007194773001877132,0.05082057689359569,static_ew
2007-09,0.0022120427900499035,0.0021461529246084177,0.032944932720742795,static_ew
2007-10,-0.0015008548597556163,-0.0016842774547172026,0.09171129748079303,static_ew
2007-11,0.005076138168841041,0.004964381674902325,0.05587824696935779,static_ew
2007-12,0.0004679221897921199,0.00036372048360434434,0.052100853093887824,static_ew
2008-01,0.008442600056092533,0.008313387001695873,0.06460652719833028,static_ew
2008-02,0.0006647893898012512,0.0005659161554336461,0.04943661718380262,static_ew
2008-03,0.0071666575084383755,0.007117782976294733,0.024437266071821576,static_ew
2008-04,0.0014274879484017604,0.0013844068682797336,0.021540540061013413,static_ew
2008-05,-0.000586114726587144,-0.0006802462795017915,0.047065776457323835,static_ew
2008-06,0.008662626707498282,0.008630201022555111,0.016212842471585488,static_ew
2008-07,0.004242850886461106,0.004221799057830073,0.01052591431551664,static_ew
2008-08,0.008701277480643421,0.00867508648288502,0.013095498879201114,static_ew
2008-09,0.009909842766591745,0.009885106343473166,0.012368211559289872,static_ew
2008-10,0.020593094485664848,0.02055798008431015,0.01755720067735098,static_ew
2008-11,0.011105834014030314,0.011066340562319798,0.019746725855257642,static_ew
2008-12,-0.0041781587259673405,-0.004214952369596957,0.018396821814808298,static_ew
2009-01,0.00736090568940228,0.007328318187463356,0.016293750969462048,static_ew
2009-02,0.003455984152943699,0.003391397999961889,0.03229307649090513,static_ew
2009-03,-0.0011864242895024595,-0.0012202478989837252,0.016911804740633,static_ew
2009-04,-0.01773735235630576,-0.017771429654970382,0.017038649332312045,static_ew
2009-05,-0.021963332728203788,-0.022022005817667098,0.02933654473165522,static_ew
2009-06,0.008258920666306643,0.008255429024128869,0.0017458210888867882,static_ew
2009-07,-0.0013895754371024932,-0.0014326133902666737,0.021518976582090177,static_ew
2009-08,-0.00021867168720001343,-0.00024038632748351208,0.010857320141749331,static_ew
2009-09,-0.001967753125167047,-0.001981459519889568,0.0068531973612604635,static_ew
2009-10,0.005164840626257567,0.00515531420987722,0.004763208190173451,static_ew
2009-11,0.003321376542655746,0.003308565629644496,0.006405456505624612,static_ew
2009-12,0.0012566252694938196,0.0012422678066261847,0.007178731433817373,static_ew
2010-01,0.0048210416716298376,0.00480584300039915,0.0075993356153435995,static_ew
2010-02,0.005949349418329258,0.005914881659820418,0.017233879254419934,static_ew
2010-03,-0.0009248125559954617,-0.0009548827444152485,0.015035094209893386,static_ew
2010-04,0.003352099038089133,0.0033338257116969287,0.009136663196102124,static_ew
2010-05,0.007113934752838802,0.007078451496247453,0.01774162829567434,static_ew
2010-06,0.005215611375143068,0.005203212106523071,0.006199634309998528,static_ew
2010-07,0.0009651897146966896,0.0009564058123718209,0.004391951162434457,static_ew
2010-08,0.005981433793838604,0.0059459885022709455,0.017722645783829385,static_ew
2010-09,-0.0005776305033251129,-0.0005999482193818936,0.01115885802839034,static_ew
2010-10,-0.00014936758678557222,-0.00015666143774579236,0.003646925480110154,static_ew
2010-11,0.006144414040973509,0.006133592646767195,0.005410697103157608,static_ew
2010-12,0.0002085673026164368,0.000199894511706126,0.004336395455155419,static_ew
2011-01,0.00805666762355743,0.00804842181066521,0.00412290644610926,static_ew
2011-02,0.001567708856523757,0.0015431925262749582,0.012258165124399352,static_ew
2011-03,0.0028141318131334626,0.002763673429174014,0.025229191979724227,static_ew
2011-04,0.0035399628533305098,0.003523533817749002,0.008214517790753764,static_ew
2011-05,0.004960714021090834,0.004929849056472991,0.015432482308921094,static_ew
2011-06,0.0050565556883209115,0.0050424199703427664,0.007067858989072069,static_ew
2011-07,0.005159641675279285,0.00514320821842771,0.008216728425787663,static_ew
2011-08,0.0049609640253836535,0.004948754697207938,0.006104664087857355,static_ew
2011-09,0.009003536910915879,0.008986357576643294,0.008589667136291905,static_ew
2011-10,-0.0035712288609769005,-0.0035733452630933027,0.001058201058201055,static_ew
2011-11,0.008932453659111602,0.008919022546518298,0.006715556296651588,static_ew
2011-12,0.0050970346208061065,0.005090594323889619,0.0032201484582436886,static_ew
2012-01,-0.009648156142871305,-0.009792708206992873,0.07227603206078435,static_ew
2012-02,0.0017526480329161484,0.0017466820390810087,0.0029829969175698525,static_ew
2012-03,0.005246461644262157,0.0052433477990430485,0.0015569226095541872,static_ew
2012-04,0.006070210334905321,0.0059359102152652665,0.0671500598200271,static_ew
2012-05,0.0062723229870965645,0.006216440772140388,0.027941107478088312,static_ew
2012-06,0.0037126204151210034,0.0037031142618996113,0.00475307661069618,static_ew
2012-07,0.004215289821940871,0.0041916167623631834,0.011836529788843954,static_ew
2012-08,0.0031024711692715923,0.0030889171938868,0.0067769876923960675,static_ew
2012-09,-0.0026294459923524257,-0.002645817861331968,0.008185934489771056,static_ew
2012-10,0.001856403783205924,0.0018529717797739205,0.0017160017160017197,static_ew
2012-11,0.004340730728677062,0.004328584881327134,0.006072923674964497,static_ew
2012-12,-0.003324388433096299,-0.0033397772888948247,0.007694427899262742,static_ew
2013-01,0.002529427569262197,0.0025198453948489176,0.004791087206639632,static_ew
2013-02,0.001792719162260435,0.0017464694174622497,0.02312487239909266,static_ew
2013-03,0.006148481304446101,0.006111092934246345,0.018694185099878198,static_ew
2013-04,0.004296301036035093,0.004248685504451729,0.02380776579168191,static_ew
2013-05,0.0015839573824419956,0.001561204987596063,0.01137619742296642,static_ew
2013-06,0.004782082174109134,0.004760768598867865,0.010656787620634312,static_ew
2013-07,0.007868344280642299,0.0078340463623873,0.017148959127499648,static_ew
2013-08,0.0012858414662594107,0.0012662462291037678,0.009797618577821654,static_ew
2013-09,-0.0002713766576576765,-0.00036755971131576383,0.04809152682904367,static_ew
2013-10,-0.0029050654088565234,-0.002947705771425732,0.021320181284604375,static_ew
2013-11,0.0010188145704397903,0.000953546070878046,0.03263424978087218,static_ew
2013-12,0.0018343660526799256,0.0018235771108469972,0.005394470916464232,static_ew
2014-01,0.001030206175381015,0.0010102000996993926,0.010003037840811042,static_ew
2014-02,0.0005478970308816221,0.000533775398584031,0.007060816148795523,static_ew
2014-03,-0.000860620515800879,-0.0008732896072370937,0.006334545718107363,static_ew
2014-04,-0.003479284401768805,-0.003541672120814629,0.03119385952291195,static_ew
2014-05,-0.0014714533857305007,-0.0014897715567580314,0.009159085513765312,static_ew
2014-06,0.0066583122748617935,0.0066583122748617935,0.0,static_ew
2014-07,0.0013723806917303786,0.0013690749066064115,0.0016528925619834697,static_ew
2014-08,0.00020330203097774293,0.00013545564526565852,0.03392319285604222,static_ew
2014-09,0.0009235703942156153,0.0009204778471230683,0.0015462735462735417,static_ew
2014-10,0.0013050145557199297,0.0012840038396183923,0.010505358050768706,static_ew
2014-11,0.003255775021428223,0.0032500673844388247,0.0028538184946993506,static_ew
2014-12,0.0063903086813524995,0.006381007352893148,0.004650664229675821,static_ew
2015-01,0.0030852840210146347,0.00307767593445918,0.003804043277727485,static_ew
2015-02,-0.00033969144454362265,-0.0003651343943168364,0.012721474886606883,static_ew
2015-03,0.004762907684944645,0.004725870378883077,0.01851865303078358,static_ew
2015-04,-0.005232193728199112,-0.005303164092318057,0.03548518205947243,static_ew
2015-05,0.004413442571040383,0.004354291506481651,0.029575532279366355,static_ew
2015-06,0.004291901484814955,0.0042877045836768775,0.002098450569038793,static_ew
2015-07,0.005325447572409202,0.005321258587226088,0.0020944925915571742,static_ew
2015-08,0.004910118241782544,0.004894256681675831,0.007930780053356576,static_ew
2015-09,0.0018273058410746838,0.0018258177458365886,0.0007440476190476184,static_ew
2015-10,-0.00392814520101812,-0.003943364273216351,0.007609536099115849,static_ew
2015-11,0.002749520613953309,0.002741065089416802,0.004227762268253475,static_ew
2015-12,-9.085191164615383e-05,-0.00010113025799777605,0.005139173175811111,static_ew
2016-01,0.0037604698885241607,0.003755943092298424,0.0022633981128683304,static_ew
2016-02,0.001077993424428406,0.001068895070600755,0.004549176913825397,static_ew
2016-03,-0.005740511367129351,-0.005749405642095054,0.0044471374828517615,static_ew
2016-04,0.0015046974939594315,0.0015001430244587024,0.002277234750364657,static_ew
2016-05,0.0030512116492720435,0.0030308018812714404,0.010204884000301713,static_ew
2016-06,-0.0003582961675418332,-0.0003623946953943685,0.0020492639262677135,static_ew
2016-07,9.567505763024141e-05,9.404705600223973e-05,0.0008140008140008087,static_ew
2016-08,0.0009284041356467694,0.0009125910771963395,0.007906529225214882,static_ew
2016-09,0.003401768539369932,0.003363633700854726,0.01906741925760316,static_ew
2016-10,0.00071786607646438,0.0007125075652114198,0.0026792556264801943,static_ew
2016-11,-2.582614997221215e-05,-3.956069015359214e-05,0.0068672700906900926,static_ew
2016-12,0.001417807926141207,0.0013359657279044394,0.04092109911838379,static_ew
2017-01,0.0018053636018780276,0.0017757065280745706,0.014828536901728489,static_ew
2017-02,-0.0002291500615754589,-0.0002410585839525881,0.005954261188564554,static_ew
2017-03,0.003652452910460389,0.003643377974556184,0.004537467952102095,static_ew
2017-04,-0.0010081231444229715,-0.0010298760142723158,0.010876434924672197,static_ew
2017-05,0.0033468133787637167,0.0033298613822983552,0.008475998232680946,static_ew
2017-06,-0.0005331067037911762,-0.0005479216314758363,0.007407463842330078,static_ew
2017-07,0.0016858332678924913,0.0016821418688522552,0.0018456995201181253,static_ew
2017-08,0.0011264033733678906,0.0011236346214226682,0.0013843759726112604,static_ew
2017-09,0.001006621509938706,0.00099860419392139,0.004008658008658005,static_ew
2017-10,0.0011270559598729145,0.0011072696243166248,0.009893167778144946,static_ew
2017-11,0.002406296176795446,0.0023926619434616195,0.006817116666913122,static_ew
2017-12,0.0010505868046572474,0.0010411512831803567,0.004717760738445305,static_ew
2018-01,0.0030787682825252436,0.00307336288223018,0.002702700147531734,static_ew
2018-02,0.003751528407717996,0.003751528407717996,0.0,static_ew
2018-03,0.003607930828844296,0.0035560242259123995,0.025953301465948077,static_ew
2018-04,0.00020165369461945542,0.00019464315136102545,0.0035052716292150263,static_ew
2018-05,0.0037204973967643164,0.0036940364724302147,0.013230462167051166,static_ew
2018-06,0.002363213611129386,0.002345274306333153,0.00896965239811673,static_ew
2018-07,0.0010493982060194682,0.0010273542300581107,0.011021987980678709,static_ew
2018-08,0.0028821793957801416,0.0028691752349562227,0.006502080411959332,static_ew
2018-09,0.005368991512881361,0.005356993589807724,0.005998961536817895,static_ew
2018-10,7.693790191481423e-05,6.926307165933894e-05,0.0038374151277377143,static_ew
2018-11,-0.0023111644757148773,-0.0023265872621143144,0.007711393199718791,static_ew
2018-12,-0.0009639326084353469,-0.0009664755200691675,0.0012714558169103613,static_ew
2019-01,0.0012738593975746802,0.0012738593975746802,0.0,static_ew
2019-02,-0.002729501027316224,-0.0027341547069699036,0.0023268398268398295,static_ew
2019-03,0.0006634699405921302,0.000655411332533522,0.004029304029304032,static_ew
2019-04,-0.00037182781332738274,-0.00037640170658740735,0.0022869466300123246,static_ew
2019-05,0.002309565178135685,0.002301095467978424,0.004234855078630399,static_ew
2019-06,0.002124659540067401,0.002120841617091455,0.0019089614879730765,static_ew
2019-07,0.003527782013007467,0.003522219052019286,0.0027814804940904697,static_ew
2019-08,4.0232475627908834e-05,2.131938235400534e-05,0.00945654663695173,static_ew
2019-09,-0.0006411660978618074,-0.0006431003338385965,0.0009671179883945893,static_ew
2019-10,-0.0005912720534369617,-0.0005962513891935717,0.0024896678783050403,static_ew
2019-11,0.0016390659308432023,0.0016331480354295084,0.0029589477068468636,static_ew
2019-12,-0.0008985736854123648,-0.0009145725387812679,0.007999426684451524,static_ew
2020-01,-3.631191516238297e-05,-3.631191516238297e-05,0.0,static_ew
2020-02,0.002816634177325881,0.002812115269886792,0.002259453719544567,static_ew
2020-03,0.009554400989735144,0.009546084717685309,0.00415813602491825,static_ew
2020-04,-0.006459767533001695,-0.006481500782127881,0.01086662456309298,static_ew
2020-05,-0.00031988689952096354,-0.0003431667640220038,0.011639932250520141,static_ew
2020-06,-0.006399258904892274,-0.00640233024552598,0.0015356703168534944,static_ew
2020-07,0.00011617948824285176,6.448303654639998e-05,0.025848225848225846,static_ew
2020-08,-0.003239248203789035,-0.003245095556289663,0.002923676250313964,static_ew
2020-09,0.0009142099246840067,0.0009084843118582213,0.002862806412892725,static_ew
2020-10,0.0030708021216738005,0.003065465017970823,0.0026685518514884482,static_ew
2020-11,-0.012504387372218408,-0.012517488084556567,0.006550356169079457,static_ew
2020-12,-0.002455877980454853,-0.00246113417880196,0.002628099173553713,static_ew
2021-01,0.0020297659698182303,0.0020238661811433217,0.002949894337454148,static_ew
2021-02,-0.001378570188251629,-0.0013830791540564665,0.002254482902418675,static_ew
2021-03,0.002725466492771271,0.0027036286787646686,0.010918907003301066,static_ew
2021-04,0.0005529708142819058,0.0005500782522984347,0.0014462809917355325,static_ew
2021-05,-0.001484989954164511,-0.0014983777423197885,0.0066938940776388595,static_ew
2021-06,-0.00211092694869571,-0.0021123255500943116,0.0006993006993006962,static_ew
2021-07,0.0005348437878388529,0.000532099010683685,0.0013723885775839772,static_ew
2021-08,0.00041734618483180765,0.00041734618483180765,0.0,static_ew
2021-09,0.002529171199330355,0.0025239347101044638,0.0026182446129458135,static_ew
2021-10,0.00027532728742678085,0.0002741070311729675,0.000610128126906654,static_ew
2021-11,0.006115595575090866,0.006112819724986771,0.001387925052047198,static_ew
2021-12,0.005340267562052676,0.005338739678171851,0.0007639419404125304,static_ew
2022-01,0.0035438249077013565,0.003536717469684827,0.0035537190082644585,static_ew
2022-02,0.005319763260535491,0.005315574363631362,0.0020944484520643443,static_ew
2022-03,-0.0002940750544858455,-0.0002940750544858455,0.0,static_ew
2022-04,0.00671510361857344,0.006692634706925272,0.01123445582408371,static_ew
2022-05,0.00201887402968251,0.0020046181975275417,0.007127916077484074,static_ew
2022-06,0.004313906416984784,0.004306045367968286,0.003930524508249345,static_ew
2022-07,-0.004098413733367116,-0.004098413733367116,0.0,static_ew
2022-08,-0.00238188660089102,-0.0023854157331995476,0.0017645661542638046,static_ew
2022-09,0.006794536959750774,0.006787371953557542,0.0035825030966162093,static_ew
2022-10,-0.0011632418578191304,-0.0011672140117912843,0.00198607698607698,static_ew
2022-11,-0.0020353846005951564,-0.0020421712033423423,0.003393301373593007,static_ew
2022-12,0.005857290220724654,0.005854776525419197,0.00125684765272866,static_ew
2023-01,0.0008752141467955683,0.0008694269515346888,0.00289359763043974,static_ew
2023-02,0.002074470265672571,0.0020497634579095935,0.012353403881488801,static_ew
2023-03,0.004697199984184377,0.004695971482955876,0.00061425061425061,static_ew
2023-04,-0.001380855187309869,-0.0013856772305892108,0.002411021639670855,static_ew
2023-05,-0.0020366741048084137,-0.0020638732561807723,0.013599575686179434,static_ew
2023-06,0.0018762419133092302,0.0018734861610605771,0.0013778761243264262,static_ew
2023-07,-4.045831915107694e-06,-1.1326694229527192e-05,0.0036404311572096793,static_ew
2023-08,0.0024577257383591594,0.002452753241759355,0.002486248299902217,static_ew
2023-09,0.005887041032329759,0.0058836444633340165,0.0016982844978712741,static_ew
2023-10,0.005776026360927076,0.005776026360927076,0.0,static_ew
2023-11,-0.004598084481444971,-0.004649653240099126,0.0257843793270773,static_ew
2023-12,0.0023833594193462724,0.0023833594193462724,0.0,static_ew
2024-01,0.0066089875225079945,0.006601132956239938,0.0039272831340288585,static_ew
2024-02,0.00030057389119995823,0.00029112932751872725,0.004722281840615517,static_ew
2024-03,0.0005725152358675784,0.0005671630123335366,0.0026761117670208614,static_ew
2024-04,0.0015605947789924734,0.0015317002285668228,0.014447275212825454,static_ew
2024-05,0.005295310662279655,0.005247559017904311,0.023875822187672247,static_ew
2024-06,0.0026823898268647757,0.0026624266321647392,0.0099815973500184,static_ew
2024-07,0.00036397648956248144,0.00036236747910391344,0.0008045052292839885,static_ew
2024-08,0.003642110442315008,0.003633767413524636,0.004171514395186035,static_ew
2024-09,0.00061372738064644,0.0006107948293267919,0.0014662756598240506,static_ew
2024-10,0.0003375153654108637,0.00033441379218733937,0.0015507866117622214,static_ew
2024-11,0.00332021511597624,0.0033189070715027276,0.0006540222367560478,static_ew
2024-12,0.0013222404293821088,0.0013124306210466382,0.004904904167735354,static_ew
2025-01,0.00476977095052249,0.004762429111075387,0.003670919723551311,static_ew
2025-02,0.003585816102885775,0.003581415022408875,0.0022005402384500713,static_ew
2025-03,0.0028373914937569727,0.002830857356313744,0.0032670687216141757,static_ew
2025-04,-0.00019057568909329573,-0.00020846656540202187,0.008945438154363104,static_ew
2025-05,-0.0027337942482214485,-0.002744259616682752,0.005232684230651754,static_ew
2025-06,-0.0016775795680186577,-0.001691234433718899,0.0068274328501205205,static_ew
2025-07,-0.0011906521585972833,-0.0011918806598257845,0.0006142506142506102,static_ew
2025-08,-0.0006370880718419586,-0.0006400532134932316,0.0014825708256365174,static_ew
2025-09,-0.001117181024131396,-0.0011208177131985487,0.0018183445335763168,static_ew
2025-10,0.0023767001960692427,0.0023701293859270042,0.0032854050711193603,static_ew
2025-11,0.0040673519395995825,0.004065742929141015,0.0008045052292839885,static_ew
2025-12,0.002157357896138588,0.0021557629998068496,0.0007974481658692203,static_ew
2001-01,-0.018011956874861738,-0.018011956874861738,0.0,enet:own
2001-02,0.003669333595780808,0.0018451207004428628,0.912106447668972,enet:own
2001-03,0.028289698198764226,0.02634128377860433,0.9742072100799497,enet:own
2001-04,0.006008742611986993,0.004548288529016806,0.730227041485094,enet:own
2001-05,0.01059945702994199,0.008481404910425625,1.059026059758182,enet:own
2001-06,-0.004826205477174546,-0.006474552119926939,0.8241733213761966,enet:own
2001-07,0.017112346067934367,0.015163446194882548,0.9744499365259085,enet:own
2001-08,-0.004860460415377115,-0.006371887607638981,0.7557135961309328,enet:own
2001-09,0.002724128435496436,0.0008651395230366045,0.9294944562299156,enet:own
2001-10,-0.004428308808786443,-0.0065634446152241736,1.0675679032188656,enet:own
2001-11,0.020182872100390735,0.01799192659896335,1.0954727507136937,enet:own
2001-12,0.012888912776329852,0.011131397604486738,0.8787575859215562,enet:own
2002-01,2.8549321270587845e-05,-0.002082340255447077,1.0554447883588323,enet:own
2002-02,0.0028146461107639346,0.0009817818278137931,0.9164321414750706,enet:own
2002-03,0.007564264299479457,0.005754164130908217,0.90505008428562,enet:own
2002-04,0.004551247606573272,0.0030522384562448744,0.7495045751641991,enet:own
2002-05,0.0027850073221547117,0.0011162849082731394,0.8343612069407862,enet:own
2002-06,-0.0020624557910427256,-0.003612689302750715,0.7751167558539949,enet:own
2002-07,-0.00603416637744903,-0.007696742223998671,0.8312879232748197,enet:own
2002-08,0.004228379343255347,0.0026683440330280005,0.780017655113673,enet:own
2002-09,-0.003769157456793608,-0.0051916141312109785,0.7112283372086845,enet:own
2002-10,-0.0013861945125536823,-0.00281797981983929,0.7158926536428037,enet:own
2002-11,0.008363066571445454,0.00664276395575481,0.860151307845322,enet:own
2002-12,-0.003721679782873448,-0.005177030144946872,0.727675181036712,enet:own
2003-01,-0.0002938342120267866,-0.0026256185624502727,1.165892175211743,enet:own
2003-02,0.0012158415856021623,4.232058062149033e-06,0.6058047637700066,enet:own
2003-03,0.006519228844405119,0.005238871415154911,0.6401787146251041,enet:own
2003-04,-0.006550245463358791,-0.007415639587754559,0.4326970621978841,enet:own
2003-05,0.004249665040614538,0.0030050917080521925,0.6222866662811727,enet:own
2003-06,0.005491880723554927,0.0041934143896869645,0.6492331669339817,enet:own
2003-07,0.004939671590595529,0.003965483373694334,0.4870941084505978,enet:own
2003-08,0.0038309629866989338,0.0026309350321679944,0.6000139772654697,enet:own
2003-09,0.0008545111214271855,-0.00036056870596898826,0.6075399136980871,enet:own
2003-10,0.01052645334523334,0.009380295388449384,0.5730789783919777,enet:own
2003-11,0.002040520682614642,0.0010375215324583634,0.5014995750781392,enet:own
2003-12,-0.0012932001249514125,-0.0023196800207926386,0.5132399479206131,enet:own
2004-01,-0.0012380368526265762,-0.0024478594401124536,0.6049112937429386,enet:own
2004-02,-0.0003944736988639678,-0.001646949677221926,0.6262379891789791,enet:own
2004-03,0.0021804935114755697,0.0011250069703150338,0.5277432705802679,enet:own
2004-04,0.0017107686868482086,0.000730970229598523,0.4898992286248428,enet:own
2004-05,-0.006445192518473671,-0.007496947594414665,0.5258775379704973,enet:own
2004-06,0.004780969400506627,0.0036704699363481084,0.5552497320792598,enet:own
2004-07,0.005241870670060564,0.004383377208352053,0.42924673085425535,enet:own
2004-08,0.006158148263719701,0.005349743341341405,0.40420246118914804,enet:own
2004-09,0.003352401911010102,0.0025347506810350514,0.4088256149875258,enet:own
2004-10,0.009603074709412934,0.008772358689182025,0.41535801011545476,enet:own
2004-11,0.004263511372323493,0.0035748006831951636,0.344355344564165,enet:own
2004-12,0.008292066986273827,0.007399935119367469,0.4460659334531793,enet:own
2005-01,-0.0013478575695598679,-0.0022971352453556534,0.47463883789789274,enet:own
2005-02,0.00827113906112534,0.007451607213355955,0.40976592388469246,enet:own
2005-03,0.008632475172547664,0.007886605385371587,0.3729348935880387,enet:own
2005-04,0.011858078713619923,0.011077748771617315,0.3901649710013041,enet:own
2005-05,-0.011965271432988192,-0.012704603628110324,0.3696660975610662,enet:own
2005-06,0.003094108994036289,0.002116645691003286,0.4887316515165014,enet:own
2005-07,0.0063733481969873865,0.005552370733902164,0.41048873154261123,enet:own
2005-08,-0.0024559829946323017,-0.003157792724524322,0.3509048649460105,enet:own
2005-09,0.00023153918140533043,-0.0006752965762506091,0.45341787882796974,enet:own
2005-10,0.0014254406711100088,0.0007243780121233231,0.35053132949334265,enet:own
2005-11,-0.0029028617473367446,-0.0036135372262546266,0.35533773945894087,enet:own
2005-12,-0.0026771415408883732,-0.0033879066230597258,0.35538254108567613,enet:own
2006-01,0.012771239954586401,0.01189499492116918,0.4381225167086105,enet:own
2006-02,0.0023185446141772773,0.0012935472339053596,0.5124986901359588,enet:own
2006-03,-0.009144191427546798,-0.010153789171425592,0.5047988719393977,enet:own
2006-04,0.00604314817248237,0.005057225545600331,0.4929613134410195,enet:own
2006-05,0.00318617637799235,0.0020700546963196317,0.558060840836359,enet:own
2006-06,0.019680296506011524,0.018747005277277073,0.4666456143672251,enet:own
2006-07,-0.0013977975983965913,-0.0023452873227381697,0.4737448621707891,enet:own
2006-08,-0.004382118653621758,-0.005524424975304705,0.5711531608414734,enet:own
2006-09,0.0020304430181944666,0.001059257043635345,0.48559298727956074,enet:own
2006-10,-0.0034239690097738174,-0.004296291251878388,0.43616112105228516,enet:own
2006-11,0.00793351459259673,0.0070256251466383505,0.4539447229791893,enet:own
2006-12,0.0021636795963748037,0.001356775338591425,0.40345212889168897,enet:own
2007-01,0.005617968305202453,0.004468361574070818,0.5748033655658171,enet:own
2007-02,0.002568451809529572,0.0014029839918478899,0.5827339088408413,enet:own
2007-03,0.007065195047558289,0.0059836934169923495,0.5407508152829694,enet:own
2007-04,0.0033871440642513273,0.002255593124969303,0.565775469641012,enet:own
2007-05,0.000953876034092272,-0.00012635415806737797,0.540115096079825,enet:own
2007-06,0.00024904965732483914,-0.0008606602548990847,0.5548549561119618,enet:own
2007-07,-0.00010081046562407427,-0.0014057503113393145,0.65246992285762,enet:own
2007-08,0.0012391384138358162,4.877963871688192e-05,0.5951793875594671,enet:own
2007-09,0.0003316519929875226,-0.0009511654197858349,0.6414087063866786,enet:own
2007-10,0.00856386482942704,0.007347814020842578,0.6080254042922314,enet:own
2007-11,-0.0004872234199451206,-0.001703658925298528,0.608217752676704,enet:own
2007-12,0.0028188801041355454,0.0013940515520399672,0.7124142760477891,enet:own
2008-01,-0.001003837830302921,-0.002201815906543952,0.5989890381205154,enet:own
2008-02,0.0009811675353794606,-0.0003055823384692967,0.6433749369243786,enet:own
2008-03,-0.0013111312141765366,-0.002579683993808219,0.6342763898158412,enet:own
2008-04,0.004028984795220194,0.002790802712792031,0.6190910412140818,enet:own
2008-05,-0.0050260803757371806,-0.00631686339735684,0.6453915108098295,enet:own
2008-06,0.0031860318118993,0.0018909194153689639,0.6475561982651681,enet:own
2008-07,-0.00019431926445587143,-0.0013081667714187595,0.5569237534814441,enet:own
2008-08,0.0056808361987942336,0.004269373999469672,0.7057310996622811,enet:own
2008-09,0.006310954814845418,0.005077076716852144,0.6169390489966371,enet:own
2008-10,0.0226771371128694,0.02153993610439721,0.5686005042360951,enet:own
2008-11,0.01576081291504737,0.014664038346106517,0.5483872844704247,enet:own
2008-12,-0.0023446606302545085,-0.003331338961968702,0.49333916585709664,enet:own
2009-01,0.0034965439275000676,0.0025129790664894435,0.491782430505312,enet:own
2009-02,0.004406240896075516,0.0034781504860938177,0.4640452049908491,enet:own
2009-03,-0.0057128356932969965,-0.0063992396899231275,0.3432019983130657,enet:own
2009-04,-0.01567323831688664,-0.016598288660189843,0.4625251716516015,enet:own
2009-05,-0.004812767574281996,-0.005899595827453193,0.5434141265855984,enet:own
2009-06,0.0010926633677290124,-6.765278106535913e-05,0.5801580743971857,enet:own
2009-07,0.0019062038070753425,0.0006841381989005193,0.6110328040874115,enet:own
2009-08,0.0005137793840339059,-0.00042731072419376385,0.4705450541138349,enet:own
2009-09,0.0029357032313428876,0.0019494120527188857,0.49314558931200114,enet:own
2009-10,0.0029007189230095473,0.0020303563726112926,0.4351812751991272,enet:own
2009-11,0.0038860074133387646,0.002963375839981053,0.461315786678856,enet:own
2009-12,-0.001707446386090481,-0.0025565368282199088,0.42454522106471404,enet:own
2010-01,-0.00018893967256094962,-0.001124180252782022,0.46762029011053613,enet:own
2010-02,0.00116778671778691,0.00027875534716508487,0.4445156853109125,enet:own
2010-03,-0.0019223960022358962,-0.002887555751566691,0.4825798746653973,enet:own
2010-04,0.005934993938686476,0.005125801986647817,0.4045959760193297,enet:own
2010-05,0.005966236031684183,0.005255672768785866,0.3552816314491584,enet:own
2010-06,0.006743076295879702,0.006030201356963177,0.3564374694582627,enet:own
2010-07,0.0016860744353441022,0.0010152557379671948,0.3354093486884536,enet:own
2010-08,0.003240976116258896,0.002368956013795943,0.43601005123147674,enet:own
2010-09,0.0019389368630098219,0.0010733470321729174,0.43279491541845194,enet:own
2010-10,0.004468870396028632,0.003609093576001945,0.4298884100133433,enet:own
2010-11,0.008343159666464884,0.00752402783931703,0.4095659135739274,enet:own
2010-12,0.0034871655771806283,0.0026835209617523236,0.4018223077141521,enet:own
2011-01,0.005679155060227644,0.004888445501996283,0.3953547791156807,enet:own
2011-02,7.336681197588542e-05,-0.000756647315162819,0.4150070635693522,enet:own
2011-03,0.001571173667665311,0.0007797602504928517,0.39570670858622964,enet:own
2011-04,0.006554830226032905,0.005858019559042072,0.348405333495416,enet:own
2011-05,0.004758914874640115,0.004153250276833627,0.3028322989032446,enet:own
2011-06,0.005054426427979703,0.0044378536229768995,0.3082864025014017,enet:own
2011-07,0.006196340325425949,0.00571301585762916,0.2416622338983952,enet:own
2011-08,0.0066947177014420895,0.006205220946456463,0.24474837749281333,enet:own
2011-09,0.011396939922064345,0.010887906941988325,0.25451649003800964,enet:own
2011-10,-0.005189096535568604,-0.0057684716480682205,0.2896875562498078,enet:own
2011-11,0.005032654271612874,0.004145283832513897,0.44368521954948825,enet:own
2011-12,0.003976151446203102,0.003106174496087503,0.4349884750577996,enet:own
2012-01,-0.015411677160424738,-0.016032637642736762,0.31048024115601197,enet:own
2012-02,-0.0004426834577806428,-0.0012725130310648528,0.4149147866421049,enet:own
2012-03,0.008770218993436819,0.007974789794099593,0.39771459966861256,enet:own
2012-04,0.004343732006667227,0.003623498958023885,0.3601165243216713,enet:own
2012-05,0.0077357669588662,0.007054696834235349,0.3405350623154255,enet:own
2012-06,0.004306666933197743,0.0036514968947905283,0.32758501920360733,enet:own
2012-07,0.005133582406765695,0.004423021509868241,0.355280448448727,enet:own
2012-08,0.0051108950545760345,0.004434451750547507,0.3382216520142639,enet:own
2012-09,-2.8448281144192853e-05,-0.0006595832046912345,0.3155674617735209,enet:own
2012-10,0.0023627664687193924,0.0016256381590460194,0.36856415483668625,enet:own
2012-11,0.006414578475758212,0.005776468296852892,0.3190550894526603,enet:own
2012-12,-0.0016809533692399774,-0.0022179686035791422,0.26850761716958244,enet:own
2013-01,0.0030906949169226075,0.002477586691169247,0.30655411287668005,enet:own
2013-02,0.003997044666277691,0.0033653402018542617,0.3158522322117143,enet:own
2013-03,0.007097273322040021,0.006493934077029286,0.30166962250536705,enet:own
2013-04,0.007279798804824285,0.006776242081913965,0.25177836145515997,enet:own
2013-05,0.002271942945604359,0.001746375452631772,0.2627837464862932,enet:own
2013-06,0.003967399141136133,0.0033160302083353084,0.3256844664004123,enet:own
2013-07,0.009243919639557964,0.008570228306339673,0.33684566660914567,enet:own
2013-08,8.13185234894484e-05,-0.0005878844391035789,0.3346014812965137,enet:own
2013-09,-0.0038230650396305567,-0.0045706692118357576,0.37380208610259996,enet:own
2013-10,-0.0010921323076557793,-0.0017751454953136528,0.3415065938289368,enet:own
2013-11,0.0002916167473721122,-0.00031406781460804856,0.3028422809900805,enet:own
2013-12,0.0035872205800979214,0.0030392225133078488,0.27399903339503634,enet:own
2014-01,0.002206896905209495,0.0017273712774771536,0.2397628138661707,enet:own
2014-02,0.005020395663873735,0.004425745340339118,0.2973251617673087,enet:own
2014-03,0.0014550891393220716,0.0008661752994435716,0.2944569199392499,enet:own
2014-04,-0.00011063272682486153,-0.0007604849474425165,0.32492611030882773,enet:own
2014-05,-0.0019414815338027768,-0.0026288277129759164,0.3436730895865698,enet:own
2014-06,0.00432600605536249,0.0036453304626952033,0.34033779633364336,enet:own
2014-07,0.002268354923960695,0.0016854776368032736,0.29143864357871085,enet:own
2014-08,0.0021374361892004612,0.001548243231934493,0.29459647863298405,enet:own
2014-09,-0.0020727906491249688,-0.0026246068288456412,0.2759080898603362,enet:own
2014-10,0.00270976980405109,0.0021432424159766633,0.28326369403721346,enet:own
2014-11,0.007097936291482846,0.006488747163523165,0.3045945639798401,enet:own
2014-12,0.00954011328724748,0.008983884971529271,0.2781141578591051,enet:own
2015-01,0.005470140814686028,0.004841427338320303,0.3143567381828625,enet:own
2015-02,7.66987064533061e-05,-0.0006377666483659192,0.3572326774096127,enet:own
2015-03,0.004747502884889044,0.004033784145754114,0.35685936956746495,enet:own
2015-04,-0.00785186326652782,-0.008606996015747354,0.377566374609767,enet:own
2015-05,-0.002154354542430058,-0.002997539322790623,0.4215923901802821,enet:own
2015-06,0.0024834362729524197,0.0016639383795178215,0.4097489467172993,enet:own
2015-07,0.005924635685333024,0.005303731572682141,0.3104520563254413,enet:own
2015-08,0.004666471115341804,0.004023882269330586,0.3212944230056088,enet:own
2015-09,0.004207494710957544,0.0035593224863301035,0.32408611231372,enet:own
2015-10,-0.0010762227803012075,-0.0017411130643814603,0.33244514204012643,enet:own
2015-11,0.0017245890892433416,0.001026585062282177,0.34900201348058235,enet:own
2015-12,0.0011198568715844637,0.00040363205727200014,0.3581124071562318,enet:own
2016-01,0.0027037035338229065,0.001971626490767588,0.36603852152765937,enet:own
2016-02,-0.0008396810819151336,-0.0013756020478201277,0.267960482952497,enet:own
2016-03,-0.00817644278556097,-0.008761627818320836,0.29259251637993333,enet:own
2016-04,0.002643885635397007,0.0019946954430563823,0.3245950961703124,enet:own
2016-05,0.004473458597886016,0.003948625255864179,0.2624166710109193,enet:own
2016-06,-0.0013345553277079685,-0.0018399264420974992,0.2526855571947654,enet:own
2016-07,0.0017017779200921516,0.0012421677062229625,0.2298051069345945,enet:own
2016-08,0.006003719041307271,0.005498486338115478,0.2526163515958969,enet:own
2016-09,0.005734387042167455,0.005267698291916626,0.23334437512541448,enet:own
2016-10,0.0021960559755593453,0.0018676361862710528,0.16420989464414626,enet:own
2016-11,-0.0034087819164846686,-0.0038627555681990705,0.22698682585720079,enet:own
2016-12,0.0012340600052797917,0.0007117107935955623,0.26117460584211466,enet:own
2017-01,0.004275321883569375,0.0038332395067343763,0.22104118841749942,enet:own
2017-02,-0.0015363427799213226,-0.0020175410667778145,0.2405991434282455,enet:own
2017-03,0.0041116191824794104,0.003675089065086888,0.21826505869626098,enet:own
2017-04,-7.49196844346875e-05,-0.000506914861184167,0.2159975883747395,enet:own
2017-05,0.005952401885229252,0.005524101748110134,0.2141500685595598,enet:own
2017-06,-0.00012682395323363938,-0.0005815607458545058,0.22736839631043318,enet:own
2017-07,0.0042651479690881105,0.003855757848041897,0.20469506052310665,enet:own
2017-08,0.0028385312526798766,0.0024164279427484714,0.2110516549657027,enet:own
2017-09,0.0018957213071857546,0.0015539273413381937,0.17089698292378044,enet:own
2017-10,0.0029812366860417655,0.0026334966274581223,0.17387002929182144,enet:own
2017-11,0.0025676887238517423,0.002165012078480682,0.20133832268553004,enet:own
2017-12,0.001619627418699591,0.001209580263201368,0.2050235777491117,enet:own
2018-01,0.005517996408803375,0.005119566381975592,0.19921501341389153,enet:own
2018-02,0.0036834238076649275,0.0032710674884237245,0.20617815962060165,enet:own
2018-03,0.0034212010947883074,0.0030201539167285904,0.2005235890298586,enet:own
2018-04,0.0011746107440345056,0.0008500093143553981,0.16230071483955374,enet:own
2018-05,0.004904722284968488,0.004515076896802568,0.1948226940829606,enet:own
2018-06,0.0034077165149464235,0.0029679165511155865,0.2198999819154184,enet:own
2018-07,0.004540050315818534,0.004125397961471019,0.20732617717375748,enet:own
2018-08,0.004284135789570064,0.003864954865147229,0.2095904622114177,enet:own
2018-09,0.01265447026646495,0.012213108934524654,0.2206806659701474,enet:own
2018-10,0.0022518598059573496,0.0018420103301752776,0.20492473789103613,enet:own
2018-11,-0.0024997834327883032,-0.0029518044418843053,0.22601050454800162,enet:own
2018-12,0.00015634895720302255,-0.000389124525950508,0.27273674157676536,enet:own
2019-01,0.0021450530246405184,0.001673946383531235,0.2355533205546416,enet:own
2019-02,-0.004223995352670922,-0.004757534366662554,0.26676950699581603,enet:own
2019-03,0.004237745203426302,0.0037413983034554513,0.24817344998542532,enet:own
2019-04,0.0019454604639724095,0.0015353508004767565,0.20505483174782652,enet:own
2019-05,0.001246040622224351,0.00078473367312645,0.23065347454895038,enet:own
2019-06,0.004067018768002289,0.0035352853986349436,0.2658666846836725,enet:own
2019-07,0.005510499988557571,0.005042796071394841,0.23385195858136465,enet:own
2019-08,0.0022421941934887032,0.0018121322442492692,0.2150309746197169,enet:own
2019-09,-0.0017704107481333333,-0.002230360937574161,0.2299750947204138,enet:own
2019-10,0.00120052606779478,0.0007149769440286248,0.24277456188307758,enet:own
2019-11,0.0018975838231481265,0.0014571124687875069,0.2202356771803096,enet:own
2019-12,0.004342621748561488,0.0038605414387851544,0.24104015488816655,enet:own
2020-01,0.0032864858034238192,0.0029143842908711495,0.18605075627633497,enet:own
2020-02,0.0057135948864670905,0.005274195059276391,0.21969991359535052,enet:own
2020-03,0.008547825107860216,0.008134866422102179,0.206479342879018,enet:own
2020-04,-0.010081230920874686,-0.010801217356750832,0.3599932179380738,enet:own
2020-05,-0.002278487242504087,-0.0032970399342586425,0.5092763458772777,enet:own
2020-06,-0.004477749241513582,-0.005229977720231071,0.3761142393587443,enet:own
2020-07,0.003265537315492957,0.002626610012252759,0.31946365162009865,enet:own
2020-08,-0.0012112873361826463,-0.0018680593604802885,0.3283860121488212,enet:own
2020-09,-0.00178800976451536,-0.0024501258772302837,0.3310580563574618,enet:own
2020-10,0.003888861170721829,0.0033139734422113747,0.2874438642552271,enet:own
2020-11,-0.02203988449275995,-0.022537098043426986,0.24860677533351996,enet:own
2020-12,-0.0028604395604557562,-0.0036202300175583115,0.37989522855127755,enet:own
2021-01,0.003536173080783482,0.002871039574627684,0.33256675307789896,enet:own
2021-02,0.00022210530582695,-0.0003356732417917731,0.27888927380936157,enet:own
2021-03,0.004596487494316218,0.004004713734289001,0.29588688001360847,enet:own
2021-04,0.0038743118138578874,0.0033371165904785656,0.2685976116896608,enet:own
2021-05,0.001736674399217509,0.0012388779454711946,0.24889822687315702,enet:own
2021-06,-0.0042410347256690946,-0.004678027141194181,0.2184962077625432,enet:own
2021-07,0.0027752184309839784,0.002322573122236497,0.22632265437374058,enet:own
2021-08,0.0002597201778452914,-0.00022103133762406402,0.2403757577346777,enet:own
2021-09,0.006911566978836723,0.00642486846040792,0.24334925921440104,enet:own
2021-10,0.0014442827472092607,0.0009734936193642494,0.23539456392250543,enet:own
2021-11,0.006308840884594478,0.005850163451888376,0.22933871635305117,enet:own
2021-12,0.009894673302109958,0.009256075671620961,0.3192988152444991,enet:own
2022-01,0.012166292358294117,0.011665284946119842,0.2505037060871382,enet:own
2022-02,0.00886084300692158,0.008323336747476769,0.26875312972240456,enet:own
2022-03,0.008566546848192367,0.00799586166551475,0.2853425913388088,enet:own
2022-04,0.01096642317140251,0.010443229316979578,0.2615969272114656,enet:own
2022-05,0.004020242588521582,0.0035075344991134932,0.2563540447040448,enet:own
2022-06,-0.0008752296505896509,-0.0014716335297051896,0.29820193955776925,enet:own
2022-07,-0.0022678458521590648,-0.002854711497336421,0.2934328225886784,enet:own
2022-08,-0.0006133873271159106,-0.0012565418103158976,0.3215772415999934,enet:own
2022-09,0.003441082655785819,0.002899856156099719,0.27061324984304985,enet:own
2022-10,0.006366707094560558,0.005798475178849808,0.2841159578553745,enet:own
2022-11,-0.0035056758125276903,-0.0041534591546033865,0.3238916710378479,enet:own
2022-12,0.004586218574355374,0.003880921354338274,0.3526486100085501,enet:own
2023-01,0.0012727538924594724,0.0006200998880397929,0.3263270022098397,enet:own
2023-02,0.005015972573142607,0.00442257104787686,0.29670076263287315,enet:own
2023-03,0.0025852101964592778,0.002125126336171702,0.23004193014378788,enet:own
2023-04,-0.0002537980581982589,-0.0008417013807495291,0.29395166127563505,enet:own
2023-05,-0.001888758686445429,-0.0024021377531319673,0.25668953334326916,enet:own
2023-06,0.0024055195012097257,0.0018930874212955654,0.25621603995708014,enet:own
2023-07,0.003660680482701999,0.003087654339186496,0.2865130717577516,enet:own
2023-08,0.0014660401132963997,0.0008834942132382156,0.29127295002909204,enet:own
2023-09,0.008206492268118154,0.007708327085973605,0.2490825910722747,enet:own
2023-10,0.006599077641009674,0.006159458289978371,0.21980967551565153,enet:own
2023-11,-0.006196713771412162,-0.006698414665806155,0.25085044719699695,enet:own
2023-12,0.003740510689932866,0.0031751419691229492,0.28268436040495826,enet:own
2024-01,0.009442072307030796,0.008942553944660373,0.24975918118521123,enet:own
2024-02,0.0003667094673672012,-0.00017439053034772457,0.2705499988574629,enet:own
2024-03,0.004089807565662585,0.0035385137384660132,0.2756469135982859,enet:own
2024-04,0.00046718589246412203,-8.428229334165432e-05,0.27573409290288814,enet:own
2024-05,0.0008459278357715397,0.00029693019222832743,0.27449882177160617,enet:own
2024-06,0.0011293006595878943,0.0006114072967880346,0.2589466813999298,enet:own
2024-07,0.0009656660537195378,0.00045389324867357443,0.25588640252298167,enet:own
2024-08,0.0018458268177542923,0.001283840811004801,0.2809930033747454,enet:own
2024-09,0.00014862171754829654,-0.0003930332659383895,0.2708274917433429,enet:own
2024-10,0.0031387415521968525,0.002618812487527349,0.2599645323347517,enet:own
2024-11,0.009790728894252193,0.00929045511329525,0.25013689047847126,enet:own
2024-12,0.0019221031153846537,0.0014048966022156104,0.25860325658452177,enet:own
2025-01,0.0007668357550242401,0.00032824184900480705,0.21929695300971652,enet:own
2025-02,0.0037599366572404623,0.0032171734516377435,0.2713816028013596,enet:own
2025-03,0.005087376688562003,0.004588270150396855,0.24955326908257372,enet:own
2025-04,-0.001602022832587129,-0.002085520469355041,0.24174881838395582,enet:own
2025-05,-0.0006042943865427344,-0.0011448656177320893,0.2702856155946775,enet:own
2025-06,-0.002552347025224075,-0.0030558282231140667,0.25174059894499595,enet:own
2025-07,-0.0019102679795961952,-0.0023528688121681163,0.22130041628596064,enet:own
2025-08,0.0012741786147144403,0.0007960008111282069,0.2390889017931167,enet:own
2025-09,0.00398680960175135,0.003489736218570443,0.24853669159045363,enet:own
2025-10,0.008168822944141759,0.007676738374145314,0.24604228499822203,enet:own
2025-11,0.003096355020787192,0.0025566765247871264,0.26983924800003267,enet:own
2025-12,0.00879304544961411,0.00828353192422557,0.25475676269427017,enet:own
2001-01,-0.015027487433949657,-0.015027487433949657,0.0,enet:pooled
2001-02,0.004819482704338206,0.0028314261918259654,0.99402825625612,enet:pooled
2001-03,0.024892729246238428,0.022801732893167732,1.045498176535349,enet:pooled
2001-04,0.005942296133919244,0.004327669708661216,0.8073132126290141,enet:pooled
2001-05,0.009132125145228496,0.00720750913225819,0.9623080064851522,enet:pooled
2001-06,-0.0067327528084043745,-0.008377083977781143,0.8221655846883843,enet:pooled
2001-07,0.018680318171869603,0.016727645915128833,0.9763361283703851,enet:pooled
2001-08,-0.007506845422468188,-0.009098706992660622,0.7959307850962165,enet:pooled
2001-09,0.0016442373741540838,-0.00030723242898936427,0.9757349015717242,enet:pooled
2001-10,-0.013948203847121277,-0.016042465090214012,1.0471306215463685,enet:pooled
2001-11,0.018336119288226597,0.01601518948243336,1.1604649028966185,enet:pooled
2001-12,0.012088302465677547,0.010289202378493949,0.8995500435917989,enet:pooled
2002-01,0.0008367690271063582,-0.0013839320044646336,1.1103505157854958,enet:pooled
2002-02,0.0051370475865316475,0.0032502381054345655,0.9434047405485412,enet:pooled
2002-03,0.009826597494778653,0.008101793240437543,0.8624021271705555,enet:pooled
2002-04,0.00722921534913303,0.005746538095256975,0.741338626938028,enet:pooled
2002-05,0.004264266113644688,0.002648710609361956,0.807777752141366,enet:pooled
2002-06,0.0009765227209169491,-0.0006400127330678672,0.8082677269924082,enet:pooled
2002-07,-0.0010123971127951588,-0.0026359886803740216,0.8117957837894316,enet:pooled
2002-08,-0.00022989790021776674,-0.001838343742453554,0.8042229211178935,enet:pooled
2002-09,-0.0023064438779573796,-0.0038647890044202346,0.7791725632314271,enet:pooled
2002-10,-0.0023513787755801764,-0.0038060536180324718,0.7273374212261484,enet:pooled
2002-11,0.007167009330731274,0.005330108299970623,0.918450515380325,enet:pooled
2002-12,-0.0023895607392766544,-0.003836900332137001,0.7236697964301727,enet:pooled
2003-01,0.0009964799383664579,-0.001429485978626433,1.2129829584964456,enet:pooled
2003-02,7.847435961864048e-05,-0.0010154167748543121,0.5469455672364762,enet:pooled
2003-03,0.009320342394908011,0.00817746106515173,0.5714406648781414,enet:pooled
2003-04,-0.004999701208514994,-0.0057766176477488055,0.3884582196169056,enet:pooled
2003-05,0.0038671251070907264,0.0026536816871241516,0.6067217099832878,enet:pooled
2003-06,0.005690225970554207,0.0045074060709342,0.5914099498100034,enet:pooled
2003-07,0.008206637346252824,0.00717595908213124,0.5153391320607922,enet:pooled
2003-08,0.005192210520400271,0.004087395634132902,0.5524074431336842,enet:pooled
2003-09,-0.0017379028635046835,-0.002929969517312647,0.5960333269039818,enet:pooled
2003-10,0.011461776015915142,0.010282445886926965,0.5896650644940884,enet:pooled
2003-11,0.0014344321244146622,0.00035302391854834453,0.540704102933159,enet:pooled
2003-12,0.0006904330315190256,-0.0004089783119710221,0.549705671745024,enet:pooled
2004-01,-0.006121147591891203,-0.007527333989341534,0.7030931987251653,enet:pooled
2004-02,0.0024865447100236677,0.0011099385865585313,0.6883030617325681,enet:pooled
2004-03,0.002146329432835014,0.000989188909818362,0.5785702615083261,enet:pooled
2004-04,0.0022081506787754177,0.0010888764969890915,0.5596370908931627,enet:pooled
2004-05,-0.006790700304837456,-0.007915483161088593,0.562391428125569,enet:pooled
2004-06,0.002843016678605139,0.0016448548649311502,0.5990809068369943,enet:pooled
2004-07,0.0053206078173120026,0.004331791313064372,0.4944082521238151,enet:pooled
2004-08,0.005266439777224789,0.004351041107537006,0.4576993348438916,enet:pooled
2004-09,0.004488474000320351,0.003523944013761295,0.4822649932795279,enet:pooled
2004-10,0.010013278141900613,0.009077690842898329,0.4677936495011426,enet:pooled
2004-11,0.004731733673472616,0.0038860365912158465,0.4228485411283847,enet:pooled
2004-12,0.008483342673218486,0.007440154624124579,0.5215940245469535,enet:pooled
2005-01,-0.001954956256021271,-0.003068751607583873,0.5568976757813011,enet:pooled
2005-02,0.0062001523688886674,0.005200321118447045,0.49991562522081157,enet:pooled
2005-03,0.008885400712051449,0.007919457717351232,0.48297149735010875,enet:pooled
2005-04,0.014359020897462351,0.013383074181958266,0.4879733577520425,enet:pooled
2005-05,-0.015075311026655987,-0.015925052208359786,0.4248705908518995,enet:pooled
2005-06,0.0026834801314880243,0.0014648730784515408,0.6093035265182416,enet:pooled
2005-07,0.004757792790754406,0.0037876048941988764,0.4850939482777649,enet:pooled
2005-08,0.00020076586278856265,-0.0007049070220819401,0.4528364424352511,enet:pooled
2005-09,0.002688467155933927,0.001612414663084365,0.5380262464247809,enet:pooled
2005-10,0.0009519733274317084,2.153702460431117e-05,0.46521815141369866,enet:pooled
2005-11,-0.0033154135416054334,-0.004228159768334156,0.4563731133643618,enet:pooled
2005-12,-0.0015123227436765257,-0.0024529982688546387,0.47033776258905635,enet:pooled
2006-01,0.0053122598419272265,0.004287772846025677,0.5122434979507744,enet:pooled
2006-02,0.005393671320793133,0.004059682301290856,0.6669945097511385,enet:pooled
2006-03,-0.01106970503707333,-0.012237273513184162,0.5837842380554166,enet:pooled
2006-04,0.0077951269898434445,0.006655186297626584,0.5699703461084296,enet:pooled
2006-05,0.0008608383509897078,-0.0002797235406676444,0.5702809458286762,enet:pooled
2006-06,0.016769730381911128,0.015660173390735894,0.5547784955876184,enet:pooled
2006-07,-0.004514424354134415,-0.005658306212306332,0.5719409290859588,enet:pooled
2006-08,-0.005601853474079062,-0.0069183579635768155,0.6582522447488762,enet:pooled
2006-09,0.002864007592725121,0.0016429403997953336,0.6105335964648935,enet:pooled
2006-10,-0.0027045808309923776,-0.00373493738007514,0.5151782745413811,enet:pooled
2006-11,0.008607279477654469,0.007487231150658936,0.560024163497766,enet:pooled
2006-12,0.001412774499634849,0.00038537359222200266,0.513700453706423,enet:pooled
2007-01,0.005897159191691339,0.004698985569702978,0.5990868109941804,enet:pooled
2007-02,0.0010603278338056573,-0.00016530299884313365,0.6128154163243954,enet:pooled
2007-03,0.006721995031508299,0.0055806344695437035,0.5706802809822976,enet:pooled
2007-04,0.00648443298378251,0.005361781569715904,0.5613257070333038,enet:pooled
2007-05,0.0022935372079355342,0.0011545251263896147,0.5695060407729596,enet:pooled
2007-06,-0.0016378363597795906,-0.002889048890861091,0.6256062655407502,enet:pooled
2007-07,5.740434620419881e-05,-0.0013761884045331407,0.7167963753686697,enet:pooled
2007-08,-0.0005495191441359209,-0.001918778760571251,0.6846298082176651,enet:pooled
2007-09,0.0024154791516106627,0.0010317317255915338,0.6918737130095641,enet:pooled
2007-10,0.01238877113018621,0.011079830708594182,0.6544702107960138,enet:pooled
2007-11,0.0005634098273249472,-0.0007417214719657105,0.6525656496453287,enet:pooled
2007-12,0.004300393415495941,0.0028306085440385456,0.7348924357286979,enet:pooled
2008-01,-0.0005392716334114602,-0.0018132610636693402,0.6369947151289399,enet:pooled
2008-02,-0.000741895844691597,-0.0022319006345323457,0.7450023949203746,enet:pooled
2008-03,0.0011250374085418934,-0.00036493926392013157,0.7449883362310123,enet:pooled
2008-04,0.0026938293696639687,0.0012493625171906162,0.7222334262366757,enet:pooled
2008-05,-0.0037927916357675664,-0.005301534609744346,0.7543714869883898,enet:pooled
2008-06,0.006708289721927506,0.00529098572705967,0.7086519974339175,enet:pooled
2008-07,-0.004527914229631675,-0.00576958430593463,0.6208350381514772,enet:pooled
2008-08,0.006880395798042866,0.005290055087604121,0.7951703552193731,enet:pooled
2008-09,0.010801514287812335,0.009534286032853589,0.6336141274793725,enet:pooled
2008-10,0.030115343092556965,0.02892733904585245,0.5940020233522557,enet:pooled
2008-11,0.018067444544970356,0.01692258571545049,0.5724294147599314,enet:pooled
2008-12,-0.004060964108473655,-0.005155905690450389,0.5474707909883668,enet:pooled
2009-01,0.0022774467944948265,0.0010875179291477395,0.5949644326735435,enet:pooled
2009-02,0.005633516964366705,0.004438739002256771,0.5973889810549674,enet:pooled
2009-03,-0.008972880344551324,-0.009905513459363345,0.46631655740600986,enet:pooled
2009-04,-0.017295583595798657,-0.018503105174434504,0.6037607893179243,enet:pooled
2009-05,0.002717434412308582,0.0012617847573518472,0.7278248274783672,enet:pooled
2009-06,-0.0011846100467351672,-0.002624221850831433,0.719805902048133,enet:pooled
2009-07,0.003109404535772861,0.0015944550541382501,0.7574747408173054,enet:pooled
2009-08,0.0012360731045505354,9.025325311216503e-05,0.5729099257191851,enet:pooled
2009-09,0.004088910035009918,0.0029113943297849163,0.588757852612501,enet:pooled
2009-10,0.002019511368715022,0.0009212640819780114,0.549123643368505,enet:pooled
2009-11,0.002509327067466823,0.0013234998118005908,0.5929136278331163,enet:pooled
2009-12,-0.0021714155526898586,-0.0033116763524379824,0.570130399874062,enet:pooled
2010-01,-0.001479596355496718,-0.002743435255172504,0.6319194498378934,enet:pooled
2010-02,-0.001402270240713283,-0.002736122561380906,0.6669261603338115,enet:pooled
2010-03,-0.002590649068519312,-0.003991402629543852,0.7003767805122696,enet:pooled
2010-04,0.005735723398109962,0.004509030103515052,0.6133466472974548,enet:pooled
2010-05,0.004985211266168125,0.0038686041618199592,0.5583035521740823,enet:pooled
2010-06,0.0075508877229336115,0.006483086642570641,0.533900540181485,enet:pooled
2010-07,-0.0005777453968351667,-0.0015705088593402185,0.49638173125252577,enet:pooled
2010-08,0.0035886093447170596,0.0023515526341812763,0.6185283552678917,enet:pooled
2010-09,0.001766179571290448,0.0005557498194167493,0.6052148759368493,enet:pooled
2010-10,0.005905528916731032,0.004669883676283686,0.6178226202236731,enet:pooled
2010-11,0.008836237755244601,0.007692740593737038,0.5717485807537819,enet:pooled
2010-12,0.005281682546226896,0.004151836832283259,0.5649228569718187,enet:pooled
2011-01,0.005417007101293187,0.004328703692705185,0.5441517042940013,enet:pooled
2011-02,-0.0011026543130964394,-0.002286926608729744,0.5921361478166524,enet:pooled
2011-03,0.00037899271687787627,-0.0007637016397337794,0.5713471783058278,enet:pooled
2011-04,0.007291160930648882,0.006219463550058065,0.5358486902954093,enet:pooled
2011-05,0.0046832104506515666,0.003739823739904267,0.47169335537365,enet:pooled
2011-06,0.004875669106432031,0.003943586295883647,0.46604140527419186,enet:pooled
2011-07,0.006531283983184132,0.005720844711054314,0.4052196360649094,enet:pooled
2011-08,0.008720479504857716,0.007915621493328587,0.40242900576456464,enet:pooled
2011-09,0.011929168893152962,0.011067232398079978,0.43096824753649216,enet:pooled
2011-10,-0.007043787485086898,-0.008028120873254399,0.49216669408375086,enet:pooled
2011-11,0.00343872835353542,0.0021244940399823436,0.6571171567765383,enet:pooled
2011-12,0.00424315119377505,0.0029769459903603683,0.6331026017073411,enet:pooled
2012-01,-0.01784455804467301,-0.018712841525255857,0.4341417402914243,enet:pooled
2012-02,-0.0019068688923511005,-0.003107213879036056,0.6001724933424777,enet:pooled
2012-03,0.008275922545041295,0.007142725694462057,0.5665984252896187,enet:pooled
2012-04,0.005006287734301933,0.0040267887346752745,0.4897494998133295,enet:pooled
2012-05,0.009558402105765019,0.008653226836635377,0.4525876345648212,enet:pooled
2012-06,0.00478190580437423,0.0038665727266205064,0.45766653887686154,enet:pooled
2012-07,0.0063083659322097415,0.005339642712766009,0.4843616097218668,enet:pooled
2012-08,0.005204652111670134,0.0042659497982518516,0.4693511567091408,enet:pooled
2012-09,-0.0007553710836570957,-0.001649946516905796,0.4472877166243502,enet:pooled
2012-10,0.0023553933544193098,0.001374291690184599,0.49055083211735556,enet:pooled
2012-11,0.006966062722032732,0.00603915002748035,0.4634563472761912,enet:pooled
2012-12,-0.002524526291987698,-0.0033634995174112578,0.4194866127117798,enet:pooled
2013-01,0.003144250107248562,0.0021708351504459663,0.4867074784012975,enet:pooled
2013-02,0.0038662003285542443,0.0029060997217038856,0.48005030342517946,enet:pooled
2013-03,0.008377851313173167,0.007508094206931205,0.4348785531209809,enet:pooled
2013-04,0.008674939466669205,0.007927436059365925,0.3737517036516396,enet:pooled
2013-05,0.003103952591539264,0.0023148667670768513,0.3945429122312063,enet:pooled
2013-06,0.003687382773380471,0.0026845785833773026,0.5014020950015846,enet:pooled
2013-07,0.00936151999127986,0.008359402209241007,0.501058891019428,enet:pooled
2013-08,-0.0007204532478069237,-0.0017247421139139289,0.502144433053503,enet:pooled
2013-09,-0.004396377264988849,-0.005509592186796447,0.5566074609037991,enet:pooled
2013-10,-0.0007816447549289525,-0.0018070549092661556,0.5127050771686014,enet:pooled
2013-11,-0.00018616614618889094,-0.0011184195378245163,0.46612669581781285,enet:pooled
2013-12,0.003949815773942776,0.0031146833016634933,0.4175662361396411,enet:pooled
2014-01,0.0012472401995451425,0.0005106838557803055,0.3682781718824186,enet:pooled
2014-02,0.004974446252049988,0.004055968943974159,0.45923865403791453,enet:pooled
2014-03,0.0012640555207541842,0.0003654466495595176,0.4493044355973332,enet:pooled
2014-04,0.0008104352945566017,-0.00015342337879943854,0.48192933667801996,enet:pooled
2014-05,-0.0009505997678065981,-0.0019201769939985293,0.48478861309596566,enet:pooled
2014-06,0.0036153335669528437,0.0026373011435622063,0.48901621169531856,enet:pooled
2014-07,0.0013587907599509701,0.000451968188878538,0.45341128553621624,enet:pooled
2014-08,0.002686857558177588,0.0017844309184924883,0.4512133198425499,enet:pooled
2014-09,-0.0020046235440535397,-0.0028483157494600623,0.42184610270326134,enet:pooled
2014-10,0.002726562325504177,0.0018667669117133012,0.42989770689543805,enet:pooled
2014-11,0.008211518421037126,0.007322777468693934,0.4443704761715958,enet:pooled
2014-12,0.011990296096270033,0.011155576013537215,0.4173600413664097,enet:pooled
2015-01,0.005468428293145241,0.004611835639746993,0.4282963266991237,enet:pooled
2015-02,-0.00021619991718861093,-0.001244496168327885,0.514148125569637,enet:pooled
2015-03,0.004289174788260151,0.0032345627805457243,0.5273060038572132,enet:pooled
2015-04,-0.009870297163553171,-0.01091873929736585,0.5242210669063383,enet:pooled
2015-05,-0.0012055332662663186,-0.0025072600025774616,0.6508633681555716,enet:pooled
2015-06,0.0023086570518851064,0.0010704222751665492,0.6191173883592783,enet:pooled
2015-07,0.007144747907247489,0.006207706646949131,0.4685206301491788,enet:pooled
2015-08,0.006579783824590869,0.0056260268719303605,0.4768784763302544,enet:pooled
2015-09,0.004124020166459689,0.00310760199253576,0.5082090869619645,enet:pooled
2015-10,-0.0029499293907668095,-0.003994542809420378,0.5223067093267846,enet:pooled
2015-11,0.002147746076253169,0.0010447198845122993,0.5515130958704348,enet:pooled
2015-12,0.00027586965961406864,-0.0008086011857117149,0.5422354226628918,enet:pooled
2016-01,0.0018935840169751327,0.0008750068829009043,0.5092885670371141,enet:pooled
2016-02,-0.0007887905782316783,-0.0017840022209186827,0.49760582134350206,enet:pooled
2016-03,-0.006206299769798072,-0.007278871156687429,0.5362856934446786,enet:pooled
2016-04,0.0034023713541868677,0.0022872291529897303,0.5575711005985686,enet:pooled
2016-05,0.0025335125189128614,0.001550863939709902,0.49132428960147967,enet:pooled
2016-06,-0.0014862829880362537,-0.0024447555232255226,0.47923626759463434,enet:pooled
2016-07,0.00013724791849046894,-0.0007171806101669168,0.4272142643286929,enet:pooled
2016-08,0.005804815524268446,0.004864261059199193,0.4702772325346266,enet:pooled
2016-09,0.005998022859520232,0.005180449822170737,0.4087865186747473,enet:pooled
2016-10,0.0016568937002024754,0.0010234759073106511,0.31670889644591216,enet:pooled
2016-11,-0.002931188124008982,-0.0037559909026841196,0.4124013893375688,enet:pooled
2016-12,0.0008833399321315303,-7.734712905752658e-05,0.4803435305945285,enet:pooled
2017-01,0.003532038580354929,0.0026592988577513817,0.4363698613017736,enet:pooled
2017-02,-0.00093905957846646,-0.0018559200711385979,0.45843024633606905,enet:pooled
2017-03,0.003043623274747643,0.002184822899057034,0.4294001878453047,enet:pooled
2017-04,3.300079728473059e-06,-0.0008282237305099643,0.4157619051192188,enet:pooled
2017-05,0.005259725792192372,0.004469011638051043,0.39535707707066486,enet:pooled
2017-06,0.000302864923184646,-0.0005783947165175279,0.440629819851087,enet:pooled
2017-07,0.0028943578625854733,0.002093373589629198,0.4004921364781377,enet:pooled
2017-08,0.0031996261936697375,0.002365961353851485,0.41683241990912606,enet:pooled
2017-09,0.0016549770147120068,0.0009566191897235138,0.3491789124942465,enet:pooled
2017-10,0.003482542456979664,0.0027848513893698893,0.34884553380488736,enet:pooled
2017-11,0.00240128321617862,0.0015906828645377727,0.4053001758204237,enet:pooled
2017-12,0.0028065240402285244,0.0019662681800303805,0.420127930099072,enet:pooled
2018-01,0.005018197697759507,0.0041771825262522265,0.42050758575363983,enet:pooled
2018-02,0.0030920995175829926,0.0021971181917615507,0.44749066291072087,enet:pooled
2018-03,0.003919358366691719,0.0031069098042027445,0.40622428124448723,enet:pooled
2018-04,0.0008576160748208053,0.0001406751557914964,0.35847045951465445,enet:pooled
2018-05,0.0038465063378459886,0.003002821017780681,0.42184266003265364,enet:pooled
2018-06,0.003116318924806984,0.0022286547945533355,0.4438320651268243,enet:pooled
2018-07,0.0034948538159119205,0.0026751671696785438,0.4098433231166884,enet:pooled
2018-08,0.004367182934581986,0.003525795060635688,0.42069393697314966,enet:pooled
2018-09,0.013030922749667696,0.012178533229483984,0.4261947600918569,enet:pooled
2018-10,0.003432247708969441,0.0026305433713604575,0.40085216880449176,enet:pooled
2018-11,-0.0029339126305934697,-0.003802860979469071,0.43447417443780084,enet:pooled
2018-12,0.0034471167767430046,0.002361551616842993,0.542782579950006,enet:pooled
2019-01,-0.0006376205561847435,-0.0015154328892293789,0.4389061665223174,enet:pooled
2019-02,-0.005053972170113815,-0.00607187893833153,0.5089533841088588,enet:pooled
2019-03,0.004935051029190563,0.0039719634612184205,0.4815437839860715,enet:pooled
2019-04,0.001850880419654568,0.0010866211402900297,0.3821296396822692,enet:pooled
2019-05,0.001598604325506145,0.0007567361988584588,0.4209340633238432,enet:pooled
2019-06,0.003279378713580897,0.002329991383639121,0.474693664970888,enet:pooled
2019-07,0.005724777487787765,0.0048678892775670165,0.4284441051103748,enet:pooled
2019-08,0.0033715086300599452,0.002599276982930306,0.38611582356481944,enet:pooled
2019-09,-0.0022902127919667736,-0.0031205897048844937,0.4151884564588599,enet:pooled
2019-10,0.0018350259665642485,0.0009061590305585381,0.4644334680028552,enet:pooled
2019-11,0.001583585549096849,0.0007641961533167762,0.40969469789003626,enet:pooled
2019-12,0.004941722180358995,0.004064044005217007,0.43883908757099443,enet:pooled
2020-01,0.004643954366149429,0.0039178771263899395,0.36303861987974495,enet:pooled
2020-02,0.00803695188904233,0.007239939826333059,0.39850603135463564,enet:pooled
2020-03,0.013246162957022413,0.012474430144429909,0.38586640629625274,enet:pooled
2020-04,-0.01597177119649139,-0.017194023442423427,0.6111261229660196,enet:pooled
2020-05,-0.0014039746168732277,-0.0030868704943818022,0.8414479387542874,enet:pooled
2020-06,-0.0036949563619168412,-0.004994901553826844,0.6499725959550013,enet:pooled
2020-07,0.004842049279369321,0.003657661320593253,0.5921939793880342,enet:pooled
2020-08,0.0009124282736565348,-0.0002310158420876198,0.5717220578720776,enet:pooled
2020-09,-0.0033094694283773572,-0.004425429578829177,0.5579800752259102,enet:pooled
2020-10,0.0025415599996718137,0.0014397338264059505,0.5509130866329319,enet:pooled
2020-11,-0.023830764590344323,-0.024771601813028673,0.4704186113421738,enet:pooled
2020-12,0.0007064418356640442,-0.0007886386814315902,0.7475402585478171,enet:pooled
2021-01,0.002181821742168728,0.0008948464223985159,0.6434876598851061,enet:pooled
2021-02,0.0013587531973500125,0.00027004326921558096,0.5443549640672157,enet:pooled
2021-03,0.005972899369024426,0.00484262761533844,0.5651358768429925,enet:pooled
2021-04,0.0046830468069792176,0.0037058231450342494,0.48861183097248445,enet:pooled
2021-05,0.002794802056811141,0.0018125436879995428,0.49112918440579884,enet:pooled
2021-06,-0.0042336904690483575,-0.005159018963210935,0.4626642470812891,enet:pooled
2021-07,0.0034875373546931483,0.0025877200195950005,0.44990866754907377,enet:pooled
2021-08,-0.0005687811355508569,-0.0014515917715189472,0.4414053179840449,enet:pooled
2021-09,0.007352707473317183,0.00641154942300064,0.470579025158272,enet:pooled
2021-10,0.0016939894403883984,0.0008023170961852841,0.4458361721015571,enet:pooled
2021-11,0.0052913915043259875,0.004419163851595025,0.43611382636548124,enet:pooled
2021-12,0.008812865555306392,0.007755637881667331,0.5286138368195304,enet:pooled
2022-01,0.011691904513153733,0.010839076744907942,0.42641388412289455,enet:pooled
2022-02,0.008003974034559781,0.007191283598706666,0.40634521792655676,enet:pooled
2022-03,0.009106853204738944,0.008221379958587773,0.44273662307558576,enet:pooled
2022-04,0.010678440430757859,0.009884316922165863,0.39706175429599744,enet:pooled
2022-05,0.003947562045600068,0.003151586234743364,0.397987905428352,enet:pooled
2022-06,0.0007424588369938225,-0.00016473718344465707,0.45359801021923973,enet:pooled
2022-07,-0.004066704164460082,-0.005007515664760883,0.47040575015040065,enet:pooled
2022-08,-0.0008217046413841726,-0.001826774367915115,0.5025348632654715,enet:pooled
2022-09,0.004616272347225227,0.003715927126910271,0.4501726101574779,enet:pooled
2022-10,0.006220078706097227,0.00532145998047301,0.44930936281210915,enet:pooled
2022-11,-0.005407269804095446,-0.006405428707587767,0.4990794517461609,enet:pooled
2022-12,0.0043951295161139756,0.003296116486907111,0.5495065146034324,enet:pooled
2023-01,0.000866457784125538,-7.724517522107576e-05,0.47185147967330693,enet:pooled
2023-02,0.006230466694443395,0.005309020246220695,0.4607232241113495,enet:pooled
2023-03,0.0024612410600166374,0.0017104002996013378,0.3754203802076497,enet:pooled
2023-04,-0.000127429644252666,-0.001025446821011916,0.4490085883796251,enet:pooled
2023-05,-0.0016870976504134794,-0.0024902267667363236,0.4015645581614218,enet:pooled
2023-06,0.0016851157379768299,0.0008397881679659689,0.4226637850054305,enet:pooled
2023-07,0.004169183103160935,0.0032781765503891373,0.44550327638589854,enet:pooled
2023-08,0.0014178992227184425,0.0005397979613819508,0.4390506306682458,enet:pooled
2023-09,0.009393808352821878,0.008579113982909177,0.40734718495635086,enet:pooled
2023-10,0.007344047057979543,0.006649701775258417,0.3471726413605632,enet:pooled
2023-11,-0.008127934819126124,-0.008900383799732577,0.3862244903032259,enet:pooled
2023-12,0.003560787022201473,0.0026307893276184204,0.4649988472915261,enet:pooled
2024-01,0.008718361901401697,0.007892069312584689,0.4131462944085035,enet:pooled
2024-02,0.00021656690282879684,-0.0006458762898810832,0.43122159635494006,enet:pooled
2024-03,0.0037998424626653443,0.0028981953968301544,0.4508235329175953,enet:pooled
2024-04,-0.00014399855466864568,-0.0010206628518156576,0.438332148573506,enet:pooled
2024-05,0.0011569469962630933,0.0002952439644439963,0.43085151590954857,enet:pooled
2024-06,-0.00035831121035336753,-0.0012023474366067517,0.42201811312669196,enet:pooled
2024-07,0.0005542329504005408,-0.00027414518511676756,0.4141890677586541,enet:pooled
2024-08,0.0024110964813891782,0.0015293574455869812,0.4408695179010987,enet:pooled
2024-09,0.00034985966212317215,-0.0004968431849402481,0.4233514235317102,enet:pooled
2024-10,0.004227882330475224,0.0033661344314714083,0.4308739495019077,enet:pooled
2024-11,0.009583305179752982,0.008738258247341523,0.4225234662057293,enet:pooled
2024-12,0.0017984514222309208,0.0009475840301534168,0.4254336960387521,enet:pooled
2025-01,0.0006395497548027216,-8.21719864364985e-05,0.3608608706196101,enet:pooled
2025-02,0.003912042353903203,0.003059886185465428,0.42607808421888743,enet:pooled
2025-03,0.00544682378484004,0.004656236268813364,0.39529375801333816,enet:pooled
2025-04,-0.0027245174577963348,-0.003507114821234278,0.3912986817189719,enet:pooled
2025-05,-0.000825242419492735,-0.001695840632847883,0.43529910667757393,enet:pooled
2025-06,-0.0013186923974100582,-0.0021354701729190367,0.4083888877544894,enet:pooled
2025-07,-0.0009006340035600326,-0.0016074109367035802,0.3533884665717737,enet:pooled
2025-08,0.0020483115275354786,0.0012439936114124138,0.40215895806153235,enet:pooled
2025-09,0.003786884002910985,0.002948842870907867,0.4190205660015593,enet:pooled
2025-10,0.008547247864776989,0.007719194547446154,0.4140266586654175,enet:pooled
2025-11,0.0021162071078558563,0.0012309431047103237,0.44263200157276616,enet:pooled
2025-12,0.009440009328850139,0.008590130936267572,0.42493919629128435,enet:pooled
2001-01,-0.00931153426834525,-0.00931153426834525,0.0,gbrt:dm_only
2001-02,0.006759307788144033,0.0043250516792982426,1.2171280544228953,gbrt:dm_only
2001-03,0.005453153255250848,0.0033968228294545804,1.0281652128981336,gbrt:dm_only
2001-04,0.003913702217399043,0.0018732449978566628,1.0202286097711901,gbrt:dm_only
2001-05,0.007687804135144953,0.005844851648354851,0.9214762433950511,gbrt:dm_only
2001-06,0.0028008964937322025,0.0010731822022041866,0.863857145764008,gbrt:dm_only
2001-07,0.012238409431798759,0.010914698334017382,0.6618555488906872,gbrt:dm_only
2001-08,-0.0032685329940010453,-0.00449135181861417,0.611409412306562,gbrt:dm_only
2001-09,0.019952058890803277,0.01819229876580775,0.8798800624977642,gbrt:dm_only
2001-10,-0.01573723490173768,-0.016772896186726904,0.5178306424946114,gbrt:dm_only
2001-11,-0.016647907230575045,-0.01798408874245736,0.668090755941157,gbrt:dm_only
2001-12,0.010802366212270919,0.009129465619814618,0.8364502962281504,gbrt:dm_only
2002-01,0.0018645904046789466,0.00011702250203444927,0.8737839513222487,gbrt:dm_only
2002-02,0.010302375666740821,0.008860632648958049,0.7208715088913863,gbrt:dm_only
2002-03,0.010442399055365877,0.009462554246237946,0.4899224045639658,gbrt:dm_only
2002-04,0.010851962290793339,0.009531106718198994,0.6604277862971718,gbrt:dm_only
2002-05,0.0036533530789015093,0.0022945352069184714,0.6794089359915187,gbrt:dm_only
2002-06,0.008151770706834024,0.006429136460317622,0.8613171232582013,gbrt:dm_only
2002-07,0.002522986501214446,0.0008469348814510269,0.8380258098817095,gbrt:dm_only
2002-08,-0.004398609590865909,-0.0074673846140413825,1.534387511587737,gbrt:dm_only
2002-09,-0.008710479636899537,-0.010218283013171589,0.7539016881360261,gbrt:dm_only
2002-10,-0.012051792535379444,-0.013836979178105148,0.8925933213628519,gbrt:dm_only
2002-11,0.0017703867456938087,-0.00010051143636909583,0.9354490910314522,gbrt:dm_only
2002-12,0.0009139406836814209,-0.0017620040877375555,1.3379723857094878,gbrt:dm_only
2003-01,-0.0010349395937027414,-0.0030586867549806454,1.0118735806389523,gbrt:dm_only
2003-02,0.005966821196436042,0.0051590899415940444,0.4038656274209987,gbrt:dm_only
2003-03,0.008700737074073117,0.007905610587495487,0.39756324328881504,gbrt:dm_only
2003-04,-0.004070462004660947,-0.00451199086109934,0.22076442821919673,gbrt:dm_only
2003-05,0.006089684263652893,0.005079701031853827,0.5049916158995331,gbrt:dm_only
2003-06,0.005597630966672209,0.004784689066983384,0.4064709498444125,gbrt:dm_only
2003-07,0.008669640514492791,0.007791504307888151,0.4390681033023205,gbrt:dm_only
2003-08,0.00634194019530866,0.005454720590458396,0.4436098024251316,gbrt:dm_only
2003-09,-0.0008750582958383073,-0.0018190112172046969,0.47197646068319493,gbrt:dm_only
2003-10,0.011709099246058032,0.010636056901929298,0.5365211720643669,gbrt:dm_only
2003-11,0.006593967353216865,0.005571434285032711,0.5112665340920772,gbrt:dm_only
2003-12,0.0036285674349569646,0.0028613588748277498,0.3836042800646072,gbrt:dm_only
2004-01,-0.007535307673030142,-0.009158185322604012,0.8114388247869351,gbrt:dm_only
2004-02,0.0035104550915393243,0.0019618704908419705,0.7742923003486769,gbrt:dm_only
2004-03,0.000792468960259609,-0.0007726293366259443,0.7825491484427765,gbrt:dm_only
2004-04,0.0013877362831925973,6.573048338916047e-05,0.6610028999017183,gbrt:dm_only
2004-05,-0.0049820716669747986,-0.006718215057005596,0.8680716950153989,gbrt:dm_only
2004-06,0.004398583282244523,0.002896450198895926,0.7510665416742984,gbrt:dm_only
2004-07,0.007090289862874022,0.0060553809627029755,0.5174544500855234,gbrt:dm_only
2004-08,0.00509412176336679,0.003877160986028004,0.6084803886693929,gbrt:dm_only
2004-09,0.00576473730835577,0.004606035490231299,0.5793509090622356,gbrt:dm_only
2004-10,0.01185921299526004,0.010695864522669758,0.5816742362951414,gbrt:dm_only
2004-11,0.006130916628263967,0.005096228149095463,0.517344239584252,gbrt:dm_only
2004-12,0.006761426484684533,0.00492525598584502,0.9180852494197567,gbrt:dm_only
2005-01,-0.0017588124874717106,-0.0031336030049019764,0.6873952587151326,gbrt:dm_only
2005-02,0.008420049214369842,0.007149758687293939,0.6351452635379519,gbrt:dm_only
2005-03,0.007480129815057781,0.006380276758457755,0.5499265283000133,gbrt:dm_only
2005-04,0.014797157037197157,0.0133005103466233,0.7483233452869283,gbrt:dm_only
2005-05,-0.011042250112526054,-0.012069416398117119,0.5135831427955321,gbrt:dm_only
2005-06,0.004040197248970961,0.0026261869765692916,0.7070051362008345,gbrt:dm_only
2005-07,0.0005420650856900764,-0.0012039160770631254,0.8729905813766008,gbrt:dm_only
2005-08,0.0017032507597352813,0.00018047387550734883,0.7613884421139663,gbrt:dm_only
2005-09,7.515555191760722e-05,-0.0017303191394448007,0.9027373456812038,gbrt:dm_only
2005-10,-0.0003097689782545547,-0.0013806812239671655,0.5354561228563055,gbrt:dm_only
2005-11,-0.0038759926537062306,-0.00499556186599699,0.5597846061453798,gbrt:dm_only
2005-12,-0.0015148385274185517,-0.0029942683262752187,0.7397148994283335,gbrt:dm_only
2006-01,-0.002748576752413864,-0.003913735980299074,0.5825796139426055,gbrt:dm_only
2006-02,0.0035797853613543243,0.0018989967252276462,0.8403943180633393,gbrt:dm_only
2006-03,0.0065456149662323874,0.004960065669404002,0.7927746484141921,gbrt:dm_only
2006-04,0.008907993636106802,0.007356060163409609,0.775966736348596,gbrt:dm_only
2006-05,6.780781027403784e-05,-0.0015215140165206037,0.7946609133973208,gbrt:dm_only
2006-06,0.011515422804726259,0.010319366929657457,0.5980279375344008,gbrt:dm_only
2006-07,-0.0030072815063682686,-0.004476132992251158,0.7344257429414446,gbrt:dm_only
2006-08,-0.009405888785312462,-0.011315703831702268,0.9549075231949036,gbrt:dm_only
2006-09,-0.0013459472739290525,-0.0031462929260091437,0.9001728260400456,gbrt:dm_only
2006-10,0.003101278009765356,0.0016270348184855236,0.7371215956399161,gbrt:dm_only
2006-11,0.011512946102853944,0.008958037507147696,1.2774542978531234,gbrt:dm_only
2006-12,0.002131518374411971,0.0008991703489554661,0.6161740127282521,gbrt:dm_only
2007-01,0.006246676840646052,0.0038812156997274556,1.182730570459298,gbrt:dm_only
2007-02,0.0007363755408553984,-0.0007330011099787147,0.7346883254170565,gbrt:dm_only
2007-03,0.003068859752251871,0.0009776673097259688,1.0455962212629513,gbrt:dm_only
2007-04,0.0038684233140814394,0.00232934524145951,0.7695390363109648,gbrt:dm_only
2007-05,0.0040720430927738745,0.0024509946854747444,0.8105242036495652,gbrt:dm_only
2007-06,-0.002153589739978967,-0.0035181124520066607,0.6822613560138466,gbrt:dm_only
2007-07,-0.00029282693524131147,-0.0017516644604485781,0.7294187626036333,gbrt:dm_only
2007-08,-0.0010995112575653064,-0.002773026517354215,0.8367576298944543,gbrt:dm_only
2007-09,0.002264863507524513,0.0005779490701288332,0.8434572186978399,gbrt:dm_only
2007-10,0.011696997465041294,0.010156645987544764,0.770175738748266,gbrt:dm_only
2007-11,0.000511123287541799,-0.0008052589293444461,0.6581911084431225,gbrt:dm_only
2007-12,0.0038008349099123715,0.0022547296170860676,0.7730526464131519,gbrt:dm_only
2008-01,0.0010564288629856128,-0.00025238962595834505,0.6544092444719788,gbrt:dm_only
2008-02,-0.00147206611305325,-0.003133043687326073,0.8304887871364115,gbrt:dm_only
2008-03,0.004304788125488778,0.003202194006607614,0.5512970594405818,gbrt:dm_only
2008-04,0.0012399357315192802,-0.0003766701323335093,0.8083029319263948,gbrt:dm_only
2008-05,0.0005540787236909264,-0.0012475384384196338,0.9008085810552799,gbrt:dm_only
2008-06,0.005468325218340807,0.00401853809089946,0.724893563720674,gbrt:dm_only
2008-07,-0.013019040599355203,-0.014571213773545451,0.776086587095125,gbrt:dm_only
2008-08,0.0046417694202840355,0.0028249344688940667,0.9084174756949845,gbrt:dm_only
2008-09,0.010621716726751091,0.009197999239429842,0.7118587436606252,gbrt:dm_only
2008-10,-0.016172315485969844,-0.018953377108819145,1.39053081142465,gbrt:dm_only
2008-11,-0.010910306456474958,-0.012326929401133753,0.7083114723293982,gbrt:dm_only
2008-12,0.009863799424202768,0.008354079171259325,0.7548601264717214,gbrt:dm_only
2009-01,-0.007097192642859283,-0.00884056067870607,0.8716840179233935,gbrt:dm_only
2009-02,-0.0002952946262878318,-0.0016928062286413028,0.6987558011767354,gbrt:dm_only
2009-03,0.0037542434662011085,0.0019578910722297307,0.8981761969856891,gbrt:dm_only
2009-04,0.001924800826489012,0.0004818589056197596,0.7214709604346262,gbrt:dm_only
2009-05,-0.011123004383965221,-0.01339774910742923,1.1373723617320042,gbrt:dm_only
2009-06,0.0015521185369233935,0.0002835649494357827,0.6342767937438053,gbrt:dm_only
2009-07,0.004326760359119929,0.003155782403207695,0.5854889779561172,gbrt:dm_only
2009-08,0.00409638589504477,0.0028961396674860116,0.6001231137793792,gbrt:dm_only
2009-09,0.003790956066875305,0.002623345659174019,0.5838052038506432,gbrt:dm_only
2009-10,0.00020861982373260592,-0.001381659289817189,0.7951395567748974,gbrt:dm_only
2009-11,0.0027987837025147057,0.0011222475216463434,0.838268090434181,gbrt:dm_only
2009-12,-0.0015898717425165325,-0.0028838451284528064,0.6469866929681368,gbrt:dm_only
2010-01,0.004956459943747313,0.0033671441901721375,0.7946578767875875,gbrt:dm_only
2010-02,-0.002005064611485397,-0.003474685950994938,0.7348106697547704,gbrt:dm_only
2010-03,-0.0021447661410560616,-0.00364799710249453,0.7516154807192342,gbrt:dm_only
2010-04,0.0036657741491348196,0.0020746500693342856,0.7955620399002672,gbrt:dm_only
2010-05,0.006052139566004894,0.004444227292305268,0.803956136849813,gbrt:dm_only
2010-06,0.006253589786931608,0.004972462562398351,0.6405636122666285,gbrt:dm_only
2010-07,-0.00012947451903241286,-0.0022117235752160715,1.0411245280918295,gbrt:dm_only
2010-08,0.004533718402365893,0.00226545296978869,1.1341327162886012,gbrt:dm_only
2010-09,0.0017703022578740505,0.0007014034044439517,0.5344494267150495,gbrt:dm_only
2010-10,0.006148762632255741,0.005204351145873816,0.4722057431909626,gbrt:dm_only
2010-11,0.01042153633015958,0.009330326051019864,0.5456051395698582,gbrt:dm_only
2010-12,0.006344433140118736,0.005277171460787779,0.5336308396654782,gbrt:dm_only
2011-01,0.006143899133752342,0.005217820522035532,0.4630393058584049,gbrt:dm_only
2011-02,6.828337170051647e-05,-0.00116165780767299,0.6149705896867532,gbrt:dm_only
2011-03,0.00028268853041729663,-0.0008299937583610361,0.5563411443891664,gbrt:dm_only
2011-04,0.008870595007728944,0.007816570556425526,0.5270122256517091,gbrt:dm_only
2011-05,0.00515780735536915,0.004227884941521272,0.4649612069239393,gbrt:dm_only
2011-06,0.004611481284701475,0.0037279168677657724,0.4417822084678513,gbrt:dm_only
2011-07,0.008086777908123212,0.007200648354246177,0.4430647769385165,gbrt:dm_only
2011-08,0.011527099593013289,0.010606080402235915,0.46050959538868697,gbrt:dm_only
2011-09,0.007646055428616362,0.006461915702299108,0.5920698631586266,gbrt:dm_only
2011-10,-0.01203750071754953,-0.012932713793618975,0.44760653803472245,gbrt:dm_only
2011-11,0.003780506606049603,0.0018381326497821182,0.9711869781337422,gbrt:dm_only
2011-12,0.0005629805638876895,-0.000622604216029995,0.5927923899588422,gbrt:dm_only
2012-01,-0.01951812142640298,-0.020892240992785076,0.6870597831910485,gbrt:dm_only
2012-02,-0.0052930276232573,-0.006585581950146057,0.6462771634443781,gbrt:dm_only
2012-03,0.008293887819724028,0.007195658945168038,0.5491144372779947,gbrt:dm_only
2012-04,0.005152169054568392,0.0041647483646487906,0.49371034495980076,gbrt:dm_only
2012-05,0.010966784482042228,0.010009327736027897,0.4787283730071664,gbrt:dm_only
2012-06,0.006262659248985405,0.0055405664461625915,0.3610464014114066,gbrt:dm_only
2012-07,0.008572929799520547,0.007814650548068902,0.3791396257258217,gbrt:dm_only
2012-08,0.005260059334147844,0.004578030604232623,0.3410143649576106,gbrt:dm_only
2012-09,-0.0009716227320576998,-0.0017559591848711445,0.3921682264067223,gbrt:dm_only
2012-10,0.0034889189035529075,0.002344125685316484,0.5723966091182119,gbrt:dm_only
2012-11,0.006325126392671555,0.005320962150916887,0.5020821208773343,gbrt:dm_only
2012-12,-0.0012836293480116372,-0.0023174169693002435,0.5168938106443031,gbrt:dm_only
2013-01,0.0023867047507171945,0.0013944332113410747,0.49613576968806006,gbrt:dm_only
2013-02,0.004820953666312566,0.0037796804869659507,0.520636589673308,gbrt:dm_only
2013-03,0.007562644425556961,0.00658592456807492,0.4883599287410203,gbrt:dm_only
2013-04,0.011030101681418172,0.010155288447594196,0.4374066169119879,gbrt:dm_only
2013-05,0.0035574924451386865,0.00265196769206257,0.4527623765380583,gbrt:dm_only
2013-06,0.0006714314507225503,-0.0007013911671720398,0.686411308947295,gbrt:dm_only
2013-07,0.010569263393264507,0.00900109928562588,0.7840820538193135,gbrt:dm_only
2013-08,-0.0031604806067633186,-0.004315738942874409,0.5776291680555455,gbrt:dm_only
2013-09,-0.002053068695529116,-0.0032161115343845607,0.5815214194277223,gbrt:dm_only
2013-10,-0.0011735049402839374,-0.002203217749968164,0.5148564048421135,gbrt:dm_only
2013-11,-4.529349678043869e-05,-0.0011281983759156805,0.5414524395676209,gbrt:dm_only
2013-12,0.004981088990818038,0.004096360661570224,0.44236416462390676,gbrt:dm_only
2014-01,0.0039330603464684775,0.00306246309922471,0.4352986236218835,gbrt:dm_only
2014-02,0.006089104538111147,0.005165519289836715,0.4617926241372156,gbrt:dm_only
2014-03,2.3245448432855107e-06,-0.0008968840511202795,0.4496042979817826,gbrt:dm_only
2014-04,0.0022347533519119097,0.0012582997417178404,0.488226805097035,gbrt:dm_only
2014-05,0.0022069532212627046,0.0012230034611115752,0.4919748800755647,gbrt:dm_only
2014-06,0.0006271537560042901,-0.00048231462261124047,0.5547341893077653,gbrt:dm_only
2014-07,-0.0004950114371198101,-0.0016047860745144955,0.5548873186973428,gbrt:dm_only
2014-08,0.002469498591616131,0.0013883029230339773,0.5405978342910768,gbrt:dm_only
2014-09,-0.0013519177960894088,-0.002387121477277229,0.5176018405939101,gbrt:dm_only
2014-10,0.003518380377638497,0.0024858285608225406,0.516275908407978,gbrt:dm_only
2014-11,0.009990735579136658,0.009029727010880971,0.48050428412784335,gbrt:dm_only
2014-12,0.014151474539585478,0.013313250379273838,0.41911208015581847,gbrt:dm_only
2015-01,0.006382066879374062,0.005314149157652895,0.5339588608605838,gbrt:dm_only
2015-02,-0.0002193223587456508,-0.00122298218025208,0.5018299107532148,gbrt:dm_only
2015-03,0.008648000893698347,0.007739586356684532,0.45420726850690724,gbrt:dm_only
2015-04,-0.010311102491182642,-0.01120116717780863,0.4450323433129935,gbrt:dm_only
2015-05,0.002838389590075865,0.0017052755775225062,0.5665570062766793,gbrt:dm_only
2015-06,0.005369967284380943,0.00433268819444562,0.5186395449676616,gbrt:dm_only
2015-07,0.010019927562704348,0.009160879613096985,0.42952397480368226,gbrt:dm_only
2015-08,0.008156870775470193,0.0071977130115832445,0.4795788819434745,gbrt:dm_only
2015-09,-0.007382380435970925,-0.010612977024650161,1.615298294339618,gbrt:dm_only
2015-10,-0.006541825441230294,-0.009662914846079342,1.560544702424523,gbrt:dm_only
2015-11,0.004936140612064656,0.0037622691169549682,0.5869357475548441,gbrt:dm_only
2015-12,0.0007774325778179311,-0.0001354085695073554,0.45642057366264327,gbrt:dm_only
2016-01,0.00279195205206915,0.001798287006606324,0.49683252273141304,gbrt:dm_only
2016-02,-0.004761492069615099,-0.005830906798933354,0.5347073646591277,gbrt:dm_only
2016-03,-0.011776527302718547,-0.012887633552487229,0.5555531248843408,gbrt:dm_only
2016-04,0.0029582036752797704,0.0016345064547151674,0.6618486102823016,gbrt:dm_only
2016-05,0.002155651109963743,0.0010324076540372113,0.5616217279632658,gbrt:dm_only
2016-06,-0.0016911999483384752,-0.002801242466698311,0.555021259179918,gbrt:dm_only
2016-07,-0.0017496396220030579,-0.002714972858908232,0.48266661845258707,gbrt:dm_only
2016-08,0.004538563229467041,0.003343390270704073,0.597586479381484,gbrt:dm_only
2016-09,0.005396592123389299,0.004352514695094004,0.5220387141476476,gbrt:dm_only
2016-10,0.0022037160623805427,0.001387951552408377,0.40788225498608255,gbrt:dm_only
2016-11,-0.005065335545429303,-0.0060803974352555195,0.5075309449131085,gbrt:dm_only
2016-12,0.0006862937106891959,-0.0005467587812923107,0.6165262459907533,gbrt:dm_only
2017-01,0.003762624504008442,0.002624713392753205,0.5689555556276186,gbrt:dm_only
2017-02,0.0003237843592685733,-0.000867614312393776,0.5956993358311746,gbrt:dm_only
2017-03,4.3497560234713594e-05,-0.0010656316565088666,0.5545646083717902,gbrt:dm_only
2017-04,-0.00023506955483657463,-0.0013596422929753865,0.5622863690694057,gbrt:dm_only
2017-05,0.0036963754974308695,0.002616105439102801,0.5401350291640342,gbrt:dm_only
2017-06,0.001740276839136152,0.000537807287872613,0.6012347756317694,gbrt:dm_only
2017-07,0.0025686681999340885,0.0014921521623387805,0.5382580187976539,gbrt:dm_only
2017-08,0.002690175241051166,0.00157139319680351,0.5593910221238281,gbrt:dm_only
2017-09,0.0001397600774932298,-0.0008688491117081319,0.5043045946006808,gbrt:dm_only
2017-10,0.0034771548353781895,0.002462666646889923,0.5072440942441333,gbrt:dm_only
2017-11,0.001794156050097698,0.0006222957940598922,0.5859301280189027,gbrt:dm_only
2017-12,0.0038601029795217504,0.0026666905325358845,0.5967062234929329,gbrt:dm_only
2018-01,0.0015449878109979576,0.00034649883875420253,0.5992444861218775,gbrt:dm_only
2018-02,0.0038145259216842355,0.0024834194587943803,0.6655532314449277,gbrt:dm_only
2018-03,0.0030203111640821805,0.0020323625317222307,0.493974316179975,gbrt:dm_only
2018-04,0.002394324210756395,0.0012514412352334495,0.5714414877614729,gbrt:dm_only
2018-05,0.00343444451507695,0.0023603004064171674,0.5370720543298912,gbrt:dm_only
2018-06,0.000523218372136872,-0.0011464850461812683,0.8348517091590701,gbrt:dm_only
2018-07,0.0037413328733254233,0.002351181759289214,0.6950755570181045,gbrt:dm_only
2018-08,0.005417086466098132,0.00391622921879543,0.7504286236513511,gbrt:dm_only
2018-09,0.01381460188797582,0.012585104947699864,0.614748470137978,gbrt:dm_only
2018-10,0.006999237658889943,0.0052780628346488076,0.8605874121205678,gbrt:dm_only
2018-11,-0.0033635349703045677,-0.005151613935062535,0.8940394823789838,gbrt:dm_only
2018-12,0.00019823432826376964,-0.0009512110916565172,0.5747227099601436,gbrt:dm_only
2019-01,0.00037949014718678697,-0.0005564246336997327,0.4679573904432599,gbrt:dm_only
2019-02,-0.004965019563763445,-0.006037270447685733,0.5361254419611436,gbrt:dm_only
2019-03,0.004600322488375923,0.0035951810138563673,0.5025707372597777,gbrt:dm_only
2019-04,0.002097610646339584,0.0012363345897484458,0.4306380282955692,gbrt:dm_only
2019-05,0.0019012359222055927,0.0009386023247350335,0.48131679873527955,gbrt:dm_only
2019-06,0.0021881511544793518,0.0010316193453957893,0.5782659045417812,gbrt:dm_only
2019-07,0.006332821651701423,0.0050186293827662485,0.6570961344675872,gbrt:dm_only
2019-08,0.004201049919235801,0.0031767907368280127,0.5121295912038943,gbrt:dm_only
2019-09,-0.00299528102537535,-0.004452859214662993,0.7287890946438214,gbrt:dm_only
2019-10,0.0016834155996044706,0.00031481537726274267,0.6843001111708641,gbrt:dm_only
2019-11,0.0007649592353601004,-0.00037969177871876626,0.5723255070394333,gbrt:dm_only
2019-12,0.00430673066969396,0.003031075024562012,0.6378278225659739,gbrt:dm_only
2020-01,0.0058298161786464716,0.004804086388332505,0.5128648951569833,gbrt:dm_only
2020-02,0.009080642658011489,0.008190740508181674,0.4449510749149066,gbrt:dm_only
2020-03,-0.01348088446685905,-0.01599375217880134,1.2564338559711445,gbrt:dm_only
2020-04,-0.009299320800502843,-0.011254244857019315,0.9774620282582365,gbrt:dm_only
2020-05,-0.0036679172378299403,-0.005323458364417306,0.8277705632936828,gbrt:dm_only
2020-06,-0.00459159110500312,-0.00590235145983212,0.6553801774145002,gbrt:dm_only
2020-07,-0.014413744917352905,-0.01574623015155059,0.6662426170988441,gbrt:dm_only
2020-08,-0.0013049341713581007,-0.002946440177086107,0.8207530028640032,gbrt:dm_only
2020-09,0.002828975760940451,0.0010441325028497726,0.8924216290453392,gbrt:dm_only
2020-10,0.0015372338465279231,0.00042507022762977093,0.5560818094490763,gbrt:dm_only
2020-11,-0.01674373407609479,-0.018204102254349507,0.7301840891273593,gbrt:dm_only
2020-12,0.005504532484366575,0.003495450247640838,1.0045411183628685,gbrt:dm_only
2021-01,0.0003705594605417868,-0.0016045134323759815,0.987536446458884,gbrt:dm_only
2021-02,0.00261462702522359,0.0009294655939912653,0.8425807156161622,gbrt:dm_only
2021-03,0.0037239140883926296,0.0018457213042340612,0.939096392079284,gbrt:dm_only
2021-04,0.004004207775655227,0.0027059207144193437,0.6491435306179418,gbrt:dm_only
2021-05,0.0035949027735304884,0.002343881971107643,0.625510401211423,gbrt:dm_only
2021-06,-0.0024946601457738614,-0.003646559926725371,0.575949890475755,gbrt:dm_only
2021-07,0.003503239448679554,0.002359525695046984,0.5718568768162853,gbrt:dm_only
2021-08,-0.002616714897290336,-0.0038278790807496164,0.6055820917296403,gbrt:dm_only
2021-09,0.006286937584972411,0.005027209637289364,0.6298639738415237,gbrt:dm_only
2021-10,0.0017671356105088151,0.0005655129878705329,0.6008113113191412,gbrt:dm_only
2021-11,0.002570123930719259,0.001476141779802593,0.5469910754583333,gbrt:dm_only
2021-12,0.007668902726611693,0.006307168703488458,0.6808670115616177,gbrt:dm_only
2022-01,0.010654200332235454,0.009655369575849662,0.499415378192896,gbrt:dm_only
2022-02,0.008334182516319953,0.007429275110747275,0.45245370278633845,gbrt:dm_only
2022-03,0.008957601426907847,0.007990106679658222,0.4837473736248114,gbrt:dm_only
2022-04,0.011820038946818467,0.010928238828310661,0.4459000592539039,gbrt:dm_only
2022-05,0.0032626690609211264,0.001163760005941926,1.0494545274896003,gbrt:dm_only
2022-06,0.0021599993331721714,-0.00020777776284146697,1.183888548006819,gbrt:dm_only
2022-07,-0.0009561055050982589,-0.0019306476286679588,0.4872710617848501,gbrt:dm_only
2022-08,-0.001889797361963224,-0.002951595224542511,0.5308989312896434,gbrt:dm_only
2022-09,0.006580983389844078,0.0057634066600246395,0.40878836490971937,gbrt:dm_only
2022-10,0.003676788559473471,0.0025868964716746702,0.5449460438994003,gbrt:dm_only
2022-11,-0.007483057981710304,-0.008849852796976265,0.6833974076329798,gbrt:dm_only
2022-12,0.00621752012993839,0.004635331433058991,0.7910943484396992,gbrt:dm_only
2023-01,0.0009482911243358038,-0.0004023367325212458,0.6753139284285248,gbrt:dm_only
2023-02,-0.0033823577250222513,-0.006709017847903181,1.6633300614404651,gbrt:dm_only
2023-03,-0.0017482475423030858,-0.0028310153293252403,0.5413838935110771,gbrt:dm_only
2023-04,0.0014467488927240235,0.00036264974008467637,0.5420495763196734,gbrt:dm_only
2023-05,0.0011548302927652993,5.3437169137637696e-05,0.5506965618138309,gbrt:dm_only
2023-06,0.0016651409594187446,0.0005734297641355993,0.5458555976415727,gbrt:dm_only
2023-07,-0.0018394516759809992,-0.0028506809379295938,0.5056146309742974,gbrt:dm_only
2023-08,-0.0028073894405964838,-0.003799209687577103,0.4959101234903095,gbrt:dm_only
2023-09,-0.0030031000659749567,-0.004046008181544805,0.521454057784924,gbrt:dm_only
2023-10,-0.006861838092875537,-0.007891616612463098,0.5148892597937805,gbrt:dm_only
2023-11,-0.010528770065570637,-0.01395278029873499,1.712005116582177,gbrt:dm_only
2023-12,-0.0016904852232330716,-0.005118396152392498,1.7139554645797133,gbrt:dm_only
2024-01,0.012444459901380595,0.009106916491729365,1.6687717048256145,gbrt:dm_only
2024-02,0.0006951419323727513,-0.00039255799485643977,0.5438499636145955,gbrt:dm_only
2024-03,0.002507454611649565,0.0014064961644349552,0.5504792236073051,gbrt:dm_only
2024-04,0.0003260293036034098,-0.0007528366115003924,0.5394329575519011,gbrt:dm_only
2024-05,0.0011764874082504275,-0.00010979777228899285,0.6431425902697103,gbrt:dm_only
2024-06,-0.0031666144921225358,-0.004411715692102051,0.6225505999897574,gbrt:dm_only
2024-07,-0.0007150464014474559,-0.0019635870494197506,0.6242703239861472,gbrt:dm_only
2024-08,0.004187496347201735,0.002433590623815573,0.876952861693081,gbrt:dm_only
2024-09,0.0008653236271004377,-7.318529661361825e-05,0.46925446185702774,gbrt:dm_only
2024-10,0.003913382698356004,0.0024737921894093084,0.719795254473348,gbrt:dm_only
2024-11,0.010320545998085627,0.008961649323632748,0.6794483372264389,gbrt:dm_only
2024-12,0.001777914402667766,0.0008175252428715116,0.4801945798981272,gbrt:dm_only
2025-01,0.002538603581776704,0.001756558392897488,0.3910225944396078,gbrt:dm_only
2025-02,0.004591475817745494,0.0035021062712498694,0.5446847732478124,gbrt:dm_only
2025-03,0.004835894765373136,0.0033503234452399566,0.7427856600665897,gbrt:dm_only
2025-04,-0.002122930326702132,-0.003090972758548327,0.48402121592309777,gbrt:dm_only
2025-05,0.00025547209779223196,-0.0008163727252711612,0.5359224115316965,gbrt:dm_only
2025-06,0.00013408665992649087,-0.000790103962397349,0.46209531116192,gbrt:dm_only
2025-07,-0.001461858990373992,-0.0022186905532525594,0.3784157814392838,gbrt:dm_only
2025-08,0.0026152227757326937,0.0017483470653632614,0.4334378551847161,gbrt:dm_only
2025-09,0.005539487089714078,0.004651623117306311,0.4439319862038833,gbrt:dm_only
2025-10,0.009540110947350133,0.00868546787832657,0.4273215345117821,gbrt:dm_only
2025-11,0.0015471205235368698,0.0006009897060365355,0.4730654087501671,gbrt:dm_only
2025-12,0.00973723282786406,0.008750270785702742,0.4934810210806592,gbrt:dm_only
2001-01,0.0008643124688849647,0.0008643124688849647,0.0,gbrt:own
2001-02,0.014856615988147524,0.013114910323197719,0.8708528324749027,gbrt:own
2001-03,-0.005309097316518237,-0.00751213387796915,1.1015182807254569,gbrt:own
2001-04,0.0029882846885747904,0.0006641192134134809,1.1620827375806546,gbrt:own
2001-05,0.008808785314305574,0.007030335186707011,0.8892250637992813,gbrt:own
2001-06,0.004166786611852894,0.002634121262998251,0.7663326744273218,gbrt:own
2001-07,0.009574682696958468,0.00800790397885076,0.7833893590538545,gbrt:own
2001-08,-0.004356883370353591,-0.005693138709614794,0.668127669630601,gbrt:own
2001-09,0.015893859140370063,0.014286344251994605,0.8037574441877283,gbrt:own
2001-10,-0.013636197231470566,-0.01569871407934382,1.0312584239366245,gbrt:own
2001-11,-0.0031658337735685337,-0.00540582831872083,1.1199972725761478,gbrt:own
2001-12,0.012298767192972728,0.010210861031647613,1.0439530806625572,gbrt:own
2002-01,-0.0037501903037333267,-0.005753469583499452,1.0016396398830627,gbrt:own
2002-02,0.005460827463146008,0.003622168950542375,0.9193292563018164,gbrt:own
2002-03,0.008766117670873727,0.007714724569689976,0.5256965505918758,gbrt:own
2002-04,0.008422323190257952,0.006633038127588301,0.8946425313348256,gbrt:own
2002-05,-6.0665447911881565e-05,-0.001879836817886861,0.9095856849874899,gbrt:own
2002-06,-0.00190564315936937,-0.0036636251773040527,0.8789910089673416,gbrt:own
2002-07,-0.005669103149626412,-0.007769565017591623,1.0502309339826053,gbrt:own
2002-08,0.0017889009791901586,-0.0004737706954214011,1.1313358373057796,gbrt:own
2002-09,-0.012602676064994925,-0.013828683380840348,0.6130036579227125,gbrt:own
2002-10,0.0008915110644274187,-0.0007256042733514844,0.8085576688894512,gbrt:own
2002-11,0.012152481689408507,0.010656266113886068,0.7481077877612194,gbrt:own
2002-12,-0.0026383537401793882,-0.004421270372969447,0.8914583163950294,gbrt:own
2003-01,-0.0019236709841001945,-0.004042024433815925,1.059176724857865,gbrt:own
2003-02,0.004480200931525362,0.0034669474565772193,0.5066267374740713,gbrt:own
2003-03,0.0033278191079316195,0.0023993066923844986,0.46425620777356075,gbrt:own
2003-04,-0.002790479616941814,-0.0036641957564214596,0.43685806973982305,gbrt:own
2003-05,0.004994980588529036,0.0036523919486990426,0.6712943199149966,gbrt:own
2003-06,0.0070734601232633094,0.005966272687562637,0.5535937178503365,gbrt:own
2003-07,0.0043606756764083526,0.0034616859001379667,0.4494948881351926,gbrt:own
2003-08,0.004293785192692502,0.003378419805428855,0.45768269363182396,gbrt:own
2003-09,-0.0006877470868286083,-0.001693893516880733,0.5030732150260624,gbrt:own
2003-10,0.0122786097282575,0.011372875057930873,0.45286733516331346,gbrt:own
2003-11,0.0022412374660415904,0.0013124000871029555,0.4644186894693174,gbrt:own
2003-12,-0.00035129205739518605,-0.001265662242142101,0.4571850923734576,gbrt:own
2004-01,-0.0022943525393827793,-0.0038004934938931324,0.7530704772551768,gbrt:own
2004-02,0.005997520427767174,0.004649818659204707,0.6738508842812332,gbrt:own
2004-03,0.002414429789901659,0.001245751201974185,0.5843392939637368,gbrt:own
2004-04,0.002370684770089805,0.0011962937687106231,0.5871955006895906,gbrt:own
2004-05,-0.0030815309980611323,-0.0043212782291258,0.6198736155323341,gbrt:own
2004-06,0.0036889013037473602,0.002444776366339706,0.6220624687038272,gbrt:own
2004-07,0.005796029496649947,0.004662432941655222,0.5667982774973626,gbrt:own
2004-08,0.00740895997806782,0.0062916526649117906,0.5586536565780147,gbrt:own
2004-09,0.0049602649774923265,0.0038132951579865145,0.5734849097529062,gbrt:own
2004-10,0.008081413893919302,0.006945525887187882,0.5679440033657097,gbrt:own
2004-11,0.005626632556207108,0.004646598095317735,0.4900172304446865,gbrt:own
2004-12,0.0063669751620724045,0.0052630052936072525,0.551984934232576,gbrt:own
2005-01,-0.001340864256275891,-0.002562113714671261,0.6106247291976851,gbrt:own
2005-02,0.011885264696195491,0.01094287343116,0.47119563251774527,gbrt:own
2005-03,0.004087411623121959,0.0022386607328922573,0.9243754451148506,gbrt:own
2005-04,0.014395624570777438,0.012525220861662375,0.9352018545575314,gbrt:own
2005-05,-0.014814255245922189,-0.01567889457880367,0.4323196664407415,gbrt:own
2005-06,0.002455519642405854,0.001147500734396044,0.654009454004905,gbrt:own
2005-07,0.009172542753514201,0.0073595319611233926,0.9065053961954047,gbrt:own
2005-08,-0.003968017300226083,-0.005169348827018797,0.6006657633963571,gbrt:own
2005-09,0.0006260908784653555,-0.0011829873488712487,0.9045391136683022,gbrt:own
2005-10,-0.0019459511423917486,-0.0042811896770926965,1.167619267350474,gbrt:own
2005-11,-0.0015473775831201697,-0.003861699057636926,1.1571607372583785,gbrt:own
2005-12,0.0020136386825812327,0.0001318057703702378,0.9409164561054975,gbrt:own
2006-01,-0.0013517414607906303,-0.0025170686587616432,0.5826635989855062,gbrt:own
2006-02,0.007561900193169891,0.005705047773094801,0.9284262100375449,gbrt:own
2006-03,0.009250421803678237,0.008474059504857433,0.38818114941040166,gbrt:own
2006-04,-9.635127224047184e-05,-0.0008268447965988992,0.36524676217921387,gbrt:own
2006-05,-0.002633158995129496,-0.0035060517508155777,0.4364463778430409,gbrt:own
2006-06,0.006864603033527632,0.006227465473094163,0.3185687802167342,gbrt:own
2006-07,0.0035555341526661696,0.0025445773644662455,0.5054783940999618,gbrt:own
2006-08,-0.005745846628587618,-0.00651285964727606,0.38350650934422115,gbrt:own
2006-09,-0.004151754590156347,-0.0047388115197614855,0.29352846480256867,gbrt:own
2006-10,0.0020827447375344264,0.001374253560854386,0.3542455883400203,gbrt:own
2006-11,0.003752129684428718,0.0031130766041256148,0.3195265401515514,gbrt:own
2006-12,0.0014789327405042266,0.0009655990764868442,0.2566668320086911,gbrt:own
2007-01,0.005330917756152208,0.0040280174276807025,0.6514501642357523,gbrt:own
2007-02,-0.0005718435682202248,-0.001493694666859608,0.4609255493196914,gbrt:own
2007-03,0.006870795142662597,0.0060035538308873815,0.4336206558876071,gbrt:own
2007-04,0.0019587888023731076,0.001333766882686813,0.31251095984314714,gbrt:own
2007-05,-0.00045593987584301263,-0.0011709426634632359,0.3575013938101116,gbrt:own
2007-06,-0.0010865361739158036,-0.002059312920776895,0.48638837343054575,gbrt:own
2007-07,9.428903661945041e-05,-0.0009261561812451013,0.5102226089322758,gbrt:own
2007-08,0.0033691930614465045,0.002524730671197726,0.4222311951243893,gbrt:own
2007-09,0.0026719877053206194,0.0015095404926165604,0.5812236063520294,gbrt:own
2007-10,0.012134673702343553,0.011046486752971412,0.5440934746860704,gbrt:own
2007-11,0.0005539559318232092,-0.0004692624085297655,0.5116091701764872,gbrt:own
2007-12,0.004145993474099532,0.0030378415348386967,0.5540759696304176,gbrt:own
2008-01,1.0333619201638147e-05,-0.000923488250343274,0.46691093477245604,gbrt:own
2008-02,0.004871141802063934,0.003614275374879023,0.628433213592456,gbrt:own
2008-03,-0.0006647606721406895,-0.0018064371554542345,0.5708382416567725,gbrt:own
2008-04,0.0039244333281091065,0.002727704610827008,0.5983643586410486,gbrt:own
2008-05,-0.0015515893699610452,-0.0028927518826248385,0.6705812563318967,gbrt:own
2008-06,0.005491345658987193,0.004334526221695183,0.5784097186460048,gbrt:own
2008-07,-0.007677561846296857,-0.0086861166910091,0.5042774223561214,gbrt:own
2008-08,0.0047124729375241405,0.0033477244148675572,0.6823742613282913,gbrt:own
2008-09,0.008285047180650056,0.00719605784216111,0.5444946692444735,gbrt:own
2008-10,-0.023680066589654235,-0.0261329114134484,1.2264224118970823,gbrt:own
2008-11,-0.013381891960922621,-0.015224492946092743,0.9213004925850604,gbrt:own
2008-12,0.00630029006334945,0.0051739773068901415,0.5631563782296539,gbrt:own
2009-01,-0.001626068190465945,-0.0044943761826273096,1.4341539960806822,gbrt:own
2009-02,-0.0053620319047263994,-0.007623280191587894,1.1306241434307471,gbrt:own
2009-03,0.0032568905243696034,0.0016906710406380746,0.7831097418657648,gbrt:own
2009-04,0.028197150758694087,0.02758642492583748,0.30536291642830293,gbrt:own
2009-05,0.007450601411550953,0.004720727534165298,1.3649369386928276,gbrt:own
2009-06,-0.0016298045467523182,-0.003799884111530306,1.085039782388994,gbrt:own
2009-07,0.0021349697941557538,0.0003298870173364439,0.9025413884096548,gbrt:own
2009-08,0.0013270034128082275,0.00033263910240377537,0.4971821552022261,gbrt:own
2009-09,0.0025807805761465584,0.0016538763220195296,0.46345212706351435,gbrt:own
2009-10,0.0012775720761746094,-3.4979699159107825e-05,0.6562758876668586,gbrt:own
2009-11,0.0032792770757696017,0.0016744828509993764,0.8023971123851126,gbrt:own
2009-12,-0.000694753463591082,-0.0021371260660188103,0.7211863012138641,gbrt:own
2010-01,-0.003594546400105673,-0.004761033949000049,0.5832437744471887,gbrt:own
2010-02,0.004720381812866301,0.0037089512665428,0.5057152731617502,gbrt:own
2010-03,0.0011641660010747134,9.55309044835501e-05,0.5343175482955815,gbrt:own
2010-04,0.0039929426375717595,0.002543767057211845,0.7245877901799574,gbrt:own
2010-05,0.00598592043993913,0.004057381746551448,0.964269346693841,gbrt:own
2010-06,0.006013696736457231,0.005127244070918445,0.44322633276939283,gbrt:own
2010-07,0.003109247062766564,0.0019340175545044423,0.5876147541310609,gbrt:own
2010-08,0.004329889287113946,0.0032623781913849793,0.5337555478644831,gbrt:own
2010-09,0.0017540571869559464,0.0009854301885660504,0.3843134991949482,gbrt:own
2010-10,0.004963102724631313,0.004250961496415931,0.3560706141076907,gbrt:own
2010-11,0.008795785370713106,0.0081182339535504,0.3387757085813521,gbrt:own
2010-12,0.003157226035682256,0.0024992619479773425,0.3289820438524563,gbrt:own
2011-01,0.0027226675258508006,0.0016072409432264867,0.5577132913121569,gbrt:own
2011-02,0.00196020406400946,0.0005945809181137592,0.6828115729478506,gbrt:own
2011-03,0.0017395741692481262,0.00029205261490560197,0.7237607771712621,gbrt:own
2011-04,0.008508676731327977,0.007466554074491463,0.5210613284182578,gbrt:own
2011-05,0.004139377973008737,0.0032554117503149804,0.441983111346878,gbrt:own
2011-06,0.005235723939031227,0.00442700368584212,0.40436012659455356,gbrt:own
2011-07,0.007564892401034117,0.006754903147302267,0.4049946268659248,gbrt:own
2011-08,0.004730864773489475,0.003709068551006594,0.5108981112414402,gbrt:own
2011-09,0.010210924570396759,0.00955862808855748,0.32614824091963923,gbrt:own
2011-10,-0.007764979132747181,-0.008497115684088837,0.36606827567082806,gbrt:own
2011-11,0.008619105056142537,0.007505563846126255,0.5567706050081412,gbrt:own
2011-12,0.006113768645013098,0.005463066376666432,0.32535113417333295,gbrt:own
2012-01,-0.01430212747165651,-0.014914162617994402,0.30601757316894623,gbrt:own
2012-02,-0.004257097600580356,-0.005041887788191331,0.3923950938054878,gbrt:own
2012-03,0.010453932862451316,0.009833195586303025,0.3103686380741463,gbrt:own
2012-04,0.005810872308778245,0.005268963897951946,0.27095420541314924,gbrt:own
2012-05,0.00877805353382008,0.007941912791501318,0.41807037115938067,gbrt:own
2012-06,0.005749041682354703,0.005273124333306874,0.23795867452391445,gbrt:own
2012-07,0.0075379560600731125,0.007019203781142326,0.25937613946539345,gbrt:own
2012-08,0.005313698597730168,0.004827084393360016,0.24330710218507573,gbrt:own
2012-09,-0.002552015169670827,-0.003086558333494667,0.2672715819119201,gbrt:own
2012-10,0.003867616617567533,0.002915411662284884,0.47610247764132485,gbrt:own
2012-11,0.007258536512834717,0.006551324710636895,0.3536059010989116,gbrt:own
2012-12,-0.0015412015945460208,-0.002203450728895986,0.33112456717498256,gbrt:own
2013-01,0.0027006884414467573,0.0018160388152829246,0.4423248130819164,gbrt:own
2013-02,0.005362913910531538,0.004578298974331442,0.39230746810004774,gbrt:own
2013-03,0.007836606638698233,0.00709617686165508,0.37021488852157597,gbrt:own
2013-04,0.009624531391801376,0.00900294308666619,0.3107941525675942,gbrt:own
2013-05,0.00229356693791574,0.0015838007021533695,0.3548831178811853,gbrt:own
2013-06,0.003486279546499993,0.0026369006830998373,0.42468943170007767,gbrt:own
2013-07,0.012450723210256432,0.011623354834840722,0.41368418770785625,gbrt:own
2013-08,-0.0010179610066350648,-0.0019215972527780662,0.4518181230715006,gbrt:own
2013-09,-0.001494569214772634,-0.002350763737219477,0.4280972612234214,gbrt:own
2013-10,-0.001740982258809641,-0.0026307721933928625,0.44489496729161115,gbrt:own
2013-11,0.0004077111564676871,-0.00044598511533060654,0.4268481358991467,gbrt:own
2013-12,0.004943476221576968,0.004140490770574351,0.4014927255013088,gbrt:own
2014-01,0.004551186456357509,0.0038633907026018434,0.3438978768778328,gbrt:own
2014-02,0.00450852497461677,0.003755108656909892,0.376708158853439,gbrt:own
2014-03,3.4963432673973564e-05,-0.0006767990031824193,0.3558812179281964,gbrt:own
2014-04,-0.001242087756288676,-0.0020618168319140972,0.40986453781271076,gbrt:own
2014-05,0.0022856702818735077,0.001526919408475269,0.3793754366991191,gbrt:own
2014-06,0.0028504605124233984,0.0019795245186118703,0.435467996905764,gbrt:own
2014-07,0.002840186635388958,0.0020227956115677482,0.4086955119106049,gbrt:own
2014-08,0.001968344931079327,0.0011120574195102792,0.4281437557845237,gbrt:own
2014-09,-0.0017931476373464193,-0.0026229096819877177,0.4148810223206493,gbrt:own
2014-10,0.004213288898868078,0.0034050082884618383,0.40414030520311994,gbrt:own
2014-11,0.008115054373966323,0.007156179528006699,0.4794374229798123,gbrt:own
2014-12,0.011735394134154985,0.011181853760188147,0.27677018698341943,gbrt:own
2015-01,0.007180127861668341,0.006547509428467436,0.3163092166004527,gbrt:own
2015-02,0.0017018515080259068,0.000983560454696241,0.35914552666483307,gbrt:own
2015-03,0.008613392164102646,0.007795124444492384,0.40913385980513123,gbrt:own
2015-04,0.0010365231350607821,-0.0003098522313710699,0.6731876832159259,gbrt:own
2015-05,0.0014984331436659704,0.000790338031777965,0.3540475559440027,gbrt:own
2015-06,0.004147648096354462,0.0035380944986775115,0.30477679883847547,gbrt:own
2015-07,0.005695602433235273,0.005141798985764653,0.27690172373531036,gbrt:own
2015-08,-0.008485731805911303,-0.010893326290611884,1.2037972423502903,gbrt:own
2015-09,-0.007969543453493488,-0.009664454898083926,0.8474557222952189,gbrt:own
2015-10,0.010201305330376309,0.00844658500781374,0.877360161281284,gbrt:own
2015-11,-0.00022290903303807315,-0.002384092890274119,1.080591928618023,gbrt:own
2015-12,0.0007072522480576384,0.00016173835376596997,0.2727569471458341,gbrt:own
2016-01,0.0036170721363689,0.0021945585504759995,0.7112567929464502,gbrt:own
2016-02,-0.002068112948037185,-0.0026908397833334576,0.311363417648136,gbrt:own
2016-03,-0.013272433038517915,-0.01378595222726677,0.25675959437442736,gbrt:own
2016-04,0.0020160179312263683,0.0011628121071600825,0.4266029120331429,gbrt:own
2016-05,0.005846176507154692,0.005179823961553818,0.33317627280043705,gbrt:own
2016-06,-0.001856981112027711,-0.0026995424402802178,0.42128066412625326,gbrt:own
2016-07,-0.001158985683678979,-0.001845623038886139,0.3433186776035798,gbrt:own
2016-08,0.0040227446053135284,0.003140940835144605,0.440901885084462,gbrt:own
2016-09,0.005027774868336481,0.004254089418384815,0.3868427249758332,gbrt:own
2016-10,0.0027762403196020923,0.002197444152296252,0.28939808365292014,gbrt:own
2016-11,-0.00404540859926223,-0.004755620636766034,0.3551060187519019,gbrt:own
2016-12,0.0014105636051377024,0.0006212321074573301,0.3946657488401861,gbrt:own
2017-01,0.006461258591520991,0.0056191123538974755,0.42107311881175763,gbrt:own
2017-02,-0.0014469156267787645,-0.0025051224807330842,0.5291034269771596,gbrt:own
2017-03,0.004500740407598128,0.0037602068546261345,0.37026677648599654,gbrt:own
2017-04,0.0005220160231813598,-0.00010294947671909392,0.3124827499502266,gbrt:own
2017-05,0.005613498651014697,0.0048808118385516705,0.3663434062315131,gbrt:own
2017-06,-8.056913705442898e-05,-0.001379845355441444,0.6496381091935074,gbrt:own
2017-07,0.00552896808763364,0.004563441003630636,0.48276354200150184,gbrt:own
2017-08,0.002813677529376037,0.0018244098293846943,0.4946338499956714,gbrt:own
2017-09,0.0016731065909868401,0.0007292940730035249,0.4719062589916575,gbrt:own
2017-10,0.003304332944956307,0.002097177611629265,0.6035776666635206,gbrt:own
2017-11,0.0020596903741499865,0.0009766615112883656,0.5415144314308104,gbrt:own
2017-12,0.0012196550730948562,0.00027153557824642096,0.4740597474242175,gbrt:own
2018-01,0.0034158750227166043,0.002561741381188177,0.4270668207642139,gbrt:own
2018-02,0.004780887443208304,0.0038026735180306547,0.48910696258882475,gbrt:own
2018-03,0.0034676654250465925,0.0030426068231384135,0.21252930095408926,gbrt:own
2018-04,0.001586687986564179,0.000970804717869535,0.30794163434732186,gbrt:own
2018-05,0.00632779316939345,0.005496750219347819,0.4155214750228153,gbrt:own
2018-06,0.0028659207689705896,0.0022452817153707765,0.31031952679990654,gbrt:own
2018-07,0.005087903749569952,0.004536028632216332,0.27593755867680964,gbrt:own
2018-08,0.005259194438651574,0.004691607619893841,0.28379340937886716,gbrt:own
2018-09,0.01124880833602885,0.010645223695590218,0.301792320219316,gbrt:own
2018-10,0.0020987533007014243,0.0013223475050481428,0.3882028978266408,gbrt:own
2018-11,-0.0013513970663589362,-0.0020209951166384396,0.3347990251397517,gbrt:own
2018-12,-0.0003476575407783843,-0.001033778405461814,0.3430604323417149,gbrt:own
2019-01,0.0007803873302399508,-0.00010610586624757268,0.44324659824376195,gbrt:own
2019-02,0.001343695347459299,0.0006175719609749336,0.3630616932421826,gbrt:own
2019-03,0.0036996623741739234,0.0029427717784721963,0.37844529785086345,gbrt:own
2019-04,0.002575001373199237,0.0019941727884976346,0.29041429235080113,gbrt:own
2019-05,0.002143104390055415,0.0015571602201973794,0.29297208492901783,gbrt:own
2019-06,0.0027266243351526426,0.0012413469875186582,0.7426386738169918,gbrt:own
2019-07,0.006267444578492169,0.005166400149758382,0.5505222143668935,gbrt:own
2019-08,0.003010932338489142,0.002379726070777166,0.31560313385598837,gbrt:own
2019-09,-0.0019721839302272344,-0.002751163313655151,0.3894896917139581,gbrt:own
2019-10,0.00018757980218723306,-0.0005704727235031365,0.37902626284518487,gbrt:own
2019-11,0.0016388178924622652,0.0009292203496163304,0.3547987714229674,gbrt:own
2019-12,0.004259739576101334,0.003548473208144029,0.3556331839786526,gbrt:own
2020-01,0.0042550588612285094,0.003138452394887667,0.5583032331704209,gbrt:own
2020-02,0.006412876868068371,0.005289794622482449,0.5615411227929613,gbrt:own
2020-03,-0.007802453813500409,-0.009687081197217319,0.9423136918584543,gbrt:own
2020-04,0.0018263135385511416,0.0006701991161045893,0.5780572112232759,gbrt:own
2020-05,0.0006947117720970152,-0.001485315967112389,1.090013869604702,gbrt:own
2020-06,-0.0047175610586163335,-0.005955604782067029,0.6190218617253479,gbrt:own
2020-07,-0.001430823523027433,-0.002119878780853418,0.3445276289129924,gbrt:own
2020-08,-0.005379891632442912,-0.006154075004516865,0.38709168603697713,gbrt:own
2020-09,-0.002199607097610873,-0.003155282210491936,0.4778375564405318,gbrt:own
2020-10,0.003735797331548214,0.0030900245967537586,0.3228863673972278,gbrt:own
2020-11,-0.016902074718067536,-0.018067876785588674,0.5829010337605696,gbrt:own
2020-12,-0.0008194042388639178,-0.0022785947065027752,0.7295952338194287,gbrt:own
2021-01,0.0039838614006658885,0.0030044265961742932,0.48971740224579796,gbrt:own
2021-02,0.0021074479606951095,0.0010713110697402528,0.5180684454774283,gbrt:own
2021-03,0.00221091433108851,0.0011857023705791536,0.512605980254678,gbrt:own
2021-04,0.004901606283206251,0.004019780087074036,0.44091309806610773,gbrt:own
2021-05,0.004629194699980473,0.003668342167359539,0.4804262663104668,gbrt:own
2021-06,-0.0038209883638858798,-0.004874458255509986,0.5267349458120532,gbrt:own
2021-07,0.00066762258547856,-0.0001931836925398745,0.43040313900921723,gbrt:own
2021-08,0.0006607505590102441,-0.000294576697057948,0.47766362803409607,gbrt:own
2021-09,0.006807103329715792,0.006032709543581271,0.3871968930672611,gbrt:own
2021-10,0.0008869608842698298,-2.642823743434907e-05,0.45669456085208965,gbrt:own
2021-11,0.0037557374789044837,0.0029765986316341877,0.38956942363514796,gbrt:own
2021-12,0.010411564749632481,0.009451874295621441,0.47984522700552024,gbrt:own
2022-01,0.012634776044576267,0.012003072337143882,0.31585185371619234,gbrt:own
2022-02,0.00869836418794709,0.008040515981381037,0.3289241032830273,gbrt:own
2022-03,0.008445840731193505,0.007649950310003076,0.3979452105952142,gbrt:own
2022-04,0.011521853655711874,0.010731263456008704,0.3952950998515856,gbrt:own
2022-05,0.0048802016705180255,0.004261714355772653,0.3092436573726863,gbrt:own
2022-06,0.0020489394909366577,0.001265888501555147,0.3915254946907556,gbrt:own
2022-07,-0.003523157300117789,-0.0041027668235156306,0.2898047616989206,gbrt:own
2022-08,0.0025959594660504453,0.0015669712401938458,0.5144941129282995,gbrt:own
2022-09,0.007068232590145384,0.006105223146533182,0.4815047218061007,gbrt:own
2022-10,0.004428280253283416,0.003719129453649545,0.35457539981693525,gbrt:own
2022-11,-0.0019411020517731215,-0.002876754781903517,0.46782636506519765,gbrt:own
2022-12,0.007924371640636805,0.007324677259720456,0.29984719045817504,gbrt:own
2023-01,0.0015760152397451316,0.000862049749018304,0.3569827453634138,gbrt:own
2023-02,-0.004950155358376956,-0.0071536932190920995,1.1017689303575715,gbrt:own
2023-03,0.007112220326467606,0.005493902914433105,0.8091587060172507,gbrt:own
2023-04,1.097193679408305e-05,-0.001950043234751223,0.980507585772653,gbrt:own
2023-05,-0.0026113822771874355,-0.004325089787958952,0.8568537553857585,gbrt:own
2023-06,0.005426167444527655,0.0037844726152001782,0.8208474146637389,gbrt:own
2023-07,-0.0003911786507444767,-0.0021581799675016427,0.883500658378583,gbrt:own
2023-08,-0.002553855476167447,-0.004166034004258102,0.8060892640453274,gbrt:own
2023-09,-0.0010720529085617677,-0.0027615215095853967,0.8447343005118146,gbrt:own
2023-10,-0.0052325097208529535,-0.00681530998116835,0.7914001301576985,gbrt:own
2023-11,-0.006632897550144787,-0.008904050600171652,1.1355765250134324,gbrt:own
2023-12,0.0033312451985761343,0.001167332018303893,1.0819565901361208,gbrt:own
2024-01,0.011152124479849935,0.009191053108459486,0.9805356856952244,gbrt:own
2024-02,0.0009119990375907612,6.775022879477836e-05,0.42212440439799137,gbrt:own
2024-03,0.0032970946991041526,0.002528127817183478,0.3844834409603374,gbrt:own
2024-04,0.0008015395512648984,4.70126605518843e-05,0.37726344535650713,gbrt:own
2024-05,0.0016112751758216456,0.0008211258135849424,0.39507468111835176,gbrt:own
2024-06,0.0016616269298645187,0.0008036883288456265,0.42896930050944615,gbrt:own
2024-07,0.0011283914934575214,0.00043368405109868376,0.3473537211794188,gbrt:own
2024-08,0.003507468327834703,0.002766041119855704,0.3707136039894996,gbrt:own
2024-09,-0.00017970485646773691,-0.0009009303268898708,0.3606127352110669,gbrt:own
2024-10,0.0036215110161617377,0.002858990120526877,0.38126044781743057,gbrt:own
2024-11,0.010002855794054143,0.00934082750942158,0.33101414231628135,gbrt:own
2024-12,0.002102599401001922,0.001468324664146576,0.3171373684276727,gbrt:own
2025-01,0.0019608613946669605,0.001304399288942122,0.32823105286241944,gbrt:own
2025-02,0.004181190164980725,0.003455355090851649,0.3629175370645378,gbrt:own
2025-03,0.005373136313129796,0.0044765141897768835,0.4483110616764563,gbrt:own
2025-04,-0.0008280952434631432,-0.0013904355655903736,0.28117016106361525,gbrt:own
2025-05,-0.0014959473960063135,-0.002095979752738715,0.3000161783662007,gbrt:own
2025-06,-0.0017188432687591884,-0.0026286744654460906,0.454915598343451,gbrt:own
2025-07,-0.0015734613598197362,-0.002161159384453455,0.2938490123168593,gbrt:own
2025-08,0.002688796430222252,0.0020414290391476218,0.3236836955373152,gbrt:own
2025-09,0.005808139291316136,0.00515890248727147,0.3246184020223324,gbrt:own
2025-10,0.011417078396744735,0.010760040711296394,0.32851884272417,gbrt:own
2025-11,0.0033787753418230817,0.002641299792680969,0.3687377745710563,gbrt:own
2025-12,0.007471538980930109,0.006759284465387377,0.35612725777136606,gbrt:own
2001-01,-0.008315291474370505,-0.008315291474370505,0.0,gbrt:pooled
2001-02,0.010195579668006036,0.007897563305014173,1.1490081814959316,gbrt:pooled
2001-03,0.00429732390947392,0.0018105916305442833,1.243366139464818,gbrt:pooled
2001-04,0.0034779323021005776,0.000989265537694691,1.244333382202943,gbrt:pooled
2001-05,0.008939698001907343,0.007163029259695251,0.8883343711060467,gbrt:pooled
2001-06,0.0006673592508646288,-0.0009251240228312548,0.7962416368479417,gbrt:pooled
2001-07,0.015395552209291037,0.013996778469668838,0.6993868698110999,gbrt:pooled
2001-08,-0.005664613146998006,-0.006973354034115493,0.6543704435587432,gbrt:pooled
2001-09,0.015740049174050252,0.01399261666431136,0.8737162548694465,gbrt:pooled
2001-10,-0.016971325602143636,-0.018684573899884985,0.8566241488706753,gbrt:pooled
2001-11,-0.004779530714347788,-0.006715603799480818,0.9680365425665156,gbrt:pooled
2001-12,0.013652779441489035,0.011864826548010993,0.8939764467390211,gbrt:pooled
2002-01,-0.0003364527882010435,-0.002027566779605819,0.8455569957023876,gbrt:pooled
2002-02,0.010115688863629823,0.008588405479559325,0.7636416920352498,gbrt:pooled
2002-03,0.01026129871749183,0.009329961088783206,0.46566881435431234,gbrt:pooled
2002-04,0.011419160167914538,0.010144978417016778,0.6370908754488804,gbrt:pooled
2002-05,0.0034612537889793194,0.0019505185778995713,0.7553676055398744,gbrt:pooled
2002-06,0.002066486772660085,0.00010345994710159271,0.9815134127792461,gbrt:pooled
2002-07,0.0009380442007124529,-0.0009669772535823573,0.9525107271474051,gbrt:pooled
2002-08,-0.005976596854926899,-0.00905419871084421,1.5388009279586554,gbrt:pooled
2002-09,-0.012967200809061623,-0.01420783371118836,0.6203164510633691,gbrt:pooled
2002-10,-0.0035853585907537197,-0.005226490302620915,0.8205658559335974,gbrt:pooled
2002-11,0.0022580037791091944,0.0004121806743990389,0.9229115523550779,gbrt:pooled
2002-12,-0.00909636329063244,-0.011125078205993809,1.014357457680684,gbrt:pooled
2003-01,-0.0010052608720826485,-0.0035694608145744665,1.2820999712459085,gbrt:pooled
2003-02,0.004255250270335673,0.003510056827075089,0.3725967216302917,gbrt:pooled
2003-03,0.006605128040702248,0.005883405231329536,0.36086140468635636,gbrt:pooled
2003-04,-0.0008480732698875675,-0.0014057989274856614,0.2788628287990472,gbrt:pooled
2003-05,0.006597603054082338,0.005474732830265732,0.561435111908303,gbrt:pooled
2003-06,0.005422098035432833,0.004634041721829313,0.39402815680176034,gbrt:pooled
2003-07,0.007167006013659905,0.006305145819475099,0.4309300970924029,gbrt:pooled
2003-08,0.006329795743139819,0.005415114492360783,0.4573406253895181,gbrt:pooled
2003-09,-0.0016579918118750036,-0.0026461784125807017,0.4940933003528493,gbrt:pooled
2003-10,0.009439473579633642,0.008458403205350799,0.490535187141421,gbrt:pooled
2003-11,0.006137276583537014,0.005150824309578314,0.4932261369793494,gbrt:pooled
2003-12,0.0024484856643657623,0.001598297711417783,0.4250939764739896,gbrt:pooled
2004-01,-0.005411612812599628,-0.006820899777796698,0.704643482598535,gbrt:pooled
2004-02,0.006361967930716223,0.005076011266305513,0.6429783322053548,gbrt:pooled
2004-03,0.0027324828614363186,0.0014374753529962985,0.6475037542200102,gbrt:pooled
2004-04,0.0026819715516405223,0.0014950946313315016,0.5934384601545102,gbrt:pooled
2004-05,-0.0046046935741594795,-0.006006492411845076,0.7008994188427979,gbrt:pooled
2004-06,0.00478210543022995,0.0035306897706908736,0.6257078297695383,gbrt:pooled
2004-07,0.006710503008140798,0.005708579858824313,0.5009615746582429,gbrt:pooled
2004-08,0.005284377300032397,0.004241385742222534,0.5214957789049316,gbrt:pooled
2004-09,0.00440023567317653,0.003339947291663239,0.5301441907566459,gbrt:pooled
2004-10,0.010139205864830974,0.00913498915781504,0.502108353507967,gbrt:pooled
2004-11,0.005717004505020046,0.004810911631200352,0.45304643690984714,gbrt:pooled
2004-12,0.008044929580966677,0.006537157747215321,0.753885916875678,gbrt:pooled
2005-01,-0.0018545136042287767,-0.0031631134213437402,0.6542999085574819,gbrt:pooled
2005-02,0.009153743869952522,0.007906361848307583,0.6236910108224698,gbrt:pooled
2005-03,0.0074743212159434184,0.006300474406280508,0.5869234048314553,gbrt:pooled
2005-04,0.016081060345716346,0.014905347876987829,0.5878562343642583,gbrt:pooled
2005-05,-0.01413572831194866,-0.015128187847732127,0.49622976789173356,gbrt:pooled
2005-06,0.0033757598247741217,0.0019569543156518292,0.7094027545611461,gbrt:pooled
2005-07,0.004840214591454299,0.0035123981621905465,0.6639082146318767,gbrt:pooled
2005-08,-0.0014869352656879122,-0.0028976701540180615,0.7053674441650746,gbrt:pooled
2005-09,0.000989999846798358,-0.0004944908020241348,0.7422453244112465,gbrt:pooled
2005-10,0.0008337313504083222,-0.00022035470357521274,0.5270430269917675,gbrt:pooled
2005-11,-0.0020941586830272208,-0.0031601632117484015,0.5330022643605903,gbrt:pooled
2005-12,-0.002547967478402147,-0.0036290151158154434,0.540523818706648,gbrt:pooled
2006-01,-0.006026597970278609,-0.007171573671810527,0.572487850765959,gbrt:pooled
2006-02,0.004551217928386954,0.0029430341092376716,0.8040919095746413,gbrt:pooled
2006-03,-0.003558829743054349,-0.004938740143419497,0.6899552001825742,gbrt:pooled
2006-04,0.0093046217888182,0.007941844776647274,0.681388506085463,gbrt:pooled
2006-05,-0.0010993523707861306,-0.0024891771713333745,0.6949124002736218,gbrt:pooled
2006-06,0.010748092419686064,0.009656583626430066,0.5457543966280006,gbrt:pooled
2006-07,-0.00354554935902569,-0.004776940068895454,0.6156953549348819,gbrt:pooled
2006-08,-0.006996262802511512,-0.008129782038464874,0.566759617976681,gbrt:pooled
2006-09,0.001972046406790599,0.000820527388341336,0.5757595092246316,gbrt:pooled
2006-10,-0.0008546676333772382,-0.0018458720791219253,0.4956022228723436,gbrt:pooled
2006-11,0.009385492398297288,0.007715910060861465,0.8347911687179114,gbrt:pooled
2006-12,0.0018809738198637543,0.0009030895390825612,0.4889421403905966,gbrt:pooled
2007-01,0.005093903190198691,0.0030493009524242914,1.0223011188872,gbrt:pooled
2007-02,0.00018376289189284196,-0.0009735155741476797,0.5786392330202608,gbrt:pooled
2007-03,0.0035423036334176206,0.0016256808930637215,0.9583113701769492,gbrt:pooled
2007-04,0.005102130886045418,0.0036052476568309744,0.7484416146072211,gbrt:pooled
2007-05,0.0020841726780233974,0.0008002141566608335,0.6419792606812819,gbrt:pooled
2007-06,-0.000987964197051763,-0.001972742696495399,0.4923892497218179,gbrt:pooled
2007-07,-0.0006691799761907822,-0.0018322892791471474,0.5815546514781825,gbrt:pooled
2007-08,-0.0011251796233393838,-0.002565319949426633,0.7200701630436247,gbrt:pooled
2007-09,0.0014095139147019438,0.00010404429979178872,0.6527348074550774,gbrt:pooled
2007-10,0.011983756458572045,0.010637663510013344,0.6730464742793496,gbrt:pooled
2007-11,0.0016685871586984476,0.0005635303088941962,0.5525284249021258,gbrt:pooled
2007-12,0.003665526493509983,0.002371251457718244,0.6471375178958697,gbrt:pooled
2008-01,-0.0004148586287778161,-0.0017794462980036951,0.6822938346129395,gbrt:pooled
2008-02,8.636899133590179e-05,-0.0014147286436566233,0.7505488174962622,gbrt:pooled
2008-03,0.002431703646799041,0.0012962275504904235,0.5677380481543087,gbrt:pooled
2008-04,0.0011228340711745294,-0.00017140297836289655,0.647118524768713,gbrt:pooled
2008-05,-0.0018183082203296322,-0.003362890682298384,0.7722912309843759,gbrt:pooled
2008-06,0.008266681422701474,0.007056295914575269,0.6051927540631036,gbrt:pooled
2008-07,-0.010789032342952542,-0.011955919600096331,0.5834436285718945,gbrt:pooled
2008-08,0.005440024029155713,0.0038206815265307654,0.8096712513124742,gbrt:pooled
2008-09,0.008742214728673016,0.007507072315463537,0.617571206604739,gbrt:pooled
2008-10,-0.018714514373789133,-0.02130835842833549,1.296922027273179,gbrt:pooled
2008-11,-0.0042684929072543875,-0.006020674669428822,0.8760908810872171,gbrt:pooled
2008-12,0.012233053033673351,0.010310406779611286,0.9613231270310325,gbrt:pooled
2009-01,-0.006082215660171798,-0.007856062197733783,0.8869232687809934,gbrt:pooled
2009-02,0.002117048533914627,0.0006208170306932956,0.7481157516106659,gbrt:pooled
2009-03,0.008723837164228188,0.006919711051222081,0.9020630565030536,gbrt:pooled
2009-04,0.014195259848285806,0.012780749395622727,0.707255226331539,gbrt:pooled
2009-05,0.01213519775656727,0.009826613268349453,1.1542922441089092,gbrt:pooled
2009-06,-0.0052591509487333495,-0.007390936429885036,1.0658927405758432,gbrt:pooled
2009-07,0.0070348459749133944,0.005386303706571633,0.8242711341708803,gbrt:pooled
2009-08,0.003469899593218978,0.002376211911962259,0.5468438406283593,gbrt:pooled
2009-09,0.0029887091591466355,0.0019132133289725655,0.5377479150870353,gbrt:pooled
2009-10,0.0009352190245674457,-0.000506181932622573,0.7207004785950093,gbrt:pooled
2009-11,0.0016109864259066158,0.0002565454868575227,0.6772204695245464,gbrt:pooled
2009-12,-0.0018941605231524038,-0.0030170444336322655,0.5614419552399308,gbrt:pooled
2010-01,-0.0011154323006394432,-0.0025339581421729837,0.7092629207667701,gbrt:pooled
2010-02,0.001433939895448645,0.00019386246115670077,0.6200387171459721,gbrt:pooled
2010-03,-0.0016988470053166977,-0.0031114530316134785,0.7063030131483904,gbrt:pooled
2010-04,0.004426617847449619,0.00309623569655717,0.6651910754462245,gbrt:pooled
2010-05,0.005474838576094329,0.003869047765210701,0.8028954054418137,gbrt:pooled
2010-06,0.007079473340802322,0.006092543053872788,0.4934651434647668,gbrt:pooled
2010-07,0.0028124500681433085,0.000823326369022847,0.9945618495602306,gbrt:pooled
2010-08,0.004987233326357054,0.003199919502731967,0.8936569118125437,gbrt:pooled
2010-09,0.0023416946882741933,0.001213248901098058,0.5642228935880675,gbrt:pooled
2010-10,0.006065069917144021,0.005054852382250347,0.5051087674468369,gbrt:pooled
2010-11,0.010509406619058598,0.0095314465731792,0.48898002293970033,gbrt:pooled
2010-12,0.005657286400909379,0.004666895404306953,0.4951954983012128,gbrt:pooled
2011-01,0.004985105959762505,0.0040030585036908975,0.4910237280358036,gbrt:pooled
2011-02,0.00025832572226912857,-0.0008289375188515761,0.5436316205603521,gbrt:pooled
2011-03,0.0015429857080815497,0.00048411126117939675,0.5294372234510764,gbrt:pooled
2011-04,0.008759665261248514,0.00770523060147185,0.5272173298883324,gbrt:pooled
2011-05,0.005004984857532735,0.004114861389227884,0.44506173415242545,gbrt:pooled
2011-06,0.005343797857574096,0.004633496614814576,0.3551506213797599,gbrt:pooled
2011-07,0.009434654750913832,0.008490494322427386,0.472080214243223,gbrt:pooled
2011-08,0.00971142967641916,0.00852687682215624,0.5922764271314614,gbrt:pooled
2011-09,0.007600844805789607,0.006579358466426712,0.5107431696814471,gbrt:pooled
2011-10,-0.009984295597492301,-0.011420770965629231,0.7182376840684649,gbrt:pooled
2011-11,0.009506789221756087,0.008018982072229532,0.7439035747632774,gbrt:pooled
2011-12,0.0021867320298479807,0.001108142843721657,0.5392945930631617,gbrt:pooled
2012-01,-0.018887971307372037,-0.019960918849343038,0.5364737709855001,gbrt:pooled
2012-02,-0.005920260309752385,-0.007131256523052576,0.6054981066500955,gbrt:pooled
2012-03,0.008988924773544243,0.007929136582678879,0.529894095432682,gbrt:pooled
2012-04,0.0051359195269309035,0.004207451914708132,0.4642338061113854,gbrt:pooled
2012-05,0.010492259667587621,0.00946978301333382,0.5112383271269003,gbrt:pooled
2012-06,0.006362242342328529,0.005729936822705693,0.3161527598114177,gbrt:pooled
2012-07,0.00877590812960297,0.008107177913676563,0.3343651079632025,gbrt:pooled
2012-08,0.005450808368072096,0.004873864470671209,0.2884719487004436,gbrt:pooled
2012-09,-0.0016889656671908954,-0.0023648952089865673,0.3379647708978361,gbrt:pooled
2012-10,0.0034999274633285725,0.0022888348357028624,0.6055463138128553,gbrt:pooled
2012-11,0.006666731351944382,0.005732236894197958,0.4672472288732121,gbrt:pooled
2012-12,-0.0016531478906234027,-0.0025743431525197596,0.4605976309481783,gbrt:pooled
2013-01,0.002547070630525388,0.0015015775142928883,0.5227465581162499,gbrt:pooled
2013-02,0.005560501452229241,0.004531226102926946,0.5146376746511473,gbrt:pooled
2013-03,0.008331992608398012,0.007361239694820836,0.4853764567885884,gbrt:pooled
2013-04,0.010803030186567277,0.009984243263798986,0.40939346138414495,gbrt:pooled
2013-05,0.0032797493993569162,0.002461006635562574,0.40937138189717154,gbrt:pooled
2013-06,0.0026550730207922806,0.0015970682626637205,0.5290023790642802,gbrt:pooled
2013-07,0.010518940979453368,0.009516217374522422,0.5013618024654721,gbrt:pooled
2013-08,-0.0023329061467901005,-0.0032816271647087597,0.47436050895932974,gbrt:pooled
2013-09,-0.0031508962460755005,-0.004178719244474958,0.5139114991997284,gbrt:pooled
2013-10,-0.0016321443350334507,-0.0026411053166516194,0.5044804908090844,gbrt:pooled
2013-11,0.0008865944155152163,-8.50390839967738e-05,0.4858167497559949,gbrt:pooled
2013-12,0.0045114625518139365,0.003697536911564335,0.40696282012480084,gbrt:pooled
2014-01,0.004577584059232865,0.003657509792799907,0.4600371332164786,gbrt:pooled
2014-02,0.005968550783985358,0.005050449233149271,0.4590507754180433,gbrt:pooled
2014-03,0.0001674824820925694,-0.0007259721427117492,0.44672731240215935,gbrt:pooled
2014-04,0.0013953721888672974,0.00041739029472625047,0.48899094707052365,gbrt:pooled
2014-05,0.0021473710365263847,0.0011650377398029538,0.4911666483617154,gbrt:pooled
2014-06,0.0030995828664761903,0.0020405632763475495,0.5295097950643206,gbrt:pooled
2014-07,-0.0008163085711565331,-0.0018766446787252193,0.5301680537843431,gbrt:pooled
2014-08,0.0019333149136432173,0.0008819810017854788,0.5256669559288693,gbrt:pooled
2014-09,-0.0015480151792679232,-0.00253538496209588,0.4936848914139782,gbrt:pooled
2014-10,0.0040000229263041955,0.00300557092045773,0.4972260029232327,gbrt:pooled
2014-11,0.009292558616809084,0.008279339198040398,0.5066097093843421,gbrt:pooled
2014-12,0.013787807434643097,0.012966479175074859,0.4106641297841188,gbrt:pooled
2015-01,0.007163587971176049,0.006331898588025146,0.4158446915754514,gbrt:pooled
2015-02,-0.000773487953499413,-0.0016457326429674861,0.43612234473403677,gbrt:pooled
2015-03,0.010277321426014946,0.009359987429973982,0.4586669980204821,gbrt:pooled
2015-04,-0.011430430564495386,-0.012307971171072662,0.4387703032886378,gbrt:pooled
2015-05,0.0017451950296816677,0.0006657546684979733,0.5397201805918472,gbrt:pooled
2015-06,0.006480193244963761,0.005510925158730703,0.48463404311652897,gbrt:pooled
2015-07,0.010709665366111223,0.009911774333002844,0.398945516554189,gbrt:pooled
2015-08,0.0013514462174999198,-0.0003239198743879525,0.8376830459439362,gbrt:pooled
2015-09,-0.006681489499400824,-0.009416535199885731,1.3675228502424526,gbrt:pooled
2015-10,0.003437239505519491,0.0007834426002817812,1.326898452618855,gbrt:pooled
2015-11,0.005287650658659983,0.0036138307678335716,0.8369099454132057,gbrt:pooled
2015-12,0.001013453192792424,0.00013941414571920719,0.43701952353660833,gbrt:pooled
2016-01,0.0034831568999813566,0.0026607589865748544,0.411198956703251,gbrt:pooled
2016-02,-0.0037865128634354843,-0.004649930710221418,0.4317089233929665,gbrt:pooled
2016-03,-0.012636749506790374,-0.013635317313712439,0.49928390346103296,gbrt:pooled
2016-04,0.0022264393413797207,0.001048598911601479,0.5889202148891209,gbrt:pooled
2016-05,0.003669938817599063,0.0026567721567776798,0.5065833304106915,gbrt:pooled
2016-06,-0.0018821315262796024,-0.0029365261330937015,0.5271973034070495,gbrt:pooled
2016-07,-0.002085828144302628,-0.002916686870371004,0.41542936303418804,gbrt:pooled
2016-08,0.004187738047969213,0.0030614040715496223,0.5631669882097954,gbrt:pooled
2016-09,0.005466604648117058,0.004520572330170925,0.4730161589730663,gbrt:pooled
2016-10,0.002666400753841419,0.0019037796613581535,0.38131054624163296,gbrt:pooled
2016-11,-0.004011183502220799,-0.004938244313024065,0.4635304054016327,gbrt:pooled
2016-12,0.00080351138325311,-0.00020112476518790022,0.5023180742205052,gbrt:pooled
2017-01,0.005567135816879309,0.004582463324634304,0.4923362461225025,gbrt:pooled
2017-02,-0.0003933318931719416,-0.0014252303410364948,0.5159492239322766,gbrt:pooled
2017-03,0.0018929202396941384,0.0009979311500325299,0.4474945448308044,gbrt:pooled
2017-04,0.0009438676044968187,3.6310690691245317e-05,0.4537784569027866,gbrt:pooled
2017-05,0.005185316101384155,0.004266019485989259,0.4596483076974485,gbrt:pooled
2017-06,0.0013638220201723575,0.00034622506192108775,0.5087984791256349,gbrt:pooled
2017-07,0.0033362869316993942,0.0024766857517986855,0.4298005899503544,gbrt:pooled
2017-08,0.0026963682454533475,0.00178180446051837,0.4572818924674889,gbrt:pooled
2017-09,0.001271052055144641,0.00047238105119838024,0.3993355019731303,gbrt:pooled
2017-10,0.0036658025530736825,0.002863857919463658,0.40097231680501233,gbrt:pooled
2017-11,0.0021952222519653086,0.0011971561955189877,0.4990330282231605,gbrt:pooled
2017-12,0.0030258321448932654,0.002043592210671811,0.4911199671107274,gbrt:pooled
2018-01,0.003839423114138104,0.0028427961486020884,0.49831348276800774,gbrt:pooled
2018-02,0.0038790697613904973,0.0026540901207932613,0.6124898202986179,gbrt:pooled
2018-03,0.0038875356112360706,0.003144724753993917,0.37140542862107645,gbrt:pooled
2018-04,0.0022102477044735375,0.0011650212742168058,0.5226132151283657,gbrt:pooled
2018-05,0.004959232422341668,0.0040540361539474845,0.4525981341970915,gbrt:pooled
2018-06,-0.00025232393057624073,-0.0019781122049419004,0.8628941371828298,gbrt:pooled
2018-07,0.003809578208062495,0.0028513972274661196,0.4790904902981875,gbrt:pooled
2018-08,0.005189056129168591,0.003560575215487226,0.8142404568406824,gbrt:pooled
2018-09,0.013085118570171212,0.012165504420946289,0.4598070746124614,gbrt:pooled
2018-10,0.0035520128208079735,0.002494883296260781,0.5285647622735964,gbrt:pooled
2018-11,-0.003888447181844532,-0.004964326563078517,0.5379396906169923,gbrt:pooled
2018-12,0.0012087172056155216,0.00011502446586953028,0.5468463698729957,gbrt:pooled
2019-01,0.0014298515294144285,0.0005291856023335053,0.4503329635404617,gbrt:pooled
2019-02,-0.005339148157497724,-0.006292546356891402,0.4766990996968396,gbrt:pooled
2019-03,0.0044943517546404445,0.003614436408080868,0.43995767327978785,gbrt:pooled
2019-04,0.0024115698202798286,0.001673395937585387,0.3690869413472209,gbrt:pooled
2019-05,0.0016645842244513529,0.0008306626856741279,0.41696076938861276,gbrt:pooled
2019-06,0.0030653020261821105,0.002094424443553074,0.48543879131451784,gbrt:pooled
2019-07,0.005927593651239513,0.004709581400500641,0.6090061253694359,gbrt:pooled
2019-08,0.003510012680563469,0.0025592266969401032,0.475392991811683,gbrt:pooled
2019-09,-0.0027964146037172625,-0.00390547854388551,0.5545319700841238,gbrt:pooled
2019-10,0.0009709341303570578,-0.00013788497962367272,0.5544095549903653,gbrt:pooled
2019-11,0.0012022709915096416,0.00016307787060294282,0.5195965604533493,gbrt:pooled
2019-12,0.00576402666262737,0.004713661270965279,0.5251826958310456,gbrt:pooled
2020-01,0.005495324193805284,0.004623796680433618,0.43576375668583284,gbrt:pooled
2020-02,0.006932414229261618,0.006120872045267716,0.40577109199695055,gbrt:pooled
2020-03,-0.016334748730355356,-0.018411323434547888,1.0382873520962659,gbrt:pooled
2020-04,0.0033558584843964598,0.0020273429371534192,0.6642577736215203,gbrt:pooled
2020-05,-0.004217600252216983,-0.005939471250960498,0.8609354993717576,gbrt:pooled
2020-06,-0.005132827183085046,-0.006079418973304773,0.4732958951098634,gbrt:pooled
2020-07,-0.007393181464515625,-0.008131818112794354,0.369318324139363,gbrt:pooled
2020-08,-0.004389940609632228,-0.005242316562027316,0.4261879761975436,gbrt:pooled
2020-09,0.0006329778070696626,-0.00026365769107319356,0.44831774907142796,gbrt:pooled
2020-10,0.0033492424254040008,0.002356779303330278,0.4962315610368615,gbrt:pooled
2020-11,-0.01552806966912328,-0.01681738712564256,0.6446587282596391,gbrt:pooled
2020-12,0.0012912692080835257,-0.000560939793828673,0.9261045009560994,gbrt:pooled
2021-01,-0.0008013138791000002,-0.0023600097022302043,0.779347911565102,gbrt:pooled
2021-02,0.0037311728572106944,0.0018984875850637914,0.9163426360734515,gbrt:pooled
2021-03,0.002113195116716973,0.00032623281241011946,0.8934811521534268,gbrt:pooled
2021-04,0.003226304083046839,0.002086289830767947,0.5700071261394463,gbrt:pooled
2021-05,0.0032567326098499796,0.002082140567923963,0.5872960209630084,gbrt:pooled
2021-06,-0.0028968639136049013,-0.003614002268802782,0.35856917759894036,gbrt:pooled
2021-07,0.0011143500511579514,0.000110274977488436,0.5020375368347577,gbrt:pooled
2021-08,-0.00124407821812564,-0.002198914895958279,0.47741833891631935,gbrt:pooled
2021-09,0.006298536999672866,0.00528822240403311,0.5051572978198782,gbrt:pooled
2021-10,0.0019721320289120925,0.0010152388888198622,0.47844657004611546,gbrt:pooled
2021-11,0.002862252573322801,0.0019456019396225709,0.4583253168501153,gbrt:pooled
2021-12,0.009554898070702476,0.00845959085820993,0.5476536062462736,gbrt:pooled
2022-01,0.011475381102576454,0.010705623149032393,0.3848789767720317,gbrt:pooled
2022-02,0.008452003252945215,0.007475118844366919,0.4884422042891479,gbrt:pooled
2022-03,0.008109474070835669,0.006971938000453566,0.5687680351910515,gbrt:pooled
2022-04,0.01217456044964565,0.011245060068916754,0.4647501903644486,gbrt:pooled
2022-05,0.0043273735648365,0.0034199258812851224,0.4537238417756889,gbrt:pooled
2022-06,0.0016803665120223331,0.0006584988667610651,0.5109338226306338,gbrt:pooled
2022-07,-0.0041381986380933464,-0.004881841023787909,0.3718211928472812,gbrt:pooled
2022-08,-0.0015126808736953407,-0.002232660306919512,0.3599897166120856,gbrt:pooled
2022-09,0.005724672125133548,0.004938905932887489,0.39288309612302946,gbrt:pooled
2022-10,0.003640199125182199,0.00290524835644983,0.3674753843661843,gbrt:pooled
2022-11,-0.004706978519574371,-0.005503104210254049,0.39806284533983943,gbrt:pooled
2022-12,0.006628427374628088,0.005342523677026644,0.6429518488007223,gbrt:pooled
2023-01,0.0011220595972064188,4.706175106211519e-05,0.5374989230721519,gbrt:pooled
2023-02,-0.0069863510011797915,-0.010384900162656837,1.699274580738522,gbrt:pooled
2023-03,0.001598995055768204,4.2081270914817936e-05,0.7784568924266929,gbrt:pooled
2023-04,0.0008235349000201911,-0.0008689473234800336,0.8462411117501123,gbrt:pooled
2023-05,0.0004781200816130094,-0.001197352487750935,0.8377362846819723,gbrt:pooled
2023-06,0.0032307197772627485,0.001661403313278332,0.7846582319922081,gbrt:pooled
2023-07,-0.004151698560956502,-0.005804118681960311,0.8262100605019047,gbrt:pooled
2023-08,-0.004251941464086057,-0.005791708057450099,0.7698832966820206,gbrt:pooled
2023-09,-0.006251498365611435,-0.007905815821022654,0.8271587277056099,gbrt:pooled
2023-10,-0.00955721167802427,-0.011017290415012558,0.7300393684941436,gbrt:pooled
2023-11,-0.009557111648195631,-0.013236466065755815,1.839677208780092,gbrt:pooled
2023-12,-0.00040207380574305856,-0.004056651834977764,1.8272890146173524,gbrt:pooled
2024-01,0.010817600112837842,0.007609605025098393,1.6039975438697243,gbrt:pooled
2024-02,0.0014394533577398482,0.00040062475542960177,0.5194143011551234,gbrt:pooled
2024-03,0.003021885999511545,0.0020009404591386014,0.5104727701864717,gbrt:pooled
2024-04,0.00019681901283773938,-0.0006855384974776296,0.4411787551576845,gbrt:pooled
2024-05,0.0025121868838072245,0.0016230960634383924,0.4445454101844158,gbrt:pooled
2024-06,-4.168280049608249e-05,-0.0008936155257718355,0.42596636263787657,gbrt:pooled
2024-07,0.00080550863789607,-4.036001146852256e-05,0.42293432468229625,gbrt:pooled
2024-08,0.003895716745877077,0.003032151426937515,0.43178265946978145,gbrt:pooled
2024-09,2.6938695341250136e-05,-0.0008579555811154622,0.4424471382283563,gbrt:pooled
2024-10,0.004037718916720632,0.0030882428699730608,0.4747380233737852,gbrt:pooled
2024-11,0.00959928632863452,0.008627863997497017,0.48571116556875,gbrt:pooled
2024-12,0.0018552579496314845,0.0009966405598451906,0.42930869489314705,gbrt:pooled
2025-01,0.0014018935250002277,0.0006047569227816051,0.3985683011093114,gbrt:pooled
2025-02,0.004487077858843126,0.0037547248328730185,0.3661765129850535,gbrt:pooled
2025-03,0.005998094905587358,0.0052214403669637085,0.3883272693118247,gbrt:pooled
2025-04,-0.0014155544970504551,-0.0021438497062276074,0.36414760458857603,gbrt:pooled
2025-05,-0.0009513052428611931,-0.0016845903939389651,0.36664257553888596,gbrt:pooled
2025-06,-0.0009494093771414445,-0.0017004256267126802,0.3755081247856177,gbrt:pooled
2025-07,-0.0012609631327482544,-0.001934970483692301,0.3370036754720234,gbrt:pooled
2025-08,0.0031783129583970947,0.00242400303828521,0.3771549600559421,gbrt:pooled
2025-09,0.005684371469988572,0.004955107074911373,0.3646321975385987,gbrt:pooled
2025-10,0.011333608119482327,0.01060490885411369,0.3643496326843192,gbrt:pooled
2025-11,0.002143222558056617,0.0013033541086006858,0.4199342247279658,gbrt:pooled
2025-12,0.009783773272455646,0.008940565840052933,0.4216037162013565,gbrt:pooled
2001-01,-0.005501372375145279,-0.005501372375145279,0.0,hist_mean:rule
2001-02,0.004556812992188774,0.004292931173049875,0.1319409095694494,hist_mean:rule
2001-03,0.015589054641628516,0.015287880056389463,0.15058729261952614,hist_mean:rule
2001-04,0.006350176610321088,0.006036977725880551,0.1565994422202687,hist_mean:rule
2001-05,0.0003819171198440488,-0.00014134564769387582,0.26163138376896233,hist_mean:rule
2001-06,0.002057820592043868,0.0018660515371173932,0.09588452746323718,hist_mean:rule
2001-07,0.011248721713309375,0.011078168079095866,0.08527681710675399,hist_mean:rule
2001-08,-0.007098986363594759,-0.007438473380732123,0.1697435085686817,hist_mean:rule
2001-09,-0.0014263632245582092,-0.0016331806106668545,0.10340869305432246,hist_mean:rule
2001-10,0.004614861627704712,0.004212790061107657,0.2010357832985274,hist_mean:rule
2001-11,0.0038131968647399967,0.003611263806614071,0.10096652906296316,hist_mean:rule
2001-12,0.010631307407272646,0.01044001014937574,0.09564862894845333,hist_mean:rule
2002-01,-0.004622505445664396,-0.004795651834059849,0.0865731941977262,hist_mean:rule
2002-02,-0.0029219384695084337,-0.003151360498044084,0.11471101426782494,hist_mean:rule
2002-03,0.003435114168680208,0.0032419055320467055,0.09660431831675145,hist_mean:rule
2002-04,0.004671559953732686,0.004428011010574296,0.12177447157919556,hist_mean:rule
2002-05,0.0007694080971352162,0.0005368764608833487,0.11626581812593348,hist_mean:rule
2002-06,0.002825554951929735,0.0026433951011680715,0.09107992538083189,hist_mean:rule
2002-07,-0.0015677218742144617,-0.001711984786701603,0.07213145624357058,hist_mean:rule
2002-08,0.006851468663430512,0.006685110284863755,0.08317918928337795,hist_mean:rule
2002-09,0.008643299280870577,0.00845725621444434,0.09302153321311893,hist_mean:rule
2002-10,0.0008299270216906294,0.0006964936885672986,0.06671666656166547,hist_mean:rule
2002-11,0.0048338332400911215,0.004627939876616887,0.10294668173711696,hist_mean:rule
2002-12,0.0049975884694553364,0.004812834955725887,0.0923767568647254,hist_mean:rule
2003-01,-0.0026121820675723906,-0.0027769207651655837,0.08236934879659635,hist_mean:rule
2003-02,0.002375159996870645,0.0022114231628929167,0.0818684169888644,hist_mean:rule
2003-03,0.004166845504988623,0.0040415568275750284,0.0626443387067973,hist_mean:rule
2003-04,-0.006669739326542619,-0.0068203304906474605,0.0752955820524203,hist_mean:rule
2003-05,0.0057094230444343095,0.0053491978951599375,0.1801125746371861,hist_mean:rule
2003-06,0.007662980792943365,0.007517362681406311,0.07280905576852759,hist_mean:rule
2003-07,0.0077203737306375695,0.007559717393431085,0.08032816860324253,hist_mean:rule
2003-08,0.005602498129101868,0.00545964820976144,0.07142495967021416,hist_mean:rule
2003-09,0.002728126184393089,0.002343016513119567,0.1925548356367607,hist_mean:rule
2003-10,0.00689794743153941,0.006767927377533625,0.06501002700289256,hist_mean:rule
2003-11,0.004780622656484676,0.004637260963467188,0.07168084650874385,hist_mean:rule
2003-12,0.0013355899224945442,0.0012152132296546123,0.06018834641996605,hist_mean:rule
2004-01,0.005199965251823944,0.005016618478953579,0.091673386435182,hist_mean:rule
2004-02,0.004808596594297645,0.004614099869774522,0.09724836226156144,hist_mean:rule
2004-03,0.004385090624053843,0.004206055792552578,0.08951741575063232,hist_mean:rule
2004-04,0.011888724770940055,0.01174715646923363,0.07078415085321275,hist_mean:rule
2004-05,-0.002517160458840159,-0.002726953956581005,0.10489674887042272,hist_mean:rule
2004-06,0.0015694442473591294,0.0014322249669523992,0.06860964020336514,hist_mean:rule
2004-07,0.002784849069421299,0.0026662947693128153,0.059277150054241654,hist_mean:rule
2004-08,0.006783209680694525,0.0066316083995603325,0.07580064056709608,hist_mean:rule
2004-09,0.0026673153926813223,0.0025284086580454647,0.06945336731792892,hist_mean:rule
2004-10,0.000244451730313532,9.57690856092559e-05,0.07434132235213804,hist_mean:rule
2004-11,0.0021602839780762505,0.0019827315611723553,0.08877620845194763,hist_mean:rule
2004-12,0.006068461189951235,0.005915040949096622,0.07671012042730635,hist_mean:rule
2005-01,0.00048184804752615304,0.00022016946245237353,0.13083929253688975,hist_mean:rule
2005-02,0.012481570489174061,0.012359029272523572,0.061270608325244585,hist_mean:rule
2005-03,0.005960174596362439,0.005805125988977254,0.07752430369259188,hist_mean:rule
2005-04,0.012444959654360824,0.012288841266741858,0.07805919380948405,hist_mean:rule
2005-05,-0.009548151668859512,-0.009738168705950857,0.0950085185456718,hist_mean:rule
2005-06,-0.004809962908395158,-0.004965357712009878,0.0776974018073602,hist_mean:rule
2005-07,0.010867884715367163,0.010758334543525903,0.05477508592062956,hist_mean:rule
2005-08,0.0023347607947062465,0.0021993844522503526,0.06768817122794714,hist_mean:rule
2005-09,-0.001265091798860268,-0.001460518398312773,0.09771329972625242,hist_mean:rule
2005-10,-0.0012453994161025794,-0.0013783956275260107,0.06649810571171566,hist_mean:rule
2005-11,-0.0015264092422326667,-0.0016641350099690405,0.06886288386818674,hist_mean:rule
2005-12,-0.0002236193152723875,-0.0003686016602493326,0.07249117248847242,hist_mean:rule
2006-01,0.010805488975982368,0.010678825944446869,0.06333151576775034,hist_mean:rule
2006-02,-0.0007424181045478575,-0.001084937957352107,0.17125992640212462,hist_mean:rule
2006-03,-0.015092042290840697,-0.0152270633629477,0.06751053605349966,hist_mean:rule
2006-04,-0.0007148589872408032,-0.0009574667332498127,0.12130387300450468,hist_mean:rule
2006-05,0.0010695790006248077,0.0008544940164196169,0.1075424921025955,hist_mean:rule
2006-06,0.008706643267340292,0.008595528685664072,0.0555572908381102,hist_mean:rule
2006-07,0.0028884259905984167,0.0024804335553816888,0.20399621760836406,hist_mean:rule
2006-08,0.0031989801725389047,0.0029803898689023897,0.10929515181825744,hist_mean:rule
2006-09,0.00018698558028621253,-5.3701701511233536e-05,0.12034364089872297,hist_mean:rule
2006-10,-0.0019380651428502428,-0.0020788163363021387,0.0703755967259479,hist_mean:rule
2006-11,-0.006585393326671949,-0.006724041505793086,0.06932408956056876,hist_mean:rule
2006-12,-0.0007910737126688297,-0.0009524873055206903,0.08070679642593019,hist_mean:rule
2007-01,0.00032312106403672986,0.0001349837789320224,0.09406864255235364,hist_mean:rule
2007-02,-0.003718210831455202,-0.004115703773931058,0.19874647123792813,hist_mean:rule
2007-03,0.0049386547212373535,0.004746612971350319,0.09602087494351765,hist_mean:rule
2007-04,0.0035158781072819043,0.0032852051291503374,0.11533648906578364,hist_mean:rule
2007-05,0.0033048019312352747,0.0030395493148087697,0.1326263082132526,hist_mean:rule
2007-06,-1.3950472633367388e-06,-0.00018594058110303784,0.09227276691985059,hist_mean:rule
2007-07,-0.002007180497704583,-0.002224805343699514,0.10881242299746556,hist_mean:rule
2007-08,0.0035591664975462164,0.0033226551710975175,0.11825566322434951,hist_mean:rule
2007-09,-0.000651415060654586,-0.000841095341601317,0.09484014047336564,hist_mean:rule
2007-10,0.00794852570529554,0.007600085043356034,0.17422033096975267,hist_mean:rule
2007-11,0.0019668119172974513,0.0016670860755904088,0.14986292085352088,hist_mean:rule
2007-12,0.001470585644582621,0.0012244240703567148,0.12308078711295305,hist_mean:rule
2008-01,-0.0003862598882944338,-0.0006502890799341945,0.1320145958198803,hist_mean:rule
2008-02,0.0035777250719907605,0.0033591335429562323,0.10929576451726393,hist_mean:rule
2008-03,-0.0003282780788704333,-0.0005022672153636056,0.0869945682465863,hist_mean:rule
2008-04,0.003257717580517002,0.003051889969575475,0.1029138054707636,hist_mean:rule
2008-05,-0.0013884903045545808,-0.0016467004476926226,0.12910507156902098,hist_mean:rule
2008-06,0.0035237050002491534,0.0033643301125199495,0.07968744386460183,hist_mean:rule
2008-07,0.005185245515630854,0.005035427081414786,0.0749092171080335,hist_mean:rule
2008-08,0.0016650601822310455,0.0014705615772345531,0.09724930249824605,hist_mean:rule
2008-09,0.003723558621650141,0.0035711341306529335,0.07621224549860398,hist_mean:rule
2008-10,0.005758678102674455,0.005545098919529806,0.10678959157232416,hist_mean:rule
2008-11,0.007735034897390635,0.007475508350897566,0.12976327324653436,hist_mean:rule
2008-12,0.0008785197440805561,0.000612301004861939,0.13310936960930855,hist_mean:rule
2009-01,0.0016734557319955023,0.001443540702480879,0.11495751475731178,hist_mean:rule
2009-02,-0.002912549601483974,-0.003138694545455408,0.1130724719857173,hist_mean:rule
2009-03,-0.003425136933717372,-0.003633166209392764,0.10401463783769586,hist_mean:rule
2009-04,-0.019795828132083894,-0.020054817323491122,0.12949459570361332,hist_mean:rule
2009-05,-0.0047940986674826274,-0.005099996531486087,0.1529489320017296,hist_mean:rule
2009-06,0.0009201189724994216,0.0006431243298908881,0.1384973213042668,hist_mean:rule
2009-07,0.0029895242457479575,0.002795790563038249,0.0968668413548543,hist_mean:rule
2009-08,0.0024714450099561414,0.0022614825317778652,0.1049812390891382,hist_mean:rule
2009-09,-0.0009870802985769036,-0.0011512475397443605,0.08208362058372853,hist_mean:rule
2009-10,0.0011144944785100987,0.0009196028411394248,0.09744581868533694,hist_mean:rule
2009-11,0.003322306836359855,0.0031661054301356313,0.0781007031121117,hist_mean:rule
2009-12,-0.0019080064046336576,-0.0020653270047634046,0.07866030006487376,hist_mean:rule
2010-01,-0.0002235486783464146,-0.00037566957419021515,0.07606044792190017,hist_mean:rule
2010-02,0.0010050525833236019,0.0007901965831555835,0.10742800008400934,hist_mean:rule
2010-03,0.0006623717216412123,0.0004883273804195769,0.0870221706108178,hist_mean:rule
2010-04,0.0025185830665351624,0.002370599008367592,0.07399202908378523,hist_mean:rule
2010-05,0.0028355010319334258,0.002697539664553613,0.06898068368990617,hist_mean:rule
2010-06,0.0025295162838942656,0.002388711100885215,0.07040259150452545,hist_mean:rule
2010-07,0.0021704503188129383,0.0020561397792578083,0.05715526977756504,hist_mean:rule
2010-08,0.0021003184182815226,0.001950449748226963,0.07493433502727992,hist_mean:rule
2010-09,0.0015819430247718577,0.0014267677843445598,0.07758762021364887,hist_mean:rule
2010-10,0.00374726318395104,0.0036163605745599195,0.06545130469556042,hist_mean:rule
2010-11,0.006129902506863632,0.005994204303705827,0.06784910157890255,hist_mean:rule
2010-12,-0.00035553769120034783,-0.0004987130041838793,0.07158765649176557,hist_mean:rule
2011-01,0.0011370149241107241,0.0009963538180685655,0.07033055302107917,hist_mean:rule
2011-02,0.0021902908593489554,0.002039825904582182,0.07523247738338654,hist_mean:rule
2011-03,0.0011090860354818193,0.0009401889207544347,0.08444855736369233,hist_mean:rule
2011-04,0.004042198081515828,0.0039109669011619524,0.06561559017693795,hist_mean:rule
2011-05,0.002629969594881955,0.002513981878313313,0.05799385828432097,hist_mean:rule
2011-06,0.00175834603250123,0.0016509423961566113,0.05370181817230927,hist_mean:rule
2011-07,0.0051884953201782056,0.005078897260213499,0.054799029982352886,hist_mean:rule
2011-08,0.003704104510260016,0.0035958402356100773,0.054132137324968944,hist_mean:rule
2011-09,0.006528148949307928,0.006408641070341352,0.059753939483287916,hist_mean:rule
2011-10,2.9823898586031232e-05,-8.44239628160986e-05,0.05712393070106524,hist_mean:rule
2011-11,0.003726567325397387,0.0035923284564328,0.06711943448229343,hist_mean:rule
2011-12,0.0034385058542032343,0.0033392060312153133,0.0496499114939606,hist_mean:rule
2012-01,-0.008475380584319939,-0.008689577863324124,0.10709863950209379,hist_mean:rule
2012-02,0.0016676876566074697,0.0015296807790608263,0.06900343877332163,hist_mean:rule
2012-03,0.009508333112371897,0.009390460155420123,0.05893647847588725,hist_mean:rule
2012-04,0.002085924362040271,0.0018694062384584974,0.10825906179088655,hist_mean:rule
2012-05,0.0032458280565272417,0.0030889884450567336,0.07841980573525427,hist_mean:rule
2012-06,0.004447828108155647,0.004354392971880692,0.046717568137477544,hist_mean:rule
2012-07,0.0038851890452695306,0.0037645319386697064,0.060328553299912234,hist_mean:rule
2012-08,0.004439464713772938,0.004341006266910912,0.049229223431012506,hist_mean:rule
2012-09,0.0003367442210309906,0.00023853888867788098,0.04910266617655491,hist_mean:rule
2012-10,0.002354827197708529,0.0022566640334087604,0.049081582149884374,hist_mean:rule
2012-11,0.0030001229137650845,0.002900497044311574,0.049812934726755194,hist_mean:rule
2012-12,-0.00034399042913924185,-0.0004495438741930559,0.05277672252690705,hist_mean:rule
2013-01,0.0006066480802177864,0.0005087255976763979,0.04896124127069426,hist_mean:rule
2013-02,0.002911428417824853,0.002767144247171809,0.07214208532652217,hist_mean:rule
2013-03,0.0037673688835964756,0.003647586305125553,0.059891289235461276,hist_mean:rule
2013-04,0.0051243764357211535,0.004984293668171975,0.07004138377458957,hist_mean:rule
2013-05,0.00017785817467433983,5.3933105648829624e-05,0.061962534512755095,hist_mean:rule
2013-06,0.003538815931709092,0.003414423277446413,0.06219632713133963,hist_mean:rule
2013-07,0.009290303164568893,0.00914978394649841,0.07025960903524094,hist_mean:rule
2013-08,-0.001546885418386481,-0.0016762235625594217,0.06466907208647024,hist_mean:rule
2013-09,-0.001191102731718091,-0.0013729579151325268,0.09092759170721801,hist_mean:rule
2013-10,-0.0019398937985661453,-0.002052603909115369,0.05635505527461189,hist_mean:rule
2013-11,0.0005294884201460023,0.00040126154464527385,0.06411343775036431,hist_mean:rule
2013-12,0.003162183516958218,0.0030813465759771566,0.04041847049053013,hist_mean:rule
2014-01,0.003239068986268544,0.0031488095183162704,0.045129733976136906,hist_mean:rule
2014-02,0.0051381060090997825,0.005035231195128466,0.051437406985658664,hist_mean:rule
2014-03,0.0017740588207469563,0.0016783417099737253,0.04785855538661554,hist_mean:rule
2014-04,-0.0020616209217362356,-0.0022173184174824963,0.07784874787313045,hist_mean:rule
2014-05,0.0009574545953201286,0.000806388015579089,0.07553328987051983,hist_mean:rule
2014-06,0.0021136202503012837,0.00200921723495504,0.05220150767312197,hist_mean:rule
2014-07,0.0032748633733480845,0.0031838024850083598,0.045530444169862364,hist_mean:rule
2014-08,0.0011414129721923846,0.000992986088667243,0.07421344176257083,hist_mean:rule
2014-09,-0.0009902099162580618,-0.0010780737994184183,0.0439319415801782,hist_mean:rule
2014-10,0.0016953460633269718,0.0015949908011293674,0.05017763109880213,hist_mean:rule
2014-11,0.006453941690494173,0.006366753884190718,0.043593903151726926,hist_mean:rule
2014-12,0.006462696541767824,0.006368452088569382,0.047122226599220635,hist_mean:rule
2015-01,0.007326941604075383,0.00721368959831474,0.05662600288032083,hist_mean:rule
2015-02,-0.0008841884863508104,-0.0010074912290698932,0.06165137135954142,hist_mean:rule
2015-03,0.008022038980953654,0.007915726305661057,0.053156337646299394,hist_mean:rule
2015-04,-0.006423169042957244,-0.006554495696619676,0.06566332683121595,hist_mean:rule
2015-05,0.0016242116950993958,0.001453743317919945,0.0852341885897251,hist_mean:rule
2015-06,0.004428293100583521,0.004340042279860331,0.0441254103615956,hist_mean:rule
2015-07,0.0071157200374940294,0.007032502818439973,0.04160860952702751,hist_mean:rule
2015-08,0.004652585083440144,0.0045567566831419245,0.04791420014911007,hist_mean:rule
2015-09,0.00482086339183571,0.004731332044049826,0.04476567389294183,hist_mean:rule
2015-10,-0.0015788844995601066,-0.0016826553657188102,0.05188543307935178,hist_mean:rule
2015-11,0.0018645087876303437,0.0017685417485149744,0.04798351955768484,hist_mean:rule
2015-12,0.003789126496713009,0.0036804715968465945,0.05432744993320754,hist_mean:rule
2016-01,0.002234110475958121,0.0021365880376752605,0.048761219141430466,hist_mean:rule
2016-02,-0.0009402907592869087,-0.0010416436109497464,0.0506764258314188,hist_mean:rule
2016-03,-0.008173953953636074,-0.008284687858516758,0.0553669524403429,hist_mean:rule
2016-04,0.0012962310293432703,0.0011813035714773796,0.05746372893294534,hist_mean:rule
2016-05,0.0045014287839525114,0.004401631264178564,0.04989875988697365,hist_mean:rule
2016-06,-0.0008269904880608714,-0.0009119799972375072,0.042494754588317814,hist_mean:rule
2016-07,0.0030371139282517148,0.002957300489218061,0.03990671951682687,hist_mean:rule
2016-08,0.004740910522082512,0.004647832637849279,0.046538942116616897,hist_mean:rule
2016-09,0.004880574548667762,0.004768477499113125,0.05604852477731806,hist_mean:rule
2016-10,0.002714568460840236,0.002656330050361988,0.029119205239123723,hist_mean:rule
2016-11,-0.00515629313778698,-0.005249025272825141,0.046366067519080484,hist_mean:rule
2016-12,0.0007593224412260276,0.000601682793638539,0.07881982379374426,hist_mean:rule
2017-01,0.004140516773084119,0.004044338031014146,0.048089371034986055,hist_mean:rule
2017-02,-0.001223788681925821,-0.0013167144077076993,0.04646286289093943,hist_mean:rule
2017-03,0.004264054660824622,0.004187611062293877,0.038221799265372655,hist_mean:rule
2017-04,-0.001142303931266844,-0.0012234481273159519,0.040572098024553846,hist_mean:rule
2017-05,0.004833074638649199,0.004750336354961741,0.04136914184372838,hist_mean:rule
2017-06,0.000486584954709784,0.0003917366616701821,0.047424146519800904,hist_mean:rule
2017-07,0.0035312052764922626,0.0034601446252467256,0.03553032562276842,hist_mean:rule
2017-08,0.001223801194026407,0.0011456298102697291,0.0390856918783389,hist_mean:rule
2017-09,0.0033264870036813915,0.003261546497120918,0.03247025328023666,hist_mean:rule
2017-10,0.0015339592891631792,0.001459386637920578,0.03728632562130064,hist_mean:rule
2017-11,0.0013645793160098727,0.0012643783732880264,0.05010047136092328,hist_mean:rule
2017-12,-0.00025790296249296994,-0.00033397974471381984,0.038038391110425056,hist_mean:rule
2018-01,0.003644328253341045,0.003539606857933238,0.0523606977039036,hist_mean:rule
2018-02,0.002228418460110357,0.0021343660025691024,0.0470262287706272,hist_mean:rule
2018-03,0.0018787566481227218,0.001749446344658969,0.06465515173187643,hist_mean:rule
2018-04,0.0009548536560986241,0.0008665501507315599,0.04415175268353199,hist_mean:rule
2018-05,0.003991230140249051,0.003891845973911898,0.04969208316857672,hist_mean:rule
2018-06,0.0030803995418799313,0.002986426133280262,0.046986704299834425,hist_mean:rule
2018-07,0.004745311888923688,0.004661795597560982,0.04175814568135312,hist_mean:rule
2018-08,0.0038950736582872513,0.0038105261828050075,0.04227373774112152,hist_mean:rule
2018-09,0.0105247567154472,0.010442199779229177,0.04127846810901155,hist_mean:rule
2018-10,0.002522833687587202,0.002434377264024166,0.044228211781518006,hist_mean:rule
2018-11,-0.0010837312130737146,-0.0011756487971125,0.045958792019393103,hist_mean:rule
2018-12,-0.001671521346028213,-0.0017647724209039004,0.04662553743784393,hist_mean:rule
2019-01,0.004842472502533907,0.004772907523274325,0.034782489629791365,hist_mean:rule
2019-02,-0.00440644220585184,-0.004497795984939679,0.045676889543919026,hist_mean:rule
2019-03,0.003076955074245553,0.003004402763391578,0.036276155426987346,hist_mean:rule
2019-04,0.00169446005246347,0.00162437346621582,0.035043293123824926,hist_mean:rule
2019-05,0.0014202172789602294,0.0013421226006755658,0.0390473391423319,hist_mean:rule
2019-06,0.004245153297302986,0.004164169052262307,0.040492122520339305,hist_mean:rule
2019-07,0.005140757918650158,0.005082133463472707,0.029312227588725082,hist_mean:rule
2019-08,0.0017953634721358752,0.0017100493163340932,0.04265707790089103,hist_mean:rule
2019-09,-0.0015468333193606942,-0.0016188668103621442,0.03601674550072514,hist_mean:rule
2019-10,0.00028560072351425226,0.0002068053253180306,0.03939769909811065,hist_mean:rule
2019-11,0.002055241777682411,0.0019870600501377886,0.0340908637723111,hist_mean:rule
2019-12,0.003816498074034971,0.003738510531264015,0.03899377138547803,hist_mean:rule
2020-01,0.0021874603728261675,0.002127869139540547,0.029795616642810174,hist_mean:rule
2020-02,0.004001655030488845,0.003922659509367139,0.039497760560853086,hist_mean:rule
2020-03,0.0047658529988681714,0.00468890750691335,0.03847274597741099,hist_mean:rule
2020-04,-0.004280286892631082,-0.004440154686796292,0.07993389708260543,hist_mean:rule
2020-05,-0.000662749486864374,-0.0008033902406914754,0.07032037691355063,hist_mean:rule
2020-06,-0.005859406683389564,-0.005958132213658789,0.0493627651346126,hist_mean:rule
2020-07,0.0034567657274472124,0.0033286741522902227,0.06404578757849444,hist_mean:rule
2020-08,-0.0028124635340511725,-0.002931954841065912,0.05974565350736969,hist_mean:rule
2020-09,0.0009232090006220367,0.000827363706628387,0.04792264699682487,hist_mean:rule
2020-10,0.004412370489792449,0.0043200988309814005,0.04613582940552437,hist_mean:rule
2020-11,-0.018043097572602966,-0.018130791380467113,0.04384690393207257,hist_mean:rule
2020-12,-0.0055948923174597796,-0.005730848333477276,0.06797800800874855,hist_mean:rule
2021-01,0.00426666676020951,0.004162238232904049,0.05221426365273029,hist_mean:rule
2021-02,-0.002301255680607402,-0.002398901224491381,0.04882277194198961,hist_mean:rule
2021-03,0.001902930729636299,0.001792398266405866,0.055266231615216446,hist_mean:rule
2021-04,0.0011336110152773118,0.0010402446171407856,0.046683199068263105,hist_mean:rule
2021-05,0.0005984612752219329,0.0004865456077566074,0.0559578337326627,hist_mean:rule
2021-06,-0.004209227049619105,-0.004295796159531081,0.043284554955987486,hist_mean:rule
2021-07,0.0037199595290126255,0.0036243790175659635,0.04779025572333076,hist_mean:rule
2021-08,-0.0009614130775924712,-0.0010332225122860147,0.03590471734677185,hist_mean:rule
2021-09,0.00415269431898286,0.004061101966203049,0.045796176389905824,hist_mean:rule
2021-10,0.00011675249386592917,3.0229159624460417e-05,0.04326166712073414,hist_mean:rule
2021-11,0.005834062104220995,0.005750910659332199,0.041575722444398194,hist_mean:rule
2021-12,0.00785670659118828,0.0077515243728713355,0.05259110915847229,hist_mean:rule
2022-01,0.007511861783902936,0.007433588248595127,0.039136767653904274,hist_mean:rule
2022-02,0.007962194341738003,0.007875407858480558,0.043393241628723274,hist_mean:rule
2022-03,0.0047544206456142804,0.00465926445635071,0.047578094631785285,hist_mean:rule
2022-04,0.009041041160270689,0.008935011729815588,0.053014715227549906,hist_mean:rule
2022-05,0.004689992119178357,0.004575056453817606,0.057467832680375565,hist_mean:rule
2022-06,-0.0013599911124281068,-0.0014547058150889871,0.04735735133044008,hist_mean:rule
2022-07,-0.000978793350655271,-0.0010707679207202473,0.04598728503248823,hist_mean:rule
2022-08,-0.002486676653459197,-0.0025635570414034078,0.038440193972105206,hist_mean:rule
2022-09,0.0027590272757369028,0.002670367855597829,0.04432971006953666,hist_mean:rule
2022-10,0.0030048479968208964,0.002920090357787666,0.04237881951661503,hist_mean:rule
2022-11,-0.0014885284846127258,-0.001596153264142859,0.05381238976506661,hist_mean:rule
2022-12,0.0056287558364008705,0.005515959673052084,0.05639808167439366,hist_mean:rule
2023-01,0.0017132221859932145,0.001626917349515257,0.04315241823897863,hist_mean:rule
2023-02,0.001922348453706881,0.0018255181692650793,0.04841514222090058,hist_mean:rule
2023-03,0.0018941003744781333,0.0018260188228343779,0.03404077582187782,hist_mean:rule
2023-04,-0.0005117282042936618,-0.0005916598649997618,0.03996583035305007,hist_mean:rule
2023-05,-0.0022919701081790607,-0.002374123846150034,0.04107686898548651,hist_mean:rule
2023-06,0.0026380615670032847,0.0025614617023145946,0.03829993234434519,hist_mean:rule
2023-07,0.0015410440841281613,0.0014642611961091956,0.03839144400948268,hist_mean:rule
2023-08,0.0011746518361603995,0.001079761301208485,0.047445267475957315,hist_mean:rule
2023-09,0.005777500971009344,0.0057061475756747275,0.035676697667307605,hist_mean:rule
2023-10,0.005247932685495368,0.005175884344109792,0.03602417069278808,hist_mean:rule
2023-11,-0.0030145867134826793,-0.0031532310661038193,0.06932217631056978,hist_mean:rule
2023-12,0.0037407922411433676,0.00366684488820329,0.03697367647003887,hist_mean:rule
2024-01,0.010211384508225637,0.01013758667926017,0.036898914482734066,hist_mean:rule
2024-02,-0.0016677494482437937,-0.0017576588891563534,0.04495472045627983,hist_mean:rule
2024-03,0.00370179613157997,0.0036154694850522263,0.04316332326387204,hist_mean:rule
2024-04,0.0017007732970907906,0.0015939600021006766,0.05340664749505677,hist_mean:rule
2024-05,0.0014191699182760618,0.0013127899537204067,0.05318998227782765,hist_mean:rule
2024-06,0.002431926109506726,0.0023402096634892637,0.04585822300873084,hist_mean:rule
2024-07,0.0017429653506938934,0.0016847776180166653,0.029093866338614195,hist_mean:rule
2024-08,0.002035242164716789,0.0019690051517358043,0.033118506490492264,hist_mean:rule
2024-09,8.0483425078999e-05,1.254869440825005e-05,0.03396736533537441,hist_mean:rule
2024-10,-0.0003948419226528398,-0.00045831497964811445,0.03173652849763738,hist_mean:rule
2024-11,0.009991781643614788,0.009917161932195663,0.037309855709561836,hist_mean:rule
2024-12,0.000994735681094432,0.0009268236734343775,0.0339560038300273,hist_mean:rule
2025-01,0.0023260221330640585,0.0022646576526239768,0.03068224022004112,hist_mean:rule
2025-02,0.0029095388186587624,0.002833366052589679,0.03808638303454183,hist_mean:rule
2025-03,0.0045327505066765,0.004461971335770875,0.03538958545281255,hist_mean:rule
2025-04,-0.00020766617660326837,-0.00028387611248669847,0.03810496794171492,hist_mean:rule
2025-05,-0.00047463861270105335,-0.0005553890161627982,0.04037520173087234,hist_mean:rule
2025-06,-0.003406667618794705,-0.0034934584352791145,0.04339540824220431,hist_mean:rule
2025-07,-0.0016283056830460273,-0.0016873558828518263,0.029525099902899546,hist_mean:rule
2025-08,-0.002087344897356478,-0.0021663557677067836,0.03950543517515305,hist_mean:rule
2025-09,0.0036071569453896483,0.003534995534487201,0.036080705451223424,hist_mean:rule
2025-10,0.007452497077137493,0.007375402287248812,0.03854739494434048,hist_mean:rule
2025-11,0.003924233507515018,0.00383081915624017,0.04670717563742372,hist_mean:rule
2025-12,0.006178147882459223,0.00611448052143912,0.0318336805100518,hist_mean:rule
2001-01,-0.013309258667372974,-0.013309258667372974,0.0,ols:dm_only
2001-02,0.006482685246559447,0.004443438760682055,1.0196232429386962,ols:dm_only
2001-03,0.021027195153941504,0.018901513964761252,1.0628405945901267,ols:dm_only
2001-04,0.0054222213952265915,0.003742575329759652,0.8398230327334697,ols:dm_only
2001-05,0.007717107985038113,0.0058580314649772074,0.9295382600304519,ols:dm_only
2001-06,-0.006947982175666956,-0.008587377944810303,0.8196978845716746,ols:dm_only
2001-07,0.018324752299917074,0.016428086267523893,0.9483330161965895,ols:dm_only
2001-08,-0.008541283124222199,-0.01017180449192673,0.8152606838522648,ols:dm_only
2001-09,0.0005254763914543076,-0.0013973435101478618,0.961409950801085,ols:dm_only
2001-10,-0.017016519364844256,-0.019024148078284172,1.0038143567199593,ols:dm_only
2001-11,0.016568102002453098,0.01427196929828329,1.1480663520849044,ols:dm_only
2001-12,0.010196511272298403,0.008416473988911011,0.8900186416936968,ols:dm_only
2002-01,0.0014118737071889674,-0.0009220950261805481,1.1669843666847581,ols:dm_only
2002-02,0.005671950085310572,0.0037958049809551308,0.9380725521777208,ols:dm_only
2002-03,0.01101276968393861,0.0093604952955116,0.826137194213506,ols:dm_only
2002-04,0.006275454525442811,0.004807638431581495,0.7339080469306583,ols:dm_only
2002-05,0.004387615529226705,0.0027543558462272944,0.8166298414997056,ols:dm_only
2002-06,0.0017407395226029254,9.778841089242499e-05,0.8214755558552501,ols:dm_only
2002-07,0.0010041022995749334,-0.0006468685746220691,0.8254854370985013,ols:dm_only
2002-08,-0.0030453119890166283,-0.004690842937333102,0.8227654741582372,ols:dm_only
2002-09,-0.0023689756767349872,-0.003988186263562044,0.8096052934135287,ols:dm_only
2002-10,-0.003251321619572801,-0.004736128875303281,0.7424036278652404,ols:dm_only
2002-11,0.005599355657427562,0.0037373127280280406,0.9310214646997609,ols:dm_only
2002-12,-0.002744354430283459,-0.0042192552825303774,0.7374504261234592,ols:dm_only
2003-01,0.0014933441792529599,-0.0008681533492621802,1.18074876425757,ols:dm_only
2003-02,-0.0007339401334114464,-0.0018268944790726484,0.5464771728306009,ols:dm_only
2003-03,0.010200884694517829,0.009065389919339967,0.567747387588932,ols:dm_only
2003-04,-0.00458260206471781,-0.005365220553023321,0.3913092441527558,ols:dm_only
2003-05,0.003312980401857454,0.0020306997579504077,0.6411403219535233,ols:dm_only
2003-06,0.005818215302120534,0.004642518982136361,0.5878481599920867,ols:dm_only
2003-07,0.009072828340835247,0.008011377532092927,0.5307254043711599,ols:dm_only
2003-08,0.004979843718035282,0.003891275160716275,0.5442842786595035,ols:dm_only
2003-09,-0.0036606806395113748,-0.00486357114201769,0.6014452512531576,ols:dm_only
2003-10,0.010934687022173708,0.00970697972967327,0.6138536462502179,ols:dm_only
2003-11,0.001165547602024568,3.428006601773325e-05,0.5656337680034176,ols:dm_only
2003-12,0.0009013655307225176,-0.0002141159347276749,0.5577407327250965,ols:dm_only
2004-01,-0.007902326184236454,-0.009424965130749875,0.7613194732567108,ols:dm_only
2004-02,0.0033777432753475806,0.001925843067833925,0.7259501037568274,ols:dm_only
2004-03,0.0020183999531474843,0.0008113829498372846,0.6035085016550998,ols:dm_only
2004-04,0.00237414804159869,0.0011942444132480843,0.589951814175303,ols:dm_only
2004-05,-0.007080860817946478,-0.008272270132293159,0.5957046571733396,ols:dm_only
2004-06,0.0016702251591714167,0.00040951974982975873,0.630352704670829,ols:dm_only
2004-07,0.0052415700183817285,0.004174832746168255,0.5333686361067369,ols:dm_only
2004-08,0.004014252118255834,0.003025956509338225,0.4941478044588049,ols:dm_only
2004-09,0.004293699678047043,0.003258082977480758,0.5178083502831425,ols:dm_only
2004-10,0.010454211245521415,0.009453087307384807,0.5005619690683035,ols:dm_only
2004-11,0.004500760243519114,0.003588078942919926,0.45634065029959403,ols:dm_only
2004-12,0.008041263730712019,0.006946579308144608,0.5473422112837049,ols:dm_only
2005-01,-0.0021897478455442927,-0.003351880708650611,0.5810664315531593,ols:dm_only
2005-02,0.0035109104722366924,0.0024426164031882353,0.5341470345242287,ols:dm_only
2005-03,0.008592878928094735,0.0075239936301388505,0.5344426489779419,ols:dm_only
2005-04,0.014322243324453908,0.013246238630738066,0.5380023468579198,ols:dm_only
2005-05,-0.015672021452057688,-0.01657981878162435,0.453898664783333,ols:dm_only
2005-06,0.002756662331355446,0.0014433179558511024,0.6566721877521717,ols:dm_only
2005-07,0.002789672501396351,0.0017560837971856947,0.516794352105328,ols:dm_only
2005-08,0.0016761248799893598,0.0006895500566127938,0.4932874116882828,ols:dm_only
2005-09,0.0029776000605851146,0.0018528099393286973,0.5623950606282085,ols:dm_only
2005-10,0.0005651931278772201,-0.0004415068360190149,0.5033499819481174,ols:dm_only
2005-11,-0.0037487576098560182,-0.0047464177452256,0.49883006768479105,ols:dm_only
2005-12,-0.0014367940384133813,-0.0024688228600070043,0.5160144107968114,ols:dm_only
2006-01,0.0035451904910779653,0.002448992552198587,0.5480989694396892,ols:dm_only
2006-02,0.0052368374921102035,0.0038000335361008603,0.7184019780046714,ols:dm_only
2006-03,-0.01007748733008118,-0.011328431679897374,0.6254721749080967,ols:dm_only
2006-04,0.008156738926273582,0.0069241744483000255,0.6162822389867781,ols:dm_only
2006-05,0.0008248919547805191,-0.0003619612564261783,0.5934266056033484,ols:dm_only
2006-06,0.013212834966441787,0.012029686044226329,0.5915744611077282,ols:dm_only
2006-07,-0.0058834461283323244,-0.007113489442666998,0.615021657167337,ols:dm_only
2006-08,-0.006558423205291787,-0.007949238052964477,0.6954074238363449,ols:dm_only
2006-09,0.0023505398465683692,0.0010007890106644326,0.6748754179519686,ols:dm_only
2006-10,-0.0021446907907483053,-0.0032875059648931047,0.5714075870723998,ols:dm_only
2006-11,0.009275191341662709,0.00806936789117894,0.6029117252418846,ols:dm_only
2006-12,0.0015220810715922707,0.00039713008669604795,0.5624754924481115,ols:dm_only
2007-01,0.006082623537044508,0.0047847012489477545,0.6489611440483763,ols:dm_only
2007-02,0.001226804547918099,-4.749372472750314e-05,0.6371491363228012,ols:dm_only
2007-03,0.006170771810493044,0.004940220773025712,0.6152755187336659,ols:dm_only
2007-04,0.006860655346992537,0.005672694068638036,0.593980639177251,ols:dm_only
2007-05,0.00249152106006909,0.0012572909428095285,0.6171150586297806,ols:dm_only
2007-06,-0.002446095012964147,-0.0038062009712787567,0.680052979157305,ols:dm_only
2007-07,0.0002862651180923793,-0.0012805706546393314,0.7834178863658553,ols:dm_only
2007-08,-0.0014661313440136364,-0.0029828108225058957,0.7583397392461296,ols:dm_only
2007-09,0.0031251139601885213,0.0016241192073416062,0.7504973764234577,ols:dm_only
2007-10,0.013757071854990314,0.01236110273783691,0.697984558576701,ols:dm_only
2007-11,0.0011143583323975175,-0.0002821129799497272,0.6982356561736225,ols:dm_only
2007-12,0.004725030013612537,0.0031570417186819223,0.7839941474653068,ols:dm_only
2008-01,-0.00011785538008192885,-0.0014830905062918254,0.6826175631049483,ols:dm_only
2008-02,-0.0016827487934201369,-0.003316445545996354,0.8168483762881084,ols:dm_only
2008-03,0.002475908958359237,0.0008543257829537336,0.810791587702752,ols:dm_only
2008-04,0.0021503124484263973,0.0005805864569935207,0.7848629957164384,ols:dm_only
2008-05,-0.0030388963600485714,-0.004658973570893623,0.8100386054225253,ols:dm_only
2008-06,0.008514599884585678,0.007018264015630539,0.7481679344775694,ols:dm_only
2008-07,-0.0062662232838978545,-0.007579493372295055,0.6566350441986002,ols:dm_only
2008-08,0.0074823292131366214,0.005799316144190797,0.8415065344729128,ols:dm_only
2008-09,0.013050151105140519,0.01174898267609145,0.6505842145245349,ols:dm_only
2008-10,0.03299495030951358,0.031745061474716695,0.6249444173984408,ols:dm_only
2008-11,0.018845447310823587,0.017609572568004776,0.6179373714094045,ols:dm_only
2008-12,-0.005097896617607054,-0.006305636957334543,0.6038701698637443,ols:dm_only
2009-01,0.0016058756515044846,0.0002636568320106169,0.6711094097469338,ols:dm_only
2009-02,0.006199605912127194,0.004849585703743972,0.6750101041916103,ols:dm_only
2009-03,-0.010410219585857923,-0.01148445063510904,0.5371155246255589,ols:dm_only
2009-04,-0.017179736901428412,-0.01853998317667541,0.6801231376234981,ols:dm_only
2009-05,0.006727816987157686,0.005098796208081394,0.8145103895381457,ols:dm_only
2009-06,-0.002042530727437852,-0.0035818017961230016,0.7696355343425747,ols:dm_only
2009-07,0.003530351327321252,0.0018977141710730804,0.8163185781240858,ols:dm_only
2009-08,0.0013602870563979423,0.00012918859619089868,0.6155492301035217,ols:dm_only
2009-09,0.0045579173847531676,0.003290871764843484,0.6335228099548412,ols:dm_only
2009-10,0.001691162730611954,0.0005076960418355255,0.5917333443882143,ols:dm_only
2009-11,0.001760964775508791,0.0004639692547374582,0.6484977603856664,ols:dm_only
2009-12,-0.0022909379216579234,-0.0035492094682134014,0.6291357732777388,ols:dm_only
2010-01,-0.0019628591497543803,-0.003381272450901325,0.7092066505734722,ols:dm_only
2010-02,-0.00255222750778511,-0.004079594671158601,0.763683581686745,ols:dm_only
2010-03,-0.0032098490839357163,-0.004792298117683364,0.7912245168738239,ols:dm_only
2010-04,0.005351726399085818,0.003937946732082702,0.7068898335015575,ols:dm_only
2010-05,0.004313945758630995,0.0029869176242528802,0.6635140671890574,ols:dm_only
2010-06,0.007543317732444247,0.006263028177262872,0.6401447775906876,ols:dm_only
2010-07,-0.002301052481191614,-0.003503418916185703,0.6011832174970448,ols:dm_only
2010-08,0.0036405275108340987,0.0021738066147919993,0.7333604480210494,ols:dm_only
2010-09,0.0014174261252334148,1.375642635170862e-05,0.701834849440853,ols:dm_only
2010-10,0.0066119547666397,0.005162064274994945,0.7249452458223778,ols:dm_only
2010-11,0.008710859461884641,0.007392855361182637,0.6590020503510025,ols:dm_only
2010-12,0.006179011462636052,0.004864493804349828,0.6572588291431117,ols:dm_only
2011-01,0.0053784782679899105,0.004115470844317041,0.6315037118364348,ols:dm_only
2011-02,-0.001741885406909788,-0.003128968852394081,0.6935417227421462,ols:dm_only
2011-03,-0.0001859591645663622,-0.0015330513081060627,0.6735460717698503,ols:dm_only
2011-04,0.007520945947397774,0.0062265282986546915,0.6472088243715409,ols:dm_only
2011-05,0.004669812809568021,0.0035348588861039607,0.5674769617320301,ols:dm_only
2011-06,0.0048439232409841675,0.003731433542617937,0.5562448491831153,ols:dm_only
2011-07,0.006663660782047736,0.005666945588886111,0.49835759658081197,ols:dm_only
2011-08,0.009877168678590762,0.008871695646043174,0.502736516273793,ols:dm_only
2011-09,0.012026145824631114,0.010944475064170307,0.5408353802304029,ols:dm_only
2011-10,-0.00830299429917892,-0.009546511963464815,0.6217588321429477,ols:dm_only
2011-11,0.002137755087118964,0.0005296423493944719,0.8040563688622457,ols:dm_only
2011-12,0.0043278599466621895,0.002801222656457003,0.7633186451025928,ols:dm_only
2012-01,-0.01932333028692807,-0.02036803821679245,0.5223539649321892,ols:dm_only
2012-02,-0.0022183160912425054,-0.0036417461718688225,0.7117150403131584,ols:dm_only
2012-03,0.007818058387001633,0.006488604545526222,0.6647269207377053,ols:dm_only
2012-04,0.005490806692470069,0.004345083420650136,0.5728616359099665,ols:dm_only
2012-05,0.01042988221934882,0.009372815670335653,0.5285332745065835,ols:dm_only
2012-06,0.004689247144246079,0.0035780870268109373,0.5555800587175707,ols:dm_only
2012-07,0.006749484890415981,0.005594379084651558,0.5775529028822112,ols:dm_only
2012-08,0.004977930539079856,0.003882284940059751,0.5478227995100523,ols:dm_only
2012-09,-0.0010681470750418841,-0.0021333725522364225,0.5326127385972692,ols:dm_only
2012-10,0.0022002873151177713,0.001022553143493442,0.5888670858121646,ols:dm_only
2012-11,0.007168917439543182,0.006043184780820251,0.5628663293614655,ols:dm_only
2012-12,-0.0029536617649970473,-0.003989548175713979,0.5179432053584657,ols:dm_only
2013-01,0.0032882883478072655,0.0020750327775962258,0.60662778510552,ols:dm_only
2013-02,0.003606521097782749,0.002426650021367266,0.5899355382077415,ols:dm_only
2013-03,0.00899014254764107,0.007942147315062995,0.5239976162890376,ols:dm_only
2013-04,0.009282170121613715,0.008382290377125116,0.44993987224429893,ols:dm_only
2013-05,0.0035787887725973987,0.0026353067553425264,0.4717410086274363,ols:dm_only
2013-06,0.00347416582878032,0.002258686631816474,0.6077395984819232,ols:dm_only
2013-07,0.009097098782273145,0.007901531772000248,0.5977835051364485,ols:dm_only
2013-08,-0.0009663823438573738,-0.0021711865973867077,0.602402126764667,ols:dm_only
2013-09,-0.00468905158420852,-0.006015271536341945,0.6631099760667125,ols:dm_only
2013-10,-0.00046775017767292836,-0.0017085225569948902,0.6203861896609809,ols:dm_only
2013-11,-0.0005361201934913449,-0.0016568860195414292,0.5603829130250421,ols:dm_only
2013-12,0.00411532157143461,0.003112615773221997,0.5013528991063064,ols:dm_only
2014-01,0.0004778423470645524,-0.0004171394894317599,0.44749091824815607,ols:dm_only
2014-02,0.004719115839060282,0.0035895662196477104,0.5647748097062859,ols:dm_only
2014-03,0.0011022223426168812,1.0167650244428776e-05,0.5460273461862264,ols:dm_only
2014-04,0.0012800490402753149,0.00013234314850410852,0.5738529458856033,ols:dm_only
2014-05,-0.0002624092846505385,-0.0013865049636348277,0.5620478394921445,ols:dm_only
2014-06,0.0033853891707446046,0.0022419137191030283,0.5717377258207883,ols:dm_only
2014-07,0.0009774407823983698,-0.0001144841777668881,0.5459624800826289,ols:dm_only
2014-08,0.0029494579240457175,0.0018417166919594192,0.5538706160431488,ols:dm_only
2014-09,-0.001817716881707277,-0.0028425825078260305,0.5124328130593766,ols:dm_only
2014-10,0.002634345878748002,0.0015911351679859743,0.521605355381014,ols:dm_only
2014-11,0.008584981347096385,0.007506525651066973,0.539227848014706,ols:dm_only
2014-12,0.013065042380193032,0.012064613690141855,0.5002143450255876,ols:dm_only
2015-01,0.005295848233544305,0.004274981069705656,0.5104335819193244,ols:dm_only
2015-02,-0.0003982100680018856,-0.0016306243293477546,0.6162071306729344,ols:dm_only
2015-03,0.0035771978288698814,0.00231025993465396,0.6334689471079605,ols:dm_only
2015-04,-0.010486906781959167,-0.01170993888446566,0.6115160512532476,ols:dm_only
2015-05,-0.0009085653721144434,-0.0024540914879861474,0.7727630579358521,ols:dm_only
2015-06,0.0020598616982170585,0.0006037376586653366,0.7280620197758608,ols:dm_only
2015-07,0.0071185589565462455,0.00599009596059402,0.5642314979761126,ols:dm_only
2015-08,0.007204716789756169,0.006050560094030748,0.5770783478627101,ols:dm_only
2015-09,0.003531210217321536,0.0022667120085071825,0.632249104407177,ols:dm_only
2015-10,-0.0035259388393809148,-0.004802314134988973,0.6381876478040294,ols:dm_only
2015-11,0.0023031501760855683,0.000947821934159153,0.6776641209632077,ols:dm_only
2015-12,-0.00016616876459310529,-0.0014557279073914642,0.6447795713991795,ols:dm_only
2016-01,0.0010473785176996144,-0.0002193722179511254,0.6333753678253699,ols:dm_only
2016-02,-0.00066295640462381,-0.0019511334102784623,0.6440885028273262,ols:dm_only
2016-03,-0.004520108539433999,-0.005901606798619964,0.6907491295929822,ols:dm_only
2016-04,0.003747873083833902,0.0023473105682553785,0.700281257789262,ols:dm_only
2016-05,0.001146315843083814,-9.994242188013766e-05,0.6231291324819759,ols:dm_only
2016-06,-0.0014509362603750866,-0.002701949699342931,0.6255067194839222,ols:dm_only
2016-07,-0.0009973838448767206,-0.002098784975203186,0.5507005651632328,ols:dm_only
2016-08,0.005539081441436745,0.004323165416994522,0.6079580122211115,ols:dm_only
2016-09,0.006036741310878277,0.004982287265785173,0.5272270225465522,ols:dm_only
2016-10,0.0013523850451582528,0.000523961393306369,0.4142118259259419,ols:dm_only
2016-11,-0.0023482076582816954,-0.0034174022935173796,0.5345973176178422,ols:dm_only
2016-12,0.0006821080347595831,-0.0005613442597709012,0.6217261472652423,ols:dm_only
2017-01,0.002961911921681515,0.0018249863379401453,0.5684627918706852,ols:dm_only
2017-02,-0.0003849382852025871,-0.0015622726736457993,0.5886671942216058,ols:dm_only
2017-03,0.002263302581635501,0.0011687696814524408,0.5472664500915302,ols:dm_only
2017-04,0.0001102510003292152,-0.0009768877272129642,0.5435693637710897,ols:dm_only
2017-05,0.004557508742436474,0.003530421565408211,0.5135435885141316,ols:dm_only
2017-06,0.00047064685260308516,-0.0006675768595078894,0.5691118560554874,ols:dm_only
2017-07,0.0019878744804157295,0.0009441186591499553,0.5218779106328872,ols:dm_only
2017-08,0.0033471134779680203,0.0022528384436951376,0.5471375171364415,ols:dm_only
2017-09,0.0012022900104000278,0.00028100481571922986,0.46064259734039886,ols:dm_only
2017-10,0.0037152718103312006,0.002794077982066025,0.4605969141325877,ols:dm_only
2017-11,0.002217209334757083,0.0011658655769074984,0.5256718789247923,ols:dm_only
2017-12,0.0035979904469670373,0.002489437786090084,0.5542763304384765,ols:dm_only
2018-01,0.004377747091301352,0.0032624093644464357,0.5576688634274583,ols:dm_only
2018-02,0.002847818258327347,0.001641191708844716,0.6033132747413157,ols:dm_only
2018-03,0.004180434607895335,0.0030800982541578635,0.5501681768687358,ols:dm_only
2018-04,0.00049076023019315,-0.0005280778182134463,0.5094190242032982,ols:dm_only
2018-05,0.003012966332615621,0.0018446250402210237,0.5841706461972985,ols:dm_only
2018-06,0.0028065011026471684,0.001605771497673208,0.6003648024869803,ols:dm_only
2018-07,0.002596831887407666,0.001496032453685456,0.5503997168611051,ols:dm_only
2018-08,0.004336770440639738,0.003221706334200676,0.5575320532195311,ols:dm_only
2018-09,0.013053984577233781,0.011942822714556163,0.5555809313388093,ols:dm_only
2018-10,0.0039924560342465285,0.0029478361874447153,0.5223099234009063,ols:dm_only
2018-11,-0.003237484563429085,-0.004378354590543279,0.5704350135570975,ols:dm_only
2018-12,0.004846034972540701,0.0034168719407386846,0.7145815159010082,ols:dm_only
2019-01,-0.0021392815051793582,-0.0033079365933032265,0.5843275440619343,ols:dm_only
2019-02,-0.005641738721027357,-0.006979628630934704,0.6689449549536731,ols:dm_only
2019-03,0.005195733989996828,0.003911305636944035,0.6422141765263963,ols:dm_only
2019-04,0.0017405167893070005,0.0007202133856433563,0.510151701831822,ols:dm_only
2019-05,0.0019160456546743977,0.000814204952731577,0.5509203509714105,ols:dm_only
2019-06,0.002547203054817882,0.0013139169106545423,0.6166430720816698,ols:dm_only
2019-07,0.005788011205377553,0.0046499525886012725,0.5690293083881398,ols:dm_only
2019-08,0.004204466478814402,0.0031994383626962122,0.5025140580590949,ols:dm_only
2019-09,-0.002625216971189542,-0.003720226284136638,0.5475046564735481,ols:dm_only
2019-10,0.002090380722003754,0.0008579534020909369,0.6162136599564085,ols:dm_only
2019-11,0.0011554001797264984,6.915360350469485e-05,0.5431232881109019,ols:dm_only
2019-12,0.005141184373829834,0.003986547544113623,0.5773184148581056,ols:dm_only
2020-01,0.005453079355613958,0.0044763503251937726,0.488364515210093,ols:dm_only
2020-02,0.009458111468082188,0.008382146550650602,0.5379824587157919,ols:dm_only
2020-03,0.015461432631474148,0.014403564740582424,0.5289339454458628,ols:dm_only
2020-04,-0.01816995514716239,-0.019688947912617136,0.759496382727373,ols:dm_only
2020-05,-0.0008340007583805624,-0.002893907404711642,1.0299533231655398,ols:dm_only
2020-06,-0.0025629073461417387,-0.004204619824262978,0.8208562390606193,ols:dm_only
2020-07,0.005254082724489516,0.003717350274086166,0.768366225201675,ols:dm_only
2020-08,0.0022564428109321773,0.0008020765754430726,0.7271831177445521,ols:dm_only
2020-09,-0.004336228865618948,-0.0057678953851876165,0.715833259784334,ols:dm_only
2020-10,0.0015234890614250025,5.3481103889524294e-05,0.7350039787677388,ols:dm_only
2020-11,-0.023884156648217213,-0.025158667485681643,0.6372554187322155,ols:dm_only
2020-12,0.0022373335290294216,0.0003172982496988498,0.960017639665286,ols:dm_only
2021-01,0.0013996599051403302,-0.00025334739736067606,0.8265036512505032,ols:dm_only
2021-02,0.0019008421749596072,0.0004728456670891473,0.71399825393523,ols:dm_only
2021-03,0.006433630762413403,0.004944917663097786,0.7443565496578088,ols:dm_only
2021-04,0.00513236280445416,0.0038346788331665815,0.648841985643789,ols:dm_only
2021-05,0.0033975441953732906,0.002089509594506918,0.6540173004331863,ols:dm_only
2021-06,-0.0039056222976029662,-0.0051518797439609266,0.6231287231789797,ols:dm_only
2021-07,0.00404501648469146,0.0028547297695035857,0.5951433575939373,ols:dm_only
2021-08,-0.0013351772930183207,-0.0024924722243191643,0.5786474656504219,ols:dm_only
2021-09,0.007374294911261615,0.0061207126805792045,0.6267911153412049,ols:dm_only
2021-10,0.0021419704507000064,0.0009622527262863577,0.5898588622068243,ols:dm_only
2021-11,0.004465590950140431,0.0033242188716427704,0.5706860392488303,ols:dm_only
2021-12,0.007789739206705514,0.006430334378588523,0.6797024140584956,ols:dm_only
2022-01,0.011523260035979322,0.010414395567756144,0.5544322341115898,ols:dm_only
2022-02,0.0072231813947920475,0.006209775876348762,0.5067027592216422,ols:dm_only
2022-03,0.009422922731603932,0.008323464305708857,0.5497292129475387,ols:dm_only
2022-04,0.010361286042558027,0.009372500676268516,0.49439268314475604,ols:dm_only
2022-05,0.003823002388332483,0.002817078897277108,0.5029617455276878,ols:dm_only
2022-06,0.001586424094009528,0.00045337385942869203,0.5665251172904178,ols:dm_only
2022-07,-0.00496223252889466,-0.006138620720042975,0.5881940955741574,ols:dm_only
2022-08,-0.0008184292985045183,-0.002074842214118283,0.6282064578068821,ols:dm_only
2022-09,0.004954647422986161,0.0038041675449513525,0.5752399390174041,ols:dm_only
2022-10,0.0061887452979349725,0.005056298613154773,0.5662233423900997,ols:dm_only
2022-11,-0.006223484526135084,-0.007452987254744989,0.614751364304953,ols:dm_only
2022-12,0.00414096351438101,0.0027888497071918814,0.6760569035945642,ols:dm_only
2023-01,0.0005278196940680066,-0.0006362879259243745,0.5820538099961905,ols:dm_only
2023-02,0.007140594120752525,0.005986018054144537,0.5772880333039949,ols:dm_only
2023-03,0.0021904449348493175,0.0012291619921284433,0.4806414713604374,ols:dm_only
2023-04,-5.499090607635207e-05,-0.0011779972673472252,0.5615031806354365,ols:dm_only
2023-05,-0.0015470601919230673,-0.002562259320951128,0.5075995645140305,ols:dm_only
2023-06,0.0009391405658802397,-0.00014898319191844792,0.5440618788993438,ols:dm_only
2023-07,0.004541229916893577,0.0034102410940541577,0.5654944114197094,ols:dm_only
2023-08,0.00130992156716519,0.00021628008648862777,0.5468207403382812,ols:dm_only
2023-09,0.009898838254758265,0.008860404665962883,0.5192167943976922,ols:dm_only
2023-10,0.007429952785818822,0.006542535802183718,0.4437084918175522,ols:dm_only
2023-11,-0.009238915300588686,-0.010211093233822273,0.48608896661679374,ols:dm_only
2023-12,0.0032360262829360152,0.002045249588375382,0.5953883472803166,ols:dm_only
2024-01,0.007563498935576326,0.006493125255803465,0.5351868398864295,ols:dm_only
2024-02,0.0002985986449472181,-0.0008127284520713797,0.5556635485092987,ols:dm_only
2024-03,0.0035215010894493167,0.002371145594343566,0.5751777475528752,ols:dm_only
2024-04,-0.0006059040745538307,-0.0017175072302268945,0.5558015778365317,ols:dm_only
2024-05,0.0013131049905017488,0.0002060575309658171,0.553523729767966,ols:dm_only
2024-06,-0.0013147593215937189,-0.0023968660002835363,0.5410533393449086,ols:dm_only
2024-07,0.00021909919845617028,-0.0008462895454336661,0.5326943719449182,ols:dm_only
2024-08,0.0025577184705818778,0.0014214914950441747,0.5681134877688514,ols:dm_only
2024-09,0.00035609787614854764,-0.0007283819131129247,0.5422398946307362,ols:dm_only
2024-10,0.0050717937004748715,0.003946772358633979,0.5625106709204467,ols:dm_only
2024-11,0.008920486142307425,0.007811462493713505,0.55451182429696,ols:dm_only
2024-12,0.0016772206030169759,0.0005657929761828192,0.5557138134170783,ols:dm_only
2025-01,0.0002850198997284385,-0.0006536717035143756,0.469345801621407,ols:dm_only
2025-02,0.0038611034655761096,0.00276988822889009,0.5456076183430095,ols:dm_only
2025-03,0.005327513485620822,0.004298324890060156,0.5145942977803332,ols:dm_only
2025-04,-0.0032308006702571686,-0.004249939771350835,0.5095695505468331,ols:dm_only
2025-05,-0.0009726437716531046,-0.002102675960785318,0.5650160945661068,ols:dm_only
2025-06,-0.00022974519983920053,-0.0013128800544723435,0.5415674273165715,ols:dm_only
2025-07,-0.0002889081616631735,-0.0012261927848897013,0.46864231161326403,ols:dm_only
2025-08,0.002732230239696313,0.0016845854779922878,0.5238223808520128,ols:dm_only
2025-09,0.003317883207305009,0.002224715270068533,0.5465839686182383,ols:dm_only
2025-10,0.00821438153690627,0.007136003587397823,0.5391889747542232,ols:dm_only
2025-11,0.0013143558238017717,0.00016652240298565245,0.5739167104080596,ols:dm_only
2025-12,0.009742508000076831,0.008625728024244574,0.5583899879161286,ols:dm_only
2001-01,-0.018543581631774768,-0.018543581631774768,0.0,ols:own
2001-02,0.0035846970566365682,0.0017468502840857175,0.9189233862754256,ols:own
2001-03,0.02792577169816182,0.025948918687957522,0.9884265051021488,ols:own
2001-04,0.006008122497160175,0.0045343143701831075,0.736904063488534,ols:own
2001-05,0.010548482899200969,0.008395159680913653,1.0766616091436576,ols:own
2001-06,-0.005492661328520213,-0.007174759099671844,0.8410488855758147,ols:own
2001-07,0.016804662571434544,0.014795567055267949,1.0045477580832967,ols:own
2001-08,-0.004900488686536495,-0.006456645481177172,0.7780783973203385,ols:own
2001-09,0.002236476952429895,0.0003320996235249772,0.9521886644524588,ols:own
2001-10,-0.0037396938209578122,-0.005915932807574581,1.0881194933083842,ols:own
2001-11,0.02135228104082364,0.019163271209930114,1.0945049154467623,ols:own
2001-12,0.012492296502387309,0.01074080121812129,0.8757476421330102,ols:own
2002-01,8.284703633764703e-05,-0.0020660597944111704,1.0744534153744083,ols:own
2002-02,0.002513087132060877,0.0006443691414891718,0.934358995285853,ols:own
2002-03,0.007710673881356426,0.005850554392659343,0.9300597443485409,ols:own
2002-04,0.004170341672050073,0.0026248796207799284,0.7727310256350718,ols:own
2002-05,0.002534105826214452,0.000821847670697207,0.8561290777586222,ols:own
2002-06,-0.0028809929778226785,-0.004454707336799999,0.7868571794886605,ols:own
2002-07,-0.006463133289307561,-0.008151283207937881,0.8440749593151603,ols:own
2002-08,0.004029539404441336,0.0024739376817644585,0.7778008613384384,ols:own
2002-09,-0.00469320775838156,-0.006098841137548761,0.7028166895836008,ols:own
2002-10,-0.00161598266826415,-0.0030443218563299206,0.7141695940328854,ols:own
2002-11,0.008562269191507828,0.006846612854434693,0.8578281685365673,ols:own
2002-12,-0.004038024537132204,-0.005491202096053406,0.7265887794606019,ols:own
2003-01,-0.00014898116426325048,-0.0026134234259313567,1.2322211308340534,ols:own
2003-02,0.0013164707485690962,7.518585962762662e-05,0.6206424444707347,ols:own
2003-03,0.0066327568766463745,0.005316586310248918,0.6580852831987294,ols:own
2003-04,-0.006777313034008515,-0.007663636511539104,0.4431617387652944,ols:own
2003-05,0.004130905073584987,0.0028579749789727034,0.6364650473061417,ols:own
2003-06,0.0052696502970353415,0.003961490910554345,0.6540796932404984,ols:own
2003-07,0.00465852205599851,0.003684487933134158,0.4870170614321757,ols:own
2003-08,0.0038220139035204173,0.0025916984371685374,0.6151577331759398,ols:own
2003-09,0.0007659160151381643,-0.00047694790179569023,0.6214319584669272,ols:own
2003-10,0.010588159846121098,0.009411894376280731,0.5881327349201839,ols:own
2003-11,0.0021729771786710896,0.001143800468761714,0.5145883549546879,ols:own
2003-12,-0.0013525370854989014,-0.00238663648569677,0.5170497000989343,ols:own
2004-01,-0.0009369364280698159,-0.00221784909958127,0.6404563357557267,ols:own
2004-02,-0.0004969848981990992,-0.0017958752619397392,0.64944518187032,ols:own
2004-03,0.0019415464899801308,0.0008425234746180141,0.5495115076810584,ols:own
2004-04,0.0017655284119528448,0.0007408399820358065,0.5123442149585193,ols:own
2004-05,-0.0068618287323886995,-0.007962405895813417,0.5502885817123591,ols:own
2004-06,0.004750647217354202,0.003581618894324075,0.5845141615150633,ols:own
2004-07,0.005384322060780995,0.004484967814102916,0.4496771233390398,ols:own
2004-08,0.006323062459665492,0.005474286319462847,0.424388070101323,ols:own
2004-09,0.003434357735791028,0.0025804667384875207,0.4269454986517534,ols:own
2004-10,0.009825107617534481,0.008959382013686883,0.4328628019237991,ols:own
2004-11,0.004265085889377962,0.003550407291433115,0.3573392989724235,ols:own
2004-12,0.008240366006756381,0.007315578246012832,0.46239388037177465,ols:own
2005-01,-0.0015239979841550333,-0.002500267135712967,0.48813457577896685,ols:own
2005-02,0.008118384181645729,0.007273882691673684,0.42225074498602233,ols:own
2005-03,0.008724257729243054,0.007963370176717067,0.3804437762629932,ols:own
2005-04,0.011793575116592474,0.010994682034869876,0.39944654086129866,ols:own
2005-05,-0.011849114539132125,-0.012611091878757388,0.380988669812632,ols:own
2005-06,0.003162170974704322,0.002165877492967609,0.49814674086835675,ols:own
2005-07,0.006335748341947205,0.005495563115197381,0.42009261337491227,ols:own
2005-08,-0.0026864014436629646,-0.003396705763300166,0.35515215981860077,ols:own
2005-09,0.00010724309317817744,-0.0008130428672010092,0.4601429801895932,ols:own
2005-10,0.0014911579042388547,0.0007818075311583722,0.3546751865402412,ols:own
2005-11,-0.002868733598581281,-0.003594154830436682,0.3627106159277007,ols:own
2005-12,-0.0027530456983436234,-0.00347763912270795,0.36229671218216347,ols:own
2006-01,0.012985501512811004,0.012103940809931785,0.4407803514396087,ols:own
2006-02,0.0026686944480373478,0.0016212789128977943,0.523707767569777,ols:own
2006-03,-0.008772358330995007,-0.00981211363379874,0.5198776514018677,ols:own
2006-04,0.00614578209258865,0.005186430288599798,0.4796759019944255,ols:own
2006-05,0.003605439376362016,0.0025094458299825284,0.5479967731897439,ols:own
2006-06,0.01973221698377406,0.0187669759627012,0.48262051053642985,ols:own
2006-07,-0.0015137070093456724,-0.002483900732403974,0.48509686152915094,ols:own
2006-08,-0.004575398400746405,-0.005761387847063337,0.5929947231584656,ols:own
2006-09,0.0018121042501856397,0.0008048106550428382,0.5036467975714006,ols:own
2006-10,-0.0035778921205182877,-0.004480194659013918,0.4511512692478153,ols:own
2006-11,0.008461492913253628,0.007532507518402756,0.4644926974254368,ols:own
2006-12,0.002297426558784862,0.001477428777973461,0.4099988904057007,ols:own
2007-01,0.0058427401528124675,0.004667453060753707,0.5876435460293805,ols:own
2007-02,0.002920297923178434,0.0017278542228017734,0.5962218501883302,ols:own
2007-03,0.007152173698046972,0.006030073035898918,0.5610503310740259,ols:own
2007-04,0.003031031255542784,0.0018492034023711718,0.5909139265858062,ols:own
2007-05,0.0008101870506145902,-0.000315850100171815,0.5630185753932024,ols:own
2007-06,0.00041422721130671326,-0.0007404157829930752,0.5773214971498942,ols:own
2007-07,-4.7844641294526175e-05,-0.0014093418913504992,0.6807486250279864,ols:own
2007-08,0.0007866671507626675,-0.00045348179275355577,0.6200744717581117,ols:own
2007-09,0.00032374396692119446,-0.0010245662792126228,0.6741551230669087,ols:own
2007-10,0.008375080650972887,0.007112561139110497,0.631259755931195,ols:own
2007-11,-0.0008342315775342675,-0.0021013490790697913,0.6335587507677619,ols:own
2007-12,0.002908310255725349,0.0014218601513575357,0.7432250521839067,ols:own
2008-01,-0.0013387043217632844,-0.0025918766517499113,0.6265861649933131,ols:own
2008-02,0.0010360414314649572,-0.0003031696354761987,0.669605533470578,ols:own
2008-03,-0.0015802289264094838,-0.0028945722162163684,0.6571716449034424,ols:own
2008-04,0.0041661742614449385,0.0028823603630672356,0.6419069491888513,ols:own
2008-05,-0.00518829858045057,-0.006519749081710592,0.6657252506300112,ols:own
2008-06,0.0031833297301162035,0.0018363760478311729,0.6734768411425153,ols:own
2008-07,-0.0005548253808371554,-0.0017122179125293594,0.5786962658461017,ols:own
2008-08,0.005768169852988877,0.004309031240408995,0.7295693062899407,ols:own
2008-09,0.00622802682768775,0.004942181298813634,0.642922764437058,ols:own
2008-10,0.023129066846130884,0.021947735099138235,0.5906658734963238,ols:own
2008-11,0.01579065793881336,0.014678122583976994,0.556267677418183,ols:own
2008-12,-0.0024431799785187744,-0.003434208250759928,0.4955141361205767,ols:own
2009-01,0.0034590794244405056,0.0024573758032925374,0.5008518105739839,ols:own
2009-02,0.00459555844232295,0.0036438777524541287,0.475840344934411,ols:own
2009-03,-0.005822686595463986,-0.006518888383135469,0.34810089383574144,ols:own
2009-04,-0.01585759742626447,-0.016792534914825116,0.46746874428032203,ols:own
2009-05,-0.005855957724815396,-0.0069450211492759735,0.5445317122302893,ols:own
2009-06,0.0013289050958118142,0.00015771204614537844,0.585596524833218,ols:own
2009-07,0.001428731294529835,0.00019600137734199785,0.6163649585939185,ols:own
2009-08,0.0003118279509737568,-0.0006457607412883673,0.47879434613106203,ols:own
2009-09,0.0031778636752581068,0.0021613294462879554,0.5082671144850756,ols:own
2009-10,0.002945251314573766,0.0020514738094430567,0.44688875256535476,ols:own
2009-11,0.004010808116735417,0.0030498195573648887,0.480494279685264,ols:own
2009-12,-0.0017488364854522209,-0.0026411802403947015,0.4461718774712404,ols:own
2010-01,-0.0002807215951703361,-0.001268134881638206,0.4937066432339348,ols:own
2010-02,0.001005410824468935,8.505357144999171e-05,0.46017862650947167,ols:own
2010-03,-0.0018761675782721617,-0.002879549914862135,0.5016911682949867,ols:own
2010-04,0.006031481522795976,0.005186560007134591,0.42246075783069215,ols:own
2010-05,0.0060099404309421935,0.005261151620902662,0.37439440501976606,ols:own
2010-06,0.0068977366836865455,0.006160661678406967,0.36853750263978946,ols:own
2010-07,0.001751358682932618,0.0010547509233090645,0.3483038798117767,ols:own
2010-08,0.0032207900900002935,0.0023117851118348593,0.45450248908271695,ols:own
2010-09,0.002022647971920293,0.0011128056492314342,0.4549211613444294,ols:own
2010-10,0.004358715123481114,0.003461640999631199,0.4485370619249574,ols:own
2010-11,0.008362454863537695,0.007501215066198884,0.430619898669406,ols:own
2010-12,0.003444293362333242,0.0026043519051150332,0.4199707286091044,ols:own
2011-01,0.005501764802408293,0.0046556895992397995,0.4230376015842465,ols:own
2011-02,-8.679101336129386e-05,-0.0009713039839576451,0.44225648529817585,ols:own
2011-03,0.001466743786430278,0.0006267768120090303,0.4199834872106239,ols:own
2011-04,0.006628070857492931,0.005895395926158306,0.3663374656673125,ols:own
2011-05,0.004754092687034502,0.004116995160011841,0.3185487635113303,ols:own
2011-06,0.005119909367314436,0.004464724257669026,0.3275925548227052,ols:own
2011-07,0.006249416170215834,0.005745387182554581,0.25201449383062696,ols:own
2011-08,0.006596735383274218,0.006087701235647727,0.2545170738132453,ols:own
2011-09,0.011427163671738154,0.010906172705680787,0.2604954830286833,ols:own
2011-10,-0.005189214182978866,-0.005768891916206807,0.28983886661397074,ols:own
2011-11,0.004881603347079076,0.0039625732408853495,0.4595150530968633,ols:own
2011-12,0.0038553291593149725,0.002943518190119291,0.45590548459784086,ols:own
2012-01,-0.015921671618203584,-0.01656641072740017,0.3223695545982944,ols:own
2012-02,-0.0003416254971991028,-0.0012088272793223116,0.4336008910616045,ols:own
2012-03,0.008988731938283166,0.008158023915903603,0.41535401118978127,ols:own
2012-04,0.004571575638624029,0.003813270071884933,0.3791527833695478,ols:own
2012-05,0.007889467538680549,0.007166512885475507,0.36147732660252047,ols:own
2012-06,0.00408931105853825,0.003393021987993191,0.34814453527252925,ols:own
2012-07,0.005017376909974865,0.004254448052850517,0.381464428562174,ols:own
2012-08,0.004937097766581723,0.00422102374180505,0.35803701238833685,ols:own
2012-09,2.0718050927541122e-05,-0.0006496633310868782,0.33519069100720966,ols:own
2012-10,0.0022991187059496912,0.0015092894476246583,0.39491462916251646,ols:own
2012-11,0.006464787356480464,0.00577558962141014,0.34459886753516206,ols:own
2012-12,-0.0016080596886967331,-0.002178584944632313,0.28526262796778973,ols:own
2013-01,0.003038255675678304,0.0023705306366773446,0.3338625195004797,ols:own
2013-02,0.004132595199495651,0.0034444111633875805,0.34409201805403516,ols:own
2013-03,0.0072221589323269615,0.006565282674389459,0.3284381289687509,ols:own
2013-04,0.007234004050692806,0.006691008077199638,0.27149798674658426,ols:own
2013-05,0.0021710696921057684,0.001600956960113938,0.2850563659959152,ols:own
2013-06,0.003679998083238942,0.0029775163941065503,0.35124084456619564,ols:own
2013-07,0.009187733960685996,0.00846217585648907,0.36277905209846256,ols:own
2013-08,6.202751526210541e-05,-0.000662115096749196,0.3620713060056508,ols:own
2013-09,-0.004237053243519793,-0.005038299125121489,0.40062294080084765,ols:own
2013-10,-0.0009023379138772558,-0.001643221261911608,0.37044167401717604,ols:own
2013-11,0.00027668066231120714,-0.0003677973912800001,0.3222390267956036,ols:own
2013-12,0.0036076683060767946,0.003012471473807228,0.2975984161347834,ols:own
2014-01,0.002455711419212234,0.0019375302175090926,0.25909060085157076,ols:own
2014-02,0.004996672962212075,0.004361872487125137,0.3174002375434695,ols:own
2014-03,0.001476283457801021,0.0008353233175536001,0.3204800701237103,ols:own
2014-04,0.00036010923364348195,-0.0003371852576425001,0.34864724564299104,ols:own
2014-05,-0.00227292487245165,-0.00301337289351436,0.37022401053135473,ols:own
2014-06,0.004368600154176608,0.003632942536591227,0.3678288087926911,ols:own
2014-07,0.0024655837181038723,0.0018386135306211826,0.31348509374134487,ols:own
2014-08,0.0022554314910181927,0.0016176174157508266,0.31890703763368294,ols:own
2014-09,-0.00227762285912958,-0.0028909786448762654,0.3066778928733427,ols:own
2014-10,0.002731911281442012,0.002111791949812548,0.3100596658147321,ols:own
2014-11,0.006983499793679035,0.006317155229157234,0.33317228226090057,ols:own
2014-12,0.009124118291872615,0.008523156667873472,0.30048081199957116,ols:own
2015-01,0.005318297833227659,0.004644042411759767,0.33712771073394576,ols:own
2015-02,0.00017770194091766556,-0.0005916344771065828,0.3846682090121241,ols:own
2015-03,0.003899071859204106,0.0031285623958898865,0.3852547316571096,ols:own
2015-04,-0.007671542616767071,-0.008489841323094357,0.40914935316364276,ols:own
2015-05,-0.00266941331368904,-0.003551133260498614,0.44085997340478733,ols:own
2015-06,0.002123990964860424,0.0012530999449595808,0.43544550995042147,ols:own
2015-07,0.005630833941504572,0.0049682003978157975,0.3313167718443876,ols:own
2015-08,0.004305648244789134,0.003619840338286084,0.34290395325152484,ols:own
2015-09,0.0040153739923665934,0.0033277843602983305,0.34379481603413176,ols:own
2015-10,-0.0007147424189757116,-0.0014169968492395006,0.3511272151318944,ols:own
2015-11,0.001625301781957215,0.0008894975564027486,0.3679021127772333,ols:own
2015-12,0.0008590827689472178,8.954125950967172e-05,0.38477075471877287,ols:own
2016-01,0.0026812628400712793,0.0018732606165013997,0.40400111178494,ols:own
2016-02,-0.0008512013239512721,-0.0014341377109485696,0.29146819349864883,ols:own
2016-03,-0.00815040344237725,-0.008782037181375053,0.3158168694989022,ols:own
2016-04,0.0026332802163906493,0.0018988891727834897,0.36719552180357995,ols:own
2016-05,0.004771328123584083,0.004198154257935292,0.28658693282439507,ols:own
2016-06,-0.0014271194850181159,-0.0019656546863070024,0.2692676006444434,ols:own
2016-07,0.0015933715600730623,0.0010852460271371421,0.25406276646796017,ols:own
2016-08,0.006052404737059931,0.005498660513424605,0.2768721118176625,ols:own
2016-09,0.005637087185194691,0.005135596425069711,0.2507453800624901,ols:own
2016-10,0.0020953048226440957,0.0017337798756546568,0.18076247349471936,ols:own
2016-11,-0.0033552781862410132,-0.0038577287464382107,0.25122528009859907,ols:own
2016-12,0.001239686169077125,0.0006770410435849375,0.28132256274609374,ols:own
2017-01,0.0043986917485549885,0.003912351682666317,0.24317003294433578,ols:own
2017-02,-0.0015721946796151858,-0.0021017981483309467,0.2648017343578805,ols:own
2017-03,0.004035038093216256,0.003551040745105443,0.24199867405540643,ols:own
2017-04,8.61945120375358e-05,-0.00038906964871881925,0.23763208037817735,ols:own
2017-05,0.005771871751869102,0.005301391811876959,0.23523996999607139,ols:own
2017-06,-0.0002101590082905936,-0.0007022086222818944,0.24602480699565032,ols:own
2017-07,0.004406543754771521,0.0039534218647122666,0.2265609450296271,ols:own
2017-08,0.002923240436130251,0.0024581311418303063,0.23255464714997226,ols:own
2017-09,0.0016972987473571615,0.0013188578631803064,0.1892204420884276,ols:own
2017-10,0.0029669660403425424,0.0025856301546029426,0.19066794286979974,ols:own
2017-11,0.0025678220956290277,0.0021325723964937394,0.21762484956764402,ols:own
2017-12,0.0016051859590270484,0.0011614073678207545,0.2218892956031468,ols:own
2018-01,0.005453583746255368,0.0050231812081056055,0.21520126907488143,ols:own
2018-02,0.0036277264957399126,0.0031727333055411528,0.22749659509938,ols:own
2018-03,0.0034664451192041273,0.0030221784000305954,0.2221333595867663,ols:own
2018-04,0.0011038758281898555,0.0007500939516068346,0.1768909382915104,ols:own
2018-05,0.004741725690284846,0.004303354611399004,0.21918553944292093,ols:own
2018-06,0.003341229699969295,0.002851892142184329,0.2446687788924832,ols:own
2018-07,0.004518389439010851,0.004055675250202559,0.23135709440414612,ols:own
2018-08,0.004247792586805617,0.0037779178169265655,0.23493738493952596,ols:own
2018-09,0.01275030733428503,0.012248036969240933,0.2511351825220491,ols:own
2018-10,0.0020820745604653913,0.0016297188175713462,0.22617787144702256,ols:own
2018-11,-0.0024243497181196823,-0.00293128363095023,0.25346695641527417,ols:own
2018-12,0.00023531910516081815,-0.0003716187107062126,0.30346890793351533,ols:own
2019-01,0.0020271361836915708,0.0014801185737436044,0.27350880497398333,ols:own
2019-02,-0.004093572100303605,-0.004667677336380833,0.2870526180386139,ols:own
2019-03,0.004336055585329801,0.0037932127925328933,0.27142139639845386,ols:own
2019-04,0.0019570410349373265,0.0015029796780830868,0.2270306784271197,ols:own
2019-05,0.0010111318858048212,0.0005016664579987421,0.25473271390303986,ols:own
2019-06,0.004002609335597578,0.0034275629325792476,0.2875232015091649,ols:own
2019-07,0.005320300884763758,0.004794251922794618,0.26302448098456976,ols:own
2019-08,0.0023580327450232344,0.0018834019073040024,0.2373154188596162,ols:own
2019-09,-0.001790081429722471,-0.0023108815416785274,0.2604000559780283,ols:own
2019-10,0.0012992866427077086,0.0007629548682944104,0.2681658872066493,ols:own
2019-11,0.001746596115561145,0.001252332291074352,0.2471319122433967,ols:own
2019-12,0.004446537471388305,0.0039201574251186136,0.26319002313484563,ols:own
2020-01,0.0034757441292502895,0.003075668776187886,0.2000376765312019,ols:own
2020-02,0.005877194078192324,0.0053851522150548895,0.24602093156871654,ols:own
2020-03,0.00821715558025924,0.007739422374206173,0.2388666030265338,ols:own
2020-04,-0.009860422828142073,-0.010643367552016622,0.3914723619372749,ols:own
2020-05,-0.0021466614997166663,-0.003232524246459895,0.5429313733716145,ols:own
2020-06,-0.004025864553096904,-0.004836441985067307,0.4052887159852014,ols:own
2020-07,0.003892270177035609,0.003206952634572836,0.34265877123138694,ols:own
2020-08,-0.0009502703072524263,-0.0016578219883095968,0.35377584052858535,ols:own
2020-09,-0.0020011568217704143,-0.0027147854667093946,0.35681432246949024,ols:own
2020-10,0.003716456108725068,0.0030922634102763013,0.31209634922438323,ols:own
2020-11,-0.022777774281783212,-0.023319204949299597,0.27071533375819157,ols:own
2020-12,-0.002871321516039904,-0.0037032158917275145,0.41594718784380563,ols:own
2021-01,0.003625554687414684,0.0029083308135173084,0.3586119369486877,ols:own
2021-02,0.0004909407989757394,-0.00011721479963288246,0.3040777993043109,ols:own
2021-03,0.004657613409368691,0.004008286704032042,0.3246633526683249,ols:own
2021-04,0.004208716520359358,0.0036118277689815323,0.2984443756889129,ols:own
2021-05,0.0018562839057618366,0.0013281479307546483,0.26406798750359434,ols:own
2021-06,-0.004272468770433372,-0.004732511218987948,0.2300212242772874,ols:own
2021-07,0.0026693650337799614,0.0021969867002465224,0.23618916676671944,ols:own
2021-08,0.0003682541504218689,-0.00014731973715515804,0.2577869437885136,ols:own
2021-09,0.007120275058300768,0.006608711650928811,0.2557817036859791,ols:own
2021-10,0.0015955641244179487,0.001087606786040532,0.25397866918870843,ols:own
2021-11,0.006047655255035701,0.005561367194062473,0.24314403048661395,ols:own
2021-12,0.009874332660870209,0.009166946321532166,0.35369316966902137,ols:own
2022-01,0.012535896383649913,0.012001989247949613,0.26695356785014895,ols:own
2022-02,0.008698340128534066,0.00811987887259974,0.2892306279671633,ols:own
2022-03,0.008826552076957744,0.008222428648704658,0.3020617141265426,ols:own
2022-04,0.010940301914437648,0.010379224382132742,0.2805387661524525,ols:own
2022-05,0.003880693432658046,0.0033263376521518134,0.27717789025311595,ols:own
2022-06,-0.0008973356770540962,-0.001520098137956534,0.31138123045121885,ols:own
2022-07,-0.002169104549545973,-0.002789892986583757,0.310394218518892,ols:own
2022-08,-0.0005284701149350535,-0.001195073076837345,0.33330148095114553,ols:own
2022-09,0.003203910363040541,0.0026341805076841316,0.28486492767820454,ols:own
2022-10,0.0065813965343909245,0.0059829931151830305,0.2992017096039467,ols:own
2022-11,-0.0035311928938990436,-0.004201269863621546,0.3350384848612513,ols:own
2022-12,0.004424715943801057,0.003686501758056125,0.3691070928724662,ols:own
2023-01,0.0010725926424138665,0.0003896712445511154,0.34146069893137554,ols:own
2023-02,0.005102815540020914,0.004472084591694615,0.3153654741631501,ols:own
2023-03,0.002415747218051348,0.0019280278529825378,0.24385968253440488,ols:own
2023-04,-0.00018740391270308937,-0.0008129902356679687,0.31279316148243974,ols:own
2023-05,-0.0018440405982273831,-0.0023883799806553485,0.27216969121398255,ols:own
2023-06,0.0022084542689187214,0.001660516450435337,0.2739689092416922,ols:own
2023-07,0.0038716512052320014,0.0032492159910170373,0.311217607107482,ols:own
2023-08,0.0013217554007680715,0.0007017030172496455,0.3100261917592128,ols:own
2023-09,0.008096251473205161,0.007569549434775418,0.26335101921487164,ols:own
2023-10,0.006441967336691897,0.005980087767536068,0.23093978457791445,ols:own
2023-11,-0.006260342554271822,-0.006792261829903793,0.2659596378159858,ols:own
2023-12,0.0036902035072105886,0.003094968392030342,0.29761755759012337,ols:own
2024-01,0.00912635650781462,0.00859697240587892,0.2646920509678497,ols:own
2024-02,0.0005056640300645922,-7.320272787525687e-05,0.28943337896992466,ols:own
2024-03,0.004086532353459866,0.0035053631156849742,0.2905846188874461,ols:own
2024-04,0.00038378316621669753,-0.00020000459138692589,0.2918938788018117,ols:own
2024-05,0.0006856774766012916,0.00010191853684513094,0.2918794698780802,ols:own
2024-06,0.001006570530956997,0.00045484119229105243,0.2758646693329723,ols:own
2024-07,0.0009495621222759216,0.00041055537473012817,0.26950337377289674,ols:own
2024-08,0.0017908996340080952,0.001176483428007349,0.3072081030003729,ols:own
2024-09,0.00015321032256706752,-0.0004268214310014169,0.2900158767842422,ols:own
2024-10,0.0034547408785920606,0.002903171511235562,0.2757846836782492,ols:own
2024-11,0.009578944375623281,0.009038828730481,0.27005782257114125,ols:own
2024-12,0.001942957139834786,0.0013903245395599844,0.2763163001374007,ols:own
2025-01,0.0005296978872896484,6.318576816260203e-05,0.23325605956352327,ols:own
2025-02,0.003712127857538969,0.0031346430683261307,0.28874239460641893,ols:own
2025-03,0.004928890456142652,0.004394128389487039,0.2673810333278065,ols:own
2025-04,-0.0017077874751567099,-0.002224732997438979,0.25847276114113443,ols:own
2025-05,-0.0005625183637962644,-0.0011374838106433564,0.28748272342354614,ols:own
2025-06,-0.002410249469302508,-0.002962085267213717,0.27591789895560437,ols:own
2025-07,-0.00197271724385655,-0.0024490997812498944,0.23819126869667198,ols:own
2025-08,0.0015721821937207433,0.0010631787134444178,0.2545017401381626,ols:own
2025-09,0.004030565506180258,0.0035041945312757465,0.26318548745225584,ols:own
2025-10,0.008047343262948061,0.0075253852643088455,0.2609789993196073,ols:own
2025-11,0.0029146267950332346,0.002343736179028551,0.2854453080023421,ols:own
2025-12,0.008995285735348801,0.008452555879124423,0.27136492811218915,ols:own
2001-01,-0.01477274558899565,-0.01477274558899565,0.0,ols:pooled
2001-02,0.00498282254897091,0.0030058328339123324,0.9884948575292889,ols:pooled
2001-03,0.024440703473847334,0.02234985340278739,1.0454250355299715,ols:pooled
2001-04,0.005922337107382377,0.004305513849089714,0.8084116291463319,ols:pooled
2001-05,0.008909591959529407,0.006989142067997121,0.9602249457661431,ols:pooled
2001-06,-0.007066316664413833,-0.008712453058086303,0.8230681968362348,ols:pooled
2001-07,0.018626328933378077,0.016667335053705802,0.9794969398361382,ols:pooled
2001-08,-0.00771335937976871,-0.009311765025216719,0.7992028227240049,ols:pooled
2001-09,0.0008269295121973496,-0.0011313680874540767,0.9791487998257132,ols:pooled
2001-10,-0.01379957141686493,-0.01589972951189022,1.050079047512645,ols:pooled
2001-11,0.01913325101593032,0.016840226673341653,1.1465121712943342,ols:pooled
2001-12,0.011510596939900463,0.009752374979394686,0.8791109802528877,ols:pooled
2002-01,0.0010340041861392052,-0.0012400650350260433,1.1370346105826246,ols:pooled
2002-02,0.005403289323899207,0.003476674520528082,0.9633074016855634,ols:pooled
2002-03,0.009995973992112392,0.008226410877812059,0.8847815571501667,ols:pooled
2002-04,0.00684211955531051,0.005323474075216027,0.7593227400472412,ols:pooled
2002-05,0.004289530025197695,0.00263257662742556,0.8284766988860677,ols:pooled
2002-06,0.0003542429717299007,-0.001292010356438077,0.8231266640839887,ols:pooled
2002-07,-0.0016476901190860273,-0.0033144372076799474,0.83337354429696,ols:pooled
2002-08,-0.0004666231874112576,-0.0020948657483183726,0.8141212804535574,ols:pooled
2002-09,-0.0032598006141140294,-0.0048074445824562015,0.7738219841710863,ols:pooled
2002-10,-0.0027850667164744046,-0.004242077530206694,0.7285054068661448,ols:pooled
2002-11,0.007375445046730702,0.005534934447376624,0.9202552996770396,ols:pooled
2002-12,-0.0025234206941817166,-0.003970499327002744,0.7235393164105142,ols:pooled
2003-01,0.000913465409079438,-0.0015885600805048523,1.251012744792145,ols:pooled
2003-02,-6.412435101329022e-05,-0.0012122741439963606,0.5740748964915352,ols:pooled
2003-03,0.009223233505356837,0.00801703622782486,0.6030986387659882,ols:pooled
2003-04,-0.005082694534753284,-0.005898997972527414,0.4081517188870654,ols:pooled
2003-05,0.003637076584830703,0.002355086029781952,0.6409952775243752,ols:pooled
2003-06,0.005532985303688103,0.004291798153731287,0.6205935749784082,ols:pooled
2003-07,0.00804366700594678,0.0069746731221376965,0.534496941904542,ols:pooled
2003-08,0.0050728309992101915,0.003906642376072738,0.583094311568727,ols:pooled
2003-09,-0.0017174215030589853,-0.0029612383030134517,0.621908399977233,ols:pooled
2003-10,0.011270617693916732,0.010026348857328008,0.6221344182943612,ols:pooled
2003-11,0.0012855557750557965,0.00014368541479977125,0.5709351801280128,ols:pooled
2003-12,0.0006601606054478166,-0.0004955716397530752,0.577866122600446,ols:pooled
2004-01,-0.005725785991742647,-0.007187979425988955,0.7310967171231539,ols:pooled
2004-02,0.0023157784444496985,0.0009012942789599031,0.7072420827448977,ols:pooled
2004-03,0.001867511304079939,0.0006661820175162136,0.6006646432818628,ols:pooled
2004-04,0.002225240667457459,0.0010656249738753396,0.57980784679106,ols:pooled
2004-05,-0.007136982692477235,-0.008303650659637249,0.5833339835800065,ols:pooled
2004-06,0.00277302445133306,0.0015133045985762073,0.6298599263784265,ols:pooled
2004-07,0.005527174142838593,0.004496491418945217,0.5153413619466878,ols:pooled
2004-08,0.005420591833068775,0.00447057839522077,0.47500671892400237,ols:pooled
2004-09,0.0044988378012707515,0.0034977305480443813,0.5005536266131849,ols:pooled
2004-10,0.010361549865947601,0.009387181496964648,0.48718418449147594,ols:pooled
2004-11,0.004743998920863458,0.0038771318846305717,0.43343351811644315,ols:pooled
2004-12,0.008388551700881491,0.007313399012049943,0.537576344415774,ols:pooled
2005-01,-0.0021205540328247093,-0.0032616926707048693,0.5705693189400801,ols:pooled
2005-02,0.00600863698843847,0.004988797617888166,0.5099196852751525,ols:pooled
2005-03,0.008978093015476913,0.008006172287236216,0.4859603641203479,ols:pooled
2005-04,0.014332882331071127,0.013345366388818069,0.49375797112652914,ols:pooled
2005-05,-0.015085256915015591,-0.01595163801574972,0.43319055036706605,ols:pooled
2005-06,0.0027648666333851806,0.001530620273014198,0.6171231801854912,ols:pooled
2005-07,0.004716578659896913,0.0037335052197247187,0.4915367200860971,ols:pooled
2005-08,-0.00012656248085045015,-0.0010303397418206675,0.4518886304851085,ols:pooled
2005-09,0.0024977960000141927,0.0014164917448972422,0.5406521275584754,ols:pooled
2005-10,0.0010903072359415686,0.00016038582175738455,0.4649607070920921,ols:pooled
2005-11,-0.003310543582277814,-0.004225604432028545,0.4575304248753656,ols:pooled
2005-12,-0.0016681996041296035,-0.002613884711683245,0.4728425537768208,ols:pooled
2006-01,0.005225913765060544,0.004198210592194133,0.5138515864332052,ols:pooled
2006-02,0.005163981064347609,0.003819587945888816,0.6721965592293958,ols:pooled
2006-03,-0.010707093156846554,-0.0118948325960263,0.5938697195898734,ols:pooled
2006-04,0.007717692242166398,0.0065740477478524635,0.5718222471569668,ols:pooled
2006-05,0.0011987183127795378,4.353574736626573e-05,0.577591282706636,ols:pooled
2006-06,0.01711680980215394,0.01597448404332294,0.5711628794155025,ols:pooled
2006-07,-0.004576563084340191,-0.005733376740021467,0.578406827840638,ols:pooled
2006-08,-0.005838757674357935,-0.007188016531696223,0.6746294286691438,ols:pooled
2006-09,0.0025863629148391853,0.0013387270699481658,0.62381792244551,ols:pooled
2006-10,-0.002866913361644819,-0.003922589471751142,0.5278380550531615,ols:pooled
2006-11,0.009076004897682663,0.007942652978518793,0.5666759595819338,ols:pooled
2006-12,0.0016278288375526037,0.000598919760694159,0.5144545384292223,ols:pooled
2007-01,0.0061066760964357675,0.004865785278316881,0.6204454090594433,ols:pooled
2007-02,0.0015200176406627549,0.0002604824848756136,0.6297675778935706,ols:pooled
2007-03,0.006891651657087823,0.005690238820464291,0.6007064183117659,ols:pooled
2007-04,0.006147346060091756,0.004961229312243769,0.5930583739239933,ols:pooled
2007-05,0.0022656739773738457,0.0010768092371971137,0.5944323700883659,ols:pooled
2007-06,-0.0013331870033414228,-0.0026270353223016704,0.6469241594801237,ols:pooled
2007-07,0.0003175641159292549,-0.0011821528416475007,0.7498584787883777,ols:pooled
2007-08,-0.0011732796149399205,-0.002594595270819902,0.7106578279399907,ols:pooled
2007-09,0.002349649397090902,0.0009041740818594924,0.7227376576157045,ols:pooled
2007-10,0.012392408313376744,0.011036344593886999,0.6780318597448717,ols:pooled
2007-11,9.864004711002948e-05,-0.0012444850870648523,0.6715625670874411,ols:pooled
2007-12,0.004314425789036291,0.0027838946158201434,0.7652655866080739,ols:pooled
2008-01,-0.0009496441312555797,-0.002257286662547548,0.6538212656459841,ols:pooled
2008-02,-0.0008264906908274673,-0.0023459658481165347,0.7597375786445336,ols:pooled
2008-03,0.0007196485635095265,-0.00080244971109911,0.7610491373043183,ols:pooled
2008-04,0.0027073004399276344,0.001230173157916419,0.738563641005608,ols:pooled
2008-05,-0.0037649569088123837,-0.0052983119381851684,0.7666775146863923,ols:pooled
2008-06,0.006794062046649704,0.005349482608891935,0.7222897188788844,ols:pooled
2008-07,-0.005032318501930046,-0.006294818436642726,0.6312499673563398,ols:pooled
2008-08,0.0067622344801896665,0.005137297692204891,0.812468393992387,ols:pooled
2008-09,0.010781277459656347,0.009483733955830676,0.6487717519128343,ols:pooled
2008-10,0.03024869869568332,0.02903151725945025,0.6085907181165364,ols:pooled
2008-11,0.018272027541135785,0.0170882868183222,0.5918703614067938,ols:pooled
2008-12,-0.004140419715478563,-0.005267125028050371,0.5633526562859047,ols:pooled
2009-01,0.002392563629001486,0.0011947250540310975,0.5989192874851942,ols:pooled
2009-02,0.00561624607331178,0.0044373744516659356,0.5894358108229222,ols:pooled
2009-03,-0.008954228716173625,-0.00987092477904083,0.4583480314336024,ols:pooled
2009-04,-0.01750631530440079,-0.018691302841490193,0.5924937685447017,ols:pooled
2009-05,0.0018860253435007248,0.0004544443297667294,0.7157905068669976,ols:pooled
2009-06,-0.0009545344909015148,-0.0023774447335251137,0.7114551213117993,ols:pooled
2009-07,0.0030546188118334137,0.0015604786957926567,0.7470700580203785,ols:pooled
2009-08,0.0012053233956050664,7.449955940172483e-05,0.5654119181016708,ols:pooled
2009-09,0.0040757473609301965,0.002910733816227569,0.5825067723513135,ols:pooled
2009-10,0.0020704637660130714,0.0009776021271890726,0.5464308194119994,ols:pooled
2009-11,0.0025755307154022096,0.0013886311751811209,0.5934497701105445,ols:pooled
2009-12,-0.0021924875000514164,-0.003342065883419879,0.574789191684231,ols:pooled
2010-01,-0.0017962870075855619,-0.00307721983238214,0.6404664123982889,ols:pooled
2010-02,-0.0015573543756951433,-0.0029125968967395654,0.6776212605222109,ols:pooled
2010-03,-0.0026213045820828503,-0.004040427981663207,0.7095616997901785,ols:pooled
2010-04,0.005739937243740511,0.0045032056810484465,0.6183657813460317,ols:pooled
2010-05,0.00482893078723208,0.0036973514471820017,0.565789670025039,ols:pooled
2010-06,0.007393756289068004,0.006302015501488956,0.5458703937895244,ols:pooled
2010-07,-0.0008191570030155633,-0.0018437532968787918,0.5122981469316141,ols:pooled
2010-08,0.0035850848225490338,0.002318093164789522,0.633495828879756,ols:pooled
2010-09,0.0016759793527781174,0.0004465762042185141,0.6147015742798017,ols:pooled
2010-10,0.006028480645573511,0.004773053597400251,0.6277135240866293,ols:pooled
2010-11,0.008808060913879017,0.00765332241944813,0.5773692472154437,ols:pooled
2010-12,0.005423108292061604,0.004279009726395015,0.572049282833295,ols:pooled
2011-01,0.005432762530410205,0.004338538100921419,0.5471122147443929,ols:pooled
2011-02,-0.0011221775020856387,-0.0023131695016506398,0.5954959997825006,ols:pooled
2011-03,0.0003805223119413455,-0.0007662663821416503,0.5733943470414977,ols:pooled
2011-04,0.007308554645555049,0.006237873114296857,0.5353407656290956,ols:pooled
2011-05,0.004794836566188135,0.003854689360880624,0.47007360265375525,ols:pooled
2011-06,0.004968122684894569,0.004045782730618094,0.46116997713823743,ols:pooled
2011-07,0.006686775387747893,0.005887276731771044,0.3997493279884242,ols:pooled
2011-08,0.008864253636211291,0.008058835667627398,0.40270898429194596,ols:pooled
2011-09,0.011969631135099053,0.011098595417582088,0.43551785875848237,ols:pooled
2011-10,-0.007240470793836974,-0.008248938606268788,0.5042339062159067,ols:pooled
2011-11,0.0034953314659925344,0.0021558283340058593,0.6697515659933378,ols:pooled
2011-12,0.004431036094220103,0.0031431715115677896,0.6439322913261569,ols:pooled
2012-01,-0.018313413199638806,-0.019195177378110984,0.44088208923609024,ols:pooled
2012-02,-0.0019146708002519223,-0.0031299715743992465,0.6076503870736621,ols:pooled
2012-03,0.008335647141783913,0.007188993155083497,0.5733269933502078,ols:pooled
2012-04,0.005213980282867905,0.004227727480833503,0.4931264010172008,ols:pooled
2012-05,0.009669422239296566,0.008752996846481556,0.45821269640750545,ols:pooled
2012-06,0.004557708930793737,0.003604823572879947,0.47644267895689507,ols:pooled
2012-07,0.006351651949886876,0.005356967429220072,0.4973422603334021,ols:pooled
2012-08,0.005142037411873108,0.004180404016371318,0.48081669775089514,ols:pooled
2012-09,-0.000778962501786899,-0.001698008299261541,0.45952289873732105,ols:pooled
2012-10,0.002319885676486634,0.001313246540182746,0.5033195681519439,ols:pooled
2012-11,0.006928298069227066,0.005983327870883929,0.47248509917156845,ols:pooled
2012-12,-0.0025110721006340276,-0.0033673582140935168,0.42814305672974456,ols:pooled
2013-01,0.003252490590789087,0.002259196055304599,0.4966472677422439,ols:pooled
2013-02,0.003869833330131008,0.002885119541565414,0.4923568942827969,ols:pooled
2013-03,0.008444638737649276,0.007559161739326918,0.4427384991611786,ols:pooled
2013-04,0.008761107979675544,0.008002852699747449,0.3791276399640477,ols:pooled
2013-05,0.0031820014435369397,0.0023851214706264692,0.3984399864552353,ols:pooled
2013-06,0.0035591183801188747,0.002543794338235056,0.5076620209419095,ols:pooled
2013-07,0.009264563172004957,0.008250822217654082,0.5068704771754375,ols:pooled
2013-08,-0.0006782029575267138,-0.0016878814913911862,0.5048392669322361,ols:pooled
2013-09,-0.004364063339454383,-0.0054837204872390305,0.5598285738923239,ols:pooled
2013-10,-0.0007330030686359027,-0.0017686459286197762,0.5178214299919369,ols:pooled
2013-11,-0.0001898781595572886,-0.001127214060181767,0.4686679503122392,ols:pooled
2013-12,0.003992342473788221,0.003152953551771728,0.41969446100824664,ols:pooled
2014-01,0.0013083001239119264,0.0005672860655729388,0.3705070291694939,ols:pooled
2014-02,0.004905134539551695,0.00396835197387437,0.4683912828386625,ols:pooled
2014-03,0.001127022784086472,0.00021551172017089573,0.4557555319577882,ols:pooled
2014-04,0.0008912244377258046,-8.10507567886501e-05,0.4861375972572276,ols:pooled
2014-05,-0.0010184506603371423,-0.0019931177292963937,0.48733353447962546,ols:pooled
2014-06,0.003679587775437641,0.0026954893635648958,0.49204920593637264,ols:pooled
2014-07,0.001404740923332841,0.0004967733867451535,0.4539837682938437,ols:pooled
2014-08,0.0026949357779424902,0.0017800240376874242,0.457455870127533,ols:pooled
2014-09,-0.0020327243399450965,-0.0028855889558481135,0.4264323079515088,ols:pooled
2014-10,0.0027039277043086492,0.0018282545983531206,0.4378365529777643,ols:pooled
2014-11,0.008116018684279584,0.007211759128684969,0.452129777797307,ols:pooled
2014-12,0.012007904633111672,0.011160914946085884,0.42349484351289435,ols:pooled
2015-01,0.005387456937961685,0.004502970736683651,0.4422431006390173,ols:pooled
2015-02,-0.00020979280375792633,-0.0012672850780794164,0.528746137160745,ols:pooled
2015-03,0.004126492268519123,0.0030492789301779944,0.5386066691705639,ols:pooled
2015-04,-0.009820614745445775,-0.010893012364604528,0.5361988095793767,ols:pooled
2015-05,-0.0012354448959335123,-0.002556484673362208,0.6605198887143477,ols:pooled
2015-06,0.0022856260920501793,0.0010272451264062934,0.629190482821943,ols:pooled
2015-07,0.006937411352298152,0.005975041156360063,0.4811850979690439,ols:pooled
2015-08,0.006642473598261147,0.005666940449064108,0.4877665745985198,ols:pooled
2015-09,0.004051989702107921,0.0029861457563718384,0.5329219728680412,ols:pooled
2015-10,-0.0029009851340319076,-0.003970118065238445,0.5345664656032685,ols:pooled
2015-11,0.0021860292223613727,0.0010517233449773,0.5671529386920363,ols:pooled
2015-12,0.00023028717581253144,-0.0008729751238401934,0.5516311498263626,ols:pooled
2016-01,0.001770161007393249,0.0007319032263393918,0.5191288905269286,ols:pooled
2016-02,-0.0009058632414914847,-0.0019277808969252312,0.5109588277168731,ols:pooled
2016-03,-0.006175161196298883,-0.007278703994660647,0.5517713991808831,ols:pooled
2016-04,0.003480951272961145,0.0023278637248341527,0.5765437740634963,ols:pooled
2016-05,0.002499103636631158,0.0015014890815188786,0.4988072775561398,ols:pooled
2016-06,-0.0014446121440774252,-0.002420210822575205,0.4877993392488898,ols:pooled
2016-07,4.594995660154813e-07,-0.0008723123171020379,0.4363859083340265,ols:pooled
2016-08,0.005779696777905074,0.004817106328368743,0.4812952247681655,ols:pooled
2016-09,0.005940255235663063,0.005109393246040075,0.41543099481149404,ols:pooled
2016-10,0.0016572678795503761,0.0010138697621177779,0.3216990587162991,ols:pooled
2016-11,-0.002857067500605374,-0.0037053822681622564,0.4241573837784413,ols:pooled
2016-12,0.0008943025660546781,-8.78486424939568e-05,0.4910756042743174,ols:pooled
2017-01,0.003593701726844338,0.0027096826740431643,0.442009526400587,ols:pooled
2017-02,-0.0009048833573256031,-0.0018353745485197091,0.46524559559705314,ols:pooled
2017-03,0.002919023154283852,0.0020511702837736484,0.43392643525510183,ols:pooled
2017-04,0.0001359323899002835,-0.0007080885359479914,0.42201046292413724,ols:pooled
2017-05,0.005156239588907981,0.004355902476035131,0.4001685564364254,ols:pooled
2017-06,0.00024257504064555,-0.0006470003497061943,0.44478769517587213,ols:pooled
2017-07,0.002954981162941721,0.002145152051407609,0.40491455576705626,ols:pooled
2017-08,0.0032115833112855256,0.002371838324240445,0.4198724935225403,ols:pooled
2017-09,0.0014169912052328358,0.0007153445277491134,0.35082333874186117,ols:pooled
2017-10,0.0035091013743417288,0.002806899728421501,0.3511008229601139,ols:pooled
2017-11,0.0024043187841525896,0.0015925579931393738,0.4058803955066078,ols:pooled
2017-12,0.002858730267953742,0.002017881241038436,0.42042451345765286,ols:pooled
2018-01,0.005015453694472659,0.004172703767711864,0.42137496338039687,ols:pooled
2018-02,0.003181383524972838,0.002283834004314824,0.4487747603290071,ols:pooled
2018-03,0.003882268592044016,0.0030580371927404187,0.4121156996517989,ols:pooled
2018-04,0.0008401530473479875,0.00010381517761917006,0.36816893486440877,ols:pooled
2018-05,0.0038375037114279625,0.0029769578356920873,0.4302729378679375,ols:pooled
2018-06,0.0030654268430466525,0.0021597240155028833,0.45285141377188454,ols:pooled
2018-07,0.0034511553234335525,0.002613087804560472,0.4190337594365403,ols:pooled
2018-08,0.00441304556316533,0.0035584487148467053,0.4272984241593125,ols:pooled
2018-09,0.013062129691167674,0.012193601926264085,0.4342638824517955,ols:pooled
2018-10,0.00334722777813994,0.0025299504479241535,0.40863866510789354,ols:pooled
2018-11,-0.003037917174134312,-0.003933949548903618,0.4480161873846533,ols:pooled
2018-12,0.0034372042692889723,0.0023167807646796573,0.5602117523046575,ols:pooled
2019-01,-0.0008478396195798957,-0.0017691095343578547,0.4606349573889794,ols:pooled
2019-02,-0.005069760617389332,-0.006124023067642018,0.5271312251263429,ols:pooled
2019-03,0.004971220795025651,0.00397931929326465,0.4959507508805008,ols:pooled
2019-04,0.0018575043949924672,0.0010683263795663695,0.3945890077130487,ols:pooled
2019-05,0.001497920791301694,0.0006287991603279249,0.4345608154868845,ols:pooled
2019-06,0.00317435126218033,0.0021917980129077252,0.4912766246363025,ols:pooled
2019-07,0.005677795736204708,0.004786519054893259,0.44563834065572466,ols:pooled
2019-08,0.0035614509289613365,0.0027617839740021344,0.3998334774796009,ols:pooled
2019-09,-0.0022826272127194473,-0.003150528145787217,0.43395046653388486,ols:pooled
2019-10,0.0019283622072937129,0.0009656616116132693,0.48135029784022154,ols:pooled
2019-11,0.0014426450989950136,0.0005960253650785291,0.4233098669582423,ols:pooled
2019-12,0.005011040682204273,0.0041057906136633855,0.4526250342704433,ols:pooled
2020-01,0.004785748694053634,0.004040215840975984,0.3727664265388253,ols:pooled
2020-02,0.008166307720725699,0.007328952851858011,0.41867743443384403,ols:pooled
2020-03,0.012846217802623844,0.012016913030387781,0.4146523861180329,ols:pooled
2020-04,-0.01568289479948763,-0.016962272892979788,0.6396890467460786,ols:pooled
2020-05,-0.0013124621744325681,-0.003047587722021909,0.8675627737946702,ols:pooled
2020-06,-0.0032138480898995046,-0.004557807915707417,0.6719799129039559,ols:pooled
2020-07,0.005356965816640131,0.004129029998261646,0.613967909189242,ols:pooled
2020-08,0.0011698865432093997,-1.4742186568469518e-05,0.5923143648889346,ols:pooled
2020-09,-0.003529536328304432,-0.004682925563778679,0.5766946177371238,ols:pooled
2020-10,0.00234314608776504,0.0011962397246816268,0.5734531815417067,ols:pooled
2020-11,-0.024130371937445484,-0.025119649032222,0.49463854738825935,ols:pooled
2020-12,0.000685124024712581,-0.0008676451425879132,0.7763845836502469,ols:pooled
2021-01,0.0021906568392966604,0.0008648350654834962,0.662910886906582,ols:pooled
2021-02,0.001582475457893291,0.00045737067340726904,0.5625523922430109,ols:pooled
2021-03,0.005956762983339455,0.004783669762857001,0.5865466102412267,ols:pooled
2021-04,0.004983989423020858,0.003963922921428924,0.5100332507959673,ols:pooled
2021-05,0.0028859920548424613,0.0018863692751291906,0.4998113898566352,ols:pooled
2021-06,-0.004251328765597601,-0.0051869126680932085,0.4677919512478033,ols:pooled
2021-07,0.003393298094824933,0.0024858937255678674,0.4537021846285328,ols:pooled
2021-08,-0.0004769071290588239,-0.0013783659253027128,0.45072939812194446,ols:pooled
2021-09,0.007490343058766729,0.006534281508756156,0.4780307750052867,ols:pooled
2021-10,0.0018699013704605047,0.0009542456931509509,0.4578278386547772,ols:pooled
2021-11,0.005049505405285396,0.004160626852093949,0.4444392765957233,ols:pooled
2021-12,0.00874527552239064,0.007646857634047575,0.549208944171532,ols:pooled
2022-01,0.012019008545470018,0.011137192318915216,0.4409081132774018,ols:pooled
2022-02,0.00785534428595125,0.007016636178418107,0.4193540537665712,ols:pooled
2022-03,0.009287463766968427,0.008380035321367198,0.45371422280061435,ols:pooled
2022-04,0.010651713106668962,0.009837691310749755,0.4070108979596039,ols:pooled
2022-05,0.0038201193254546097,0.0030013662453095237,0.4093765400725431,ols:pooled
2022-06,0.0007205997165443407,-0.00020980840380515465,0.46520406017474775,ols:pooled
2022-07,-0.003950637115423713,-0.004915305396141261,0.48233414035877414,ols:pooled
2022-08,-0.0007272353804008258,-0.0017505951291395636,0.5116798743693689,ols:pooled
2022-09,0.004452165772193814,0.003529743738852358,0.46121101667072834,ols:pooled
2022-10,0.006471512488841432,0.005548936202443098,0.4612881431991669,ols:pooled
2022-11,-0.005403124165083071,-0.006422893366444572,0.5098846006807509,ols:pooled
2022-12,0.004306100226814425,0.0031826937053193176,0.5617032607475536,ols:pooled
2023-01,0.000742220715566896,-0.00022335422618207065,0.48278747087448315,ols:pooled
2023-02,0.006350689280900216,0.005398851757386112,0.4759187617570518,ols:pooled
2023-03,0.0023400840348168474,0.0015664025482512451,0.3868407432828013,ols:pooled
2023-04,-0.00010143584257258047,-0.0010295711338948815,0.46406764566115033,ols:pooled
2023-05,-0.0016635497556045597,-0.0024888966686448686,0.4126734565201545,ols:pooled
2023-06,0.001498884757535242,0.0006268764678069986,0.4360041448641216,ols:pooled
2023-07,0.004331728715419098,0.003407257437485142,0.46223563896697795,ols:pooled
2023-08,0.0013037802401911257,0.0004023091817877083,0.4507355292017088,ols:pooled
2023-09,0.009257021030317667,0.008424712748833836,0.4161541407419161,ols:pooled
2023-10,0.007175940917094782,0.006464371635219086,0.35578464093784795,ols:pooled
2023-11,-0.008173119556260617,-0.008967647763295276,0.3972641035173286,ols:pooled
2023-12,0.003494713056045628,0.00254437188312566,0.47517058645998395,ols:pooled
2024-01,0.008366387334844226,0.007518840024451987,0.42377365519612004,ols:pooled
2024-02,0.00033871496891669633,-0.0005502715635337808,0.44449326622523877,ols:pooled
2024-03,0.0037924364886512906,0.002870240806524127,0.46109784106358176,ols:pooled
2024-04,-0.00021631834033341475,-0.0011144311204300714,0.44905639004832837,ols:pooled
2024-05,0.0010361882816259278,0.0001495795409365593,0.4433043703446841,ols:pooled
2024-06,-0.0004549744935480892,-0.001322219561364416,0.43362253390816347,ols:pooled
2024-07,0.0005359428564993225,-0.0003115963673926633,0.42376961194599283,ols:pooled
2024-08,0.0023477885158897246,0.0014282713764693859,0.4597585697101692,ols:pooled
2024-09,0.0003259032014383398,-0.0005504466458516656,0.43817492364500266,ols:pooled
2024-10,0.004486378582594547,0.0035984282480781673,0.4439751672581901,ols:pooled
2024-11,0.00931430785151993,0.008438147143652744,0.4380803539335931,ols:pooled
2024-12,0.0018122352205942995,0.0009263557836994424,0.4429397184474287,ols:pooled
2025-01,0.000432592290051282,-0.0003085189761198599,0.3705556330855709,ols:pooled
2025-02,0.0038438451327368786,0.002962332764862835,0.44075618393702193,ols:pooled
2025-03,0.005273323466628503,0.004449226897549581,0.41204828453946046,ols:pooled
2025-04,-0.002801275743360832,-0.00361504263522236,0.40688344593076403,ols:pooled
2025-05,-0.0008012344769365326,-0.0017036937351432378,0.4512296291033527,ols:pooled
2025-06,-0.0011869385471434128,-0.0020384030779984235,0.4257322654275052,ols:pooled
2025-07,-0.000999091840915454,-0.0017323113699237835,0.3666097645041647,ols:pooled
2025-08,0.002330818840925504,0.0015021515510753375,0.4143336449250832,ols:pooled
2025-09,0.0037533391608973125,0.002893804412363202,0.42976737426705536,ols:pooled
2025-10,0.008375949895918501,0.007525010503948628,0.42546969598493745,ols:pooled
2025-11,0.0019580311934953073,0.0010482069625839903,0.45491211545565874,ols:pooled
2025-12,0.009592796343838313,0.00871747914963772,0.4376585971002958,ols:pooled
2001-01,-0.0035828878718174952,-0.0035828878718174952,0.0,shrink_mean:rule
2001-02,0.0071051323123551705,0.006834603269832744,0.13526452126121358,shrink_mean:rule
2001-03,0.019769617498919215,0.019543709663545454,0.1129539176868792,shrink_mean:rule
2001-04,0.006560370174469164,0.006322233901753642,0.11906813635776119,shrink_mean:rule
2001-05,0.003739515331548339,0.0033148230749984117,0.21234612827496363,shrink_mean:rule
2001-06,0.005053118488703972,0.0048891861001787735,0.08196619426259912,shrink_mean:rule
2001-07,0.012592723089535457,0.012437894658854174,0.07741421534064105,shrink_mean:rule
2001-08,-0.0030752968199604267,-0.0033017983115180825,0.11325074577882731,shrink_mean:rule
2001-09,0.00586774752589638,0.005693053680638504,0.08734692262893828,shrink_mean:rule
2001-10,0.0026271228187346157,0.0022585263957545843,0.1842982114900155,shrink_mean:rule
2001-11,-0.0041584353513846335,-0.004349039585894548,0.09530211725495678,shrink_mean:rule
2001-12,0.010470040295247295,0.01027588309559545,0.09707859982592419,shrink_mean:rule
2002-01,0.0006472169309234585,0.0004952715060449695,0.07597271243924439,shrink_mean:rule
2002-02,0.0008594883589010365,0.0006560351698584909,0.10172659452127257,shrink_mean:rule
2002-03,0.0028417650010036082,0.0026632699053949294,0.08924754780433894,shrink_mean:rule
2002-04,0.008375734010176253,0.008178446302232927,0.09864385397166411,shrink_mean:rule
2002-05,0.0009251993183464226,0.0007032825946564731,0.11095836184497461,shrink_mean:rule
2002-06,0.005960819462687687,0.005799597121566207,0.0806111705607402,shrink_mean:rule
2002-07,0.001403360371659138,0.0012772285724889562,0.063065899585091,shrink_mean:rule
2002-08,0.008297165480980933,0.008159827143785716,0.06866916859760869,shrink_mean:rule
2002-09,0.009535966231972209,0.009380335643542305,0.0778152942149511,shrink_mean:rule
2002-10,0.005699905955117487,0.005555216515203441,0.0723447199570232,shrink_mean:rule
2002-11,0.0032409549644746155,0.003038115251540663,0.1014198564669763,shrink_mean:rule
2002-12,0.007599146078201837,0.0074489388104507235,0.07510363387555694,shrink_mean:rule
2003-01,-4.9399458525412517e-05,-0.00020980335503811102,0.08020194825634912,shrink_mean:rule
2003-02,0.0038281455497067565,0.003681802019830731,0.07317176493801288,shrink_mean:rule
2003-03,0.007267182610405328,0.007160421080050514,0.05338076517740649,shrink_mean:rule
2003-04,-0.006736308894734099,-0.00687081408787361,0.06725259656975514,shrink_mean:rule
2003-05,0.007407601950472468,0.007158788804918812,0.12440657277682753,shrink_mean:rule
2003-06,0.0073623791819309465,0.007185700967875113,0.08833910702791686,shrink_mean:rule
2003-07,0.006579413254451227,0.006423219559432711,0.0780968475092582,shrink_mean:rule
2003-08,0.004675133112308556,0.004497969332181297,0.08858189006363001,shrink_mean:rule
2003-09,0.001965458625436246,0.0015889959988156818,0.18823131331028198,shrink_mean:rule
2003-10,0.010061468626525658,0.00994667054149856,0.057399042513549034,shrink_mean:rule
2003-11,0.003661502134855066,0.0035440992497612132,0.05870144254692657,shrink_mean:rule
2003-12,0.0018203988941134757,0.0017081387430931821,0.0561300755101468,shrink_mean:rule
2004-01,-0.0018679715480089086,-0.002022152762055793,0.07709060702344224,shrink_mean:rule
2004-02,0.0038390854170275647,0.0036553949819666596,0.0918452175304526,shrink_mean:rule
2004-03,0.004379481965649428,0.004224927888759665,0.07727703844488155,shrink_mean:rule
2004-04,0.003436607480558605,0.0033153012771497364,0.0606531017044345,shrink_mean:rule
2004-05,-0.002445037371169204,-0.002612475524451277,0.0837190766410365,shrink_mean:rule
2004-06,0.00464105351563067,0.004519248554056018,0.06090248078732591,shrink_mean:rule
2004-07,0.002705166487067764,0.002599509156246575,0.052828665410594444,shrink_mean:rule
2004-08,0.006371858194235092,0.0062481217948711365,0.061868199681977876,shrink_mean:rule
2004-09,0.0031842992471231724,0.0030630507809325663,0.06062423309530312,shrink_mean:rule
2004-10,0.003067202722345816,0.0029445866251364495,0.0613080486046833,shrink_mean:rule
2004-11,0.004112952151498256,0.003955529474451217,0.07871133852351997,shrink_mean:rule
2004-12,0.008126156939664208,0.00799770658579043,0.06422517693688895,shrink_mean:rule
2005-01,0.0010704343526707005,0.0008349787458564511,0.11772780340712474,shrink_mean:rule
2005-02,0.011248464621641474,0.011159586035090627,0.044439293275423265,shrink_mean:rule
2005-03,0.0062280449090300165,0.006099567346397706,0.06423878131615611,shrink_mean:rule
2005-04,0.010451273775588823,0.010324165940638274,0.06355391747527399,shrink_mean:rule
2005-05,-0.010009535358296257,-0.010149963384817858,0.0702140132608001,shrink_mean:rule
2005-06,-0.001706623559131527,-0.001840644915719346,0.0670106782939096,shrink_mean:rule
2005-07,0.00936301108025619,0.009272270390336308,0.04537034495994069,shrink_mean:rule
2005-08,0.0030278540168619545,0.002924245800803385,0.05180410802928444,shrink_mean:rule
2005-09,-0.0010172966959180756,-0.0011830968493105262,0.08290007669622558,shrink_mean:rule
2005-10,-0.0012044704874452738,-0.0013233661079556894,0.059447810255207935,shrink_mean:rule
2005-11,-0.0024268248386467624,-0.0025543181896882207,0.06374667552072927,shrink_mean:rule
2005-12,-0.0005410265039126656,-0.0006646084738363097,0.06179098496182213,shrink_mean:rule
2006-01,0.012094626382084852,0.011980354877125763,0.05713575247954469,shrink_mean:rule
2006-02,0.0007644908577967718,0.00046445065569036093,0.1500201010532055,shrink_mean:rule
2006-03,-0.012671790575920857,-0.012787903943692976,0.0580566838860593,shrink_mean:rule
2006-04,0.0024422848469571215,0.0022608191886977253,0.09073282912969804,shrink_mean:rule
2006-05,0.001899860595751781,0.0017402744070708855,0.07979309434044775,shrink_mean:rule
2006-06,0.012489989211891003,0.012387091992618643,0.051448609636180045,shrink_mean:rule
2006-07,0.003972707183752274,0.003585712573585532,0.19349730508337087,shrink_mean:rule
2006-08,0.0008677494632800723,0.0006512284983208829,0.1082604824795945,shrink_mean:rule
2006-09,1.5212110305837072e-05,-0.00018659994729635499,0.10090602880109607,shrink_mean:rule
2006-10,-0.0008427185257516767,-0.000966229406218932,0.061755440233627834,shrink_mean:rule
2006-11,-0.004132049387139215,-0.004233866151765761,0.05090838231327268,shrink_mean:rule
2006-12,0.00023884627099655516,0.00010553959214409726,0.06665333942622892,shrink_mean:rule
2007-01,0.003742510211718787,0.0035966765628616224,0.07291682442858237,shrink_mean:rule
2007-02,-0.003999089420944415,-0.0043688620877059105,0.18488633338074809,shrink_mean:rule
2007-03,0.004823478178879279,0.004659876136918768,0.08180102098025571,shrink_mean:rule
2007-04,0.00579563241387168,0.005623213849111298,0.08620928238019161,shrink_mean:rule
2007-05,0.0010143003687738694,0.0008192531303946742,0.09752361918959769,shrink_mean:rule
2007-06,-0.0006158253712250367,-0.0007678707186719392,0.07602267372345119,shrink_mean:rule
2007-07,-0.0002724513818513542,-0.0004463514173922607,0.0869500177704533,shrink_mean:rule
2007-08,0.004939709513730807,0.004736898689158782,0.10140541228601246,shrink_mean:rule
2007-09,0.0012405124684785284,0.0010614829870269269,0.08951474072580086,shrink_mean:rule
2007-10,0.008119147498139186,0.007835712442778335,0.14171752768042492,shrink_mean:rule
2007-11,0.002982382112955932,0.0027552558375229428,0.11356313771649465,shrink_mean:rule
2007-12,0.001203957488458073,0.0010279935724326445,0.08798195801271425,shrink_mean:rule
2008-01,0.0020682749723246745,0.0018624883311920352,0.1028933205663195,shrink_mean:rule
2008-02,0.0037505740083767568,0.003541765043368608,0.10440448250407448,shrink_mean:rule
2008-03,0.0020314810794872947,0.0018816489628019943,0.07491605834265018,shrink_mean:rule
2008-04,0.0038426181192795497,0.0036732434783258057,0.08468732047687222,shrink_mean:rule
2008-05,-0.0018523185629773617,-0.0020645690715460664,0.10612525428435239,shrink_mean:rule
2008-06,0.005389970627769426,0.005259018532845548,0.06547604746193912,shrink_mean:rule
2008-07,0.0063163364664528985,0.006186245635810883,0.0650454153210074,shrink_mean:rule
2008-08,0.004117589485603941,0.003942545287883378,0.08752209886028149,shrink_mean:rule
2008-09,0.005312298764971575,0.005188114921620955,0.06209192167531041,shrink_mean:rule
2008-10,0.011916999206696215,0.01173521646081428,0.0908913729409671,shrink_mean:rule
2008-11,0.010415357011421973,0.010168850554303466,0.12325322855925323,shrink_mean:rule
2008-12,-0.0007258016975062919,-0.0009381219225605492,0.10616011252712866,shrink_mean:rule
2009-01,0.0048304701016968895,0.004654621294442459,0.08792440362721514,shrink_mean:rule
2009-02,-0.00010406720324407899,-0.0002809368195872939,0.08843480817160737,shrink_mean:rule
2009-03,-0.0025059825634067574,-0.00266918627576707,0.08160185618015615,shrink_mean:rule
2009-04,-0.01851484232453833,-0.01872183411461688,0.10349589503927614,shrink_mean:rule
2009-05,-0.00986127298270168,-0.010139317964094459,0.13902249069638992,shrink_mean:rule
2009-06,0.005265246555472564,0.004980834829131996,0.14220586317028402,shrink_mean:rule
2009-07,0.005289735891190066,0.005139040249336754,0.07534782092665597,shrink_mean:rule
2009-08,0.0032569591789645244,0.0030954059138967927,0.08077663253386552,shrink_mean:rule
2009-09,-0.002409598786813268,-0.002531067665548249,0.060734439367490144,shrink_mean:rule
2009-10,0.004011441199223878,0.003864694217364246,0.07337349092981592,shrink_mean:rule
2009-11,0.004559168066068416,0.004442325445495923,0.05842131028624642,shrink_mean:rule
2009-12,-0.0003070588042463719,-0.00042255808552368824,0.05774964063865818,shrink_mean:rule
2010-01,-0.0016275677331192189,-0.0017450438944255576,0.058738080653169274,shrink_mean:rule
2010-02,0.005002074847644456,0.0048307967753469455,0.08563903614875511,shrink_mean:rule
2010-03,0.00214895989701583,0.002010434934275151,0.06926248137033943,shrink_mean:rule
2010-04,0.0050718192166691115,0.004952637704897567,0.05959075588577239,shrink_mean:rule
2010-05,0.004628208083033462,0.004520175081780176,0.054016500626642656,shrink_mean:rule
2010-06,0.003388352323512141,0.003273278390253979,0.057536966629081206,shrink_mean:rule
2010-07,0.004675855070827205,0.004579975046857068,0.04794001198506886,shrink_mean:rule
2010-08,0.0039391337453539375,0.0038223003312018206,0.058416707076058644,shrink_mean:rule
2010-09,0.0019651110582019067,0.0018615828486352238,0.051764104783341175,shrink_mean:rule
2010-10,0.0033173840748851966,0.0032219618797388024,0.04771109757319732,shrink_mean:rule
2010-11,0.007261193091466612,0.007159452501497315,0.05087029498464837,shrink_mean:rule
2010-12,0.00048029336099934074,0.0003676845933394318,0.05630438382995467,shrink_mean:rule
2011-01,0.005190380641735887,0.0050877843940725495,0.05129812383166905,shrink_mean:rule
2011-02,0.0032145230212800337,0.0030995903919490784,0.057466314665477504,shrink_mean:rule
2011-03,0.0030621025406248475,0.002931787317266052,0.06515761167939788,shrink_mean:rule
2011-04,0.005833130793995868,0.005740514963452724,0.04630791527157174,shrink_mean:rule
2011-05,0.0039799226339330045,0.003886640254145603,0.04664118989370068,shrink_mean:rule
2011-06,0.003728601598222221,0.0036490032844007647,0.03979915691072807,shrink_mean:rule
2011-07,0.006422281943752997,0.006343500883843757,0.039390529954620626,shrink_mean:rule
2011-08,0.004260634413281351,0.004174038342125337,0.04329803557800742,shrink_mean:rule
2011-09,0.008406431211074376,0.008303920324555797,0.05125544325929023,shrink_mean:rule
2011-10,-0.0004005531607818813,-0.000493521394102592,0.04648411666035537,shrink_mean:rule
2011-11,0.006389167638062609,0.006282124291557138,0.053521673252735505,shrink_mean:rule
2011-12,0.004671550769692292,0.0045896913632222005,0.04092970323504594,shrink_mean:rule
2012-01,-0.008948452584770176,-0.00914006787478476,0.09580764500729226,shrink_mean:rule
2012-02,0.0023543627711698567,0.002239784312670731,0.057289229249562756,shrink_mean:rule
2012-03,0.009046688944436849,0.008960766970233399,0.04296098710172504,shrink_mean:rule
2012-04,0.002194193274334525,0.0020036164220149986,0.09528842615976311,shrink_mean:rule
2012-05,0.00450767592638248,0.004379241352215134,0.06421728708367315,shrink_mean:rule
2012-06,0.006281140867879213,0.006205253869203054,0.037943499338079535,shrink_mean:rule
2012-07,0.005568232146051021,0.005475344112154469,0.046444016948276295,shrink_mean:rule
2012-08,0.005200441592185687,0.005122796237659062,0.03882267726331206,shrink_mean:rule
2012-09,-0.00047724812140842395,-0.0005510549064539352,0.03690339252275573,shrink_mean:rule
2012-10,0.0034313366053863557,0.003358378388134391,0.036479108625982616,shrink_mean:rule
2012-11,0.005759744172738135,0.005683603840160341,0.03807016628889695,shrink_mean:rule
2012-12,-0.0009670115644710721,-0.0010458385723386837,0.039413503933805695,shrink_mean:rule
2013-01,0.0021517464636175094,0.002077361975607135,0.03719224400518714,shrink_mean:rule
2013-02,0.003912962209547126,0.0038001506441758914,0.05640578268561718,shrink_mean:rule
2013-03,0.005835098049539812,0.00574521695105839,0.044940549240710836,shrink_mean:rule
2013-04,0.0063992768482809366,0.006284856557480657,0.05721014540014021,shrink_mean:rule
2013-05,0.0010161610759951538,0.0009264651775649183,0.044847949215117686,shrink_mean:rule
2013-06,0.005364321218362323,0.005272645310272673,0.04583795404482441,shrink_mean:rule
2013-07,0.009922026915423173,0.009804681680289872,0.058672617566650945,shrink_mean:rule
2013-08,1.8467767910058293e-05,-7.838136492312426e-05,0.04842456641659147,shrink_mean:rule
2013-09,-0.0010028649127270842,-0.0011557732701041835,0.0764541786885496,shrink_mean:rule
2013-10,-0.0023082129379733405,-0.0024003736779853162,0.046080370005987976,shrink_mean:rule
2013-11,0.001031304638520531,0.0009267665895208554,0.05226902449983788,shrink_mean:rule
2013-12,0.0032349679204566524,0.00317753304477061,0.028717437843021,shrink_mean:rule
2014-01,0.002932797580160938,0.0028669431094202826,0.032927235370327684,shrink_mean:rule
2014-02,0.004947844511452907,0.004864866834780678,0.0414888383361142,shrink_mean:rule
2014-03,0.002033700142623705,0.001959740583982593,0.03697977932055621,shrink_mean:rule
2014-04,-0.0018728241351354793,-0.002000143042220453,0.06365945354248707,shrink_mean:rule
2014-05,0.0009106272526944057,0.0007990387983693478,0.055794227162528916,shrink_mean:rule
2014-06,0.0045744140869294035,0.004498893390059564,0.03776034843491934,shrink_mean:rule
2014-07,0.003823394515883592,0.003757254679486677,0.033069918198457254,shrink_mean:rule
2014-08,0.001520932182391866,0.001398417897765041,0.06125714231341251,shrink_mean:rule
2014-09,-0.0008336112669292788,-0.0008993314453093752,0.032860089190048125,shrink_mean:rule
2014-10,0.0025842102778113416,0.0025103974874956924,0.03690639515782468,shrink_mean:rule
2014-11,0.006581269704671882,0.006516433089323637,0.03241830767412241,shrink_mean:rule
2014-12,0.007678943118494285,0.0076088869258951345,0.03502809629957555,shrink_mean:rule
2015-01,0.007047503113435965,0.006964244219856772,0.041629446789596125,shrink_mean:rule
2015-02,-0.00027448500404381524,-0.0003669588628663564,0.04623692941127073,shrink_mean:rule
2015-03,0.008594179228150409,0.008508958332002924,0.042610448073742584,shrink_mean:rule
2015-04,-0.006881244216254919,-0.006996680990394549,0.05771838706981451,shrink_mean:rule
2015-05,0.002428531452769666,0.0022912991473558104,0.06861615270692802,shrink_mean:rule
2015-06,0.005485967056661944,0.005416321808712069,0.03482262397493738,shrink_mean:rule
2015-07,0.00785816648371171,0.007791044135650975,0.0335611740303673,shrink_mean:rule
2015-08,0.005779391129428806,0.0057020959912160146,0.03864756910639623,shrink_mean:rule
2015-09,0.005192419603513598,0.0051236695779284264,0.03437501279258623,shrink_mean:rule
2015-10,-0.002667508450328659,-0.0027492711280837348,0.04088133887753772,shrink_mean:rule
2015-11,0.0025852081450145384,0.0025133022891813987,0.035952927916569934,shrink_mean:rule
2015-12,0.0029068803470950863,0.002823681944098498,0.04159920149829433,shrink_mean:rule
2016-01,0.0037466345147708587,0.003675303406505222,0.035665554132818605,shrink_mean:rule
2016-02,-0.0008590779328046088,-0.0009370618786087066,0.03899197290204905,shrink_mean:rule
2016-03,-0.009204479856199169,-0.009289543270279019,0.042531707039925204,shrink_mean:rule
2016-04,0.0012905090706422863,0.0011931886447189535,0.048660212961666394,shrink_mean:rule
2016-05,0.005214012537655873,0.005133295326114447,0.0403586057707132,shrink_mean:rule
2016-06,-0.0010894689660167853,-0.0011576147669270693,0.03407290045514207,shrink_mean:rule
2016-07,0.002720061776763765,0.002658455213594241,0.03080328158476218,shrink_mean:rule
2016-08,0.00506291869538137,0.004984167054588735,0.0393758203963175,shrink_mean:rule
2016-09,0.005702047159463602,0.00560637742986056,0.047834864801521035,shrink_mean:rule
2016-10,0.002698345713523398,0.0026528554036810365,0.0227451549211808,shrink_mean:rule
2016-11,-0.0042279387414618196,-0.004305262466004293,0.038661862271236754,shrink_mean:rule
2016-12,0.0013511429381141296,0.0012210250598324703,0.06505893914082969,shrink_mean:rule
2017-01,0.004202219409270482,0.00412534290438708,0.03843825244170099,shrink_mean:rule
2017-02,-0.0011630237045633489,-0.0012382221883446554,0.037599241890653286,shrink_mean:rule
2017-03,0.005132258182689321,0.005071352523531385,0.03045282957896777,shrink_mean:rule
2017-04,-0.0009573155394469242,-0.0010222395844185844,0.03246202248582989,shrink_mean:rule
2017-05,0.006720860376993919,0.006655323818280318,0.03276827935680087,shrink_mean:rule
2017-06,0.00011443583707452158,3.901616701885247e-05,0.03770983502783455,shrink_mean:rule
2017-07,0.004230237857157865,0.004177072593921245,0.026582631618310155,shrink_mean:rule
2017-08,0.0022884258442310242,0.00223039176377087,0.029017040230077347,shrink_mean:rule
2017-09,0.003110369693730167,0.0030586363830328337,0.0258666553486666,shrink_mean:rule
2017-10,0.002135902435047435,0.002077693647183336,0.029104393932049555,shrink_mean:rule
2017-11,0.002313185805363697,0.002233335602121563,0.03992510162106697,shrink_mean:rule
2017-12,4.2213059746055926e-05,-1.7576920644214106e-05,0.029894990195135085,shrink_mean:rule
2018-01,0.004537971500718498,0.00445572033987268,0.041125580422908356,shrink_mean:rule
2018-02,0.003388332978498631,0.0033144389223933386,0.036947028052646304,shrink_mean:rule
2018-03,0.0023862820798394384,0.0022795408614345865,0.05337060920242611,shrink_mean:rule
2018-04,0.0015800031533520049,0.0015103857832272462,0.03480868506237941,shrink_mean:rule
2018-05,0.0054849829733346145,0.005407807602269992,0.03858768553231125,shrink_mean:rule
2018-06,0.003536382780111902,0.0034608539565782514,0.037764411766825295,shrink_mean:rule
2018-07,0.005327634465903747,0.005260371566920382,0.033631449491682903,shrink_mean:rule
2018-08,0.003960198709771633,0.003893719208285375,0.03323975074312904,shrink_mean:rule
2018-09,0.011101123924421008,0.01103777003629483,0.03167694406308888,shrink_mean:rule
2018-10,0.0025026791253189395,0.0024321187867194925,0.03528016929972339,shrink_mean:rule
2018-11,-0.0017254979839123779,-0.0017960460983433091,0.03527405721546569,shrink_mean:rule
2018-12,-0.0016652128211182844,-0.0017381552900193884,0.03647123445055214,shrink_mean:rule
2019-01,0.005084094624240724,0.005030168936009425,0.026962844115649386,shrink_mean:rule
2019-02,-0.004201472488869748,-0.004271711619444257,0.03511956528725447,shrink_mean:rule
2019-03,0.0033289117112674307,0.0032711513802515025,0.028880165507963917,shrink_mean:rule
2019-04,0.0019330932154063634,0.0018791346641343501,0.026979275636006595,shrink_mean:rule
2019-05,0.002103975120510062,0.0020398129555231283,0.0320810824934668,shrink_mean:rule
2019-06,0.0044846068706909025,0.00442128900498088,0.03165893285501061,shrink_mean:rule
2019-07,0.005443866395436954,0.005397457605870109,0.023204394783422986,shrink_mean:rule
2019-08,0.0010115201877225098,0.0009425268576357652,0.03449666504337227,shrink_mean:rule
2019-09,-0.0012707604317242138,-0.0013291988203450575,0.029219194310421814,shrink_mean:rule
2019-10,0.00011458347616361462,5.7776848772451544e-05,0.02840331369558152,shrink_mean:rule
2019-11,0.0027499391625919654,0.0026949410968812233,0.02749903285537089,shrink_mean:rule
2019-12,0.0034724570951333027,0.003414285199550726,0.029085947791288494,shrink_mean:rule
2020-01,0.0017964123713347067,0.0017481439398058145,0.024134215764446135,shrink_mean:rule
2020-02,0.004085044547855759,0.004018441038400729,0.033301754727515114,shrink_mean:rule
2020-03,0.005800216702095003,0.0057349220298940655,0.032647336100468466,shrink_mean:rule
2020-04,-0.004862542578337534,-0.00499740599226502,0.0674317069637428,shrink_mean:rule
2020-05,-0.0011195238341537095,-0.0012380461460712974,0.059261155958794005,shrink_mean:rule
2020-06,-0.007097643116687461,-0.00717696180910816,0.03965934621034961,shrink_mean:rule
2020-07,0.0022992826919824793,0.0021875005915868804,0.055891050197799205,shrink_mean:rule
2020-08,-0.003759123078074125,-0.0038615979271099036,0.05123742451788926,shrink_mean:rule
2020-09,-0.00033376171868216794,-0.00041143559681087197,0.03883693906435195,shrink_mean:rule
2020-10,0.005137652540354817,0.0050616211531302234,0.03801569361229658,shrink_mean:rule
2020-11,-0.018997838589101118,-0.01906812853894219,0.03514497492053545,shrink_mean:rule
2020-12,-0.0050237211849889505,-0.0051476695266925295,0.06197417085178955,shrink_mean:rule
2021-01,0.004833768881463684,0.004745354852948148,0.0442070142577681,shrink_mean:rule
2021-02,-0.0018039313900389245,-0.0018823925425883318,0.039230576274703596,shrink_mean:rule
2021-03,0.002645806576782234,0.002551946152472292,0.046930212154971035,shrink_mean:rule
2021-04,0.0018009995674867947,0.001725030662823791,0.03798445233150195,shrink_mean:rule
2021-05,6.54663833665439e-05,-2.7996774767810066e-05,0.04673157906717702,shrink_mean:rule
2021-06,-0.00442636890179012,-0.00449650933362398,0.03507021591693039,shrink_mean:rule
2021-07,0.003829180075595014,0.0037509480244381156,0.03911602557844873,shrink_mean:rule
2021-08,-0.0007162843939113112,-0.0007761734621010127,0.029944534094850875,shrink_mean:rule
2021-09,0.004461854403112944,0.004385819927644336,0.03801723773430379,shrink_mean:rule
2021-10,0.0006832382301195566,0.0006132164228071968,0.03501090365617994,shrink_mean:rule
2021-11,0.006884424626136185,0.006816041022418409,0.03419180185888759,shrink_mean:rule
2021-12,0.008995999537949948,0.008908470100603102,0.04376471867342288,shrink_mean:rule
2022-01,0.008348629381351223,0.0082853563140096,0.031636533670812435,shrink_mean:rule
2022-02,0.009276224460714999,0.00920045240100298,0.037886029856009085,shrink_mean:rule
2022-03,0.004898568911238905,0.004818120099147158,0.04022440604587391,shrink_mean:rule
2022-04,0.010606871190957294,0.01051953566145481,0.043667764751242594,shrink_mean:rule
2022-05,0.005140960275940807,0.005054194929353609,0.04338267329359816,shrink_mean:rule
2022-06,-0.001112137405304851,-0.0011896281371090397,0.038745365902094514,shrink_mean:rule
2022-07,-0.0012164394557205027,-0.0012938683499837543,0.03871444713162578,shrink_mean:rule
2022-08,-0.001876700385697775,-0.0019408662746718873,0.032082944487056134,shrink_mean:rule
2022-09,0.003737666909163661,0.003667773289725358,0.034946809719151456,shrink_mean:rule
2022-10,0.003309818071527844,0.0032369852909632556,0.0364163902822941,shrink_mean:rule
2022-11,-0.0012726763117017253,-0.0013621689663121908,0.04474632730523261,shrink_mean:rule
2022-12,0.00650055070876506,0.00641842397274836,0.041063368008350136,shrink_mean:rule
2023-01,0.0023949516797835274,0.002326203048204928,0.03437431578929983,shrink_mean:rule
2023-02,0.0031384052805424846,0.0030576689335488007,0.0403681734968419,shrink_mean:rule
2023-03,0.0029910823787369927,0.0029360340718584104,0.027524153439291474,shrink_mean:rule
2023-04,-0.0005898598817853662,-0.0006549110009687922,0.03252555959171308,shrink_mean:rule
2023-05,-0.0026270704189256147,-0.002692572867707571,0.03275122439097836,shrink_mean:rule
2023-06,0.004009936460073345,0.003946348884554018,0.031793787759663,shrink_mean:rule
2023-07,0.0025102950681367693,0.0024471602346920213,0.03156741672237406,shrink_mean:rule
2023-08,0.0023376893412166548,0.002263560292448101,0.03706452438427707,shrink_mean:rule
2023-09,0.007013113971295759,0.006952883471373377,0.03011524996119136,shrink_mean:rule
2023-10,0.006483388706778808,0.006421887331479898,0.030750687649454676,shrink_mean:rule
2023-11,-0.003561741260865656,-0.0036684372933593586,0.05334801624685127,shrink_mean:rule
2023-12,0.0043901597342982214,0.004328400730287132,0.030879502005545203,shrink_mean:rule
2024-01,0.01167166203531188,0.011609206765217438,0.031227635047220828,shrink_mean:rule
2024-02,-0.0011634178939486557,-0.0012369454861032479,0.036763796077295845,shrink_mean:rule
2024-03,0.0038480314216800715,0.003777599710542567,0.03521585556875227,shrink_mean:rule
2024-04,0.0019965989743654013,0.0019071389057168458,0.04473003432427778,shrink_mean:rule
2024-05,0.002899215025565914,0.0028125137570761986,0.043350634244857585,shrink_mean:rule
2024-06,0.0032900635947057193,0.0032151004026271936,0.03748159603926298,shrink_mean:rule
2024-07,0.001755689825667862,0.001707440723510682,0.024124551078589938,shrink_mean:rule
2024-08,0.002423116185548526,0.0023674037492412855,0.027856218153620414,shrink_mean:rule
2024-09,-1.2670675386628069e-05,-6.704727973480364e-05,0.027188302174087756,shrink_mean:rule
2024-10,-0.0004550802232684538,-0.0005072011510376238,0.026060463884584863,shrink_mean:rule
2024-11,0.01059095442111576,0.010528666788771289,0.031143816172235418,shrink_mean:rule
2024-12,0.0018709947266290889,0.0018145774709717177,0.028208627828685596,shrink_mean:rule
2025-01,0.003496713053202939,0.003445079411920024,0.025816820641457475,shrink_mean:rule
2025-02,0.0036438314090958437,0.003580628055762479,0.0316016766666823,shrink_mean:rule
2025-03,0.005035000636511444,0.004976626961659321,0.02918683742606133,shrink_mean:rule
2025-04,-0.00021666796282442398,-0.00027951503152209763,0.03142353434883678,shrink_mean:rule
2025-05,-0.0003078167264733123,-0.0003760640665087699,0.034123670017728785,shrink_mean:rule
2025-06,-0.003844394643493147,-0.0039116513080356,0.03362833227122658,shrink_mean:rule
2025-07,-0.0015210082916695033,-0.0015700548451274895,0.024523276728993057,shrink_mean:rule
2025-08,-0.0015859276280962451,-0.0016502464801237454,0.03215942601375021,shrink_mean:rule
2025-09,0.0034405074285632086,0.003380773827561639,0.02986680050078495,shrink_mean:rule
2025-10,0.007500143362976084,0.0074348505028732975,0.03264643005139279,shrink_mean:rule
2025-11,0.004952816877285008,0.004873590484383948,0.03961319645052979,shrink_mean:rule
2025-12,0.006942318375091447,0.006889555514045326,0.02638143052306038,shrink_mean:rule
