target_month,gross,net,turnover,strategy
2000-01,0.0051270817577963364,0.0051270817577963364,0.0,enet:dm_only
2000-02,0.017471596008582675,0.015484087471300109,0.9937542686412815,enet:dm_only
2000-03,-0.002745738106813812,-0.004693347442808608,0.9738046679973978,enet:dm_only
2000-04,-0.017851551632059117,-0.01986282075784672,1.0056345628938004,enet:dm_only
2000-05,-0.003734269650943677,-0.005906764404330473,1.0862473766933973,enet:dm_only
2000-06,-0.007291559133908003,-0.009315756082805597,1.0120984744487964,enet:dm_only
2000-07,-0.0019778436675093438,-0.004025071321493534,1.0236138269920954,enet:dm_only
2000-08,-0.007450902889041753,-0.009319962003708484,0.9345295573333656,enet:dm_only
2000-09,0.0007416183462164841,-0.0012492578397553392,0.9954380929859115,enet:dm_only
2000-10,0.0011890806801962402,-0.000610345723821211,0.8997132020087256,enet:dm_only
2000-11,0.007186933015420763,0.005526026146050694,0.8304534346850345,enet:dm_only
2000-12,0.0023689547251144224,0.0006469721147562423,0.8609913051790901,enet:dm_only
2001-01,-0.014613513667661483,-0.01652077920801662,0.9536327701775689,enet:dm_only
2001-02,0.006346739320800867,0.004133702795775322,1.1065182625127734,enet:dm_only
2001-03,0.026924673125799957,0.024770341156170803,1.0771659848145758,enet:dm_only
2001-04,0.004519388770546154,0.002767509169407522,0.8759398005693158,enet:dm_only
2001-05,0.010579883534754822,0.008579489633182396,1.000196950786213,enet:dm_only
2001-06,-0.002397140345276355,-0.004078886194533842,0.840872924628743,enet:dm_only
2001-07,0.017528462044347708,0.015638786792792854,0.9448376257774268,enet:dm_only
2001-08,-0.00564429052567374,-0.007285064598538218,0.8203870364322383,enet:dm_only
2001-09,0.012273625948846189,0.010313304157073783,0.9801608958862037,enet:dm_only
2001-10,-0.019858852492563948,-0.021778917967194795,0.9600327373154253,enet:dm_only
2001-11,0.004100536255172615,0.0017789340353443677,1.160801109914123,enet:dm_only
2001-12,0.01316025771568884,0.011167313333707112,0.9964721909908625,enet:dm_only
2002-01,0.0010529912985606587,-0.0010408510606127526,1.046921179586706,enet:dm_only
2002-02,0.00840010427442023,0.006832437059217497,0.7838336076013673,enet:dm_only
2002-03,0.01227555176546876,0.010853654332616536,0.7109487164261117,enet:dm_only
2002-04,0.007092599836523348,0.005874089234513805,0.6092553010047715,enet:dm_only
2002-05,0.004983931268350786,0.003616632977138857,0.683649145605964,enet:dm_only
2002-06,0.0066234656283856615,0.005237079805315806,0.6931929115349281,enet:dm_only
2002-07,0.004207888183291648,0.0028523339173870265,0.6777771329523107,enet:dm_only
2002-08,0.0003745398572433015,-0.0009215605069596872,0.648050182101494,enet:dm_only
2002-09,0.0057579028099544564,0.004402977417328276,0.6774626963130898,enet:dm_only
2002-10,0.0013938180683393032,0.0001582247079909407,0.6177966801741814,enet:dm_only
2002-11,0.002500836070316173,0.000892812312707936,0.8040118788041184,enet:dm_only
2002-12,0.004506275306293826,0.0031736122875053057,0.6663315093942602,enet:dm_only
2003-01,0.0029157437772924216,0.0015987713208631702,0.6584862282146257,enet:dm_only
2003-02,0.0005913608061191845,-0.00041048658477766124,0.5009236954484229,enet:dm_only
2003-03,0.010705259971729192,0.009654484272977855,0.5253878493756686,enet:dm_only
2003-04,-0.00516193465993087,-0.005883371818594866,0.3607185793319979,enet:dm_only
2003-05,0.00404073538921077,0.002777364479402781,0.6316854549039943,enet:dm_only
2003-06,0.005122858617053233,0.0039053840373224624,0.6087372898653858,enet:dm_only
2003-07,0.007414421076272033,0.006331126618989281,0.541647228641376,enet:dm_only
2003-08,0.005204728963227558,0.0040735464396784524,0.5655912617745527,enet:dm_only
2003-09,-0.0031397437686041087,-0.004386929879477794,0.6235930554368427,enet:dm_only
2003-10,0.012796177396518603,0.011622577112413449,0.5868001420525778,enet:dm_only
2003-11,0.0020017485267493917,0.0009221482729045311,0.5398001269224302,enet:dm_only
2003-12,0.0010225719573032643,-0.00015473410657202607,0.5886530319376451,enet:dm_only
2004-01,-0.010025003560396987,-0.011241821310023294,0.6084088748131545,enet:dm_only
2004-02,0.0024499134049122536,0.0010274253054512622,0.7112440497304957,enet:dm_only
2004-03,0.002369486312489707,0.0011581974479541166,0.605644432267795,enet:dm_only
2004-04,0.0005515363154516043,-0.0005962381460675756,0.5738872307595899,enet:dm_only
2004-05,-0.005991507628954525,-0.007143251985570343,0.5758721783079089,enet:dm_only
2004-06,0.004423257846091937,0.003231943340483053,0.595657252804442,enet:dm_only
2004-07,0.0059572397168393765,0.004896438396223569,0.5304006603079038,enet:dm_only
2004-08,0.004340483316266469,0.0033807047951157983,0.4798892605753349,enet:dm_only
2004-09,0.004506950940479565,0.003469934738948114,0.5185081007657254,enet:dm_only
2004-10,0.012756340418644742,0.011730592829484741,0.5128737945799997,enet:dm_only
2004-11,0.004771300148164738,0.0038594746489009693,0.4559127496318843,enet:dm_only
2004-12,0.00899342462155238,0.00784014083810318,0.5766418917246,enet:dm_only
2005-01,-0.002248621940128279,-0.0034580516082306605,0.6047148340511905,enet:dm_only
2005-02,0.004294925451002399,0.0031414161485394596,0.5767546512314696,enet:dm_only
2005-03,0.0086846005747698,0.007512830869066786,0.585884852851506,enet:dm_only
2005-04,0.013727501504937368,0.0125797458050015,0.5738778499679339,enet:dm_only
2005-05,-0.015357367851704542,-0.016326575258428754,0.48460370336210556,enet:dm_only
2005-06,0.004110355156768846,0.0027106120603999626,0.6998715481844419,enet:dm_only
2005-07,0.0027312788035921253,0.0015862178635716426,0.5725304700102414,enet:dm_only
2005-08,-0.00016563059031132448,-0.0013094135651457999,0.5718914874172376,enet:dm_only
2005-09,0.003986262995982475,0.0026793263924442517,0.6534683017691119,enet:dm_only
2005-10,0.0008983804052144729,-0.00026258540794093913,0.580482906577706,enet:dm_only
2005-11,-0.0038001993805966182,-0.0049420594389108854,0.5709300291571338,enet:dm_only
2005-12,-0.0011566672070872014,-0.002343752686239255,0.5935427395760269,enet:dm_only
2006-01,0.0027703136527252046,0.0015119503182848045,0.6291816672202,enet:dm_only
2006-02,0.004187648887964478,0.002603669317635083,0.7919897851646979,enet:dm_only
2006-03,-0.00839666825922655,-0.009806765614015965,0.7050486773947077,enet:dm_only
2006-04,0.008208895414558279,0.006814283752855122,0.6973058308515788,enet:dm_only
2006-05,0.00041849699040272866,-0.0009312388627108327,0.6748679265567804,enet:dm_only
2006-06,0.01377661922815296,0.012506817540906597,0.6349008436231811,enet:dm_only
2006-07,-0.005791966571576131,-0.007036479238272185,0.6222563333480269,enet:dm_only
2006-08,-0.007178062582332692,-0.008639571471285435,0.7307544444763717,enet:dm_only
2006-09,0.002480463684837379,0.0010480287216827061,0.7162174815773363,enet:dm_only
2006-10,-0.0022000883353469336,-0.003461553851421484,0.6307327580372752,enet:dm_only
2006-11,0.010765201839381691,0.009457255066427698,0.6539733864769968,enet:dm_only
2006-12,0.002374524007567916,0.0011882305548438423,0.5931467263620369,enet:dm_only
2007-01,0.006464951053231089,0.005139420409527013,0.6627653218520373,enet:dm_only
2007-02,0.0018182680398989974,0.0004963766151210045,0.6609457123889966,enet:dm_only
2007-03,0.005899843663348278,0.004667320581206261,0.6162615410710087,enet:dm_only
2007-04,0.006186338833589869,0.0049607639388389675,0.6127874473754512,enet:dm_only
2007-05,0.0010855263439907485,-0.00018061642546080405,0.6330713847257762,enet:dm_only
2007-06,-0.0024109741375174065,-0.0038279518026738627,0.7084888325782281,enet:dm_only
2007-07,0.00020604111526010253,-0.0013908514501710036,0.7984462827155531,enet:dm_only
2007-08,0.00190102727271231,0.0004071839634137976,0.7469216546492564,enet:dm_only
2007-09,0.0029914541723551585,0.0015130606855656768,0.7391967433947407,enet:dm_only
2007-10,0.01209249568986778,0.010727854915058626,0.6823203874045761,enet:dm_only
2007-11,0.003081576144612388,0.0017125826506288588,0.6844967469917647,enet:dm_only
2007-12,0.004835763510618496,0.003262436834751819,0.7866633379333384,enet:dm_only
2008-01,0.002435157432832844,0.0011418810514135702,0.6466381907096368,enet:dm_only
2008-02,-0.001143493566366178,-0.0027062721864930203,0.781389310063421,enet:dm_only
2008-03,0.004982026315188538,0.0034605802402471806,0.7607230374706785,enet:dm_only
2008-04,0.002114876759141506,0.0006556243807399308,0.7296261892007878,enet:dm_only
2008-05,-0.003582657829176487,-0.00511954693235219,0.7684445515878517,enet:dm_only
2008-06,0.010285678569161795,0.008825957978061051,0.7298602955503721,enet:dm_only
2008-07,-0.0055175800041460145,-0.006749184047505208,0.6158020216795966,enet:dm_only
2008-08,0.00975923054416085,0.008180418930590799,0.7894058067850267,enet:dm_only
2008-09,0.014444584977525156,0.013217929629541545,0.6133276739918071,enet:dm_only
2008-10,0.03448856468265843,0.033333169004796256,0.577697838931086,enet:dm_only
2008-11,0.018892038232347478,0.017753655157534305,0.569191537406585,enet:dm_only
2008-12,-0.004915417934443927,-0.006188815049405355,0.6366985574807142,enet:dm_only
2009-01,0.0005149405957249653,-0.0009934888366717333,0.754214716198349,enet:dm_only
2009-02,0.006394223150921333,0.004812155284460637,0.791033933230348,enet:dm_only
2009-03,-0.01061319913370209,-0.01189382449958233,0.6403126829401203,enet:dm_only
2009-04,-0.013930150660645079,-0.015571196130222313,0.8205227347886165,enet:dm_only
2009-05,0.012885868181490128,0.010990541129308572,0.9476635260907778,enet:dm_only
2009-06,-0.003805406905359539,-0.005552137457539173,0.8733652760898167,enet:dm_only
2009-07,0.004448938453311535,0.0025469077509055176,0.9510153512030091,enet:dm_only
2009-08,0.00144189384208589,5.550013200896657e-06,0.7181719144424965,enet:dm_only
2009-09,0.005557799838061619,0.00409735639236913,0.7302217228462443,enet:dm_only
2009-10,0.0012986981581262053,-1.9180335609687013e-05,0.658939246867946,enet:dm_only
2009-11,0.0020391422653324312,0.000641819472727145,0.6986613963026432,enet:dm_only
2009-12,-0.001693197865463768,-0.0030031204315708465,0.6549612830535392,enet:dm_only
2010-01,-0.0010767876610820837,-0.0025595510903128754,0.7413817146153957,enet:dm_only
2010-02,-0.0022679684205085585,-0.003886726278237383,0.8093789288644119,enet:dm_only
2010-03,-0.0028106696968624844,-0.004495776435841784,0.8425533694896498,enet:dm_only
2010-04,0.005597958315360949,0.004049072809030777,0.7744427531650859,enet:dm_only
2010-05,0.0049329716968613295,0.0034961538189834896,0.7184089389389199,enet:dm_only
2010-06,0.008750724298722002,0.007409660714590169,0.6705317920659161,enet:dm_only
2010-07,-0.0010621285133117443,-0.0022448750833339902,0.5913732850111232,enet:dm_only
2010-08,0.003906642496689328,0.0024297819928348506,0.7384302519272384,enet:dm_only
2010-09,0.001720617824616938,0.0002704229686373932,0.7250974279897722,enet:dm_only
2010-10,0.005992951672742602,0.004486121178865003,0.7534152469387991,enet:dm_only
2010-11,0.008923721913935388,0.007508789191222978,0.707466361356206,enet:dm_only
2010-12,0.0062023274011006775,0.0048079899072387515,0.6971687469309626,enet:dm_only
2011-01,0.006273265691796711,0.004912160370041423,0.6805526608776438,enet:dm_only
2011-02,-0.0015376909090944102,-0.003024170399377969,0.7432397451417794,enet:dm_only
2011-03,-0.00013947147848284344,-0.0015882898214312556,0.724409171474206,enet:dm_only
2011-04,0.008449065727747113,0.007030524217012006,0.7092707553675536,enet:dm_only
2011-05,0.004842018962884324,0.003586758425789702,0.6276302685473114,enet:dm_only
2011-06,0.005109211790420438,0.003846850025127192,0.6311808826466229,enet:dm_only
2011-07,0.0068658615188434925,0.0057152039539878335,0.5753287824278297,enet:dm_only
2011-08,0.010121857247995683,0.009016749034949936,0.5525541065228728,enet:dm_only
2011-09,0.01251053484452301,0.011369782189203984,0.5703763276595142,enet:dm_only
2011-10,-0.007905929800051456,-0.009152336997317313,0.623203598632928,enet:dm_only
2011-11,0.0024544268230580935,0.0008237583359106026,0.8153342435737455,enet:dm_only
2011-12,0.004423232721221222,0.002867624109586528,0.7778043058173465,enet:dm_only
2012-01,-0.01944429901023458,-0.02049149879247277,0.5235998911190949,enet:dm_only
2012-02,-0.0014848952222013749,-0.0029849102232249927,0.7500075005118088,enet:dm_only
2012-03,0.007633423726537509,0.006220074983236823,0.7066743716503432,enet:dm_only
2012-04,0.005868805158963233,0.004634670536813646,0.6170673110747934,enet:dm_only
2012-05,0.010861066397638479,0.009752604918773992,0.5542307394322431,enet:dm_only
2012-06,0.005867471991333538,0.0047840235343827265,0.5417242284754055,enet:dm_only
2012-07,0.00731557596600071,0.0061914396152867885,0.5620681753569612,enet:dm_only
2012-08,0.0053629065297472345,0.004266108085244048,0.5483992222515928,enet:dm_only
2012-09,-0.001444741212635396,-0.0025078404259303924,0.5315496066474982,enet:dm_only
2012-10,0.0031782591115276835,0.0019456949256669038,0.6162820929303898,enet:dm_only
2012-11,0.008477516759664913,0.007292266135252719,0.5926253122060968,enet:dm_only
2012-12,-0.003259586492731749,-0.004334889948238919,0.5376517277535847,enet:dm_only
2013-01,0.0035595294720805167,0.00226580129865892,0.6468640867107982,enet:dm_only
2013-02,0.004321568992992429,0.0030647581671134705,0.6284054129394792,enet:dm_only
2013-03,0.010311108026416025,0.009186642641367412,0.5622326925243059,enet:dm_only
2013-04,0.010442053613702993,0.009492766719415088,0.4746434471439529,enet:dm_only
2013-05,0.0036696664959667675,0.0026563588022418183,0.5066538468624748,enet:dm_only
2013-06,0.0043043940228552156,0.0030004907334817955,0.65195164468671,enet:dm_only
2013-07,0.009697866255746273,0.008413189160334893,0.6423385477056901,enet:dm_only
2013-08,-0.0011090228459087997,-0.00239982762976163,0.6454023919264152,enet:dm_only
2013-09,-0.005068781326990109,-0.006492079500620618,0.7116490868152546,enet:dm_only
2013-10,-0.0011648190374326595,-0.0024908373220203224,0.6630091422938313,enet:dm_only
2013-11,-0.0001990503578319258,-0.0014173916209192958,0.609170631543685,enet:dm_only
2013-12,0.004143762963137437,0.0030349968443897798,0.5543830593738281,enet:dm_only
2014-01,0.001103077951762802,0.00012335080861919175,0.4898635715718052,enet:dm_only
2014-02,0.004853763841241672,0.0036761778943785258,0.5887929734315733,enet:dm_only
2014-03,0.0010786856154485832,-7.556489708366978e-05,0.5771252562661263,enet:dm_only
2014-04,0.0014640998893569997,0.0002294717898937866,0.6173140497316063,enet:dm_only
2014-05,-0.0004602259598399959,-0.001674783283873363,0.6072786620166837,enet:dm_only
2014-06,0.003703013003811858,0.0024537479532576456,0.6246325252771061,enet:dm_only
2014-07,0.0008252036051142965,-0.00037600245458014724,0.6006030298472219,enet:dm_only
2014-08,0.0035110653989729704,0.0023325790002534544,0.589243199359758,enet:dm_only
2014-09,-0.0016887108526342765,-0.00280904458552604,0.5601668664458818,enet:dm_only
2014-10,0.003350531997912576,0.0022372815424026933,0.5566252277549412,enet:dm_only
2014-11,0.00879094251282683,0.007674127876257031,0.5584073182849001,enet:dm_only
2014-12,0.013670213934285629,0.012632835271459829,0.5186893314129001,enet:dm_only
2015-01,0.005630017879688667,0.004619243714634852,0.5053870825269072,enet:dm_only
2015-02,-0.0003636654071408434,-0.00155996764382186,0.5981511183405083,enet:dm_only
2015-03,0.00399436898938239,0.0027266654873680683,0.6338517510071608,enet:dm_only
2015-04,-0.010998113611435737,-0.012224687972841253,0.6132871807027584,enet:dm_only
2015-05,-0.00014518970006854144,-0.0016861239461654282,0.7704671230484433,enet:dm_only
2015-06,0.002890145497826065,0.0014279885375779067,0.7310784801240792,enet:dm_only
2015-07,0.008644549660777224,0.007564864548743333,0.5398425560169455,enet:dm_only
2015-08,0.00817101412520566,0.00707889568664821,0.5460592192787258,enet:dm_only
2015-09,0.0037882720189689823,0.0026691198268173504,0.559576096075816,enet:dm_only
2015-10,-0.00478740187491659,-0.0059673424488262865,0.5899702869548491,enet:dm_only
2015-11,0.002642405243260689,0.0013261041377621342,0.6581505527492775,enet:dm_only
2015-12,-0.0007117103753490447,-0.0020036285039413773,0.6459590642961662,enet:dm_only
2016-01,0.0021041209479235367,0.0008361731663489454,0.6339738907872956,enet:dm_only
2016-02,-0.0003909006450747379,-0.0016611313069466328,0.6351153309359474,enet:dm_only
2016-03,-0.005136880411258868,-0.006495958646125699,0.6795391174334159,enet:dm_only
2016-04,0.0035326134668290524,0.0020933039976120346,0.7196547346085085,enet:dm_only
2016-05,0.001308516348565024,-2.710758516968545e-05,0.6678119668673548,enet:dm_only
2016-06,-0.0017986197594800312,-0.0031017072425925003,0.6515437415562343,enet:dm_only
2016-07,-0.0006797368623021012,-0.0018405815546283474,0.580422346163123,enet:dm_only
2016-08,0.0057494426116671115,0.004461563464127907,0.6439395737696019,enet:dm_only
2016-09,0.00635889474853251,0.005217547893104281,0.5706734277141143,enet:dm_only
2016-10,0.0015608024068861665,0.0006524668128949153,0.4541677969956257,enet:dm_only
2016-11,-0.002339465770752935,-0.003450866041657562,0.5557001354523132,enet:dm_only
2016-12,0.0008825799965602612,-0.0004171755744649846,0.649877785512623,enet:dm_only
2017-01,0.0026517486419675193,0.001442879278134127,0.6044346819166959,enet:dm_only
2017-02,-0.0002869616695886265,-0.0015497367089183113,0.6313875196648423,enet:dm_only
2017-03,0.0025989134400841284,0.001409802252098208,0.5945555939929603,enet:dm_only
2017-04,-0.00040121902892077313,-0.0015693001167958825,0.584040543937555,enet:dm_only
2017-05,0.005243058386335572,0.004125929228896626,0.5585645787194732,enet:dm_only
2017-06,0.0006939104470799017,-0.0005362416521663741,0.6150760496231379,enet:dm_only
2017-07,0.0020263382734170684,0.0008934173198745431,0.5664604767712628,enet:dm_only
2017-08,0.003904895635844114,0.002691288945384072,0.6068033452300211,enet:dm_only
2017-09,0.0010150026556616377,-2.7818435514632906e-05,0.5214105455881354,enet:dm_only
2017-10,0.004140141364508067,0.003083381618315607,0.5283798730962302,enet:dm_only
2017-11,0.0026592237036586544,0.0014652165141624154,0.5970035947481196,enet:dm_only
2017-12,0.0034408472648297475,0.002179363290782021,0.6307419870238636,enet:dm_only
2018-01,0.004237519992743513,0.002959605200523555,0.6389573961099787,enet:dm_only
2018-02,0.0026482944199086914,0.0012718485054498269,0.6882229572294323,enet:dm_only
2018-03,0.0042474520021494626,0.003013444499523811,0.6170037513128257,enet:dm_only
2018-04,0.0009296764326823452,-0.00018510926000651716,0.557392846344431,enet:dm_only
2018-05,0.0031712865124661916,0.001878645070659487,0.6463207209033525,enet:dm_only
2018-06,0.0028775449104816424,0.0015730073378327062,0.6522687863244682,enet:dm_only
2018-07,0.003048896291320641,0.0018769837589439175,0.5859562661883616,enet:dm_only
2018-08,0.004587016620150651,0.0034045940358802458,0.5912112921352022,enet:dm_only
2018-09,0.013655960384731053,0.012490164432295836,0.5828979762176075,enet:dm_only
2018-10,0.004259279916119528,0.0031810770522555888,0.5391014319319695,enet:dm_only
2018-11,-0.0039439261101983656,-0.0050999337491957,0.5780038194986677,enet:dm_only
2018-12,0.0051621001582365005,0.0037095250225538112,0.7262875678413448,enet:dm_only
2019-01,-0.0018710708317693026,-0.003055936151938947,0.5924326600848222,enet:dm_only
2019-02,-0.005437672140746188,-0.00678745327114422,0.6748905651990155,enet:dm_only
2019-03,0.005340397706191811,0.004022854077156608,0.6587718145176017,enet:dm_only
2019-04,0.0019523504743820912,0.0008928894042396805,0.5297305350712053,enet:dm_only
2019-05,0.0026310325630751674,0.0015059360959184395,0.5625482335783638,enet:dm_only
2019-06,0.0027390496409782656,0.0014912319206404642,0.6239088601689006,enet:dm_only
2019-07,0.0055856879821922336,0.0044119524344336525,0.5868677738792907,enet:dm_only
2019-08,0.003549179090828088,0.002504116065905495,0.5225315124612967,enet:dm_only
2019-09,-0.002539998595970591,-0.0036751266076333554,0.5675640058313823,enet:dm_only
2019-10,0.0020666383236508405,0.0007905234238789351,0.6380574498859525,enet:dm_only
2019-11,0.0015839521635997312,0.0004438554231214158,0.5700483702391578,enet:dm_only
2019-12,0.00532160015517891,0.0041134569350600525,0.6040716100594282,enet:dm_only
2020-01,0.005377826453158922,0.0043586450614656455,0.5095906958466385,enet:dm_only
2020-02,0.009992045125964043,0.008890580246926317,0.5507324395188627,enet:dm_only
2020-03,0.01739185743787823,0.01634005632874574,0.5259005545662453,enet:dm_only
2020-04,-0.018769503650382106,-0.020252803055902022,0.7416497027599558,enet:dm_only
2020-05,-0.0010664868068298195,-0.00312404724002073,1.028780216595455,enet:dm_only
2020-06,-0.0041126375124036635,-0.0057734729019900295,0.8304176947931833,enet:dm_only
2020-07,0.005248765596384572,0.0036973191882046772,0.7757232040899471,enet:dm_only
2020-08,0.0012699052825700487,-0.00020409421818613053,0.7369997503780894,enet:dm_only
2020-09,-0.004900805734233777,-0.006372574045322186,0.7358841555442044,enet:dm_only
2020-10,0.0021728165811464866,0.0006526474249701902,0.7600845780881481,enet:dm_only
2020-11,-0.02554536545110807,-0.026844278141313457,0.6494563451026923,enet:dm_only
2020-12,0.0024776299528699373,0.0004733425793708354,1.0021436867495508,enet:dm_only
2021-01,0.0019626093299769803,0.00020228975574576117,0.8801597871156094,enet:dm_only
2021-02,0.0006064114669825327,-0.0008905446419126498,0.7484780544475913,enet:dm_only
2021-03,0.007619351179302249,0.0060640604612114705,0.7776453590453891,enet:dm_only
2021-04,0.005523111358036775,0.004195636674460557,0.6637373417881092,enet:dm_only
2021-05,0.002762371894024812,0.0013084804421420375,0.7269457259413872,enet:dm_only
2021-06,-0.0034423086974799677,-0.004847949648572874,0.7028204755464532,enet:dm_only
2021-07,0.005027304592485468,0.0036905313326233073,0.6683866299310803,enet:dm_only
2021-08,-0.002371007475205642,-0.0036280125731858294,0.6285025489900936,enet:dm_only
2021-09,0.007549986114046076,0.006164209721208951,0.6928881964185628,enet:dm_only
2021-10,0.0020488696652071394,0.0007831841420017802,0.6328427616026796,enet:dm_only
2021-11,0.004984528526332999,0.0037338827014362225,0.6253229124483883,enet:dm_only
2021-12,0.00804456598451703,0.006621021297021024,0.7117723437480038,enet:dm_only
2022-01,0.011084002104605112,0.009945085172666634,0.569458465969239,enet:dm_only
2022-02,0.008214063012362006,0.007164590260587778,0.524736375887114,enet:dm_only
2022-03,0.008903979008748434,0.007762387063183288,0.5707959727825725,enet:dm_only
2022-04,0.010945549801103628,0.00989621494321126,0.5246674289461846,enet:dm_only
2022-05,0.003906209682985257,0.0028551262482534286,0.5255417173659139,enet:dm_only
2022-06,0.001886771173219253,0.0007402766797692191,0.573247246725017,enet:dm_only
2022-07,-0.005643551186372232,-0.0068117721694961044,0.5841104915619362,enet:dm_only
2022-08,-0.001488085692086246,-0.0027386153589986926,0.6252648334562234,enet:dm_only
2022-09,0.006137064761844624,0.0049999347965832795,0.5685649826306726,enet:dm_only
2022-10,0.005554146446896061,0.0044426890859328,0.5557286804816305,enet:dm_only
2022-11,-0.0065327915400477604,-0.007717819071995291,0.5925137659737655,enet:dm_only
2022-12,0.005313016188413622,0.0039788185804396055,0.6670988039870082,enet:dm_only
2023-01,0.000657257421955836,-0.0005014888224825266,0.5793731222191814,enet:dm_only
2023-02,0.008078641453298114,0.006951977793962552,0.5633318296677813,enet:dm_only
2023-03,0.0027713349108919906,0.0018369527405246104,0.46719108518369007,enet:dm_only
2023-04,-0.00024275734614250343,-0.001325290994020637,0.5412668239390668,enet:dm_only
2023-05,-0.001817894977627873,-0.002828371008601136,0.5052380154866314,enet:dm_only
2023-06,0.001696455457246712,0.0006082692266438871,0.5440931153014124,enet:dm_only
2023-07,0.005059534394091974,0.0039149136312086694,0.572310381441652,enet:dm_only
2023-08,0.002347426633796525,0.0012182759986899012,0.5645753175533117,enet:dm_only
2023-09,0.010934639945947787,0.009839885099545432,0.5473774232011773,enet:dm_only
2023-10,0.008991581903960181,0.00808959435732562,0.4509937733172798,enet:dm_only
2023-11,-0.00982944464763857,-0.01079670765088362,0.4836315016225255,enet:dm_only
2023-12,0.0036537975299066384,0.0024079379701128782,0.6229297798968797,enet:dm_only
2024-01,0.009723287920173733,0.008595541005692767,0.5638734572404821,enet:dm_only
2024-02,4.540413972769705e-05,-0.0010779631232631951,0.5616836314954461,enet:dm_only
2024-03,0.003427768459291552,0.0022483114087424863,0.5897285252745328,enet:dm_only
2024-04,-0.00027967403990857004,-0.0014223376768170732,0.5713318184542515,enet:dm_only
2024-05,0.0025071003316400665,0.0013694610673691933,0.5688196321354366,enet:dm_only
2024-06,-0.0003242795931235999,-0.0014159980226189674,0.5458592147476836,enet:dm_only
2024-07,0.00017213017525355908,-0.0009127422891035193,0.5424362321785391,enet:dm_only
2024-08,0.003370500497979333,0.002279734894312933,0.5453828018332,enet:dm_only
2024-09,0.00020020566636050333,-0.0008605204936268531,0.5303630799936783,enet:dm_only
2024-10,0.004427943898066069,0.0032993847887296157,0.5642795546682264,enet:dm_only
2024-11,0.010041891867828633,0.008910020066609391,0.5659359006096197,enet:dm_only
2024-12,0.002360787637495197,0.0012555274193054176,0.5526301090948897,enet:dm_only
2025-01,0.0016479271456978557,0.0007006379669357466,0.4736445893810545,enet:dm_only
2025-02,0.0046146166767523835,0.0035140545855966727,0.5502810455778555,enet:dm_only
2025-03,0.005872446070086663,0.004849546673591113,0.5114496982477749,enet:dm_only
2025-04,-0.002813067015237924,-0.0038256590741171546,0.5062960294396154,enet:dm_only
2025-05,-0.0009165557911738046,-0.0020473309846784785,0.5653875967523369,enet:dm_only
2025-06,-6.49018506166976e-05,-0.0011823847641212687,0.5587414567522857,enet:dm_only
2025-07,0.0007728247582028169,-0.0002185357429160489,0.4956802505594328,enet:dm_only
2025-08,0.0027656095055108728,0.0016511160805512985,0.5572467124797871,enet:dm_only
2025-09,0.0036036017058894763,0.002430896389832262,0.5863526580286073,enet:dm_only
2025-10,0.009279778061904649,0.008123022600284448,0.5783777308101,enet:dm_only
2025-11,0.0016349236917912362,0.00041553288456854713,0.6096954036113446,enet:dm_only
2025-12,0.010203309320292,0.009015071609468002,0.5941188554119988,enet:dm_only
2000-01,-0.009294174616525095,-0.009294174616525095,0.0,static_ew
2000-02,-0.0050977782652694426,-0.005141961494650721,0.022091614690639496,static_ew
2000-03,0.00795507788372919,0.007921431590514722,0.016823146607234538,static_ew
2000-04,0.0015812496011815978,0.0014975414272428438,0.04185408696937716,static_ew
2000-05,0.004936737707911596,0.004564011796841877,0.18636295553485913,static_ew
2000-06,0.013893549598272582,0.013710264968045642,0.09164231511347082,static_ew
2000-07,0.008285551336551277,0.008246367900018769,0.019591718266253874,static_ew
2000-08,-0.0013067448124274314,-0.0013236155747510523,0.008435381161810512,static_ew
2000-09,0.009663159550909144,0.009637218396236526,0.012970577336309628,static_ew
2000-10,0.012059560442535035,0.011991918238870854,0.033821101832090604,static_ew
2000-11,0.007810859721965218,0.007766771612625687,0.022044054669766257,static_ew
2000-12,0.0053917288665442185,0.005266521359542016,0.06260375350110112,static_ew
2001-01,-0.0043613422706945135,-0.004403432679973737,0.021045204639611702,static_ew
2001-02,0.013724558642463303,0.013720476397728564,0.0020411223673687078,static_ew
2001-03,0.019669174994897363,0.019613793593280113,0.02769070080862534,static_ew
2001-04,0.002532724626062318,0.0025124637247669343,0.010130450647692033,static_ew
2001-05,0.0035305995313474996,0.003269561518008229,0.13051900666963534,static_ew
2001-06,0.008180838092928458,0.008146693496540482,0.01707229819398765,static_ew
2001-07,0.007668436090974678,0.007644044438003913,0.012195826485382732,static_ew
2001-08,0.006444737899152218,0.006345821626893222,0.049458136129498134,static_ew
2001-09,0.014605106223526685,0.014572294162310323,0.016406030608181136,static_ew
2001-10,-0.005410537218567535,-0.00561933290809717,0.10439784476481727,static_ew
2001-11,-0.01488476349357051,-0.014896911384665767,0.006073945547629763,static_ew
2001-12,0.0024166257036852146,0.0024051786448616853,0.005723529411764706,static_ew
2002-01,-0.00012704749428162006,-0.00013580523176257744,0.004378868740478647,static_ew
2002-02,0.006962246729680718,0.006905986917118269,0.028129906281224314,static_ew
2002-03,0.006461168268242685,0.006380569951219447,0.0402991585116188,static_ew
2002-04,0.0030524775258939938,0.002931677926006179,0.060399799943907644,static_ew
2002-05,0.0007000701379270802,0.0005851019292714564,0.0574841043278119,static_ew
2002-06,0.005395744169403368,0.005322311388569975,0.036716390416696214,static_ew
2002-07,0.004568837362609699,0.004568837362609699,0.0,static_ew
2002-08,0.004353095373530568,0.004284123063048823,0.034486155240872216,static_ew
2002-09,0.01084896970679067,0.01082220169129026,0.013384007750204933,static_ew
2002-10,0.008617340119361862,0.008611536678125349,0.002901720618256054,static_ew
2002-11,-3.006821860233449e-05,-0.00015108793962205548,0.060509860509860514,static_ew
2002-12,0.009139937754823734,0.009087126822720766,0.026405466051483743,static_ew
2003-01,0.004759004932995577,0.004722111170665621,0.018446881164977762,static_ew
2003-02,0.004752619469462278,0.004703287233989561,0.024666117736358493,static_ew
2003-03,0.007967190684429852,0.007934909128909136,0.01614077776035817,static_ew
2003-04,-0.007536544436834222,-0.0076126845056404685,0.038070034403123565,static_ew
2003-05,0.003012271960941463,0.0027706828229631464,0.12079456898915815,static_ew
2003-06,0.0032532922223780054,0.00319588129180531,0.028705465286347626,static_ew
2003-07,0.001034760284058676,0.0009964918486307253,0.01913421771397525,static_ew
2003-08,0.003485467465019015,0.0034395437810649278,0.022961841977043672,static_ew
2003-09,-0.005429699221829456,-0.0057439199027712095,0.15711034047087685,static_ew
2003-10,0.003794349882139323,0.0037702343486954314,0.012057766721945829,static_ew
2003-11,0.005479239032350933,0.005458782433976717,0.010228299187108323,static_ew
2003-12,-0.0036536423473487096,-0.003691091407617979,0.01872453013463451,static_ew
2004-01,-0.009737737914639569,-0.009783936745048927,0.02309941520467837,static_ew
2004-02,0.004630589708208525,0.004546343398962216,0.04212315462315461,static_ew
2004-03,0.0029348626989472927,0.0028916680179452347,0.021597340501029023,static_ew
2004-04,0.001516429831284314,0.0014862315139766219,0.015099158653846152,static_ew
2004-05,0.0018381602487128764,0.0017300609767846582,0.054049635964109013,static_ew
2004-06,0.0054773955084024915,0.005437812856342322,0.019791326030085005,static_ew
2004-07,0.0037596263320666848,0.0037359376965997227,0.011844317733481135,static_ew
2004-08,0.0024880157929984305,0.002433803213683392,0.027106289657519166,static_ew
2004-09,0.001725905522163369,0.0016424394537439394,0.04173303420971473,static_ew
2004-10,0.005528794183583043,0.0054995126727441545,0.014640755419443936,static_ew
2004-11,0.0016702610324316792,0.0016033919126804239,0.03343455987562776,static_ew
2004-12,0.006230465727258088,0.00620062891911711,0.014918404070488951,static_ew
2005-01,-0.0002123807658949806,-0.0003965587550254155,0.09208899456521738,static_ew
2005-02,0.0024272658433558227,0.002405905540636133,0.010680151359844911,static_ew
2005-03,0.0032541080240067527,0.0032243647043847558,0.014871659810998411,static_ew
2005-04,0.0014765119526268325,0.0014542316134641404,0.011140169581346046,static_ew
2005-05,-0.0038526759838428586,-0.003946237481349877,0.046780748753509065,static_ew
2005-06,0.0017485461818437533,0.001733067736677808,0.007739222582972584,static_ew
2005-07,0.0014218946420461182,0.0014044793641331014,0.008707638956508508,static_ew
2005-08,0.0017182847663283624,0.00169726111792762,0.010511824200371285,static_ew
2005-09,-0.0023730173277459916,-0.002460678577536576,0.043830624895292346,static_ew
2005-10,0.002805632282674283,0.0027915738367152543,0.007029222979514402,static_ew
2005-11,-0.0022281318713710968,-0.0022707933652105104,0.02133074691970666,static_ew
2005-12,-0.003689190865313265,-0.003717216462460254,0.014012798573494675,static_ew
2006-01,9.25738267957905e-05,8.290174488344281e-05,0.004836040956173839,static_ew
2006-02,0.005621705480834758,0.005422792650280618,0.09945641527707018,static_ew
2006-03,0.0018325600759912612,0.0018268140442452296,0.0028730158730158706,static_ew
2006-04,0.0023760005995095076,0.002271524368652688,0.052238115428409886,static_ew
2006-05,0.00511232806539048,0.00505543742346486,0.028445320962809533,static_ew
2006-06,0.004311242258689078,0.004298802962465882,0.006219648111597565,static_ew
2006-07,0.0016112933359611861,0.0013605685752292502,0.12536238036596792,static_ew
2006-08,-0.0049213010397469135,-0.00504759748554367,0.06314822289837835,static_ew
2006-09,-0.001562209001671154,-0.0017252678204430164,0.08152940938593121,static_ew
2006-10,-8.958808370586092e-05,-0.00017052916547856222,0.04047054088635069,static_ew
2006-11,0.005666619432621639,0.005625922229351156,0.020348601635241634,static_ew
2006-12,0.0011733196213460292,0.0011611503196431432,0.006084650851443113,static_ew
2007-01,0.0026119600035522886,0.0025423294306943936,0.03481528642894777,static_ew
2007-02,-0.0023479037727364687,-0.0026438488337676134,0.14797253051557252,static_ew
2007-03,-0.0006023582092600908,-0.0006769920092052716,0.03731689997259044,static_ew
2007-04,0.0020107478559973696,0.0019045194754105975,0.05311419029338576,static_ew
2007-05,-0.004284245072683168,-0.004426458594226591,0.07110676077171152,static_ew
2007-06,-0.0021385971080241056,-0.002178231473576892,0.019817182776393282,static_ew
2007-07,-0.0027575993533367027,-0.0028841048009269877,0.06325272379514275,static_ew
2007-08,0.007296414155664324,0.007194773001877132,0.05082057689359569,static_ew
2007-09,0.0022120427900499035,0.0021461529246084177,0.032944932720742795,static_ew
2007-10,-0.0015008548597556168,-0.001684277454717203,0.09171129748079303,static_ew
2007-11,0.005076138168841042,0.004964381674902326,0.05587824696935779,static_ew
2007-12,0.00046792218979212024,0.00036372048360434466,0.052100853093887824,static_ew
2008-01,0.008442600056092533,0.008313387001695873,0.06460652719833028,static_ew
2008-02,0.0006647893898012508,0.000565916155433646,0.04943661718380262,static_ew
2008-03,0.0071666575084383755,0.007117782976294733,0.024437266071821576,static_ew
2008-04,0.0014274879484017606,0.0013844068682797338,0.021540540061013413,static_ew
2008-05,-0.0005861147265871439,-0.0006802462795017916,0.047065776457323835,static_ew
2008-06,0.008662626707498282,0.008630201022555111,0.016212842471585488,static_ew
2008-07,0.004242850886461106,0.004221799057830073,0.01052591431551664,static_ew
2008-08,0.008701277480643421,0.00867508648288502,0.013095498879201114,static_ew
2008-09,0.009909842766591745,0.009885106343473164,0.012368211559289872,static_ew
2008-10,0.02059309448566485,0.02055798008431015,0.01755720067735098,static_ew
2008-11,0.011105834014030314,0.011066340562319798,0.019746725855257642,static_ew
2008-12,-0.0041781587259673405,-0.004214952369596957,0.018396821814808298,static_ew
2009-01,0.00736090568940228,0.007328318187463356,0.016293750969462048,static_ew
2009-02,0.0034559841529437,0.003391397999961889,0.03229307649090513,static_ew
2009-03,-0.0011864242895024593,-0.0012202478989837252,0.016911804740633,static_ew
2009-04,-0.01773735235630576,-0.017771429654970382,0.017038649332312045,static_ew
2009-05,-0.021963332728203784,-0.022022005817667098,0.02933654473165522,static_ew
2009-06,0.008258920666306643,0.008255429024128869,0.0017458210888867882,static_ew
2009-07,-0.0013895754371024934,-0.0014326133902666737,0.021518976582090177,static_ew
2009-08,-0.00021867168720001343,-0.00024038632748351192,0.010857320141749331,static_ew
2009-09,-0.0019677531251670473,-0.001981459519889568,0.0068531973612604635,static_ew
2009-10,0.005164840626257567,0.00515531420987722,0.004763208190173451,static_ew
2009-11,0.003321376542655746,0.003308565629644496,0.006405456505624612,static_ew
2009-12,0.0012566252694938198,0.0012422678066261851,0.007178731433817373,static_ew
2010-01,0.0048210416716298376,0.00480584300039915,0.0075993356153435995,static_ew
2010-02,0.005949349418329259,0.005914881659820418,0.017233879254419934,static_ew
2010-03,-0.0009248125559954616,-0.0009548827444152484,0.015035094209893386,static_ew
2010-04,0.0033520990380891333,0.003333825711696929,0.009136663196102124,static_ew
2010-05,0.007113934752838802,0.007078451496247454,0.01774162829567434,static_ew
2010-06,0.005215611375143068,0.005203212106523071,0.006199634309998528,static_ew
2010-07,0.0009651897146966897,0.0009564058123718209,0.004391951162434457,static_ew
2010-08,0.005981433793838604,0.0059459885022709455,0.017722645783829385,static_ew
2010-09,-0.0005776305033251129,-0.0005999482193818936,0.01115885802839034,static_ew
2010-10,-0.00014936758678557206,-0.0001566614377457922,0.003646925480110154,static_ew
2010-11,0.006144414040973509,0.006133592646767195,0.005410697103157608,static_ew
2010-12,0.0002085673026164365,0.00019989451170612587,0.004336395455155419,static_ew
2011-01,0.00805666762355743,0.008048421810665209,0.00412290644610926,static_ew
2011-02,0.001567708856523757,0.0015431925262749582,0.012258165124399352,static_ew
2011-03,0.0028141318131334626,0.002763673429174014,0.025229191979724227,static_ew
2011-04,0.0035399628533305098,0.003523533817749002,0.008214517790753764,static_ew
2011-05,0.004960714021090834,0.004929849056472991,0.015432482308921094,static_ew
2011-06,0.0050565556883209115,0.0050424199703427664,0.007067858989072069,static_ew
2011-07,0.005159641675279285,0.00514320821842771,0.008216728425787663,static_ew
2011-08,0.0049609640253836535,0.004948754697207938,0.006104664087857355,static_ew
2011-09,0.009003536910915879,0.008986357576643294,0.008589667136291905,static_ew
2011-10,-0.0035712288609769005,-0.0035733452630933027,0.001058201058201055,static_ew
2011-11,0.008932453659111602,0.008919022546518298,0.006715556296651588,static_ew
2011-12,0.0050970346208061065,0.0050905943238896195,0.0032201484582436886,static_ew
2012-01,-0.009648156142871305,-0.009792708206992875,0.07227603206078435,static_ew
2012-02,0.0017526480329161478,0.0017466820390810082,0.0029829969175698525,static_ew
2012-03,0.0052464616442621575,0.0052433477990430485,0.0015569226095541872,static_ew
2012-04,0.006070210334905321,0.0059359102152652665,0.0671500598200271,static_ew
2012-05,0.0062723229870965645,0.0062164407721403865,0.027941107478088312,static_ew
2012-06,0.0037126204151210034,0.0037031142618996113,0.00475307661069618,static_ew
2012-07,0.004215289821940871,0.0041916167623631834,0.011836529788843954,static_ew
2012-08,0.0031024711692715923,0.0030889171938868,0.0067769876923960675,static_ew
2012-09,-0.0026294459923524257,-0.002645817861331968,0.008185934489771056,static_ew
2012-10,0.001856403783205924,0.0018529717797739205,0.0017160017160017197,static_ew
2012-11,0.004340730728677062,0.004328584881327134,0.006072923674964497,static_ew
2012-12,-0.003324388433096299,-0.0033397772888948247,0.007694427899262742,static_ew
2013-01,0.002529427569262197,0.002519845394848918,0.004791087206639632,static_ew
2013-02,0.001792719162260435,0.0017464694174622497,0.02312487239909266,static_ew
2013-03,0.006148481304446101,0.006111092934246345,0.018694185099878198,static_ew
2013-04,0.004296301036035093,0.00424868550445173,0.02380776579168191,static_ew
2013-05,0.0015839573824419956,0.001561204987596063,0.01137619742296642,static_ew
2013-06,0.004782082174109133,0.004760768598867865,0.010656787620634312,static_ew
2013-07,0.007868344280642299,0.0078340463623873,0.017148959127499648,static_ew
2013-08,0.001285841466259411,0.0012662462291037678,0.009797618577821654,static_ew
2013-09,-0.00027137665765767646,-0.0003675597113157637,0.04809152682904367,static_ew
2013-10,-0.0029050654088565234,-0.002947705771425732,0.021320181284604375,static_ew
2013-11,0.0010188145704397903,0.0009535460708780459,0.03263424978087218,static_ew
2013-12,0.0018343660526799253,0.0018235771108469968,0.005394470916464232,static_ew
2014-01,0.0010302061753810147,0.0010102000996993926,0.010003037840811042,static_ew
2014-02,0.0005478970308816221,0.0005337753985840309,0.007060816148795523,static_ew
2014-03,-0.000860620515800879,-0.0008732896072370937,0.006334545718107363,static_ew
2014-04,-0.0034792844017688044,-0.0035416721208146287,0.03119385952291195,static_ew
2014-05,-0.0014714533857305007,-0.0014897715567580314,0.009159085513765312,static_ew
2014-06,0.0066583122748617935,0.0066583122748617935,0.0,static_ew
2014-07,0.0013723806917303786,0.0013690749066064115,0.0016528925619834697,static_ew
2014-08,0.00020330203097774293,0.00013545564526565835,0.03392319285604222,static_ew
2014-09,0.0009235703942156154,0.0009204778471230684,0.0015462735462735417,static_ew
2014-10,0.0013050145557199299,0.0012840038396183923,0.010505358050768706,static_ew
2014-11,0.003255775021428223,0.003250067384438825,0.0028538184946993506,static_ew
2014-12,0.0063903086813524995,0.006381007352893147,0.004650664229675821,static_ew
2015-01,0.0030852840210146347,0.00307767593445918,0.003804043277727485,static_ew
2015-02,-0.00033969144454362276,-0.00036513439431683654,0.012721474886606883,static_ew
2015-03,0.004762907684944645,0.004725870378883077,0.01851865303078358,static_ew
2015-04,-0.005232193728199112,-0.005303164092318057,0.03548518205947243,static_ew
2015-05,0.004413442571040383,0.004354291506481651,0.029575532279366355,static_ew
2015-06,0.004291901484814955,0.0042877045836768775,0.002098450569038793,static_ew
2015-07,0.005325447572409202,0.005321258587226088,0.0020944925915571742,static_ew
2015-08,0.004910118241782545,0.004894256681675831,0.007930780053356576,static_ew
2015-09,0.0018273058410746838,0.0018258177458365884,0.0007440476190476184,static_ew
2015-10,-0.00392814520101812,-0.003943364273216351,0.007609536099115849,static_ew
2015-11,0.002749520613953309,0.002741065089416802,0.004227762268253475,static_ew
2015-12,-9.085191164615394e-05,-0.00010113025799777622,0.005139173175811111,static_ew
2016-01,0.0037604698885241607,0.003755943092298424,0.0022633981128683304,static_ew
2016-02,0.001077993424428406,0.001068895070600755,0.004549176913825397,static_ew
2016-03,-0.005740511367129351,-0.005749405642095054,0.0044471374828517615,static_ew
2016-04,0.0015046974939594319,0.0015001430244587024,0.002277234750364657,static_ew
2016-05,0.0030512116492720435,0.0030308018812714404,0.010204884000301713,static_ew
2016-06,-0.00035829616754183346,-0.0003623946953943688,0.0020492639262677135,static_ew
2016-07,9.567505763024129e-05,9.404705600223959e-05,0.0008140008140008087,static_ew
2016-08,0.0009284041356467692,0.0009125910771963394,0.007906529225214882,static_ew
2016-09,0.003401768539369932,0.003363633700854726,0.01906741925760316,static_ew
2016-10,0.0007178660764643802,0.00071250756521142,0.0026792556264801943,static_ew
2016-11,-2.582614997221199e-05,-3.9560690153592296e-05,0.0068672700906900926,static_ew
2016-12,0.001417807926141207,0.0013359657279044394,0.04092109911838379,static_ew
2017-01,0.0018053636018780276,0.0017757065280745706,0.014828536901728489,static_ew
2017-02,-0.00022915006157545894,-0.00024105858395258813,0.005954261188564554,static_ew
2017-03,0.003652452910460389,0.003643377974556184,0.004537467952102095,static_ew
2017-04,-0.0010081231444229715,-0.0010298760142723158,0.010876434924672197,static_ew
2017-05,0.0033468133787637167,0.0033298613822983552,0.008475998232680946,static_ew
2017-06,-0.000533106703791176,-0.0005479216314758362,0.007407463842330078,static_ew
2017-07,0.0016858332678924917,0.0016821418688522554,0.0018456995201181253,static_ew
2017-08,0.0011264033733678906,0.0011236346214226682,0.0013843759726112604,static_ew
2017-09,0.0010066215099387057,0.0009986041939213897,0.004008658008658005,static_ew
2017-10,0.0011270559598729145,0.0011072696243166248,0.009893167778144946,static_ew
2017-11,0.002406296176795446,0.0023926619434616195,0.006817116666913122,static_ew
2017-12,0.0010505868046572474,0.001041151283180357,0.004717760738445305,static_ew
2018-01,0.0030787682825252427,0.003073362882230179,0.002702700147531734,static_ew
2018-02,0.003751528407717997,0.003751528407717997,0.0,static_ew
2018-03,0.003607930828844296,0.0035560242259123995,0.025953301465948077,static_ew
2018-04,0.00020165369461945542,0.00019464315136102545,0.0035052716292150263,static_ew
2018-05,0.0037204973967643164,0.003694036472430214,0.013230462167051166,static_ew
2018-06,0.002363213611129386,0.002345274306333153,0.00896965239811673,static_ew
2018-07,0.0010493982060194682,0.0010273542300581107,0.011021987980678709,static_ew
2018-08,0.0028821793957801416,0.0028691752349562227,0.006502080411959332,static_ew
2018-09,0.00536899151288136,0.005356993589807724,0.005998961536817895,static_ew
2018-10,7.693790191481423e-05,6.926307165933879e-05,0.0038374151277377143,static_ew
2018-11,-0.0023111644757148773,-0.002326587262114315,0.007711393199718791,static_ew
2018-12,-0.0009639326084353469,-0.0009664755200691678,0.0012714558169103613,static_ew
2019-01,0.00127385939757468,0.00127385939757468,0.0,static_ew
2019-02,-0.002729501027316224,-0.0027341547069699036,0.0023268398268398295,static_ew
2019-03,0.0006634699405921301,0.000655411332533522,0.004029304029304032,static_ew
2019-04,-0.00037182781332738263,-0.0003764017065874073,0.0022869466300123246,static_ew
2019-05,0.002309565178135685,0.002301095467978424,0.004234855078630399,static_ew
2019-06,0.002124659540067401,0.0021208416170914552,0.0019089614879730765,static_ew
2019-07,0.003527782013007467,0.0035222190520192865,0.0027814804940904697,static_ew
2019-08,4.023247562790899e-05,2.1319382354005577e-05,0.00945654663695173,static_ew
2019-09,-0.0006411660978618075,-0.0006431003338385967,0.0009671179883945893,static_ew
2019-10,-0.0005912720534369616,-0.0005962513891935717,0.0024896678783050403,static_ew
2019-11,0.0016390659308432023,0.0016331480354295084,0.0029589477068468636,static_ew
2019-12,-0.0008985736854123648,-0.0009145725387812679,0.007999426684451524,static_ew
2020-01,-3.6311915162382865e-05,-3.6311915162382865e-05,0.0,static_ew
2020-02,0.002816634177325881,0.002812115269886792,0.002259453719544567,static_ew
2020-03,0.009554400989735144,0.009546084717685309,0.00415813602491825,static_ew
2020-04,-0.006459767533001695,-0.006481500782127881,0.01086662456309298,static_ew
2020-05,-0.00031988689952096354,-0.00034316676402200365,0.011639932250520141,static_ew
2020-06,-0.006399258904892274,-0.00640233024552598,0.0015356703168534944,static_ew
2020-07,0.00011617948824285168,6.448303654639991e-05,0.025848225848225846,static_ew
2020-08,-0.003239248203789035,-0.003245095556289663,0.002923676250313964,static_ew
2020-09,0.000914209924684007,0.0009084843118582216,0.002862806412892725,static_ew
2020-10,0.0030708021216738005,0.003065465017970823,0.0026685518514884482,static_ew
2020-11,-0.012504387372218408,-0.012517488084556567,0.006550356169079457,static_ew
2020-12,-0.002455877980454853,-0.0024611341788019605,0.002628099173553713,static_ew
2021-01,0.0020297659698182303,0.002023866181143322,0.002949894337454148,static_ew
2021-02,-0.001378570188251629,-0.0013830791540564663,0.002254482902418675,static_ew
2021-03,0.0027254664927712706,0.0027036286787646686,0.010918907003301066,static_ew
2021-04,0.0005529708142819055,0.0005500782522984345,0.0014462809917355325,static_ew
2021-05,-0.001484989954164511,-0.0014983777423197885,0.0066938940776388595,static_ew
2021-06,-0.00211092694869571,-0.0021123255500943116,0.0006993006993006962,static_ew
2021-07,0.000534843787838853,0.000532099010683685,0.0013723885775839772,static_ew
2021-08,0.00041734618483180776,0.00041734618483180776,0.0,static_ew
2021-09,0.002529171199330355,0.0025239347101044633,0.0026182446129458135,static_ew
2021-10,0.00027532728742678047,0.00027410703117296714,0.000610128126906654,static_ew
2021-11,0.006115595575090866,0.006112819724986771,0.001387925052047198,static_ew
2021-12,0.005340267562052677,0.0053387396781718515,0.0007639419404125304,static_ew
2022-01,0.0035438249077013556,0.0035367174696848275,0.0035537190082644585,static_ew
2022-02,0.005319763260535491,0.005315574363631362,0.0020944484520643443,static_ew
2022-03,-0.00029407505448584556,-0.00029407505448584556,0.0,static_ew
2022-04,0.00671510361857344,0.006692634706925272,0.01123445582408371,static_ew
2022-05,0.0020188740296825094,0.0020046181975275413,0.007127916077484074,static_ew
2022-06,0.004313906416984784,0.004306045367968286,0.003930524508249345,static_ew
2022-07,-0.004098413733367116,-0.004098413733367116,0.0,static_ew
2022-08,-0.00238188660089102,-0.0023854157331995476,0.0017645661542638046,static_ew
2022-09,0.006794536959750774,0.0067873719535575415,0.0035825030966162093,static_ew
2022-10,-0.0011632418578191308,-0.0011672140117912847,0.00198607698607698,static_ew
2022-11,-0.0020353846005951564,-0.0020421712033423423,0.003393301373593007,static_ew
2022-12,0.005857290220724654,0.005854776525419197,0.00125684765272866,static_ew
2023-01,0.0008752141467955682,0.0008694269515346887,0.00289359763043974,static_ew
2023-02,0.002074470265672571,0.0020497634579095935,0.012353403881488801,static_ew
2023-03,0.004697199984184377,0.004695971482955876,0.00061425061425061,static_ew
2023-04,-0.001380855187309869,-0.0013856772305892108,0.002411021639670855,static_ew
2023-05,-0.0020366741048084137,-0.0020638732561807723,0.013599575686179434,static_ew
2023-06,0.0018762419133092302,0.0018734861610605771,0.0013778761243264262,static_ew
2023-07,-4.045831915107576e-06,-1.1326694229527231e-05,0.0036404311572096793,static_ew
2023-08,0.00245772573835916,0.002452753241759355,0.002486248299902217,static_ew
2023-09,0.005887041032329759,0.0058836444633340165,0.0016982844978712741,static_ew
2023-10,0.005776026360927076,0.005776026360927076,0.0,static_ew
2023-11,-0.004598084481444971,-0.004649653240099126,0.0257843793270773,static_ew
2023-12,0.002383359419346272,0.002383359419346272,0.0,static_ew
2024-01,0.0066089875225079945,0.006601132956239938,0.0039272831340288585,static_ew
2024-02,0.00030057389119995823,0.00029112932751872725,0.004722281840615517,static_ew
2024-03,0.000572515235867578,0.000567163012333536,0.0026761117670208614,static_ew
2024-04,0.0015605947789924738,0.001531700228566823,0.014447275212825454,static_ew
2024-05,0.005295310662279655,0.005247559017904311,0.023875822187672247,static_ew
2024-06,0.0026823898268647757,0.0026624266321647392,0.0099815973500184,static_ew
2024-07,0.00036397648956248144,0.00036236747910391344,0.0008045052292839885,static_ew
2024-08,0.003642110442315008,0.003633767413524636,0.004171514395186035,static_ew
2024-09,0.0006137273806464401,0.0006107948293267921,0.0014662756598240506,static_ew
2024-10,0.00033751536541086377,0.00033441379218733937,0.0015507866117622214,static_ew
2024-11,0.00332021511597624,0.0033189070715027276,0.0006540222367560478,static_ew
2024-12,0.0013222404293821086,0.0013124306210466378,0.004904904167735354,static_ew
2025-01,0.00476977095052249,0.004762429111075387,0.003670919723551311,static_ew
2025-02,0.003585816102885775,0.003581415022408875,0.0022005402384500713,static_ew
2025-03,0.0028373914937569727,0.0028308573563137446,0.0032670687216141757,static_ew
2025-04,-0.00019057568909329565,-0.00020846656540202178,0.008945438154363104,static_ew
2025-05,-0.0027337942482214485,-0.002744259616682752,0.005232684230651754,static_ew
2025-06,-0.0016775795680186577,-0.001691234433718899,0.0068274328501205205,static_ew
2025-07,-0.001190652158597283,-0.0011918806598257843,0.0006142506142506102,static_ew
2025-08,-0.000637088071841959,-0.0006400532134932319,0.0014825708256365174,static_ew
2025-09,-0.0011171810241313964,-0.0011208177131985487,0.0018183445335763168,static_ew
2025-10,0.0023767001960692423,0.002370129385927004,0.0032854050711193603,static_ew
2025-11,0.004067351939599583,0.004065742929141015,0.0008045052292839885,static_ew
2025-12,0.0021573578961385878,0.0021557629998068496,0.0007974481658692203,static_ew
2000-01,-6.364525464318683e-05,-6.364525464318683e-05,0.0,enet:own
2000-02,-0.003023057554466367,-0.005611857140875429,1.2943997932045312,enet:own
2000-03,-0.004464931632163925,-0.006708885655353469,1.121977011594772,enet:own
2000-04,0.008241980540738218,0.005658691261614938,1.2916446395616399,enet:own
2000-05,0.005423627610309438,0.00336749228482015,1.0280676627446443,enet:own
2000-06,-0.00943644788041022,-0.01177528136240662,1.1694167409982008,enet:own
2000-07,-0.0011924596639477229,-0.0035401355302378114,1.1738379331450444,enet:own
2000-08,-0.007169112108255775,-0.009341323042284647,1.0861054670144354,enet:own
2000-09,-0.0023608919801077198,-0.004694766027948385,1.1669370239203327,enet:own
2000-10,0.006087130863927068,0.003982509045210479,1.0523109093582945,enet:own
2000-11,0.008442233250021313,0.006505520535025396,0.9683563574979582,enet:own
2000-12,-0.006366161372115013,-0.008625120190318084,1.1294794091015354,enet:own
2001-01,-0.020919319824110084,-0.023002115022729704,1.0413975993098086,enet:own
2001-02,0.002097038833696991,5.1154008364971346e-05,1.0229424126660098,enet:own
2001-03,0.02721990267993476,0.025169100914185928,1.0254008828744152,enet:own
2001-04,0.005969151797854493,0.0045648326804098695,0.7021595587223117,enet:own
2001-05,0.01139672861813688,0.009411127010847288,0.992800803644796,enet:own
2001-06,-0.0025338427791838434,-0.0040852938018482955,0.7757255113322259,enet:own
2001-07,0.016804982930749963,0.015006418069310357,0.8992824307198036,enet:own
2001-08,-0.003620442089799599,-0.005082955485006951,0.7312566976036768,enet:own
2001-09,0.005710200190696347,0.003987925813580958,0.8611371885576948,enet:own
2001-10,-0.004827622994293274,-0.006681657477392814,0.9270172415497704,enet:own
2001-11,0.011666929089276473,0.009675871840414779,0.9955286244308479,enet:own
2001-12,0.01376856735798815,0.011996115709256138,0.8862258243660065,enet:own
2002-01,-1.8988430204121016e-05,-0.0019722444607019403,0.9766280152489097,enet:own
2002-02,0.007193965685164683,0.005753507218514562,0.72022923332506,enet:own
2002-03,0.009244575000261523,0.007797758286431341,0.7234083569150911,enet:own
2002-04,0.006006130968952524,0.004795818493177452,0.6051562378875363,enet:own
2002-05,0.0027807184530008865,0.0013864689606371656,0.6971247461818605,enet:own
2002-06,0.004746457185202428,0.0033765145601463062,0.6849713125280609,enet:own
2002-07,-0.0004013150834036918,-0.001743209846560478,0.6709473815783931,enet:own
2002-08,0.005633352053245283,0.004364174945049204,0.6345885540980394,enet:own
2002-09,0.00564130023976228,0.004379572574319712,0.630863832721283,enet:own
2002-10,0.0027032660052405703,0.0014678813844778281,0.617692310381371,enet:own
2002-11,0.0038528882039582557,0.002336748231059444,0.7580699864494054,enet:own
2002-12,0.00483815142575457,0.0035562378111681715,0.6409568072931994,enet:own
2003-01,0.0021534003437752272,0.0009166628546364232,0.6183687445694018,enet:own
2003-02,0.002506057953366152,0.0014370500757783535,0.5345039387938993,enet:own
2003-03,0.007616683307583694,0.006457591734674129,0.5795457864547824,enet:own
2003-04,-0.006968679194698113,-0.007762115900113417,0.39671835270765166,enet:own
2003-05,0.004931902137386891,0.003736325428096753,0.5977883546450685,enet:own
2003-06,0.004907114621665314,0.0035778718759826578,0.6646213728413277,enet:own
2003-07,0.003072598370257739,0.0020374349110348416,0.5175817296114488,enet:own
2003-08,0.00421601821585006,0.0030234231074156258,0.5962975542172174,enet:own
2003-09,0.0002889292805013438,-0.0008876624135300928,0.5882958470157184,enet:own
2003-10,0.011760208766577143,0.010666508303029962,0.5468502317735906,enet:own
2003-11,0.002898895369007967,0.001957008880601994,0.470943244202986,enet:own
2003-12,-0.001015181719950999,-0.002079990362549959,0.5324043212994803,enet:own
2004-01,-0.004705441905664283,-0.00573924448961845,0.5169012919770838,enet:own
2004-02,0.00029295532951164336,-0.0008968987307227947,0.594927030117219,enet:own
2004-03,0.0026541628517531782,0.0016494376963270487,0.5023625777130649,enet:own
2004-04,0.0004214621261152314,-0.0005283317639051717,0.4748969450102017,enet:own
2004-05,-0.004869171442986826,-0.005841055957265923,0.48594225713954864,enet:own
2004-06,0.006760182111941897,0.005737233433786826,0.5114743390775351,enet:own
2004-07,0.006314994242923802,0.005483601703225082,0.41569626984935987,enet:own
2004-08,0.0064246811152801845,0.0056190959486254344,0.40279258332737505,enet:own
2004-09,0.003787145042960651,0.002932982924075139,0.4270810594427557,enet:own
2004-10,0.010981903011924329,0.010084611755720027,0.4486456281021511,enet:own
2004-11,0.005735609149289078,0.0049827429433111185,0.3764331029889798,enet:own
2004-12,0.009021694309185778,0.008031331331876564,0.4951814886546067,enet:own
2005-01,-0.0017758571140669606,-0.002845338783782426,0.5347408348577325,enet:own
2005-02,0.009298172385568303,0.008330742904333945,0.4837147406171792,enet:own
2005-03,0.008323932197358044,0.007407085012222766,0.4584235925676385,enet:own
2005-04,0.012104804704521358,0.011165093651154413,0.4698555266834722,enet:own
2005-05,-0.01237458022932072,-0.013233458757756262,0.4294392642177715,enet:own
2005-06,0.003842106248675573,0.0026844865896410485,0.578809829517262,enet:own
2005-07,0.0074470920781205905,0.006423773408231662,0.5116593349444644,enet:own
2005-08,-0.004112555640215744,-0.0050414442053586025,0.4644442825714292,enet:own
2005-09,0.0016838210050583063,0.0005077152708212848,0.5880528671185106,enet:own
2005-10,0.0011554410844667633,0.0001792195600023515,0.48811076223220584,enet:own
2005-11,-0.002850652568684739,-0.003810869621129545,0.48010852622240313,enet:own
2005-12,-0.0015663291052591393,-0.002527731216840506,0.48070105579068345,enet:own
2006-01,0.012836339712959551,0.011871153440689987,0.48259313613478233,enet:own
2006-02,0.0026095014090604584,0.0014374949082160673,0.5860032504221956,enet:own
2006-03,-0.008197436688929088,-0.009351321059486207,0.5769421852785593,enet:own
2006-04,0.0068388355956295775,0.00574253367325341,0.5481509611880835,enet:own
2006-05,0.0020873729209839116,0.000877217110156739,0.6050779054135864,enet:own
2006-06,0.01941028328024763,0.01837010287347224,0.5200902033876957,enet:own
2006-07,-0.0015898315631011836,-0.0025958831864741037,0.5030258116864601,enet:own
2006-08,-0.005336709717452927,-0.006572998672601019,0.6181444775740458,enet:own
2006-09,0.0018408319081498507,0.0007817077172572029,0.5295620954463236,enet:own
2006-10,-0.00295677431472017,-0.003941596764392521,0.4924112248361756,enet:own
2006-11,0.00927205937665566,0.008264011884418696,0.5040237461184821,enet:own
2006-12,0.002563434482605405,0.0016707888363425454,0.4463228231314299,enet:own
2007-01,0.00663576568752273,0.005532688751294461,0.5515384681141342,enet:own
2007-02,0.0021820357992650176,0.0010062881087468459,0.5878738452590857,enet:own
2007-03,0.006772760017097747,0.005675567929833816,0.5485960436319655,enet:own
2007-04,0.003106062046700202,0.00196438946790927,0.570836289395466,enet:own
2007-05,0.00012051473931929229,-0.0009682476504244567,0.5443811948718744,enet:own
2007-06,9.664775229625445e-05,-0.0010656055435777987,0.5811266479370266,enet:own
2007-07,0.00015440962159539158,-0.0012043290983799952,0.6793693599876933,enet:own
2007-08,0.0026834671119380614,0.0014727062575581654,0.6053804271899479,enet:own
2007-09,0.0012450340473254401,-5.0365732954435375e-05,0.6476998901399377,enet:own
2007-10,0.008466118398974092,0.007259172710629485,0.6034728441723038,enet:own
2007-11,0.0007376989636550073,-0.0004519051618946098,0.5948020627748084,enet:own
2007-12,0.0030604944739360566,0.0016336636012228918,0.7134154363565823,enet:own
2008-01,0.0006846129251320622,-0.0005538485188304442,0.6192307219812532,enet:own
2008-02,0.0016192892886183574,0.0002879873680902356,0.6656509602640608,enet:own
2008-03,0.0011086909077225341,-0.00016229001568796215,0.635490461705248,enet:own
2008-04,0.0038852208150962834,0.0026519478315221584,0.6166364917870628,enet:own
2008-05,-0.005538552593505587,-0.006842858469733888,0.6521529381141511,enet:own
2008-06,0.006941205579513146,0.005646215228671626,0.6474951754207593,enet:own
2008-07,-0.001479198636631548,-0.0025477584314708233,0.5342798974196376,enet:own
2008-08,0.008231884495517438,0.00684473984466979,0.6935723254238243,enet:own
2008-09,0.008823181910731224,0.007626097404542827,0.5985422530941987,enet:own
2008-10,0.025223813954707984,0.024142601944054206,0.54060600532689,enet:own
2008-11,0.016753790280542948,0.01564113279972926,0.556328740406845,enet:own
2008-12,-0.0019351792996753234,-0.003230360848962532,0.6475907746436046,enet:own
2009-01,0.002162428426022368,0.0008561354383718439,0.6531464938252621,enet:own
2009-02,0.00475550088682372,0.003546905115711066,0.6042978855563269,enet:own
2009-03,-0.006776872331714119,-0.007709096546396294,0.4661121073410875,enet:own
2009-04,-0.014519222572254397,-0.015747702550695457,0.6142399892205305,enet:own
2009-05,0.000893919111512772,-0.0005235206050468966,0.708719858279834,enet:own
2009-06,-0.0007024408371319441,-0.002136612061882989,0.7170856123755225,enet:own
2009-07,0.003294022878972357,0.0018041899829217252,0.744916448025316,enet:own
2009-08,0.0009943312039826008,-0.0001358785932813344,0.5651048986319674,enet:own
2009-09,0.003910597538525317,0.002738845865434927,0.585875836545195,enet:own
2009-10,0.002375851572132123,0.0013323043221095158,0.5217736250113035,enet:own
2009-11,0.0038445225143258948,0.0027034305791617066,0.5705459675820941,enet:own
2009-12,-0.0012180536760673017,-0.002230899999902462,0.5064231619175802,enet:own
2010-01,-0.0006850380038347186,-0.0019093370377730593,0.6121495169691702,enet:own
2010-02,0.000168916552283355,-0.0009599521887183494,0.5644343705008523,enet:own
2010-03,-0.0021277368087340067,-0.003353414795293871,0.6128389932799319,enet:own
2010-04,0.0062823142967720486,0.005216683429851962,0.5328154334600429,enet:own
2010-05,0.005784417345884452,0.004853093511194771,0.465661917344841,enet:own
2010-06,0.007609065427240161,0.006734165965794406,0.43744973072287757,enet:own
2010-07,0.0022252161535068742,0.0014490355646369774,0.38809029443494825,enet:own
2010-08,0.0034015662993617077,0.0024174026860173726,0.49208180667216744,enet:own
2010-09,0.002376126369915855,0.001400524032383067,0.48780116876639423,enet:own
2010-10,0.0042567806843659736,0.003281664195191161,0.4875582445874059,enet:own
2010-11,0.008060388206089354,0.007117694220671997,0.4713469927086776,enet:own
2010-12,0.003961716223946984,0.003037978450597692,0.46186888667464565,enet:own
2011-01,0.006950830248273418,0.006086414240254726,0.4322080040093459,enet:own
2011-02,0.00011774774617673959,-0.0007904477878492517,0.4540977670129956,enet:own
2011-03,0.0014235696452686967,0.0005213743910816557,0.4510976270935207,enet:own
2011-04,0.007654815062192998,0.006804898538623293,0.4249582617848524,enet:own
2011-05,0.004811807669913937,0.0040739606595783144,0.3689235051678114,enet:own
2011-06,0.005061870200756015,0.004321559161009012,0.37015551987350137,enet:own
2011-07,0.006239606294264021,0.005581590821285636,0.3290077364891929,enet:own
2011-08,0.006757199516890302,0.006087823694076208,0.33468791140704685,enet:own
2011-09,0.011414066106607399,0.010710694047914412,0.3516860293464938,enet:own
2011-10,-0.0045275568169111415,-0.005286081285885097,0.37926223448697793,enet:own
2011-11,0.004204991137256987,0.0032297402880028577,0.4876254246270647,enet:own
2011-12,0.003999104320743923,0.0030341257633390434,0.4824892787024397,enet:own
2012-01,-0.015880147442971414,-0.016525126383620248,0.3224894703244168,enet:own
2012-02,-0.0008223893300379903,-0.0016667949783116904,0.4222028241368501,enet:own
2012-03,0.008245005104204669,0.007432219004488492,0.40639304985808833,enet:own
2012-04,0.005163279989839124,0.0044638433323562765,0.34971832874142317,enet:own
2012-05,0.00879674592243163,0.008185420349719362,0.30566278635613425,enet:own
2012-06,0.00623272853225796,0.005679544530843491,0.276592000707235,enet:own
2012-07,0.006704522786647303,0.00612842403979646,0.2880493734254215,enet:own
2012-08,0.0056284486257762,0.005051954086005754,0.2882472698852232,enet:own
2012-09,-0.0014243646676123563,-0.001965172734182986,0.2704040332853149,enet:own
2012-10,0.0036580002496027575,0.0030326476627282615,0.3126762934372479,enet:own
2012-11,0.007790171387503638,0.007198399890558528,0.2958857484725548,enet:own
2012-12,-0.0023934211973612317,-0.0029201286763461164,0.26335373949244234,enet:own
2013-01,0.003570160077231504,0.002930362293204613,0.3198988920134457,enet:own
2013-02,0.004781703272833847,0.004126646828695166,0.32752822206934024,enet:own
2013-03,0.008798695499587115,0.00822471096866457,0.2869922654612728,enet:own
2013-04,0.008808595521027501,0.008315935344723089,0.24633008815220608,enet:own
2013-05,0.002610762506446205,0.002099353876476249,0.25570431498497787,enet:own
2013-06,0.005058665323279158,0.004399474966836158,0.3295951782215002,enet:own
2013-07,0.010170223667131058,0.009480689474342429,0.34476709639431374,enet:own
2013-08,-1.3446933383282473e-05,-0.0006797245158787103,0.33313879124771434,enet:own
2013-09,-0.003297861573341471,-0.004051797831803192,0.3769681292308599,enet:own
2013-10,-0.0022420290805362686,-0.0028998419108163323,0.3289064151400318,enet:own
2013-11,0.0007639662856737714,0.00016127907974471326,0.30134360296452906,enet:own
2013-12,0.003575720712988178,0.003038439712281062,0.2686405003535582,enet:own
2014-01,0.002858917494742148,0.002390416020593705,0.23425073707422162,enet:own
2014-02,0.004868750039301511,0.004291999389740054,0.2883753247807285,enet:own
2014-03,0.0010396765297720565,0.0004698372378314494,0.2849196459703035,enet:own
2014-04,-0.0006791632719442803,-0.0013171987414920532,0.3190177347738868,enet:own
2014-05,-0.002365995717410027,-0.0030594855752640953,0.3467449289270342,enet:own
2014-06,0.005175382236111709,0.004483304728626869,0.3460387537424204,enet:own
2014-07,0.001925912198438319,0.0013293052319948771,0.29830348322172096,enet:own
2014-08,0.0025946032226102198,0.001981000011270102,0.3068016056700586,enet:own
2014-09,-0.0015494489949081072,-0.002108246983091261,0.2793989940915767,enet:own
2014-10,0.003298012975045532,0.002744505136298063,0.27675391937373456,enet:own
2014-11,0.007223933951332708,0.006684512115873197,0.269710917729755,enet:own
2014-12,0.011026403040307275,0.010507279404662244,0.2595618178225157,enet:own
2015-01,0.0058887786827018455,0.005352616368328849,0.268081157186498,enet:own
2015-02,-6.229215557634238e-05,-0.0006843698650626981,0.3110388547431779,enet:own
2015-03,0.0067474128043469505,0.0061146587184030135,0.3163770429719683,enet:own
2015-04,-0.009342513408811745,-0.00998484514483685,0.3211658680125532,enet:own
2015-05,0.001619273693013474,0.0008503836290428213,0.38444503198532626,enet:own
2015-06,0.00496702199791445,0.0042578678947984986,0.35457705155797564,enet:own
2015-07,0.008751028739719892,0.008216782779145561,0.2671229802871654,enet:own
2015-08,0.007748749520882598,0.007210478373715727,0.2691355735834354,enet:own
2015-09,0.0047546561506436515,0.004201574016168647,0.27654106723750244,enet:own
2015-10,-0.004113536592794769,-0.004694985409056567,0.2907244081308982,enet:own
2015-11,0.003143009778628186,0.0025292404749975303,0.3068846518153278,enet:own
2015-12,0.00042836690392664665,-0.00019556519867405437,0.3119660513003505,enet:own
2016-01,0.0042030086474148225,0.003654483157261908,0.27426274507645737,enet:own
2016-02,-0.0007954530818618433,-0.001290830479034016,0.24768869858608625,enet:own
2016-03,-0.009430455568820804,-0.009953733856711753,0.2616391439454751,enet:own
2016-04,0.0025474285800318125,0.0019590862479289322,0.29417116605143995,enet:own
2016-05,0.004560460795764012,0.004029903222980874,0.26527878639156893,enet:own
2016-06,-0.0015191162006815352,-0.0020086963278455015,0.24479006358198316,enet:own
2016-07,0.0016924539683574648,0.0012334617035377996,0.22949613240983271,enet:own
2016-08,0.005755675517557367,0.005250054961491287,0.25281027803304007,enet:own
2016-09,0.006145519927404145,0.005681345257710017,0.23208733484706442,enet:own
2016-10,0.0023797111099216773,0.002030214685546417,0.17474821218763023,enet:own
2016-11,-0.003341768422759342,-0.003791460808716844,0.22484619297875075,enet:own
2016-12,0.0015434394019510787,0.0010157833592813867,0.2638280213348462,enet:own
2017-01,0.004090096932574361,0.0036487905797483347,0.22065317641301307,enet:own
2017-02,-0.001337385065455619,-0.0018248681598867274,0.2437415472155543,enet:own
2017-03,0.004706283405196767,0.004244143288637345,0.23107005827971153,enet:own
2017-04,-0.0005125368794315664,-0.0009484878576130189,0.2179754890907264,enet:own
2017-05,0.006980748439343108,0.00656627826459396,0.2072350873745743,enet:own
2017-06,-7.679218212374364e-05,-0.0005375046890699405,0.23035625347309854,enet:own
2017-07,0.004288570052325651,0.0038747807940525607,0.2068946291365452,enet:own
2017-08,0.003272906532426661,0.002833641469841938,0.21963253129236135,enet:own
2017-09,0.0018007634578086355,0.0014226395231011206,0.18906196735375747,enet:own
2017-10,0.0034303938862882575,0.003047729081175593,0.19133240255633227,enet:own
2017-11,0.0031462964255998195,0.0026869217925966976,0.22968731650156107,enet:own
2017-12,0.0015334284004866303,0.0010747274180993476,0.22935049119364131,enet:own
2018-01,0.005708837998312051,0.005213951895492965,0.24744305140954287,enet:own
2018-02,0.003628793767394659,0.003120486033984898,0.2541538667048804,enet:own
2018-03,0.003008752945646892,0.0025203695087113913,0.24419171846775017,enet:own
2018-04,0.002071260180833655,0.0016636333582334068,0.20381341130012415,enet:own
2018-05,0.005511546886465556,0.0050376682874285605,0.23693929951849785,enet:own
2018-06,0.003508907038363173,0.0030218685419165,0.2435192482233366,enet:own
2018-07,0.005093693433322479,0.004661497107538273,0.2160981628921035,enet:own
2018-08,0.00463176095589291,0.00420450725097082,0.21362685246104496,enet:own
2018-09,0.012883032712031645,0.012445836090221225,0.21859831090520984,enet:own
2018-10,0.002562806852838518,0.0021566397091911218,0.203083571823698,enet:own
2018-11,-0.003543764427745587,-0.003985470995724703,0.2208532839895585,enet:own
2018-12,0.00035221419367332396,-0.00017854511458068433,0.265379654127004,enet:own
2019-01,0.00221565062791755,0.0017658042977948144,0.22492316506136778,enet:own
2019-02,-0.004446431118299754,-0.004964370599664694,0.2589697406824692,enet:own
2019-03,0.004218843249193076,0.0037442068981973857,0.23731817549784504,enet:own
2019-04,0.0021097614130238425,0.0017194946298323777,0.19513339159573231,enet:own
2019-05,0.002285587396941843,0.0018471722693423273,0.219207563799758,enet:own
2019-06,0.004276527452690599,0.0037807793671048935,0.24787404279285263,enet:own
2019-07,0.005463732607911809,0.00501796379279767,0.22288440755706979,enet:own
2019-08,0.0015646406389280194,0.0011298192190425888,0.21741070994271555,enet:own
2019-09,-0.0014514635070207033,-0.001898145916843164,0.22334120491123038,enet:own
2019-10,0.0012176195771896228,0.0007262647126600983,0.24567743226476238,enet:own
2019-11,0.0024962473678093004,0.002051688499274308,0.2222794342674964,enet:own
2019-12,0.004443530612582906,0.003964122276037778,0.23970416827256355,enet:own
2020-01,0.0033051487154419842,0.002909655821878498,0.19774644678174286,enet:own
2020-02,0.006006842903560553,0.005561454601440015,0.2226941510602689,enet:own
2020-03,0.010195535824964179,0.009772784956112415,0.21137543442588258,enet:own
2020-04,-0.011112598115062504,-0.011836383765924762,0.3618928254311278,enet:own
2020-05,-0.002041056241874084,-0.0030073227496379986,0.483133253881957,enet:own
2020-06,-0.006496915826914992,-0.007219207174603328,0.36114567384416874,enet:own
2020-07,0.004610785691935993,0.00397471442229085,0.31803563482257147,enet:own
2020-08,-0.0016905177522281982,-0.0023486383526958392,0.3290603002338205,enet:own
2020-09,-0.002934144050543849,-0.003563633598629377,0.31474477404276385,enet:own
2020-10,0.004527641695252023,0.003912197260155481,0.3077222175482709,enet:own
2020-11,-0.023327738446903577,-0.023862524027273128,0.26739279018477685,enet:own
2020-12,-0.0029267458600181523,-0.0037708430313485686,0.42204858566520803,enet:own
2021-01,0.004001220119989662,0.0032620844161305607,0.3695678519295505,enet:own
2021-02,0.0002447368487767688,-0.00037335318488408866,0.30904501683042884,enet:own
2021-03,0.005401477320717166,0.004761332596021821,0.3200723623476725,enet:own
2021-04,0.004737699314827793,0.004175970794993111,0.2808642599173409,enet:own
2021-05,0.0012637894084660936,0.0006247682145237677,0.319510596971163,enet:own
2021-06,-0.0041196519234034685,-0.004715928065791531,0.29813807119403096,enet:own
2021-07,0.004066657437489058,0.0034758424524193895,0.2954074925348341,enet:own
2021-08,-0.0007685677042845511,-0.001307862935709012,0.26964761571223034,enet:own
2021-09,0.007148351876470852,0.006558004588574925,0.29517364394796347,enet:own
2021-10,0.0016328989760469698,0.0011006818019127541,0.2661085870671079,enet:own
2021-11,0.006799655319785516,0.006264308121229375,0.26767359927807033,enet:own
2021-12,0.009889449594657223,0.009258411114897403,0.3155192398799105,enet:own
2022-01,0.011552397333489317,0.011024197095417609,0.26410011903585373,enet:own
2022-02,0.010037637890304098,0.009496904726789063,0.2703665817575168,enet:own
2022-03,0.008051169380690146,0.0074651055277064,0.29303192649187354,enet:own
2022-04,0.011902634213642216,0.011361663944462932,0.2704851345896422,enet:own
2022-05,0.004053126893965451,0.003532277746375825,0.2604245737948131,enet:own
2022-06,0.00014402287622536055,-0.00042607647207616413,0.28504967415076243,enet:own
2022-07,-0.0034333342249910537,-0.004007466172397622,0.28706597370328435,enet:own
2022-08,-0.0016530462288725492,-0.0022229847118021124,0.2849692414647818,enet:own
2022-09,0.005865656977824683,0.0053390480148809505,0.2633044814718662,enet:own
2022-10,0.00548836213485675,0.004949863339536841,0.26924939765995454,enet:own
2022-11,-0.004542510378769957,-0.005138391971585113,0.29794079640757765,enet:own
2022-12,0.0067368114592174155,0.006077954026910309,0.32942871615355357,enet:own
2023-01,0.0014597068091109688,0.0009092293313537734,0.2752387388785978,enet:own
2023-02,0.006073272898483442,0.005514748628257213,0.2792621351131155,enet:own
2023-03,0.003800862990669676,0.003361228848534452,0.2198170710676119,enet:own
2023-04,-0.0009122117026255736,-0.0014487669657741896,0.2682776315743078,enet:own
2023-05,-0.002429390490483699,-0.002910325436738894,0.24046747312759748,enet:own
2023-06,0.003298363611122578,0.0028040901237346687,0.24713674369395433,enet:own
2023-07,0.004113214903817831,0.003576021802497283,0.2685965506602741,enet:own
2023-08,0.0026931161666687922,0.002141348322865808,0.27588392190149214,enet:own
2023-09,0.009171911007402753,0.00865756925561972,0.25717087589151716,enet:own
2023-10,0.008514002895472935,0.008072757729825658,0.22062258282363845,enet:own
2023-11,-0.007182207565826709,-0.007683203082355366,0.25049775826432824,enet:own
2023-12,0.004366890792229728,0.0037874094852504907,0.28974065348961875,enet:own
2024-01,0.011467421713152239,0.010954564134487308,0.25642878933246505,enet:own
2024-02,-5.389783766735124e-05,-0.0005868896440696524,0.2664959032011505,enet:own
2024-03,0.003897303785265206,0.0033388483751198295,0.2792277050726884,enet:own
2024-04,0.0008773334353232544,0.00033546561725257703,0.2709339090353385,enet:own
2024-05,0.0025157686683305934,0.0019841749623240317,0.26579685300328076,enet:own
2024-06,0.0021249786066507652,0.001615968384960262,0.2545051108452514,enet:own
2024-07,0.0009463254131089025,0.00045852699279931857,0.243899210154792,enet:own
2024-08,0.0030707839098548114,0.0025724232278305985,0.2491803410121066,enet:own
2024-09,1.2728661500069047e-05,-0.0004768399014617288,0.24478428148089904,enet:own
2024-10,0.002851714794062475,0.0023480732947246505,0.2518207496689121,enet:own
2024-11,0.010792885048437506,0.010287714172137998,0.2525854381497538,enet:own
2024-12,0.002626185829630394,0.0021159555099849823,0.2551151598227058,enet:own
2025-01,0.0029135829317022267,0.002484248190974788,0.21466737036371922,enet:own
2025-02,0.004812696293797876,0.004287288565927358,0.26270386393525874,enet:own
2025-03,0.005771286871744653,0.0052870274218303264,0.24212972495716356,enet:own
2025-04,-0.001478674349137443,-0.0019484401754226387,0.23488291314259782,enet:own
2025-05,-0.0005196528110425323,-0.0010531186776329784,0.2667329332952233,enet:own
2025-06,-0.002407159149224631,-0.0029085831888051293,0.25071201979024915,enet:own
2025-07,-0.0009168436955976407,-0.0013574566521044704,0.22030647825341496,enet:own
2025-08,0.0015010994636733548,0.0009672193573971443,0.26694005313810515,enet:own
2025-09,0.0044160058236867895,0.003872709435109781,0.2716481942885047,enet:own
2025-10,0.00948846568757902,0.008945724963708428,0.27137036193529607,enet:own
2025-11,0.003267176120402632,0.002679900382256903,0.29363786907286454,enet:own
2025-12,0.009787545704133748,0.00924714830655004,0.2701986987918537,enet:own
2000-01,0.003917361083367849,0.003917361083367849,0.0,enet:pooled
2000-02,0.014024428656168817,0.011751904400642206,1.1362621277633054,enet:pooled
2000-03,-0.003363000392212627,-0.005508439503115305,1.0727195554513391,enet:pooled
2000-04,-0.012201577377933839,-0.014563966307905662,1.1811944649859116,enet:pooled
2000-05,-0.0011498708826153952,-0.003409920404459955,1.1300247609222795,enet:pooled
2000-06,-0.008628718977853505,-0.010802953817421006,1.0871174197837503,enet:pooled
2000-07,-0.0016005383470215765,-0.0037880951014317966,1.0937783772051104,enet:pooled
2000-08,-0.007110654177670404,-0.009126970987910488,1.0081584051200418,enet:pooled
2000-09,-0.0009430789533031472,-0.0031429760153688815,1.099948531032867,enet:pooled
2000-10,0.002347904504033493,0.00038081339732567423,0.9835455533539095,enet:pooled
2000-11,0.007317471901863779,0.0055749118890954675,0.8712800063841556,enet:pooled
2000-12,0.0002512426503906446,-0.0016060317211374273,0.9286371857640361,enet:pooled
2001-01,-0.015727632606428222,-0.017637382539074205,0.9548749663229913,enet:pooled
2001-02,0.004992697300025601,0.002836464045342868,1.0781166273413665,enet:pooled
2001-03,0.027624846680357595,0.0255051413380098,1.059852671173899,enet:pooled
2001-04,0.00518164377794735,0.00351233167671675,0.8346560506153001,enet:pooled
2001-05,0.010917007544699727,0.008953674787302817,0.9816663786984554,enet:pooled
2001-06,-0.0024385784727776307,-0.004070464401846995,0.8159429645346823,enet:pooled
2001-07,0.017404606300452284,0.015562621765500126,0.9209922674760802,enet:pooled
2001-08,-0.005258001989578598,-0.0068362540178855125,0.7891260141534571,enet:pooled
2001-09,0.011468777304739726,0.009569739986056274,0.9495186593417267,enet:pooled
2001-10,-0.01732299814250159,-0.019215890377355178,0.9464461174267941,enet:pooled
2001-11,0.005547935766463428,0.003302778669229149,1.1225785486171396,enet:pooled
2001-12,0.01340192179296108,0.011480404883078226,0.9607584549414268,enet:pooled
2002-01,0.0008299867359755997,-0.0012123147349964289,1.0211507354860143,enet:pooled
2002-02,0.008409846581581788,0.006886970601271449,0.7614379901551699,enet:pooled
2002-03,0.011464014502948257,0.010044742009916821,0.7096362465157174,enet:pooled
2002-04,0.008064736760569012,0.006864401567286638,0.6001675966411869,enet:pooled
2002-05,0.004867261177295139,0.0035227256202820132,0.6722677785065625,enet:pooled
2002-06,0.00724451098945247,0.005877293205218094,0.6836088921171876,enet:pooled
2002-07,0.003101294714333331,0.001790700301380541,0.655297206476395,enet:pooled
2002-08,0.0020564605409895778,0.0007843038777923851,0.6360783315985965,enet:pooled
2002-09,0.006231035473210996,0.00490805436030577,0.6614905564526126,enet:pooled
2002-10,0.0014898708401927302,0.000275835030220821,0.6070179049859543,enet:pooled
2002-11,0.0028796857476668034,0.0012978639015366977,0.7909109230650528,enet:pooled
2002-12,0.004984685448861889,0.003683239323720505,0.6507230625706921,enet:pooled
2003-01,0.002777214996226956,0.0014829068794700582,0.6471540583784491,enet:pooled
2003-02,0.0011191853544935367,0.00010386761735578435,0.5076588685688762,enet:pooled
2003-03,0.01007741484848764,0.009006355658028998,0.5355295952293199,enet:pooled
2003-04,-0.0056072736147994885,-0.006335855981509571,0.3642911833550418,enet:pooled
2003-05,0.004330670571898449,0.003106500097882783,0.6120852370078331,enet:pooled
2003-06,0.004956629712194642,0.0037159717603573324,0.6203289759186552,enet:pooled
2003-07,0.006296335150735295,0.0052247584112579196,0.5357883697386878,enet:pooled
2003-08,0.005237991290108587,0.004084412187078372,0.5767895515151081,enet:pooled
2003-09,-0.0016075337684610274,-0.0028460961642277766,0.6192811978833743,enet:pooled
2003-10,0.01315934151523945,0.011999807452315393,0.5797670314620282,enet:pooled
2003-11,0.0022474188392534013,0.0011937195449226584,0.5268496471653714,enet:pooled
2003-12,0.0008232951975630714,-0.0003448148965196847,0.5840550470413781,enet:pooled
2004-01,-0.00883354481284993,-0.009987421801830074,0.5769384944900725,enet:pooled
2004-02,0.0021755841939809805,0.0008325075707898901,0.6715383115955452,enet:pooled
2004-03,0.002640845658556823,0.0014970781722891445,0.571883743133839,enet:pooled
2004-04,0.0006235539993625301,-0.0004556263123652491,0.5395901558638897,enet:pooled
2004-05,-0.0057289188635437725,-0.006810316914399281,0.5406990254277546,enet:pooled
2004-06,0.005217465494732091,0.0040879549377336125,0.5647552784992393,enet:pooled
2004-07,0.006163137379746491,0.005171905051153362,0.4956161642965647,enet:pooled
2004-08,0.005352513663816456,0.004448479439914043,0.4520171119512072,enet:pooled
2004-09,0.004676681609571893,0.0036882619940113207,0.49420980778028645,enet:pooled
2004-10,0.012201182646821507,0.011221023772731332,0.49007943704508694,enet:pooled
2004-11,0.0053162592723347574,0.00444832882242386,0.43396522495544865,enet:pooled
2004-12,0.009386010527772111,0.00828352478832814,0.5512428697219861,enet:pooled
2005-01,-0.0020378151404081774,-0.0031946131345078218,0.5783989970498222,enet:pooled
2005-02,0.006531129965013987,0.00544693154696432,0.542099209024834,enet:pooled
2005-03,0.0087616086521849,0.007682775554654044,0.5394165487654276,enet:pooled
2005-04,0.013950674753433413,0.012886566773112906,0.532053990160254,enet:pooled
2005-05,-0.015270878663581925,-0.01618678981538142,0.4579555758997465,enet:pooled
2005-06,0.003994030489400132,0.0026771147890988826,0.6584578501506251,enet:pooled
2005-07,0.004661823988663459,0.003579943979009186,0.5409400048271366,enet:pooled
2005-08,-0.001187295298090988,-0.002254625854717241,0.5336652783131267,enet:pooled
2005-09,0.003842346065000355,0.0025916811562697786,0.6253324543652881,enet:pooled
2005-10,0.0010187348192722222,-8.140873965736734e-05,0.5500717794647946,enet:pooled
2005-11,-0.003336993301232901,-0.0044086235771710084,0.5358151379690538,enet:pooled
2005-12,-0.0010702738943975238,-0.0021860154777638874,0.5578707916831818,enet:pooled
2006-01,0.004329493074376594,0.0031699220255749215,0.5797855244008359,enet:pooled
2006-02,0.004420034203712015,0.002947930211827033,0.7360519959424913,enet:pooled
2006-03,-0.009276129447517932,-0.0105846394123826,0.6542549824323336,enet:pooled
2006-04,0.00807207378696201,0.006789362247952841,0.6413557695045848,enet:pooled
2006-05,0.0004140551864900161,-0.000857127446422219,0.6355913164561174,enet:pooled
2006-06,0.01566629414502173,0.014479357292223131,0.5934684263992988,enet:pooled
2006-07,-0.004660897685273421,-0.005828824864906839,0.583963589816709,enet:pooled
2006-08,-0.006482435363988917,-0.007865217010604381,0.6913908233077313,enet:pooled
2006-09,0.002807667884932738,0.0015077891550324518,0.6499393649501432,enet:pooled
2006-10,-0.002572521320441779,-0.003713479922882917,0.5704793012205688,enet:pooled
2006-11,0.010230367607949901,0.009021828287772477,0.6042696600887123,enet:pooled
2006-12,0.0021737696207763295,0.0010855243085288943,0.5441226561237179,enet:pooled
2007-01,0.006729821332346964,0.0054978551773850175,0.615983077480973,enet:pooled
2007-02,0.0015099723680766161,0.000246905511482151,0.6315334282972326,enet:pooled
2007-03,0.0064262850377192334,0.005263034333717431,0.5816253520009012,enet:pooled
2007-04,0.0059505590167678495,0.004785981875243091,0.5822885707623796,enet:pooled
2007-05,0.0011434730208295437,-4.213470408538268e-05,0.5928038624574633,enet:pooled
2007-06,-0.001812327708418102,-0.0031396436278711744,0.6636579597265364,enet:pooled
2007-07,0.00020803062257489517,-0.0012888681702470063,0.7484493964109507,enet:pooled
2007-08,0.0019513172434889193,0.0005609665506863979,0.6951753464012607,enet:pooled
2007-09,0.002711295012841558,0.0013133620809797444,0.6989664659309068,enet:pooled
2007-10,0.011442821564929786,0.010138216528296265,0.6523025183167608,enet:pooled
2007-11,0.002439321530621751,0.0011485418019683664,0.6453898643266922,enet:pooled
2007-12,0.004589573430979774,0.0030881117932296735,0.7507308188750499,enet:pooled
2008-01,0.001769436416019256,0.0005245687123737698,0.6224338518227428,enet:pooled
2008-02,-0.00033214516775427705,-0.0018176777668576479,0.7427662995516854,enet:pooled
2008-03,0.0039254985578692225,0.0024866023099615548,0.719448123953834,enet:pooled
2008-04,0.0024643863424669596,0.0010837658723410473,0.6903102350629562,enet:pooled
2008-05,-0.004048613688406338,-0.00551216398746656,0.7317751495301106,enet:pooled
2008-06,0.009516806265468539,0.00812724343811336,0.6947814136775895,enet:pooled
2008-07,-0.004909112011638647,-0.006076351548633855,0.5836197684976048,enet:pooled
2008-08,0.009301329423431664,0.007788195056433498,0.756567183499083,enet:pooled
2008-09,0.01303566773498744,0.011848923948729162,0.5933718931291388,enet:pooled
2008-10,0.032431701098503976,0.03131170776025853,0.5599966691227259,enet:pooled
2008-11,0.018742153246584722,0.01764150256603807,0.5503253402733262,enet:pooled
2008-12,-0.00420772447817048,-0.005449034159093092,0.620654840461306,enet:pooled
2009-01,0.0011644264087146176,-0.00024691107271738853,0.7056687407160033,enet:pooled
2009-02,0.005910833404969494,0.004470061051554269,0.7203861767076123,enet:pooled
2009-03,-0.0096395837009254,-0.010794219145631164,0.5773177223528826,enet:pooled
2009-04,-0.015083376100930869,-0.01657868372437851,0.7476538117238193,enet:pooled
2009-05,0.009154480477253356,0.00739663546161863,0.8789225078173626,enet:pooled
2009-06,-0.0030207517285600963,-0.004688453961135173,0.8338511162875384,enet:pooled
2009-07,0.00450833676941553,0.002729972143550345,0.8891823129325929,enet:pooled
2009-08,0.001539614405840816,0.00019660199300267268,0.6715062064190715,enet:pooled
2009-09,0.005034270387890424,0.003675248121743395,0.6795111330735143,enet:pooled
2009-10,0.00155013322602479,0.00031182610331472767,0.6191535613550314,enet:pooled
2009-11,0.0026019667118379066,0.001285616800613222,0.6581749556123424,enet:pooled
2009-12,-0.0015564884282737146,-0.002771778562237033,0.6076450669816592,enet:pooled
2010-01,-0.0014564131851964805,-0.002844199355756362,0.6938930852799406,enet:pooled
2010-02,-0.0016890475770853764,-0.0031817594519997316,0.7463559374571773,enet:pooled
2010-03,-0.002503151200078482,-0.00407283277838606,0.7848407891537892,enet:pooled
2010-04,0.005874999213238043,0.004461827355666334,0.7065859287858546,enet:pooled
2010-05,0.005048326295389717,0.0037603032255288144,0.6440115349304514,enet:pooled
2010-06,0.008402615468123735,0.007201851653684945,0.6003819072193944,enet:pooled
2010-07,7.321401572718066e-05,-0.0009825283435349566,0.5278711796310686,enet:pooled
2010-08,0.003771233810580016,0.0024502265774221338,0.660503616578941,enet:pooled
2010-09,0.0019584953882474175,0.0006583534125128711,0.6500709878672729,enet:pooled
2010-10,0.005568228936049762,0.0042284831850808976,0.6698728754844323,enet:pooled
2010-11,0.008766609115475424,0.007501704635842693,0.6324522398163658,enet:pooled
2010-12,0.005586992360754029,0.0043409534938138655,0.6230194334700813,enet:pooled
2011-01,0.006401626277476765,0.005205442413209283,0.5980919321337411,enet:pooled
2011-02,-0.0010480590910683883,-0.0023481584327626685,0.6500496708471402,enet:pooled
2011-03,0.0003456006041598705,-0.000923763489860327,0.6346820470100987,enet:pooled
2011-04,0.008277870657697136,0.007050692425984935,0.6135891158561008,enet:pooled
2011-05,0.004864370273865864,0.0037797366241248726,0.5423168248704958,enet:pooled
2011-06,0.0050892958531254156,0.004000285578432236,0.5445051373465897,enet:pooled
2011-07,0.006771406608498936,0.005785931865081079,0.4927373717089285,enet:pooled
2011-08,0.009058135598678333,0.008100092133667343,0.47902173250549585,enet:pooled
2011-09,0.01219307954644471,0.011193233424693588,0.49992306087556165,enet:pooled
2011-10,-0.00681801936318173,-0.00790826836725944,0.5451245020388548,enet:pooled
2011-11,0.003147882576616026,0.0017323770833871637,0.7077527466144309,enet:pooled
2011-12,0.004386267409082724,0.0030265133243171398,0.6798770423827923,enet:pooled
2012-01,-0.018335960987476915,-0.019237380416409787,0.45070971446643593,enet:pooled
2012-02,-0.0014816462098646514,-0.0027610065318750105,0.6396801610051795,enet:pooled
2012-03,0.00799701946592712,0.0067845015874188315,0.6062589392541456,enet:pooled
2012-04,0.005577705057382232,0.004531781698682343,0.5229616793499442,enet:pooled
2012-05,0.01019502640893377,0.009260528551971113,0.4672489284813281,enet:pooled
2012-06,0.006037574718672768,0.0051420054470787905,0.44778463579698957,enet:pooled
2012-07,0.007168462101103875,0.006232437537413459,0.4680122818452084,enet:pooled
2012-08,0.005535677919267686,0.00462088700306961,0.4573954580990385,enet:pooled
2012-09,-0.0014132939141213482,-0.002293152546380667,0.43992931612965935,enet:pooled
2012-10,0.0034687136191092257,0.0024490049820941806,0.5098543185075225,enet:pooled
2012-11,0.00828988638758606,0.007315248057884544,0.4873191648507579,enet:pooled
2012-12,-0.0029343601097697476,-0.0038164367287402503,0.4410383094852515,enet:pooled
2013-01,0.0035717225584522712,0.0025108994640800184,0.5304115471861263,enet:pooled
2013-02,0.004619675216825632,0.0035741938251800816,0.5227406958227753,enet:pooled
2013-03,0.009860894108860666,0.008931498744333227,0.4646976822637192,enet:pooled
2013-04,0.010018888253014694,0.009230448939304641,0.3942196568550264,enet:pooled
2013-05,0.003347899017757504,0.0025123864655402475,0.4177562761086279,enet:pooled
2013-06,0.004540883675007509,0.0034597704072127974,0.5405566338973555,enet:pooled
2013-07,0.010023276287942235,0.008941571559863444,0.5408523640393955,enet:pooled
2013-08,-0.0008900673516683353,-0.0019630966642611696,0.536514656296417,enet:pooled
2013-09,-0.004413466150275762,-0.005601157975503009,0.5938459126136236,enet:pooled
2013-10,-0.0015771584576034245,-0.002662361276672379,0.5426014095344771,enet:pooled
2013-11,0.00022272774004164364,-0.0007769093396356549,0.49981853983864916,enet:pooled
2013-12,0.0040036398017706835,0.003099425387114438,0.4521072073281227,enet:pooled
2014-01,0.00195764138843417,0.0011668747893334942,0.39538329955033796,enet:pooled
2014-02,0.004996565291487402,0.0040370630179987895,0.479751136744306,enet:pooled
2014-03,0.0010186965490958852,7.612349285778147e-05,0.4712865281190519,enet:pooled
2014-04,0.0008124213245828782,-0.00021233787007584777,0.5123795973293628,enet:pooled
2014-05,-0.0012704080421187187,-0.0023067768702875525,0.5181844140844171,enet:pooled
2014-06,0.004220290132145035,0.0031642659833006374,0.5280120744221988,enet:pooled
2014-07,0.0011560400170746064,0.00017188435295891583,0.49207783205784533,enet:pooled
2014-08,0.0032463584695673928,0.0022687772276496934,0.48879062095884984,enet:pooled
2014-09,-0.0017559476865594142,-0.0026808731539866835,0.46246273371363456,enet:pooled
2014-10,0.0034283253869543807,0.002513301462770565,0.4575119620919077,enet:pooled
2014-11,0.00832885137706364,0.0074213330537498375,0.45375916165690156,enet:pooled
2014-12,0.012900101347154542,0.01204737894569155,0.42636120073149614,enet:pooled
2015-01,0.005758747018533455,0.004917473393700567,0.4206368124164431,enet:pooled
2015-02,-0.00023779962776415012,-0.0012305377251206238,0.4963690486782369,enet:pooled
2015-03,0.005247135434314956,0.004207678051880764,0.5197286912170962,enet:pooled
2015-04,-0.01056997118239193,-0.011587441852002216,0.5087353348051425,enet:pooled
2015-05,0.0003599578363713463,-0.0009062820305081885,0.6331199334397675,enet:pooled
2015-06,0.0036731158566245888,0.0024711374165485096,0.6009892200380396,enet:pooled
2015-07,0.008897003685277982,0.008014425609423666,0.44128903792715757,enet:pooled
2015-08,0.008131735837967665,0.00724304519089875,0.4443453235344571,enet:pooled
2015-09,0.00433659761796391,0.0034212369476666537,0.4576803351486284,enet:pooled
2015-10,-0.004618896958511333,-0.005581197037107101,0.4811500392978834,enet:pooled
2015-11,0.0028392777979743882,0.0017792927642898322,0.5299925168422779,enet:pooled
2015-12,-0.00027060156285594494,-0.0013236491478014454,0.5265237924727502,enet:pooled
2016-01,0.003025612918129992,0.002023622469144324,0.5009952244928341,enet:pooled
2016-02,-0.0007266019870789735,-0.001709030631391787,0.491214322156407,enet:pooled
2016-03,-0.007029711851659187,-0.008087137117601931,0.5287126329713719,enet:pooled
2016-04,0.0032810533797341104,0.002130844145169799,0.5751046172821558,enet:pooled
2016-05,0.0026234287975625166,0.0015688397026746986,0.5272945474439089,enet:pooled
2016-06,-0.0017710394548393097,-0.002775007819700338,0.5019841824305138,enet:pooled
2016-07,0.0002474106695570193,-0.0006552546573185329,0.4513326634377762,enet:pooled
2016-08,0.00585655434183187,0.004856588569357688,0.4999828862370912,enet:pooled
2016-09,0.006333984111207377,0.005446024787299,0.4439796619541884,enet:pooled
2016-10,0.001871769593852799,0.0011729398848247371,0.349414854514031,enet:pooled
2016-11,-0.0028943956358713665,-0.0037614815853455417,0.43354297473708703,enet:pooled
2016-12,0.0011519071052856396,0.0001370544291058577,0.5074263380898909,enet:pooled
2017-01,0.0033003312361812587,0.002375690065706835,0.46232058523721165,enet:pooled
2017-02,-0.0008373169328337993,-0.001826916210517455,0.49479963884182776,enet:pooled
2017-03,0.0034309032545481125,0.0024903971578746327,0.4702530483367399,enet:pooled
2017-04,-0.00041266383163731665,-0.001311790603884346,0.4495633861235147,enet:pooled
2017-05,0.006114726423806074,0.005261877991928159,0.4264242159389572,enet:pooled
2017-06,0.0004262039512456431,-0.0005230796129576872,0.4746417821016652,enet:pooled
2017-07,0.0029671570096063775,0.0020975302361704268,0.4348133867179754,enet:pooled
2017-08,0.003745210215830655,0.002816313776019785,0.464448219905435,enet:pooled
2017-09,0.0013843213939147528,0.0005916227178595743,0.3963493380275893,enet:pooled
2017-10,0.003980004562249303,0.003175865874707773,0.40206934377076503,enet:pooled
2017-11,0.002930340880150943,0.0020017251756423993,0.46430785225427196,enet:pooled
2017-12,0.002731553823115165,0.0017641967701704604,0.4836785264723523,enet:pooled
2018-01,0.00495556068543707,0.003962471235773419,0.49654472483182505,enet:pooled
2018-02,0.0030005047879949117,0.001940388317618072,0.53005823518842,enet:pooled
2018-03,0.0037848339228586953,0.0028253180908737988,0.47975791599244827,enet:pooled
2018-04,0.001428688274088106,0.000582810661533654,0.42293880627722563,enet:pooled
2018-05,0.004082156314464601,0.003093218090474514,0.49446911199504323,enet:pooled
2018-06,0.003148875568137634,0.0021455238606342595,0.5016758537516872,enet:pooled
2018-07,0.00396138912995674,0.003064386043439764,0.44850154325848807,enet:pooled
2018-08,0.004682148048010952,0.0037820804262223965,0.4500338108942772,enet:pooled
2018-09,0.01354490614713452,0.012649613842673336,0.4476461522305904,enet:pooled
2018-10,0.0036387775089124024,0.0028098701294157046,0.414453689748349,enet:pooled
2018-11,-0.0038746693538178156,-0.004772181515119455,0.4487560806508201,enet:pooled
2018-12,0.003658225524465281,0.0025379619518898075,0.5601317862877369,enet:pooled
2019-01,-0.0005860964455980936,-0.0014974322653575492,0.4556679098797279,enet:pooled
2019-02,-0.005014134141192752,-0.006058546194965398,0.5222060268863232,enet:pooled
2019-03,0.005058426702568463,0.004066445426337741,0.49599063811536137,enet:pooled
2019-04,0.0020762685679307875,0.00128059259884126,0.39783798454476355,enet:pooled
2019-05,0.00235515824588282,0.0014990129335197692,0.42807265618152535,enet:pooled
2019-06,0.003407212813368098,0.0024397391380345562,0.48373683766677067,enet:pooled
2019-07,0.005546035632631429,0.004647583985810417,0.4492258234105059,enet:pooled
2019-08,0.002811967738796457,0.0019946925225005786,0.4086376081479392,enet:pooled
2019-09,-0.00209970045635766,-0.0029781341444074638,0.4392168440249019,enet:pooled
2019-10,0.0019206909181281708,0.0009403288953287819,0.4901810113996946,enet:pooled
2019-11,0.002003036018188816,0.0011276606709097934,0.43768767363951133,enet:pooled
2019-12,0.005147537631936484,0.004216231456872653,0.4656530875319151,enet:pooled
2020-01,0.004715213960852768,0.003941305649689746,0.3869541555815111,enet:pooled
2020-02,0.00858064654282232,0.007736196966399797,0.4222247882112604,enet:pooled
2020-03,0.01482201556859255,0.014009293332074364,0.40636111825909266,enet:pooled
2020-04,-0.016511723325351304,-0.01775290835794782,0.6205925162982567,enet:pooled
2020-05,-0.0014291836887903421,-0.003130335325505384,0.8505758183575207,enet:pooled
2020-06,-0.00511390482925466,-0.006443695224597706,0.664895197671524,enet:pooled
2020-07,0.005727695012987249,0.004503466439365964,0.6121142868106427,enet:pooled
2020-08,0.00023678878920772688,-0.0009417640302956116,0.5892764097516692,enet:pooled
2020-09,-0.00426785191685683,-0.005431596537204104,0.5818723101736373,enet:pooled
2020-10,0.003062190841849814,0.001874610495184889,0.5937901733324625,enet:pooled
2020-11,-0.025448888799901374,-0.026463360147999593,0.50723567404911,enet:pooled
2020-12,0.0010694903273183022,-0.0005621820001800793,0.8158361637491908,enet:pooled
2021-01,0.0027381175404403153,0.0013242168333252253,0.7069503535575447,enet:pooled
2021-02,0.0007040824703921471,-0.00047746479849031226,0.5907736344412295,enet:pooled
2021-03,0.006897551677514538,0.005677864248316685,0.6098437145989274,enet:pooled
2021-04,0.005476258462550458,0.004434560195515438,0.5208491335175107,enet:pooled
2021-05,0.002261350355776137,0.0011030384075518779,0.5791559741121294,enet:pooled
2021-06,-0.0037999627120166484,-0.004912833173873502,0.5564352309284266,enet:pooled
2021-07,0.00462293411558296,0.0035542562757109914,0.5343389199359844,enet:pooled
2021-08,-0.001631310724878293,-0.002624878960829828,0.4967841179757675,enet:pooled
2021-09,0.0076922437358135365,0.006605773649239665,0.5432350432869361,enet:pooled
2021-10,0.0018544406894260492,0.0008672297670240708,0.4936054612009895,enet:pooled
2021-11,0.005659976157013475,0.0046721007451250435,0.4939377059442155,enet:pooled
2021-12,0.00888456736807239,0.007750609624209051,0.5669788719316691,enet:pooled
2022-01,0.011377837640136479,0.010472714062575286,0.4525617887805963,enet:pooled
2022-02,0.008962900868457475,0.008107388241376032,0.4277563135407217,enet:pooled
2022-03,0.008715319250577626,0.007781167554610776,0.4670758479834255,enet:pooled
2022-04,0.01139000167259921,0.010534642316751823,0.4276796779236928,enet:pooled
2022-05,0.003920414884193411,0.0030738820575537088,0.423266413319851,enet:pooled
2022-06,0.0012245476187643844,0.00029380637369470395,0.46537062253483996,enet:pooled
2022-07,-0.004866159215891209,-0.0058140956726586,0.47396822838369557,enet:pooled
2022-08,-0.001586243569715194,-0.0025719825433428837,0.4928694868138447,enet:pooled
2022-09,0.006081658021081109,0.005185967063535326,0.44784547877289177,enet:pooled
2022-10,0.005600995996028379,0.004711809786114275,0.444593104957052,enet:pooled
2022-11,-0.005948486682549054,-0.006911898457822779,0.4817058876368627,enet:pooled
2022-12,0.005779713418510665,0.0046963890983135045,0.54166216009858,enet:pooled
2023-01,0.0009602018435823708,3.339106784953454e-05,0.46340538786641816,enet:pooled
2023-02,0.00729376966494382,0.006388800714030803,0.4524844754565087,enet:pooled
2023-03,0.003198985730351389,0.002459714682877766,0.3696355237368113,enet:pooled
2023-04,-0.0004893763503074029,-0.0013613130166056176,0.4359683331491074,enet:pooled
2023-05,-0.0020414121245840764,-0.0028414996560604216,0.4000437657381724,enet:pooled
2023-06,0.0024050720924993912,0.0015537116548194326,0.4256802188399792,enet:pooled
2023-07,0.004752945127376779,0.003845610626984157,0.4536672501963108,enet:pooled
2023-08,0.002479687909667467,0.0015698791402797526,0.45490438469385724,enet:pooled
2023-09,0.010377422137839393,0.00950890783295102,0.4342571524441874,enet:pooled
2023-10,0.008958862375413606,0.008240521192471692,0.35917059147095715,enet:pooled
2023-11,-0.008904037110279216,-0.009687563206049825,0.3917630478853043,enet:pooled
2023-12,0.0040384192810706,0.0030584543599247184,0.489982460572941,enet:pooled
2024-01,0.01063243471009951,0.009756219980260968,0.4381073649192706,enet:pooled
2024-02,-6.589436488363661e-05,-0.0009537240101104371,0.4439148226134003,enet:pooled
2024-03,0.0036754262406186993,0.002739247625257988,0.4680893076803556,enet:pooled
2024-04,0.00018775978188587317,-0.0007165087755716059,0.4521342787287396,enet:pooled
2024-05,0.002404828831516383,0.001512400981541432,0.4462139249874753,enet:pooled
2024-06,0.0005894753301810986,-0.00026983275456327147,0.429654042372185,enet:pooled
2024-07,0.0005076385083551397,-0.00033651069369737167,0.4220746010262557,enet:pooled
2024-08,0.0033168975220761,0.002469266625389757,0.4238154483431718,enet:pooled
2024-09,0.00016348816406796263,-0.0006660503926857743,0.41476927837686844,enet:pooled
2024-10,0.0038431387983142665,0.0029696588581232626,0.43673997009550214,enet:pooled
2024-11,0.010508714448777172,0.009632859728673978,0.43792736005159777,enet:pooled
2024-12,0.0024959680879589755,0.0016309508967009131,0.4325085956290312,enet:pooled
2025-01,0.002205344045457424,0.001472081441670929,0.3666313018932473,enet:pooled
2025-02,0.0047318236864134925,0.003866279466576747,0.43277210991837234,enet:pooled
2025-03,0.005950802448358441,0.005150223441765481,0.4002895032964805,enet:pooled
2025-04,-0.002420660352846694,-0.003211637590110114,0.39548861863170975,enet:pooled
2025-05,-0.0007530687050170235,-0.0016467992435067072,0.44686526924484177,enet:pooled
2025-06,-0.0010765216963639589,-0.0019400570171631422,0.43176766039959164,enet:pooled
2025-07,9.142278436896476e-05,-0.0006720151760091785,0.3817189801890714,enet:pooled
2025-08,0.0023339603014561365,0.0014495333991481217,0.4422134511540074,enet:pooled
2025-09,0.0040851682798542935,0.00316266744939796,0.4612504152281673,enet:pooled
2025-10,0.009558711153458242,0.008647911696151374,0.45539972865343387,enet:pooled
2025-11,0.002307517224283094,0.0013424975102597882,0.482509857011653,enet:pooled
2025-12,0.01020959425050973,0.009283683591792475,0.4629553293586275,enet:pooled
2000-01,0.006616122853055451,0.006616122853055451,0.0,fmom:rule
2000-02,0.009673046726230209,0.009241030423590734,0.21600815131973766,fmom:rule
2000-03,0.00426293907792182,0.003883866392827551,0.18953634254713475,fmom:rule
2000-04,-0.01904572397915564,-0.019497428753858157,0.22585238735125907,fmom:rule
2000-05,0.0011793356299068932,0.00037608386952837057,0.4016258801892611,fmom:rule
2000-06,-0.0032462057859887587,-0.0037915383926939044,0.27266630335257286,fmom:rule
2000-07,0.004878622508693365,0.0042812626590859205,0.2986799248037221,fmom:rule
2000-08,-0.0007180657988032753,-0.001113526247774153,0.19773022448543898,fmom:rule
2000-09,0.00280700090492071,0.002402523859500543,0.2022385227100836,fmom:rule
2000-10,-0.0034276646410003695,-0.00385865168328901,0.21549352114432024,fmom:rule
2000-11,0.006848214873607216,0.006393867317239885,0.22717377818366558,fmom:rule
2000-12,0.0004707424240609889,-0.00019151057056537944,0.331126497313184,fmom:rule
2001-01,-0.0058081913866513245,-0.006601549922639387,0.396679267994031,fmom:rule
2001-02,0.007209302477589986,0.006555435329162684,0.3269335742136506,fmom:rule
2001-03,0.011500500340405437,0.010856607099039052,0.3219466206831925,fmom:rule
2001-04,0.0010741903625343437,0.000610828173949931,0.23168109429220649,fmom:rule
2001-05,0.006269745763105831,0.00561334116078193,0.3282023011619507,fmom:rule
2001-06,0.004248787336437502,0.0037787336820350034,0.23502682720124932,fmom:rule
2001-07,0.002171683142838607,0.001830784454137411,0.17044934435059822,fmom:rule
2001-08,0.000395668417714945,-9.275300447254843e-05,0.2442107110937468,fmom:rule
2001-09,0.017154651048987866,0.016705761403242012,0.2244448228729252,fmom:rule
2001-10,-0.012579224832046482,-0.013112990943374099,0.26688305566380915,fmom:rule
2001-11,-0.01255770323454378,-0.013090014311127544,0.2661555382918823,fmom:rule
2001-12,0.0035404826952914635,0.0028981821529626083,0.3211502711644274,fmom:rule
2002-01,0.0020324541149288186,0.0015159955206407569,0.25822929714403065,fmom:rule
2002-02,0.010818066660683747,0.010214915892065872,0.30157538430893793,fmom:rule
2002-03,0.007704067143167933,0.007176897207843471,0.2635849676622304,fmom:rule
2002-04,0.006694081078923569,0.0060291355862679774,0.332472746327796,fmom:rule
2002-05,-0.00014138920167309834,-0.0007629361606528731,0.31077347948988726,fmom:rule
2002-06,0.01229136484439066,0.011712969582664193,0.28919763086323325,fmom:rule
2002-07,0.0012724332870071432,0.0009611993578988076,0.1556169645541678,fmom:rule
2002-08,0.005538369764646211,0.005089791237355602,0.22428926364530502,fmom:rule
2002-09,0.0018132900067536822,0.0012952228170959308,0.2590335948288761,fmom:rule
2002-10,0.003580533066321294,0.003142884754624496,0.2188241558483987,fmom:rule
2002-11,0.002415876683126333,0.0018491360169715014,0.28337033307741577,fmom:rule
2002-12,0.012316553399566912,0.011754556202317417,0.28099859862474685,fmom:rule
2003-01,0.003123795062311006,0.002713471758475856,0.20516165191757477,fmom:rule
2003-02,0.005701202519753086,0.00511520796045581,0.29299727964863814,fmom:rule
2003-03,0.006894612200047767,0.006538794834114919,0.17790868296642376,fmom:rule
2003-04,-0.007394579012175882,-0.007966406781596016,0.28591388471006746,fmom:rule
2003-05,0.002777114149561992,0.002044167607131267,0.36647327121536266,fmom:rule
2003-06,0.0022118208479671568,0.0017308099601637706,0.24050544390169326,fmom:rule
2003-07,0.0006100694700490418,4.323491069183104e-05,0.2834172796786054,fmom:rule
2003-08,0.005560263483089943,0.004943468410830761,0.3083975361295909,fmom:rule
2003-09,-0.00407929436781766,-0.0047849551525630946,0.3528303923727171,fmom:rule
2003-10,0.01062797471773024,0.010202312245558546,0.2128312360858471,fmom:rule
2003-11,0.008310284531743973,0.007871892870416742,0.21919583066361534,fmom:rule
2003-12,0.0034340386252408642,0.0030121002650746577,0.21096918008310345,fmom:rule
2004-01,-0.0014798850171611826,-0.001993012909796985,0.2565639463179014,fmom:rule
2004-02,0.0022372428929782985,0.001737214106875331,0.2500143930514838,fmom:rule
2004-03,0.0010148688089118925,0.0005788068427057685,0.21803098310306201,fmom:rule
2004-04,0.003627810205818355,0.0032379441121118983,0.1949330468532282,fmom:rule
2004-05,-0.0014178660587071228,-0.0019901375703800773,0.2861357558364771,fmom:rule
2004-06,0.002665124834057392,0.0022000138662074138,0.23255548392498923,fmom:rule
2004-07,0.0062789573765415505,0.005801262105139718,0.23884763570091624,fmom:rule
2004-08,0.0010691461169318392,0.000624817036468414,0.22216454023171225,fmom:rule
2004-09,0.004712433547140539,0.004240486609987059,0.23597346857673965,fmom:rule
2004-10,0.0009075016310237014,0.0004295426332974431,0.23897949886312897,fmom:rule
2004-11,0.0008018842414769661,0.0002111907713255915,0.29534673507568737,fmom:rule
2004-12,0.007248536473784455,0.006761174415477092,0.24368102915368137,fmom:rule
2005-01,-0.000708799528602005,-0.001367565132038681,0.329382801718338,fmom:rule
2005-02,0.013761188989371982,0.01327369840507676,0.24374529214761068,fmom:rule
2005-03,0.00634147301880505,0.005845319931196682,0.24807654380418312,fmom:rule
2005-04,0.013245071793668392,0.012881795124074653,0.18163833479686878,fmom:rule
2005-05,-0.014959661609422343,-0.01535565014500651,0.19799426779208448,fmom:rule
2005-06,-0.002122976059474579,-0.002472758756272753,0.17489134839908707,fmom:rule
2005-07,0.01168415435249549,0.011239170342829653,0.222492004832918,fmom:rule
2005-08,-0.0038700955541701126,-0.0042526617473096105,0.19128309656974865,fmom:rule
2005-09,0.0025788226010807895,0.002097382744617342,0.24071992823172372,fmom:rule
2005-10,8.064761878022616e-05,-0.0004255820436792957,0.253114831229761,fmom:rule
2005-11,0.004970585223287738,0.004517583346145378,0.2265009385711797,fmom:rule
2005-12,-0.002078491903833772,-0.00260638241402368,0.2639452550949538,fmom:rule
2006-01,0.0011525846514056682,0.0006718206438984132,0.24038200375362742,fmom:rule
2006-02,-0.0031289065825722308,-0.0038306518134609935,0.35087261544438136,fmom:rule
2006-03,-0.007414760953952154,-0.008047679024002262,0.31645903502505335,fmom:rule
2006-04,0.0025506737879743284,0.00188462652879077,0.33302362959177917,fmom:rule
2006-05,-0.0007562175443655003,-0.0013049859073610988,0.27438418149779953,fmom:rule
2006-06,-0.0003025179852638018,-0.0007180160519674082,0.2077490333518032,fmom:rule
2006-07,0.0016533210857627354,0.0008765251358935874,0.38839797493457395,fmom:rule
2006-08,-0.0026960970069137007,-0.003218436046426147,0.2611695197562234,fmom:rule
2006-09,-0.0018476124873752432,-0.002482368734420904,0.3173781235228303,fmom:rule
2006-10,-0.003780299744397503,-0.004395928619857937,0.30781443773021716,fmom:rule
2006-11,-0.0005398081091020992,-0.0010964562684632505,0.27832407968057565,fmom:rule
2006-12,0.0014598340558983017,0.0007472243279667825,0.35630486396575956,fmom:rule
2007-01,0.0038962217183416597,0.003254985880895455,0.32061791872310225,fmom:rule
2007-02,0.000592509578386837,-0.00027050831014897674,0.43150894426790676,fmom:rule
2007-03,0.0016745828145692853,0.0010951502820631721,0.28971626625305646,fmom:rule
2007-04,0.0022613838324967,0.0016354874012508268,0.3129482156229368,fmom:rule
2007-05,0.00015448916808244987,-0.0005289788959237434,0.3417340320030967,fmom:rule
2007-06,-0.0019988251867110807,-0.0026964411944972295,0.3488080038930742,fmom:rule
2007-07,1.4805121268085685e-05,-0.0006944422418753776,0.3546236815717315,fmom:rule
2007-08,-0.0038076117034526774,-0.004462264033794385,0.327326165170854,fmom:rule
2007-09,0.0006502276679839044,9.918321767860006e-05,0.2755222251526521,fmom:rule
2007-10,0.006854141238921603,0.006141992021424201,0.3560746087487009,fmom:rule
2007-11,0.0001583447613352541,-0.000456148519782503,0.30724664055887857,fmom:rule
2007-12,0.0031603138384738486,0.0026070160269362065,0.27664890576882084,fmom:rule
2008-01,-0.002326514297352126,-0.002886860826208087,0.2801732644279803,fmom:rule
2008-02,0.004709595245028624,0.004127503484626573,0.2910458802010256,fmom:rule
2008-03,-0.0007657003486061142,-0.0012859036280519747,0.26010163972293043,fmom:rule
2008-04,-0.00043674748434086106,-0.0009032414672613717,0.2332469914602553,fmom:rule
2008-05,0.002491441478291096,0.001893684860687239,0.2988783088019286,fmom:rule
2008-06,0.005527916684596028,0.005053810162127154,0.2370532612344372,fmom:rule
2008-07,-0.011861014602989923,-0.01227853662696345,0.20876101198676308,fmom:rule
2008-08,-0.0007701940008510739,-0.0013447350453816376,0.28727052226528166,fmom:rule
2008-09,0.0036978820308571133,0.0033291742376013313,0.18435389662789092,fmom:rule
2008-10,0.01591320153760661,0.015254224387874861,0.3294885748658731,fmom:rule
2008-11,0.013391351178177554,0.012743298614015873,0.32402628208084017,fmom:rule
2008-12,-0.0036004825680671874,-0.004116332336372798,0.257924884152805,fmom:rule
2009-01,0.0020952413224678518,0.0016793229788642958,0.20795917180177803,fmom:rule
2009-02,-0.0023413163353196136,-0.002850473382775561,0.25457852372797396,fmom:rule
2009-03,-0.007766833116204692,-0.008238290181597337,0.2357285326963227,fmom:rule
2009-04,-0.0263485499233136,-0.02679802606166318,0.22473806917478906,fmom:rule
2009-05,-0.011218405023981885,-0.01189500820424494,0.33830159013152855,fmom:rule
2009-06,-0.002322463268230115,-0.002990595573053989,0.3340661524119371,fmom:rule
2009-07,0.006209054819025858,0.00572090933423085,0.24407274239750407,fmom:rule
2009-08,5.009334521870379e-05,-0.0005222529743434931,0.2861731597810984,fmom:rule
2009-09,-0.0005575020865525239,-0.0010241942803348948,0.23334609689118543,fmom:rule
2009-10,-0.0019837083209265365,-0.002500541550648869,0.2584166148611664,fmom:rule
2009-11,0.003487206202722827,0.0029809250617795716,0.25314057047162775,fmom:rule
2009-12,-0.0010248058563237057,-0.001513002547602922,0.24409834563960828,fmom:rule
2010-01,0.0009395154383325587,0.0004960357479617569,0.22173984518540088,fmom:rule
2010-02,-0.0023141288877408517,-0.0028015672195308965,0.24371916589502243,fmom:rule
2010-03,0.003197428714339382,0.0027428286445210035,0.22730003490918935,fmom:rule
2010-04,0.0003076907935398832,-0.00016954988062440306,0.2386203370821433,fmom:rule
2010-05,0.0017099145269646372,0.00109245295673769,0.30873078511347374,fmom:rule
2010-06,0.004806180362452294,0.004065349676559405,0.3704153429464449,fmom:rule
2010-07,-0.00023432844745225622,-0.0006147557081318951,0.19021363033981942,fmom:rule
2010-08,0.004720288762699788,0.004160412202241789,0.27993828022899975,fmom:rule
2010-09,0.0028575808936644725,0.0023256652642254243,0.2659578147195241,fmom:rule
2010-10,0.002774829985343746,0.0022614016859788264,0.2567141496824597,fmom:rule
2010-11,0.006212650574279768,0.0057584364508355464,0.2271070617221109,fmom:rule
2010-12,0.003217934300475173,0.002778677859783485,0.2196282203458442,fmom:rule
2011-01,0.0015255050451147291,0.0010566462715730814,0.23442938677082406,fmom:rule
2011-02,0.0021904004112751375,0.0017235379086242269,0.2334312513254552,fmom:rule
2011-03,0.000655862551714192,0.00021922878117289495,0.21831688527064844,fmom:rule
2011-04,0.005981941037540116,0.005594283063141131,0.19382898719949296,fmom:rule
2011-05,0.0035255653434483163,0.0031506212086954595,0.18747206737642866,fmom:rule
2011-06,0.0030089768945726477,0.002687934719081667,0.16052108774549034,fmom:rule
2011-07,0.007596904453465343,0.007242332873080707,0.17728579019231697,fmom:rule
2011-08,0.00587803942640093,0.005462335892060326,0.20785176717030177,fmom:rule
2011-09,0.0034663538578823907,0.003045289222793867,0.2105323175442618,fmom:rule
2011-10,-0.001758926601370182,-0.0022171514967868817,0.22911244770835,fmom:rule
2011-11,0.006149924168796615,0.00565000275519595,0.2499607068003321,fmom:rule
2011-12,0.0059041959888806155,0.005447162356534804,0.22851681617290595,fmom:rule
2012-01,-0.018331698485569838,-0.01893555823350072,0.3019298739654418,fmom:rule
2012-02,-0.00018006185466188708,-0.000691901888562539,0.25592001695032557,fmom:rule
2012-03,0.009887760940865273,0.009343312999023868,0.27222397092070205,fmom:rule
2012-04,0.008721798292903614,0.008103311837741834,0.30924322758089046,fmom:rule
2012-05,0.006311371333250204,0.005832316637189547,0.23952734803032813,fmom:rule
2012-06,0.0019085659106304232,0.0014769140056489663,0.21582595249072867,fmom:rule
2012-07,0.005251676887584831,0.004784204477191991,0.2337362051964202,fmom:rule
2012-08,0.0037355830167899325,0.003316119764006699,0.2097316263916167,fmom:rule
2012-09,-0.002339768223069101,-0.00275883356073817,0.20953266883453445,fmom:rule
2012-10,0.00534005489835709,0.004882931174001924,0.22856186217758243,fmom:rule
2012-11,0.003806139478405433,0.003322486399299959,0.2418265395527371,fmom:rule
2012-12,-0.00010603126861644979,-0.0005402085832115002,0.2170886572975251,fmom:rule
2013-01,0.002712347136035453,0.002321863953163642,0.19524159143590508,fmom:rule
2013-02,0.007260096759113445,0.00665592275190945,0.30208700360199703,fmom:rule
2013-03,0.006672085666791028,0.006153935295444142,0.25907518567344295,fmom:rule
2013-04,0.010655105904564931,0.010216043227401325,0.2195313385818042,fmom:rule
2013-05,0.0016026592366288062,0.0011819436540665828,0.21035779128111157,fmom:rule
2013-06,0.0007039779879153686,0.00024638354050788967,0.22879722370373962,fmom:rule
2013-07,0.010953913872086898,0.010465548020803786,0.24418292564155586,fmom:rule
2013-08,-0.0056291818178809535,-0.00608047455859663,0.22564637035783788,fmom:rule
2013-09,0.0012450501742614858,0.0007847775406473817,0.23013631680705188,fmom:rule
2013-10,-0.00474149076022791,-0.005139161436130112,0.19883533795110084,fmom:rule
2013-11,0.0013876881948511647,0.0009103105911863814,0.23868880183239163,fmom:rule
2013-12,0.002217543716982152,0.0018297409259830227,0.19390139549956456,fmom:rule
2014-01,0.008588039577624653,0.008175424143075646,0.20630771727450384,fmom:rule
2014-02,0.004140630431204248,0.0037486043393353753,0.196013045934436,fmom:rule
2014-03,-0.00458417166650157,-0.004940529979335633,0.17817915641703205,fmom:rule
2014-04,-0.003924264197051191,-0.004380274424201197,0.2280051135750025,fmom:rule
2014-05,-0.0021450133929632694,-0.002727852830844911,0.2914197189408207,fmom:rule
2014-06,-0.0027562139727993202,-0.003362777161758146,0.3032815944794127,fmom:rule
2014-07,0.0021402398250829013,0.001638018410604152,0.2511107072393747,fmom:rule
2014-08,0.0008374553904661725,0.0002289407241280551,0.3042573331690588,fmom:rule
2014-09,-0.0004741030203596206,-0.000998308161854652,0.2621025707475156,fmom:rule
2014-10,0.0038088913708412566,0.00331520620813143,0.24684258135491358,fmom:rule
2014-11,0.0015884768493426684,0.0011557864563972427,0.2163451964727128,fmom:rule
2014-12,0.003387276550589968,0.0029426591279340083,0.2223087113279796,fmom:rule
2015-01,0.005419942192198823,0.004936202350306145,0.24186992094633888,fmom:rule
2015-02,-0.0009909489492759974,-0.0014743405074459765,0.24169577908498968,fmom:rule
2015-03,0.007395623241048044,0.006980313468836223,0.20765488610591062,fmom:rule
2015-04,-0.009154631751864144,-0.009696994240164776,0.27118124415031536,fmom:rule
2015-05,0.0031695182366292874,0.0025910337209083794,0.2892422578604539,fmom:rule
2015-06,0.005477912883323428,0.0049772040383692815,0.2503544224770728,fmom:rule
2015-07,0.0070460173680676075,0.006586243405857341,0.22988698110513375,fmom:rule
2015-08,0.008706382228094804,0.00823470799567669,0.23583711620905762,fmom:rule
2015-09,0.004755506578520506,0.0043785510335382265,0.18847777249113942,fmom:rule
2015-10,-0.007145055604792862,-0.007502330981224307,0.17863768821572223,fmom:rule
2015-11,0.007788687604349844,0.007384321493759056,0.20218305529539404,fmom:rule
2015-12,0.0008694151447602184,0.0004753663239832775,0.19702441038847024,fmom:rule
2016-01,0.000876708512331326,0.00048575758046591775,0.19547546593270404,fmom:rule
2016-02,-0.006645460450649142,-0.0070831850382993755,0.2188622938251168,fmom:rule
2016-03,-0.01322563550487296,-0.013748951434877598,0.26165796500231864,fmom:rule
2016-04,0.0029055964914219377,0.0022380882770764734,0.33375410717273213,fmom:rule
2016-05,0.0023822251262839342,0.0018450931408298022,0.26856599272706605,fmom:rule
2016-06,0.0011068687506150562,0.0006526170036178306,0.2271258734986127,fmom:rule
2016-07,0.0009950238111238409,0.0005220514356818072,0.23648618772101684,fmom:rule
2016-08,0.0015637611609017293,0.0009685903825201651,0.2975853891907819,fmom:rule
2016-09,0.0017100720446935386,0.0011365858635558003,0.2867430905688692,fmom:rule
2016-10,0.003346017670905319,0.0029092889830128017,0.21836434394625878,fmom:rule
2016-11,-0.004160563745705109,-0.0047247340217526435,0.2820851380237675,fmom:rule
2016-12,0.0002739719572208433,-0.0003233367379177694,0.2986543475693064,fmom:rule
2017-01,0.006523178619178738,0.006045149543653397,0.23901453776267048,fmom:rule
2017-02,-0.001719896566851194,-0.0022575054458002933,0.26880443947454974,fmom:rule
2017-03,-4.9213909282946075e-05,-0.0006594324104519678,0.3051092505845109,fmom:rule
2017-04,-0.0027999641793377095,-0.003414195232284329,0.30711552647331,fmom:rule
2017-05,0.0015618303614877193,0.0010575440829285775,0.2521431392795709,fmom:rule
2017-06,-0.00015449933993966287,-0.0006462459438586409,0.24587330195948898,fmom:rule
2017-07,0.00396414660323728,0.003442325259851833,0.2609106716927236,fmom:rule
2017-08,0.000870003154645644,0.00043518446338226526,0.21740934563168932,fmom:rule
2017-09,-0.004958187053113916,-0.00539787534077784,0.2198441438319616,fmom:rule
2017-10,0.0030480917775311408,0.0025881618595008614,0.22996495901513977,fmom:rule
2017-11,0.002263396126739753,0.0016545271064044443,0.3044345101676542,fmom:rule
2017-12,0.0012743561327089646,0.0007086754980875483,0.2828403173107084,fmom:rule
2018-01,0.001813006647483348,0.0012394219123326368,0.28679236757535564,fmom:rule
2018-02,0.0021335951741051087,0.0015699388563004415,0.2818281589023333,fmom:rule
2018-03,0.00022916540641987305,-0.00032712971623497736,0.2781475613274251,fmom:rule
2018-04,0.004715681217002701,0.004257931695961661,0.2288747605205198,fmom:rule
2018-05,0.0057756551851786304,0.005281336584661375,0.24715930025862767,fmom:rule
2018-06,0.00041772661608757667,-4.630936250355176e-05,0.23201798929556422,fmom:rule
2018-07,0.0032273137622411117,0.002802737093651147,0.21228833429498215,fmom:rule
2018-08,0.006027062721913709,0.005617793242999239,0.20463473945723526,fmom:rule
2018-09,0.00949411515206982,0.009095002617274493,0.19955626739766316,fmom:rule
2018-10,-0.0002072381618958917,-0.0006409414376130334,0.21685163785857098,fmom:rule
2018-11,-0.005281803310560901,-0.005706023936464524,0.21211031295181176,fmom:rule
2018-12,0.000225514913685043,-0.00023021700315502071,0.22786595842003213,fmom:rule
2019-01,0.0021877736052225024,0.001761386372332128,0.21319361644518706,fmom:rule
2019-02,-0.004739763261288344,-0.005211130930483034,0.23568383459734496,fmom:rule
2019-03,0.0015369617884117759,0.0011653855457586567,0.1857881213265595,fmom:rule
2019-04,0.0011513299468513124,0.000688276572413465,0.23152668721892394,fmom:rule
2019-05,-0.00021802679405080437,-0.000706229374869312,0.24410129040925407,fmom:rule
2019-06,0.0023874926891821785,0.0018545042285821216,0.26649423030002856,fmom:rule
2019-07,0.0006888308960327617,0.00026487398107685533,0.21197845747795319,fmom:rule
2019-08,0.0020290137766857163,0.0014531539285593108,0.28792992406320267,fmom:rule
2019-09,0.0011928078975888372,0.0006576441656273856,0.26758186598072586,fmom:rule
2019-10,0.0033107257326275147,0.0027330198823548816,0.28885292513631655,fmom:rule
2019-11,7.363032931611063e-05,-0.0004498453409650422,0.26173783514057636,fmom:rule
2019-12,0.005417928927937208,0.004860554274063344,0.2786873269369324,fmom:rule
2020-01,0.005211325673852549,0.004780521797156765,0.21540193834789137,fmom:rule
2020-02,0.0020167088168384782,0.0014742096563057914,0.27124958026634355,fmom:rule
2020-03,0.0045199716917492016,0.004062450655898318,0.22876051792544194,fmom:rule
2020-04,-0.001429297534948934,-0.002097454464866094,0.3340784649585794,fmom:rule
2020-05,0.0023842520160890644,0.0017957956192250948,0.2942281984319849,fmom:rule
2020-06,-0.0029381125779252104,-0.003375272365762829,0.21857989391880953,fmom:rule
2020-07,0.017780758027593883,0.017344901558272344,0.21792823466076838,fmom:rule
2020-08,-0.001456326082070598,-0.0018808438098143131,0.21225886387185744,fmom:rule
2020-09,-0.0006066400128252271,-0.0009891697282673022,0.1912648577210376,fmom:rule
2020-10,0.0008000703570373827,0.0004231040274253408,0.188483164806021,fmom:rule
2020-11,-0.018552230266286072,-0.018908715596625623,0.1782426651697753,fmom:rule
2020-12,-0.0032303704842580844,-0.0037849786456376003,0.27730408068975804,fmom:rule
2021-01,0.004786048289308163,0.004352431338959623,0.21680847517427004,fmom:rule
2021-02,-0.0008133688401981165,-0.0012045079925527974,0.1955695761773404,fmom:rule
2021-03,-0.00023196842504589465,-0.0007595713642305935,0.2638014695923494,fmom:rule
2021-04,0.00665400017406915,0.0060515981850416236,0.30120099451376353,fmom:rule
2021-05,-0.0017130639466967886,-0.0022915118445907823,0.2892239489469968,fmom:rule
2021-06,0.0021029768004611673,0.0016878484889399346,0.20756415576061632,fmom:rule
2021-07,0.0017592385580243938,0.0013247749140004787,0.21723182201195748,fmom:rule
2021-08,-0.002127339061960575,-0.002607276117079436,0.23996852755943035,fmom:rule
2021-09,0.003981088885332854,0.0035193308773289367,0.23087900400195832,fmom:rule
2021-10,0.001780077816866564,0.0012908655788460939,0.24460611901023485,fmom:rule
2021-11,-0.0016305785446691604,-0.0019969298431368014,0.18317564923382054,fmom:rule
2021-12,0.0027326674636067353,0.002121280181732525,0.305693640937105,fmom:rule
2022-01,0.007471534807113363,0.006899540429480442,0.28599718881646113,fmom:rule
2022-02,0.007248404049045845,0.006802428767703586,0.22298764067112956,fmom:rule
2022-03,0.005086892167705485,0.004688072156631468,0.19941000553700883,fmom:rule
2022-04,0.007704919730137463,0.0072773690346649815,0.21377534773624063,fmom:rule
2022-05,-0.0005424133890842455,-0.0009944470472775283,0.22601682909664111,fmom:rule
2022-06,0.0007011261910711118,0.0002685850560547204,0.21627056750819573,fmom:rule
2022-07,-0.0023333458237362794,-0.0027589823041649676,0.2128182402143442,fmom:rule
2022-08,-0.0010562814483489752,-0.0014339045080817249,0.1888115298663747,fmom:rule
2022-09,0.0017044448634703445,0.0012970281971000108,0.20370833318516676,fmom:rule
2022-10,0.00369666070862941,0.0031864378433601004,0.2551114326346548,fmom:rule
2022-11,-0.0026020542875170474,-0.003119880404543401,0.2589130585131768,fmom:rule
2022-12,0.005810562669211213,0.005327325664169866,0.24161850252067352,fmom:rule
2023-01,-0.001151665672804545,-0.0015700316232399856,0.2091829752177203,fmom:rule
2023-02,0.004219702228981757,0.0037561999935847436,0.23175111769850698,fmom:rule
2023-03,-0.0014530193386524672,-0.0019529525733718175,0.24996661735967524,fmom:rule
2023-04,-0.0003096271793564004,-0.0008288375356309149,0.2596051781372572,fmom:rule
2023-05,-0.002147062019150325,-0.0026618890640818424,0.2574135224657587,fmom:rule
2023-06,-2.7272824341579473e-05,-0.0005094416967637727,0.24108443621109651,fmom:rule
2023-07,0.006959231482414546,0.006423311791399659,0.2679598455074439,fmom:rule
2023-08,0.0011196219962816608,0.0006479862447986162,0.23581787574152235,fmom:rule
2023-09,-0.001086888190714832,-0.0015385241656367282,0.2258179874609481,fmom:rule
2023-10,0.0056315146219749704,0.005153038484249935,0.23923806886251756,fmom:rule
2023-11,-0.002683708793237061,-0.0031988084384588417,0.25754982261089054,fmom:rule
2023-12,0.0032543346988965867,0.002738764543068925,0.2577850779138306,fmom:rule
2024-01,0.006087710380859229,0.00565889996618586,0.21440520733668525,fmom:rule
2024-02,-0.00027450175767873385,-0.0007880142982416412,0.2567562702814536,fmom:rule
2024-03,0.0012296295590621797,0.0007862012426397822,0.2217141582111987,fmom:rule
2024-04,0.0013327545405381657,0.0008240083133139089,0.2543731136121285,fmom:rule
2024-05,0.003154646342722346,0.002653503136140019,0.25057160329116324,fmom:rule
2024-06,0.003717812041017381,0.0032205628679429564,0.2486245865372122,fmom:rule
2024-07,0.000656493337259494,0.00029495945924292013,0.18076693900828683,fmom:rule
2024-08,0.0020408425753149495,0.0015850240649108796,0.227909255202035,fmom:rule
2024-09,-0.0023660566130749845,-0.0027767550644203685,0.20534922567269207,fmom:rule
2024-10,0.0037487383863247514,0.003267175387352962,0.24078149948589464,fmom:rule
2024-11,0.005849497236306681,0.005374300396618777,0.23759841984395252,fmom:rule
2024-12,0.003381354573938174,0.002878612758631626,0.2513709076532739,fmom:rule
2025-01,-0.0009174502965640677,-0.0013248086752851533,0.20367918936054277,fmom:rule
2025-02,0.0026746896848172147,0.0021158990007955607,0.2793953420108269,fmom:rule
2025-03,0.0004364478894069981,-0.00010554936432309497,0.27099862686504644,fmom:rule
2025-04,-0.00035400837999926567,-0.0008691573975278731,0.25757450876430377,fmom:rule
2025-05,-0.0002152307724653032,-0.0007426711229321279,0.26372017523341224,fmom:rule
2025-06,0.002655775943851736,0.002112243080224343,0.2717664318136966,fmom:rule
2025-07,0.002360834992715213,0.0019105362618351016,0.2251493654400557,fmom:rule
2025-08,0.003886094352448095,0.0033329044806179207,0.276594935915087,fmom:rule
2025-09,0.006381540868936636,0.005932754298865131,0.2243932850357526,fmom:rule
2025-10,0.009136386976381076,0.008693344945012973,0.2215210156840519,fmom:rule
2025-11,0.00038329380960068585,-5.078129012745479e-05,0.2170375498640702,fmom:rule
2025-12,0.0067511302683204025,0.006367086885785528,0.19202169126743715,fmom:rule
2000-01,0.006982901433369769,0.006982901433369769,0.0,gbrt:dm_only
2000-02,0.011087668597519446,0.008808744753937713,1.1394619217908661,gbrt:dm_only
2000-03,-0.004707683779689045,-0.006718752546949978,1.0055343836304662,gbrt:dm_only
2000-04,0.01223329406493039,0.010046098807126258,1.0935976289020661,gbrt:dm_only
2000-05,-0.0005388801733413676,-0.002528739133942628,0.9949294803006299,gbrt:dm_only
2000-06,0.005079912333449424,0.003164251645476309,0.9578303439865575,gbrt:dm_only
2000-07,-0.0010320463242565372,-0.00299405037536003,0.981002025551746,gbrt:dm_only
2000-08,-0.005613895119560627,-0.007569877163491413,0.9779910219653937,gbrt:dm_only
2000-09,0.0029851436380850943,0.0009325715683943631,1.0262860348453655,gbrt:dm_only
2000-10,0.004592571009108041,0.002758629899712436,0.9169705546978028,gbrt:dm_only
2000-11,0.007514624614131613,0.005763434393437046,0.8755951103472831,gbrt:dm_only
2000-12,0.005252502463891012,0.0032725476027702497,0.9899774305603812,gbrt:dm_only
2001-01,-0.011529847206986245,-0.013572192257137556,1.021172525075656,gbrt:dm_only
2001-02,0.00955785395095801,0.007205569584015043,1.1761421834714836,gbrt:dm_only
2001-03,0.014883027290247179,0.012485721947856625,1.1986526711952767,gbrt:dm_only
2001-04,0.0017495898195006984,-0.0003308170789332125,1.0402034492169556,gbrt:dm_only
2001-05,0.012780392164248918,0.010765455478806772,1.0074683427210718,gbrt:dm_only
2001-06,-0.0016164914224377712,-0.003408204176766964,0.8958563771645964,gbrt:dm_only
2001-07,0.01643357128454579,0.014440961324270453,0.9963049801376693,gbrt:dm_only
2001-08,-0.004237162517951753,-0.006054651757108107,0.908744619578178,gbrt:dm_only
2001-09,0.008333673500930748,0.006198875581130251,1.0673989599002482,gbrt:dm_only
2001-10,-0.0011539199394840246,-0.003086465190464707,0.9662726254903409,gbrt:dm_only
2001-11,0.007794532089654808,0.005626552231677868,1.0839899289884705,gbrt:dm_only
2001-12,0.010532833373894187,0.008342351187115685,1.0952410933892502,gbrt:dm_only
2002-01,0.0004098317234874002,-0.001641336618071961,1.0255841707796807,gbrt:dm_only
2002-02,0.009127637955666413,0.00737463938861902,0.8764992835236968,gbrt:dm_only
2002-03,0.012437736514205792,0.010890430624845491,0.7736529446801502,gbrt:dm_only
2002-04,0.011400494281730893,0.009934319467200583,0.7330874072651545,gbrt:dm_only
2002-05,0.006445262636828343,0.005039561601110019,0.7028505178591613,gbrt:dm_only
2002-06,0.010584793724087268,0.009268510399579506,0.6581416622538818,gbrt:dm_only
2002-07,0.0032128453158221035,0.0018473188586810311,0.6827632285705358,gbrt:dm_only
2002-08,-0.004385526682482391,-0.005813437733900995,0.7139555257093018,gbrt:dm_only
2002-09,0.01261428450425796,0.01110482194105474,0.7547312816016097,gbrt:dm_only
2002-10,-0.0010563462301823835,-0.0024008816740329194,0.6722677219252683,gbrt:dm_only
2002-11,-0.0009538269070229371,-0.002619703103071144,0.8329380980241036,gbrt:dm_only
2002-12,0.0028649544548587686,0.0013979311431572268,0.7335116558507705,gbrt:dm_only
2003-01,-0.0006343569007364655,-0.0020326692986541027,0.6991561989588188,gbrt:dm_only
2003-02,0.006043507815402167,0.004971764557613804,0.5358716288941809,gbrt:dm_only
2003-03,0.010745949407765793,0.009864395088942905,0.44077715941144346,gbrt:dm_only
2003-04,-0.0036426075313984946,-0.0044022444141698265,0.3798184413856661,gbrt:dm_only
2003-05,-0.0006552123141528822,-0.0018574746252547417,0.6011311555509299,gbrt:dm_only
2003-06,0.0054858963281930965,0.004262914866312027,0.6114907309405349,gbrt:dm_only
2003-07,0.009038242172045234,0.007848045294270979,0.5950984388871278,gbrt:dm_only
2003-08,0.006192487907261604,0.0049318666272044585,0.630310640028573,gbrt:dm_only
2003-09,0.0011090413734605798,-0.0002757585571822103,0.6923999653213951,gbrt:dm_only
2003-10,0.014535163426519164,0.013209391687336258,0.6628858695914538,gbrt:dm_only
2003-11,0.002685250271814188,0.0013774351060421562,0.6539075828860161,gbrt:dm_only
2003-12,0.008189976271174113,0.006872441331402779,0.6587674698856663,gbrt:dm_only
2004-01,-0.007695065521493194,-0.009085819198803956,0.6953768386553808,gbrt:dm_only
2004-02,0.0010951039852145812,-0.0003909933421524473,0.743048663683514,gbrt:dm_only
2004-03,0.002686107249980348,0.0013462597677918568,0.6699237410942458,gbrt:dm_only
2004-04,0.0009632209327446528,-0.0004665364016118393,0.714878667178246,gbrt:dm_only
2004-05,-0.0012768453562415115,-0.002677604109721564,0.7003793767400265,gbrt:dm_only
2004-06,0.0053166358503589604,0.0039787527433104665,0.6689415535242467,gbrt:dm_only
2004-07,0.006276600986396139,0.0049744783720265025,0.6510613071848178,gbrt:dm_only
2004-08,0.004878671205798268,0.003803887270332049,0.5373919677331098,gbrt:dm_only
2004-09,0.005031910971072234,0.0038996098575279766,0.5661505567721289,gbrt:dm_only
2004-10,0.013225108182816175,0.012099259817825553,0.5629241824953104,gbrt:dm_only
2004-11,0.006893063850767848,0.005881663917529763,0.5056999666190429,gbrt:dm_only
2004-12,0.010105151461050078,0.008921978464039589,0.591586498505245,gbrt:dm_only
2005-01,-0.0005285548413647846,-0.001690191198877242,0.5808181787562288,gbrt:dm_only
2005-02,0.009434431070935115,0.00843222977693405,0.5011006470005333,gbrt:dm_only
2005-03,0.008853633949183837,0.007824791156149114,0.5144213965173612,gbrt:dm_only
2005-04,0.014086682769258483,0.013013651283981412,0.5365157426385361,gbrt:dm_only
2005-05,-0.010426793139529838,-0.0113384876963128,0.45584727839148104,gbrt:dm_only
2005-06,0.006364941401316365,0.005133522194492917,0.615709603411724,gbrt:dm_only
2005-07,0.005040943569324587,0.004078551431244092,0.481196069040247,gbrt:dm_only
2005-08,-0.0018396426557734243,-0.0029415682774103264,0.5509628108184509,gbrt:dm_only
2005-09,0.00666956791917846,0.00546039446693426,0.6045867261221001,gbrt:dm_only
2005-10,0.0009908097888688832,-8.968147830870041e-05,0.5402456335887919,gbrt:dm_only
2005-11,-0.0022967278335910947,-0.0033716552988588707,0.5374637326338882,gbrt:dm_only
2005-12,-0.002505732746018796,-0.0038127868199807663,0.653527036980985,gbrt:dm_only
2006-01,-0.008847581046200145,-0.010079065172855778,0.6157420633278168,gbrt:dm_only
2006-02,0.0035374733118338896,0.0019064479753067483,0.8155126682635707,gbrt:dm_only
2006-03,0.013022714138191706,0.011603994391086205,0.709359873552752,gbrt:dm_only
2006-04,0.010053681894659668,0.008668787710081572,0.6924470922890487,gbrt:dm_only
2006-05,-0.003755391470274146,-0.0051555694832532035,0.700089006489529,gbrt:dm_only
2006-06,0.010782981797620389,0.009512624470606785,0.6351786635068017,gbrt:dm_only
2006-07,-0.0026393610722052273,-0.004076777503728944,0.7187082157618584,gbrt:dm_only
2006-08,-0.0077121036488577875,-0.009152254318353018,0.7200753347476154,gbrt:dm_only
2006-09,0.003933833067193834,0.0023404205169657195,0.7967062751140577,gbrt:dm_only
2006-10,-0.0032173151818796894,-0.00452426495262857,0.6534748853744403,gbrt:dm_only
2006-11,0.011275876709374147,0.009820656330856457,0.7276101892588456,gbrt:dm_only
2006-12,0.00012885811226545627,-0.0011094765298070395,0.6191673210362477,gbrt:dm_only
2007-01,0.008557933844938671,0.0071994500388228595,0.6792419030579061,gbrt:dm_only
2007-02,-0.0011780205522458512,-0.002521454944540266,0.6717171961472076,gbrt:dm_only
2007-03,0.006999791359361526,0.005720720839859318,0.6395352597511038,gbrt:dm_only
2007-04,0.008116629730021054,0.00694202141827581,0.5873041558726224,gbrt:dm_only
2007-05,0.0038051284267283407,0.002624665382688098,0.5902315220201211,gbrt:dm_only
2007-06,-0.002464910614744042,-0.0038007230196074253,0.6679062024316917,gbrt:dm_only
2007-07,-3.436776377509766e-05,-0.0015560554963247842,0.760843866274843,gbrt:dm_only
2007-08,0.00011519014969905545,-0.001333082317428712,0.7241362335638837,gbrt:dm_only
2007-09,0.003217722316070175,0.0018064895865404437,0.7056163647648661,gbrt:dm_only
2007-10,0.015233715401740214,0.013902909579654253,0.6654029110429805,gbrt:dm_only
2007-11,0.002763895040829624,0.001485410059946794,0.6392424904414152,gbrt:dm_only
2007-12,0.0045950085174658204,0.003265958993426778,0.6645247620195209,gbrt:dm_only
2008-01,0.0013395760584455016,8.075165482961994e-05,0.629412201807941,gbrt:dm_only
2008-02,-2.1039496253750867e-05,-0.0015525939339898261,0.765777218868038,gbrt:dm_only
2008-03,0.0037084845184863205,0.0023290249654984254,0.6897297764939477,gbrt:dm_only
2008-04,0.00382635024457127,0.0024559454744256513,0.6852023850728097,gbrt:dm_only
2008-05,0.000517952996558579,-0.0009806840687075495,0.749318532633064,gbrt:dm_only
2008-06,0.011080312224166599,0.009771796830535997,0.6542576968153,gbrt:dm_only
2008-07,-0.010685806412927238,-0.011863688860974069,0.5889412240234153,gbrt:dm_only
2008-08,0.009169364753489355,0.007555552252630097,0.8069062504296298,gbrt:dm_only
2008-09,0.013498787226326735,0.012311178805948038,0.593804210189347,gbrt:dm_only
2008-10,0.03311158900939795,0.031869832267336015,0.6208783710309708,gbrt:dm_only
2008-11,0.01928693615453723,0.018129152603869502,0.5788917753338652,gbrt:dm_only
2008-12,-0.002517152349413239,-0.0035999980269444676,0.5414228387656139,gbrt:dm_only
2009-01,0.00265254338251068,0.001459967406245856,0.5962879881324118,gbrt:dm_only
2009-02,0.008392908634211783,0.007138715279047683,0.6270966775820495,gbrt:dm_only
2009-03,-0.009291384712607837,-0.010302794328478927,0.5057048079355443,gbrt:dm_only
2009-04,-0.022802637064343444,-0.024057355648601408,0.6273592921289827,gbrt:dm_only
2009-05,0.010474340377343261,0.008676177974219667,0.8990812015617968,gbrt:dm_only
2009-06,-0.00470475182593502,-0.006515917028528031,0.9055826012965057,gbrt:dm_only
2009-07,0.006731333573391367,0.0048139129998244655,0.9587102867834507,gbrt:dm_only
2009-08,0.0021381889551739565,0.000468749095918315,0.8347199296278206,gbrt:dm_only
2009-09,0.005627696192452145,0.004072855093302797,0.7774205495746734,gbrt:dm_only
2009-10,0.0021782843933013806,0.0007197545474901637,0.7292649229056085,gbrt:dm_only
2009-11,5.328348044864907e-05,-0.0015493208528212642,0.8013021666349569,gbrt:dm_only
2009-12,-0.0028001945330504738,-0.004216703192124093,0.7082543295368094,gbrt:dm_only
2010-01,0.0031200029010569606,0.0015409765271849748,0.7895131869359929,gbrt:dm_only
2010-02,-0.0010549251983287863,-0.0025939899174232954,0.7695323595472545,gbrt:dm_only
2010-03,-0.003825878172532682,-0.0054275761839337805,0.8008490057005492,gbrt:dm_only
2010-04,0.004743807728371513,0.0031697808537709186,0.7870134373002977,gbrt:dm_only
2010-05,0.004293557582887836,0.00265502811186515,0.8192647355113428,gbrt:dm_only
2010-06,0.008146131431595571,0.006782593774624746,0.6817688284854123,gbrt:dm_only
2010-07,0.00037780794700455005,-0.0007547750359962905,0.5662914915004204,gbrt:dm_only
2010-08,0.003464182422304968,0.002103802023306652,0.6801901994991582,gbrt:dm_only
2010-09,0.0015293450531499962,0.00014785717433803266,0.6907439394059818,gbrt:dm_only
2010-10,0.006731562834136745,0.005412379931036638,0.6595914515500532,gbrt:dm_only
2010-11,0.009388599009760077,0.008192471489946927,0.5980637599065747,gbrt:dm_only
2010-12,0.00798008717786104,0.006776318086327887,0.6018845457665766,gbrt:dm_only
2011-01,0.004496279018512666,0.0033837593170311193,0.5562598507407732,gbrt:dm_only
2011-02,-8.922089557270244e-06,-0.001227854036845075,0.6094659736439025,gbrt:dm_only
2011-03,0.000410441522843141,-0.0007171190847358604,0.5637803037895006,gbrt:dm_only
2011-04,0.009659797703203746,0.008500937465574529,0.5794301188146088,gbrt:dm_only
2011-05,0.0051642098798266815,0.004184936717442823,0.4896365811919289,gbrt:dm_only
2011-06,0.004961307080555124,0.003993129113674827,0.4840889834401482,gbrt:dm_only
2011-07,0.00912152995603373,0.008196717483566617,0.46240623623355565,gbrt:dm_only
2011-08,0.010681739741729387,0.00979102626518743,0.4453567382709784,gbrt:dm_only
2011-09,0.010584139644576432,0.009710035702086447,0.43705197124499257,gbrt:dm_only
2011-10,-0.008385432979458015,-0.009421154680360175,0.5178608504510807,gbrt:dm_only
2011-11,0.007789992749226749,0.0065160045885367494,0.6369940803449997,gbrt:dm_only
2011-12,0.0032175955705707306,0.0020672569675736726,0.5751693014985291,gbrt:dm_only
2012-01,-0.02003043465173166,-0.021033702290415415,0.5016338193418768,gbrt:dm_only
2012-02,-0.003295720959180826,-0.004647272090283075,0.6757755655511245,gbrt:dm_only
2012-03,0.006481521306922869,0.00517533994174999,0.6530906825864393,gbrt:dm_only
2012-04,0.006754154893642366,0.005566999479505806,0.5935777070682794,gbrt:dm_only
2012-05,0.004819979582845372,0.0036341472517142166,0.592916165565578,gbrt:dm_only
2012-06,0.005910992817778139,0.0049639426970349,0.47352506037161973,gbrt:dm_only
2012-07,0.008497364272576045,0.007493696035164278,0.5018341187058836,gbrt:dm_only
2012-08,0.0058008131747660525,0.004882903625896671,0.458954774434691,gbrt:dm_only
2012-09,-0.0006576873709705982,-0.0016216771861213921,0.48199490757539704,gbrt:dm_only
2012-10,0.003061421260665194,0.001957529080913419,0.5519460898758872,gbrt:dm_only
2012-11,0.008398918089186377,0.00731944004566565,0.5397390217603635,gbrt:dm_only
2012-12,-0.002792431714225982,-0.0037759598227348327,0.4917640542544255,gbrt:dm_only
2013-01,0.0032868303060389413,0.0021965155820157555,0.5451573620115933,gbrt:dm_only
2013-02,0.005484280440400805,0.00434588045076388,0.5691999948184622,gbrt:dm_only
2013-03,0.010425435212785942,0.009379409692713057,0.5230127600364418,gbrt:dm_only
2013-04,0.013158564074368505,0.012259576583139305,0.4494937456145996,gbrt:dm_only
2013-05,0.004614669566113892,0.0037248054118106796,0.44493207715160565,gbrt:dm_only
2013-06,0.0038024358537028587,0.0026832609258786067,0.559587463912126,gbrt:dm_only
2013-07,0.010599442095951341,0.009383734168975175,0.6078539634880818,gbrt:dm_only
2013-08,2.6777230466079266e-05,-0.0011794594640397319,0.6031183472529055,gbrt:dm_only
2013-09,-0.00602694447681702,-0.007306307343975591,0.6396814335792853,gbrt:dm_only
2013-10,0.0014090717380619419,0.0002334048728994768,0.5878334325812324,gbrt:dm_only
2013-11,0.0002212843319876043,-0.000868813742256087,0.5450490371218457,gbrt:dm_only
2013-12,0.004466958493556317,0.003465232804647936,0.5008628444541906,gbrt:dm_only
2014-01,0.0035571146150003355,0.0026613224263933805,0.4478960943034775,gbrt:dm_only
2014-02,0.005349610612511966,0.004324444270268587,0.5125831711216896,gbrt:dm_only
2014-03,0.00039392491639588927,-0.000613557689302197,0.5037413028490431,gbrt:dm_only
2014-04,0.0007878105212245589,-0.0003349079631515745,0.5613592421880662,gbrt:dm_only
2014-05,0.00553945027619351,0.004412043485901576,0.563703395145967,gbrt:dm_only
2014-06,0.0059988134468694325,0.004863996477668131,0.56740848460065,gbrt:dm_only
2014-07,-0.0014863328239200677,-0.0026469416090032995,0.5803043925416159,gbrt:dm_only
2014-08,0.0025288714769951567,0.0012966705444452922,0.6161004662749321,gbrt:dm_only
2014-09,-0.0010240430903237048,-0.0020988888010149225,0.537422855345609,gbrt:dm_only
2014-10,0.0050692848778892815,0.003997537705146385,0.5358735863714483,gbrt:dm_only
2014-11,0.010279407412024264,0.00918376649785062,0.5478204570868223,gbrt:dm_only
2014-12,0.015458419781943279,0.014468609347611638,0.4949052171658206,gbrt:dm_only
2015-01,0.007153608937014669,0.006162473486598574,0.49556772520804754,gbrt:dm_only
2015-02,-0.00032230003052906487,-0.0014792385482211574,0.5784692588460462,gbrt:dm_only
2015-03,0.009896944318667085,0.008717281827058797,0.5898312458041436,gbrt:dm_only
2015-04,-0.013240030771746326,-0.014377641522884082,0.568805375568878,gbrt:dm_only
2015-05,0.0010025051332067506,-0.0004888790924956109,0.7456921128511808,gbrt:dm_only
2015-06,0.005357599568486044,0.004011473106214786,0.6730632311356293,gbrt:dm_only
2015-07,0.010572417540913336,0.009571953511061056,0.5002320149261408,gbrt:dm_only
2015-08,0.009808128389782431,0.008814289193323305,0.49691959822956316,gbrt:dm_only
2015-09,0.006250893080566563,0.005293301535797835,0.47879577238436444,gbrt:dm_only
2015-10,-0.006677463100036512,-0.007686507150115182,0.504522025039335,gbrt:dm_only
2015-11,0.004335544343181348,0.0031211174343022904,0.6072134544395285,gbrt:dm_only
2015-12,-0.00035386454953487703,-0.0015422143232614951,0.5941748868633089,gbrt:dm_only
2016-01,0.0020071434909383614,0.000873417445614485,0.5668630226619384,gbrt:dm_only
2016-02,-0.0031012787788779117,-0.004303221547791254,0.6009713844566712,gbrt:dm_only
2016-03,-0.007232308865361427,-0.008572155761166348,0.6699234479024608,gbrt:dm_only
2016-04,0.00329725025953895,0.0018957907395018296,0.7007297600185601,gbrt:dm_only
2016-05,0.0022859200291331263,0.001007201622631748,0.6393592032506892,gbrt:dm_only
2016-06,-0.0015883041251508203,-0.0028563807419101995,0.6340383083796896,gbrt:dm_only
2016-07,-0.0017742721969639108,-0.0029259834566158155,0.5758556298259524,gbrt:dm_only
2016-08,0.004372411933665595,0.0030831378387490165,0.6446370474582894,gbrt:dm_only
2016-09,0.004674923327656814,0.003504426848455434,0.58524823960069,gbrt:dm_only
2016-10,0.002062692875983195,0.0010905178636939578,0.48608750614461854,gbrt:dm_only
2016-11,-0.003094600582994497,-0.004209179672633562,0.5572895448195325,gbrt:dm_only
2016-12,0.0006161582804764137,-0.0006433807668067877,0.6297695236416008,gbrt:dm_only
2017-01,0.0031659137841188764,0.001943660366613007,0.6111267087529348,gbrt:dm_only
2017-02,0.0007352569989763245,-0.0005583605588050702,0.6468087788906972,gbrt:dm_only
2017-03,0.001126188354115084,-3.1774179740982715e-05,0.5789812669280332,gbrt:dm_only
2017-04,-0.00028437159421158077,-0.001438917669337951,0.5772730375631855,gbrt:dm_only
2017-05,0.0044155427956357645,0.0033178155673333105,0.5488636141512271,gbrt:dm_only
2017-06,0.0014207131558734393,0.00022869115544452422,0.5960110002144573,gbrt:dm_only
2017-07,0.002965642059057469,0.001884629610457475,0.5405062242999972,gbrt:dm_only
2017-08,0.0037220004606075916,0.0025780130666665244,0.5719936969705337,gbrt:dm_only
2017-09,-0.00029053041875356893,-0.0012716215610172918,0.4905455711318614,gbrt:dm_only
2017-10,0.004040238628306112,0.003039878301818864,0.5001801632436238,gbrt:dm_only
2017-11,0.0028162166441801045,0.0016442908411485179,0.5859629015157933,gbrt:dm_only
2017-12,0.00374399830331732,0.002596216704759162,0.5738907992790788,gbrt:dm_only
2018-01,0.004002938828930917,0.0027815511673891023,0.610693830770907,gbrt:dm_only
2018-02,0.003632304975265716,0.0023544452715318354,0.6389298518669402,gbrt:dm_only
2018-03,0.0021798820203111986,0.0010678577835830198,0.5560121183640895,gbrt:dm_only
2018-04,0.001951955727246109,0.0008214607635536616,0.5652474818462241,gbrt:dm_only
2018-05,0.00469593998165127,0.0035629118068879876,0.5665140873816412,gbrt:dm_only
2018-06,0.002890202854058113,0.0017567456244236188,0.5667286148172472,gbrt:dm_only
2018-07,0.004147860807415113,0.003107710640437671,0.5200750834887209,gbrt:dm_only
2018-08,0.0057067065273454206,0.0046506153843265206,0.5280455715094501,gbrt:dm_only
2018-09,0.013352294042116119,0.01231511261965369,0.5185907112312118,gbrt:dm_only
2018-10,0.004306806448835755,0.0032106168663467508,0.5480947912445019,gbrt:dm_only
2018-11,-0.002651007519016926,-0.003785081424333786,0.5670369526584295,gbrt:dm_only
2018-12,0.005721485627492614,0.00438013813367779,0.6706737469074124,gbrt:dm_only
2019-01,-0.0006431973260728087,-0.0017840978293996777,0.5704502516634347,gbrt:dm_only
2019-02,-0.0064886939004790535,-0.007847498112467094,0.6794021059940205,gbrt:dm_only
2019-03,0.004757581769107246,0.003440114581663425,0.6587335937219106,gbrt:dm_only
2019-04,0.0028552872962417223,0.0017696734749944277,0.5428069106236473,gbrt:dm_only
2019-05,0.0028458255958953653,0.001736576032844141,0.554624781525612,gbrt:dm_only
2019-06,0.0018240476823621025,0.0005547571007507349,0.6346452908056839,gbrt:dm_only
2019-07,0.006614561631070031,0.0054765634437802515,0.56899909364489,gbrt:dm_only
2019-08,0.004163448641385897,0.0030970501228131347,0.5331992592863812,gbrt:dm_only
2019-09,-0.002312534959409036,-0.00342536268340015,0.5564138619955572,gbrt:dm_only
2019-10,0.0029997890608123856,0.0018256681288966214,0.5870604659578823,gbrt:dm_only
2019-11,0.001248034009456696,0.0001671124962639794,0.5404607565963584,gbrt:dm_only
2019-12,0.006501719193868142,0.0052540898031674735,0.6238146953503342,gbrt:dm_only
2020-01,0.006496755170349432,0.005526370963482973,0.48519210343322977,gbrt:dm_only
2020-02,0.00885698559532333,0.00786718481483905,0.4949003902421403,gbrt:dm_only
2020-03,0.0159814172215614,0.01506673203536497,0.45734259309821435,gbrt:dm_only
2020-04,-0.019216898895495202,-0.020655986745159224,0.7195439248320112,gbrt:dm_only
2020-05,-0.001482670320218502,-0.00332912658000617,0.9232281298938338,gbrt:dm_only
2020-06,-0.003643901198392872,-0.005163406541815274,0.7597526717112008,gbrt:dm_only
2020-07,0.0041060555561579495,0.0025480110563548264,0.7790222499015621,gbrt:dm_only
2020-08,-0.0009311980247716897,-0.002372596082324386,0.7206990287763477,gbrt:dm_only
2020-09,-0.006325881884441897,-0.007725755027942133,0.6999365717501179,gbrt:dm_only
2020-10,0.0012857898250212979,-0.00021588525957256805,0.7508375422969329,gbrt:dm_only
2020-11,-0.019573845826247774,-0.020859056300815762,0.6426052372839927,gbrt:dm_only
2020-12,0.007779036598356507,0.005769424260097999,1.004806169129254,gbrt:dm_only
2021-01,0.0009079637828766332,-0.0008649285128616084,0.8864461478691209,gbrt:dm_only
2021-02,0.004504537875657876,0.002950801167525098,0.7768683540663893,gbrt:dm_only
2021-03,0.007360627192663557,0.005780992980923458,0.7898171058700488,gbrt:dm_only
2021-04,0.004576737190992954,0.002977155022323213,0.7997910843348701,gbrt:dm_only
2021-05,0.0030231597687414265,0.0013878282450164071,0.8176657618625097,gbrt:dm_only
2021-06,-0.0010011577488327227,-0.0024487116905862797,0.7237769708767784,gbrt:dm_only
2021-07,0.004455654231790096,0.003014684715973394,0.7204847579083508,gbrt:dm_only
2021-08,-0.0028873280136621506,-0.004349391407427869,0.7310316968828594,gbrt:dm_only
2021-09,0.007368667707666491,0.005810965422107348,0.7788511427795716,gbrt:dm_only
2021-10,0.0032462544942217886,0.0018401746500667305,0.7030399220775295,gbrt:dm_only
2021-11,0.0034350317418859353,0.002055969877716589,0.6895309320846729,gbrt:dm_only
2021-12,0.008004550862794765,0.00643325880656817,0.7856460281132982,gbrt:dm_only
2022-01,0.010724527425767788,0.009568221463404475,0.5781529811816569,gbrt:dm_only
2022-02,0.007738843716259596,0.006655283185839989,0.5417802652098037,gbrt:dm_only
2022-03,0.010109614525326705,0.008996584756072054,0.556514884627326,gbrt:dm_only
2022-04,0.012068084307611299,0.011099363240311423,0.4843605336499375,gbrt:dm_only
2022-05,0.004116398043712369,0.003191758548200073,0.4623197477561483,gbrt:dm_only
2022-06,0.0023122172586282808,0.0012526496819684318,0.5297837883299247,gbrt:dm_only
2022-07,-0.004946206163154222,-0.006109858250318068,0.5818260435819227,gbrt:dm_only
2022-08,-0.0007496376114583523,-0.0018994044105365275,0.5748833995390876,gbrt:dm_only
2022-09,0.007018818658869174,0.0058540318238991884,0.5823934174849928,gbrt:dm_only
2022-10,0.006662451257649635,0.005568610211842882,0.5469205229033764,gbrt:dm_only
2022-11,-0.00787764570338134,-0.009033025649431675,0.577689973025168,gbrt:dm_only
2022-12,0.003453862537884064,0.0021436553220088844,0.6551036079375898,gbrt:dm_only
2023-01,0.00041177252110677435,-0.0009085320302640456,0.6601522756854101,gbrt:dm_only
2023-02,0.007183916546618694,0.005983356695174247,0.6002799257222239,gbrt:dm_only
2023-03,0.0034325529240426668,0.0024447301985323702,0.49391136275514835,gbrt:dm_only
2023-04,0.0006445321672961458,-0.00043832035842910217,0.541426262862624,gbrt:dm_only
2023-05,-0.0014384236089332232,-0.002425415847419234,0.4934961192430057,gbrt:dm_only
2023-06,0.0023578350670900947,0.001254886722336771,0.5514741723766616,gbrt:dm_only
2023-07,0.0042066430417824225,0.0030466788612446417,0.5799820902688904,gbrt:dm_only
2023-08,0.0033638826361129044,0.002327867520620901,0.5180075577460018,gbrt:dm_only
2023-09,0.011017908270925763,0.00999144096514856,0.5132336528886013,gbrt:dm_only
2023-10,0.008860089529345389,0.007930264076375503,0.464912726484943,gbrt:dm_only
2023-11,-0.008514720022977564,-0.009549892951810886,0.5175864644166613,gbrt:dm_only
2023-12,0.004532904923377119,0.003395682911055341,0.5686110061608889,gbrt:dm_only
2024-01,0.011052273395886963,0.009993301338564919,0.5294860286610221,gbrt:dm_only
2024-02,0.0009832695851607603,-5.261013896251097e-05,0.5179398620616357,gbrt:dm_only
2024-03,0.003061183604901131,0.002013555100013471,0.5238142524438298,gbrt:dm_only
2024-04,-0.0001286777066909664,-0.0012109465418525848,0.5411344175808092,gbrt:dm_only
2024-05,0.002653152201277276,0.001618381006576094,0.5173855973505909,gbrt:dm_only
2024-06,-0.0003444518188971827,-0.001401773826695058,0.5286610038989372,gbrt:dm_only
2024-07,0.0007269730700722361,-0.00027206493431009834,0.4995190021911673,gbrt:dm_only
2024-08,0.0040781183694299445,0.003064877182853515,0.5066205932882147,gbrt:dm_only
2024-09,0.00024597269864710855,-0.0007205839550799548,0.4832783268635318,gbrt:dm_only
2024-10,0.005152547680943847,0.0041435642830687115,0.5044916989375676,gbrt:dm_only
2024-11,0.010874001319809012,0.009855076034117031,0.5094626428459899,gbrt:dm_only
2024-12,0.003082230162535532,0.002056514705756808,0.5128577283893623,gbrt:dm_only
2025-01,0.001398457780782688,0.00047964264101357914,0.4594075698845543,gbrt:dm_only
2025-02,0.004760499294805275,0.00378276273938789,0.48886827770869234,gbrt:dm_only
2025-03,0.006107420640479549,0.005194625065588995,0.4563977874452771,gbrt:dm_only
2025-04,-0.0013365650520855146,-0.0021895899498472165,0.4265124488808512,gbrt:dm_only
2025-05,-0.0008955993785598548,-0.0018781312108672671,0.49126591615370613,gbrt:dm_only
2025-06,4.903998696794354e-05,-0.0008916146694348388,0.4703273282013909,gbrt:dm_only
2025-07,-0.00020355575626189093,-0.0010427313177759656,0.4195877807570371,gbrt:dm_only
2025-08,0.004664077306437052,0.003657414834836933,0.5033312358000597,gbrt:dm_only
2025-09,0.005625668494320881,0.004629232038987297,0.4982182276667917,gbrt:dm_only
2025-10,0.011911072347661837,0.010919202140413718,0.49593510362405974,gbrt:dm_only
2025-11,0.002020229038875632,0.0009336983047750526,0.5432653670502896,gbrt:dm_only
2025-12,0.010717166177201832,0.009648338797745994,0.5344136897279196,gbrt:dm_only
2000-01,0.0064978959052242515,0.0064978959052242515,0.0,gbrt:own
2000-02,0.008702356833024645,0.0068021284839917175,0.9501141745164647,gbrt:own
2000-03,-0.0028577716476527884,-0.004519073249722703,0.8306508010349571,gbrt:own
2000-04,-0.003234509797524739,-0.005266306999507097,1.015898600991179,gbrt:own
2000-05,0.001377925203144235,-0.0004022609239362964,0.8900930635402658,gbrt:own
2000-06,-0.006040127388653307,-0.007929128850551876,0.9445007309492842,gbrt:own
2000-07,0.0030424279098057983,0.0011980739853286006,0.9221769622385985,gbrt:own
2000-08,-0.003451983348758904,-0.005053647850358183,0.8008322507996393,gbrt:own
2000-09,0.0022843156536957064,0.00048340631719805214,0.900454668248827,gbrt:own
2000-10,0.0030285320412688885,0.0013073967367412198,0.8605676522638344,gbrt:own
2000-11,0.005863671575874867,0.004241560484076609,0.8110555458991296,gbrt:own
2000-12,-0.007084867941426281,-0.009119064987542821,1.0170985230582699,gbrt:own
2001-01,-0.007329153051558582,-0.009277250695289965,0.9740488218656917,gbrt:own
2001-02,0.019903456300001107,0.017689045219166935,1.107205540417086,gbrt:own
2001-03,0.006929125167879604,0.00467914534451779,1.124989911680907,gbrt:own
2001-04,-0.004020538760935795,-0.005834283869269492,0.9068725541668488,gbrt:own
2001-05,0.010274282767957195,0.008412922259326466,0.9306802543153643,gbrt:own
2001-06,-0.0005560066114120211,-0.0023074342536565434,0.8757138211222611,gbrt:own
2001-07,0.01023710609626644,0.008322848762544223,0.957128666861109,gbrt:own
2001-08,-0.0029977538500439555,-0.004646444666806381,0.8243454083812127,gbrt:own
2001-09,0.008411180113280979,0.006661963710049568,0.8746082016157051,gbrt:own
2001-10,-0.004538295796281558,-0.006459823352778241,0.9607637782483409,gbrt:own
2001-11,-0.0034802713609445664,-0.005413596244585794,0.9666624418206139,gbrt:own
2001-12,0.011770860849436814,0.00990008238147378,0.9353892339815159,gbrt:own
2002-01,-0.005167078658984055,-0.007167937964522999,1.0004296527694718,gbrt:own
2002-02,0.0068224961023507025,0.005315870505703052,0.7533127983238249,gbrt:own
2002-03,0.0036166104747113116,0.002178080566599139,0.719264954056086,gbrt:own
2002-04,0.009739198650896088,0.00824413867257808,0.7475299891590045,gbrt:own
2002-05,0.003626212357808195,0.0020259880804547772,0.800112138676709,gbrt:own
2002-06,0.002835698509603802,0.001494992192794325,0.6703531584047385,gbrt:own
2002-07,-0.0030124129502718338,-0.004348300396549885,0.6679437231390256,gbrt:own
2002-08,0.00373908602020876,0.002265298745226152,0.7368936374913041,gbrt:own
2002-09,0.010721053810648215,0.009601018867137594,0.5600174717553106,gbrt:own
2002-10,0.006617175862235954,0.005505241953364878,0.5559669544355386,gbrt:own
2002-11,-0.0021807757195948354,-0.00351328645834724,0.6662553693762023,gbrt:own
2002-12,0.00032202840406673,-0.0009316698750297402,0.6268491395482348,gbrt:own
2003-01,0.0009947786997472204,-0.00017111600876997202,0.5829473542585961,gbrt:own
2003-02,0.00447595615543576,0.003391888088589056,0.5420340334233521,gbrt:own
2003-03,0.004800842141280644,0.003722916259820808,0.5389629407299185,gbrt:own
2003-04,0.005709186764536512,0.004809713086284217,0.44973683912614754,gbrt:own
2003-05,0.0021264868000701246,0.0009131384436407838,0.6066741782146702,gbrt:own
2003-06,0.0024303192329364924,0.0012645444567181304,0.5828873881091806,gbrt:own
2003-07,0.002729192981603553,0.0016949480702253053,0.5171224556891236,gbrt:own
2003-08,0.0008609676188013997,-0.00020248854654841955,0.5317280826749097,gbrt:own
2003-09,0.006337748871396617,0.005113993309538885,0.6118777809288665,gbrt:own
2003-10,0.007672044398474133,0.006606513502779521,0.5327654478473065,gbrt:own
2003-11,0.0038479255590663963,0.0028181335983720295,0.5148959803471838,gbrt:own
2003-12,0.0027302001373572184,0.001689800560836902,0.5201997882601584,gbrt:own
2004-01,-0.005757332400580879,-0.00685403988625729,0.5483537428382056,gbrt:own
2004-02,0.0044409460121773055,0.003159066759036143,0.6409396265705815,gbrt:own
2004-03,0.0033066587946620424,0.00219053283976351,0.5580629774492664,gbrt:own
2004-04,-0.0009218000307875673,-0.0019434215196953155,0.5108107444538741,gbrt:own
2004-05,-0.0007152375670252924,-0.0018280936946974487,0.5564280638360783,gbrt:own
2004-06,0.004780915078049015,0.0036688124009409996,0.5560513385540075,gbrt:own
2004-07,0.006409731600794388,0.005361064368551853,0.5243336161212677,gbrt:own
2004-08,0.005771485084961908,0.004837750393242848,0.46686734585953027,gbrt:own
2004-09,0.0039397982767346755,0.0029005888965443287,0.5196046900951732,gbrt:own
2004-10,0.007550588188955339,0.006613245817976511,0.4686711854894137,gbrt:own
2004-11,0.006629545511175955,0.00580299986494102,0.4132728231174672,gbrt:own
2004-12,0.008083566821686209,0.007011707102275266,0.5359298597054712,gbrt:own
2005-01,-0.0014558036390062957,-0.00258633453528476,0.5652654481392323,gbrt:own
2005-02,0.010116515431545492,0.009040167240452283,0.5381740955466043,gbrt:own
2005-03,0.00869073804590517,0.007621379278018309,0.5346793839434303,gbrt:own
2005-04,0.012652708100290923,0.011770413293231105,0.44114740352990883,gbrt:own
2005-05,-0.012577164570405636,-0.013314767122423812,0.36880127600908796,gbrt:own
2005-06,0.002787995600108397,0.001656917084676145,0.565539257716126,gbrt:own
2005-07,0.009441814606886612,0.00846411723831185,0.4888486842873815,gbrt:own
2005-08,-0.0021244472389989823,-0.003043688807541723,0.4596207842713704,gbrt:own
2005-09,0.002176252299755912,0.0011592403754584857,0.5085059621487132,gbrt:own
2005-10,-0.0008631825094706357,-0.0017636545356267358,0.45023601307805,gbrt:own
2005-11,-0.0008935630306606322,-0.0017798515590936605,0.44314426421651404,gbrt:own
2005-12,-0.002006472815525642,-0.0029465928595787615,0.4700600220265597,gbrt:own
2006-01,-0.00520843376883859,-0.006215339062838672,0.503452647000041,gbrt:own
2006-02,-0.005713104684005329,-0.006809575594085713,0.5482354550401918,gbrt:own
2006-03,0.004310964958817006,0.0033441601510203465,0.48340240389833,gbrt:own
2006-04,0.0027926192718667644,0.0018009466326707419,0.49583631959801155,gbrt:own
2006-05,-0.0039037242526415114,-0.0049279657353750415,0.512120741366765,gbrt:own
2006-06,0.010747035512896071,0.009885705003502282,0.4306652546968952,gbrt:own
2006-07,0.0013791181598818323,0.00028931036367086705,0.5449038981054826,gbrt:own
2006-08,-0.006517106917624226,-0.007516320710400794,0.49960689638828437,gbrt:own
2006-09,-0.0006918342520365349,-0.0016387022248626048,0.4734339864130349,gbrt:own
2006-10,0.0004286755421122762,-0.0004525217580826738,0.44059865009747495,gbrt:own
2006-11,0.010570769991300551,0.009644522790271096,0.4631236005147275,gbrt:own
2006-12,0.0009409606449074829,-8.452117241137196e-05,0.5127409086594273,gbrt:own
2007-01,0.009835575642671684,0.008852465558789819,0.4915550419409321,gbrt:own
2007-02,-0.0004943543621923183,-0.001550214711674567,0.5279301747411244,gbrt:own
2007-03,0.009275096240219757,0.008247141324576858,0.5139774578214503,gbrt:own
2007-04,0.003525410462072319,0.00256289484842692,0.4812578068226995,gbrt:own
2007-05,0.0005392154688196612,-0.0005150338727802414,0.5271246707999513,gbrt:own
2007-06,0.0004617290861311741,-0.0006639476024179068,0.5628383442745402,gbrt:own
2007-07,3.3876115030350675e-05,-0.001096624235045946,0.5652501750381485,gbrt:own
2007-08,0.00032769372196080374,-0.0007652782538959897,0.5464859879283968,gbrt:own
2007-09,0.002940120373747748,0.001860395220168732,0.5398625767895082,gbrt:own
2007-10,0.011674681348108246,0.010608118657727584,0.5332813451903311,gbrt:own
2007-11,0.0021033396875796725,0.001011394175979571,0.5459727558000504,gbrt:own
2007-12,0.004309158571780577,0.0032088134773899544,0.5501725471953117,gbrt:own
2008-01,0.00035975572057681736,-0.0007247886518896239,0.5422721862332206,gbrt:own
2008-02,0.005526837271279021,0.0044078709900856345,0.5594831405966927,gbrt:own
2008-03,0.00014879000451715384,-0.0007700204229703743,0.45940521374376403,gbrt:own
2008-04,0.003880361397521192,0.0027949978867885506,0.5426817553663208,gbrt:own
2008-05,-0.0010231090752808713,-0.002219829451795293,0.5983601882572109,gbrt:own
2008-06,0.007969498987547816,0.006916590960702033,0.5264540134228918,gbrt:own
2008-07,-0.00452242463422912,-0.005546067657231591,0.5118215115012353,gbrt:own
2008-08,0.007359297416760946,0.006102055272105703,0.6286210723276215,gbrt:own
2008-09,0.007994921974060152,0.006926703444910165,0.5341092645749931,gbrt:own
2008-10,0.023539233086991587,0.02232416043140937,0.6075363277911081,gbrt:own
2008-11,0.018346955127494156,0.016969931090878593,0.6885120183077815,gbrt:own
2008-12,0.001022511716450762,-0.0005074647204456104,0.7649882184481864,gbrt:own
2009-01,-0.00290514909557376,-0.004341229740920458,0.7180403226733488,gbrt:own
2009-02,0.003458553016671427,0.002011689484853761,0.7234317659088328,gbrt:own
2009-03,-0.0009710004311921767,-0.002313560640434133,0.6712801046209784,gbrt:own
2009-04,-0.011102826216433305,-0.012476728700641388,0.6869512421040416,gbrt:own
2009-05,0.0009870655641363428,-0.0006350663447939075,0.8110659544651253,gbrt:own
2009-06,0.002948289790737322,0.0013125929667011616,0.8178484120180801,gbrt:own
2009-07,0.0013913047775652918,-4.012741135007329e-05,0.7157160944576825,gbrt:own
2009-08,0.0017437711807534407,0.00041341119700830147,0.6651799918725696,gbrt:own
2009-09,0.004241093255795967,0.0030744408935470926,0.5833261811244372,gbrt:own
2009-10,0.002612577570535057,0.0015400524505828348,0.536262559976111,gbrt:own
2009-11,0.004264555331400335,0.0030790701154483585,0.5927426079759885,gbrt:own
2009-12,0.0009446187117797819,-5.618117282298627e-05,0.5003999423013841,gbrt:own
2010-01,-0.0026229143185990643,-0.0038229713309344405,0.6000285061676878,gbrt:own
2010-02,0.00110744393130898,9.638290549501543e-06,0.5489028203797394,gbrt:own
2010-03,-0.00274340954073135,-0.0038478612406409153,0.5522258499547825,gbrt:own
2010-04,0.0058774214128617394,0.004833207788414691,0.5221068122235244,gbrt:own
2010-05,0.0054577727854016244,0.004336214870738241,0.560778957331692,gbrt:own
2010-06,0.0069260537963203965,0.00590350223327992,0.5112757815202383,gbrt:own
2010-07,0.0012349547168289188,0.00039105322898978453,0.42195074391956716,gbrt:own
2010-08,0.0037324871426911974,0.0027011936168149747,0.5156467629381116,gbrt:own
2010-09,0.0013444020520654105,0.0003163390246474296,0.5140315137089904,gbrt:own
2010-10,0.005078521917800943,0.004020899340151241,0.5288112888248512,gbrt:own
2010-11,0.004968511375800188,0.003899001643653387,0.5347548660734005,gbrt:own
2010-12,0.006026933202415282,0.004966619881899218,0.530156660258032,gbrt:own
2011-01,0.004559884966891929,0.0035715533909836477,0.4941657879541404,gbrt:own
2011-02,0.0024710496258660373,0.0014604637275645125,0.5052929491507625,gbrt:own
2011-03,0.0015841999085180482,0.0006473785587366781,0.468410674890685,gbrt:own
2011-04,0.005058957505451307,0.0040002557493497,0.5293508780508037,gbrt:own
2011-05,0.004365746812651013,0.003589678429537243,0.38803419155688523,gbrt:own
2011-06,0.007101137795533493,0.006362121797021069,0.36950799925621153,gbrt:own
2011-07,0.006514241194902126,0.005704200953088247,0.4050201209069398,gbrt:own
2011-08,0.007713897551622717,0.006841228145126292,0.43633470324821305,gbrt:own
2011-09,0.005717528526752636,0.0048009152442889825,0.4583066412318264,gbrt:own
2011-10,-0.014196516195354432,-0.015191319373480344,0.49740158906295495,gbrt:own
2011-11,0.007081124341240071,0.005848439741409052,0.6163422999155102,gbrt:own
2011-12,0.0013749527404219222,0.00023196184186641115,0.5714954492777555,gbrt:own
2012-01,0.0041533503303802805,0.0032378641751394715,0.45774307762040434,gbrt:own
2012-02,-0.0030030048818691407,-0.003938541500728663,0.467768309429761,gbrt:own
2012-03,0.0031764276641700947,0.002287039799131936,0.44469393251907946,gbrt:own
2012-04,0.0017765513433572278,0.000989227227155152,0.39366205810103777,gbrt:own
2012-05,0.0014789244739149352,0.0006996869917719739,0.3896187410714806,gbrt:own
2012-06,0.005989682984093829,0.005264411099689143,0.3626359422023433,gbrt:own
2012-07,0.007954041360737848,0.007201695934015383,0.37617271336123215,gbrt:own
2012-08,0.005913363498962533,0.005213686249083984,0.3498386249392744,gbrt:own
2012-09,-0.0016264412097114623,-0.002364677172384798,0.36911798133666773,gbrt:own
2012-10,0.0033905720684284583,0.002551354408098639,0.4196088301649096,gbrt:own
2012-11,0.008056185094374934,0.007239698728524866,0.4082431829250342,gbrt:own
2012-12,-0.002507291754983262,-0.00323023300304473,0.36147062403073377,gbrt:own
2013-01,0.003957196185543977,0.0031635224455661367,0.3968368699889204,gbrt:own
2013-02,0.006018040320014664,0.005175035005651035,0.42150265718181423,gbrt:own
2013-03,0.009691943967035684,0.008942917063381925,0.37451345182688,gbrt:own
2013-04,0.011808535826522304,0.011145120290337825,0.33170776809223984,gbrt:own
2013-05,0.0031478813914822775,0.0023701950604334884,0.3888431655243946,gbrt:own
2013-06,0.003331849103269457,0.00243317117066748,0.4493389663009881,gbrt:own
2013-07,0.013754976329995039,0.012841564791109815,0.45670576944261304,gbrt:own
2013-08,0.0018524261075446883,0.001014457052139039,0.41898452770282474,gbrt:own
2013-09,-0.0016726134573924146,-0.0025689553602833534,0.4481709514454695,gbrt:own
2013-10,-0.0020316079553423356,-0.0029853800295931332,0.47688603712539873,gbrt:own
2013-11,0.00029380833558367587,-0.0005685192121998539,0.4311637738917648,gbrt:own
2013-12,0.00501716955622173,0.004240998797592766,0.3880853793144816,gbrt:own
2014-01,0.0049198708556180805,0.004247277809598677,0.3362965230097016,gbrt:own
2014-02,0.004405898024919664,0.003681661445720014,0.36211828959982484,gbrt:own
2014-03,-0.0006019168223109072,-0.001287258536775515,0.3426708572323039,gbrt:own
2014-04,0.00011420958404471144,-0.0006880400946753025,0.401124839360007,gbrt:own
2014-05,0.004972304273872572,0.004151064126587195,0.4106200736426883,gbrt:own
2014-06,0.006566677247451224,0.005787291835416843,0.38969270601719097,gbrt:own
2014-07,0.0007814094767332548,2.6491147629649446e-05,0.37745916455180256,gbrt:own
2014-08,0.0018300380924333435,0.0010711444621210912,0.37944681515612627,gbrt:own
2014-09,-0.0013114808037725995,-0.0020296266908367976,0.35907294353209873,gbrt:own
2014-10,0.005119679791792017,0.004390969528305772,0.3643551317431222,gbrt:own
2014-11,0.008276526012185271,0.007527718499695873,0.37440375624469924,gbrt:own
2014-12,0.013520296104890557,0.012877700258793458,0.32129792304855004,gbrt:own
2015-01,0.007001650534270254,0.006268029387187012,0.3668105735416212,gbrt:own
2015-02,0.0029818873273990036,0.0020719950662822675,0.4549461305583684,gbrt:own
2015-03,0.008153201048707794,0.007296207826517728,0.42849661109503234,gbrt:own
2015-04,-0.007277577394961123,-0.008163362443115817,0.4428925240773473,gbrt:own
2015-05,0.00047527074657569506,-0.0006179470117569489,0.5466088791663218,gbrt:own
2015-06,0.007799512474772976,0.0068884914444529025,0.45551051516003677,gbrt:own
2015-07,0.010786091700929815,0.010055679401300102,0.3652061498148556,gbrt:own
2015-08,0.009722794755471302,0.009046436480139905,0.3381791376656988,gbrt:own
2015-09,0.006292637835486765,0.0055827655224518595,0.35493615651745275,gbrt:own
2015-10,-0.006492396847862932,-0.007217224556377042,0.36241385425705513,gbrt:own
2015-11,0.005030667350909869,0.004126935564010453,0.4518658934497075,gbrt:own
2015-12,0.0007315931837406804,-0.00015382799706569034,0.4427105904031854,gbrt:own
2016-01,0.0016491791396147648,0.0008576482192471752,0.3957654601837947,gbrt:own
2016-02,-0.0032639470077877597,-0.004082342903414728,0.40919794781348395,gbrt:own
2016-03,-0.012417979556026713,-0.013286618348939561,0.4343193964564231,gbrt:own
2016-04,0.0024696965534589934,0.0015582123266275807,0.4557421134157062,gbrt:own
2016-05,0.004110264463959543,0.0033020176244608194,0.4041234197493618,gbrt:own
2016-06,-0.0014162674299527313,-0.0022193368950119315,0.4015347325296001,gbrt:own
2016-07,0.0002475975070857977,-0.0005181351335218001,0.3828663203037989,gbrt:own
2016-08,0.004719581829427009,0.003900952618847088,0.409314605289961,gbrt:own
2016-09,0.004885302883175482,0.003997104709885273,0.44409908664510456,gbrt:own
2016-10,0.002976010969370725,0.0022236390068098846,0.3761859812804201,gbrt:own
2016-11,-0.00387512103876021,-0.004615759764404791,0.3703193628222902,gbrt:own
2016-12,0.001383916993340268,0.0005392507002608694,0.4223331465396992,gbrt:own
2017-01,0.0065191698956841015,0.005759192459156195,0.37998871826395375,gbrt:own
2017-02,-0.0008628874249627439,-0.0015670501226597504,0.3520813488485034,gbrt:own
2017-03,0.004896436263631138,0.004284684819282055,0.30587572217454145,gbrt:own
2017-04,0.0021780430160263167,0.001501057694074464,0.3384926609759264,gbrt:own
2017-05,0.0063754554104694505,0.005712438048716575,0.33150868087643726,gbrt:own
2017-06,-0.0007934241468964851,-0.001506244954281644,0.35641040369257937,gbrt:own
2017-07,0.004798118882158271,0.004135771142538932,0.3311738698096695,gbrt:own
2017-08,0.0029431691035537617,0.0022942873774190993,0.3244408630673311,gbrt:own
2017-09,0.001856547991303458,0.0012819695088899295,0.28728924120676413,gbrt:own
2017-10,0.004458793483592886,0.0039062223248150256,0.2762855793889299,gbrt:own
2017-11,0.003519351770754108,0.0028367420734233427,0.3413048486653826,gbrt:own
2017-12,0.0019678715111848787,0.001308229765508782,0.3298208728380482,gbrt:own
2018-01,0.004617347138623615,0.0038890224517036517,0.36416234345998155,gbrt:own
2018-02,0.003951703316765319,0.003232433277803278,0.3596350194810203,gbrt:own
2018-03,0.00310928654797871,0.002421295671502456,0.34399543823812706,gbrt:own
2018-04,0.0031705888569258946,0.002499869778317849,0.33535953930402296,gbrt:own
2018-05,0.006768146446965414,0.006078648567518952,0.3447489397232317,gbrt:own
2018-06,0.0032623745715316256,0.0025464217699921656,0.3579764007697298,gbrt:own
2018-07,0.005239265096157416,0.004580809770560485,0.32922766279846566,gbrt:own
2018-08,0.005785019784029785,0.005134411981055859,0.32530390148696253,gbrt:own
2018-09,0.013249493140917291,0.012593555840441724,0.32796865023778304,gbrt:own
2018-10,0.0011271466234817665,0.00042219529150115887,0.3524756659903038,gbrt:own
2018-11,-0.0016634255529426227,-0.0023852062531965553,0.36089035012696596,gbrt:own
2018-12,-0.00039736307033938034,-0.0011768481495947009,0.38974253962766015,gbrt:own
2019-01,0.0026433981801004865,0.001896687566952351,0.3733553065740676,gbrt:own
2019-02,-0.0037730875395605625,-0.004573767129719744,0.4003397950795906,gbrt:own
2019-03,0.003638376926288467,0.0028989657521559507,0.3697055870662583,gbrt:own
2019-04,0.003313975295848985,0.0026522779487672845,0.33084867354085,gbrt:own
2019-05,0.001863673977554859,0.0012302483490639906,0.3167128142454341,gbrt:own
2019-06,0.0034635549582522265,0.0027414026230406247,0.3610761676058009,gbrt:own
2019-07,0.006517922382995838,0.0059508724367380575,0.28352497312889074,gbrt:own
2019-08,0.002791410393893808,0.0021885462271069318,0.3014320833934382,gbrt:own
2019-09,-0.0011532776145836527,-0.001760054594328671,0.3033884898725092,gbrt:own
2019-10,0.0019597741809131474,0.0013210102401771749,0.31938197036798627,gbrt:own
2019-11,0.0024032809263438834,0.0018005399139987882,0.3013705061725474,gbrt:own
2019-12,0.005668006617155595,0.004975562492889333,0.3462220621331314,gbrt:own
2020-01,0.005051884083795039,0.004385576539423462,0.3331537721857887,gbrt:own
2020-02,0.008097977955316695,0.007349653485267299,0.37416223502469814,gbrt:own
2020-03,0.012470232170307759,0.011799645060497504,0.33529355490512774,gbrt:own
2020-04,-0.010798426003383531,-0.011788968312766341,0.4952711546914061,gbrt:own
2020-05,-0.0012319853092810568,-0.002291396370699797,0.52970553070937,gbrt:own
2020-06,-0.004033489657827865,-0.004975672028694528,0.471091185433332,gbrt:own
2020-07,0.004007282521061432,0.003062835910065165,0.4722233054981334,gbrt:own
2020-08,-0.004482988817428913,-0.005349387336650281,0.43319925961068384,gbrt:own
2020-09,-0.0009752272760817087,-0.0018783826758248907,0.451577699871591,gbrt:own
2020-10,0.0041613402243141995,0.003300798461409769,0.4302708814522156,gbrt:own
2020-11,-0.019245906655929134,-0.019968215776294877,0.36115456018287123,gbrt:own
2020-12,0.0018750751264095021,0.0007065825079175812,0.5842463092459604,gbrt:own
2021-01,0.004158147414574023,0.0030374625819901695,0.5603424162919264,gbrt:own
2021-02,0.0019729629761723964,0.0011044490609281028,0.43425695762214683,gbrt:own
2021-03,0.0033497564044161006,0.0023154514571568263,0.5171524736296376,gbrt:own
2021-04,0.003794677575917023,0.002754470798317844,0.5201033887995897,gbrt:own
2021-05,0.002859470271748427,0.0018856260115317546,0.4869221301083366,gbrt:own
2021-06,-0.003952077537709719,-0.004913333185119917,0.48062782370509927,gbrt:own
2021-07,0.00011121554149678402,-0.0007885877542721794,0.4499016478844817,gbrt:own
2021-08,0.0005623411184963625,-0.00033470466170318645,0.4485228900997743,gbrt:own
2021-09,0.0067458116690539685,0.005818914407318373,0.4634486308677976,gbrt:own
2021-10,0.002360987464743458,0.0013717846245294824,0.49460142010698765,gbrt:own
2021-11,0.006156045689338154,0.005295419805239416,0.43031294204936815,gbrt:own
2021-12,0.010595598039900858,0.009491737533222149,0.5519302533393537,gbrt:own
2022-01,0.012331463725268055,0.01155083157589206,0.3903160746879974,gbrt:own
2022-02,0.009195136264653259,0.008286330843687148,0.4544027104830563,gbrt:own
2022-03,0.008704615813376245,0.007758172246184555,0.4732217835958455,gbrt:own
2022-04,0.012089260629794742,0.011273287297463517,0.4079866661656119,gbrt:own
2022-05,0.004215909907305223,0.0034093147692374178,0.40329756903390235,gbrt:own
2022-06,0.0007699636298387706,-8.064748376978873e-05,0.42530555680427984,gbrt:own
2022-07,-0.0028087254082098533,-0.0037693331320892867,0.48030386193971686,gbrt:own
2022-08,-0.00022417123343716267,-0.0012316603795588215,0.5037445730608293,gbrt:own
2022-09,0.006887107114870416,0.006004641640802757,0.4412327370338296,gbrt:own
2022-10,0.0037135166543511592,0.002788129278408254,0.4626936879714524,gbrt:own
2022-11,-0.003674005898662268,-0.004598140812092719,0.4620674567152255,gbrt:own
2022-12,0.005775047770109654,0.004813120082256799,0.48096384392642744,gbrt:own
2023-01,0.0009757927743875395,-3.0395954340791898e-05,0.5030943643641657,gbrt:own
2023-02,0.004435514661474088,0.0034241031268790593,0.5057057672975143,gbrt:own
2023-03,0.003837721567518247,0.00306048670031184,0.38861743360320306,gbrt:own
2023-04,-0.001621563448851422,-0.0024271129246917146,0.4027747379201461,gbrt:own
2023-05,-0.002440715791372164,-0.003220847306915692,0.3900657577717638,gbrt:own
2023-06,0.004107087585713564,0.003292293799583035,0.4073968930652645,gbrt:own
2023-07,0.0041921030580014135,0.003353568721920753,0.41926716804033026,gbrt:own
2023-08,0.0027119565910475522,0.001834160033400041,0.4388982788237556,gbrt:own
2023-09,0.009974932999179257,0.00910207101870456,0.43643099023734794,gbrt:own
2023-10,0.00850413384391911,0.00782326966294787,0.34043209048561995,gbrt:own
2023-11,-0.006807395431879454,-0.007581762344433462,0.38718345627700385,gbrt:own
2023-12,0.004442086859541289,0.0036113647058542034,0.41536107684354273,gbrt:own
2024-01,0.011714867011787243,0.010922777990698547,0.3960445105443483,gbrt:own
2024-02,0.0012643854334166461,0.0005103840421669339,0.3770006956248562,gbrt:own
2024-03,0.0035056011676618854,0.002703192779123556,0.4012041942691644,gbrt:own
2024-04,0.0017219456174852878,0.0009196551622280628,0.40114522762861266,gbrt:own
2024-05,0.004211740877867433,0.003478002373389785,0.3668692522388239,gbrt:own
2024-06,0.0018693553888506644,0.0010500106386783497,0.40967237508615745,gbrt:own
2024-07,0.0013720049263756563,0.000632904563413339,0.3695501814811586,gbrt:own
2024-08,0.003383474435686647,0.0026239873330962758,0.3797435512951854,gbrt:own
2024-09,-0.0009883145947564176,-0.00173877841197118,0.375231908607381,gbrt:own
2024-10,0.0034296419691673937,0.0026179162581650853,0.40586285550115425,gbrt:own
2024-11,0.010027758386125595,0.009224773445938993,0.4014924700933004,gbrt:own
2024-12,0.0029699268597801086,0.0021875870249320117,0.39116991742404833,gbrt:own
2025-01,0.002455713980262872,0.0016590676881941971,0.39832314603433755,gbrt:own
2025-02,0.004923423997432826,0.004080165996742748,0.4216290003450386,gbrt:own
2025-03,0.006358867639991514,0.005584353023002436,0.38725730849453854,gbrt:own
2025-04,-0.0013774814111838125,-0.002127624932580753,0.3750717606984701,gbrt:own
2025-05,-0.001036744419748545,-0.0018302044479165593,0.39673001408400704,gbrt:own
2025-06,-0.001889825433351834,-0.0026008690134312618,0.3555217900397139,gbrt:own
2025-07,-0.0011316604411108378,-0.0018004629668384264,0.3344012628637944,gbrt:own
2025-08,0.002943420082529363,0.0021942847837893944,0.3745676493699843,gbrt:own
2025-09,0.005282727168243,0.004522663786955917,0.38003169064354214,gbrt:own
2025-10,0.014547242268841038,0.013792828711162813,0.377206778839114,gbrt:own
2025-11,0.002428037479174931,0.0016338864025072502,0.3970755383338403,gbrt:own
2025-12,0.010236024731268018,0.009472607062992418,0.38170883413780027,gbrt:own
2000-01,0.009694201688943336,0.009694201688943336,0.0,gbrt:pooled
2000-02,0.0037632643296880257,0.0018640241163727217,0.9496201066576524,gbrt:pooled
2000-03,-0.0007451047904561956,-0.002728694263696826,0.9917947366203155,gbrt:pooled
2000-04,-0.004837734090760042,-0.00703933875546928,1.1008023323546197,gbrt:pooled
2000-05,-0.0027557636137948947,-0.004668283722833825,0.9562600545194656,gbrt:pooled
2000-06,-0.003938472774224907,-0.005961285470292965,1.0114063480340292,gbrt:pooled
2000-07,0.0019496233446281517,-3.0252877499562414e-05,0.9899381110638564,gbrt:pooled
2000-08,-0.004885119633054235,-0.006639713354223238,0.877296860584502,gbrt:pooled
2000-09,0.0042101153289484045,0.002302302579876009,0.9539063745361974,gbrt:pooled
2000-10,0.003692254537394113,0.0020096471668485934,0.8413036852727597,gbrt:pooled
2000-11,0.01264090673195866,0.01102751998962345,0.8066933711676055,gbrt:pooled
2000-12,0.0020604956690525194,0.00026338260097553187,0.8985565340384939,gbrt:pooled
2001-01,-0.011057589197573131,-0.013069418870983021,1.0059148367049446,gbrt:pooled
2001-02,0.0121479410400336,0.00974788067366064,1.20003018318648,gbrt:pooled
2001-03,0.017228302842480836,0.01473885645646987,1.2447231930054827,gbrt:pooled
2001-04,-0.0013953648342937652,-0.003419807880672097,1.0122215231891658,gbrt:pooled
2001-05,0.011337319435974953,0.009392362606949275,0.9724784145128395,gbrt:pooled
2001-06,-0.0014219441669148056,-0.003121692915647465,0.84987437436633,gbrt:pooled
2001-07,0.014034157645159974,0.012135104241742389,0.9495267017087926,gbrt:pooled
2001-08,-0.00563257393046779,-0.007317584518173855,0.842505293853032,gbrt:pooled
2001-09,0.008549709362311803,0.006536192036724193,1.0067586627938052,gbrt:pooled
2001-10,-0.005221575443340097,-0.007205690062199842,0.9920573094298725,gbrt:pooled
2001-11,0.003736458623104643,0.0016137992504890693,1.0613296863077875,gbrt:pooled
2001-12,0.010640474429108815,0.008383997020762904,1.128238704172955,gbrt:pooled
2002-01,-0.0007659926440104474,-0.002829615628779828,1.0318114923846902,gbrt:pooled
2002-02,0.004838456523864663,0.0031553866029616824,0.8415349604514901,gbrt:pooled
2002-03,0.012376276254981776,0.010803509270796931,0.7863834920924221,gbrt:pooled
2002-04,0.011582461553711045,0.010185617163143862,0.6984221952835913,gbrt:pooled
2002-05,0.006890180634068391,0.005410487404956859,0.7398466145557661,gbrt:pooled
2002-06,0.009486471573613011,0.008100766509699082,0.6928525319569643,gbrt:pooled
2002-07,0.0008195029455259023,-0.000526950233942255,0.6732265897340787,gbrt:pooled
2002-08,-0.001656927794462565,-0.003065542200262352,0.7043072028998936,gbrt:pooled
2002-09,0.011372718844217778,0.00997173130714908,0.7004937685343485,gbrt:pooled
2002-10,0.0015267417820074005,0.00024851112097963335,0.6391153305138838,gbrt:pooled
2002-11,-0.0005410361155210611,-0.0021921079400467574,0.8255359122628484,gbrt:pooled
2002-12,0.001769714379791291,0.0002990476774181109,0.7353333511865902,gbrt:pooled
2003-01,-0.000504945013917157,-0.0018137203315946578,0.6543876588387503,gbrt:pooled
2003-02,0.006235641917112303,0.005139078975392699,0.5482814708598021,gbrt:pooled
2003-03,0.008610793980457533,0.007680632868927824,0.46508055576485496,gbrt:pooled
2003-04,-0.004285743181368788,-0.005045229333838689,0.3797430762349503,gbrt:pooled
2003-05,0.0025192508056222163,0.0014173642788261557,0.55094326339803,gbrt:pooled
2003-06,0.003801144682421062,0.0026323425753197738,0.5844010535506443,gbrt:pooled
2003-07,0.007080434879527409,0.005963740454269076,0.5583472126291665,gbrt:pooled
2003-08,0.005772250747902369,0.0045526781418459665,0.609786303028201,gbrt:pooled
2003-09,0.0004922722921990069,-0.0008873493738164662,0.6898108330077365,gbrt:pooled
2003-10,0.014146278039138004,0.012813205079227789,0.666536479955108,gbrt:pooled
2003-11,0.0021817703332800273,0.0009554414910935605,0.6131644210932334,gbrt:pooled
2003-12,0.004067487872922839,0.002862992877188666,0.6022474978670864,gbrt:pooled
2004-01,-0.005086755570190481,-0.006358042544181816,0.6356434869956676,gbrt:pooled
2004-02,0.002722495839221159,0.0013175632291747633,0.7024663050231977,gbrt:pooled
2004-03,0.0037502628312245986,0.002515528408039761,0.6173672115924185,gbrt:pooled
2004-04,-0.002551599326488329,-0.0036892090895770386,0.5688048815443548,gbrt:pooled
2004-05,-0.0032515318875752488,-0.004481415543087827,0.6149418277562891,gbrt:pooled
2004-06,0.005405501834810658,0.004127117394021051,0.6391922203948036,gbrt:pooled
2004-07,0.0069004146360735095,0.005670629958909724,0.614892338581893,gbrt:pooled
2004-08,0.005857217681658298,0.004845789944992081,0.5057138683331085,gbrt:pooled
2004-09,0.0064107582752288535,0.00536330483903541,0.523726718096722,gbrt:pooled
2004-10,0.012334644276649218,0.011222444421755427,0.5560999274468951,gbrt:pooled
2004-11,0.007560705700506549,0.006724595496175075,0.4180551021657373,gbrt:pooled
2004-12,0.01206991068039109,0.010993021929406058,0.5384443754925159,gbrt:pooled
2005-01,-0.0016732255259376775,-0.002771441095657763,0.5491077848600426,gbrt:pooled
2005-02,0.0102053313050559,0.00915838870648039,0.5234712992877548,gbrt:pooled
2005-03,0.008475894303617558,0.007442439200781205,0.5167275514181765,gbrt:pooled
2005-04,0.01570524251342213,0.014734893813451971,0.4851743499850785,gbrt:pooled
2005-05,-0.01563511979892145,-0.016500260041099515,0.4325701210890342,gbrt:pooled
2005-06,0.006470386632959072,0.005191495859520533,0.6394453867192694,gbrt:pooled
2005-07,0.0060107745815084915,0.005024478823526658,0.49314787899091667,gbrt:pooled
2005-08,-0.001993094281045747,-0.003047107416508613,0.5270065677314333,gbrt:pooled
2005-09,0.0066928721554802666,0.005510952710328193,0.5909597225760373,gbrt:pooled
2005-10,0.001181320514847813,0.00011944476500562356,0.5309378749210946,gbrt:pooled
2005-11,-0.002255510118693035,-0.0034100006068446104,0.5772452440757876,gbrt:pooled
2005-12,-0.002732269561782211,-0.0038970516583027143,0.5823910482602519,gbrt:pooled
2006-01,-0.00884824913565432,-0.010003577069916773,0.5776639671312266,gbrt:pooled
2006-02,0.00309655396686144,0.0014674440414199383,0.8145549627207509,gbrt:pooled
2006-03,0.009992962762992242,0.008555329148127377,0.7188168074324333,gbrt:pooled
2006-04,0.009188482181104525,0.007851240536780255,0.6686208221621345,gbrt:pooled
2006-05,-0.0028179775662133433,-0.0041059176767038645,0.6439700552452607,gbrt:pooled
2006-06,0.013791608201127207,0.01257784050389475,0.6068838486162282,gbrt:pooled
2006-07,-0.0005555580711629404,-0.0019687443198673185,0.7065931243521894,gbrt:pooled
2006-08,-0.008387739560550467,-0.009728272870872084,0.6702666551608072,gbrt:pooled
2006-09,0.0015296654003619818,4.2324261520773485e-05,0.7436705694206042,gbrt:pooled
2006-10,0.001399921574470812,9.661126663285861e-05,0.6516551539189767,gbrt:pooled
2006-11,0.011702832534473951,0.010472272709577724,0.6152799124481132,gbrt:pooled
2006-12,0.000951113000450475,-0.00023692698832997235,0.5940199943902236,gbrt:pooled
2007-01,0.008155388155108974,0.00694508187459159,0.6051531402586917,gbrt:pooled
2007-02,-0.00045360911535974487,-0.0017009686772915646,0.6236797809659097,gbrt:pooled
2007-03,0.007820836126689816,0.006611364743642713,0.6047356915235517,gbrt:pooled
2007-04,0.008765601312018605,0.007611167041314812,0.5772171353518961,gbrt:pooled
2007-05,0.003905852591387741,0.0027590172863744397,0.5734176525066507,gbrt:pooled
2007-06,-0.0022120755433450803,-0.0035212920020395383,0.654608229347229,gbrt:pooled
2007-07,-0.0016089320005664405,-0.003067212543926016,0.7291402716797875,gbrt:pooled
2007-08,-3.948575469043847e-05,-0.0014643639096807294,0.7124390774951456,gbrt:pooled
2007-09,0.002846519406656116,0.0015084443243314509,0.6690375411623326,gbrt:pooled
2007-10,0.014168016406206439,0.012877938833432618,0.6450387863869116,gbrt:pooled
2007-11,0.0019354651758493413,0.0007751331450155559,0.5801660154168927,gbrt:pooled
2007-12,0.004820765173434517,0.003560721851039569,0.630021661197474,gbrt:pooled
2008-01,0.0021089896922678103,0.0008798674322076532,0.6145611300300784,gbrt:pooled
2008-02,0.0012440198420019736,-0.0002061838442649792,0.7251018431334764,gbrt:pooled
2008-03,0.0019874659181943273,0.0006381596550181081,0.6746531315881097,gbrt:pooled
2008-04,0.00426577064632497,0.002895840388777348,0.6849651287738109,gbrt:pooled
2008-05,-0.0006641042969844721,-0.00213581458978336,0.7358551463994438,gbrt:pooled
2008-06,0.00893692492362634,0.00757237936779803,0.6822727779141546,gbrt:pooled
2008-07,-0.010012684809481783,-0.011188359521594646,0.5878373560564313,gbrt:pooled
2008-08,0.009018369187039221,0.007435578911864312,0.7913951375874544,gbrt:pooled
2008-09,0.011823388167008375,0.010638781107669902,0.5923035296692362,gbrt:pooled
2008-10,0.03185504027464159,0.03063818140173871,0.6084294364514394,gbrt:pooled
2008-11,0.019041160899075944,0.017964992006483008,0.5380844462964665,gbrt:pooled
2008-12,-0.0017968124906125149,-0.002801821567879604,0.5025045386335447,gbrt:pooled
2009-01,0.0014898881980778317,0.0003397133355926997,0.5750874312425661,gbrt:pooled
2009-02,0.006947681629845068,0.005683495328015292,0.6320931509148884,gbrt:pooled
2009-03,-0.005650852522843129,-0.006659478755427817,0.5043131162923435,gbrt:pooled
2009-04,-0.017722384239735753,-0.01899271270303451,0.6351642316493771,gbrt:pooled
2009-05,0.005642890919034736,0.003973953574833619,0.8344686721005586,gbrt:pooled
2009-06,-0.0038559772532382065,-0.005650739827373983,0.8973812870678881,gbrt:pooled
2009-07,0.006379210258038511,0.0046130671674750635,0.8830715452817238,gbrt:pooled
2009-08,0.0014885231741182533,-1.242608084044202e-05,0.7504746274793476,gbrt:pooled
2009-09,0.00549672420534389,0.004023269328773712,0.736727438285089,gbrt:pooled
2009-10,0.002971168877935123,0.0015462552565205295,0.7124568107072967,gbrt:pooled
2009-11,0.0013923697367169473,-3.0576579268461994e-05,0.7114731579927047,gbrt:pooled
2009-12,-0.0017967001881526378,-0.0031609275086806766,0.6821136602640195,gbrt:pooled
2010-01,0.0010689942704062308,-0.0003708513295812325,0.7199227999937315,gbrt:pooled
2010-02,0.0005753479875867597,-0.000726598319909142,0.6509731537479506,gbrt:pooled
2010-03,-0.003222487183655284,-0.004610964036680176,0.6942384265124455,gbrt:pooled
2010-04,0.005688580055550541,0.004330449812436104,0.6790651215572187,gbrt:pooled
2010-05,0.004812223509181848,0.003393251126557534,0.7094861913121566,gbrt:pooled
2010-06,0.007255160211295243,0.006120619415454223,0.5672703979205098,gbrt:pooled
2010-07,0.0015775712619641037,0.0006661232179072021,0.45572402202845075,gbrt:pooled
2010-08,0.004186820443579285,0.0030430259549531755,0.5718972443130549,gbrt:pooled
2010-09,0.0016477926430191097,0.0005014084781953036,0.5731920824119032,gbrt:pooled
2010-10,0.006231184778620024,0.005181082136395727,0.5250513211121484,gbrt:pooled
2010-11,0.009228595902123111,0.008227262248398972,0.500666826862069,gbrt:pooled
2010-12,0.006225432048275564,0.00524406835289249,0.49068184769153683,gbrt:pooled
2011-01,0.0048579010301670065,0.003830972809168802,0.5134641104991021,gbrt:pooled
2011-02,9.666355654869239e-05,-0.0010248306585988927,0.5607471075737922,gbrt:pooled
2011-03,0.0009385898397393803,-0.00011266917035083794,0.5256295050451092,gbrt:pooled
2011-04,0.008996414416346531,0.007927154339572648,0.5346300383869413,gbrt:pooled
2011-05,0.0047377885421482305,0.0038164769220308667,0.4606558100586817,gbrt:pooled
2011-06,0.00556675339459195,0.004649466529573067,0.4586434325094413,gbrt:pooled
2011-07,0.00886030163144506,0.008001007837673848,0.42964689688560637,gbrt:pooled
2011-08,0.009857378185261785,0.009032136545542956,0.4126208198594136,gbrt:pooled
2011-09,0.009493848412268725,0.008684993995005184,0.40442720863176973,gbrt:pooled
2011-10,-0.008357049037335135,-0.009332283477200979,0.48761721993292123,gbrt:pooled
2011-11,0.009038793413379667,0.007825130855828775,0.6068312787754462,gbrt:pooled
2011-12,0.0015043966097697903,0.0003987743382068646,0.5528111357814628,gbrt:pooled
2012-01,-0.015866608049980864,-0.01678012387850812,0.45675791426362927,gbrt:pooled
2012-02,-0.004141471966805207,-0.0053203922221791025,0.5894601276869476,gbrt:pooled
2012-03,0.007994904276784306,0.006855543416351548,0.5696804302163782,gbrt:pooled
2012-04,0.006884607082538971,0.005880002267791526,0.5023024073737228,gbrt:pooled
2012-05,0.010200027101678538,0.009229607327388891,0.485209887144824,gbrt:pooled
2012-06,0.005892779670425334,0.0050560557251146405,0.41836197265534725,gbrt:pooled
2012-07,0.008646855269292666,0.007749415270832855,0.4487199992299055,gbrt:pooled
2012-08,0.005997170645841584,0.00520402460517911,0.39657302033123676,gbrt:pooled
2012-09,-0.0008042504953125992,-0.0016411782739286663,0.4184638893080334,gbrt:pooled
2012-10,0.003995156452799696,0.0030401083180910445,0.4775240673543257,gbrt:pooled
2012-11,0.008723018186692931,0.0078004934627705375,0.46126236196119713,gbrt:pooled
2012-12,-0.002939130592813781,-0.003784943955133181,0.4229066811597003,gbrt:pooled
2013-01,0.003385252326412796,0.0024054192873746044,0.48991651951909565,gbrt:pooled
2013-02,0.005420385750224228,0.0044442183180490044,0.4880837160876118,gbrt:pooled
2013-03,0.009464027439869288,0.008588635498932537,0.43769597046837594,gbrt:pooled
2013-04,0.012694216223074031,0.01193902586078017,0.37759518114693114,gbrt:pooled
2013-05,0.0046370061079921655,0.003916674151878512,0.36016597805682665,gbrt:pooled
2013-06,0.004124013362888658,0.0031783500872908524,0.4728316377989031,gbrt:pooled
2013-07,0.011588328441564695,0.010631592712637682,0.47836786446350615,gbrt:pooled
2013-08,-0.0007830928349861319,-0.00175595556016123,0.48643136258754915,gbrt:pooled
2013-09,-0.003193915730707156,-0.00425043561893325,0.528259944113047,gbrt:pooled
2013-10,-0.0021068062711389677,-0.003088747374610926,0.4909705517359795,gbrt:pooled
2013-11,0.0006196808519365865,-0.00031300131842923896,0.4663410851829127,gbrt:pooled
2013-12,0.005013626450173113,0.004176680438638836,0.4184730057671388,gbrt:pooled
2014-01,0.004036921660925983,0.0032155198526181363,0.41070090415392335,gbrt:pooled
2014-02,0.005560880815504349,0.004612960436044309,0.4739601897300194,gbrt:pooled
2014-03,-7.634913678186577e-05,-0.0009875062298604893,0.4555785465393118,gbrt:pooled
2014-04,9.438505450668198e-05,-0.0009521467411215186,0.5232658978141004,gbrt:pooled
2014-05,0.0048875362292638705,0.00388621850958699,0.5006588598384399,gbrt:pooled
2014-06,0.006299285934546833,0.005257123167405614,0.5210813835706088,gbrt:pooled
2014-07,-0.0014403299962820442,-0.0024621169313362675,0.5108934675271116,gbrt:pooled
2014-08,0.002693491492591574,0.0016519025335546425,0.5207944795184655,gbrt:pooled
2014-09,-0.0007738371729704524,-0.0016769487191195783,0.4515557730745629,gbrt:pooled
2014-10,0.004879343803304455,0.003959824852991118,0.45975947515666854,gbrt:pooled
2014-11,0.009665926059901896,0.008713695731459636,0.47611516422112937,gbrt:pooled
2014-12,0.015065060362675603,0.01420810087971714,0.4284797414792303,gbrt:pooled
2015-01,0.007773334561624204,0.00685872859433545,0.45730298364437744,gbrt:pooled
2015-02,-0.00036506227099395247,-0.0014465318717190043,0.540734800362526,gbrt:pooled
2015-03,0.008561382126234866,0.007458350497836516,0.5515158141991754,gbrt:pooled
2015-04,-0.011905564574894384,-0.012990997596054621,0.5427165105801187,gbrt:pooled
2015-05,0.0006795643187057416,-0.0006727100852890966,0.6761372019974191,gbrt:pooled
2015-06,0.005652621547362812,0.004415070030375905,0.6187757584934537,gbrt:pooled
2015-07,0.010845513905753567,0.009902653924787785,0.471429990482891,gbrt:pooled
2015-08,0.009931535706846236,0.00899198946649774,0.4697731201742476,gbrt:pooled
2015-09,0.0061573139429318266,0.0052409354756470915,0.4581892336423675,gbrt:pooled
2015-10,-0.006551679937303963,-0.007515203001361203,0.4817615320286198,gbrt:pooled
2015-11,0.005354311294722919,0.004210208108622378,0.5720515930502703,gbrt:pooled
2015-12,8.500611107457611e-05,-0.0010305299836884355,0.5577680473815059,gbrt:pooled
2016-01,0.00189066508750562,0.0008699581909233743,0.5103534482911228,gbrt:pooled
2016-02,-0.0036162770057424553,-0.004636369015247231,0.5100460047523877,gbrt:pooled
2016-03,-0.00920246561496368,-0.010363366509526123,0.5804504472812206,gbrt:pooled
2016-04,0.0032361917761773882,0.0020389728594553164,0.598609458361036,gbrt:pooled
2016-05,0.0025432004966818543,0.0014760191683185063,0.5335906641816742,gbrt:pooled
2016-06,-0.001615137923457161,-0.0027002521304800796,0.5425571035114594,gbrt:pooled
2016-07,-0.000844028885061275,-0.0018390362045847767,0.49750365976175087,gbrt:pooled
2016-08,0.0042564664985824275,0.0031909763066063058,0.5327450959880607,gbrt:pooled
2016-09,0.0047844287032049095,0.0037974315343707534,0.49349858441707756,gbrt:pooled
2016-10,0.0024704078351591077,0.0016642389467129272,0.4030844442230903,gbrt:pooled
2016-11,-0.003163593772438271,-0.004106191747564454,0.47129898756309174,gbrt:pooled
2016-12,0.0010558427798521292,-3.361349199208572e-05,0.5447281359221074,gbrt:pooled
2017-01,0.006376298343882944,0.005313118705316118,0.5315898192834122,gbrt:pooled
2017-02,-0.0003573240018732496,-0.0013730113294594083,0.5078436637930791,gbrt:pooled
2017-03,0.0031568942120337312,0.0022195602804085555,0.46866696581258793,gbrt:pooled
2017-04,-8.279181354350212e-05,-0.0010627026219515786,0.4899554042040381,gbrt:pooled
2017-05,0.0055990541968838695,0.004689707006999073,0.45467359494239856,gbrt:pooled
2017-06,0.00045611982271360184,-0.0004932933026886797,0.4747065627011408,gbrt:pooled
2017-07,0.00401380838737381,0.003096500054762738,0.45865416630553596,gbrt:pooled
2017-08,0.0034417979168998463,0.002491853273079562,0.474972321910142,gbrt:pooled
2017-09,0.00023345343636259325,-0.0006049170827789936,0.4191852595707934,gbrt:pooled
2017-10,0.0042818216947960305,0.0034402372808427497,0.42079220697664016,gbrt:pooled
2017-11,0.0031919323568114525,0.0022337800021320917,0.4790761773396807,gbrt:pooled
2017-12,0.0029124979397414587,0.0019752498401459768,0.4686240497977411,gbrt:pooled
2018-01,0.0047486719031437025,0.0038143291776673947,0.46717136273815435,gbrt:pooled
2018-02,0.004219128566218742,0.0032950688160873426,0.46202987506569954,gbrt:pooled
2018-03,0.0023580002071070115,0.001578736727738147,0.38963173968443227,gbrt:pooled
2018-04,0.003095601159347398,0.0022700710250250227,0.4127650671611869,gbrt:pooled
2018-05,0.00576467379630615,0.00496784949785584,0.3984121492251546,gbrt:pooled
2018-06,0.002954694519520748,0.0021271970542173072,0.41374873265172013,gbrt:pooled
2018-07,0.0047047889100788,0.003934577774538249,0.3851055677702753,gbrt:pooled
2018-08,0.006238937647790725,0.005469891724209697,0.3845229617905142,gbrt:pooled
2018-09,0.014196108877744912,0.013451167654362672,0.37247061169112067,gbrt:pooled
2018-10,0.0030247678384191404,0.002216464080757565,0.40415187883078757,gbrt:pooled
2018-11,-0.0039822323737678965,-0.004821308051974191,0.419537839103147,gbrt:pooled
2018-12,0.0037178251497131092,0.0027196459433829565,0.49908960316507633,gbrt:pooled
2019-01,0.0008865131722781325,-5.6776645233098145e-05,0.4716449087556151,gbrt:pooled
2019-02,-0.00548864365484912,-0.006591926688353188,0.5516415167520344,gbrt:pooled
2019-03,0.004471914952632059,0.003429796197628794,0.5210593775016321,gbrt:pooled
2019-04,0.0028705444314425306,0.001975555380819317,0.44749452531160716,gbrt:pooled
2019-05,0.002495161891873408,0.0015755130973453013,0.4598243972640534,gbrt:pooled
2019-06,0.002774567187713997,0.00172240379749573,0.5260816951091335,gbrt:pooled
2019-07,0.00671639236810788,0.005779918691892772,0.46823683810755445,gbrt:pooled
2019-08,0.0036860110439769713,0.002797896654989901,0.4440571944935352,gbrt:pooled
2019-09,-0.0016354460180207904,-0.0025268493034018196,0.44570164269051454,gbrt:pooled
2019-10,0.002717800933027897,0.0017299096764047054,0.49394562831159566,gbrt:pooled
2019-11,0.001951508292092121,0.0010479411008854256,0.4517835956033476,gbrt:pooled
2019-12,0.00616928468358755,0.005167002271641172,0.5011412059731892,gbrt:pooled
2020-01,0.0075160177961798415,0.006604709343635249,0.4556542262722957,gbrt:pooled
2020-02,0.009324006746083522,0.008372461417549546,0.47577266426698783,gbrt:pooled
2020-03,0.01599929774606901,0.015120426267928921,0.43943573907004596,gbrt:pooled
2020-04,-0.015721410095988098,-0.017024879488418118,0.6517346962150102,gbrt:pooled
2020-05,-0.002580834892806389,-0.004340197800859938,0.8796814540267746,gbrt:pooled
2020-06,-0.0035081549204251483,-0.004963210899734441,0.7275279896546462,gbrt:pooled
2020-07,0.0035036932017780686,0.002048475276265297,0.7276089627563859,gbrt:pooled
2020-08,-0.0032925525790612658,-0.004628829891710189,0.6681386563244612,gbrt:pooled
2020-09,-0.004896581000788665,-0.006262690128756298,0.6830545639838164,gbrt:pooled
2020-10,0.0008675235222340711,-0.0006072429109955635,0.7373832166148173,gbrt:pooled
2020-11,-0.01911165202692093,-0.020348448018787435,0.6183979959332532,gbrt:pooled
2020-12,0.007425532866333712,0.005540501762140508,0.9425155520966022,gbrt:pooled
2021-01,0.0012544647812978713,-0.000312817732033204,0.7836412566655379,gbrt:pooled
2021-02,0.006571631591441287,0.005285778609596307,0.6429264909224904,gbrt:pooled
2021-03,0.005467660452533667,0.0040869173150752105,0.690371568729228,gbrt:pooled
2021-04,0.004773725510996764,0.003378836940072002,0.6974442854623814,gbrt:pooled
2021-05,0.003516036557032598,0.0021605763871220926,0.6777300849552526,gbrt:pooled
2021-06,-0.0025014086990397724,-0.00372756050129502,0.6130759011276239,gbrt:pooled
2021-07,0.0011308124753269832,-0.00011664172816799705,0.6237271017474902,gbrt:pooled
2021-08,-0.0015295012167950725,-0.002646659331644061,0.5585790574244943,gbrt:pooled
2021-09,0.006678134555467924,0.0054234052601381325,0.6273646476648959,gbrt:pooled
2021-10,0.0034937417970262743,0.0022577513908996045,0.6179952030633346,gbrt:pooled
2021-11,0.0025895774119527575,0.0014914694562056768,0.5490539778735406,gbrt:pooled
2021-12,0.009558311951485059,0.008177952665571997,0.690179642956531,gbrt:pooled
2022-01,0.011532635837290327,0.010539190613863752,0.4967226117132878,gbrt:pooled
2022-02,0.008241412131559803,0.007333923595161781,0.45374426819901176,gbrt:pooled
2022-03,0.010137307922469925,0.009194375268406139,0.47146632703189356,gbrt:pooled
2022-04,0.012591470762130757,0.011761232132267575,0.4151193149315888,gbrt:pooled
2022-05,0.004187196386714815,0.003389322794250948,0.3989367962319336,gbrt:pooled
2022-06,0.002483729553821193,0.0015903815293066591,0.44667401225726683,gbrt:pooled
2022-07,-0.004304975594552175,-0.005276149222761325,0.48558681410457555,gbrt:pooled
2022-08,-0.00110940301571682,-0.0020488900251897087,0.46974350473644455,gbrt:pooled
2022-09,0.006012512257505234,0.005067536131172148,0.4724880631665431,gbrt:pooled
2022-10,0.005154825577567261,0.004249877537927162,0.4524740198200497,gbrt:pooled
2022-11,-0.0064844695005813885,-0.007516454809886478,0.5159926546525451,gbrt:pooled
2022-12,0.0039026776674076476,0.0027719874231791103,0.5653451221142686,gbrt:pooled
2023-01,0.0003575131738773576,-0.0007598696927510165,0.558691433314187,gbrt:pooled
2023-02,0.006451509433448812,0.0054373712647755625,0.5070690843366246,gbrt:pooled
2023-03,0.003110686768446948,0.0022894230891209438,0.4106318396630026,gbrt:pooled
2023-04,0.0001347702582484087,-0.0007760112835237368,0.4553907708860727,gbrt:pooled
2023-05,-0.0025726557932574893,-0.003421705203687637,0.42452470521507363,gbrt:pooled
2023-06,0.002436315309782028,0.0015109556627627104,0.4626798235096585,gbrt:pooled
2023-07,0.00474111351266533,0.0037841577184320064,0.4784778971166617,gbrt:pooled
2023-08,0.004169233328203741,0.003258958707698061,0.45513731025283993,gbrt:pooled
2023-09,0.010150498428139277,0.0092606330484852,0.4449326898270394,gbrt:pooled
2023-10,0.008770512111300328,0.007964099555386482,0.4032062779569232,gbrt:pooled
2023-11,-0.008543290307646292,-0.009416029410211505,0.43636955128260607,gbrt:pooled
2023-12,0.004637530877171655,0.0036781275812316407,0.4797016479700067,gbrt:pooled
2024-01,0.010819731737996167,0.009851763498924308,0.4839841195359291,gbrt:pooled
2024-02,0.0011913823565890369,0.0002652387774596908,0.46307178956467276,gbrt:pooled
2024-03,0.0028217589372475367,0.0018856222671766087,0.468068335035464,gbrt:pooled
2024-04,0.0010073811572723493,5.532295822531349e-05,0.47602909952351785,gbrt:pooled
2024-05,0.002342805123843335,0.0014433955882210713,0.44970476781113217,gbrt:pooled
2024-06,0.000699755718191405,-0.00018384274774635746,0.4417992329688813,gbrt:pooled
2024-07,0.0007080873212697694,-0.0001458200805987786,0.4269537009342741,gbrt:pooled
2024-08,0.003978206675311449,0.0030955497081254797,0.44132848359298454,gbrt:pooled
2024-09,-9.497546114971018e-05,-0.0009487555221223666,0.4268900304863282,gbrt:pooled
2024-10,0.005183738672507286,0.004289973443168114,0.4468826146695863,gbrt:pooled
2024-11,0.010448072897816593,0.00954165751870373,0.45320768955643137,gbrt:pooled
2024-12,0.002975167117002339,0.002104670792329039,0.4352481623366501,gbrt:pooled
2025-01,0.0018548172260427834,0.0010093948994381356,0.42271116330232367,gbrt:pooled
2025-02,0.004862345645482586,0.0039589808461806715,0.45168239965095736,gbrt:pooled
2025-03,0.006457538736925294,0.005641277443707383,0.4081306466089551,gbrt:pooled
2025-04,-0.0013570321654119033,-0.0021275084611352534,0.38523814786167493,gbrt:pooled
2025-05,-0.0011409179687017418,-0.002018464339409114,0.438773185353686,gbrt:pooled
2025-06,-0.0008221627019684545,-0.0016635184126034747,0.42067785531751006,gbrt:pooled
2025-07,-0.0005204635417267708,-0.0012902627983073414,0.3848996282902853,gbrt:pooled
2025-08,0.003791848723115744,0.0028723262690917924,0.4597612270119755,gbrt:pooled
2025-09,0.005337643680728399,0.004476971569058664,0.4303360558348679,gbrt:pooled
2025-10,0.01245917213759913,0.011591110092344663,0.4340310226272337,gbrt:pooled
2025-11,0.0025594390559884567,0.0016364467332928472,0.46149616134780463,gbrt:pooled
2025-12,0.011583382801356769,0.010672098281276387,0.4556422600401919,gbrt:pooled
2000-01,0.008813461351109594,0.008813461351109594,0.0,hist_mean:rule
2000-02,-8.209966579722635e-05,-0.0003666495011590619,0.14227491768091738,hist_mean:rule
2000-03,0.005736909275304468,0.005373985081768108,0.18146209676817943,hist_mean:rule
2000-04,-0.011277336995766035,-0.011563350841675814,0.14300692295488984,hist_mean:rule
2000-05,-0.0022060970314672526,-0.002797388864860676,0.2956459166967118,hist_mean:rule
2000-06,-0.003131590635791353,-0.0035544033480020996,0.21140635610537317,hist_mean:rule
2000-07,0.004245786120790322,0.003971231922509254,0.13727709914053357,hist_mean:rule
2000-08,0.0007701282762872313,0.0005730598557536202,0.09853421026680521,hist_mean:rule
2000-09,0.004104492532986769,0.0039202879385373335,0.09210229722471755,hist_mean:rule
2000-10,-0.002340825102435379,-0.002537663321566898,0.09841910956575942,hist_mean:rule
2000-11,0.007805500271673333,0.007549486066096678,0.1280071027883274,hist_mean:rule
2000-12,-0.010501348250951104,-0.01086505678541576,0.18185426723232867,hist_mean:rule
2001-01,-0.005501372375145279,-0.005759582807564314,0.12910521620951762,hist_mean:rule
2001-02,0.004556812992188774,0.004292931173049875,0.1319409095694494,hist_mean:rule
2001-03,0.015589054641628516,0.015287880056389463,0.15058729261952614,hist_mean:rule
2001-04,0.006350176610321088,0.006036977725880551,0.1565994422202687,hist_mean:rule
2001-05,0.00038191711984404827,-0.00014134564769387637,0.26163138376896233,hist_mean:rule
2001-06,0.002057820592043868,0.0018660515371173936,0.09588452746323718,hist_mean:rule
2001-07,0.011248721713309373,0.011078168079095865,0.08527681710675399,hist_mean:rule
2001-08,-0.007098986363594759,-0.007438473380732123,0.1697435085686817,hist_mean:rule
2001-09,-0.0014263632245582094,-0.0016331806106668545,0.10340869305432246,hist_mean:rule
2001-10,0.004614861627704713,0.004212790061107659,0.2010357832985274,hist_mean:rule
2001-11,0.0038131968647399967,0.003611263806614071,0.10096652906296316,hist_mean:rule
2001-12,0.010631307407272647,0.01044001014937574,0.09564862894845333,hist_mean:rule
2002-01,-0.004622505445664396,-0.004795651834059849,0.0865731941977262,hist_mean:rule
2002-02,-0.0029219384695084337,-0.003151360498044084,0.11471101426782494,hist_mean:rule
2002-03,0.003435114168680207,0.0032419055320467042,0.09660431831675145,hist_mean:rule
2002-04,0.004671559953732687,0.004428011010574297,0.12177447157919556,hist_mean:rule
2002-05,0.0007694080971352158,0.0005368764608833489,0.11626581812593348,hist_mean:rule
2002-06,0.0028255549519297356,0.0026433951011680715,0.09107992538083189,hist_mean:rule
2002-07,-0.0015677218742144612,-0.0017119847867016022,0.07213145624357058,hist_mean:rule
2002-08,0.0068514686634305105,0.006685110284863755,0.08317918928337795,hist_mean:rule
2002-09,0.008643299280870577,0.008457256214444339,0.09302153321311893,hist_mean:rule
2002-10,0.0008299270216906294,0.0006964936885672982,0.06671666656166547,hist_mean:rule
2002-11,0.0048338332400911215,0.004627939876616887,0.10294668173711696,hist_mean:rule
2002-12,0.0049975884694553364,0.004812834955725885,0.0923767568647254,hist_mean:rule
2003-01,-0.0026121820675723906,-0.0027769207651655837,0.08236934879659635,hist_mean:rule
2003-02,0.002375159996870645,0.0022114231628929163,0.0818684169888644,hist_mean:rule
2003-03,0.004166845504988624,0.0040415568275750284,0.0626443387067973,hist_mean:rule
2003-04,-0.006669739326542619,-0.00682033049064746,0.0752955820524203,hist_mean:rule
2003-05,0.0057094230444343095,0.0053491978951599375,0.1801125746371861,hist_mean:rule
2003-06,0.007662980792943365,0.00751736268140631,0.07280905576852759,hist_mean:rule
2003-07,0.00772037373063757,0.007559717393431085,0.08032816860324253,hist_mean:rule
2003-08,0.005602498129101869,0.00545964820976144,0.07142495967021416,hist_mean:rule
2003-09,0.002728126184393089,0.0023430165131195675,0.1925548356367607,hist_mean:rule
2003-10,0.006897947431539409,0.006767927377533624,0.06501002700289256,hist_mean:rule
2003-11,0.0047806226564846765,0.004637260963467188,0.07168084650874385,hist_mean:rule
2003-12,0.0013355899224945446,0.0012152132296546127,0.06018834641996605,hist_mean:rule
2004-01,0.005199965251823944,0.0050166184789535795,0.091673386435182,hist_mean:rule
2004-02,0.004808596594297645,0.004614099869774522,0.09724836226156144,hist_mean:rule
2004-03,0.004385090624053842,0.004206055792552578,0.08951741575063232,hist_mean:rule
2004-04,0.011888724770940055,0.01174715646923363,0.07078415085321275,hist_mean:rule
2004-05,-0.0025171604588401595,-0.0027269539565810057,0.10489674887042272,hist_mean:rule
2004-06,0.0015694442473591298,0.0014322249669523996,0.06860964020336514,hist_mean:rule
2004-07,0.0027848490694212993,0.0026662947693128158,0.059277150054241654,hist_mean:rule
2004-08,0.006783209680694525,0.0066316083995603325,0.07580064056709608,hist_mean:rule
2004-09,0.0026673153926813223,0.0025284086580454643,0.06945336731792892,hist_mean:rule
2004-10,0.0002444517303135318,9.576908560925568e-05,0.07434132235213804,hist_mean:rule
2004-11,0.0021602839780762505,0.001982731561172355,0.08877620845194763,hist_mean:rule
2004-12,0.006068461189951235,0.005915040949096622,0.07671012042730635,hist_mean:rule
2005-01,0.00048184804752615304,0.00022016946245237355,0.13083929253688975,hist_mean:rule
2005-02,0.012481570489174063,0.012359029272523574,0.061270608325244585,hist_mean:rule
2005-03,0.005960174596362438,0.005805125988977254,0.07752430369259188,hist_mean:rule
2005-04,0.012444959654360824,0.012288841266741858,0.07805919380948405,hist_mean:rule
2005-05,-0.009548151668859512,-0.009738168705950855,0.0950085185456718,hist_mean:rule
2005-06,-0.004809962908395158,-0.004965357712009878,0.0776974018073602,hist_mean:rule
2005-07,0.010867884715367163,0.010758334543525903,0.05477508592062956,hist_mean:rule
2005-08,0.0023347607947062465,0.002199384452250352,0.06768817122794714,hist_mean:rule
2005-09,-0.0012650917988602677,-0.001460518398312773,0.09771329972625242,hist_mean:rule
2005-10,-0.0012453994161025792,-0.0013783956275260105,0.06649810571171566,hist_mean:rule
2005-11,-0.0015264092422326671,-0.001664135009969041,0.06886288386818674,hist_mean:rule
2005-12,-0.00022361931527238712,-0.0003686016602493318,0.07249117248847242,hist_mean:rule
2006-01,0.010805488975982368,0.010678825944446869,0.06333151576775034,hist_mean:rule
2006-02,-0.0007424181045478576,-0.001084937957352107,0.17125992640212462,hist_mean:rule
2006-03,-0.0150920422908407,-0.0152270633629477,0.06751053605349966,hist_mean:rule
2006-04,-0.0007148589872408032,-0.0009574667332498127,0.12130387300450468,hist_mean:rule
2006-05,0.0010695790006248077,0.0008544940164196169,0.1075424921025955,hist_mean:rule
2006-06,0.00870664326734029,0.00859552868566407,0.0555572908381102,hist_mean:rule
2006-07,0.0028884259905984162,0.002480433555381688,0.20399621760836406,hist_mean:rule
2006-08,0.0031989801725389047,0.0029803898689023897,0.10929515181825744,hist_mean:rule
2006-09,0.000186985580286211,-5.370170151123468e-05,0.12034364089872297,hist_mean:rule
2006-10,-0.0019380651428502428,-0.002078816336302139,0.0703755967259479,hist_mean:rule
2006-11,-0.006585393326671949,-0.006724041505793086,0.06932408956056876,hist_mean:rule
2006-12,-0.0007910737126688291,-0.0009524873055206896,0.08070679642593019,hist_mean:rule
2007-01,0.0003231210640367295,0.00013498377893202243,0.09406864255235364,hist_mean:rule
2007-02,-0.003718210831455202,-0.004115703773931058,0.19874647123792813,hist_mean:rule
2007-03,0.004938654721237354,0.0047466129713503195,0.09602087494351765,hist_mean:rule
2007-04,0.0035158781072819043,0.0032852051291503374,0.11533648906578364,hist_mean:rule
2007-05,0.0033048019312352742,0.0030395493148087697,0.1326263082132526,hist_mean:rule
2007-06,-1.3950472633369453e-06,-0.00018594058110303806,0.09227276691985059,hist_mean:rule
2007-07,-0.002007180497704583,-0.0022248053436995144,0.10881242299746556,hist_mean:rule
2007-08,0.0035591664975462164,0.0033226551710975175,0.11825566322434951,hist_mean:rule
2007-09,-0.0006514150606545858,-0.000841095341601317,0.09484014047336564,hist_mean:rule
2007-10,0.00794852570529554,0.007600085043356034,0.17422033096975267,hist_mean:rule
2007-11,0.001966811917297451,0.0016670860755904088,0.14986292085352088,hist_mean:rule
2007-12,0.001470585644582621,0.0012244240703567148,0.12308078711295305,hist_mean:rule
2008-01,-0.0003862598882944341,-0.0006502890799341946,0.1320145958198803,hist_mean:rule
2008-02,0.0035777250719907605,0.0033591335429562323,0.10929576451726393,hist_mean:rule
2008-03,-0.00032827807887043307,-0.0005022672153636055,0.0869945682465863,hist_mean:rule
2008-04,0.0032577175805170028,0.003051889969575475,0.1029138054707636,hist_mean:rule
2008-05,-0.001388490304554581,-0.0016467004476926226,0.12910507156902098,hist_mean:rule
2008-06,0.0035237050002491534,0.0033643301125199495,0.07968744386460183,hist_mean:rule
2008-07,0.005185245515630853,0.005035427081414786,0.0749092171080335,hist_mean:rule
2008-08,0.0016650601822310457,0.0014705615772345533,0.09724930249824605,hist_mean:rule
2008-09,0.003723558621650141,0.0035711341306529335,0.07621224549860398,hist_mean:rule
2008-10,0.005758678102674455,0.005545098919529806,0.10678959157232416,hist_mean:rule
2008-11,0.007735034897390635,0.007475508350897566,0.12976327324653436,hist_mean:rule
2008-12,0.0008785197440805563,0.0006123010048619389,0.13310936960930855,hist_mean:rule
2009-01,0.0016734557319955023,0.001443540702480879,0.11495751475731178,hist_mean:rule
2009-02,-0.002912549601483974,-0.003138694545455408,0.1130724719857173,hist_mean:rule
2009-03,-0.0034251369337173713,-0.0036331662093927633,0.10401463783769586,hist_mean:rule
2009-04,-0.019795828132083894,-0.020054817323491122,0.12949459570361332,hist_mean:rule
2009-05,-0.0047940986674826274,-0.005099996531486086,0.1529489320017296,hist_mean:rule
2009-06,0.000920118972499422,0.0006431243298908882,0.1384973213042668,hist_mean:rule
2009-07,0.0029895242457479584,0.0027957905630382495,0.0968668413548543,hist_mean:rule
2009-08,0.002471445009956141,0.002261482531777865,0.1049812390891382,hist_mean:rule
2009-09,-0.0009870802985769034,-0.0011512475397443607,0.08208362058372853,hist_mean:rule
2009-10,0.0011144944785100985,0.0009196028411394247,0.09744581868533694,hist_mean:rule
2009-11,0.0033223068363598548,0.0031661054301356313,0.0781007031121117,hist_mean:rule
2009-12,-0.0019080064046336574,-0.002065327004763404,0.07866030006487376,hist_mean:rule
2010-01,-0.0002235486783464146,-0.0003756695741902153,0.07606044792190017,hist_mean:rule
2010-02,0.0010050525833236016,0.0007901965831555832,0.10742800008400934,hist_mean:rule
2010-03,0.0006623717216412125,0.000488327380419577,0.0870221706108178,hist_mean:rule
2010-04,0.0025185830665351624,0.002370599008367592,0.07399202908378523,hist_mean:rule
2010-05,0.0028355010319334258,0.0026975396645536136,0.06898068368990617,hist_mean:rule
2010-06,0.002529516283894266,0.002388711100885215,0.07040259150452545,hist_mean:rule
2010-07,0.0021704503188129383,0.0020561397792578083,0.05715526977756504,hist_mean:rule
2010-08,0.0021003184182815226,0.0019504497482269623,0.07493433502727992,hist_mean:rule
2010-09,0.0015819430247718572,0.0014267677843445598,0.07758762021364887,hist_mean:rule
2010-10,0.00374726318395104,0.0036163605745599195,0.06545130469556042,hist_mean:rule
2010-11,0.006129902506863632,0.005994204303705827,0.06784910157890255,hist_mean:rule
2010-12,-0.00035553769120034756,-0.000498713004183879,0.07158765649176557,hist_mean:rule
2011-01,0.001137014924110724,0.0009963538180685655,0.07033055302107917,hist_mean:rule
2011-02,0.002190290859348955,0.0020398259045821816,0.07523247738338654,hist_mean:rule
2011-03,0.0011090860354818198,0.0009401889207544348,0.08444855736369233,hist_mean:rule
2011-04,0.004042198081515828,0.0039109669011619524,0.06561559017693795,hist_mean:rule
2011-05,0.002629969594881955,0.002513981878313313,0.05799385828432097,hist_mean:rule
2011-06,0.00175834603250123,0.0016509423961566117,0.05370181817230927,hist_mean:rule
2011-07,0.005188495320178205,0.005078897260213499,0.054799029982352886,hist_mean:rule
2011-08,0.003704104510260016,0.0035958402356100773,0.054132137324968944,hist_mean:rule
2011-09,0.006528148949307928,0.006408641070341352,0.059753939483287916,hist_mean:rule
2011-10,2.9823898586031232e-05,-8.442396281609858e-05,0.05712393070106524,hist_mean:rule
2011-11,0.003726567325397386,0.003592328456432799,0.06711943448229343,hist_mean:rule
2011-12,0.003438505854203235,0.0033392060312153133,0.0496499114939606,hist_mean:rule
2012-01,-0.008475380584319939,-0.008689577863324126,0.10709863950209379,hist_mean:rule
2012-02,0.0016676876566074702,0.0015296807790608263,0.06900343877332163,hist_mean:rule
2012-03,0.009508333112371897,0.009390460155420123,0.05893647847588725,hist_mean:rule
2012-04,0.0020859243620402717,0.001869406238458498,0.10825906179088655,hist_mean:rule
2012-05,0.0032458280565272417,0.0030889884450567328,0.07841980573525427,hist_mean:rule
2012-06,0.004447828108155647,0.004354392971880693,0.046717568137477544,hist_mean:rule
2012-07,0.00388518904526953,0.0037645319386697055,0.060328553299912234,hist_mean:rule
2012-08,0.004439464713772937,0.004341006266910912,0.049229223431012506,hist_mean:rule
2012-09,0.0003367442210309906,0.0002385388886778809,0.04910266617655491,hist_mean:rule
2012-10,0.002354827197708529,0.0022566640334087604,0.049081582149884374,hist_mean:rule
2012-11,0.0030001229137650845,0.002900497044311574,0.049812934726755194,hist_mean:rule
2012-12,-0.00034399042913924174,-0.00044954387419305584,0.05277672252690705,hist_mean:rule
2013-01,0.0006066480802177863,0.0005087255976763978,0.04896124127069426,hist_mean:rule
2013-02,0.0029114284178248526,0.0027671442471718087,0.07214208532652217,hist_mean:rule
2013-03,0.0037673688835964756,0.003647586305125553,0.059891289235461276,hist_mean:rule
2013-04,0.0051243764357211535,0.004984293668171975,0.07004138377458957,hist_mean:rule
2013-05,0.00017785817467433975,5.393310564882954e-05,0.061962534512755095,hist_mean:rule
2013-06,0.003538815931709092,0.003414423277446413,0.06219632713133963,hist_mean:rule
2013-07,0.009290303164568893,0.00914978394649841,0.07025960903524094,hist_mean:rule
2013-08,-0.0015468854183864809,-0.0016762235625594217,0.06466907208647024,hist_mean:rule
2013-09,-0.0011911027317180912,-0.001372957915132527,0.09092759170721801,hist_mean:rule
2013-10,-0.0019398937985661455,-0.0020526039091153694,0.05635505527461189,hist_mean:rule
2013-11,0.0005294884201460022,0.00040126154464527385,0.06411343775036431,hist_mean:rule
2013-12,0.003162183516958218,0.0030813465759771575,0.04041847049053013,hist_mean:rule
2014-01,0.003239068986268544,0.0031488095183162704,0.045129733976136906,hist_mean:rule
2014-02,0.0051381060090997825,0.005035231195128465,0.051437406985658664,hist_mean:rule
2014-03,0.0017740588207469559,0.0016783417099737249,0.04785855538661554,hist_mean:rule
2014-04,-0.002061620921736236,-0.0022173184174824976,0.07784874787313045,hist_mean:rule
2014-05,0.0009574545953201286,0.0008063880155790889,0.07553328987051983,hist_mean:rule
2014-06,0.0021136202503012837,0.00200921723495504,0.05220150767312197,hist_mean:rule
2014-07,0.003274863373348085,0.0031838024850083598,0.045530444169862364,hist_mean:rule
2014-08,0.0011414129721923848,0.000992986088667243,0.07421344176257083,hist_mean:rule
2014-09,-0.0009902099162580622,-0.0010780737994184183,0.0439319415801782,hist_mean:rule
2014-10,0.0016953460633269718,0.0015949908011293674,0.05017763109880213,hist_mean:rule
2014-11,0.006453941690494173,0.006366753884190718,0.043593903151726926,hist_mean:rule
2014-12,0.006462696541767823,0.006368452088569382,0.047122226599220635,hist_mean:rule
2015-01,0.007326941604075383,0.00721368959831474,0.05662600288032083,hist_mean:rule
2015-02,-0.0008841884863508106,-0.001007491229069893,0.06165137135954142,hist_mean:rule
2015-03,0.008022038980953654,0.007915726305661057,0.053156337646299394,hist_mean:rule
2015-04,-0.006423169042957244,-0.006554495696619675,0.06566332683121595,hist_mean:rule
2015-05,0.0016242116950993958,0.0014537433179199455,0.0852341885897251,hist_mean:rule
2015-06,0.004428293100583521,0.004340042279860331,0.0441254103615956,hist_mean:rule
2015-07,0.0071157200374940294,0.007032502818439973,0.04160860952702751,hist_mean:rule
2015-08,0.004652585083440144,0.0045567566831419245,0.04791420014911007,hist_mean:rule
2015-09,0.00482086339183571,0.004731332044049826,0.04476567389294183,hist_mean:rule
2015-10,-0.0015788844995601066,-0.0016826553657188102,0.05188543307935178,hist_mean:rule
2015-11,0.0018645087876303437,0.0017685417485149744,0.04798351955768484,hist_mean:rule
2015-12,0.003789126496713009,0.0036804715968465945,0.05432744993320754,hist_mean:rule
2016-01,0.0022341104759581215,0.0021365880376752605,0.048761219141430466,hist_mean:rule
2016-02,-0.0009402907592869088,-0.0010416436109497468,0.0506764258314188,hist_mean:rule
2016-03,-0.008173953953636074,-0.008284687858516758,0.0553669524403429,hist_mean:rule
2016-04,0.0012962310293432706,0.0011813035714773798,0.05746372893294534,hist_mean:rule
2016-05,0.0045014287839525114,0.004401631264178564,0.04989875988697365,hist_mean:rule
2016-06,-0.0008269904880608714,-0.0009119799972375072,0.042494754588317814,hist_mean:rule
2016-07,0.0030371139282517148,0.002957300489218061,0.03990671951682687,hist_mean:rule
2016-08,0.004740910522082512,0.004647832637849279,0.046538942116616897,hist_mean:rule
2016-09,0.004880574548667762,0.004768477499113125,0.05604852477731806,hist_mean:rule
2016-10,0.0027145684608402354,0.002656330050361988,0.029119205239123723,hist_mean:rule
2016-11,-0.00515629313778698,-0.005249025272825141,0.046366067519080484,hist_mean:rule
2016-12,0.0007593224412260274,0.0006016827936385389,0.07881982379374426,hist_mean:rule
2017-01,0.004140516773084119,0.004044338031014147,0.048089371034986055,hist_mean:rule
2017-02,-0.001223788681925821,-0.0013167144077076995,0.04646286289093943,hist_mean:rule
2017-03,0.004264054660824622,0.004187611062293877,0.038221799265372655,hist_mean:rule
2017-04,-0.001142303931266844,-0.0012234481273159516,0.040572098024553846,hist_mean:rule
2017-05,0.004833074638649199,0.004750336354961742,0.04136914184372838,hist_mean:rule
2017-06,0.0004865849547097842,0.00039173666167018225,0.047424146519800904,hist_mean:rule
2017-07,0.0035312052764922626,0.0034601446252467256,0.03553032562276842,hist_mean:rule
2017-08,0.0012238011940264072,0.0011456298102697291,0.0390856918783389,hist_mean:rule
2017-09,0.0033264870036813915,0.003261546497120918,0.03247025328023666,hist_mean:rule
2017-10,0.0015339592891631792,0.001459386637920578,0.03728632562130064,hist_mean:rule
2017-11,0.0013645793160098729,0.0012643783732880264,0.05010047136092328,hist_mean:rule
2017-12,-0.00025790296249297026,-0.00033397974471382016,0.038038391110425056,hist_mean:rule
2018-01,0.003644328253341045,0.0035396068579332377,0.0523606977039036,hist_mean:rule
2018-02,0.002228418460110357,0.0021343660025691024,0.0470262287706272,hist_mean:rule
2018-03,0.0018787566481227216,0.001749446344658969,0.06465515173187643,hist_mean:rule
2018-04,0.0009548536560986243,0.0008665501507315602,0.04415175268353199,hist_mean:rule
2018-05,0.003991230140249051,0.003891845973911898,0.04969208316857672,hist_mean:rule
2018-06,0.0030803995418799313,0.002986426133280262,0.046986704299834425,hist_mean:rule
2018-07,0.004745311888923688,0.004661795597560982,0.04175814568135312,hist_mean:rule
2018-08,0.0038950736582872513,0.0038105261828050075,0.04227373774112152,hist_mean:rule
2018-09,0.0105247567154472,0.010442199779229177,0.04127846810901155,hist_mean:rule
2018-10,0.0025228336875872024,0.0024343772640241664,0.044228211781518006,hist_mean:rule
2018-11,-0.0010837312130737146,-0.0011756487971125004,0.045958792019393103,hist_mean:rule
2018-12,-0.0016715213460282133,-0.0017647724209039007,0.04662553743784393,hist_mean:rule
2019-01,0.004842472502533907,0.004772907523274325,0.034782489629791365,hist_mean:rule
2019-02,-0.00440644220585184,-0.004497795984939678,0.045676889543919026,hist_mean:rule
2019-03,0.003076955074245553,0.003004402763391578,0.036276155426987346,hist_mean:rule
2019-04,0.0016944600524634696,0.0016243734662158198,0.035043293123824926,hist_mean:rule
2019-05,0.0014202172789602296,0.001342122600675566,0.0390473391423319,hist_mean:rule
2019-06,0.004245153297302986,0.004164169052262307,0.040492122520339305,hist_mean:rule
2019-07,0.005140757918650157,0.005082133463472707,0.029312227588725082,hist_mean:rule
2019-08,0.0017953634721358752,0.0017100493163340934,0.04265707790089103,hist_mean:rule
2019-09,-0.0015468333193606942,-0.0016188668103621442,0.03601674550072514,hist_mean:rule
2019-10,0.00028560072351425226,0.00020680532531803077,0.03939769909811065,hist_mean:rule
2019-11,0.0020552417776824104,0.001987060050137788,0.0340908637723111,hist_mean:rule
2019-12,0.0038164980740349715,0.003738510531264015,0.03899377138547803,hist_mean:rule
2020-01,0.002187460372826168,0.002127869139540547,0.029795616642810174,hist_mean:rule
2020-02,0.004001655030488845,0.003922659509367138,0.039497760560853086,hist_mean:rule
2020-03,0.0047658529988681714,0.00468890750691335,0.03847274597741099,hist_mean:rule
2020-04,-0.004280286892631082,-0.004440154686796292,0.07993389708260543,hist_mean:rule
2020-05,-0.000662749486864374,-0.0008033902406914752,0.07032037691355063,hist_mean:rule
2020-06,-0.005859406683389562,-0.005958132213658787,0.0493627651346126,hist_mean:rule
2020-07,0.0034567657274472124,0.003328674152290223,0.06404578757849444,hist_mean:rule
2020-08,-0.0028124635340511725,-0.0029319548410659123,0.05974565350736969,hist_mean:rule
2020-09,0.0009232090006220363,0.0008273637066283867,0.04792264699682487,hist_mean:rule
2020-10,0.004412370489792449,0.0043200988309814005,0.04613582940552437,hist_mean:rule
2020-11,-0.018043097572602966,-0.018130791380467113,0.04384690393207257,hist_mean:rule
2020-12,-0.0055948923174597796,-0.005730848333477276,0.06797800800874855,hist_mean:rule
2021-01,0.00426666676020951,0.004162238232904049,0.05221426365273029,hist_mean:rule
2021-02,-0.002301255680607402,-0.002398901224491381,0.04882277194198961,hist_mean:rule
2021-03,0.0019029307296362992,0.0017923982664058665,0.055266231615216446,hist_mean:rule
2021-04,0.0011336110152773116,0.0010402446171407854,0.046683199068263105,hist_mean:rule
2021-05,0.0005984612752219331,0.0004865456077566076,0.0559578337326627,hist_mean:rule
2021-06,-0.004209227049619105,-0.00429579615953108,0.043284554955987486,hist_mean:rule
2021-07,0.0037199595290126255,0.0036243790175659635,0.04779025572333076,hist_mean:rule
2021-08,-0.0009614130775924712,-0.0010332225122860147,0.03590471734677185,hist_mean:rule
2021-09,0.00415269431898286,0.004061101966203049,0.045796176389905824,hist_mean:rule
2021-10,0.00011675249386592948,3.0229159624460732e-05,0.04326166712073414,hist_mean:rule
2021-11,0.0058340621042209965,0.005750910659332199,0.041575722444398194,hist_mean:rule
2021-12,0.00785670659118828,0.0077515243728713355,0.05259110915847229,hist_mean:rule
2022-01,0.007511861783902936,0.007433588248595127,0.039136767653904274,hist_mean:rule
2022-02,0.007962194341738003,0.007875407858480558,0.043393241628723274,hist_mean:rule
2022-03,0.0047544206456142804,0.00465926445635071,0.047578094631785285,hist_mean:rule
2022-04,0.009041041160270687,0.008935011729815588,0.053014715227549906,hist_mean:rule
2022-05,0.004689992119178358,0.004575056453817606,0.057467832680375565,hist_mean:rule
2022-06,-0.0013599911124281073,-0.0014547058150889873,0.04735735133044008,hist_mean:rule
2022-07,-0.000978793350655271,-0.0010707679207202475,0.04598728503248823,hist_mean:rule
2022-08,-0.002486676653459198,-0.0025635570414034078,0.038440193972105206,hist_mean:rule
2022-09,0.0027590272757369028,0.0026703678555978294,0.04432971006953666,hist_mean:rule
2022-10,0.003004847996820895,0.0029200903577876647,0.04237881951661503,hist_mean:rule
2022-11,-0.0014885284846127245,-0.0015961532641428583,0.05381238976506661,hist_mean:rule
2022-12,0.0056287558364008705,0.005515959673052083,0.05639808167439366,hist_mean:rule
2023-01,0.001713222185993215,0.0016269173495152575,0.04315241823897863,hist_mean:rule
2023-02,0.001922348453706881,0.0018255181692650795,0.04841514222090058,hist_mean:rule
2023-03,0.0018941003744781337,0.0018260188228343783,0.03404077582187782,hist_mean:rule
2023-04,-0.0005117282042936618,-0.0005916598649997617,0.03996583035305007,hist_mean:rule
2023-05,-0.0022919701081790607,-0.0023741238461500347,0.04107686898548651,hist_mean:rule
2023-06,0.0026380615670032847,0.002561461702314594,0.03829993234434519,hist_mean:rule
2023-07,0.001541044084128162,0.0014642611961091963,0.03839144400948268,hist_mean:rule
2023-08,0.0011746518361603997,0.0010797613012084848,0.047445267475957315,hist_mean:rule
2023-09,0.005777500971009344,0.0057061475756747275,0.035676697667307605,hist_mean:rule
2023-10,0.005247932685495368,0.005175884344109791,0.03602417069278808,hist_mean:rule
2023-11,-0.0030145867134826793,-0.003153231066103819,0.06932217631056978,hist_mean:rule
2023-12,0.0037407922411433676,0.00366684488820329,0.03697367647003887,hist_mean:rule
2024-01,0.010211384508225637,0.01013758667926017,0.036898914482734066,hist_mean:rule
2024-02,-0.0016677494482437937,-0.0017576588891563536,0.04495472045627983,hist_mean:rule
2024-03,0.0037017961315799694,0.0036154694850522254,0.04316332326387204,hist_mean:rule
2024-04,0.0017007732970907902,0.0015939600021006766,0.05340664749505677,hist_mean:rule
2024-05,0.0014191699182760627,0.0013127899537204073,0.05318998227782765,hist_mean:rule
2024-06,0.002431926109506726,0.0023402096634892637,0.04585822300873084,hist_mean:rule
2024-07,0.0017429653506938934,0.0016847776180166653,0.029093866338614195,hist_mean:rule
2024-08,0.002035242164716789,0.0019690051517358043,0.033118506490492264,hist_mean:rule
2024-09,8.04834250789988e-05,1.2548694408249924e-05,0.03396736533537441,hist_mean:rule
2024-10,-0.00039484192265284,-0.00045831497964811445,0.03173652849763738,hist_mean:rule
2024-11,0.009991781643614788,0.009917161932195663,0.037309855709561836,hist_mean:rule
2024-12,0.0009947356810944322,0.0009268236734343776,0.0339560038300273,hist_mean:rule
2025-01,0.0023260221330640585,0.0022646576526239763,0.03068224022004112,hist_mean:rule
2025-02,0.0029095388186587624,0.0028333660525896795,0.03808638303454183,hist_mean:rule
2025-03,0.0045327505066765006,0.004461971335770875,0.03538958545281255,hist_mean:rule
2025-04,-0.00020766617660326837,-0.0002838761124866983,0.03810496794171492,hist_mean:rule
2025-05,-0.00047463861270105335,-0.0005553890161627982,0.04037520173087234,hist_mean:rule
2025-06,-0.003406667618794705,-0.0034934584352791145,0.04339540824220431,hist_mean:rule
2025-07,-0.0016283056830460269,-0.001687355882851826,0.029525099902899546,hist_mean:rule
2025-08,-0.0020873448973564783,-0.002166355767706784,0.03950543517515305,hist_mean:rule
2025-09,0.0036071569453896483,0.003534995534487201,0.036080705451223424,hist_mean:rule
2025-10,0.007452497077137492,0.007375402287248811,0.03854739494434048,hist_mean:rule
2025-11,0.003924233507515017,0.00383081915624017,0.04670717563742372,hist_mean:rule
2025-12,0.006178147882459223,0.00611448052143912,0.0318336805100518,hist_mean:rule
2000-01,0.005266588873693322,0.005266588873693322,0.0,ols:dm_only
2000-02,0.016441926254990937,0.01437343523518612,1.0342455099024086,ols:dm_only
2000-03,-0.0024672925663229163,-0.004498282064362383,1.0154947490197337,ols:dm_only
2000-04,-0.017961690667323137,-0.020032137684428308,1.0352235085525854,ols:dm_only
2000-05,-0.0016901988440957455,-0.003939871580786757,1.1248363683455056,ols:dm_only
2000-06,-0.008643437116626492,-0.010727051674716217,1.0418072790448627,ols:dm_only
2000-07,-0.00186431407813856,-0.003971931296712541,1.0538086092869903,ols:dm_only
2000-08,-0.00773368466053,-0.009664067143753436,0.9651912416117183,ols:dm_only
2000-09,-1.9137787421087335e-05,-0.0020737691617917497,1.0273156871853313,ols:dm_only
2000-10,0.0006824714304804315,-0.0011584223637702926,0.920446897125362,ols:dm_only
2000-11,0.0070387086057081254,0.005348001105184883,0.8453537502616211,ols:dm_only
2000-12,0.0017891691582561896,-1.2229145635454103e-05,0.9006991519458225,ols:dm_only
2001-01,-0.014488862145894182,-0.016445814972098575,0.9784764131021959,ols:dm_only
2001-02,0.006630056398092592,0.0044066329853590875,1.1117117063667532,ols:dm_only
2001-03,0.026506033894918866,0.024338499611448766,1.08376714173505,ols:dm_only
2001-04,0.004463915320557603,0.002696090376509672,0.8839124720239653,ols:dm_only
2001-05,0.010463931056444432,0.008456709015092757,1.003611020675839,ols:dm_only
2001-06,-0.002641369589159062,-0.004332170939290455,0.8454006750656966,ols:dm_only
2001-07,0.017542287985043727,0.01563818941553202,0.9520492847558555,ols:dm_only
2001-08,-0.005857582210461207,-0.00751600620946606,0.8292119995024271,ols:dm_only
2001-09,0.01206201034608352,0.010087996437224574,0.9870069544294728,ols:dm_only
2001-10,-0.0202374954538665,-0.022172892006301532,0.9676982762175158,ols:dm_only
2001-11,0.004193058806074696,0.0018521717664396688,1.1704435198175138,ols:dm_only
2001-12,0.0130740780155565,0.011072346435138986,1.0008657902087583,ols:dm_only
2002-01,0.0011466177021305188,-0.0009717294983164627,1.059173600223491,ols:dm_only
2002-02,0.008622112187237565,0.007054063861979074,0.784024162629245,ols:dm_only
2002-03,0.012423639891894163,0.011004553711688321,0.7095430901029206,ols:dm_only
2002-04,0.006925163674894639,0.005705622472083992,0.6097706014053236,ols:dm_only
2002-05,0.004948626508933495,0.003576307740196675,0.6861593843684103,ols:dm_only
2002-06,0.0064814708824517675,0.0050886721120005085,0.6963993852256298,ols:dm_only
2002-07,0.004319779597849655,0.002953562181634868,0.6831087081073935,ols:dm_only
2002-08,0.00014032221480315016,-0.001164626307108156,0.6524742609556532,ols:dm_only
2002-09,0.005533716125069125,0.004169810385122105,0.6819528699735105,ols:dm_only
2002-10,0.001373473610195272,0.0001297770156106685,0.6218482972923013,ols:dm_only
2002-11,0.0024933780578999263,0.000873093583563294,0.810142237168316,ols:dm_only
2002-12,0.004509264043611781,0.00317225104316126,0.668506500225261,ols:dm_only
2003-01,0.002952603045958151,0.001609579278275567,0.671511883841292,ols:dm_only
2003-02,0.0005768245828250641,-0.0004511018808543421,0.5139632318397032,ols:dm_only
2003-03,0.010760874877120678,0.009675407232709748,0.5427338222054648,ols:dm_only
2003-04,-0.005234517140484492,-0.0059755980172890195,0.3705404384022635,ols:dm_only
2003-05,0.0038411805405568398,0.002548884472089344,0.6461480342337479,ols:dm_only
2003-06,0.005022690161543225,0.003763734136557717,0.629478012492754,ols:dm_only
2003-07,0.007223790471708344,0.0061092689762661245,0.5572607477211098,ols:dm_only
2003-08,0.005081391767148584,0.003909312521440595,0.5860396228539945,ols:dm_only
2003-09,-0.0032937239519810007,-0.004573851349604951,0.6400636988119749,ols:dm_only
2003-10,0.01277468658261634,0.011560246536172061,0.6072200232221395,ols:dm_only
2003-11,0.0018620656674867735,0.000746522030740561,0.5577718183731062,ols:dm_only
2003-12,0.0009549244189863995,-0.00026764680401999215,0.6112856115031957,ols:dm_only
2004-01,-0.010129210672945844,-0.011369929426417395,0.6203593767357747,ols:dm_only
2004-02,0.002402998510577343,0.0009623577196866176,0.7203203954453625,ols:dm_only
2004-03,0.0022110021166149144,0.0009820312126931575,0.6144854519608784,ols:dm_only
2004-04,0.0005065773155796794,-0.000660299688172114,0.5834385018758967,ols:dm_only
2004-05,-0.006124733911921547,-0.007295295773081703,0.5852809305800779,ols:dm_only
2004-06,0.004314696072338177,0.003102388844934542,0.6061536137018178,ols:dm_only
2004-07,0.005996894586863137,0.0049172817466487375,0.5398064201071999,ols:dm_only
2004-08,0.004252805242643456,0.003275908570496938,0.4884483360732587,ols:dm_only
2004-09,0.00456188733889386,0.0035088965415748657,0.5264953986594971,ols:dm_only
2004-10,0.012909548133974658,0.011865806211581509,0.5218709611965746,ols:dm_only
2004-11,0.004647070694859511,0.003722080961727125,0.46249486656619276,ols:dm_only
2004-12,0.008891951325313303,0.007721676307577566,0.5851375088678682,ols:dm_only
2005-01,-0.0023167577526495226,-0.0035425924109146563,0.6129173291325667,ols:dm_only
2005-02,0.004057756215914671,0.0028870619020108877,0.5853471569518914,ols:dm_only
2005-03,0.008757287402496794,0.007568443525992038,0.5944219382523779,ols:dm_only
2005-04,0.013810214791632656,0.01264692960109204,0.5816425952703077,ols:dm_only
2005-05,-0.015459649071917221,-0.016440523879855635,0.490437403969207,ols:dm_only
2005-06,0.004109393267581947,0.0026930370693242583,0.7081780991288443,ols:dm_only
2005-07,0.0025467876827190406,0.0013863262841060393,0.5802306993065008,ols:dm_only
2005-08,-0.00026290283255334774,-0.0014225960072308775,0.5798465873387648,ols:dm_only
2005-09,0.004027704229361729,0.002704925006375634,0.6613896114930479,ols:dm_only
2005-10,0.0008891024484443625,-0.0002849320417529275,0.5870172450986448,ols:dm_only
2005-11,-0.003743594096735089,-0.004898947245486589,0.5776765743757506,ols:dm_only
2005-12,-0.0011706764188579618,-0.002373802847584019,0.6015632143630285,ols:dm_only
2006-01,0.0025966135131625114,0.0013213460977538939,0.6376337077043087,ols:dm_only
2006-02,0.004095647838494815,0.0024960463509051817,0.7998007437948167,ols:dm_only
2006-03,-0.008359890405106103,-0.009785439710323493,0.7127746526086945,ols:dm_only
2006-04,0.008252050334009406,0.006844091577858778,0.7039793780753132,ols:dm_only
2006-05,0.0005378819665677306,-0.0008220281415088788,0.6799550540383048,ols:dm_only
2006-06,0.013565458395023553,0.012284955601094332,0.6402513969646105,ols:dm_only
2006-07,-0.005897825031607993,-0.007151686032745557,0.6269305005687822,ols:dm_only
2006-08,-0.007400985851341087,-0.008874363566018523,0.7366888573387185,ols:dm_only
2006-09,0.0023184421979424706,0.0008541761765243017,0.7321330107090843,ols:dm_only
2006-10,-0.0022410833086503965,-0.0035264523412466852,0.6426845162981443,ols:dm_only
2006-11,0.010970361780596459,0.009642895736084563,0.6637330222559481,ols:dm_only
2006-12,0.002416004768050245,0.0012152511646685764,0.6003768016908344,ols:dm_only
2007-01,0.0065786589462756544,0.005241721009121197,0.668468968577229,ols:dm_only
2007-02,0.0019902363664852977,0.0006579441903105275,0.6661460880873848,ols:dm_only
2007-03,0.005875791668991395,0.004627026473943778,0.624382597523809,ols:dm_only
2007-04,0.00623407688293658,0.00499242774384112,0.6208245695477304,ols:dm_only
2007-05,0.0010315386765238697,-0.000247428918496887,0.6394837975103785,ols:dm_only
2007-06,-0.002475780646939231,-0.00390693591332374,0.7155776331922543,ols:dm_only
2007-07,0.00027138719794828813,-0.0013426935899916908,0.8070403939699893,ols:dm_only
2007-08,0.0017902893055027518,0.00028261037257101053,0.7538394664658709,ols:dm_only
2007-09,0.003006101007492977,0.0015145782322235788,0.7457613876346989,ols:dm_only
2007-10,0.01213305971812552,0.010755906981574113,0.6885763682757035,ols:dm_only
2007-11,0.0031953130907203245,0.0018179481135409611,0.6886824885896818,ols:dm_only
2007-12,0.004934611254083322,0.0033515495614639414,0.7915308463096903,ols:dm_only
2008-01,0.0024638987970659145,0.001164975355531686,0.6494617207671143,ols:dm_only
2008-02,-0.0011755778786412016,-0.002746413061329283,0.7854175913440409,ols:dm_only
2008-03,0.005031107751890028,0.0035027348748784583,0.7641864385057847,ols:dm_only
2008-04,0.0021359577422913664,0.0006666856464858457,0.7346360479027602,ols:dm_only
2008-05,-0.003507159863602814,-0.005051213824387318,0.7720269803922518,ols:dm_only
2008-06,0.010451470277327199,0.008987072284923455,0.732198996201872,ols:dm_only
2008-07,-0.005740431356709341,-0.0069746575401142255,0.6171130917024427,ols:dm_only
2008-08,0.009814950299064686,0.008230642914030306,0.7921536925171893,ols:dm_only
2008-09,0.014525902604446039,0.013298651876729546,0.6136253638582455,ols:dm_only
2008-10,0.03477416564175723,0.033615797758828926,0.5791839414641552,ols:dm_only
2008-11,0.018975661454470456,0.01783729643565548,0.5691825094074889,ols:dm_only
2008-12,-0.005016514311118218,-0.006286350523493259,0.6349181061875208,ols:dm_only
2009-01,0.0005683347368860896,-0.0009367709635029746,0.7525528501945321,ols:dm_only
2009-02,0.006422610021033212,0.004842700932453105,0.7899545442900539,ols:dm_only
2009-03,-0.010748780847250039,-0.012028098396258709,0.6396587745043353,ols:dm_only
2009-04,-0.014165859199274168,-0.015804357911951478,0.8192493563386538,ols:dm_only
2009-05,0.012576937047490121,0.01067974973970852,0.9485936538908001,ols:dm_only
2009-06,-0.0037977236978749634,-0.005546576035793797,0.8744261689594169,ols:dm_only
2009-07,0.004504263917941246,0.0026031573210332807,0.9505532984539833,ols:dm_only
2009-08,0.0014294676680121966,-9.354113547206879e-06,0.7194108907797018,ols:dm_only
2009-09,0.005631863088382681,0.004169622615005317,0.7311202366886819,ols:dm_only
2009-10,0.0013072329411593136,-1.479649923627724e-05,0.6610147201977953,ols:dm_only
2009-11,0.00208392099346234,0.0006808745730781397,0.7015232101921002,ols:dm_only
2009-12,-0.0017276324998109769,-0.003046149161020457,0.6592583306047399,ols:dm_only
2010-01,-0.0013662359025932622,-0.0028738159295388756,0.7537900134728063,ols:dm_only
2010-02,-0.002281644680370747,-0.003905836054624082,0.8120956871266675,ols:dm_only
2010-03,-0.0029199138367537385,-0.004609146359868435,0.8446162615573484,ols:dm_only
2010-04,0.005535089503801867,0.00398201482052593,0.7765373416379684,ols:dm_only
2010-05,0.004777352514984498,0.003327794238479416,0.724779138252541,ols:dm_only
2010-06,0.008623390055661699,0.007274761601523067,0.6743142270693165,ols:dm_only
2010-07,-0.0012075799377369051,-0.0023961254291343078,0.5942727456987013,ols:dm_only
2010-08,0.0038713610913130815,0.0023863364305625637,0.7425123303752589,ols:dm_only
2010-09,0.0015414415914481933,8.836490837117474e-05,0.726538341538509,ols:dm_only
2010-10,0.006033666910896954,0.004519179418903819,0.7572437459965684,ols:dm_only
2010-11,0.008864597843686105,0.007446373158208094,0.7091123427390049,ols:dm_only
2010-12,0.006252586001686894,0.0048497205134395305,0.7014327441236813,ols:dm_only
2011-01,0.006249321335694613,0.0048828412782921105,0.683240028701251,ols:dm_only
2011-02,-0.001583303038986164,-0.003079536846482209,0.7481169037480226,ols:dm_only
2011-03,-0.0001693702053223533,-0.001627833662090498,0.7292317283840724,ols:dm_only
2011-04,0.008410548685458383,0.006981215323288838,0.7146666810847718,ols:dm_only
2011-05,0.004841202438376086,0.003575913686208112,0.6326443760839867,ols:dm_only
2011-06,0.005103238831395217,0.003831340736389028,0.6359490475030944,ols:dm_only
2011-07,0.006865240704862002,0.005706290948970896,0.579474877945553,ols:dm_only
2011-08,0.010249911163260728,0.009136536835561669,0.5566871638495291,ols:dm_only
2011-09,0.01254281096613175,0.011395745161167328,0.5735329024822119,ols:dm_only
2011-10,-0.008074470379363895,-0.009328336070394867,0.6269328455154864,ols:dm_only
2011-11,0.00261321438568834,0.0009758843279842677,0.8186650288520364,ols:dm_only
2011-12,0.004527056089150461,0.002966572930825202,0.7802415791626296,ols:dm_only
2012-01,-0.019881192729075087,-0.020931990618688882,0.5253989448068958,ols:dm_only
2012-02,-0.0015584753008569068,-0.003070383046127569,0.7559538726353318,ols:dm_only
2012-03,0.007682102568524614,0.0062573210608968454,0.7123907538138843,ols:dm_only
2012-04,0.006035557547685837,0.004792286857119495,0.621635345283171,ols:dm_only
2012-05,0.010936986433064422,0.009818354366920702,0.5593160330718605,ols:dm_only
2012-06,0.005700530604476771,0.0046024660824216315,0.54903226102757,ols:dm_only
2012-07,0.007359994848560712,0.006220454192898378,0.5697703278311668,ols:dm_only
2012-08,0.0053418454580680275,0.004230842005471761,0.5555017262981332,ols:dm_only
2012-09,-0.001498737664830974,-0.0025781025766237293,0.5396824558963778,ols:dm_only
2012-10,0.0031183811481266276,0.0018619160449754664,0.6282325515755807,ols:dm_only
2012-11,0.008439763482580201,0.007234252578209141,0.6027554521855298,ols:dm_only
2012-12,-0.0032185378894379955,-0.0043128303438770945,0.5471462272195493,ols:dm_only
2013-01,0.003648571615843175,0.0023324278400940527,0.6580718878745613,ols:dm_only
2013-02,0.004288626903777956,0.003008699707549244,0.6399635981143559,ols:dm_only
2013-03,0.010328520922992527,0.009185098087021611,0.5717114179854579,ols:dm_only
2013-04,0.010482075808789794,0.009519026435867292,0.4815246864612503,ols:dm_only
2013-05,0.0037311988599982174,0.0027018034387853813,0.5146977106064179,ols:dm_only
2013-06,0.004155268966352592,0.0028320889254704615,0.6615900204410653,ols:dm_only
2013-07,0.009592642350393914,0.008289976519347996,0.6513329155229584,ols:dm_only
2013-08,-0.0011245448891623563,-0.0024369416069817493,0.6561983589096966,ols:dm_only
2013-09,-0.005107166266528811,-0.006551235942335409,0.7220348379032993,ols:dm_only
2013-10,-0.0010761428670370502,-0.002421961866411021,0.6729094996869851,ols:dm_only
2013-11,-0.0002543165515420935,-0.0014874008825571938,0.6165421655075501,ols:dm_only
2013-12,0.004171145241261468,0.0030459401239082387,0.5626025586766146,ols:dm_only
2014-01,0.0011175779765552315,0.00012313143181112674,0.4972232723720523,ols:dm_only
2014-02,0.004782547040081444,0.0035884256125898154,0.5970607137458146,ols:dm_only
2014-03,0.0009693433644528297,-0.0002012081641889131,0.5852757643208714,ols:dm_only
2014-04,0.001603459147723571,0.00035091539467186505,0.6262718765258529,ols:dm_only
2014-05,-0.0004640470235408687,-0.001692847921674915,0.6144004490670231,ols:dm_only
2014-06,0.0035922298101685886,0.002327300959128049,0.6324644255202696,ols:dm_only
2014-07,0.0008556702640501197,-0.0003609529889725249,0.6083116265113221,ols:dm_only
2014-08,0.0035245259256636657,0.0023287511189180594,0.5978874033728029,ols:dm_only
2014-09,-0.0017604494254813705,-0.002897723119295331,0.5686368469069802,ols:dm_only
2014-10,0.003312735808596709,0.0021811565514638937,0.5657896285664075,ols:dm_only
2014-11,0.008674641044356049,0.007537046989098872,0.5687970276285882,ols:dm_only
2014-12,0.013642193614004554,0.012586845423104814,0.52767409544987,ols:dm_only
2015-01,0.005564528757940098,0.004538469179316243,0.5130297893119274,ols:dm_only
2015-02,-0.0003241687203072319,-0.0015348109888082577,0.6053211342505129,ols:dm_only
2015-03,0.0037732755769865024,0.002488678186217965,0.6422986953842688,ols:dm_only
2015-04,-0.01095888490858961,-0.01220210562402174,0.6216103577160639,ols:dm_only
2015-05,-0.00011448057972657527,-0.001672310980846811,0.7789152005601181,ols:dm_only
2015-06,0.0028734802863519,0.001395595271024322,0.7389425076637891,ols:dm_only
2015-07,0.008579301316087654,0.007485850212190649,0.5467255519485021,ols:dm_only
2015-08,0.008237300113366082,0.007130115357563189,0.5535923779014459,ols:dm_only
2015-09,0.0037669174777777183,0.002634337724431981,0.5662898766728682,ols:dm_only
2015-10,-0.004881200950548753,-0.006073814285318731,0.5963066673849889,ols:dm_only
2015-11,0.0026699413625823286,0.0013376631582153176,0.6661391021835055,ols:dm_only
2015-12,-0.0007516149346750948,-0.002057792096188273,0.6530885807565892,ols:dm_only
2016-01,0.002051633490655227,0.0007695922518579374,0.6410206193986447,ols:dm_only
2016-02,-0.0003796837113591895,-0.0016672372680052335,0.6437767783230218,ols:dm_only
2016-03,-0.005150911228902281,-0.006524890903934422,0.686989837516071,ols:dm_only
2016-04,0.0036073314335166888,0.0021526462104007604,0.7273426115579642,ols:dm_only
2016-05,0.0012476162526463878,-0.00010238697638934663,0.6750016145178671,ols:dm_only
2016-06,-0.0017586033267374798,-0.0030772103849244304,0.6593035290934756,ols:dm_only
2016-07,-0.0007704861856902565,-0.0019452927420862578,0.5874032781980008,ols:dm_only
2016-08,0.0057607115661316936,0.004453853085652343,0.6534292402396754,ols:dm_only
2016-09,0.0062992684954624395,0.005141314377457405,0.5789770590025175,ols:dm_only
2016-10,0.0015763108126933716,0.0006548847632318221,0.4607130247307747,ols:dm_only
2016-11,-0.0022508738863311344,-0.0033783282188525614,0.5637271662607136,ols:dm_only
2016-12,0.0008802356068179897,-0.00043773001322096436,0.658982810019477,ols:dm_only
2017-01,0.0026884968485390145,0.0014642264971122707,0.6121351757133717,ols:dm_only
2017-02,-0.00023381100604762277,-0.0015135977218490267,0.639893357900702,ols:dm_only
2017-03,0.0024140363690034992,0.0012085684807821846,0.6027339441106573,ols:dm_only
2017-04,-0.000272873750907699,-0.0014615154009136328,0.5943208250029668,ols:dm_only
2017-05,0.005080939624733156,0.0039466091939639476,0.5671652153846045,ols:dm_only
2017-06,0.0006685544131413477,-0.0005791141951279727,0.6238343041346601,ols:dm_only
2017-07,0.002095381133272091,0.0009425847972921367,0.5763981679899771,ols:dm_only
2017-08,0.003923515448806062,0.002692884107110192,0.6153156708479349,ols:dm_only
2017-09,0.0006857835863902283,-0.0003738588168917551,0.5298212016409918,ols:dm_only
2017-10,0.0042180771333602,0.0031410755108949306,0.5385008112326352,ols:dm_only
2017-11,0.0026211708523034513,0.0014080519926853484,0.6065594298090514,ols:dm_only
2017-12,0.0035296963612883618,0.0022489129461879974,0.6403917075501824,ols:dm_only
2018-01,0.004203291665243184,0.002905515025196803,0.6488883200231902,ols:dm_only
2018-02,0.002656179479553057,0.0012592197137080915,0.6984798829224826,ols:dm_only
2018-03,0.004202984104583537,0.0029531229500246764,0.62493057727943,ols:dm_only
2018-04,0.0008977429687910197,-0.00023466355868099166,0.5662032637360054,ols:dm_only
2018-05,0.0031295319968822396,0.0018172114096614096,0.6561602936104151,ols:dm_only
2018-06,0.002812642837533456,0.0014895166858185352,0.6615630758574602,ols:dm_only
2018-07,0.00299705603410253,0.0018084962101594221,0.5942799119715538,ols:dm_only
2018-08,0.004633603238180962,0.0034362197743171147,0.5986917319319232,ols:dm_only
2018-09,0.013720531064698005,0.012539019061311702,0.5907560016931513,ols:dm_only
2018-10,0.004193146544282393,0.003101176184596885,0.5459851798427541,ols:dm_only
2018-11,-0.0040947201158723695,-0.005266246816621784,0.5857633503747068,ols:dm_only
2018-12,0.005106911069318087,0.003635381122639064,0.7357649733395116,ols:dm_only
2019-01,-0.002009146636803017,-0.0032127405004128166,0.6017969318049,ols:dm_only
2019-02,-0.005474124713914602,-0.006839977882451404,0.6829265842684007,ols:dm_only
2019-03,0.005332429485053129,0.003998770177072441,0.6668296539903438,ols:dm_only
2019-04,0.0019407259392111055,0.0008657453685863687,0.5374902853123684,ols:dm_only
2019-05,0.002596454854074601,0.0014530498341627967,0.5717025099559024,ols:dm_only
2019-06,0.0026781095264380344,0.0014109480754826364,0.6335807254776991,ols:dm_only
2019-07,0.005599539863406744,0.004409118516661074,0.5952106733728353,ols:dm_only
2019-08,0.0036801511488025154,0.0026185808609991024,0.5307851439017062,ols:dm_only
2019-09,-0.002533158525595461,-0.0036827747743033265,0.5748081243539326,ols:dm_only
2019-10,0.002097854280765697,0.0008035507235108955,0.6471517786274007,ols:dm_only
2019-11,0.0014467265511894747,0.0002884462286325977,0.5791401612784385,ols:dm_only
2019-12,0.005385126775432554,0.004155128724301836,0.6149990255653589,ols:dm_only
2020-01,0.005499506201682003,0.0044615078523782955,0.518999174651854,ols:dm_only
2020-02,0.010074126329757778,0.008951580123623064,0.561273103067357,ols:dm_only
2020-03,0.01766811110366517,0.01660021439972429,0.5339483519704384,ols:dm_only
2020-04,-0.018829069523636135,-0.02032827177710933,0.7496011267365975,ols:dm_only
2020-05,-0.0010410308683268406,-0.0031147916402737073,1.0368803859734332,ols:dm_only
2020-06,-0.00394243973908094,-0.005618148496097413,0.8378543785082365,ols:dm_only
2020-07,0.00549895813884014,0.003931628444900562,0.7836648469697886,ols:dm_only
2020-08,0.001291820725056582,-0.0001963208676249378,0.74407079634076,ols:dm_only
2020-09,-0.004924758227107073,-0.006413434978872446,0.7443383758826863,ols:dm_only
2020-10,0.0020912148549398313,0.0005517456181242362,0.7697346184077974,ols:dm_only
2020-11,-0.02580936039697637,-0.027126167476411868,0.6584035397177512,ols:dm_only
2020-12,0.0024478170402870256,0.0004146619711810531,1.0165775345529864,ols:dm_only
2021-01,0.0019413855547985707,0.0001584760210433475,0.8914547668776115,ols:dm_only
2021-02,0.0007106445221794332,-0.0008055170110579452,0.7580807666186892,ols:dm_only
2021-03,0.007593357673547184,0.006016368808759709,0.788494432393738,ols:dm_only
2021-04,0.0058347764802736905,0.004488611858393831,0.6730823109399293,ols:dm_only
2021-05,0.002907953919064794,0.0014380114503789315,0.7349712343429311,ols:dm_only
2021-06,-0.0034194026512436746,-0.00483781305128876,0.7092052000225432,ols:dm_only
2021-07,0.0049800271484202125,0.003630763616055592,0.6746317661823101,ols:dm_only
2021-08,-0.0022974752055660752,-0.003567599040444623,0.6350619174392734,ols:dm_only
2021-09,0.007654345980547452,0.006254752211960795,0.6997968842933284,ols:dm_only
2021-10,0.002211583164796049,0.0009342808041824719,0.6386511803067884,ols:dm_only
2021-11,0.004701764190179875,0.0034454224759967417,0.628170857091567,ols:dm_only
2021-12,0.008078911348153906,0.0066358581061528666,0.7215266210005203,ols:dm_only
2022-01,0.011384382266311532,0.010236390624556556,0.5739958208774882,ols:dm_only
2022-02,0.008128649535014791,0.007072576570375688,0.5280364823195517,ols:dm_only
2022-03,0.008982285740872991,0.007834673829570067,0.5738059556514616,ols:dm_only
2022-04,0.01092757869813829,0.009871641175944357,0.5279687610969666,ols:dm_only
2022-05,0.003779026434246585,0.0027247189681081615,0.5271537330692114,ols:dm_only
2022-06,0.001971353738267109,0.0008183268947091059,0.5765134217790016,ols:dm_only
2022-07,-0.0056928292915250645,-0.006863845263257959,0.5855079858664483,ols:dm_only
2022-08,-0.0014699360070504176,-0.0027201693811504074,0.6251166870499948,ols:dm_only
2022-09,0.006374333866380971,0.005233455607780904,0.5704391293000329,ols:dm_only
2022-10,0.005597577297852364,0.0044838700483212654,0.5568536247655492,ols:dm_only
2022-11,-0.00658455866117085,-0.007771878385300748,0.5936598620649494,ols:dm_only
2022-12,0.005374440986869942,0.004036367160650447,0.6690369131097477,ols:dm_only
2023-01,0.0006110496633629358,-0.0005512177270348102,0.581133695198873,ols:dm_only
2023-02,0.00818884138151452,0.007049856854795358,0.5694922633595811,ols:dm_only
2023-03,0.0028610624976166733,0.0019169821157202025,0.472040190948235,ols:dm_only
2023-04,-0.00030172125339239265,-0.0013962757877045101,0.5472772671560588,ols:dm_only
2023-05,-0.0018122216961010261,-0.0028326933603620773,0.5102358321305256,ols:dm_only
2023-06,0.0015561226983976564,0.0004556745492440839,0.5502240745767861,ols:dm_only
2023-07,0.005135157620081301,0.003976152301319673,0.5795026593808139,ols:dm_only
2023-08,0.00224562835226593,0.0011037417766122568,0.5709432878268367,ols:dm_only
2023-09,0.010823490735382874,0.009717051419811544,0.5532196577856653,ols:dm_only
2023-10,0.008866039954788964,0.007952845251492317,0.4565973516483244,ols:dm_only
2023-11,-0.009892336047825604,-0.010872531807892405,0.49009788003340093,ols:dm_only
2023-12,0.0035610215515895025,0.002296199354392258,0.6324110985986221,ols:dm_only
2024-01,0.009383589506572983,0.008239239739305125,0.5721748836339301,ols:dm_only
2024-02,0.00014389827502545073,-0.0009990234486865414,0.5714608618559961,ols:dm_only
2024-03,0.003416564021603183,0.0022219428088137813,0.5973106063947008,ols:dm_only
2024-04,-0.00034620769358344547,-0.0015038882489131393,0.5788402776648469,ols:dm_only
2024-05,0.002489132102069286,0.0013345017694734417,0.5773151662979221,ols:dm_only
2024-06,-0.0003933092650850427,-0.0014975248663734208,0.5521078006441891,ols:dm_only
2024-07,0.00015335070281442722,-0.0009449291000361741,0.5491399014253004,ols:dm_only
2024-08,0.0033995039890510723,0.002292191210334953,0.5536563893580598,ols:dm_only
2024-09,0.00014437427107777124,-0.0009322923361910595,0.5383333036344154,ols:dm_only
2024-10,0.004607317939091631,0.0034595861111384697,0.5738659139765813,ols:dm_only
2024-11,0.00980286787247265,0.008652753664511974,0.5750571039803378,ols:dm_only
2024-12,0.0023736068160044228,0.001250625365280872,0.5614907253617756,ols:dm_only
2025-01,0.0015807991292942462,0.0006196700622953258,0.4805645334994601,ols:dm_only
2025-02,0.004586886580989681,0.0034674051644330707,0.5597407082783054,ols:dm_only
2025-03,0.005799744423197853,0.0047575635890955556,0.521090417051149,ols:dm_only
2025-04,-0.002810913378829695,-0.0038404031905812947,0.5147449058758002,ols:dm_only
2025-05,-0.0009891765647461843,-0.0021352379584875718,0.5730306968706937,ols:dm_only
2025-06,1.4268858147294984e-05,-0.0011193239053933811,0.5667963817703382,ols:dm_only
2025-07,0.0006557528787085175,-0.00035379830054289076,0.504775589625704,ols:dm_only
2025-08,0.003036496646498323,0.0019024449341252852,0.5670258561865187,ols:dm_only
2025-09,0.0035438832437596534,0.0023537020721125803,0.5950905858235367,ols:dm_only
2025-10,0.009105178579273595,0.00792949361032072,0.5878424844764376,ols:dm_only
2025-11,0.001492738051291056,0.0002540712241375587,0.6193334135767485,ols:dm_only
2025-12,0.01036001934808083,0.009152302730926607,0.603858308577112,ols:dm_only
2000-01,-8.23930322499069e-05,-8.23930322499069e-05,0.0,ols:own
2000-02,-0.00388654544754039,-0.006484548309659262,1.299001431059436,ols:own
2000-03,-0.004607147321991814,-0.006853877811685769,1.1233652448469778,ols:own
2000-04,0.008474070995959001,0.005880975505709169,1.2965477451249154,ols:own
2000-05,0.005699992173093665,0.0036426020609768147,1.0286950560584245,ols:own
2000-06,-0.009724099004429219,-0.012079723535464298,1.1778122655175385,ols:own
2000-07,-0.0008947216742387565,-0.0032495573654941164,1.17741784562768,ols:own
2000-08,-0.007404896302561368,-0.009579655578188058,1.087379637813345,ols:own
2000-09,-0.0023802137210263696,-0.004719834620731186,1.169810449852408,ols:own
2000-10,0.006103303321106556,0.0039861445400244675,1.0585793905410439,ols:own
2000-11,0.008775859828558337,0.006821043099778383,0.9774083643899772,ols:own
2000-12,-0.00660707319914903,-0.008894073220894002,1.143500010872486,ols:own
2001-01,-0.021787292984490676,-0.023910879008799638,1.0617930121544812,ols:own
2001-02,0.001861034486983485,-0.00021644177857634743,1.0387381327799161,ols:own
2001-03,0.02688835815363113,0.024810873243459573,1.038742455085779,ols:own
2001-04,0.005995186960229311,0.004583690294333476,0.7057483329479176,ols:own
2001-05,0.011338980515998815,0.009326552253558355,1.0062141312202295,ols:own
2001-06,-0.00286031306473391,-0.004441372245917455,0.7905295905917725,ols:own
2001-07,0.016494605596166754,0.014654815076276698,0.9198952599450271,ols:own
2001-08,-0.0035851732437177206,-0.005083670689108722,0.7492487226955007,ols:own
2001-09,0.0057414913914180556,0.003994053218764481,0.8737190863267875,ols:own
2001-10,-0.004611860710360771,-0.006487242501726678,0.9376908956829529,ols:own
2001-11,0.012278283184186481,0.010256227317811267,1.011027933187608,ols:own
2001-12,0.013587792492260897,0.01178431212482988,0.9017401837155078,ols:own
2002-01,-9.914618215875985e-05,-0.0020940312775193713,0.9974425476803057,ols:own
2002-02,0.007268745956573304,0.00580200138458751,0.733372285992898,ols:own
2002-03,0.009430067550813577,0.007946000348385303,0.7420336012141378,ols:own
2002-04,0.005824257423345259,0.004580281006297501,0.6219882085238786,ols:own
2002-05,0.0026493467938669855,0.001215037327775805,0.7171547330455905,ols:own
2002-06,0.004527467974821272,0.003119465375557884,0.7040012996316939,ols:own
2002-07,-0.0006463128169200637,-0.0020318444258448647,0.6927658044624005,ols:own
2002-08,0.005513102715136659,0.004197468394609659,0.6578171602634993,ols:own
2002-09,0.00532548645621088,0.004029032047259178,0.6482272044758507,ols:own
2002-10,0.0024265772130040984,0.0011544872788077222,0.6360449670981883,ols:own
2002-11,0.0039614227078983945,0.0024028918049842224,0.7792654514570858,ols:own
2002-12,0.004765951716416162,0.0034460009364508724,0.6599753899826446,ols:own
2003-01,0.0021987308279389317,0.000925797028796278,0.636466899571327,ols:own
2003-02,0.0024559125100913556,0.0013474187401389156,0.5542468849762199,ols:own
2003-03,0.007535691141902136,0.006331197562262051,0.6022467898200419,ols:own
2003-04,-0.00699066647476413,-0.007813892194816579,0.4116128600262243,ols:own
2003-05,0.004855333730930035,0.003622976075483446,0.6161788277232946,ols:own
2003-06,0.004820750050713131,0.003443681521371905,0.6885342646706132,ols:own
2003-07,0.002917762677961232,0.0018508080883181414,0.5334772948215452,ols:own
2003-08,0.004066617979524113,0.0028349674048752907,0.6158252873244106,ols:own
2003-09,0.0002942100307410267,-0.0009163324672970464,0.6052712490190364,ols:own
2003-10,0.011888787090270834,0.010759600259372037,0.5645934154493986,ols:own
2003-11,0.002885356657173999,0.0019152215154581006,0.48506757085794944,ols:own
2003-12,-0.0010245051457524565,-0.0021270877126907855,0.5512912834691647,ols:own
2004-01,-0.004658702155899194,-0.005727072221781664,0.5341850329412346,ols:own
2004-02,3.181378594998489e-05,-0.0012003618783190772,0.6160878321345309,ols:own
2004-03,0.0024436704981178814,0.0014025844576550251,0.5205430202314281,ols:own
2004-04,0.00037857935599303343,-0.0006122923865672408,0.49543587128013716,ols:own
2004-05,-0.005029153422353593,-0.006041911192091312,0.5063788848688598,ols:own
2004-06,0.006830181026884592,0.005758751320103557,0.5357148533905174,ols:own
2004-07,0.006481249644582474,0.0056135684027971795,0.4338406208926475,ols:own
2004-08,0.00658606120704413,0.0057376536339285465,0.42420378655779156,ols:own
2004-09,0.003843729390827377,0.0029475297161865466,0.4480998373204152,ols:own
2004-10,0.011227949799315906,0.010285548686962288,0.47120055617680884,ols:own
2004-11,0.005676006786104757,0.004887620501363784,0.39419314237048636,ols:own
2004-12,0.008898378979898487,0.007862413238567567,0.5179828706654602,ols:own
2005-01,-0.002018857421137838,-0.003135973470850379,0.5585580248562705,ols:own
2005-02,0.009339845826794521,0.008322351601547174,0.508747112623673,ols:own
2005-03,0.008442148739174007,0.007484843829011549,0.47865245508122883,ols:own
2005-04,0.012178483786373274,0.011197043139070629,0.49072032365132295,ols:own
2005-05,-0.012335721792871986,-0.013234320976162148,0.44929959164508043,ols:own
2005-06,0.0038087452699687094,0.002611499910804222,0.5986226795822435,ols:own
2005-07,0.007579188629372429,0.0065083243753628105,0.5354321270048092,ols:own
2005-08,-0.00452418025544691,-0.0054857135145133,0.4807666295331945,ols:own
2005-09,0.00156472580519522,0.00034337618103948944,0.6106748120778652,ols:own
2005-10,0.00120404567942743,0.00018723822539314474,0.5084037270171426,ols:own
2005-11,-0.002750880848109297,-0.0037530118186464307,0.5010654852685665,ols:own
2005-12,-0.0015661173453314088,-0.002567283534324408,0.5005830944964996,ols:own
2006-01,0.012935952124080134,0.01193229281185672,0.501829656111707,ols:own
2006-02,0.0028368258661691493,0.0016207956893685654,0.6080150884002917,ols:own
2006-03,-0.008043464118209397,-0.00924862118891919,0.6025785353548954,ols:own
2006-04,0.0067889389661462156,0.005665488225567547,0.5617253702893341,ols:own
2006-05,0.002383648576519343,0.001138807263219783,0.6224206566497799,ols:own
2006-06,0.01956427950415485,0.018480860283255112,0.5417096104498696,ols:own
2006-07,-0.001743710901562039,-0.0027802101822872196,0.51824964036259,ols:own
2006-08,-0.005497450228546447,-0.006791240117375822,0.6468949444146876,ols:own
2006-09,0.0016493399647063648,0.000539748568491464,0.5547956981074504,ols:own
2006-10,-0.003150756301302838,-0.004186286552778773,0.517765125737968,ols:own
2006-11,0.009766251307562172,0.008713715603689104,0.5262678519365334,ols:own
2006-12,0.0026893669843899236,0.0017604330760418478,0.46446695417403805,ols:own
2007-01,0.006816659968974237,0.005669141673237061,0.5737591478685878,ols:own
2007-02,0.0026633048360761827,0.0014481475204359228,0.60757865782013,ols:own
2007-03,0.006898276642675822,0.005749659856202268,0.5743083932367772,ols:own
2007-04,0.0027689105135393624,0.0015683777343305349,0.6002663896044138,ols:own
2007-05,2.2367034408181814e-05,-0.0011186525156380103,0.5705097750230961,ols:own
2007-06,0.00024411589254093557,-0.0009692639561371056,0.6066899243390208,ols:own
2007-07,0.00017230856760041118,-0.0012498980581339806,0.7111033128671957,ols:own
2007-08,0.0024444961112838094,0.0011871513708713508,0.6286723702062291,ols:own
2007-09,0.0011698236017314016,-0.00018477030992830807,0.6772969558298546,ols:own
2007-10,0.008242112489928927,0.00699041948121497,0.6258465043569782,ols:own
2007-11,0.0005227005588663746,-0.0007135961049124406,0.6181483318894075,ols:own
2007-12,0.0031304372727315338,0.0016391736566881416,0.7456318080216958,ols:own
2008-01,0.00044793906427571047,-0.000848993763902087,0.6484664140888986,ols:own
2008-02,0.001700741391385239,0.00031608998044747324,0.6923257054688827,ols:own
2008-03,0.0008559614151845129,-0.000462015555489674,0.6589884853370934,ols:own
2008-04,0.004030491998298727,0.00275124424629414,0.6396238760022941,ols:own
2008-05,-0.0056636932483346315,-0.007009289700609704,0.6727982261375364,ols:own
2008-06,0.006944746830011425,0.005599083817020665,0.6728315064953803,ols:own
2008-07,-0.0017612706790896097,-0.002869824628091787,0.5542769745010885,ols:own
2008-08,0.008284002733595083,0.00685251867588104,0.7157420288570208,ols:own
2008-09,0.008669904297940916,0.007422605395824241,0.6236494510583379,ols:own
2008-10,0.02535844843705541,0.02423895084735731,0.5597487948490485,ols:own
2008-11,0.01681690798850533,0.0156681522424334,0.5743778730359643,ols:own
2008-12,-0.001986341200033161,-0.0033167734129528796,0.6652161064598593,ols:own
2009-01,0.002063329577056387,0.0007133783039595269,0.6749756365484302,ols:own
2009-02,0.005022764798057356,0.003769582203013,0.6265912975221778,ols:own
2009-03,-0.007093611268059941,-0.008052536674946641,0.4794627034433494,ols:own
2009-04,-0.014764372952708226,-0.016025922660033946,0.6307748536628596,ols:own
2009-05,0.00010207681092746102,-0.0013446629801391772,0.7233698955333195,ols:own
2009-06,-0.0006789109961622518,-0.002153095882229969,0.7370924430338589,ols:own
2009-07,0.0028024905601659435,0.001279846475838041,0.7613220421639514,ols:own
2009-08,0.0007844542821879755,-0.00038419862812436365,0.5843264551561697,ols:own
2009-09,0.004289111999522663,0.003062986487287067,0.6130627561177981,ols:own
2009-10,0.002351099543092226,0.0012668256306179705,0.5421369562371274,ols:own
2009-11,0.0039763853484204885,0.0027755430909629387,0.6004211287287746,ols:own
2009-12,-0.0012717070821429666,-0.002335596556216412,0.5319447370367225,ols:own
2010-01,-0.0007457347328115448,-0.0020425027604369455,0.6483840138126999,ols:own
2010-02,-0.00011641349864726843,-0.001288860927155625,0.5862237142541782,ols:own
2010-03,-0.002087135793506361,-0.0033685044608687802,0.6406843336812097,ols:own
2010-04,0.006381189572401497,0.005268099569821919,0.5565450012897889,ols:own
2010-05,0.005823715343013503,0.004841954003194427,0.4908806699095381,ols:own
2010-06,0.007770862940738985,0.0068494996866492516,0.460681627044867,ols:own
2010-07,0.0022669162712908465,0.0014487034573053596,0.40910640699274353,ols:own
2010-08,0.0033817988877022616,0.0023557191573271253,0.5130398651875683,ols:own
2010-09,0.0025152888990894917,0.0014884238594750111,0.5134325198072403,ols:own
2010-10,0.0041569797095729645,0.003134777941216495,0.5111008841782348,ols:own
2010-11,0.008071402672117202,0.007078191890133445,0.49660539099187845,ols:own
2010-12,0.003923830425867847,0.002958413072038919,0.4827086769144635,ols:own
2011-01,0.006895557283450104,0.005984749143337245,0.45540407005642936,ols:own
2011-02,-2.400025753411693e-05,-0.000979723453287636,0.47786159787675964,ols:own
2011-03,0.0013285032020551452,0.0003757608049271378,0.4763711985640037,ols:own
2011-04,0.007731198646928138,0.006840554105935411,0.44532227049636336,ols:own
2011-05,0.004828419864778904,0.004055528045835688,0.3864459094716082,ols:own
2011-06,0.005115368782401678,0.004335290596978862,0.39003909271140785,ols:own
2011-07,0.006288977024519778,0.005597903725953725,0.3455366492830271,ols:own
2011-08,0.006593053923504004,0.005886405179772188,0.3533243718659077,ols:own
2011-09,0.011415244767900923,0.01067023469668062,0.37250503561015164,ols:own
2011-10,-0.00455660168063475,-0.005350921710863798,0.397160015114524,ols:own
2011-11,0.003866992796918063,0.002845725314325178,0.5106337412964425,ols:own
2011-12,0.0038069677633863104,0.0027825681058818996,0.5121998287522056,ols:own
2012-01,-0.01618776655914482,-0.01685377119705392,0.3330023189545474,ols:own
2012-02,-0.0005693302987157127,-0.0014393864386564846,0.435028069970386,ols:own
2012-03,0.00832958944818598,0.007489597274193364,0.4199960869963076,ols:own
2012-04,0.005281037768155109,0.004557018218430873,0.3620097748621181,ols:own
2012-05,0.008783389539807602,0.00814406703850304,0.3196612506522795,ols:own
2012-06,0.006062478760588584,0.005480364280564821,0.2910572400118812,ols:own
2012-07,0.006642030836280869,0.006039972699173078,0.3010290685538956,ols:own
2012-08,0.005686881023544817,0.00508192503177611,0.30247799588435315,ols:own
2012-09,-0.0014342125445545653,-0.0019993953201236313,0.282591387784533,ols:own
2012-10,0.003654134128313361,0.00299712286344223,0.32850563243556535,ols:own
2012-11,0.007767044340422229,0.0071464229795647136,0.31031068042875803,ols:own
2012-12,-0.0023746070550686657,-0.002926146587931012,0.27576976643117324,ols:own
2013-01,0.0035290683991666396,0.002835922031647583,0.34657318375952856,ols:own
2013-02,0.004887710031782048,0.0041746286773803945,0.3565406772008273,ols:own
2013-03,0.008962340355054062,0.008342497757834818,0.3099212986096215,ols:own
2013-04,0.008787833024677113,0.00825869727863023,0.2645678730234403,ols:own
2013-05,0.0025553730557984,0.0020060809957031427,0.2746460300476287,ols:own
2013-06,0.004910913068670006,0.004204788069318443,0.3530624996757818,ols:own
2013-07,0.010074568662174536,0.009334867583165929,0.369850539504303,ols:own
2013-08,-2.0003921283855717e-05,-0.0007346759814960683,0.35733603010610626,ols:own
2013-09,-0.0037845939973710527,-0.004590846268593559,0.4031261356112529,ols:own
2013-10,-0.002149774092121287,-0.0028596102359732018,0.35491807192595737,ols:own
2013-11,0.0007638466677896816,0.00012709918653872122,0.31837374062548024,ols:own
2013-12,0.0036013125796582317,0.0030225881246770327,0.2893622274905994,ols:own
2014-01,0.0030872088251635292,0.0025817688875912253,0.25271996878615227,ols:own
2014-02,0.004838154182727537,0.004225545085612194,0.3063045485576714,ols:own
2014-03,0.0010661459200133484,0.0004496749899364269,0.30823546503846094,ols:own
2014-04,-0.00042537426264571514,-0.0011062986787366868,0.34046220804548605,ols:own
2014-05,-0.0027343688479978066,-0.0034788245012743325,0.3722278266382632,ols:own
2014-06,0.005365116812570528,0.004621130951527098,0.37199293052171517,ols:own
2014-07,0.002119920640233468,0.001484450466196559,0.3177350870184545,ols:own
2014-08,0.002706475647981185,0.002046068414839076,0.33020361657105457,ols:own
2014-09,-0.0017260732404093787,-0.002339029242028905,0.306478000809763,ols:own
2014-10,0.0033728643223091756,0.002765521419041719,0.30367145163372844,ols:own
2014-11,0.00716757462339801,0.006585100060674535,0.2912372813617376,ols:own
2014-12,0.010837305262000711,0.010280101435472951,0.27860191326388045,ols:own
2015-01,0.005784615441323452,0.005205868545142322,0.2893734480905653,ols:own
2015-02,0.00011498088445456991,-0.0005529234655701113,0.33395217501234054,ols:own
2015-03,0.006227692305056116,0.005546167361198958,0.3407624719285786,ols:own
2015-04,-0.009367172639082821,-0.010068501096150812,0.3506642285339953,ols:own
2015-05,0.0014908438424118978,0.0006783689890432462,0.40623742668432583,ols:own
2015-06,0.0048920315891408765,0.004131703753468805,0.3801639178360359,ols:own
2015-07,0.00883319786631073,0.008259261271866578,0.28696829722207673,ols:own
2015-08,0.007783140293738624,0.007207958050714412,0.2875911215121059,ols:own
2015-09,0.004762211482366405,0.004165593412871983,0.2983090347472109,ols:own
2015-10,-0.004087330916417078,-0.004707188035886219,0.30992855973457034,ols:own
2015-11,0.003168414968791776,0.0025106035457383067,0.32890571152673465,ols:own
2015-12,0.000253256625336315,-0.00041954773967421715,0.33640218250526605,ols:own
2016-01,0.0042586603832406,0.0036704393822490845,0.2941105004957579,ols:own
2016-02,-0.0007455605822629603,-0.0012783722424493313,0.26640583009318547,ols:own
2016-03,-0.009513607550710216,-0.010072467383226133,0.2794299162579592,ols:own
2016-04,0.002553809376078438,0.0019223751145789779,0.3157171307497303,ols:own
2016-05,0.004784877257801401,0.004206292219606723,0.2892925190973391,ols:own
2016-06,-0.0016193277363877102,-0.002141762898982634,0.261217581297462,ols:own
2016-07,0.001625927930396888,0.0011230186252180656,0.25145465258941113,ols:own
2016-08,0.005857843766084745,0.0053085819918127376,0.27463088713600364,ols:own
2016-09,0.006067454191267546,0.0055646265588132566,0.25141381622714487,ols:own
2016-10,0.0023102371388161115,0.0019262617239191918,0.19198770744845983,ols:own
2016-11,-0.0032790974707034657,-0.003767021859964781,0.2439621946306577,ols:own
2016-12,0.0015411597544417717,0.0009750257704312899,0.28306699200524094,ols:own
2017-01,0.004121843457774581,0.0036325428064232362,0.24465032567567235,ols:own
2017-02,-0.0014246395816587762,-0.0019628177879551074,0.2690891031481656,ols:own
2017-03,0.00463245728673205,0.004113593022267777,0.2594321322321368,ols:own
2017-04,-0.0003931675088149914,-0.0008777005839869822,0.24226653758599562,ols:own
2017-05,0.0068412602064650725,0.0063739581748319465,0.23365101581656297,ols:own
2017-06,-0.00014178867093613828,-0.0006466389349181932,0.25242513199102745,ols:own
2017-07,0.0044308474387837775,0.0039669902737773394,0.2319285825032193,ols:own
2017-08,0.003376865777918228,0.0028888172058776024,0.24402428602031254,ols:own
2017-09,0.0016052493000570233,0.0011803318903033052,0.21245870487685914,ols:own
2017-10,0.0034765049081877876,0.003051045012905192,0.21272994764129768,ols:own
2017-11,0.0031457908354488332,0.0026406974133235243,0.2525467110626544,ols:own
2017-12,0.001530646925025147,0.001020773680736556,0.2549366221442955,ols:own
2018-01,0.005666900977085705,0.005124889026007258,0.2710059755392235,ols:own
2018-02,0.00350281739188354,0.002938612764404221,0.2821023137396596,ols:own
2018-03,0.003033477311637017,0.0024881292969708103,0.27267400733310343,ols:own
2018-04,0.002011692933458433,0.0015660919536902593,0.22280048988408716,ols:own
2018-05,0.005298265115506651,0.00476443983507947,0.26691264021359107,ols:own
2018-06,0.0034396017414687428,0.002897888866383706,0.27085643754251854,ols:own
2018-07,0.005070845671436896,0.004590195866028601,0.24032490270414703,ols:own
2018-08,0.0046064733682070255,0.004131086735938636,0.23769331613419453,ols:own
2018-09,0.012986233574470506,0.012495673279259089,0.2452801476057088,ols:own
2018-10,0.0024288003331703364,0.00198512483425791,0.22183774945621346,ols:own
2018-11,-0.0035343294884084327,-0.00402381752157928,0.24474401658542355,ols:own
2018-12,0.0004053142156821321,-0.0001756764072213794,0.2904953114517557,ols:own
2019-01,0.0021016723822947867,0.001604029068865285,0.24882165671475107,ols:own
2019-02,-0.004393922159729622,-0.004944884113908298,0.2754809770893378,ols:own
2019-03,0.004283163301919711,0.0037704197120605135,0.25637179492959866,ols:own
2019-04,0.0021281683918736903,0.001702603447000029,0.21278247243683052,ols:own
2019-05,0.002215757010430873,0.0017394099986417777,0.2381735058945476,ols:own
2019-06,0.004289437030910448,0.0037536411287084318,0.267897951101008,ols:own
2019-07,0.005388512239848053,0.004904220398071337,0.24214592088835768,ols:own
2019-08,0.001610398169418535,0.0011398717924557588,0.23526318848138808,ols:own
2019-09,-0.0014852416092062683,-0.0019693807821780426,0.24206958648588703,ols:own
2019-10,0.0012990159663816634,0.0007666778607236222,0.26616905282902065,ols:own
2019-11,0.0023740609760570333,0.001890317337763372,0.24187181914683062,ols:own
2019-12,0.004520245644233984,0.004002232273437126,0.259006685398429,ols:own
2020-01,0.003489908854974166,0.0030651099999123434,0.2123994275309113,ols:own
2020-02,0.006186976177557896,0.0057092461004334995,0.23886503856219796,ols:own
2020-03,0.010554292680598059,0.0101039300662626,0.22518130716772958,ols:own
2020-04,-0.0114354470689846,-0.012202677488347885,0.383615209681642,ols:own
2020-05,-0.002004567521915346,-0.003022314902241353,0.5088736901630031,ols:own
2020-06,-0.0063406188157171086,-0.007102692938174161,0.38103706122852615,ols:own
2020-07,0.00513190838840186,0.004459820591374145,0.33604389851385813,ols:own
2020-08,-0.0015890156638535197,-0.002281617049100073,0.3463006926232767,ols:own
2020-09,-0.003016453077318838,-0.0036806939392924095,0.3321204309867856,ols:own
2020-10,0.0044242504256799264,0.0037732316487505547,0.3255093884646859,ols:own
2020-11,-0.024007360366411046,-0.024573838360362924,0.283238996975938,ols:own
2020-12,-0.002842138902319465,-0.003745029714028007,0.4514454058542705,ols:own
2021-01,0.004086832721321824,0.0033000748547069663,0.3933789333074285,ols:own
2021-02,0.0004098682517101992,-0.00024602496047146567,0.32794660609083254,ols:own
2021-03,0.005460160964906629,0.00477648277743735,0.34183909373463917,ols:own
2021-04,0.005150294558316569,0.0045491866680491015,0.30055394513373374,ols:own
2021-05,0.0014699534069850862,0.000790966157040988,0.3394936249720492,ols:own
2021-06,-0.004135784011648986,-0.004768830873192583,0.31652343077179856,ols:own
2021-07,0.004008599839653868,0.0033836332286982214,0.3124833054778231,ols:own
2021-08,-0.0006550918530525943,-0.0012282203574339205,0.2865642521906629,ols:own
2021-09,0.0073817670532710065,0.006758683952027249,0.31154155062187827,ols:own
2021-10,0.0017726824105356253,0.0012093624537515037,0.28165997839206064,ols:own
2021-11,0.006467989507664399,0.005905670771514392,0.2811593680750034,ols:own
2021-12,0.009941927561633337,0.009269207603857181,0.3363599788880779,ols:own
2022-01,0.011923407597010972,0.011368925042013943,0.2772412774985158,ols:own
2022-02,0.009929596028598789,0.009362953941564186,0.28332104351730125,ols:own
2022-03,0.008241897111022021,0.007630508001216119,0.3056945549029513,ols:own
2022-04,0.011901559545058837,0.011338831786505367,0.2813638792767344,ols:own
2022-05,0.003911101711754968,0.003370665282372785,0.2702182146910915,ols:own
2022-06,0.00025181638899354606,-0.0003397296327303212,0.2957730108619336,ols:own
2022-07,-0.003557760709483751,-0.004153304816427802,0.2977720534720256,ols:own
2022-08,-0.0016144511840251055,-0.0022048770483658314,0.2952129321703632,ols:own
2022-09,0.006121668133666359,0.005574908172299258,0.2733799806835504,ols:own
2022-10,0.0056125807651426305,0.0050538509985145075,0.27936488331406156,ols:own
2022-11,-0.0046953022562969534,-0.005311653973190808,0.3081758584469274,ols:own
2022-12,0.006805321683655502,0.006121530040255737,0.3418958216998829,ols:own
2023-01,0.0013647344528604354,0.0007935907704873604,0.2855718411865375,ols:own
2023-02,0.006205864826394466,0.005618627695636674,0.2936185653788956,ols:own
2023-03,0.0038717985663442867,0.0034090051470913544,0.2313967096264661,ols:own
2023-04,-0.0009421443940803433,-0.0015084042475945038,0.2831299267570802,ols:own
2023-05,-0.0023908624363695352,-0.002897696687483245,0.25341712555685514,ols:own
2023-06,0.0031631073469264885,0.0026405795504091446,0.26126389825867186,ols:own
2023-07,0.004252524785286793,0.0036824947987122406,0.2850149932872759,ols:own
2023-08,0.00257856406308311,0.0019963064459376763,0.2911288085727168,ols:own
2023-09,0.009140356155307198,0.00859868115139349,0.2708375019568543,ols:own
2023-10,0.0084380042645944,0.007973502358389511,0.2322509531024437,ols:own
2023-11,-0.007310235744694443,-0.007837228572301886,0.26349641380372174,ols:own
2023-12,0.004307603065349796,0.0036946292391345655,0.3064869131076149,ols:own
2024-01,0.011221839823546841,0.010679348574575852,0.2712456244854939,ols:own
2024-02,7.185040444520211e-05,-0.0004920490034435574,0.28194970394437974,ols:own
2024-03,0.0038829341112964796,0.003296286471008585,0.29332382014394737,ols:own
2024-04,0.0007900806523366815,0.00021847402057748174,0.2858033158795997,ols:own
2024-05,0.0024620621080370026,0.0019013262605343583,0.2803679237513221,ols:own
2024-06,0.0020327847983670176,0.001498740383588197,0.26702220738941035,ols:own
2024-07,0.0009346427063811204,0.0004224197252154296,0.25611149058284555,ols:own
2024-08,0.00311686134358452,0.002590200795249383,0.26333027416756843,ols:own
2024-09,-1.343645790901055e-05,-0.0005306835722454949,0.2586235571682422,ols:own
2024-10,0.003104481684933323,0.0025706598852841297,0.2669108998245963,ols:own
2024-11,0.01066676301424144,0.010131159530782861,0.2678017417292904,ols:own
2024-12,0.002657668584617282,0.002117514745389641,0.2700769196138204,ols:own
2025-01,0.002861910055487761,0.00241011563498934,0.22589721024921047,ols:own
2025-02,0.004807226789070988,0.004252280873205143,0.27747295793292215,ols:own
2025-03,0.005769874167753203,0.005255555502539635,0.2571593326067841,ols:own
2025-04,-0.0015504040615934957,-0.0020465370492887295,0.24806649384761695,ols:own
2025-05,-0.0005829236135046109,-0.0011448362373628405,0.2809563119291148,ols:own
2025-06,-0.0022944068406144016,-0.0028237955331433823,0.2646943462644906,ols:own
2025-07,-0.0009688283122498205,-0.0014362697764183736,0.23372073208427643,ols:own
2025-08,0.001805938166316884,0.0012403862232105087,0.28277597155318773,ols:own
2025-09,0.004467406059172872,0.003892478662070567,0.2874636985511522,ols:own
2025-10,0.009407658015835109,0.008833325565735928,0.2871662250495908,ols:own
2025-11,0.00308963115835979,0.0024701660931629936,0.30973253259839806,ols:own
2025-12,0.01001855933721656,0.009447843801586718,0.2853577678149206,ols:own
2000-01,0.0039881361053188975,0.0039881361053188975,0.0,ols:pooled
2000-02,0.012896815490452875,0.010557845263831455,1.1694851133107096,ols:pooled
2000-03,-0.0031515496623598974,-0.005363883462341189,1.1061668999906458,ols:pooled
2000-04,-0.012273508500199332,-0.01468719834171057,1.2068449207556189,ols:pooled
2000-05,-8.750967183268643e-05,-0.002394614307647162,1.1535523179072376,ols:pooled
2000-06,-0.009422908273034996,-0.011654279549397017,1.1156856381810103,ols:pooled
2000-07,-0.0015827586729466893,-0.0038013849753920754,1.109313151222693,ols:pooled
2000-08,-0.007350230443987551,-0.009398743403616221,1.0242564798143357,ols:pooled
2000-09,-0.0013810823126295395,-0.003613477752220052,1.1161977197952555,ols:pooled
2000-10,0.002018407103719217,2.1800930639697454e-05,0.9983030865397596,ols:pooled
2000-11,0.007350713335043184,0.005584207654391131,0.8832528403260264,ols:pooled
2000-12,-3.652428753545423e-05,-0.0019497210507979249,0.9565983816312353,ols:pooled
2001-01,-0.016131145944998617,-0.018098961261111345,0.9839076580563629,ols:pooled
2001-02,0.004724105211772396,0.002542117951528265,1.0909936301220653,ols:pooled
2001-03,0.027659890951047914,0.02551556080529294,1.072165072877488,ols:pooled
2001-04,0.0051726777053290604,0.003498010862473809,0.8373334214276258,ols:pooled
2001-05,0.010977064004755871,0.008988439049047926,0.9943124778539727,ols:pooled
2001-06,-0.0025130140205709608,-0.00417046302676757,0.8287245030983044,ols:pooled
2001-07,0.017528126574394634,0.015648868634258163,0.9396289700682355,ols:pooled
2001-08,-0.005165575419282221,-0.0067680030851842606,0.8012138329510201,ols:pooled
2001-09,0.011099412882954955,0.009175309558112415,0.9620516624212688,ols:pooled
2001-10,-0.016976479220734444,-0.018895183565459748,0.959352172362649,ols:pooled
2001-11,0.006146469524195136,0.003878320018363121,1.1340747529160073,ols:pooled
2001-12,0.013238762163840356,0.011288435452243057,0.9751633557986504,ols:pooled
2002-01,0.0008433063936144311,-0.0012515944167560099,1.0474504051852207,ols:pooled
2002-02,0.008836649510538754,0.0072962443857248396,0.7702025624069576,ols:pooled
2002-03,0.011704087237047734,0.010256492390557126,0.723797423245304,ols:pooled
2002-04,0.007856264174561535,0.006635726213032909,0.6102689807643131,ols:pooled
2002-05,0.0048432212381346006,0.003463042795839277,0.6900892211476622,ols:pooled
2002-06,0.006979349926711612,0.005572007224441738,0.7036713511349365,ols:pooled
2002-07,0.0028688566243627585,0.0015156714968285999,0.6765925637670791,ols:pooled
2002-08,0.0019760313783524735,0.0006661293488937396,0.6549510147293671,ols:pooled
2002-09,0.0060025040393731546,0.004645978237757951,0.6782629008076017,ols:pooled
2002-10,0.0012985331421125517,5.055669884749478e-05,0.6239882216325283,ols:pooled
2002-11,0.0029135884544779582,0.0012814896154416807,0.8160494195181389,ols:pooled
2002-12,0.005013705817283078,0.0036783925214343926,0.6676566479243426,ols:pooled
2003-01,0.0028265885405793652,0.001496767092127909,0.6649107242257283,ols:pooled
2003-02,0.0011388383829358307,9.143434043235935e-05,0.5237020212517355,ols:pooled
2003-03,0.010105129241715255,0.00899206034628409,0.5565344477155828,ols:pooled
2003-04,-0.005738130424521204,-0.006492069133132187,0.37696935430549133,ols:pooled
2003-05,0.0041415931883981814,0.002883967992122534,0.6288125981378241,ols:pooled
2003-06,0.004830449019481682,0.003536573843717818,0.6469375878819317,ols:pooled
2003-07,0.006009782618489603,0.00490098327306331,0.5543996727131466,ols:pooled
2003-08,0.005121152268908965,0.003916017195703434,0.6025675366027652,ols:pooled
2003-09,-0.001655576446084761,-0.0029364274117007153,0.6404254828079772,ols:pooled
2003-10,0.013144995550753422,0.01193560525264042,0.6046951490565013,ols:pooled
2003-11,0.0021398492554924663,0.0010430916353899688,0.5483788100512487,ols:pooled
2003-12,0.0007594152882530495,-0.0004622033162214582,0.6108093022372537,ols:pooled
2004-01,-0.00857216029331991,-0.009763820792044428,0.595830249362259,ols:pooled
2004-02,0.0019591768538230487,0.0005712504658453748,0.693963193988837,ols:pooled
2004-03,0.002336629077890782,0.001149476256788384,0.5935764105511993,ols:pooled
2004-04,0.0006735594135196348,-0.0004507724117427984,0.5621659126312165,ols:pooled
2004-05,-0.006021106800477341,-0.007143270259790082,0.561081729656371,ols:pooled
2004-06,0.005225659534150109,0.004041890042297595,0.5918847459262567,ols:pooled
2004-07,0.00635458611349513,0.00532840030784226,0.5130929028264348,ols:pooled
2004-08,0.005489536985432787,0.004548364321354439,0.47058633203917416,ols:pooled
2004-09,0.004687183787430046,0.0036578270362215204,0.5146783756042624,ols:pooled
2004-10,0.012603116421545702,0.011577905512832921,0.5126054543563897,ols:pooled
2004-11,0.005238671885090535,0.004343631111110161,0.44752038699018726,ols:pooled
2004-12,0.009235775849552513,0.00808949976070381,0.5731380444243512,ols:pooled
2005-01,-0.0022807290773635587,-0.003487746755253429,0.6035088389449352,ols:pooled
2005-02,0.006366811907323088,0.005231315183305489,0.5677483620087993,ols:pooled
2005-03,0.008854314949306673,0.007739108004314526,0.5576034724960737,ols:pooled
2005-04,0.013955215455098265,0.012854320001409911,0.550447726844176,ols:pooled
2005-05,-0.015199859510082276,-0.016152709289157942,0.4764248895378332,ols:pooled
2005-06,0.004012450646779743,0.002651822819707071,0.6803139135363363,ols:pooled
2005-07,0.004725908447144815,0.0035949081165805386,0.5655001652821385,ols:pooled
2005-08,-0.001915920871329572,-0.0030200084700483525,0.5520437993593904,ols:pooled
2005-09,0.0037109078819437796,0.0024075133857351747,0.6516972481043023,ols:pooled
2005-10,0.0010898619249098268,-5.161168889656115e-05,0.5707368069031941,ols:pooled
2005-11,-0.0032820583612028754,-0.004394626839628997,0.5562842392130607,ols:pooled
2005-12,-0.0011150950143957654,-0.002267745153361444,0.5763250694828392,ols:pooled
2006-01,0.004469539521530771,0.003274843432239145,0.5973480446458126,ols:pooled
2006-02,0.004145168460347624,0.0026370411401844835,0.7540636600815706,ols:pooled
2006-03,-0.009063581039134133,-0.010424895030847533,0.6806569958567006,ols:pooled
2006-04,0.008052829572962855,0.006732132716368648,0.660348428297104,ols:pooled
2006-05,0.0006474545289735031,-0.0006735723600463396,0.6605134445099216,ols:pooled
2006-06,0.016272171598609952,0.015034400885649198,0.6188853564803778,ols:pooled
2006-07,-0.004764860432354539,-0.005957789003536772,0.5964642855911165,ols:pooled
2006-08,-0.006712297008783546,-0.008146711005231094,0.7172069982237746,ols:pooled
2006-09,0.002527451285698971,0.0011738737036394835,0.676788791029744,ols:pooled
2006-10,-0.002760882730558576,-0.0039586354969023555,0.5988763831718898,ols:pooled
2006-11,0.010750170604796628,0.009495695398183198,0.6272376033067147,ols:pooled
2006-12,0.002349007158823811,0.0012288756028633336,0.5600657779802386,ols:pooled
2007-01,0.006915179649600956,0.005642214567975373,0.6364825408127912,ols:pooled
2007-02,0.002035033261750161,0.0007372757255884484,0.6488787680808561,ols:pooled
2007-03,0.006533271327568595,0.005323402984202123,0.6049341716832357,ols:pooled
2007-04,0.005612217238200577,0.004389097488501597,0.6115598748494906,ols:pooled
2007-05,0.0009607113316824478,-0.0002705911930389655,0.6156512623607069,ols:pooled
2007-06,-0.0015789297327556792,-0.0029481108148591523,0.6845905410517363,ols:pooled
2007-07,0.0003543020770823635,-0.0012022176880830474,0.7782598825827055,ols:pooled
2007-08,0.0017861162151426328,0.0003608464948589904,0.712634860141821,ols:pooled
2007-09,0.0025742922857697314,0.0011225613650935999,0.7258654603380661,ols:pooled
2007-10,0.01134440459632866,0.009999315719254883,0.6725444385368888,ols:pooled
2007-11,0.0022229420276562418,0.0008972636125073019,0.66283920757447,ols:pooled
2007-12,0.0046362557541538155,0.0030728120346979735,0.7817218597279211,ols:pooled
2008-01,0.0016585918268898988,0.0003689513806473288,0.6448202231212851,ols:pooled
2008-02,-0.00032314537888773173,-0.0018428668617492532,0.7598607414307608,ols:pooled
2008-03,0.0037141938643805777,0.002238608917514276,0.7377924734331508,ols:pooled
2008-04,0.0025776843918568367,0.001160936375978668,0.7083740079390844,ols:pooled
2008-05,-0.004245454580520614,-0.005739617217188065,0.7470813183337256,ols:pooled
2008-06,0.00957732649484031,0.008146159543989182,0.7155834754255649,ols:pooled
2008-07,-0.0050938939850015555,-0.006286501305678901,0.5963036603386728,ols:pooled
2008-08,0.00941016288196293,0.007867396611242,0.7713831353604648,ols:pooled
2008-09,0.012941898846944262,0.011719680699690722,0.6111090736267696,ols:pooled
2008-10,0.03262447478370176,0.03148159133488252,0.571441724409619,ols:pooled
2008-11,0.018776262218690134,0.01766011051294015,0.5580758528749917,ols:pooled
2008-12,-0.004224300166044129,-0.005491263689668901,0.6334817618123855,ols:pooled
2009-01,0.0011617482883843745,-0.00026279888500870457,0.7122735866965396,ols:pooled
2009-02,0.006020818680260837,0.004567229649911273,0.7267945151747818,ols:pooled
2009-03,-0.00981254411917736,-0.010972989148126062,0.5802225144743506,ols:pooled
2009-04,-0.015282713069760229,-0.016786410920500715,0.7518489253702438,ols:pooled
2009-05,0.008678474621333197,0.006910334417969525,0.8840701016818359,ols:pooled
2009-06,-0.003015787734814812,-0.00470017146253317,0.842191863859179,ols:pooled
2009-07,0.004335709168499191,0.002544020387016391,0.8958443907414005,ols:pooled
2009-08,0.0014514996349849233,9.431251307694543e-05,0.6785935609539887,ols:pooled
2009-09,0.005200381438653498,0.0038253084515125543,0.6875364935704718,ols:pooled
2009-10,0.0015471021286413494,0.00029285097061044644,0.6271255790154515,ols:pooled
2009-11,0.0026802427894799565,0.0013415227593405654,0.6693600150696956,ols:pooled
2009-12,-0.0016007692614744258,-0.0028366802768739095,0.6179555076997422,ols:pooled
2010-01,-0.001600052322795281,-0.0030083689896720505,0.7041583334383852,ols:pooled
2010-02,-0.0018158959660588155,-0.003322220816904116,0.7531624254226501,ols:pooled
2010-03,-0.00245217798245393,-0.004034002627504641,0.7909123225253556,ols:pooled
2010-04,0.005870943947283716,0.004444647865399734,0.7131480409419909,ols:pooled
2010-05,0.00496331119919316,0.0036582659257128145,0.6525226367401726,ols:pooled
2010-06,0.00836409877061194,0.007148277377435793,0.6079106965880734,ols:pooled
2010-07,-5.3339053773352645e-05,-0.0011197029769465397,0.5331819615865935,ols:pooled
2010-08,0.0038308037975240683,0.0024968172903745383,0.6669932535747649,ols:pooled
2010-09,0.0018874772474263542,0.0005759500563259579,0.6557635955501983,ols:pooled
2010-10,0.005661967090502452,0.004309294374315779,0.6763363580933368,ols:pooled
2010-11,0.008812408276987378,0.007537787636200035,0.6373103203936717,ols:pooled
2010-12,0.005713162893726893,0.0044558071335888474,0.6286778800690227,ols:pooled
2011-01,0.006353623623828555,0.0051464641230580185,0.6035797503852683,ols:pooled
2011-02,-0.0010920661318259803,-0.0024062864303098937,0.6571101492419567,ols:pooled
2011-03,0.000291176062660014,-0.0009905758057531717,0.640875934206593,ols:pooled
2011-04,0.00831306379825996,0.007072774290540903,0.6201447538595287,ols:pooled
2011-05,0.004889605057901624,0.0037923617720561757,0.5486216429227235,ols:pooled
2011-06,0.005111609374294248,0.0040103111403891,0.550649116952574,ols:pooled
2011-07,0.006875478295585493,0.005878448520792788,0.4985148873963527,ols:pooled
2011-08,0.009215811681420669,0.00824629759366615,0.48475704387725876,ols:pooled
2011-09,0.012235208425550986,0.01122519066832859,0.5050088786111987,ols:pooled
2011-10,-0.007000827722755332,-0.008103190697155864,0.5511814872002657,ols:pooled
2011-11,0.0033733266032963402,0.001947279866570747,0.7130233683627969,ols:pooled
2011-12,0.0046065450879105895,0.0032391384174935197,0.6837033352085348,ols:pooled
2012-01,-0.01880003097286524,-0.019707221228489176,0.4535951278119709,ols:pooled
2012-02,-0.0015345239100688622,-0.002830207552627357,0.6478418212792475,ols:pooled
2012-03,0.008050356764244019,0.006822680434415594,0.6138381649142123,ols:pooled
2012-04,0.005746242765607295,0.004686346028366388,0.5299483686204534,ols:pooled
2012-05,0.010285637681156158,0.00933684483544505,0.4743964228555543,ols:pooled
2012-06,0.005886946632091308,0.0049732195579131905,0.4568635370890586,ols:pooled
2012-07,0.007229064290060192,0.006274692719470951,0.4771857852946206,ols:pooled
2012-08,0.005519140616466996,0.004587188270831759,0.46597617281761894,ols:pooled
2012-09,-0.0014608414370119696,-0.0023604059672465857,0.4497822651173082,ols:pooled
2012-10,0.003424598656795571,0.0023775630257034702,0.5235178155460505,ols:pooled
2012-11,0.008267937280839367,0.00726993598616751,0.4990006473359281,ols:pooled
2012-12,-0.0028942533803813326,-0.0037974069100568347,0.4515767648377511,ols:pooled
2013-01,0.0036657131377005317,0.002579151812535436,0.5432806625825479,ols:pooled
2013-02,0.004622932230181338,0.0035497779406299273,0.5365771447757057,ols:pooled
2013-03,0.009909491829191217,0.008958408452186099,0.4755416885025593,ols:pooled
2013-04,0.010121012232125817,0.009316561851996566,0.40222519006462515,ols:pooled
2013-05,0.0034193472749477574,0.002566043823988781,0.42665172547948815,ols:pooled
2013-06,0.004379920738157546,0.003275988776353889,0.5519659809018285,ols:pooled
2013-07,0.009950747996668986,0.008847060212541174,0.5518438920639059,ols:pooled
2013-08,-0.0009188664742896327,-0.002016178182260859,0.5486558539856131,ols:pooled
2013-09,-0.004457104934105559,-0.00566845031744429,0.6056726916693652,ols:pooled
2013-10,-0.001499776709149446,-0.0026081628024621837,0.5541930466563688,ols:pooled
2013-11,0.00017930970575559752,-0.0008391822679748376,0.5092459868652176,ols:pooled
2013-12,0.004056445287049979,0.0031322549217530633,0.46209518264845767,ols:pooled
2014-01,0.0019867424736198028,0.0011784973096464475,0.40412258198667755,ols:pooled
2014-02,0.004949536879052456,0.0039699786715790145,0.4897791037367209,ols:pooled
2014-03,0.000904380685638661,-5.781360096974021e-05,0.48109714330420056,ols:pooled
2014-04,0.000956050336448704,-9.078565153232406e-05,0.523417993990514,ols:pooled
2014-05,-0.001253140314055417,-0.0023078082504053893,0.527333968174986,ols:pooled
2014-06,0.004079950888329147,0.003004686573967283,0.537632157180932,ols:pooled
2014-07,0.0011907817460715885,0.0001864708779421669,0.502155434064711,ols:pooled
2014-08,0.0032725171870840795,0.0022732135411838283,0.4996518229501257,ols:pooled
2014-09,-0.0018521578704511128,-0.0027988409954019062,0.47334156247539655,ols:pooled
2014-10,0.0034086477357790756,0.0024702421621023343,0.46920278683837036,ols:pooled
2014-11,0.008257633241829198,0.007326006875145144,0.4658131833420269,ols:pooled
2014-12,0.012916253601822308,0.01204327019531868,0.43649170325181436,ols:pooled
2015-01,0.00570058942979693,0.004841656170744748,0.42946662952609066,ols:pooled
2015-02,-0.00019731663396481026,-0.0012074777303285233,0.5050805481818567,ols:pooled
2015-03,0.005061415202413732,0.004001881531306165,0.5297668355537835,ols:pooled
2015-04,-0.010564227633907818,-0.011601503479521751,0.5186379228069679,ols:pooled
2015-05,0.00040381151108952217,-0.0008848490607474636,0.6443302859184928,ols:pooled
2015-06,0.0036687253407915884,0.0024453346164742527,0.6116953621586676,ols:pooled
2015-07,0.00888266142631689,0.00798375330400924,0.4494540611538249,ols:pooled
2015-08,0.008217081655470703,0.007310361046194099,0.4533603046383013,ols:pooled
2015-09,0.0043364150780465256,0.0034042193189639755,0.4660978795412748,ols:pooled
2015-10,-0.004722683607116396,-0.00570066049267835,0.4889884427809771,ols:pooled
2015-11,0.0028677701445867128,0.0017879313104684626,0.5399194170591252,ols:pooled
2015-12,-0.00031051174355031927,-0.0013827519974959855,0.5361201269728332,ols:pooled
2016-01,0.0029709601594867883,0.0019512133719653759,0.5098733937607063,ols:pooled
2016-02,-0.000754977852030762,-0.0017582126351189298,0.5016173915440837,ols:pooled
2016-03,-0.007060749568526818,-0.008138585496741976,0.5389179641075792,ols:pooled
2016-04,0.003367348221227699,0.002195200193784564,0.5860740137215676,ols:pooled
2016-05,0.002557508988156721,0.0014829575792609882,0.5372757044478664,ols:pooled
2016-06,-0.0017367178707502471,-0.0027610965934917347,0.512189361370744,ols:pooled
2016-07,0.00014827947690148607,-0.0007735744989157654,0.4609269879086258,ols:pooled
2016-08,0.005881610318037248,0.004856464186051561,0.5125730659928432,ols:pooled
2016-09,0.006278388932531742,0.005369279286474879,0.45455482302843125,ols:pooled
2016-10,0.001894558402166388,0.0011789574244555027,0.3578004888554427,ols:pooled
2016-11,-0.0028084142582848956,-0.0036963123155474174,0.4439490286312608,ols:pooled
2016-12,0.0011458951899614906,0.00010760029744582284,0.5191474462578338,ols:pooled
2017-01,0.0033546381156461347,0.0024093733596837166,0.47263237798120894,ols:pooled
2017-02,-0.0007884525942450775,-0.0018018025591889269,0.5066749824719248,ols:pooled
2017-03,0.0032533412461532678,0.0022911644422098504,0.48108840197170866,ols:pooled
2017-04,-0.00028650883427451534,-0.0012104956449906614,0.46199340535807293,ols:pooled
2017-05,0.005989543424851392,0.005113889549611233,0.43782693762007924,ols:pooled
2017-06,0.00040940804480015663,-0.0005626317288085547,0.4860198868043557,ols:pooled
2017-07,0.0030318006679718344,0.0021394017049784974,0.4461994814966685,ols:pooled
2017-08,0.0037729919928361907,0.0028226852399502646,0.47515337644296324,ols:pooled
2017-09,0.0011097467853999328,0.00029683700292011157,0.4064548912399106,ols:pooled
2017-10,0.004063511524189292,0.0032362120840056506,0.4136497200918206,ols:pooled
2017-11,0.0029052779354602296,0.0019527584348352114,0.47625975031250906,ols:pooled
2017-12,0.002830504586334091,0.001839019877316899,0.4957423545085961,ols:pooled
2018-01,0.004924709434511117,0.0039072753737164805,0.5087170303973185,ols:pooled
2018-02,0.0030095473014607487,0.0019241333888248954,0.5427069563179268,ols:pooled
2018-03,0.00374720136631487,0.002767769123685794,0.48971612131453807,ols:pooled
2018-04,0.00141792830892884,0.0005512085467758925,0.4333598810764732,ols:pooled
2018-05,0.004027056604239004,0.0030135882264536815,0.5067341888926613,ols:pooled
2018-06,0.0030887998864311344,0.0020618235577843794,0.5134881643233773,ols:pooled
2018-07,0.0039195013445114425,0.003002068713933294,0.45871631528907425,ols:pooled
2018-08,0.004741274783245958,0.0038223472763556214,0.4594637534451682,ols:pooled
2018-09,0.013617257029322066,0.012702435605640983,0.45741071184054144,ols:pooled
2018-10,0.0035814992779899493,0.002734387840834034,0.42355571857795754,ols:pooled
2018-11,-0.004029250733963646,-0.004947179877566194,0.4589645718012743,ols:pooled
2018-12,0.0036349631612625556,0.0024908452380543746,0.5720589616040904,ols:pooled
2019-01,-0.0007625278476188584,-0.0016971890111360034,0.4673305817585723,ols:pooled
2019-02,-0.005053935376405772,-0.006120445584470582,0.5332551040324046,ols:pooled
2019-03,0.005072631719786137,0.004058970234744985,0.506830742520576,ols:pooled
2019-04,0.0020941113300372797,0.001278149873906665,0.40798072806530733,ols:pooled
2019-05,0.0023376708096853327,0.0014588516196447224,0.4394095950203052,ols:pooled
2019-06,0.003345528893300849,0.0023523821221752964,0.49657338556277647,ols:pooled
2019-07,0.005564179080475285,0.004643778435293197,0.4602003225910439,ols:pooled
2019-08,0.0029541612658769752,0.0021156858936995614,0.4192376860887068,ols:pooled
2019-09,-0.0021002733519405806,-0.002999181017009346,0.4494538325343825,ols:pooled
2019-10,0.001979983459744468,0.0009755375166004494,0.5022229715720092,ols:pooled
2019-11,0.0018706879868398973,0.0009729163417481684,0.44888582254586445,ols:pooled
2019-12,0.005236367279128922,0.004278589236562312,0.47888902128330496,ols:pooled
2020-01,0.004863672313869746,0.004067616609756579,0.3980278520565832,ols:pooled
2020-02,0.008735852533612769,0.007864937447709957,0.43545754295140604,ols:pooled
2020-03,0.015148524582375662,0.01431413318285567,0.41719569975999654,ols:pooled
2020-04,-0.01664747105909274,-0.01791496243034335,0.6337456856253028,ols:pooled
2020-05,-0.0013868319153579852,-0.0031161353003192767,0.8646516924806459,ols:pooled
2020-06,-0.004936715760508675,-0.006290585469221655,0.6769348543564907,ols:pooled
2020-07,0.006102036041226936,0.004853012150888267,0.6245119451693347,ols:pooled
2020-08,0.00027981957269486776,-0.0009204652269330384,0.6001423998139531,ols:pooled
2020-09,-0.004307891711038017,-0.005495651132585142,0.5938797107735626,ols:pooled
2020-10,0.0029590348813613786,0.001745213547669487,0.6069106668459457,ols:pooled
2020-11,-0.025883171040492325,-0.02692214085982849,0.5194849096680847,ols:pooled
2020-12,0.0010681216113362464,-0.0006080062098601741,0.8380639105982103,ols:pooled
2021-01,0.002743186251059342,0.0012935509459304597,0.724817652564441,ols:pooled
2021-02,0.0008323838546188854,-0.0003773992474681066,0.6048915510434962,ols:pooled
2021-03,0.006899795899907856,0.00564824388337411,0.6257760082668725,ols:pooled
2021-04,0.005802222129544685,0.004732301116156352,0.5349605066941666,ols:pooled
2021-05,0.0024240047582220177,0.001238956469342793,0.5925241444396122,ols:pooled
2021-06,-0.003773265090866226,-0.004908785447855165,0.56776017849447,ols:pooled
2021-07,0.004583954109198288,0.00349455272552508,0.5447006918366037,ols:pooled
2021-08,-0.001562296094924028,-0.0025768109355599534,0.5072574203179626,ols:pooled
2021-09,0.007825081387197787,0.006716858473406497,0.554111456895646,ols:pooled
2021-10,0.0020051342443283145,0.0009976185378877287,0.5037578532202928,ols:pooled
2021-11,0.005343175015802511,0.004340456684827649,0.5013591654874311,ols:pooled
2021-12,0.008919191677444382,0.007755727322887446,0.5817321772784675,ols:pooled
2022-01,0.011695319824088491,0.01077429233387822,0.46051374510513626,ols:pooled
2022-02,0.008862103263022881,0.007992747163587362,0.43467804971775925,ols:pooled
2022-03,0.008833334969731143,0.007886212008508552,0.4735614806112958,ols:pooled
2022-04,0.011380169866260774,0.010512533650911053,0.43381810767486056,ols:pooled
2022-05,0.003786869808822746,0.002931706378537213,0.42758171514276716,ols:pooled
2022-06,0.0013152809790792413,0.0003727466632305931,0.47126715792432405,ols:pooled
2022-07,-0.004940500273889619,-0.005897651890980818,0.4785758085455994,ols:pooled
2022-08,-0.0015562080455132294,-0.002549792166008915,0.4967920602478427,ols:pooled
2022-09,0.006329183454431764,0.005423342616338832,0.4529204190464667,ols:pooled
2022-10,0.005676269785116794,0.004777858180058972,0.4492058025289104,ols:pooled
2022-11,-0.006033940734669299,-0.0070061370519031085,0.486098158616905,ols:pooled
2022-12,0.00584096903022276,0.004746584564160755,0.5471922330310023,ols:pooled
2023-01,0.0008951630614946121,-4.13322890998384e-05,0.4682476752972251,ols:pooled
2023-02,0.007423724723549075,0.00649983644224072,0.46194414065417777,ols:pooled
2023-03,0.003272653391437979,0.0025180070337625076,0.3773231788377357,ols:pooled
2023-04,-0.0005345087772713361,-0.0014255926914727283,0.44554195710069616,ols:pooled
2023-05,-0.0020177745056263185,-0.0028343328210681893,0.40827915772093526,ols:pooled
2023-06,0.002263618142581121,0.0013932783402978597,0.43516990114163073,ols:pooled
2023-07,0.004865121237425777,0.00393582855262748,0.4646463423991486,ols:pooled
2023-08,0.0023686247553376632,0.0014383832298566484,0.46512076274050745,ols:pooled
2023-09,0.010287809449424328,0.009401234336515357,0.44328755645448564,ols:pooled
2023-10,0.008846963705852194,0.008112811722710044,0.3670759915710742,ols:pooled
2023-11,-0.008994480365623902,-0.00979609426186721,0.4008069481216547,ols:pooled
2023-12,0.0039569290977447295,0.0029511666187780426,0.5028812394833436,ols:pooled
2024-01,0.010327795466456811,0.009428843652861495,0.44947590679765786,ols:pooled
2024-02,5.100449548217046e-05,-0.0008612056007504035,0.4561050481162869,ols:pooled
2024-03,0.0036551044367152783,0.0026989370846933524,0.4780836760109628,ols:pooled
2024-04,0.00010292438341617528,-0.0008224967836505654,0.4627105835333703,ols:pooled
2024-05,0.00238164685724776,0.0014666090452126774,0.4575189060175413,ols:pooled
2024-06,0.0005133796152839465,-0.0003636319988598841,0.4385058070719153,ols:pooled
2024-07,0.0004939278955439458,-0.0003680277847188539,0.4309778401313999,ols:pooled
2024-08,0.0033505579837151854,0.0024810430913327487,0.43475744619121864,ols:pooled
2024-09,0.0001150132715302417,-0.0007357623487669884,0.425387810148615,ols:pooled
2024-10,0.004044949013485507,0.003147083683191322,0.4489326651470927,ols:pooled
2024-11,0.010317736596031564,0.009417179441231754,0.4502785773999054,ols:pooled
2024-12,0.0025144253255865207,0.0016257154847970662,0.4443549203947274,ols:pooled
2025-01,0.002146474525519855,0.0013955032386067387,0.3754856434565578,ols:pooled
2025-02,0.004708577089363481,0.0038195845819455412,0.4444962537089702,ols:pooled
2025-03,0.005908356082838704,0.0050841005646910945,0.41212775907380494,ols:pooled
2025-04,-0.002440406682903802,-0.003252369385194583,0.4059813511453905,ols:pooled
2025-05,-0.000827165814186977,-0.0017415636716208486,0.45719892871693585,ols:pooled
2025-06,-0.0009835710474801315,-0.0018684544022473672,0.44244167738361767,ols:pooled
2025-07,5.038609267125841e-06,-0.0007807518980661177,0.39289525366662176,ols:pooled
2025-08,0.0026211399544527627,0.0017120505033847856,0.45454472553398856,ols:pooled
2025-09,0.0040658018211227115,0.0031199299692404865,0.4729359259411127,ols:pooled
2025-10,0.009422500441266203,0.008487100949706923,0.4676997457796386,ols:pooled
2025-11,0.00214320977369279,0.0011531268363578944,0.4950414686674476,ols:pooled
2025-12,0.010393653090928549,0.0094436681129235,0.47499248900252505,ols:pooled
2000-01,-0.004731901666833691,-0.004731901666833691,0.0,shrink_mean:rule
2000-02,0.0017666719263858934,0.001516114946644614,0.12527848987063878,shrink_mean:rule
2000-03,0.005670294759793053,0.005351296148095952,0.15949930584855093,shrink_mean:rule
2000-04,-0.01811382221973798,-0.01833118769019421,0.10868273522811449,shrink_mean:rule
2000-05,0.0028900748114162106,0.0023579483399792773,0.2660632357184666,shrink_mean:rule
2000-06,0.011487206291578771,0.011029496280203763,0.2288550056875047,shrink_mean:rule
2000-07,0.0028230240600755057,0.002539121653326558,0.14195120337447403,shrink_mean:rule
2000-08,0.0037599685321959807,0.003569046876020123,0.09546082808792854,shrink_mean:rule
2000-09,0.008521960403985973,0.008331490612309629,0.09523489583817257,shrink_mean:rule
2000-10,0.003810614951809438,0.003614082340008185,0.09826630590062652,shrink_mean:rule
2000-11,0.009304309032160011,0.00906766087709739,0.11832407753131095,shrink_mean:rule
2000-12,-0.002324863981022245,-0.0026084555644384395,0.1417957917080972,shrink_mean:rule
2001-01,-0.0032749168894350158,-0.003466770634205936,0.09592687238546084,shrink_mean:rule
2001-02,0.008876823536209902,0.008593552372955704,0.1416355816270995,shrink_mean:rule
2001-03,0.020494885538636726,0.020277323345694265,0.1087810964712296,shrink_mean:rule
2001-04,0.006289944353765564,0.00607036374885646,0.10979030245455225,shrink_mean:rule
2001-05,0.0054846752939984485,0.005071406908439853,0.20663419277929768,shrink_mean:rule
2001-06,0.006033230343321664,0.0058800499632616745,0.07659019002999516,shrink_mean:rule
2001-07,0.011939150554112977,0.011783925988693073,0.07761228270995217,shrink_mean:rule
2001-08,-0.0008602275724967162,-0.0010606665691155074,0.10021949830939593,shrink_mean:rule
2001-09,0.008476657594282786,0.008311239752225818,0.08270892102848476,shrink_mean:rule
2001-10,0.0013088031220682037,0.0009451261167360995,0.18183850266605212,shrink_mean:rule
2001-11,-0.00723768913793022,-0.007424675708839235,0.09349328545450762,shrink_mean:rule
2001-12,0.01013522096467297,0.009942480479800472,0.09637024243624898,shrink_mean:rule
2002-01,0.002487824207283205,0.002352002193235855,0.067911007023675,shrink_mean:rule
2002-02,0.0023830607191742846,0.002185147068095741,0.09895682553927201,shrink_mean:rule
2002-03,0.0027295458046025928,0.0025490885694865314,0.09022861755803042,shrink_mean:rule
2002-04,0.009840115933483487,0.009647527400556516,0.09629426646348552,shrink_mean:rule
2002-05,0.0010740871667236568,0.0008542017974362081,0.10994268464372463,shrink_mean:rule
2002-06,0.007524252336244416,0.007366929899368275,0.07866121843807067,shrink_mean:rule
2002-07,0.0024072738802499954,0.002290260002620024,0.058506938814985934,shrink_mean:rule
2002-08,0.008702974321101904,0.008578311315409577,0.062331502846164025,shrink_mean:rule
2002-09,0.00979821547820455,0.009652001052978232,0.07310721261315917,shrink_mean:rule
2002-10,0.0078702659248829,0.007720081803967749,0.07509206045757583,shrink_mean:rule
2002-11,0.002690577179892449,0.0024815681225933465,0.10450452864955168,shrink_mean:rule
2002-12,0.008928804161373588,0.008790111126138473,0.06934651761755704,shrink_mean:rule
2003-01,0.0012510134023482541,0.001091913606254893,0.07954989804668042,shrink_mean:rule
2003-02,0.004276433121424864,0.004137393408421347,0.0695198565017583,shrink_mean:rule
2003-03,0.008429900700328135,0.008330569144432197,0.0496657779479689,shrink_mean:rule
2003-04,-0.00721202178488488,-0.00733964197163949,0.06381009337730496,shrink_mean:rule
2003-05,0.006746429947568959,0.006472129152267933,0.13715039765051332,shrink_mean:rule
2003-06,0.007005635745706836,0.006829057292204323,0.08828922675125686,shrink_mean:rule
2003-07,0.005615793641230862,0.005474407949699347,0.07069284576575756,shrink_mean:rule
2003-08,0.004595118159745341,0.0044142067766544555,0.09045569154544217,shrink_mean:rule
2003-09,0.0015848288746503135,0.0012055709051235466,0.18962898476338338,shrink_mean:rule
2003-10,0.010940352951726816,0.0108304216273979,0.05496566216445715,shrink_mean:rule
2003-11,0.0038469757997325227,0.0037389068536564586,0.05403447303803226,shrink_mean:rule
2003-12,0.0019587415818907647,0.0018486866481795558,0.05502746685560459,shrink_mean:rule
2004-01,-0.004129896294318038,-0.004270429037096573,0.07026637138926804,shrink_mean:rule
2004-02,0.004157149530374012,0.00398890087085285,0.08412432976058123,shrink_mean:rule
2004-03,0.0043929630718836125,0.004249867797745727,0.07154763706894236,shrink_mean:rule
2004-04,0.00019300061111658141,8.536303040144132e-05,0.0538187903575699,shrink_mean:rule
2004-05,-0.0018572426587593939,-0.002013294609082182,0.07802597516139403,shrink_mean:rule
2004-06,0.006028073645668675,0.005909764417966186,0.0591546138512445,shrink_mean:rule
2004-07,0.003226228216881761,0.0031309125484171455,0.04765783423230773,shrink_mean:rule
2004-08,0.00596738648991675,0.005855058379355628,0.05616405528056104,shrink_mean:rule
2004-09,0.0033110340513358323,0.003198114210911108,0.05645992021236193,shrink_mean:rule
2004-10,0.004614246009255377,0.004504343494341567,0.0549512574569048,shrink_mean:rule
2004-11,0.005646110376244153,0.005495618144463839,0.07524611589015719,shrink_mean:rule
2004-12,0.008945274066841293,0.00883003967335171,0.05761719674479071,shrink_mean:rule
2005-01,0.0011086451793241238,0.0008821551047982859,0.11324503726291887,shrink_mean:rule
2005-02,0.009932988750089158,0.009854440075403812,0.039274337342671835,shrink_mean:rule
2005-03,0.004965771883100389,0.004856046682640253,0.05486260023006817,shrink_mean:rule
2005-04,0.008080508339698037,0.007967155636309354,0.056676351694341445,shrink_mean:rule
2005-05,-0.008130921503513092,-0.008273247139716671,0.07116281810178979,shrink_mean:rule
2005-06,0.0003046783645131072,0.0001898839156884431,0.05739722441233211,shrink_mean:rule
2005-07,0.008150197016391319,0.008071383075603926,0.039406970393697054,shrink_mean:rule
2005-08,0.003183001967699644,0.0030944051345997542,0.04429841654994475,shrink_mean:rule
2005-09,-0.0008226118763406431,-0.0009692501576668861,0.07331914066312151,shrink_mean:rule
2005-10,-0.0012224558490110922,-0.0013296893501987322,0.05361675059381997,shrink_mean:rule
2005-11,-0.0027856154591843576,-0.0029116450161635627,0.06301477848960282,shrink_mean:rule
2005-12,-0.001291354654035163,-0.001402810571623961,0.05572795879439909,shrink_mean:rule
2006-01,0.012621050876626964,0.012514106380804201,0.053472247911381506,shrink_mean:rule
2006-02,0.0017164952456369617,0.0014169507808243307,0.14977223240631565,shrink_mean:rule
2006-03,-0.01004360042833117,-0.010153620467348976,0.05501001950890252,shrink_mean:rule
2006-04,0.004352766593479297,0.0041964931272447945,0.07813673311725139,shrink_mean:rule
2006-05,0.002311861960086435,0.0021730810076165054,0.06939047623496494,shrink_mean:rule
2006-06,0.012387844632929065,0.012289907774992267,0.0489684289683995,shrink_mean:rule
2006-07,0.0044762718393320244,0.00410017333412389,0.18804925260406713,shrink_mean:rule
2006-08,-0.001087411192045868,-0.001316399198598082,0.1144940032761069,shrink_mean:rule
2006-09,-0.0006571461705035256,-0.0008457935617786178,0.09432369563754617,shrink_mean:rule
2006-10,0.0001009484278186682,-2.2448527301402445e-05,0.06169847756003541,shrink_mean:rule
2006-11,-0.0014881481459662576,-0.0015838063009663117,0.04782907750002707,shrink_mean:rule
2006-12,0.0007490794358402162,0.0006270359178714169,0.06102175898439959,shrink_mean:rule
2007-01,0.005481719783005929,0.005355250138413949,0.06323482229598958,shrink_mean:rule
2007-02,-0.003814657495973142,-0.004177929972266971,0.18163623814691474,shrink_mean:rule
2007-03,0.004370253090882311,0.004225069339654163,0.0725918756140738,shrink_mean:rule
2007-04,0.005902331321203513,0.005752027753909829,0.07515178364684168,shrink_mean:rule
2007-05,-0.0003106231816537612,-0.0004925037836200248,0.09094030098313174,shrink_mean:rule
2007-06,-0.0006215395580083272,-0.0007582508407833966,0.06835564138753461,shrink_mean:rule
2007-07,0.0009268811588720787,0.0007543170095250828,0.08628207467349805,shrink_mean:rule
2007-08,0.00560433588262261,0.005411543457978362,0.09639621232212356,shrink_mean:rule
2007-09,0.0021890278733658385,0.002016611151382445,0.08620836099169649,shrink_mean:rule
2007-10,0.007367392289959842,0.007094381790831459,0.13650524956419144,shrink_mean:rule
2007-11,0.003369051606866631,0.003158161970344122,0.10544481826125442,shrink_mean:rule
2007-12,0.0010925447753616544,0.0009314843942658883,0.08053019054788314,shrink_mean:rule
2008-01,0.00317685482698963,0.002981001979611588,0.09792642368902102,shrink_mean:rule
2008-02,0.003802864875407246,0.003591713791133678,0.10557554213678377,shrink_mean:rule
2008-03,0.0030021472261526744,0.0028581431403976107,0.07200204287753197,shrink_mean:rule
2008-04,0.004079790192897852,0.003922755983760751,0.07851710456855061,shrink_mean:rule
2008-05,-0.002126322618522119,-0.002322400471302835,0.09803892639035829,shrink_mean:rule
2008-06,0.0064101091893695224,0.0062888900660914215,0.06060956163905053,shrink_mean:rule
2008-07,0.006387741637440451,0.006264784411254932,0.0614786130927589,shrink_mean:rule
2008-08,0.005370091019054031,0.0051930885248889095,0.08850124708256094,shrink_mean:rule
2008-09,0.006470091317270218,0.0063514663261475405,0.05931249556133797,shrink_mean:rule
2008-10,0.015113173867460063,0.014941903667831812,0.08563509981412604,shrink_mean:rule
2008-11,0.011932730697653991,0.011692529707595501,0.12010049502924458,shrink_mean:rule
2008-12,-0.0011627981728442914,-0.0013486723875231611,0.09293710733943478,shrink_mean:rule
2009-01,0.005837378970041231,0.005688502307345662,0.0744383313477843,shrink_mean:rule
2009-02,0.0009379499395162344,0.0007793673797951958,0.07929127986051962,shrink_mean:rule
2009-03,-0.0018778952618913167,-0.0020237668090483663,0.07293577357852477,shrink_mean:rule
2009-04,-0.017447951261599762,-0.017631954410609812,0.09200157450502387,shrink_mean:rule
2009-05,-0.01212473994468364,-0.012403335622911411,0.13929783911388627,shrink_mean:rule
2009-06,0.007066523595026078,0.00677716192898512,0.14468083302047866,shrink_mean:rule
2009-07,0.006473937471773822,0.006336736606835358,0.06860043246923248,shrink_mean:rule
2009-08,0.0036691943070668903,0.003527750932278567,0.07072168739416132,shrink_mean:rule
2009-09,-0.0026389440033074384,-0.0027419455637034506,0.05150078019800623,shrink_mean:rule
2009-10,0.005016589011118414,0.004894717202253537,0.06093590443243848,shrink_mean:rule
2009-11,0.004714700579039934,0.004617001480678133,0.0488495491809007,shrink_mean:rule
2009-12,0.0007447226613424764,0.00064616577259481,0.04927844437383318,shrink_mean:rule
2010-01,-0.002004817829083797,-0.0021041520947561974,0.049667132836200195,shrink_mean:rule
2010-02,0.006534066370955688,0.006378972058863377,0.07754715604615525,shrink_mean:rule
2010-03,0.0029028197832646897,0.002780630515383256,0.06109463394071692,shrink_mean:rule
2010-04,0.005996515268348283,0.0058891924653806695,0.053661401483806354,shrink_mean:rule
2010-05,0.005521028888998921,0.005426087996925786,0.047470446036567714,shrink_mean:rule
2010-06,0.003803446199473261,0.0036941813803864094,0.054632409543425894,shrink_mean:rule
2010-07,0.006024425396130106,0.005937092491698523,0.04366645221579152,shrink_mean:rule
2010-08,0.004650013531224834,0.004545095938733145,0.052458796245844444,shrink_mean:rule
2010-09,0.0018718403044290157,0.001786031483407899,0.04290441051055849,shrink_mean:rule
2010-10,0.0029737682389139194,0.0028928925613906226,0.04043783876164833,shrink_mean:rule
2010-11,0.0073924113555619364,0.007304490508218456,0.04396042367173984,shrink_mean:rule
2010-12,0.0006151437060720996,0.0005114761560686509,0.051833775001724175,shrink_mean:rule
2011-01,0.006956538004054221,0.006872010128110464,0.042263937971878544,shrink_mean:rule
2011-02,0.0035203563578595156,0.00342098037479621,0.04968799153165264,shrink_mean:rule
2011-03,0.0038444159209940925,0.003728973636222633,0.057721142385729764,shrink_mean:rule
2011-04,0.006498344270396563,0.006417920345814761,0.040211962290900925,shrink_mean:rule
2011-05,0.004581864219680224,0.004497590179935985,0.042137019872119715,shrink_mean:rule
2011-06,0.0046098872242827426,0.004540075240311677,0.034905991985532715,shrink_mean:rule
2011-07,0.006816777733102782,0.006748750779660133,0.03401347672132398,shrink_mean:rule
2011-08,0.004345285702967742,0.004266968114443339,0.03915879426220196,shrink_mean:rule
2011-09,0.0091273214902741,0.00903009068673972,0.048615401767190015,shrink_mean:rule
2011-10,-0.0005584373644787948,-0.0006428361396905059,0.042199387605855544,shrink_mean:rule
2011-11,0.007343075406230802,0.007246722272781028,0.04817656672488709,shrink_mean:rule
2011-12,0.005186392424469512,0.0051108536492434796,0.037769387613016146,shrink_mean:rule
2012-01,-0.009112683391988343,-0.009297943005599834,0.0926298068057456,shrink_mean:rule
2012-02,0.002626759880671537,0.0025201931508200422,0.05328336492574727,shrink_mean:rule
2012-03,0.008506865638493741,0.00843497104636681,0.03594729606346518,shrink_mean:rule
2012-04,0.002632351484967338,0.0024526755318315455,0.08983797656789637,shrink_mean:rule
2012-05,0.00515160677958685,0.005036111574828512,0.057747602379168914,shrink_mean:rule
2012-06,0.006988905544329928,0.006918392869494543,0.035256337417692254,shrink_mean:rule
2012-07,0.0063268298238500125,0.006249210929147093,0.03880944735145962,shrink_mean:rule
2012-08,0.005286635197591111,0.005218541479170654,0.0340468592102283,shrink_mean:rule
2012-09,-0.0006962616186243847,-0.0007557036691217034,0.029721025248659487,shrink_mean:rule
2012-10,0.003939188119398093,0.003877215534989186,0.030986292204453342,shrink_mean:rule
2012-11,0.006930861171601362,0.006866343500230439,0.03225883568546194,shrink_mean:rule
2012-12,-0.0013023266440518844,-0.0013688292311398811,0.03325129354399835,shrink_mean:rule
2013-01,0.0028602934981374886,0.0027945382674451525,0.03287761534616799,shrink_mean:rule
2013-02,0.004244538189108213,0.0041446482053069745,0.04994499190061953,shrink_mean:rule
2013-03,0.006637693056430307,0.006556896634825398,0.04039821080245402,shrink_mean:rule
2013-04,0.006856825500695491,0.0067524761193834245,0.05217469065603364,shrink_mean:rule
2013-05,0.0014204043714883458,0.0013431848438158276,0.03860976383625884,shrink_mean:rule
2013-06,0.006047873493868756,0.005969387922169182,0.03924278584978721,shrink_mean:rule
2013-07,0.010005276001315021,0.00989612067632153,0.05457766249674581,shrink_mean:rule
2013-08,0.0007122635565142664,0.0006310244288817913,0.04061956381623772,shrink_mean:rule
2013-09,-0.0007993630774280065,-0.0009411704414170666,0.07090368199452991,shrink_mean:rule
2013-10,-0.0023946972616483387,-0.0024775070957986354,0.041404917075148366,shrink_mean:rule
2013-11,0.0012796182145742624,0.0011837669386656645,0.04792563795429892,shrink_mean:rule
2013-12,0.0030614375447456693,0.003014499284621647,0.02346913006201133,shrink_mean:rule
2014-01,0.0027938494000884708,0.002740825634787319,0.026511882650575812,shrink_mean:rule
2014-02,0.004602009591640709,0.004530496995638958,0.03575629800087537,shrink_mean:rule
2014-03,0.002061552351143513,0.0019988618272359063,0.03134526195380347,shrink_mean:rule
2014-04,-0.0017741589787383316,-0.0018875829947955223,0.056712008028595225,shrink_mean:rule
2014-05,0.0007637472530902429,0.0006687235615042807,0.047511845792981136,shrink_mean:rule
2014-06,0.0055610627737541895,0.005499417493580425,0.03082264008688228,shrink_mean:rule
2014-07,0.004044193549000261,0.003989262106662574,0.027465721168842883,shrink_mean:rule
2014-08,0.0017232438945163674,0.0016110957588006112,0.056074067857878114,shrink_mean:rule
2014-09,-0.0007128823917332577,-0.0007671574168046625,0.027137512535702367,shrink_mean:rule
2014-10,0.0029547704019173117,0.002892682547772064,0.031043927072624097,shrink_mean:rule
2014-11,0.006425230402128032,0.006371885931908325,0.02667223510985379,shrink_mean:rule
2014-12,0.008201399862405041,0.00814433017751482,0.028534842445110634,shrink_mean:rule
2015-01,0.006606171570730062,0.006535890887373331,0.03514034167836528,shrink_mean:rule
2015-02,4.1347801756066894e-05,-3.7292001613927275e-05,0.039319901684997084,shrink_mean:rule
2015-03,0.008708641637326084,0.00863666960850089,0.03598601441259703,shrink_mean:rule
2015-04,-0.006746594726209225,-0.006854724078986624,0.05406467638869961,shrink_mean:rule
2015-05,0.00260550527461727,0.0024853935784909173,0.06005584806317639,shrink_mean:rule
2015-06,0.005971106368633843,0.005911949035979672,0.02957866632708545,shrink_mean:rule
2015-07,0.008099144235308945,0.00804113976362475,0.02900223584209853,shrink_mean:rule
2015-08,0.006328275892911676,0.006260544312743581,0.03386579008404791,shrink_mean:rule
2015-09,0.004994608977709516,0.004937869859562622,0.02836955907344693,shrink_mean:rule
2015-10,-0.0032247368765172496,-0.0032934104051266684,0.03433676430470945,shrink_mean:rule
2015-11,0.0027466836650000374,0.0026855717194957086,0.030555972752164314,shrink_mean:rule
2015-12,0.0022145359613816224,0.002141911822743274,0.036312069319174335,shrink_mean:rule
2016-01,0.0043467149828611785,0.004290684746628015,0.02801511811658189,shrink_mean:rule
2016-02,-0.0006731265944954612,-0.0007384809077284925,0.03267715661651559,shrink_mean:rule
2016-03,-0.009379738690709646,-0.009452812977197906,0.03653714324412997,shrink_mean:rule
2016-04,0.0011833251120511074,0.0010946856046503083,0.04431975370039962,shrink_mean:rule
2016-05,0.0054723149685237575,0.005402871129952753,0.0347219192855021,shrink_mean:rule
2016-06,-0.0012306841182093318,-0.0012898029341582742,0.029559407974471236,shrink_mean:rule
2016-07,0.0024160353920358304,0.0023640987462878633,0.025968322873983866,shrink_mean:rule
2016-08,0.005044444354423481,0.004974353625042428,0.03504536469052629,shrink_mean:rule
2016-09,0.006015046468917818,0.005926681384048371,0.044182542434724185,shrink_mean:rule
2016-10,0.002593057471093696,0.002555010074971533,0.019023698061081652,shrink_mean:rule
2016-11,-0.0035801932695298123,-0.003648119890920859,0.033963310695523385,shrink_mean:rule
2016-12,0.001657606315793235,0.0015398495123575967,0.05887840171781915,shrink_mean:rule
2017-01,0.0041348501691458464,0.004065602364834221,0.03462390215581328,shrink_mean:rule
2017-02,-0.0009632123006059813,-0.0010285038138041728,0.032645756599095986,shrink_mean:rule
2017-03,0.005580646369103198,0.005528844952708154,0.025900708197522104,shrink_mean:rule
2017-04,-0.0008534236968334956,-0.0009083896407985483,0.027482971982526323,shrink_mean:rule
2017-05,0.00751636908087062,0.007460576042748733,0.0278965190609432,shrink_mean:rule
2017-06,1.8446435043025254e-06,-6.518840897191555e-05,0.033516526238109016,shrink_mean:rule
2017-07,0.004473056003877774,0.0044297217244392804,0.021667139719247025,shrink_mean:rule
2017-08,0.002700568629378387,0.0026514161754828346,0.024576226947776218,shrink_mean:rule
2017-09,0.0028570004772229636,0.002812342774972079,0.022328851125442115,shrink_mean:rule
2017-10,0.0024713603432118306,0.002420926170244297,0.02521708648376687,shrink_mean:rule
2017-11,0.002903716670072075,0.00283544315940363,0.03413675533422239,shrink_mean:rule
2017-12,0.00020308592770946728,0.00015245766997511078,0.025314128867178272,shrink_mean:rule
2018-01,0.00479135899043297,0.0047232452089887335,0.034056890722118045,shrink_mean:rule
2018-02,0.004015552173966363,0.0039527200011806275,0.031416086392867804,shrink_mean:rule
2018-03,0.0025012344032640677,0.002406450391231855,0.047392006016106165,shrink_mean:rule
2018-04,0.001743814943842794,0.0016842239236341849,0.029795510104304913,shrink_mean:rule
2018-05,0.006101264542897364,0.0060349412405740375,0.03316165116166315,shrink_mean:rule
2018-06,0.003753571956663228,0.0036885335300497275,0.03251921330675016,shrink_mean:rule
2018-07,0.005529613777046005,0.005471005213412989,0.029304281816508217,shrink_mean:rule
2018-08,0.00395363961812217,0.0038976777832226057,0.027980917449782147,shrink_mean:rule
2018-09,0.010977496109835573,0.010924199122718406,0.026648493558583806,shrink_mean:rule
2018-10,0.002474932359824032,0.002415204156126163,0.02986410184893462,shrink_mean:rule
2018-11,-0.002064238762962067,-0.0021243809449861305,0.030071091012031734,shrink_mean:rule
2018-12,-0.0016228519840098285,-0.0016840805187026584,0.030614267346414925,shrink_mean:rule
2019-01,0.00506014364567235,0.00501516702906987,0.022488308301240045,shrink_mean:rule
2019-02,-0.003961969664022794,-0.004020863224605642,0.029446780291423502,shrink_mean:rule
2019-03,0.0033268137796125434,0.003276167103841389,0.025323337885577123,shrink_mean:rule
2019-04,0.002051961118368231,0.0020071319717484266,0.022414573309902104,shrink_mean:rule
2019-05,0.0024806377898549748,0.002423756532575245,0.028440628639864827,shrink_mean:rule
2019-06,0.004469205594241085,0.004416212804611937,0.02649639481457412,shrink_mean:rule
2019-07,0.0053929488815392355,0.0053536657837941135,0.01964154887256122,shrink_mean:rule
2019-08,0.0005570308359049545,0.0004978088005154885,0.029611017694733024,shrink_mean:rule
2019-09,-0.0010824704561088361,-0.0011317960484041518,0.024662796147657904,shrink_mean:rule
2019-10,-8.732493764171566e-05,-0.0001346510512370509,0.02366305679766766,shrink_mean:rule
2019-11,0.003032867542050004,0.0029857959231875814,0.02353580943121153,shrink_mean:rule
2019-12,0.0032190901410341756,0.0031707812884839456,0.024154426275114913,shrink_mean:rule
2020-01,0.0014772358942281127,0.0014362290802703106,0.020503406978901014,shrink_mean:rule
2020-02,0.004054711652158637,0.00399518719501999,0.02976222856932357,shrink_mean:rule
2020-03,0.006237029325711987,0.00617766601495916,0.029681655376412753,shrink_mean:rule
2020-04,-0.005296721906809101,-0.005417341504376705,0.06030979878380234,shrink_mean:rule
2020-05,-0.0011284786515024633,-0.0012338155751661858,0.052668461831861337,shrink_mean:rule
2020-06,-0.007581951259879855,-0.007649207422639329,0.03362808137973747,shrink_mean:rule
2020-07,0.0017291702961089483,0.001627681990598643,0.05074415275515249,shrink_mean:rule
2020-08,-0.004023741324800717,-0.004116913250961424,0.046585963080354016,shrink_mean:rule
2020-09,-0.0010525964423410044,-0.0011192055315110297,0.033304544585012745,shrink_mean:rule
2020-10,0.0054726496056942955,0.005407444198345271,0.03260270367451213,shrink_mean:rule
2020-11,-0.019096331813235803,-0.01915533644993245,0.029502318348325396,shrink_mean:rule
2020-12,-0.0046311163627091485,-0.004749021118102831,0.058952377696841,shrink_mean:rule
2021-01,0.005080331626761169,0.005002302829738272,0.03901439851144796,shrink_mean:rule
2021-02,-0.0015461742986236113,-0.0016140838193972335,0.03395476038681102,shrink_mean:rule
2021-03,0.003113218786384596,0.0030294871385849313,0.041865823899832316,shrink_mean:rule
2021-04,0.002181739772073488,0.0021173377046978335,0.03220103368782735,shrink_mean:rule
2021-05,-0.00027626221397166275,-0.000357645291499575,0.040691538763956175,shrink_mean:rule
2021-06,-0.004379181383469741,-0.004439389732721171,0.030104174625715095,shrink_mean:rule
2021-07,0.003833838769023887,0.0037669558477481757,0.03344146063785596,shrink_mean:rule
2021-08,-0.0005778885301304951,-0.0006300966101047782,0.026104039987141673,shrink_mean:rule
2021-09,0.004617959133758478,0.004550160402458578,0.033899365649950414,shrink_mean:rule
2021-10,0.0010278954235274746,0.0009682720122678262,0.029811705629824128,shrink_mean:rule
2021-11,0.007491309751528689,0.007432038924525874,0.02963541350140796,shrink_mean:rule
2021-12,0.009410280014847018,0.009333958023235946,0.038160995805534934,shrink_mean:rule
2022-01,0.00852030491828742,0.008467073086671852,0.026615915807783764,shrink_mean:rule
2022-02,0.010026297011426282,0.009956835302753738,0.03473085433627137,shrink_mean:rule
2022-03,0.0047623719932969695,0.0046922724670591534,0.03504976311890782,shrink_mean:rule
2022-04,0.011168549525055594,0.011092443378451557,0.03805307330201921,shrink_mean:rule
2022-05,0.005394327017141379,0.005320583868856507,0.03687157414243597,shrink_mean:rule
2022-06,-0.0008900663793353986,-0.0009558130409882675,0.03287333082643446,shrink_mean:rule
2022-07,-0.00133060032890199,-0.0013981860431928415,0.0337928571454258,shrink_mean:rule
2022-08,-0.001822137045410701,-0.0018773779788742874,0.027620466731792918,shrink_mean:rule
2022-09,0.004270881882559776,0.004210671051096454,0.030105415731660944,shrink_mean:rule
2022-10,0.0032457998606513065,0.003181186006782938,0.03230692693418395,shrink_mean:rule
2022-11,-0.0010603853811341957,-0.0011379524869969881,0.03878355293139613,shrink_mean:rule
2022-12,0.006864195321215693,0.00679550501898555,0.034345151115070985,shrink_mean:rule
2023-01,0.0026822455563140953,0.0026224689271543266,0.029888314579884338,shrink_mean:rule
2023-02,0.0036788930431436643,0.0036086686422225106,0.03511220046057687,shrink_mean:rule
2023-03,0.0035623868209335957,0.003515327070436035,0.023529875248780408,shrink_mean:rule
2023-04,-0.0005273541473456842,-0.0005829973181281164,0.02782158539121611,shrink_mean:rule
2023-05,-0.0026670313143686906,-0.0027247317266990523,0.02885020616518107,shrink_mean:rule
2023-06,0.0047407376777340885,0.004684899858718798,0.027918909507645463,shrink_mean:rule
2023-07,0.0031307367079831004,0.0030765436981744594,0.027096504904320473,shrink_mean:rule
2023-08,0.0030715208804054663,0.0030075101505278377,0.03200536493881406,shrink_mean:rule
2023-09,0.007510179194193697,0.0074576334983422745,0.02627284792571148,shrink_mean:rule
2023-10,0.007134306903860973,0.007079478715150597,0.02741409435518862,shrink_mean:rule
2023-11,-0.004021003959698124,-0.0041151973411414555,0.04709669072166553,shrink_mean:rule
2023-12,0.004710597653157306,0.004656460638007235,0.027068507575035608,shrink_mean:rule
2024-01,0.012315666252358836,0.012260571818821625,0.027547216768606043,shrink_mean:rule
2024-02,-0.0010250039282979169,-0.0010892900881111197,0.032143079906601355,shrink_mean:rule
2024-03,0.003836660207133033,0.003775806096282876,0.03042705542507854,shrink_mean:rule
2024-04,0.002196576125305631,0.002117608005914437,0.039484059695596825,shrink_mean:rule
2024-05,0.0037040597316726487,0.0036261156714215326,0.03897203012555826,shrink_mean:rule
2024-06,0.003787534609692775,0.003723034903019631,0.03224985333657244,shrink_mean:rule
2024-07,0.0016215088403542118,0.0015795680806591314,0.020970379847540077,shrink_mean:rule
2024-08,0.002668587902941322,0.0026198515697896003,0.024368166575860935,shrink_mean:rule
2024-09,-0.00011640965040348352,-0.00016308039837330317,0.023335373984909754,shrink_mean:rule
2024-10,-0.0005551311256916327,-0.0005998899817192445,0.022379428013805935,shrink_mean:rule
2024-11,0.010866119892836092,0.010811788785131057,0.027165553852517788,shrink_mean:rule
2024-12,0.002255905252728956,0.002205664712154077,0.025120270287439583,shrink_mean:rule
2025-01,0.004255634295092368,0.004210473010603226,0.022580642244571094,shrink_mean:rule
2025-02,0.00404822133952586,0.003993863755678347,0.027178791923756027,shrink_mean:rule
2025-03,0.005277468653890356,0.005227787594681407,0.024840529604474613,shrink_mean:rule
2025-04,-0.00025694327362115035,-0.0003122761307962065,0.027666428587528172,shrink_mean:rule
2025-05,-0.0001022482579254028,-0.00016269735122255088,0.030224546648573925,shrink_mean:rule
2025-06,-0.003956108280418528,-0.004015241050649832,0.02956638511565215,shrink_mean:rule
2025-07,-0.0013584951238002614,-0.0014012633583292068,0.0213841172644727,shrink_mean:rule
2025-08,-0.001190686989189211,-0.0012461280352528358,0.027720523031812324,shrink_mean:rule
2025-09,0.0031758793467740755,0.003124157503736329,0.025860921518873304,shrink_mean:rule
2025-10,0.006972859382185253,0.006915401160133523,0.02872911102586434,shrink_mean:rule
2025-11,0.005614246393728058,0.005545072847515874,0.034586773106091796,shrink_mean:rule
2025-12,0.007215097374497651,0.007169664000770989,0.022716686863330768,shrink_mean:rule
