target_month,gross,net,turnover,strategy
2000-01,0.00533078611375814,0.00533078611375814,0.0,enet:dm_only
2000-02,0.017275536659053972,0.015324585144009849,0.9754757575220612,enet:dm_only
2000-03,-0.0021975460124568345,-0.004125823542586423,0.9641387650647946,enet:dm_only
2000-04,-0.017536696581704106,-0.019492333672535014,0.9778185454154545,enet:dm_only
2000-05,-0.004315944304299529,-0.006417265092933242,1.0506603943168564,enet:dm_only
2000-06,-0.007098534236979074,-0.009061749071236361,0.9816074171286446,enet:dm_only
2000-07,-0.001760212588745977,-0.0037635422811935146,1.001664846223769,enet:dm_only
2000-08,-0.006574352281970899,-0.008401894667873108,0.9137711929511038,enet:dm_only
2000-09,0.0009267042461985317,-0.0009737803846810811,0.9502423154398063,enet:dm_only
2000-10,0.0009133269580656096,-0.0008175356003366898,0.8654312792011496,enet:dm_only
2000-11,0.00787649467956752,0.006284362735706619,0.7960659719304511,enet:dm_only
2000-12,0.0012960086743380901,-0.0003599279346865091,0.8279683045122996,enet:dm_only
2001-01,-0.014213376999572992,-0.01605072755395968,0.9186752771933447,enet:dm_only
2001-02,0.006694514947690213,0.004531637912628915,1.0814385175306493,enet:dm_only
2001-03,0.0279864477613523,0.025882459300687565,1.051994230332367,enet:dm_only
2001-04,0.004786590792337995,0.0030682396825977413,0.859175554870127,enet:dm_only
2001-05,0.009941088189250763,0.007991995573822349,0.9745463077142072,enet:dm_only
2001-06,-0.0017765215344643093,-0.00340643218854435,0.8149553270400202,enet:dm_only
2001-07,0.01805366929394365,0.016225025778042603,0.9143217579505216,enet:dm_only
2001-08,-0.005645791777711253,-0.007211342395143279,0.7827753087160136,enet:dm_only
2001-09,0.012497896001429764,0.01061012868777772,0.9438836568260228,enet:dm_only
2001-10,-0.01937027207366211,-0.021241045356433483,0.9353866413856866,enet:dm_only
2001-11,0.0032027747725853375,0.0009352932125420265,1.1337407800216561,enet:dm_only
2001-12,0.013354367414915302,0.011406720540012204,0.973823437451549,enet:dm_only
2002-01,0.00037533564760933933,-0.0016370316944279686,1.0061836710186542,enet:dm_only
2002-02,0.007758975282774724,0.00623034737581458,0.7643139534800725,enet:dm_only
2002-03,0.011512365079497397,0.010139179909845177,0.6865925848261095,enet:dm_only
2002-04,0.006795553908775927,0.005594182319700323,0.6006857945378024,enet:dm_only
2002-05,0.005466562623336442,0.00412304178324988,0.6717604200432808,enet:dm_only
2002-06,0.006259719766230144,0.004930096839124821,0.6648114635526612,enet:dm_only
2002-07,0.0037886380845653053,0.002505603126269713,0.6415174791477961,enet:dm_only
2002-08,0.0021476045537094095,0.0009141917355220385,0.6167064090936855,enet:dm_only
2002-09,0.00550798166697641,0.004195611554790957,0.6561850560927259,enet:dm_only
2002-10,0.0014310176363369724,0.00022675349039131716,0.6021320729728274,enet:dm_only
2002-11,0.0029244701796009385,0.001371001274456622,0.7767344525721579,enet:dm_only
2002-12,0.003261948890530177,0.001973401217936313,0.644273836296932,enet:dm_only
2003-01,0.001890988265384848,0.0006006635189102325,0.6451623732373076,enet:dm_only
2003-02,0.0003411888579068155,-0.0006380274179183821,0.48960813791259894,enet:dm_only
2003-03,0.010201860947162217,0.009168226086735506,0.5168174302133554,enet:dm_only
2003-04,-0.005009307283537796,-0.0057151013118995906,0.35289701418089764,enet:dm_only
2003-05,0.0035659144689667824,0.0023434280739697794,0.6112431974985018,enet:dm_only
2003-06,0.005853270769922683,0.004673525601362405,0.5898725842801388,enet:dm_only
2003-07,0.008651493379382943,0.007590569729763341,0.5304618248098006,enet:dm_only
2003-08,0.005048213893585723,0.003958472976666475,0.5448704584596241,enet:dm_only
2003-09,-0.003009948333455056,-0.004211516878621299,0.6007842725831221,enet:dm_only
2003-10,0.011444762066947016,0.010313342506954006,0.5657097799965055,enet:dm_only
2003-11,0.0011228281960777805,6.64830482776331e-05,0.5281725739000739,enet:dm_only
2003-12,0.0006120280364398783,-0.0005416606726600509,0.5768443545499649,enet:dm_only
2004-01,-0.008230038980940269,-0.009404678540904229,0.58731977998198,enet:dm_only
2004-02,0.002375683377776333,0.0010059318250595977,0.6848757763583679,enet:dm_only
2004-03,0.0021711738805299365,0.0010260735997773924,0.5725501403762718,enet:dm_only
2004-04,0.0023462240092237754,0.0012306311251260678,0.5577964420488539,enet:dm_only
2004-05,-0.006223426190399144,-0.007323881196986222,0.5502275032935389,enet:dm_only
2004-06,0.002849727255143184,0.0017184409147983693,0.5656431701724075,enet:dm_only
2004-07,0.005249396542204967,0.0042348620849151685,0.5072672286448991,enet:dm_only
2004-08,0.004115866453471261,0.003180821128464727,0.46752266250326713,enet:dm_only
2004-09,0.004009566093909244,0.003010951441977535,0.49930732596585437,enet:dm_only
2004-10,0.011186437185608761,0.010212180788005537,0.48712819880161173,enet:dm_only
2004-11,0.003970911657825238,0.003089909008248487,0.4405013247883752,enet:dm_only
2004-12,0.008302989276281694,0.00719534665654495,0.5538213098683715,enet:dm_only
2005-01,-0.002019548342299123,-0.0031921845441859626,0.5863181009434197,enet:dm_only
2005-02,0.004173792229017912,0.003070537911901815,0.5516271585580487,enet:dm_only
2005-03,0.008752775070735205,0.0076349810065118855,0.5588970321116593,enet:dm_only
2005-04,0.014190728207377802,0.013099307786264277,0.5457102105567628,enet:dm_only
2005-05,-0.015179064605603875,-0.016092079355875265,0.45650737513569606,enet:dm_only
2005-06,0.002915968634286119,0.0015906649616375945,0.6626518363242624,enet:dm_only
2005-07,0.003138967864407345,0.0020622158915561367,0.5383759864256041,enet:dm_only
2005-08,0.00035288670106487744,-0.0007223994224294374,0.5376430617471574,enet:dm_only
2005-09,0.003343356757639141,0.002103426451931439,0.6199651528538509,enet:dm_only
2005-10,0.0005962970637906854,-0.0004836730981498051,0.5399850809702452,enet:dm_only
2005-11,-0.003637571326613225,-0.004708692305742787,0.535560489564781,enet:dm_only
2005-12,-0.0010563445462294558,-0.0021601751173917017,0.5519152855811227,enet:dm_only
2006-01,0.004217785351303776,0.003047234711417631,0.5852753199430727,enet:dm_only
2006-02,0.004898972058287073,0.0034173174820473317,0.7408272881198703,enet:dm_only
2006-03,-0.01029875561138569,-0.011614230275310397,0.6577373319623545,enet:dm_only
2006-04,0.008049191642957575,0.006741745235240087,0.6537232038587438,enet:dm_only
2006-05,0.0006530368843366332,-0.0006107606602209899,0.6318987722788115,enet:dm_only
2006-06,0.01467108345964439,0.01348015948825375,0.5954619856953186,enet:dm_only
2006-07,-0.005563131453367093,-0.006743670645024659,0.5902695958287826,enet:dm_only
2006-08,-0.006168470289287624,-0.007543995096170698,0.6877624034415375,enet:dm_only
2006-09,0.002808348324499895,0.0014883993787046044,0.659974472897645,enet:dm_only
2006-10,-0.0027185412780101584,-0.003864695133492196,0.5730769277410188,enet:dm_only
2006-11,0.009540237572061946,0.008314994609917891,0.612621481072027,enet:dm_only
2006-12,0.0018548632607071683,0.0007487722123737835,0.5530455241666924,enet:dm_only
2007-01,0.005873133330574231,0.004622865641378059,0.6251338445980862,enet:dm_only
2007-02,0.0015747034689999146,0.0003094785429745829,0.6326124630126659,enet:dm_only
2007-03,0.006064912661558282,0.00490540185254175,0.5797554045082665,enet:dm_only
2007-04,0.0062680167527517745,0.005121588623330285,0.5732140647107447,enet:dm_only
2007-05,0.001123011243339053,-5.83239204618095e-05,0.5906675819004311,enet:dm_only
2007-06,-0.002412355075594648,-0.0037404929083720913,0.6640689163887215,enet:dm_only
2007-07,-0.00040376255744276784,-0.0018910613099929624,0.7436493762750971,enet:dm_only
2007-08,0.0018162501501895877,0.00042362315424877996,0.6963134979704039,enet:dm_only
2007-09,0.0027496617667537387,0.0013631007124104203,0.6932805271716592,enet:dm_only
2007-10,0.011667049061125206,0.010378218367668085,0.6444153467285605,enet:dm_only
2007-11,0.0029522906894450577,0.0016573333485128878,0.6474786704660849,enet:dm_only
2007-12,0.004452637178088743,0.0029625937616170974,0.7450217082358231,enet:dm_only
2008-01,0.0020517871957923066,0.0008284793365608265,0.6116539296157399,enet:dm_only
2008-02,-0.0012347380514839024,-0.002716265019349954,0.7407634839330259,enet:dm_only
2008-03,0.0045902077184740995,0.003139434227156985,0.7253867456585574,enet:dm_only
2008-04,0.002437779631178174,0.001051718627877422,0.6930305016503763,enet:dm_only
2008-05,-0.003702218944444689,-0.005155104729847347,0.7264428927013284,enet:dm_only
2008-06,0.00978256975302617,0.008401606218712184,0.690481767156993,enet:dm_only
2008-07,-0.003951705066162486,-0.005128588262120647,0.5884415979790804,enet:dm_only
2008-08,0.009235929944140615,0.007735274793989181,0.7503275750757165,enet:dm_only
2008-09,0.013539640639856266,0.012368072628252047,0.5857840058021088,enet:dm_only
2008-10,0.0330691713602072,0.0319429481850507,0.5631115875782483,enet:dm_only
2008-11,0.018571808047770588,0.0174608572711028,0.5554753883338948,enet:dm_only
2008-12,-0.004594748843257088,-0.005837240104096388,0.6212456304196489,enet:dm_only
2009-01,0.0006069355353373692,-0.0008530238735647219,0.7299797044510457,enet:dm_only
2009-02,0.0064650290507414915,0.00493838864532692,0.7633202027072857,enet:dm_only
2009-03,-0.010994247703246075,-0.01222781137533966,0.6167818360467928,enet:dm_only
2009-04,-0.015143435451135697,-0.01673712246687632,0.796843507870311,enet:dm_only
2009-05,0.012074357451964546,0.010229423922825708,0.9224667645694195,enet:dm_only
2009-06,-0.003736482893281035,-0.005423618095063535,0.8435676008912499,enet:dm_only
2009-07,0.003769574534026722,0.001948480428138888,0.9105470529439167,enet:dm_only
2009-08,0.0012983157063576134,-8.757693006525122e-05,0.6929463182114323,enet:dm_only
2009-09,0.005227974849567407,0.00382119615317766,0.7033893481948732,enet:dm_only
2009-10,0.001394275906939078,0.0001282904026658865,0.6329927521365956,enet:dm_only
2009-11,0.0019060535750550897,0.0005749690577424206,0.6655422586563347,enet:dm_only
2009-12,-0.002216071406752791,-0.003463372639048398,0.6236506161478036,enet:dm_only
2010-01,-0.0015794601780397168,-0.0029838059403281478,0.702172881144215,enet:dm_only
2010-02,-0.0024886701663058186,-0.004028322503543826,0.7698261686190037,enet:dm_only
2010-03,-0.002926994125039385,-0.004545938169872501,0.809472022416558,enet:dm_only
2010-04,0.005309711332832581,0.0038472776797854884,0.7312168265235464,enet:dm_only
2010-05,0.004422983081531296,0.0030610177586496744,0.6809826614408108,enet:dm_only
2010-06,0.008148975050907852,0.006874539682311989,0.6372176842979315,enet:dm_only
2010-07,-0.001431307835084373,-0.0025608943248061167,0.5647932448608721,enet:dm_only
2010-08,0.0034301187868623615,0.002019013852481683,0.7055524671903391,enet:dm_only
2010-09,0.0016512315827658614,0.00026080659830141545,0.6952124922322228,enet:dm_only
2010-10,0.006268338901142309,0.00483834604366093,0.7149964287406894,enet:dm_only
2010-11,0.008830696398327465,0.007502471314067244,0.6641125421301104,enet:dm_only
2010-12,0.005706107380965011,0.004392958386825377,0.6565744970698165,enet:dm_only
2011-01,0.005262442083727794,0.003976431292384959,0.6430053956714171,enet:dm_only
2011-02,-0.0016734921711332995,-0.003077387947089862,0.7019478879782809,enet:dm_only
2011-03,-0.00035750473621881657,-0.0017383747232490952,0.690434993515139,enet:dm_only
2011-04,0.007755023433605244,0.006420053491114196,0.6674849712455239,enet:dm_only
2011-05,0.004350900327023749,0.0031642875031226703,0.5933064119505393,enet:dm_only
2011-06,0.00460666025599291,0.0034065375858765958,0.6000613350581576,enet:dm_only
2011-07,0.006280647717579922,0.005189525046498525,0.5455613355406983,enet:dm_only
2011-08,0.009546457935114295,0.008495622408496491,0.5254177633089012,enet:dm_only
2011-09,0.01211898253581247,0.011029704556321594,0.5446389897454373,enet:dm_only
2011-10,-0.007935263554695291,-0.009126674836151118,0.5957056407279137,enet:dm_only
2011-11,0.0025312703632592577,0.0009939087956943235,0.7686807837824672,enet:dm_only
2011-12,0.004065109518508169,0.002590505517933975,0.737302000287097,enet:dm_only
2012-01,-0.01879057976524027,-0.019802918397173627,0.5061693159666796,enet:dm_only
2012-02,-0.002066923813499862,-0.0034860488406813555,0.709562513590747,enet:dm_only
2012-03,0.007996614666415618,0.006653900958571081,0.671356853922269,enet:dm_only
2012-04,0.0053925319723745,0.004227661810440334,0.5824350809670832,enet:dm_only
2012-05,0.01054089814819496,0.009485184285555254,0.5278569313198527,enet:dm_only
2012-06,0.005245323698565479,0.004218329330763684,0.5134971839008977,enet:dm_only
2012-07,0.006688473148583484,0.005611924633582357,0.538274257500564,enet:dm_only
2012-08,0.005221051352397784,0.004175089452728813,0.5229809498344855,enet:dm_only
2012-09,-0.0012624209077642095,-0.0022764487968996833,0.5070139445677371,enet:dm_only
2012-10,0.0023112319989823517,0.0011422641009563629,0.5844839490129944,enet:dm_only
2012-11,0.0074841444509417265,0.006359536072611489,0.5623041891651188,enet:dm_only
2012-12,-0.0029447307542841204,-0.003971316955458974,0.5132931005874267,enet:dm_only
2013-01,0.0029825377978069363,0.0017604093480145775,0.6110642248961796,enet:dm_only
2013-02,0.0037987626851304344,0.0026127231408233217,0.5930197721535563,enet:dm_only
2013-03,0.009132469597065592,0.00807232287722527,0.530073359920162,enet:dm_only
2013-04,0.009269515671805877,0.008366937857547965,0.4512889071289558,enet:dm_only
2013-05,0.0033027405095356634,0.002333510928495483,0.48461479052009004,enet:dm_only
2013-06,0.0035132805014445375,0.002277585396081863,0.6178475526813373,enet:dm_only
2013-07,0.009218645322096961,0.007996169524600853,0.6112378987480548,enet:dm_only
2013-08,-0.0010691871219991067,-0.0023077485948421145,0.619280736421504,enet:dm_only
2013-09,-0.005352147907810752,-0.006713721773314257,0.6807869327517526,enet:dm_only
2013-10,-0.0007622745886915885,-0.0020230524140113612,0.6303889126598865,enet:dm_only
2013-11,-0.0004942223661592841,-0.00163791442829994,0.571846031070328,enet:dm_only
2013-12,0.004062270503571309,0.0030245838251393158,0.5188433392159968,enet:dm_only
2014-01,0.0006850118908878825,-0.00022838946174816188,0.4567006763180222,enet:dm_only
2014-02,0.004861552383757367,0.003759183409687672,0.5511844870348475,enet:dm_only
2014-03,0.0013664693730826704,0.00028180716792478705,0.5423311025789416,enet:dm_only
2014-04,0.0011105634319207225,-4.641458960943331e-05,0.5784890107650781,enet:dm_only
2014-05,-0.00048324944671027434,-0.0016327798004450666,0.5747651768673959,enet:dm_only
2014-06,0.003313060720400767,0.0021379035996738458,0.5875785603634603,enet:dm_only
2014-07,0.000966539607310806,-0.00016122314649947244,0.5638813769051393,enet:dm_only
2014-08,0.0029953147037729473,0.0018873052770557327,0.5540047133586075,enet:dm_only
2014-09,-0.001901892714913201,-0.0029498486775650316,0.5239779813259154,enet:dm_only
2014-10,0.002762279857806142,0.0017173602926000711,0.5224597826030353,enet:dm_only
2014-11,0.008691668252133251,0.007638749536882198,0.5264593576255261,enet:dm_only
2014-12,0.01294166366664546,0.011961777923488,0.4899428715787296,enet:dm_only
2015-01,0.005436871133876769,0.004477856320460972,0.47950740670789843,enet:dm_only
2015-02,-0.00036608633106674726,-0.0015093273263450358,0.5716204976391445,enet:dm_only
2015-03,0.0035167516477613518,0.002314496011952379,0.6011278179044865,enet:dm_only
2015-04,-0.010594908320800227,-0.011757713963472055,0.5814028213359145,enet:dm_only
2015-05,-0.00014065072491507784,-0.0016062690961063982,0.7328091855956604,enet:dm_only
2015-06,0.0023914207841957396,0.001002882318926148,0.694269232634796,enet:dm_only
2015-07,0.008077083342632288,0.007047239284840859,0.5149220288957145,enet:dm_only
2015-08,0.007435904439248533,0.006391219442882615,0.5223424981829592,enet:dm_only
2015-09,0.0035292413642425036,0.0024520050544252717,0.5386181549086162,enet:dm_only
2015-10,-0.003971081320292565,-0.005104668891390806,0.5667937855491211,enet:dm_only
2015-11,0.0023624943083821594,0.0011202233828268061,0.6211354627776766,enet:dm_only
2015-12,-0.0003011322874868829,-0.0015223765523789583,0.6106221324460376,enet:dm_only
2016-01,0.001863798066962021,0.0006640092685380591,0.599894399211981,enet:dm_only
2016-02,6.003078328418613e-05,-0.0011412797254860651,0.6006552543851258,enet:dm_only
2016-03,-0.004862375522892167,-0.006148205505605835,0.6429149913568346,enet:dm_only
2016-04,0.0035907250504806265,0.00223641407989096,0.6771554852948334,enet:dm_only
2016-05,0.001454231917338714,0.00019629982975486268,0.6289660437919256,enet:dm_only
2016-06,-0.0016206188296598355,-0.0028512875143731986,0.6153343423566815,enet:dm_only
2016-07,-0.0005583136905111751,-0.0016522497483310167,0.5469680289099207,enet:dm_only
2016-08,0.005800025590498186,0.004587352674132074,0.6063364581830565,enet:dm_only
2016-09,0.006131828294086029,0.005057137861701225,0.5373452161924018,enet:dm_only
2016-10,0.0013101552505844958,0.0004564146264647868,0.42687031205985426,enet:dm_only
2016-11,-0.0024482464652935466,-0.003500634028078885,0.5261937813926694,enet:dm_only
2016-12,0.0006715687491801506,-0.0005586922127956968,0.6151304809879238,enet:dm_only
2017-01,0.00287617006518045,0.0017360405683686652,0.5700647484058927,enet:dm_only
2017-02,-0.0004961106028053951,-0.001678554651577164,0.5912220243858844,enet:dm_only
2017-03,0.002394222569807774,0.00127593972995976,0.559141419924007,enet:dm_only
2017-04,-0.00023290652795224508,-0.0013318146746515293,0.5494540733496422,enet:dm_only
2017-05,0.004644870265361006,0.00360020471867171,0.5223327733446481,enet:dm_only
2017-06,0.0005625281126139187,-0.000596552727536022,0.5795404200749702,enet:dm_only
2017-07,0.0019382184455818737,0.000862785939786962,0.5377162528974557,enet:dm_only
2017-08,0.003402132928984954,0.002260247869826847,0.5709425295790537,enet:dm_only
2017-09,0.0015290348232176415,0.000548409210730495,0.49031280624357315,enet:dm_only
2017-10,0.0037127346536234562,0.0027248210141951027,0.4939568197141767,enet:dm_only
2017-11,0.0021173916333796137,0.0009913549607443737,0.5630183363176201,enet:dm_only
2017-12,0.003556176655303588,0.0023624325806910966,0.5968720373062459,enet:dm_only
2018-01,0.004228498867419035,0.003029875322981692,0.5993117722186714,enet:dm_only
2018-02,0.0022564727468996756,0.0009635893770826258,0.6464416849085248,enet:dm_only
2018-03,0.004192646362576259,0.0030163826817166182,0.5881318404298205,enet:dm_only
2018-04,0.0006495312765614908,-0.0004096122939669178,0.5295717852642045,enet:dm_only
2018-05,0.0026455046531951546,0.0014186780970290357,0.6134132780830592,enet:dm_only
2018-06,0.002791834912689036,0.001544518827797047,0.6236580424459944,enet:dm_only
2018-07,0.002676987315627506,0.001554357294414454,0.5613150106065259,enet:dm_only
2018-08,0.0043283229323109445,0.0032042560709528082,0.5620334306790681,enet:dm_only
2018-09,0.013176755441020942,0.012062091377522188,0.5573320317493764,enet:dm_only
2018-10,0.004074945070146621,0.0030468177460281436,0.5140636620592388,enet:dm_only
2018-11,-0.003065636735128151,-0.004168654113562676,0.5515086892172619,enet:dm_only
2018-12,0.00488730420812697,0.0035059215405287155,0.6906913337991275,enet:dm_only
2019-01,-0.0017614781683317439,-0.0028792097358842183,0.5588657837762375,enet:dm_only
2019-02,-0.0054515712851561015,-0.006726265761264685,0.6373472380542905,enet:dm_only
2019-03,0.0051140433700668855,0.003876104218613825,0.6189695757265304,enet:dm_only
2019-04,0.0016995526928787793,0.0007128049525173094,0.49337387018073486,enet:dm_only
2019-05,0.0020248575859487554,0.0009625594241304533,0.531149080909151,enet:dm_only
2019-06,0.0027777549183494636,0.001594585463791111,0.5915847272791764,enet:dm_only
2019-07,0.005744045800405496,0.004637193369135459,0.553426215635019,enet:dm_only
2019-08,0.0038044764470591425,0.002820799304698027,0.49183857118055785,enet:dm_only
2019-09,-0.002686846549076561,-0.003749656932957095,0.5314051919402671,enet:dm_only
2019-10,0.0019373610903319594,0.0007370374963775037,0.6001617969772279,enet:dm_only
2019-11,0.0013557763160322639,0.0002846359094654381,0.535570203283413,enet:dm_only
2019-12,0.005100258432293257,0.003966270120262512,0.5669941560153722,enet:dm_only
2020-01,0.005292805951538141,0.004333516977258839,0.47964448713965063,enet:dm_only
2020-02,0.009469282305968356,0.008437596505598052,0.5158429001851513,enet:dm_only
2020-03,0.01636125913956209,0.01537109522106721,0.49508195924744136,enet:dm_only
2020-04,-0.018505941563863062,-0.01993375203453879,0.7139052353378654,enet:dm_only
2020-05,-0.0010975756655789205,-0.003084708198460356,0.9935662664407175,enet:dm_only
2020-06,-0.0036120695373182852,-0.005204905652814362,0.7964180577480385,enet:dm_only
2020-07,0.0042183193689632114,0.0027514218951135783,0.7334487369248159,enet:dm_only
2020-08,0.0014020762854128352,-5.7575612125178404e-06,0.7039169233126764,enet:dm_only
2020-09,-0.003984345337014591,-0.005391417634203827,0.7035361485946174,enet:dm_only
2020-10,0.0018242033394630984,0.0003922931709542197,0.7159550842544393,enet:dm_only
2020-11,-0.024330562334633436,-0.02555868051222021,0.6140590887933868,enet:dm_only
2020-12,0.0020183462704473783,0.00012091647561704665,0.9487148974151658,enet:dm_only
2021-01,0.001733772762304707,7.088362820194717e-05,0.8314445670513798,enet:dm_only
2021-02,0.00049105860640907,-0.000913115443472879,0.7020870249409745,enet:dm_only
2021-03,0.006930265971133233,0.005465333766880985,0.7324661021261236,enet:dm_only
2021-04,0.004799475223779719,0.003551034576024452,0.6242203238776335,enet:dm_only
2021-05,0.003529477702315131,0.002164017984231285,0.6827298590419228,enet:dm_only
2021-06,-0.0038242415138935557,-0.00514656458418862,0.6611615351475324,enet:dm_only
2021-07,0.004282209624630388,0.0030227446304895668,0.6297324970704111,enet:dm_only
2021-08,-0.0015560126357924394,-0.002746002738358924,0.594995051283242,enet:dm_only
2021-09,0.007399853059643896,0.0061201025559742125,0.639875251834842,enet:dm_only
2021-10,0.0018174768155308954,0.0006372687111132224,0.5901040522088364,enet:dm_only
2021-11,0.004758905005829642,0.003595115279215195,0.5818948633072234,enet:dm_only
2021-12,0.00808664916451221,0.006745937124388523,0.6703560200618437,enet:dm_only
2022-01,0.011094532936175657,0.010019838046985648,0.537347444595004,enet:dm_only
2022-02,0.007689983279296109,0.0067021590280049535,0.49391212564557724,enet:dm_only
2022-03,0.008852283433536277,0.007771385207216821,0.5404491131597271,enet:dm_only
2022-04,0.010442805621666162,0.009447153354192757,0.4978261337367027,enet:dm_only
2022-05,0.003990135719647807,0.0029918527421950282,0.49914148872638947,enet:dm_only
2022-06,0.0018859935140001678,0.000800229570092938,0.5428819719536148,enet:dm_only
2022-07,-0.005528203534507982,-0.006636593761711368,0.5541951136016933,enet:dm_only
2022-08,-0.0012066495937170395,-0.0023913990434818824,0.5923747248824214,enet:dm_only
2022-09,0.005955237829132145,0.004893152024483232,0.5310429023244565,enet:dm_only
2022-10,0.005086818366292245,0.004043696926005694,0.5215607201432753,enet:dm_only
2022-11,-0.00628893743926661,-0.0074080261353462965,0.5595443480398437,enet:dm_only
2022-12,0.00503792546265187,0.0037791846869042215,0.6293703878738242,enet:dm_only
2023-01,0.0006534223307944928,-0.0004391218422074158,0.5462720865009542,enet:dm_only
2023-02,0.007108684650412995,0.006041422275804177,0.5336311873044092,enet:dm_only
2023-03,0.0030137285307592783,0.00212866228592646,0.44253312241640913,enet:dm_only
2023-04,-0.0002952155080519724,-0.001320845823528176,0.5128151577381019,enet:dm_only
2023-05,-0.001738130064901738,-0.0026996195203476377,0.4807447277229499,enet:dm_only
2023-06,0.0013718169741946727,0.0003528009914807435,0.5095079913569646,enet:dm_only
2023-07,0.004172638357354191,0.003096418245483008,0.5381100559355909,enet:dm_only
2023-08,0.0016648362140195211,0.0005944930869108943,0.5351715635543136,enet:dm_only
2023-09,0.010510414472328318,0.00947140870459643,0.5195028838659433,enet:dm_only
2023-10,0.008053507833575098,0.007195616652105152,0.42894559073497346,enet:dm_only
2023-11,-0.009225672784034621,-0.010154582294707972,0.46445475533667474,enet:dm_only
2023-12,0.003267755820694475,0.002079091876430624,0.5943319721319255,enet:dm_only
2024-01,0.00860893001626919,0.0075443367185820875,0.5322966488435512,enet:dm_only
2024-02,5.3621674919571525e-05,-0.0010192034970300109,0.5364125859747912,enet:dm_only
2024-03,0.003453787180967563,0.002323855449271071,0.5649658658482459,enet:dm_only
2024-04,-0.00035859819090593956,-0.0014529050830505623,0.5471534460723112,enet:dm_only
2024-05,0.002017557915908155,0.00093995370993776,0.5388021029851976,enet:dm_only
2024-06,-0.0006853705760171872,-0.0017213587905139612,0.517994107248387,enet:dm_only
2024-07,0.00016670704754261277,-0.0008704784845329834,0.518592766037798,enet:dm_only
2024-08,0.003075953810337947,0.002033893542878795,0.521030133729576,enet:dm_only
2024-09,0.0004696388484522945,-0.00054210098489072,0.5058699166715074,enet:dm_only
2024-10,0.004378818521689968,0.0033047552129907053,0.5370316543496308,enet:dm_only
2024-11,0.009456784833257873,0.008392030088796078,0.5323773722308974,enet:dm_only
2024-12,0.0018675517084234226,0.0008133286115359322,0.5271115484437451,enet:dm_only
2025-01,0.0010241533339526456,0.00012072726249283027,0.45171303572990756,enet:dm_only
2025-02,0.004215489156626045,0.0031678036587277805,0.5238427489491323,enet:dm_only
2025-03,0.005765158835030006,0.004788657821214068,0.48825050690796895,enet:dm_only
2025-04,-0.0028526323819666956,-0.0038129657922309837,0.48016670513214427,enet:dm_only
2025-05,-0.0011373975935871311,-0.002210820632913257,0.5367115196630629,enet:dm_only
2025-06,-0.000403266952332634,-0.0014613396931786142,0.5290363704229902,enet:dm_only
2025-07,-5.669691494346429e-05,-0.0009915405488447437,0.4674218169506395,enet:dm_only
2025-08,0.0023827900569146094,0.0013271908946635733,0.5277995811255183,enet:dm_only
2025-09,0.0036014451680717696,0.0024828781788519398,0.559283494609915,enet:dm_only
2025-10,0.008694256084410705,0.007600274591849771,0.5469907462804667,enet:dm_only
2025-11,0.0014235030885734192,0.00026407597734222994,0.5797135556155948,enet:dm_only
2025-12,0.009504895631834242,0.008373936375800695,0.5654796280167739,enet:dm_only
2000-01,-0.009294174616525095,-0.009294174616525095,0.0,static_ew
2000-02,-0.0050977782652694426,-0.005141961494650721,0.022091614690639496,static_ew
2000-03,0.00795507788372919,0.007921431590514722,0.016823146607234538,static_ew
2000-04,0.0015812496011815978,0.0014975414272428438,0.04185408696937716,static_ew
2000-05,0.004936737707911596,0.004564011796841877,0.18636295553485913,static_ew
2000-06,0.013893549598272582,0.013710264968045642,0.09164231511347082,static_ew
2000-07,0.008285551336551277,0.008246367900018769,0.019591718266253874,static_ew
2000-08,-0.0013067448124274314,-0.0013236155747510523,0.008435381161810512,static_ew
2000-09,0.009663159550909144,0.009637218396236526,0.012970577336309628,static_ew
2000-10,0.012059560442535035,0.011991918238870854,0.033821101832090604,static_ew
2000-11,0.007810859721965218,0.007766771612625687,0.022044054669766257,static_ew
2000-12,0.0053917288665442185,0.005266521359542016,0.06260375350110112,static_ew
2001-01,-0.0043613422706945135,-0.004403432679973737,0.021045204639611702,static_ew
2001-02,0.013724558642463303,0.013720476397728564,0.0020411223673687078,static_ew
2001-03,0.019669174994897363,0.019613793593280113,0.02769070080862534,static_ew
2001-04,0.002532724626062318,0.0025124637247669343,0.010130450647692033,static_ew
2001-05,0.0035305995313474996,0.003269561518008229,0.13051900666963534,static_ew
2001-06,0.008180838092928458,0.008146693496540482,0.01707229819398765,static_ew
2001-07,0.007668436090974678,0.007644044438003913,0.012195826485382732,static_ew
2001-08,0.006444737899152218,0.006345821626893222,0.049458136129498134,static_ew
2001-09,0.014605106223526685,0.014572294162310323,0.016406030608181136,static_ew
2001-10,-0.005410537218567535,-0.00561933290809717,0.10439784476481727,static_ew
2001-11,-0.01488476349357051,-0.014896911384665767,0.006073945547629763,static_ew
2001-12,0.0024166257036852146,0.0024051786448616853,0.005723529411764706,static_ew
2002-01,-0.00012704749428162006,-0.00013580523176257744,0.004378868740478647,static_ew
2002-02,0.006962246729680718,0.006905986917118269,0.028129906281224314,static_ew
2002-03,0.006461168268242685,0.006380569951219447,0.0402991585116188,static_ew
2002-04,0.0030524775258939938,0.002931677926006179,0.060399799943907644,static_ew
2002-05,0.0007000701379270802,0.0005851019292714564,0.0574841043278119,static_ew
2002-06,0.005395744169403368,0.005322311388569975,0.036716390416696214,static_ew
2002-07,0.004568837362609699,0.004568837362609699,0.0,static_ew
2002-08,0.004353095373530568,0.004284123063048823,0.034486155240872216,static_ew
2002-09,0.01084896970679067,0.01082220169129026,0.013384007750204933,static_ew
2002-10,0.008617340119361862,0.008611536678125349,0.002901720618256054,static_ew
2002-11,-3.006821860233449e-05,-0.00015108793962205548,0.060509860509860514,static_ew
2002-12,0.009139937754823734,0.009087126822720766,0.026405466051483743,static_ew
2003-01,0.004759004932995577,0.004722111170665621,0.018446881164977762,static_ew
2003-02,0.004752619469462278,0.004703287233989561,0.024666117736358493,static_ew
2003-03,0.007967190684429852,0.007934909128909136,0.01614077776035817,static_ew
2003-04,-0.007536544436834222,-0.0076126845056404685,0.038070034403123565,static_ew
2003-05,0.003012271960941463,0.0027706828229631464,0.12079456898915815,static_ew
2003-06,0.0032532922223780054,0.00319588129180531,0.028705465286347626,static_ew
2003-07,0.001034760284058676,0.0009964918486307253,0.01913421771397525,static_ew
2003-08,0.003485467465019015,0.0034395437810649278,0.022961841977043672,static_ew
2003-09,-0.005429699221829456,-0.0057439199027712095,0.15711034047087685,static_ew
2003-10,0.003794349882139323,0.0037702343486954314,0.012057766721945829,static_ew
2003-11,0.005479239032350933,0.005458782433976717,0.010228299187108323,static_ew
2003-12,-0.0036536423473487096,-0.003691091407617979,0.01872453013463451,static_ew
2004-01,-0.009737737914639569,-0.009783936745048927,0.02309941520467837,static_ew
2004-02,0.004630589708208525,0.004546343398962216,0.04212315462315461,static_ew
2004-03,0.0029348626989472927,0.0028916680179452347,0.021597340501029023,static_ew
2004-04,0.001516429831284314,0.0014862315139766219,0.015099158653846152,static_ew
2004-05,0.0018381602487128764,0.0017300609767846582,0.054049635964109013,static_ew
2004-06,0.0054773955084024915,0.005437812856342322,0.019791326030085005,static_ew
2004-07,0.0037596263320666848,0.0037359376965997227,0.011844317733481135,static_ew
2004-08,0.0024880157929984305,0.002433803213683392,0.027106289657519166,static_ew
2004-09,0.001725905522163369,0.0016424394537439394,0.04173303420971473,static_ew
2004-10,0.005528794183583043,0.0054995126727441545,0.014640755419443936,static_ew
2004-11,0.0016702610324316792,0.0016033919126804239,0.03343455987562776,static_ew
2004-12,0.006230465727258088,0.00620062891911711,0.014918404070488951,static_ew
2005-01,-0.0002123807658949806,-0.0003965587550254155,0.09208899456521738,static_ew
2005-02,0.0024272658433558227,0.002405905540636133,0.010680151359844911,static_ew
2005-03,0.0032541080240067527,0.0032243647043847558,0.014871659810998411,static_ew
2005-04,0.0014765119526268325,0.0014542316134641404,0.011140169581346046,static_ew
2005-05,-0.0038526759838428586,-0.003946237481349877,0.046780748753509065,static_ew
2005-06,0.0017485461818437533,0.001733067736677808,0.007739222582972584,static_ew
2005-07,0.0014218946420461182,0.0014044793641331014,0.008707638956508508,static_ew
2005-08,0.0017182847663283624,0.00169726111792762,0.010511824200371285,static_ew
2005-09,-0.0023730173277459916,-0.002460678577536576,0.043830624895292346,static_ew
2005-10,0.002805632282674283,0.0027915738367152543,0.007029222979514402,static_ew
2005-11,-0.0022281318713710968,-0.0022707933652105104,0.02133074691970666,static_ew
2005-12,-0.003689190865313265,-0.003717216462460254,0.014012798573494675,static_ew
2006-01,9.25738267957905e-05,8.290174488344281e-05,0.004836040956173839,static_ew
2006-02,0.005621705480834758,0.005422792650280618,0.09945641527707018,static_ew
2006-03,0.0018325600759912612,0.0018268140442452296,0.0028730158730158706,static_ew
2006-04,0.0023760005995095076,0.002271524368652688,0.052238115428409886,static_ew
2006-05,0.00511232806539048,0.00505543742346486,0.028445320962809533,static_ew
2006-06,0.004311242258689078,0.004298802962465882,0.006219648111597565,static_ew
2006-07,0.0016112933359611861,0.0013605685752292502,0.12536238036596792,static_ew
2006-08,-0.0049213010397469135,-0.00504759748554367,0.06314822289837835,static_ew
2006-09,-0.001562209001671154,-0.0017252678204430164,0.08152940938593121,static_ew
2006-10,-8.958808370586092e-05,-0.00017052916547856222,0.04047054088635069,static_ew
2006-11,0.005666619432621639,0.005625922229351156,0.020348601635241634,static_ew
2006-12,0.0011733196213460292,0.0011611503196431432,0.006084650851443113,static_ew
2007-01,0.0026119600035522886,0.0025423294306943936,0.03481528642894777,static_ew
2007-02,-0.0023479037727364687,-0.0026438488337676134,0.14797253051557252,static_ew
2007-03,-0.0006023582092600908,-0.0006769920092052716,0.03731689997259044,static_ew
2007-04,0.0020107478559973696,0.0019045194754105975,0.05311419029338576,static_ew
2007-05,-0.004284245072683168,-0.004426458594226591,0.07110676077171152,static_ew
2007-06,-0.0021385971080241056,-0.002178231473576892,0.019817182776393282,static_ew
2007-07,-0.0027575993533367027,-0.0028841048009269877,0.06325272379514275,static_ew
2007-08,0.007296414155664324,0.007194773001877132,0.05082057689359569,static_ew
2007-09,0.0022120427900499035,0.0021461529246084177,0.032944932720742795,static_ew
2007-10,-0.0015008548597556168,-0.001684277454717203,0.09171129748079303,static_ew
2007-11,0.005076138168841042,0.004964381674902326,0.05587824696935779,static_ew
2007-12,0.00046792218979212024,0.00036372048360434466,0.052100853093887824,static_ew
2008-01,0.008442600056092533,0.008313387001695873,0.06460652719833028,static_ew
2008-02,0.0006647893898012508,0.000565916155433646,0.04943661718380262,static_ew
2008-03,0.0071666575084383755,0.007117782976294733,0.024437266071821576,static_ew
2008-04,0.0014274879484017606,0.0013844068682797338,0.021540540061013413,static_ew
2008-05,-0.0005861147265871439,-0.0006802462795017916,0.047065776457323835,static_ew
2008-06,0.008662626707498282,0.008630201022555111,0.016212842471585488,static_ew
2008-07,0.004242850886461106,0.004221799057830073,0.01052591431551664,static_ew
2008-08,0.008701277480643421,0.00867508648288502,0.013095498879201114,static_ew
2008-09,0.009909842766591745,0.009885106343473164,0.012368211559289872,static_ew
2008-10,0.02059309448566485,0.02055798008431015,0.01755720067735098,static_ew
2008-11,0.011105834014030314,0.011066340562319798,0.019746725855257642,static_ew
2008-12,-0.0041781587259673405,-0.004214952369596957,0.018396821814808298,static_ew
2009-01,0.00736090568940228,0.007328318187463356,0.016293750969462048,static_ew
2009-02,0.0034559841529437,0.003391397999961889,0.03229307649090513,static_ew
2009-03,-0.0011864242895024593,-0.0012202478989837252,0.016911804740633,static_ew
2009-04,-0.01773735235630576,-0.017771429654970382,0.017038649332312045,static_ew
2009-05,-0.021963332728203784,-0.022022005817667098,0.02933654473165522,static_ew
2009-06,0.008258920666306643,0.008255429024128869,0.0017458210888867882,static_ew
2009-07,-0.0013895754371024934,-0.0014326133902666737,0.021518976582090177,static_ew
2009-08,-0.00021867168720001343,-0.00024038632748351192,0.010857320141749331,static_ew
2009-09,-0.0019677531251670473,-0.001981459519889568,0.0068531973612604635,static_ew
2009-10,0.005164840626257567,0.00515531420987722,0.004763208190173451,static_ew
2009-11,0.003321376542655746,0.003308565629644496,0.006405456505624612,static_ew
2009-12,0.0012566252694938198,0.0012422678066261851,0.007178731433817373,static_ew
2010-01,0.0048210416716298376,0.00480584300039915,0.0075993356153435995,static_ew
2010-02,0.005949349418329259,0.005914881659820418,0.017233879254419934,static_ew
2010-03,-0.0009248125559954616,-0.0009548827444152484,0.015035094209893386,static_ew
2010-04,0.0033520990380891333,0.003333825711696929,0.009136663196102124,static_ew
2010-05,0.007113934752838802,0.007078451496247454,0.01774162829567434,static_ew
2010-06,0.005215611375143068,0.005203212106523071,0.006199634309998528,static_ew
2010-07,0.0009651897146966897,0.0009564058123718209,0.004391951162434457,static_ew
2010-08,0.005981433793838604,0.0059459885022709455,0.017722645783829385,static_ew
2010-09,-0.0005776305033251129,-0.0005999482193818936,0.01115885802839034,static_ew
2010-10,-0.00014936758678557206,-0.0001566614377457922,0.003646925480110154,static_ew
2010-11,0.006144414040973509,0.006133592646767195,0.005410697103157608,static_ew
2010-12,0.0002085673026164365,0.00019989451170612587,0.004336395455155419,static_ew
2011-01,0.00805666762355743,0.008048421810665209,0.00412290644610926,static_ew
2011-02,0.001567708856523757,0.0015431925262749582,0.012258165124399352,static_ew
2011-03,0.0028141318131334626,0.002763673429174014,0.025229191979724227,static_ew
2011-04,0.0035399628533305098,0.003523533817749002,0.008214517790753764,static_ew
2011-05,0.004960714021090834,0.004929849056472991,0.015432482308921094,static_ew
2011-06,0.0050565556883209115,0.0050424199703427664,0.007067858989072069,static_ew
2011-07,0.005159641675279285,0.00514320821842771,0.008216728425787663,static_ew
2011-08,0.0049609640253836535,0.004948754697207938,0.006104664087857355,static_ew
2011-09,0.009003536910915879,0.008986357576643294,0.008589667136291905,static_ew
2011-10,-0.0035712288609769005,-0.0035733452630933027,0.001058201058201055,static_ew
2011-11,0.008932453659111602,0.008919022546518298,0.006715556296651588,static_ew
2011-12,0.0050970346208061065,0.0050905943238896195,0.0032201484582436886,static_ew
2012-01,-0.009648156142871305,-0.009792708206992875,0.07227603206078435,static_ew
2012-02,0.0017526480329161478,0.0017466820390810082,0.0029829969175698525,static_ew
2012-03,0.0052464616442621575,0.0052433477990430485,0.0015569226095541872,static_ew
2012-04,0.006070210334905321,0.0059359102152652665,0.0671500598200271,static_ew
2012-05,0.0062723229870965645,0.0062164407721403865,0.027941107478088312,static_ew
2012-06,0.0037126204151210034,0.0037031142618996113,0.00475307661069618,static_ew
2012-07,0.004215289821940871,0.0041916167623631834,0.011836529788843954,static_ew
2012-08,0.0031024711692715923,0.0030889171938868,0.0067769876923960675,static_ew
2012-09,-0.0026294459923524257,-0.002645817861331968,0.008185934489771056,static_ew
2012-10,0.001856403783205924,0.0018529717797739205,0.0017160017160017197,static_ew
2012-11,0.004340730728677062,0.004328584881327134,0.006072923674964497,static_ew
2012-12,-0.003324388433096299,-0.0033397772888948247,0.007694427899262742,static_ew
2013-01,0.002529427569262197,0.002519845394848918,0.004791087206639632,static_ew
2013-02,0.001792719162260435,0.0017464694174622497,0.02312487239909266,static_ew
2013-03,0.006148481304446101,0.006111092934246345,0.018694185099878198,static_ew
2013-04,0.004296301036035093,0.00424868550445173,0.02380776579168191,static_ew
2013-05,0.0015839573824419956,0.001561204987596063,0.01137619742296642,static_ew
2013-06,0.004782082174109133,0.004760768598867865,0.010656787620634312,static_ew
2013-07,0.007868344280642299,0.0078340463623873,0.017148959127499648,static_ew
2013-08,0.001285841466259411,0.0012662462291037678,0.009797618577821654,static_ew
2013-09,-0.00027137665765767646,-0.0003675597113157637,0.04809152682904367,static_ew
2013-10,-0.0029050654088565234,-0.002947705771425732,0.021320181284604375,static_ew
2013-11,0.0010188145704397903,0.0009535460708780459,0.03263424978087218,static_ew
2013-12,0.0018343660526799253,0.0018235771108469968,0.005394470916464232,static_ew
2014-01,0.0010302061753810147,0.0010102000996993926,0.010003037840811042,static_ew
2014-02,0.0005478970308816221,0.0005337753985840309,0.007060816148795523,static_ew
2014-03,-0.000860620515800879,-0.0008732896072370937,0.006334545718107363,static_ew
2014-04,-0.0034792844017688044,-0.0035416721208146287,0.03119385952291195,static_ew
2014-05,-0.0014714533857305007,-0.0014897715567580314,0.009159085513765312,static_ew
2014-06,0.0066583122748617935,0.0066583122748617935,0.0,static_ew
2014-07,0.0013723806917303786,0.0013690749066064115,0.0016528925619834697,static_ew
2014-08,0.00020330203097774293,0.00013545564526565835,0.03392319285604222,static_ew
2014-09,0.0009235703942156154,0.0009204778471230684,0.0015462735462735417,static_ew
2014-10,0.0013050145557199299,0.0012840038396183923,0.010505358050768706,static_ew
2014-11,0.003255775021428223,0.003250067384438825,0.0028538184946993506,static_ew
2014-12,0.0063903086813524995,0.006381007352893147,0.004650664229675821,static_ew
2015-01,0.0030852840210146347,0.00307767593445918,0.003804043277727485,static_ew
2015-02,-0.00033969144454362276,-0.00036513439431683654,0.012721474886606883,static_ew
2015-03,0.004762907684944645,0.004725870378883077,0.01851865303078358,static_ew
2015-04,-0.005232193728199112,-0.005303164092318057,0.03548518205947243,static_ew
2015-05,0.004413442571040383,0.004354291506481651,0.029575532279366355,static_ew
2015-06,0.004291901484814955,0.0042877045836768775,0.002098450569038793,static_ew
2015-07,0.005325447572409202,0.005321258587226088,0.0020944925915571742,static_ew
2015-08,0.004910118241782545,0.004894256681675831,0.007930780053356576,static_ew
2015-09,0.0018273058410746838,0.0018258177458365884,0.0007440476190476184,static_ew
2015-10,-0.00392814520101812,-0.003943364273216351,0.007609536099115849,static_ew
2015-11,0.002749520613953309,0.002741065089416802,0.004227762268253475,static_ew
2015-12,-9.085191164615394e-05,-0.00010113025799777622,0.005139173175811111,static_ew
2016-01,0.0037604698885241607,0.003755943092298424,0.0022633981128683304,static_ew
2016-02,0.001077993424428406,0.001068895070600755,0.004549176913825397,static_ew
2016-03,-0.005740511367129351,-0.005749405642095054,0.0044471374828517615,static_ew
2016-04,0.0015046974939594319,0.0015001430244587024,0.002277234750364657,static_ew
2016-05,0.0030512116492720435,0.0030308018812714404,0.010204884000301713,static_ew
2016-06,-0.00035829616754183346,-0.0003623946953943688,0.0020492639262677135,static_ew
2016-07,9.567505763024129e-05,9.404705600223959e-05,0.0008140008140008087,static_ew
2016-08,0.0009284041356467692,0.0009125910771963394,0.007906529225214882,static_ew
2016-09,0.003401768539369932,0.003363633700854726,0.01906741925760316,static_ew
2016-10,0.0007178660764643802,0.00071250756521142,0.0026792556264801943,static_ew
2016-11,-2.582614997221199e-05,-3.9560690153592296e-05,0.0068672700906900926,static_ew
2016-12,0.001417807926141207,0.0013359657279044394,0.04092109911838379,static_ew
2017-01,0.0018053636018780276,0.0017757065280745706,0.014828536901728489,static_ew
2017-02,-0.00022915006157545894,-0.00024105858395258813,0.005954261188564554,static_ew
2017-03,0.003652452910460389,0.003643377974556184,0.004537467952102095,static_ew
2017-04,-0.0010081231444229715,-0.0010298760142723158,0.010876434924672197,static_ew
2017-05,0.0033468133787637167,0.0033298613822983552,0.008475998232680946,static_ew
2017-06,-0.000533106703791176,-0.0005479216314758362,0.007407463842330078,static_ew
2017-07,0.0016858332678924917,0.0016821418688522554,0.0018456995201181253,static_ew
2017-08,0.0011264033733678906,0.0011236346214226682,0.0013843759726112604,static_ew
2017-09,0.0010066215099387057,0.0009986041939213897,0.004008658008658005,static_ew
2017-10,0.0011270559598729145,0.0011072696243166248,0.009893167778144946,static_ew
2017-11,0.002406296176795446,0.0023926619434616195,0.006817116666913122,static_ew
2017-12,0.0010505868046572474,0.001041151283180357,0.004717760738445305,static_ew
2018-01,0.0030787682825252427,0.003073362882230179,0.002702700147531734,static_ew
2018-02,0.003751528407717997,0.003751528407717997,0.0,static_ew
2018-03,0.003607930828844296,0.0035560242259123995,0.025953301465948077,static_ew
2018-04,0.00020165369461945542,0.00019464315136102545,0.0035052716292150263,static_ew
2018-05,0.0037204973967643164,0.003694036472430214,0.013230462167051166,static_ew
2018-06,0.002363213611129386,0.002345274306333153,0.00896965239811673,static_ew
2018-07,0.0010493982060194682,0.0010273542300581107,0.011021987980678709,static_ew
2018-08,0.0028821793957801416,0.0028691752349562227,0.006502080411959332,static_ew
2018-09,0.00536899151288136,0.005356993589807724,0.005998961536817895,static_ew
2018-10,7.693790191481423e-05,6.926307165933879e-05,0.0038374151277377143,static_ew
2018-11,-0.0023111644757148773,-0.002326587262114315,0.007711393199718791,static_ew
2018-12,-0.0009639326084353469,-0.0009664755200691678,0.0012714558169103613,static_ew
2019-01,0.00127385939757468,0.00127385939757468,0.0,static_ew
2019-02,-0.002729501027316224,-0.0027341547069699036,0.0023268398268398295,static_ew
2019-03,0.0006634699405921301,0.000655411332533522,0.004029304029304032,static_ew
2019-04,-0.00037182781332738263,-0.0003764017065874073,0.0022869466300123246,static_ew
2019-05,0.002309565178135685,0.002301095467978424,0.004234855078630399,static_ew
2019-06,0.002124659540067401,0.0021208416170914552,0.0019089614879730765,static_ew
2019-07,0.003527782013007467,0.0035222190520192865,0.0027814804940904697,static_ew
2019-08,4.023247562790899e-05,2.1319382354005577e-05,0.00945654663695173,static_ew
2019-09,-0.0006411660978618075,-0.0006431003338385967,0.0009671179883945893,static_ew
2019-10,-0.0005912720534369616,-0.0005962513891935717,0.0024896678783050403,static_ew
2019-11,0.0016390659308432023,0.0016331480354295084,0.0029589477068468636,static_ew
2019-12,-0.0008985736854123648,-0.0009145725387812679,0.007999426684451524,static_ew
2020-01,-3.6311915162382865e-05,-3.6311915162382865e-05,0.0,static_ew
2020-02,0.002816634177325881,0.002812115269886792,0.002259453719544567,static_ew
2020-03,0.009554400989735144,0.009546084717685309,0.00415813602491825,static_ew
2020-04,-0.006459767533001695,-0.006481500782127881,0.01086662456309298,static_ew
2020-05,-0.00031988689952096354,-0.00034316676402200365,0.011639932250520141,static_ew
2020-06,-0.006399258904892274,-0.00640233024552598,0.0015356703168534944,static_ew
2020-07,0.00011617948824285168,6.448303654639991e-05,0.025848225848225846,static_ew
2020-08,-0.003239248203789035,-0.003245095556289663,0.002923676250313964,static_ew
2020-09,0.000914209924684007,0.0009084843118582216,0.002862806412892725,static_ew
2020-10,0.0030708021216738005,0.003065465017970823,0.0026685518514884482,static_ew
2020-11,-0.012504387372218408,-0.012517488084556567,0.006550356169079457,static_ew
2020-12,-0.002455877980454853,-0.0024611341788019605,0.002628099173553713,static_ew
2021-01,0.0020297659698182303,0.002023866181143322,0.002949894337454148,static_ew
2021-02,-0.001378570188251629,-0.0013830791540564663,0.002254482902418675,static_ew
2021-03,0.0027254664927712706,0.0027036286787646686,0.010918907003301066,static_ew
2021-04,0.0005529708142819055,0.0005500782522984345,0.0014462809917355325,static_ew
2021-05,-0.001484989954164511,-0.0014983777423197885,0.0066938940776388595,static_ew
2021-06,-0.00211092694869571,-0.0021123255500943116,0.0006993006993006962,static_ew
2021-07,0.000534843787838853,0.000532099010683685,0.0013723885775839772,static_ew
2021-08,0.00041734618483180776,0.00041734618483180776,0.0,static_ew
2021-09,0.002529171199330355,0.0025239347101044633,0.0026182446129458135,static_ew
2021-10,0.00027532728742678047,0.00027410703117296714,0.000610128126906654,static_ew
2021-11,0.006115595575090866,0.006112819724986771,0.001387925052047198,static_ew
2021-12,0.005340267562052677,0.0053387396781718515,0.0007639419404125304,static_ew
2022-01,0.0035438249077013556,0.0035367174696848275,0.0035537190082644585,static_ew
2022-02,0.005319763260535491,0.005315574363631362,0.0020944484520643443,static_ew
2022-03,-0.00029407505448584556,-0.00029407505448584556,0.0,static_ew
2022-04,0.00671510361857344,0.006692634706925272,0.01123445582408371,static_ew
2022-05,0.0020188740296825094,0.0020046181975275413,0.007127916077484074,static_ew
2022-06,0.004313906416984784,0.004306045367968286,0.003930524508249345,static_ew
2022-07,-0.004098413733367116,-0.004098413733367116,0.0,static_ew
2022-08,-0.00238188660089102,-0.0023854157331995476,0.0017645661542638046,static_ew
2022-09,0.006794536959750774,0.0067873719535575415,0.0035825030966162093,static_ew
2022-10,-0.0011632418578191308,-0.0011672140117912847,0.00198607698607698,static_ew
2022-11,-0.0020353846005951564,-0.0020421712033423423,0.003393301373593007,static_ew
2022-12,0.005857290220724654,0.005854776525419197,0.00125684765272866,static_ew
2023-01,0.0008752141467955682,0.0008694269515346887,0.00289359763043974,static_ew
2023-02,0.002074470265672571,0.0020497634579095935,0.012353403881488801,static_ew
2023-03,0.004697199984184377,0.004695971482955876,0.00061425061425061,static_ew
2023-04,-0.001380855187309869,-0.0013856772305892108,0.002411021639670855,static_ew
2023-05,-0.0020366741048084137,-0.0020638732561807723,0.013599575686179434,static_ew
2023-06,0.0018762419133092302,0.0018734861610605771,0.0013778761243264262,static_ew
2023-07,-4.045831915107576e-06,-1.1326694229527231e-05,0.0036404311572096793,static_ew
2023-08,0.00245772573835916,0.002452753241759355,0.002486248299902217,static_ew
2023-09,0.005887041032329759,0.0058836444633340165,0.0016982844978712741,static_ew
2023-10,0.005776026360927076,0.005776026360927076,0.0,static_ew
2023-11,-0.004598084481444971,-0.004649653240099126,0.0257843793270773,static_ew
2023-12,0.002383359419346272,0.002383359419346272,0.0,static_ew
2024-01,0.0066089875225079945,0.006601132956239938,0.0039272831340288585,static_ew
2024-02,0.00030057389119995823,0.00029112932751872725,0.004722281840615517,static_ew
2024-03,0.000572515235867578,0.000567163012333536,0.0026761117670208614,static_ew
2024-04,0.0015605947789924738,0.001531700228566823,0.014447275212825454,static_ew
2024-05,0.005295310662279655,0.005247559017904311,0.023875822187672247,static_ew
2024-06,0.0026823898268647757,0.0026624266321647392,0.0099815973500184,static_ew
2024-07,0.00036397648956248144,0.00036236747910391344,0.0008045052292839885,static_ew
2024-08,0.003642110442315008,0.003633767413524636,0.004171514395186035,static_ew
2024-09,0.0006137273806464401,0.0006107948293267921,0.0014662756598240506,static_ew
2024-10,0.00033751536541086377,0.00033441379218733937,0.0015507866117622214,static_ew
2024-11,0.00332021511597624,0.0033189070715027276,0.0006540222367560478,static_ew
2024-12,0.0013222404293821086,0.0013124306210466378,0.004904904167735354,static_ew
2025-01,0.00476977095052249,0.004762429111075387,0.003670919723551311,static_ew
2025-02,0.003585816102885775,0.003581415022408875,0.0022005402384500713,static_ew
2025-03,0.0028373914937569727,0.0028308573563137446,0.0032670687216141757,static_ew
2025-04,-0.00019057568909329565,-0.00020846656540202178,0.008945438154363104,static_ew
2025-05,-0.0027337942482214485,-0.002744259616682752,0.005232684230651754,static_ew
2025-06,-0.0016775795680186577,-0.001691234433718899,0.0068274328501205205,static_ew
2025-07,-0.001190652158597283,-0.0011918806598257843,0.0006142506142506102,static_ew
2025-08,-0.000637088071841959,-0.0006400532134932319,0.0014825708256365174,static_ew
2025-09,-0.0011171810241313964,-0.0011208177131985487,0.0018183445335763168,static_ew
2025-10,0.0023767001960692423,0.002370129385927004,0.0032854050711193603,static_ew
2025-11,0.004067351939599583,0.004065742929141015,0.0008045052292839885,static_ew
2025-12,0.0021573578961385878,0.0021557629998068496,0.0007974481658692203,static_ew
2000-01,0.0005945696228846799,0.0005945696228846799,0.0,enet:own
2000-02,-0.0029896872733923517,-0.005538083553760554,1.2741981401841016,enet:own
2000-03,-0.003649291505000351,-0.005887081307327216,1.1188949011634326,enet:own
2000-04,0.007287925302869256,0.004700052102308925,1.2939366002801662,enet:own
2000-05,0.004841696311751881,0.002778960679759462,1.0313678159962096,enet:own
2000-06,-0.009470164991087557,-0.01179586631634291,1.162850662627677,enet:own
2000-07,-0.0004054988378570699,-0.00272320143242554,1.1588512972842349,enet:own
2000-08,-0.007035574957118594,-0.00916661653764896,1.065520790265183,enet:own
2000-09,-0.0020780900343696437,-0.004388134301203866,1.155022133417111,enet:own
2000-10,0.005557906373408639,0.0034684766259628925,1.0447148737228729,enet:own
2000-11,0.009541119562957088,0.00762045359345807,0.9603329847495089,enet:own
2000-12,-0.00676676019582966,-0.008982868875258437,1.108054339714388,enet:own
2001-01,-0.020473999505818557,-0.02250327397863343,1.0146372364074367,enet:own
2001-02,0.002293435328113113,0.00030119037432407327,0.9961224768945195,enet:own
2001-03,0.027755610469324614,0.02576776215024082,0.9939241595418964,enet:own
2001-04,0.0064128093761284385,0.005033981846377842,0.6894137648752982,enet:own
2001-05,0.010390592129956484,0.008465178170651382,0.9627069796525509,enet:own
2001-06,-0.0022616719043315595,-0.0037758544346540835,0.757091265161262,enet:own
2001-07,0.017034528928143788,0.015276794258238451,0.8788673349526683,enet:own
2001-08,-0.003950066918773484,-0.00535350262846621,0.7017178548463642,enet:own
2001-09,0.0064853056402476685,0.0048107664988050166,0.8372695707213266,enet:own
2001-10,-0.0048694870920315235,-0.0066728066034708305,0.901659755719654,enet:own
2001-11,0.01068935945950475,0.00874892604345037,0.9702167080271892,enet:own
2001-12,0.013667986976914234,0.011947362762644369,0.8603121071349329,enet:own
2002-01,-0.0008470308383700999,-0.002738183517702232,0.945576339666066,enet:own
2002-02,0.006587933173132957,0.005182388924267258,0.7027721244328496,enet:own
2002-03,0.008707826467390122,0.007318976530893406,0.6944249682483571,enet:own
2002-04,0.005038987371149908,0.003871155074072998,0.5839161485384546,enet:own
2002-05,0.0030684996312738727,0.001719755828796069,0.6743719012389012,enet:own
2002-06,0.0030503931336067305,0.0017456705238961716,0.6523613048552794,enet:own
2002-07,-0.0006039033637562229,-0.0019019873901629579,0.6490420132033675,enet:own
2002-08,0.00633555005866033,0.005111218684782589,0.6121656869388702,enet:own
2002-09,0.004916910998876429,0.003703843067349681,0.6065339657633738,enet:own
2002-10,0.003077037547789337,0.0018821051204296173,0.5974662136798595,enet:own
2002-11,0.004419105897270184,0.0029573196858068743,0.7308931057316551,enet:own
2002-12,0.002999300676301589,0.0017660213818673448,0.616639647217122,enet:own
2003-01,0.0006860677045536622,-0.0005199080184033409,0.6029878614785018,enet:own
2003-02,0.0017334547231443356,0.0006863268325115475,0.5235639453163939,enet:own
2003-03,0.007089373848797518,0.005959988306903258,0.5646927709471298,enet:own
2003-04,-0.006594467396519383,-0.007362572400248431,0.384052501864524,enet:own
2003-05,0.00415182304237585,0.0029866907155628184,0.5825661634065159,enet:own
2003-06,0.005763514063920028,0.00446565794433397,0.6489280597930289,enet:own
2003-07,0.005000439276979974,0.003990187941449704,0.5051256677651351,enet:own
2003-08,0.003670935251138274,0.002526248263938591,0.5723434935998413,enet:own
2003-09,0.00031616523460355596,-0.0008337920251481814,0.5749786298758687,enet:own
2003-10,0.010321932366118114,0.009259412036573038,0.5312601647725376,enet:own
2003-11,0.0018131954511067716,0.0008776464360923165,0.4677745075072275,enet:own
2003-12,-0.001365766989916042,-0.0024170331640791807,0.5256330870815693,enet:own
2004-01,-0.00293500546977567,-0.003938582656297982,0.5017885932611555,enet:own
2004-02,-0.00012327449995483148,-0.0012711601749131375,0.573942837479153,enet:own
2004-03,0.0022669346862003352,0.0012962488334784415,0.4853429263609468,enet:own
2004-04,0.0018240138284897694,0.0008900261406021568,0.46699384394380616,enet:own
2004-05,-0.00518621999710081,-0.006120542615565041,0.46716130923211574,enet:own
2004-06,0.005162648479838727,0.004184488093405303,0.4890801932167116,enet:own
2004-07,0.005336322100557444,0.004536930519372555,0.3996957905924444,enet:own
2004-08,0.0058653681292514664,0.00508363913851291,0.39086449536927786,enet:own
2004-09,0.003340803882821845,0.002525973124033479,0.4074153793941829,enet:own
2004-10,0.009712302497326785,0.008864935952122326,0.42368327260222943,enet:own
2004-11,0.004182697894809987,0.0034493593883481175,0.36666925323093474,enet:own
2004-12,0.008036424273047873,0.007078305433962833,0.47905941954252024,enet:own
2005-01,-0.0016074852144373033,-0.002648146336758921,0.5203305611608089,enet:own
2005-02,0.009049300147664883,0.008116877279932972,0.46621143386595487,enet:own
2005-03,0.008549656448795746,0.007667499410430893,0.4410785191824267,enet:own
2005-04,0.012700531775998272,0.011796057574945385,0.45223710052644334,enet:own
2005-05,-0.012368605172813957,-0.013190806983149773,0.4111009051679077,enet:own
2005-06,0.0026844389454289924,0.0015714838273204507,0.5564775590542708,enet:own
2005-07,0.007348483103034799,0.006360964070500506,0.49375951626714637,enet:own
2005-08,-0.0037108744241719444,-0.00458678651943513,0.4379560476315928,enet:own
2005-09,0.00109778961984623,-3.4664347027622356e-05,0.5662269834369261,enet:own
2005-10,0.0009775643342050423,6.7256422914476e-05,0.45515395564528316,enet:own
2005-11,-0.002824199250251075,-0.003727992881587318,0.45189681566812123,enet:own
2005-12,-0.0013480834045336086,-0.0022509508316015505,0.451433713533971,enet:own
2006-01,0.013124902093999259,0.012221516145856516,0.4516929740713716,enet:own
2006-02,0.0028440244804087697,0.0017431382797516348,0.5504431003285675,enet:own
2006-03,-0.010116905768469481,-0.011191914401895865,0.5375043167131917,enet:own
2006-04,0.0065542034639767465,0.005536310097829062,0.5089466830738425,enet:own
2006-05,0.0028574623225533662,0.0017311541713189078,0.5631540756172292,enet:own
2006-06,0.019726308842964585,0.01876181541035244,0.48224671630607385,enet:own
2006-07,-0.0015777080276358842,-0.0025302497086300813,0.47627084049709856,enet:own
2006-08,-0.004526925111454362,-0.00568295353609383,0.5780142123197345,enet:own
2006-09,0.001937049229061959,0.0009410147685044851,0.4980172302787369,enet:own
2006-10,-0.0034353366560279652,-0.004339948613432875,0.45230597870245487,enet:own
2006-11,0.008144176934965816,0.0071969433820116,0.4736167764771085,enet:own
2006-12,0.0021229386416216794,0.0012889687610898373,0.41698494026592114,enet:own
2007-01,0.005842492141110531,0.004798755281021088,0.5218684300447214,enet:own
2007-02,0.0022202992637396384,0.0011034501435826442,0.558424560078497,enet:own
2007-03,0.00677764901452481,0.005739773749493896,0.5189376325154569,enet:own
2007-04,0.003391017048966365,0.00231527525028608,0.5378708993401424,enet:own
2007-05,0.00014618227138531555,-0.0008665123213325127,0.5063472963589141,enet:own
2007-06,-8.85895294227277e-05,-0.0011617120930912884,0.5365612818342802,enet:own
2007-07,-0.00041632976092826913,-0.0016661026827374348,0.6248864609045829,enet:own
2007-08,0.0025330827438595246,0.0014117276403570853,0.5606775517512198,enet:own
2007-09,0.000767272780523689,-0.0004384742557085168,0.6028735181161028,enet:own
2007-10,0.007969852929964057,0.006845506617952279,0.5621731560058886,enet:own
2007-11,0.0011875335882642788,8.621455021630874e-05,0.550659519023985,enet:own
2007-12,0.002700813654146384,0.0013861326399976458,0.6573405070743694,enet:own
2008-01,0.0009196406884893441,-0.00021915932138255145,0.5694000049359477,enet:own
2008-02,0.0012101966397304387,-9.657128430100848e-06,0.6099268840802698,enet:own
2008-03,0.0010993417584454167,-7.816807646182777e-05,0.5887549174536223,enet:own
2008-04,0.004110627610395369,0.0029604159552279333,0.5751058275837186,enet:own
2008-05,-0.00536215742162047,-0.006565668209710387,0.6017553940449587,enet:own
2008-06,0.006324931936839569,0.005131956304270542,0.5964878162845137,enet:own
2008-07,0.0006801101530853239,-0.00031177926738001406,0.49594471023266884,enet:own
2008-08,0.007609483561910575,0.006326103547170009,0.6416900073702829,enet:own
2008-09,0.007982152253770365,0.006873662755446688,0.5542447491618385,enet:own
2008-10,0.023189474032482785,0.022166794741723367,0.5113396453797102,enet:own
2008-11,0.015961464468652424,0.014896912166148796,0.5322761512518146,enet:own
2008-12,-0.0013034026877880363,-0.002541787657301567,0.6191924847567657,enet:own
2009-01,0.0021610614995157813,0.000914072174231122,0.6234946626423294,enet:own
2009-02,0.0047517068798369755,0.0035847914732682067,0.583457703284384,enet:own
2009-03,-0.007381690953148157,-0.008284927517945599,0.4516182823987201,enet:own
2009-04,-0.01522407666895982,-0.01641773137349606,0.5968273522681199,enet:own
2009-05,0.0008252827541549758,-0.0005337687430091042,0.67952574858204,enet:own
2009-06,-0.0009003217118737865,-0.002254120203390239,0.6768992457582262,enet:own
2009-07,0.00252290028980402,0.0011211820858709122,0.7008591019665539,enet:own
2009-08,0.0007171069949940504,-0.0003612181263260242,0.5391625606600374,enet:own
2009-09,0.0037128935703558017,0.002599759521058986,0.5565670246484076,enet:own
2009-10,0.0023980556159879838,0.001413056247802371,0.4924996840928065,enet:own
2009-11,0.0036147174509144507,0.0025445477394304083,0.535084855742021,enet:own
2009-12,-0.002050704739282638,-0.003006228582342209,0.4777619215297855,enet:own
2010-01,-0.0012250262489126261,-0.002376678798196832,0.5758262746421032,enet:own
2010-02,-0.00028083276657761444,-0.0013422515424458457,0.5307093879341157,enet:own
2010-03,-0.0021880255828434867,-0.003352565498450741,0.5822699578036272,enet:own
2010-04,0.0059448334805530904,0.004947993325301434,0.4984200776258282,enet:own
2010-05,0.004968176598526206,0.004098811086188574,0.4346827561688171,enet:own
2010-06,0.006722296077317285,0.005904508215223625,0.4088939310468303,enet:own
2010-07,0.0014516845855743732,0.0007248265769277205,0.3634290043233263,enet:own
2010-08,0.002704409021036966,0.0017781430102033625,0.4631330054168019,enet:own
2010-09,0.0022464721249889764,0.0013301486262852478,0.45816174935186393,enet:own
2010-10,0.004724407949464022,0.003817301993111226,0.45355297817639806,enet:own
2010-11,0.007902802157080195,0.007032707450800193,0.4350473531400011,enet:own
2010-12,0.00356340727673624,0.0027048924715159703,0.429257402610135,enet:own
2011-01,0.0055755797911648895,0.004765055470319141,0.405262160422874,enet:own
2011-02,-0.0001520051285691885,-0.0009964657411199542,0.422230306275383,enet:own
2011-03,0.0010640264658791088,0.00021290476514951456,0.42556085036479707,enet:own
2011-04,0.006617913652215616,0.005826543888430749,0.3956848818924342,enet:own
2011-05,0.004198216046443599,0.003506522128813843,0.3458469588148782,enet:own
2011-06,0.004385288677178497,0.0036843822121478786,0.35045323251530874,enet:own
2011-07,0.005444622834602886,0.004822237129570113,0.3111928525163864,enet:own
2011-08,0.006255345576009829,0.005617677586399584,0.318833994805123,enet:own
2011-09,0.010788181977656457,0.010122981889941367,0.33260004385754494,enet:own
2011-10,-0.005136330942377265,-0.0058569029950258445,0.3602860263242898,enet:own
2011-11,0.004341402775734206,0.003434864152707365,0.45326931151342104,enet:own
2011-12,0.0034918960245748634,0.0025783370851327155,0.4567794697210739,enet:own
2012-01,-0.015271486740526655,-0.015900440249688935,0.3144767545811395,enet:own
2012-02,-0.0012593394314508758,-0.00205636196332113,0.39851126593512715,enet:own
2012-03,0.008280395438057494,0.007502921949321292,0.38873674436810063,enet:own
2012-04,0.004584223569456398,0.003910678583052257,0.3367724932020704,enet:own
2012-05,0.008327313791804286,0.007726147542484943,0.3005831246596714,enet:own
2012-06,0.005207683665249027,0.004660075454499849,0.2738041053745891,enet:own
2012-07,0.005893223025446308,0.005334691031548127,0.2792659969490903,enet:own
2012-08,0.005500849008661235,0.004944872594864707,0.2779882068982642,enet:own
2012-09,-0.0010845503781798113,-0.0016071832493521445,0.26131643558616663,enet:own
2012-10,0.0025097395037797544,0.0018992282907118697,0.30525560653394235,enet:own
2012-11,0.00653106092152366,0.005962214731460949,0.28442309503135604,enet:own
2012-12,-0.0019031657424057238,-0.002412008528814292,0.2544213932042839,enet:own
2013-01,0.0030472701611928394,0.0024334660189480307,0.30690207112240425,enet:own
2013-02,0.003912114248057826,0.00327915963164022,0.31647730820880315,enet:own
2013-03,0.007373580139479264,0.006827122872502581,0.2732286334883413,enet:own
2013-04,0.007315383009816114,0.006841020231421093,0.23718138919751064,enet:own
2013-05,0.002264134484615603,0.0017693568099583072,0.2473888373286478,enet:own
2013-06,0.004220825319995655,0.0035917460856766162,0.31453961715951956,enet:own
2013-07,0.009088386844488726,0.008423478141895131,0.3324543512967975,enet:own
2013-08,0.0003376876829923002,-0.00031227014987571293,0.3249789164340063,enet:own
2013-09,-0.004074994569978427,-0.004810521850055979,0.36776364003877576,enet:own
2013-10,-0.0015218886144996425,-0.002170748802097586,0.3244300937989717,enet:own
2013-11,0.00035973339385717533,-0.00022607565978468,0.29290452682092777,enet:own
2013-12,0.003463797105780805,0.0029426345524392354,0.2605812766707847,enet:own
2014-01,0.002199900927405112,0.0017470169186937598,0.22644200435567602,enet:own
2014-02,0.004814936875612281,0.00426813842625414,0.2733992246790709,enet:own
2014-03,0.0013662983749872153,0.0008231718839937202,0.2715632454967477,enet:own
2014-04,-0.0008127549442816678,-0.0014228513732002157,0.3050482144592736,enet:own
2014-05,-0.002093684775002674,-0.0027540951640674357,0.330205194532381,enet:own
2014-06,0.004709574511127724,0.004055909818234477,0.32683234644662346,enet:own
2014-07,0.002072949647231328,0.0015123681419843581,0.2802907526234851,enet:own
2014-08,0.0020889997198891654,0.0015075592763039792,0.2907202217925932,enet:own
2014-09,-0.001887315818966611,-0.0024148789571282908,0.26378156908083983,enet:own
2014-10,0.002750567802184851,0.0022259314077750737,0.2623181972048887,enet:own
2014-11,0.007039617741011287,0.0065287004475565544,0.2554586467273663,enet:own
2014-12,0.010175232627129452,0.009685141342724298,0.2450456422025767,enet:own
2015-01,0.00549341257563373,0.0049823036859973,0.2555544448182148,enet:own
2015-02,0.00013357819377894764,-0.00045961233301303786,0.2965952633959927,enet:own
2015-03,0.005526946619840382,0.004924608516195018,0.30116905182268205,enet:own
2015-04,-0.008687824954002766,-0.009297636529331204,0.30490578766421905,enet:own
2015-05,0.0015390174621067983,0.000808608365349409,0.36520454837869476,enet:own
2015-06,0.004313419546578001,0.003640787493212177,0.33631602668291216,enet:own
2015-07,0.007934048232045247,0.007426896039269231,0.25357609638800777,enet:own
2015-08,0.006955879490488641,0.006444770640610277,0.25555442493918196,enet:own
2015-09,0.0042963033499034235,0.0037683917710315375,0.2639557894359432,enet:own
2015-10,-0.00314417044401792,-0.0037009011718193824,0.2783653639007313,enet:own
2015-11,0.002591374709752252,0.00200974595022935,0.29081437976145097,enet:own
2015-12,0.0007284380512444214,0.00013493631258247344,0.29675086933097405,enet:own
2016-01,0.0037686629130687594,0.0032443019302500964,0.2621804914093319,enet:own
2016-02,-3.96936200114222e-05,-0.0005085984556355333,0.23445241781205567,enet:own
2016-03,-0.008604446529677958,-0.009096308738231949,0.24593110427699513,enet:own
2016-04,0.00274280765287036,0.0021970851805272955,0.2728612361715323,enet:own
2016-05,0.004400348659264976,0.0039012002550844836,0.24957420209024614,enet:own
2016-06,-0.001286805896591989,-0.0017470162908205,0.23010519711425542,enet:own
2016-07,0.0017355193743105973,0.001307059587128718,0.2142298935909398,enet:own
2016-08,0.005851348336177282,0.0053764319747438526,0.23745818071671457,enet:own
2016-09,0.005819050257250141,0.0053815592915194286,0.21874548286535608,enet:own
2016-10,0.002190615270163489,0.0018629495386682528,0.16383286574761857,enet:own
2016-11,-0.003182033076465567,-0.0036056514516218,0.21180918757811673,enet:own
2016-12,0.0012820133139550246,0.0007799005291650022,0.25105639239501104,enet:own
2017-01,0.004117782253231445,0.003701406295947542,0.2081879786419514,enet:own
2017-02,-0.0015177663639186648,-0.0019682345356573407,0.22523408586933794,enet:own
2017-03,0.004155298406733803,0.0037267162503553967,0.21429107818920357,enet:own
2017-04,-0.0002900114920968529,-0.0006956971912858521,0.2028428495944993,enet:own
2017-05,0.006064120632001409,0.005669346179478575,0.19738722626141716,enet:own
2017-06,-0.00022562417400792694,-0.0006547188129658918,0.21454731947898237,enet:own
2017-07,0.00416469665754596,0.0037737669700047306,0.1954648437706147,enet:own
2017-08,0.0028507779058316294,0.0024405370554784374,0.2051204251765962,enet:own
2017-09,0.001963302426154021,0.0016064985979907503,0.17840191408163525,enet:own
2017-10,0.0030405431559367207,0.0026821177718346087,0.17921269205105594,enet:own
2017-11,0.0025131947089326347,0.002083890054806898,0.2146523270628682,enet:own
2017-12,0.0017009583713852754,0.0012695350683130143,0.21571165153613067,enet:own
2018-01,0.005624460285934008,0.005165231284764363,0.2296145005848221,enet:own
2018-02,0.003103364745949794,0.002631881013398742,0.23574186627552587,enet:own
2018-03,0.003015067205269319,0.002551753522348532,0.23165684146039356,enet:own
2018-04,0.001549358925506881,0.0011649344021813313,0.19221226166277502,enet:own
2018-05,0.0046282327228829336,0.00417988729251916,0.2241727151818866,enet:own
2018-06,0.0033523259590660785,0.002892004782429298,0.23016058831839015,enet:own
2018-07,0.004525604542733385,0.004115381195307971,0.205111673712707,enet:own
2018-08,0.004330948687833705,0.003931101965120192,0.19992336135675634,enet:own
2018-09,0.012574137970104975,0.012158272895572458,0.20793253726625907,enet:own
2018-10,0.0023080661088130364,0.0019253362738722358,0.1913649174704001,enet:own
2018-11,-0.002728694615859226,-0.003149662629203101,0.21048400667193767,enet:own
2018-12,7.338966971670154e-05,-0.0004288829287476696,0.25113629923218556,enet:own
2019-01,0.0021390665492889483,0.0017133106152652574,0.2128779670118454,enet:own
2019-02,-0.004431147512439868,-0.004913946327711079,0.2413994076356062,enet:own
2019-03,0.003893678375894076,0.003449481002212805,0.22209868684063555,enet:own
2019-04,0.0017961974795865684,0.0014304379516251362,0.18287976398071581,enet:own
2019-05,0.0019158501786031997,0.0015028562368509782,0.20649697087611066,enet:own
2019-06,0.0041414237882174505,0.0036742500887419092,0.23358684973777066,enet:own
2019-07,0.005707436015731169,0.005287699231405863,0.20986839216265316,enet:own
2019-08,0.0020082839879228737,0.0016033167199051347,0.20248363400886937,enet:own
2019-09,-0.0017764466054204474,-0.002190339980800628,0.2069466876900906,enet:own
2019-10,0.0010119066148045594,0.0005546393219836404,0.22863364641045958,enet:own
2019-11,0.0020220913127469054,0.0016092933610303373,0.20639897585828423,enet:own
2019-12,0.004128976252814487,0.0036757864038765645,0.2265949244689611,enet:own
2020-01,0.003217352860914791,0.0028428339217859548,0.18725946956441833,enet:own
2020-02,0.005744752892614772,0.005333434920715398,0.2056589859496871,enet:own
2020-03,0.00956213572251473,0.009172191615856175,0.19497205332927717,enet:own
2020-04,-0.010845892366175489,-0.011516467560345035,0.3352875970847728,enet:own
2020-05,-0.0022981157182690665,-0.0032049822984123555,0.4534332900716445,enet:own
2020-06,-0.005552840905663222,-0.006234903437252134,0.34103126579445536,enet:own
2020-07,0.0026653654438409404,0.002072651632121825,0.29635690585955793,enet:own
2020-08,-0.0016808734169202865,-0.002301463484953813,0.3102950340167631,enet:own
2020-09,-0.0017132455331543303,-0.0023155772641658915,0.30116586550578056,enet:own
2020-10,0.003914529958567809,0.003342446998002184,0.28604148028281234,enet:own
2020-11,-0.02137229802855515,-0.021876465467985703,0.252083719715277,enet:own
2020-12,-0.0027172096464400334,-0.003497309497599298,0.39004992557963225,enet:own
2021-01,0.0032485196808280654,0.002564113796596409,0.3422029421158283,enet:own
2021-02,0.000264344982585276,-0.0003013326422963034,0.28283881244078973,enet:own
2021-03,0.00467255179694396,0.004084032976609084,0.2942594101674383,enet:own
2021-04,0.003999624484125448,0.003478718302804104,0.2604530906606722,enet:own
2021-05,0.0025697204603175334,0.0019842526372604243,0.2927339115285545,enet:own
2021-06,-0.004435197283464697,-0.004979573383568105,0.27218805005170393,enet:own
2021-07,0.003228773706539054,0.002687157997855717,0.27080785434166876,enet:own
2021-08,0.0001339848951171758,-0.0003651466503638325,0.24956577274050404,enet:own
2021-09,0.006962460850176707,0.006433679855716232,0.2643904972302377,enet:own
2021-10,0.0014114371223407092,0.0009214483844736378,0.2449943689335356,enet:own
2021-11,0.006152747644247408,0.005669144270671278,0.2418016867880648,enet:own
2021-12,0.00995324181696018,0.009366413205188174,0.293414305886003,enet:own
2022-01,0.011791533587963358,0.011307215898282246,0.24215884484055594,enet:own
2022-02,0.009144591985460696,0.008643405262609906,0.2505933614253952,enet:own
2022-03,0.008049030096868507,0.0075076564050175565,0.2706868459254759,enet:own
2022-04,0.0111129258465827,0.010611598657048743,0.25066359476697864,enet:own
2022-05,0.0040392472200590016,0.00356020599115273,0.2395206144531359,enet:own
2022-06,0.0003710870401823348,-0.00015422223120961168,0.2626546356959733,enet:own
2022-07,-0.0034347588383581156,-0.003961581911609568,0.2634115366257259,enet:own
2022-08,-0.0012558585622328604,-0.0017828141437564332,0.26347779076178657,enet:own
2022-09,0.005980235580567191,0.005500632763182462,0.2398014086923645,enet:own
2022-10,0.004954124118898085,0.004464415396195643,0.244854361351221,enet:own
2022-11,-0.004114460941803723,-0.004657951394797049,0.27174522649666283,enet:own
2022-12,0.006440232781414367,0.00583585292787362,0.30218992677037343,enet:own
2023-01,0.0015750899535504292,0.0010712098079097235,0.25194007282035247,enet:own
2023-02,0.005256621723048193,0.004730407613708997,0.26310705466959783,enet:own
2023-03,0.0040477768424931814,0.003637663081616445,0.205056880438368,enet:own
2023-04,-0.0009767671330819792,-0.0014869163001981463,0.2550745835580837,enet:own
2023-05,-0.00223483631793883,-0.0026946616260143832,0.2299126540377766,enet:own
2023-06,0.0027172020620020872,0.00225830447616057,0.22944879292075865,enet:own
2023-07,0.0030336786725623376,0.002530933484128916,0.2513725942167108,enet:own
2023-08,0.0018036790478016423,0.0012863915175255615,0.25864376513804044,enet:own
2023-09,0.008751063292461198,0.008273604358130826,0.23872946716518612,enet:own
2023-10,0.007062128154319202,0.00665071262965228,0.20570776233346083,enet:own
2023-11,-0.006525967819248752,-0.007007371362892923,0.24070177182208596,enet:own
2023-12,0.003749884257819738,0.003193568767087195,0.27815774536627114,enet:own
2024-01,0.009811663810563736,0.009323858193600832,0.2439028084814516,enet:own
2024-02,0.000153066921367712,-0.0003503552267946493,0.25171107408118076,enet:own
2024-03,0.0038975222304328287,0.003369519444957886,0.2640013927374713,enet:own
2024-04,0.0005952987508132885,7.194558541557465e-05,0.2616765826988568,enet:own
2024-05,0.0018547824636886221,0.0013441274141922518,0.2553275247481854,enet:own
2024-06,0.0015535551369384325,0.0010733413907778372,0.2401068730802974,enet:own
2024-07,0.0008355326098071936,0.0003709154416417305,0.23230858408273153,enet:own
2024-08,0.002744070824646164,0.0022693109751219477,0.23737992476210812,enet:own
2024-09,0.00023267715628877788,-0.00023468498225624748,0.2336810692725127,enet:own
2024-10,0.0028563465852469282,0.0023782755985120403,0.23903549336744395,enet:own
2024-11,0.0097974716710044,0.009324696413700715,0.23638762865184254,enet:own
2024-12,0.001998369604741031,0.0015080935816352168,0.24513801155290685,enet:own
2025-01,0.0020013717944012974,0.001591797844210205,0.20478697509554616,enet:own
2025-02,0.004209195480263782,0.0037114293366750863,0.24888307179434735,enet:own
2025-03,0.005575414106788654,0.00511321592479922,0.2310990909947173,enet:own
2025-04,-0.0014772118941891934,-0.001920037761421179,0.22141293361599287,enet:own
2025-05,-0.0008895417322706385,-0.0013893983020327899,0.24992828488107574,enet:own
2025-06,-0.0026024642070930516,-0.0030764167077154433,0.2369762503111958,enet:own
2025-07,-0.001825969234036636,-0.0022425632681961835,0.20829701707977366,enet:own
2025-08,0.001353998651967832,0.0008566104406701723,0.24869410564883,enet:own
2025-09,0.004181075474866153,0.0036680840765142245,0.25649569917596415,enet:own
2025-10,0.00861741726443893,0.008109609095975573,0.2539040842316773,enet:own
2025-11,0.0028998271034625777,0.0023462353470714934,0.2767958781955419,enet:own
2025-12,0.009062341701127559,0.008549683109520617,0.2563292958034713,enet:own
2000-01,0.004264510507882091,0.004264510507882091,0.0,enet:pooled
2000-02,0.01350604119334678,0.01128052172227445,1.1127597355361651,enet:pooled
2000-03,-0.0027520309097751982,-0.004871407269359264,1.0596881797920332,enet:pooled
2000-04,-0.012266206089471949,-0.014568846860323104,1.1513203854255771,enet:pooled
2000-05,-0.0017738562748142797,-0.003978141900341618,1.1021428127636692,enet:pooled
2000-06,-0.008454711705669565,-0.010580208920696619,1.0627486075135277,enet:pooled
2000-07,-0.0013352837714021564,-0.0034764707502926233,1.070593489445233,enet:pooled
2000-08,-0.006358386662739418,-0.008322844010751087,0.982228674005835,enet:pooled
2000-09,-0.0007209391869425867,-0.0028190239732065617,1.0490423931319872,enet:pooled
2000-10,0.0018394698465032445,-6.0331124801876355e-05,0.9499004856525605,enet:pooled
2000-11,0.008006770174219344,0.006328580354599517,0.8390949098099134,enet:pooled
2000-12,-0.0005172620043243422,-0.0023144984079997524,0.8986182018377045,enet:pooled
2001-01,-0.015336788823154557,-0.01717314552353787,0.9181783501916578,enet:pooled
2001-02,0.00519941102552373,0.003105309648740142,1.0470506883917938,enet:pooled
2001-03,0.028697667779544335,0.026636199737734047,1.0307340209051454,enet:pooled
2001-04,0.005440445655735632,0.003805540587021498,0.8174525343570669,enet:pooled
2001-05,0.01012115087861199,0.008213023537072942,0.954063670769524,enet:pooled
2001-06,-0.001808753939679009,-0.0033904269752803445,0.7908365178006674,enet:pooled
2001-07,0.017790362407982485,0.016012958845871887,0.888701781055299,enet:pooled
2001-08,-0.005416088111313789,-0.00691756155382164,0.7507367212539245,enet:pooled
2001-09,0.012115968063419514,0.010290346397004138,0.9128108332076871,enet:pooled
2001-10,-0.0167014425790841,-0.018528890939079487,0.9137241799976938,enet:pooled
2001-11,0.004421333134900557,0.0022405370865702426,1.0903980241651574,enet:pooled
2001-12,0.013523554434477317,0.01164624702788711,0.9386537032951037,enet:pooled
2002-01,2.5864164800937604e-05,-0.0019272533840966018,0.9765587744487699,enet:pooled
2002-02,0.0077008200440629076,0.006215357978575433,0.7427310327437374,enet:pooled
2002-03,0.010744037896128399,0.00937824868927598,0.6828946034262093,enet:pooled
2002-04,0.0074974225290621145,0.006316885066233281,0.5902687314144165,enet:pooled
2002-05,0.005194469084955971,0.0038728803286409855,0.6607943781574926,enet:pooled
2002-06,0.006241106349423335,0.004928462245660019,0.6563220518816573,enet:pooled
2002-07,0.002851094720926616,0.0015969250930525374,0.6270848139370389,enet:pooled
2002-08,0.0034563992789707707,0.002251852036341009,0.6022736213148808,enet:pooled
2002-09,0.005712187185701073,0.0044260794687067725,0.6430538584971501,enet:pooled
2002-10,0.0015367339126326665,0.0003544938106288265,0.5911200510019203,enet:pooled
2002-11,0.003372396351428305,0.0018455541694812122,0.7634210909735466,enet:pooled
2002-12,0.0034827644258255547,0.0022251537671071154,0.6288053293592195,enet:pooled
2003-01,0.0016146355606140583,0.000346823562976776,0.6339059988186414,enet:pooled
2003-02,0.0008055357495978757,-0.000186382516139338,0.4959591328686068,enet:pooled
2003-03,0.009521885318953269,0.008468702826611257,0.5265912461710062,enet:pooled
2003-04,-0.005424548641153271,-0.006137475340286097,0.35646334956641307,enet:pooled
2003-05,0.003779890259209994,0.002589448216132559,0.5952210215387174,enet:pooled
2003-06,0.005756454131581896,0.004550787339375961,0.6028333961029678,enet:pooled
2003-07,0.007863243616624023,0.006812835916304061,0.5252038501599812,enet:pooled
2003-08,0.0049834583014896645,0.0038765072816040426,0.5534755099428111,enet:pooled
2003-09,-0.0017249103730970325,-0.0029165949936233644,0.595842310263166,enet:pooled
2003-10,0.011649215268656168,0.010535542586005591,0.5568363413252878,enet:pooled
2003-11,0.0012857572718910097,0.0002570185029619653,0.5143693844645221,enet:pooled
2003-12,0.00040958203166198523,-0.0007326296644156049,0.571105848038795,enet:pooled
2004-01,-0.007011557460842222,-0.008123643731244393,0.5560431352010856,enet:pooled
2004-02,0.001919149572708497,0.0006257332726616285,0.6467081500234343,enet:pooled
2004-03,0.00231414423965329,0.0012320346073500723,0.5410548161516088,enet:pooled
2004-04,0.002299050485828952,0.0012470924644768437,0.5259790106760539,enet:pooled
2004-05,-0.005959674899755451,-0.006994720365962002,0.5175227331032761,enet:pooled
2004-06,0.0035809553939808256,0.0025081014636940124,0.5364269651434064,enet:pooled
2004-07,0.0053618843841067515,0.00441531457961927,0.4732849022437405,enet:pooled
2004-08,0.004934674848287225,0.004059101770887882,0.4377865386996716,enet:pooled
2004-09,0.004200509029138394,0.0032623694064744728,0.46906981133196035,enet:pooled
2004-10,0.010587976829632802,0.009664177610338968,0.4618996096469177,enet:pooled
2004-11,0.0042629664530019675,0.003423899040682977,0.4195337061594948,enet:pooled
2004-12,0.00851569359242309,0.0074579120780163335,0.5288907572033783,enet:pooled
2005-01,-0.0018146929644602702,-0.002936305942301899,0.5608064889208143,enet:pooled
2005-02,0.006344409520455011,0.00530574266209814,0.5193334291784355,enet:pooled
2005-03,0.008894727731246955,0.007863629272300752,0.5155492294731027,enet:pooled
2005-04,0.014344319291340096,0.013331925570646275,0.5061968603469097,enet:pooled
2005-05,-0.014988599887858983,-0.015851605229268522,0.4315026707047691,enet:pooled
2005-06,0.002753928741358582,0.001506436271748551,0.6237462348050153,enet:pooled
2005-07,0.004793018370542441,0.0037715544544756644,0.5107319580333883,enet:pooled
2005-08,-0.0008059875396112698,-0.0018120534703988957,0.5030329653938133,enet:pooled
2005-09,0.0031640101392363977,0.0019731422842498626,0.5954339274932675,enet:pooled
2005-10,0.000797169560648845,-0.00022190025776847497,0.5095349092086598,enet:pooled
2005-11,-0.0031867637580378022,-0.0041876887165711585,0.5004624792666782,enet:pooled
2005-12,-0.0009114763070123173,-0.0019466825192286014,0.5176031061081422,enet:pooled
2006-01,0.0058411282128403965,0.004764655439564266,0.5382363866380654,enet:pooled
2006-02,0.005085793374756798,0.003713285743723608,0.6862538155165955,enet:pooled
2006-03,-0.01111480961305817,-0.012331306178476586,0.6082482827092077,enet:pooled
2006-04,0.007831222131450745,0.006632364052322369,0.599429039564188,enet:pooled
2006-05,0.0008963032005835246,-0.0002909306926979775,0.5936169466407512,enet:pooled
2006-06,0.01672892795103851,0.01562069520009249,0.5541163754730105,enet:pooled
2006-07,-0.004415878819450415,-0.005518054406773359,0.5510877936614719,enet:pooled
2006-08,-0.005533532507196572,-0.006828697169467975,0.6475823311357024,enet:pooled
2006-09,0.0029199383783627855,0.0017174016744197287,0.6012683519715284,enet:pooled
2006-10,-0.003012757046390527,-0.0040454093098219335,0.5163261317157029,enet:pooled
2006-11,0.008892435381386487,0.0077664031660467665,0.5630161076698601,enet:pooled
2006-12,0.0016991849895359665,0.0006898136261214977,0.5046856817072346,enet:pooled
2007-01,0.005939373144765866,0.0047850980589277045,0.5771375429190809,enet:pooled
2007-02,0.0013143577903304998,0.00010880327483464202,0.6027772577479287,enet:pooled
2007-03,0.006430628911128901,0.005332123509546288,0.5492527007913065,enet:pooled
2007-04,0.0060721571752595386,0.004983234293916664,0.5444614406714374,enet:pooled
2007-05,0.0011317347536877885,3.107480471447229e-05,0.5503299744866582,enet:pooled
2007-06,-0.0018790198397659811,-0.003113469078129707,0.6172246191818628,enet:pooled
2007-07,-0.00044537267711577494,-0.0018317281711056374,0.6931777469949312,enet:pooled
2007-08,0.001853345138503798,0.0005679772971757606,0.6426839206640187,enet:pooled
2007-09,0.002348581328124675,0.0010502402555419353,0.6491705362913699,enet:pooled
2007-10,0.010912125522310075,0.009689584085560721,0.611270718374677,enet:pooled
2007-11,0.0024627920293863377,0.0012515340678749761,0.6056289807556807,enet:pooled
2007-12,0.004184764529751537,0.0027782182637790783,0.7032731329862291,enet:pooled
2008-01,0.0015830700891641932,0.00042156781501560624,0.5807511370742933,enet:pooled
2008-02,-0.0004641860976789493,-0.001851658792448523,0.6937363473847867,enet:pooled
2008-03,0.0035721045990067357,0.00222093295301209,0.6755858229973228,enet:pooled
2008-04,0.0028499279552954217,0.0015515502981552844,0.649188828570069,enet:pooled
2008-05,-0.004054116385836688,-0.005419941746143438,0.6829126801533745,enet:pooled
2008-06,0.008926542313631462,0.0076295196611997525,0.6485113262158546,enet:pooled
2008-07,-0.0030551738819123682,-0.004158073733899425,0.551449925993528,enet:pooled
2008-08,0.008701265776658003,0.007279205680317732,0.711030048170135,enet:pooled
2008-09,0.012046649209425971,0.01092685026179205,0.5598994738169608,enet:pooled
2008-10,0.030795365949711197,0.02971259567843165,0.5413851356397744,enet:pooled
2008-11,0.0183391090128897,0.017269193026141563,0.5349579933740684,enet:pooled
2008-12,-0.003819607620001114,-0.005023927972601925,0.6021601763004055,enet:pooled
2009-01,0.001244787326832725,-0.00011547371988181003,0.6801305233572675,enet:pooled
2009-02,0.0059741493006554595,0.004585559404616888,0.694294948019285,enet:pooled
2009-03,-0.010080457826643841,-0.011192423267206921,0.5559827202815403,enet:pooled
2009-04,-0.016109961955953767,-0.01755901159021425,0.7245248171302402,enet:pooled
2009-05,0.00841646894782448,0.006718121559750941,0.8491736940367695,enet:pooled
2009-06,-0.0030022580620819614,-0.004596811481545986,0.7972767097320124,enet:pooled
2009-07,0.0037789902626526746,0.002090170749507057,0.8444097565728086,enet:pooled
2009-08,0.001331316158971278,4.451944726075424e-05,0.6433983558552618,enet:pooled
2009-09,0.004744651206804778,0.003443949109235824,0.6503510487844768,enet:pooled
2009-10,0.0016469461633657463,0.00046654011432530426,0.5902030245202209,enet:pooled
2009-11,0.0024081878709620638,0.0011634521114055314,0.622367879778266,enet:pooled
2009-12,-0.0021859428363265837,-0.0033370178718334395,0.575537517753428,enet:pooled
2010-01,-0.0018751200402285844,-0.003179633972814942,0.652256966293179,enet:pooled
2010-02,-0.001981380302640994,-0.0033920338796276815,0.7053267884933437,enet:pooled
2010-03,-0.0025564469574324692,-0.004053857587259389,0.7487053149134599,enet:pooled
2010-04,0.005565583254449919,0.004241569409141487,0.6620069226542161,enet:pooled
2010-05,0.004435769546746836,0.003223324213804053,0.6062226664713918,enet:pooled
2010-06,0.0077151807133423326,0.006580425596026213,0.5673775586580596,enet:pooled
2010-07,-0.00044846259098135695,-0.0014495603313652294,0.5005488701919363,enet:pooled
2010-08,0.0032251484680130105,0.0019692894407395464,0.627929513636732,enet:pooled
2010-09,0.001900030033035631,0.0006597525318143017,0.6201387506106646,enet:pooled
2010-10,0.005893562218456253,0.004632485906515675,0.6305381559702895,enet:pooled
2010-11,0.008691897271703875,0.00751307376600373,0.5894117528500729,enet:pooled
2010-12,0.005101856448977939,0.003936185103318757,0.5828356728295909,enet:pooled
2011-01,0.005291144585500889,0.004165343019724346,0.5629007828882719,enet:pooled
2011-02,-0.0012433186953154302,-0.0024641318914220534,0.6104065980533114,enet:pooled
2011-03,9.039243881487784e-05,-0.001115028555906149,0.6027104973605132,enet:pooled
2011-04,0.007428981879475889,0.006280178354824863,0.5744017623255127,enet:pooled
2011-05,0.004307730835458263,0.0032884122350830395,0.5096593001876121,enet:pooled
2011-06,0.004505533575864494,0.0034754117791465458,0.5150608983589741,enet:pooled
2011-07,0.00604929488027058,0.005118475775270947,0.465409552499816,enet:pooled
2011-08,0.008483740489099367,0.007575671174062062,0.4540346575186528,enet:pooled
2011-09,0.011713496707767466,0.01076387874488345,0.4748089814420086,enet:pooled
2011-10,-0.0069983280642190145,-0.008036217447166615,0.5189446914738006,enet:pooled
2011-11,0.0032273563880061465,0.001902772169771556,0.662292109117295,enet:pooled
2011-12,0.0039514934996941874,0.0026680588005534127,0.6417173495703876,enet:pooled
2012-01,-0.017767382457725998,-0.018639663373382142,0.4361404578280731,enet:pooled
2012-02,-0.0020316748913375665,-0.0032371440693714374,0.6027345890169352,enet:pooled
2012-03,0.008267800777088689,0.0071194221633138054,0.574189306887442,enet:pooled
2012-04,0.005070968047731877,0.004082700707497319,0.4941336701172791,enet:pooled
2012-05,0.009837083168708832,0.008946122856425693,0.44548015614156883,enet:pooled
2012-06,0.005242785596058721,0.004390013382119404,0.42638610696965895,enet:pooled
2012-07,0.006475882189665822,0.005580082682677031,0.4478997534943952,enet:pooled
2012-08,0.00535560763580946,0.004483897246423081,0.4358551946931892,enet:pooled
2012-09,-0.0011809396606435906,-0.0020202547425999385,0.4196575409781739,enet:pooled
2012-10,0.0024358124918509236,0.0014641560665982147,0.4858282126263545,enet:pooled
2012-11,0.007161922153277529,0.006235595166907838,0.46316349318484595,enet:pooled
2012-12,-0.0025549550861909734,-0.0033974286880925054,0.4212368009507658,enet:pooled
2013-01,0.0029856642422711466,0.001982006208372839,0.5018290169491536,enet:pooled
2013-02,0.0039302074759703706,0.002941710234591621,0.494248620689375,enet:pooled
2013-03,0.008563718199075263,0.007687901234349401,0.43790848236293073,enet:pooled
2013-04,0.008656661418225792,0.00790867692729141,0.37399224546719056,enet:pooled
2013-05,0.0029634065977477394,0.002163545356145505,0.3999306208011174,enet:pooled
2013-06,0.003688571370697203,0.0026639122703956625,0.5123295501507703,enet:pooled
2013-07,0.009361756770041734,0.008332120133084325,0.5148183184787042,enet:pooled
2013-08,-0.000707757721662578,-0.0017404614407915263,0.5163518595644742,enet:pooled
2013-09,-0.004841021341574365,-0.005981306045943501,0.5701423521845679,enet:pooled
2013-10,-0.0009891423214499768,-0.002027721044649338,0.5192893615996806,enet:pooled
2013-11,-0.00015667059013249078,-0.001100804989581876,0.47206719972469263,enet:pooled
2013-12,0.003909491934919301,0.0030584880332565276,0.4255019508313866,enet:pooled
2014-01,0.0014144295112655137,0.0006735536546792928,0.37043792829311056,enet:pooled
2014-02,0.004936895016044859,0.004038755590030142,0.4490697130073587,enet:pooled
2014-03,0.001312919176002092,0.00042593222091541727,0.44349347754333746,enet:pooled
2014-04,0.0005520411390557372,-0.0004107571860404129,0.48139916254807535,enet:pooled
2014-05,-0.0011787081977855391,-0.002159885451104394,0.49058862665942743,enet:pooled
2014-06,0.003768830816517019,0.00277632627483357,0.4962522708417245,enet:pooled
2014-07,0.001340678614118424,0.0004192734720500276,0.4607025710341981,enet:pooled
2014-08,0.0027086279364388734,0.0017907860435852866,0.4589209464267935,enet:pooled
2014-09,-0.0020064251518232845,-0.00286959199650724,0.4315834223419777,enet:pooled
2014-10,0.002815429172904135,0.0019578517315061304,0.42878872069900215,enet:pooled
2014-11,0.008154920404367237,0.007300610537667679,0.42715493334977894,enet:pooled
2014-12,0.01206860193479583,0.011265989550942797,0.4013061919265157,enet:pooled
2015-01,0.00547683687116254,0.004680267788492788,0.39828454133487656,enet:pooled
2015-02,-0.00017391480968069584,-0.0011203367841229415,0.47321098722112287,enet:pooled
2015-03,0.0044402200989975315,0.0034548897481602374,0.4926651754186473,enet:pooled
2015-04,-0.010042445513517463,-0.01100628597022496,0.4819202283537481,enet:pooled
2015-05,0.00038776176652445917,-0.0008142260943071602,0.6009939304158098,enet:pooled
2015-06,0.0031003907730688327,0.0019629778829951925,0.5687064450368201,enet:pooled
2015-07,0.008192151825371856,0.007353095696345624,0.4195280645131162,enet:pooled
2015-08,0.007361504837175096,0.00651441767150362,0.4235435828357386,enet:pooled
2015-09,0.003991648773929687,0.0031135609071334747,0.4390439333981061,enet:pooled
2015-10,-0.003725382264336388,-0.004647937235460055,0.4612774855618332,enet:pooled
2015-11,0.0024513912797288935,0.0014519728262062206,0.4997092267613366,enet:pooled
2015-12,7.920717454340087e-05,-0.0009157047175135875,0.4974559460284941,enet:pooled
2016-01,0.002685585908967771,0.0017364996701751767,0.4745431193962974,enet:pooled
2016-02,-0.00013597754536567665,-0.0010643140386096173,0.4641682466219702,enet:pooled
2016-03,-0.006521372746547294,-0.007516906301495337,0.4977667774740214,enet:pooled
2016-04,0.0033661008200573253,0.0022925733835106573,0.5367637182733341,enet:pooled
2016-05,0.0026670760847973575,0.0016787850284012656,0.494145528198046,enet:pooled
2016-06,-0.001550258159132164,-0.002494126330987532,0.47193408592768404,enet:pooled
2016-07,0.00033454399446849374,-0.0005105326110299635,0.4225383027492286,enet:pooled
2016-08,0.005897934815490256,0.004961966517180043,0.46798414915510617,enet:pooled
2016-09,0.006058385247582698,0.005225884385556522,0.41625043101308806,enet:pooled
2016-10,0.0016320985343183444,0.0009771318793266256,0.3274833274958595,enet:pooled
2016-11,-0.0028765167552748817,-0.003694974978193767,0.40922911145944296,enet:pooled
2016-12,0.000913380327398939,-4.3928916033248926e-05,0.47865462171609396,enet:pooled
2017-01,0.003451879265024503,0.0025845548702843487,0.4336621973700772,enet:pooled
2017-02,-0.0009738704490320084,-0.001892962671506573,0.45954611123728223,enet:pooled
2017-03,0.003063255126273496,0.0021873010306615267,0.4379770478059845,enet:pooled
2017-04,-0.0001896957269897706,-0.001029632654699254,0.4199684638547416,enet:pooled
2017-05,0.00530675297553886,0.004511615245480901,0.39756886502897953,enet:pooled
2017-06,0.0002782338154307897,-0.0006083047806711987,0.4432692980509943,enet:pooled
2017-07,0.0028720988953821395,0.002049736145410445,0.41118137498584756,enet:pooled
2017-08,0.0032486224422827005,0.002380253954633791,0.43418424382445503,enet:pooled
2017-09,0.001716954162368229,0.0009732860371894686,0.3718340625893803,enet:pooled
2017-10,0.003527498202010932,0.0027779743352534412,0.37476193337874547,enet:pooled
2017-11,0.0023339175140626037,0.0014614920182125424,0.43621274792503073,enet:pooled
2017-12,0.002887406055727764,0.0019763950473292045,0.45550550419927965,enet:pooled
2018-01,0.004898264931351853,0.003972880250829079,0.462692340261387,enet:pooled
2018-02,0.002551852920344119,0.001563737363682859,0.4940577783306301,enet:pooled
2018-03,0.0037425915352693904,0.002833035850417829,0.4547778424257806,enet:pooled
2018-04,0.0010535360169534691,0.0002532121241682669,0.400161946392601,enet:pooled
2018-05,0.0034564099089592322,0.0025229601764981987,0.4667248662305166,enet:pooled
2018-06,0.003032400239132031,0.0020782652562392856,0.4770674914463727,enet:pooled
2018-07,0.0034876529266684897,0.0026321591670955624,0.4277468797864636,enet:pooled
2018-08,0.004402508228473125,0.003551612852820142,0.4254476878264914,enet:pooled
2018-09,0.013100241119017853,0.012245521417065343,0.4273598509762548,enet:pooled
2018-10,0.0033968399610197907,0.0026098290849288293,0.39350543804548094,enet:pooled
2018-11,-0.002975879072002348,-0.003830708208293718,0.4274145681456853,enet:pooled
2018-12,0.003442237866343494,0.0023794664584783592,0.5313857039325672,enet:pooled
2019-01,-0.0005191327199855089,-0.0013762317385728334,0.428549509293662,enet:pooled
2019-02,-0.005022464643989422,-0.006002002603475069,0.48976897974282374,enet:pooled
2019-03,0.004759465307931186,0.003832135555027319,0.4636648764519334,enet:pooled
2019-04,0.0017955634812936647,0.001057599758540546,0.36898186137655953,enet:pooled
2019-05,0.0018917625502449006,0.0010840468372648752,0.40385785649001243,enet:pooled
2019-06,0.003373498543415472,0.00246138767582766,0.45605543379390595,enet:pooled
2019-07,0.005757823834148411,0.00491520515233236,0.4213093409080253,enet:pooled
2019-08,0.003161547637966114,0.0023962423963486456,0.3826526208087342,enet:pooled
2019-09,-0.0023200673527575127,-0.003138004222795455,0.40896843501897107,enet:pooled
2019-10,0.0017253422013769435,0.0008080093194807202,0.4586664409481116,enet:pooled
2019-11,0.0016652764727137068,0.0008481068190979573,0.40858482680787483,enet:pooled
2019-12,0.004865772826285997,0.00399321505142028,0.43627888743285853,enet:pooled
2020-01,0.004602396548577677,0.0038749374206502054,0.3637295639637361,enet:pooled
2020-02,0.008124337705784666,0.007337258206763459,0.3935397495106035,enet:pooled
2020-03,0.013913749253541994,0.013155572523028758,0.37908836525661743,enet:pooled
2020-04,-0.016224297404677887,-0.01740461503509057,0.5901588152063428,enet:pooled
2020-05,-0.0014966939661775617,-0.003123240235073065,0.813273134447752,enet:pooled
2020-06,-0.004416138748681366,-0.005681221679127325,0.6325414652229799,enet:pooled
2020-07,0.00427599003679081,0.003125002350171467,0.5754938433096718,enet:pooled
2020-08,0.0004082358784565687,-0.0007161864568177828,0.5622111676371757,enet:pooled
2020-09,-0.003239124289208062,-0.004350966941102563,0.5559213259472503,enet:pooled
2020-10,0.0026068468651537537,0.0014956467339905543,0.5556000655815997,enet:pooled
2020-11,-0.023929179332725845,-0.02488365254394914,0.47723660561164655,enet:pooled
2020-12,0.0006389560241652683,-0.0008882322687913721,0.7635941464783204,enet:pooled
2021-01,0.002293829900856752,0.0009734538366018314,0.6601880321274601,enet:pooled
2021-02,0.0006068984815870705,-0.0004883163307963878,0.5476074061917289,enet:pooled
2021-03,0.006208551833640893,0.0050689082117299075,0.5698218109554922,enet:pooled
2021-04,0.004697103066188003,0.0037228504155020254,0.4871263253429888,enet:pooled
2021-05,0.003239927049375821,0.002162201265567829,0.5388628919039959,enet:pooled
2021-06,-0.004160389032771729,-0.005196550888395586,0.5180809278119279,enet:pooled
2021-07,0.003762936146743011,0.0027663540634367653,0.4982910416531231,enet:pooled
2021-08,-0.0007536227975940744,-0.0016857036273347737,0.4660404148703497,enet:pooled
2021-09,0.007448631539697298,0.0064579774371115485,0.4953270512928745,enet:pooled
2021-10,0.0016348798703572922,0.0007205011913817207,0.45718933948778595,enet:pooled
2021-11,0.005228912329022277,0.004322420457881135,0.4532459355705712,enet:pooled
2021-12,0.008955931555642267,0.007895171675819372,0.530379939911446,enet:pooled
2022-01,0.011463515269507885,0.010619144352781761,0.4221854583630625,enet:pooled
2022-02,0.008280403374180838,0.00748234765112698,0.3990278615269281,enet:pooled
2022-03,0.008659496553377223,0.007784424799768125,0.4375358768045492,enet:pooled
2022-04,0.010754845153783131,0.0099502590471455,0.4022930533188143,enet:pooled
2022-05,0.003999438815101452,0.0032044434443645677,0.39749768536844154,enet:pooled
2022-06,0.001318162652472301,0.00044790979206759947,0.4351264302023505,enet:pooled
2022-07,-0.004772779610389006,-0.005659069396452378,0.44314489303168575,enet:pooled
2022-08,-0.0012472658558854422,-0.0021715645731790125,0.46214935864678525,enet:pooled
2022-09,0.006023059708780253,0.005194169692539736,0.41444500812025886,enet:pooled
2022-10,0.005083095528102968,0.004259312736309937,0.411891395896515,enet:pooled
2022-11,-0.005630996856332772,-0.006528072522226316,0.44853783294677146,enet:pooled
2022-12,0.005510006924132092,0.00449965534241984,0.5051757908561259,enet:pooled
2023-01,0.0009982989661843826,0.0001338098952711945,0.43224453545659397,enet:pooled
2023-02,0.00635292329541683,0.0055005472024925095,0.42618804646215996,enet:pooled
2023-03,0.0034443224469270037,0.002750535273488807,0.34689358671909853,enet:pooled
2023-04,-0.0005526110012981464,-0.001373057785452274,0.4102233920770638,enet:pooled
2023-05,-0.0019165066959022888,-0.0026734736899134224,0.3784834970055668,enet:pooled
2023-06,0.0019577030026668146,0.0011672706466617875,0.39521617800251363,enet:pooled
2023-07,0.0037646337001042726,0.002918451896497323,0.4230909018034751,enet:pooled
2023-08,0.0017056605521630164,0.0008505091679787435,0.4275756920921365,enet:pooled
2023-09,0.009896006969177633,0.009080686987514906,0.40765999083136334,enet:pooled
2023-10,0.007802316823594769,0.00712551139549772,0.3384027140485242,enet:pooled
2023-11,-0.008267174018743693,-0.009018327868307047,0.3755769247816779,enet:pooled
2023-12,0.003537416457577644,0.002601610805553336,0.46790282601215394,enet:pooled
2024-01,0.009255487248614497,0.008428463432453947,0.41351190808027494,enet:pooled
2024-02,5.539322457972967e-05,-0.000788169076539768,0.4217811505597488,enet:pooled
2024-03,0.0036847270819478774,0.0027932976375044925,0.44571472222169234,enet:pooled
2024-04,2.865648849889641e-05,-0.0008373896742761588,0.43302308138752754,enet:pooled
2024-05,0.001893615558720277,0.0010486422380199954,0.4224866603501409,enet:pooled
2024-06,0.00014296490017084464,-0.0006684527824747905,0.4057088413228177,enet:pooled
2024-07,0.0004588321602374021,-0.00034609823658745257,0.4024651984124273,enet:pooled
2024-08,0.0029928369319339758,0.002184056198915096,0.4043903665094399,enet:pooled
2024-09,0.0004135281937320132,-0.0003770044782914466,0.39526633601172995,enet:pooled
2024-10,0.0038301579324413,0.0029993395972739436,0.4154091675836782,enet:pooled
2024-11,0.009725205677136129,0.008903301959500398,0.41095185881786533,enet:pooled
2024-12,0.0019509883685920445,0.001124364873187636,0.4133117477022042,enet:pooled
2025-01,0.001450762668650126,0.0007521763881942103,0.34929314022795777,enet:pooled
2025-02,0.004258962129604307,0.0034372614519755013,0.41085033881440275,enet:pooled
2025-03,0.005791685282881576,0.0050298646162974785,0.3809103332920488,enet:pooled
2025-04,-0.0024334026719160253,-0.0031806239441428408,0.373610636113408,enet:pooled
2025-05,-0.0010348190954270276,-0.0018787395634911506,0.42196023403206157,enet:pooled
2025-06,-0.0013581088963816222,-0.00217251849265986,0.4072047981391188,enet:pooled
2025-07,-0.0007836880656963631,-0.0015012759005001988,0.35879391740191785,enet:pooled
2025-08,0.0020369851041334344,0.0012042481467814496,0.41636847867599247,enet:pooled
2025-09,0.003975825319519364,0.003101649247700208,0.437088035909578,enet:pooled
2025-10,0.008843537514723741,0.00798613900809786,0.42869925331294123,enet:pooled
2025-11,0.002008083382097708,0.001094283259597353,0.4569000612501775,enet:pooled
2025-12,0.009481795619119134,0.008603727379019023,0.4390341200500554,enet:pooled
2000-01,0.00533078611375814,0.00533078611375814,0.0,enet_rs:dm_only
2000-02,0.017275536659053972,0.015324585144009849,0.9754757575220612,enet_rs:dm_only
2000-03,-0.0021975460124568345,-0.004125823542586423,0.9641387650647946,enet_rs:dm_only
2000-04,-0.017536696581704106,-0.019492333672535014,0.9778185454154545,enet_rs:dm_only
2000-05,-0.004315944304299529,-0.006417265092933242,1.0506603943168564,enet_rs:dm_only
2000-06,-0.007098534236979074,-0.009061749071236361,0.9816074171286446,enet_rs:dm_only
2000-07,-0.001760212588745977,-0.0037635422811935146,1.001664846223769,enet_rs:dm_only
2000-08,-0.006574352281970899,-0.008401894667873108,0.9137711929511038,enet_rs:dm_only
2000-09,0.0009267042461985317,-0.0009737803846810811,0.9502423154398063,enet_rs:dm_only
2000-10,0.0009133269580656096,-0.0008175356003366898,0.8654312792011496,enet_rs:dm_only
2000-11,0.00787649467956752,0.006284362735706619,0.7960659719304511,enet_rs:dm_only
2000-12,0.0012960086743380901,-0.0003599279346865091,0.8279683045122996,enet_rs:dm_only
2001-01,-0.014213376999572992,-0.01605072755395968,0.9186752771933447,enet_rs:dm_only
2001-02,0.006694514947690213,0.004531637912628915,1.0814385175306493,enet_rs:dm_only
2001-03,0.0279864477613523,0.025882459300687565,1.051994230332367,enet_rs:dm_only
2001-04,0.004786590792337995,0.0030682396825977413,0.859175554870127,enet_rs:dm_only
2001-05,0.009941088189250763,0.007991995573822349,0.9745463077142072,enet_rs:dm_only
2001-06,-0.0017765215344643093,-0.00340643218854435,0.8149553270400202,enet_rs:dm_only
2001-07,0.01805366929394365,0.016225025778042603,0.9143217579505216,enet_rs:dm_only
2001-08,-0.005645791777711253,-0.007211342395143279,0.7827753087160136,enet_rs:dm_only
2001-09,0.012497896001429764,0.01061012868777772,0.9438836568260228,enet_rs:dm_only
2001-10,-0.01937027207366211,-0.021241045356433483,0.9353866413856866,enet_rs:dm_only
2001-11,0.0032027747725853375,0.0009352932125420265,1.1337407800216561,enet_rs:dm_only
2001-12,0.013354367414915302,0.011406720540012204,0.973823437451549,enet_rs:dm_only
2002-01,0.00037533564760933933,-0.0016370316944279686,1.0061836710186542,enet_rs:dm_only
2002-02,0.007758975282774724,0.00623034737581458,0.7643139534800725,enet_rs:dm_only
2002-03,0.011512365079497397,0.010139179909845177,0.6865925848261095,enet_rs:dm_only
2002-04,0.006795553908775927,0.005594182319700323,0.6006857945378024,enet_rs:dm_only
2002-05,0.005466562623336442,0.00412304178324988,0.6717604200432808,enet_rs:dm_only
2002-06,0.006259719766230144,0.004930096839124821,0.6648114635526612,enet_rs:dm_only
2002-07,0.0037886380845653053,0.002505603126269713,0.6415174791477961,enet_rs:dm_only
2002-08,0.0021476045537094095,0.0009141917355220385,0.6167064090936855,enet_rs:dm_only
2002-09,0.00550798166697641,0.004195611554790957,0.6561850560927259,enet_rs:dm_only
2002-10,0.0014310176363369724,0.00022675349039131716,0.6021320729728274,enet_rs:dm_only
2002-11,0.0029244701796009385,0.001371001274456622,0.7767344525721579,enet_rs:dm_only
2002-12,0.003261948890530177,0.001973401217936313,0.644273836296932,enet_rs:dm_only
2003-01,0.001890988265384848,0.0006006635189102325,0.6451623732373076,enet_rs:dm_only
2003-02,0.0003411888579068155,-0.0006380274179183821,0.48960813791259894,enet_rs:dm_only
2003-03,0.010201860947162217,0.009168226086735506,0.5168174302133554,enet_rs:dm_only
2003-04,-0.005009307283537796,-0.0057151013118995906,0.35289701418089764,enet_rs:dm_only
2003-05,0.0035659144689667824,0.0023434280739697794,0.6112431974985018,enet_rs:dm_only
2003-06,0.005853270769922683,0.004673525601362405,0.5898725842801388,enet_rs:dm_only
2003-07,0.008651493379382943,0.007590569729763341,0.5304618248098006,enet_rs:dm_only
2003-08,0.005048213893585723,0.003958472976666475,0.5448704584596241,enet_rs:dm_only
2003-09,-0.003009948333455056,-0.004211516878621299,0.6007842725831221,enet_rs:dm_only
2003-10,0.011444762066947016,0.010313342506954006,0.5657097799965055,enet_rs:dm_only
2003-11,0.0011228281960777805,6.64830482776331e-05,0.5281725739000739,enet_rs:dm_only
2003-12,0.0006120280364398783,-0.0005416606726600509,0.5768443545499649,enet_rs:dm_only
2004-01,-0.0019239735926773421,-0.0029725188820601827,0.5242726446914202,enet_rs:dm_only
2004-02,0.003835621185377474,0.003644436472181588,0.09559235659794273,enet_rs:dm_only
2004-03,0.004369169930961352,0.004209230639877557,0.0799696455418976,enet_rs:dm_only
2004-04,0.003430825002417711,0.0033038632102478007,0.06348089608495562,enet_rs:dm_only
2004-05,-0.0024887129094652146,-0.0026614726860134386,0.08637988827411189,enet_rs:dm_only
2004-06,0.004633810336203407,0.004506554029178806,0.06362815351230028,enet_rs:dm_only
2004-07,0.0027288845981674934,0.0026180812761317255,0.05540166101788397,enet_rs:dm_only
2004-08,0.006364412457196598,0.00623675433164771,0.06382906277444368,enet_rs:dm_only
2004-09,0.003200210654396416,0.003074138328576854,0.06303616290978128,enet_rs:dm_only
2004-10,0.0031392799709094267,0.0030112183785673567,0.06403079617103513,enet_rs:dm_only
2004-11,0.004125475379173947,0.0039643430905961065,0.0805661442889204,enet_rs:dm_only
2004-12,0.008139110437332606,0.008004053192547851,0.06752862239237706,enet_rs:dm_only
2005-01,-0.000855265522189925,-0.0017197540957185657,0.4322442867643204,enet_rs:dm_only
2005-02,0.007088717510557914,0.006323958208283147,0.3823796511373837,enet_rs:dm_only
2005-03,0.008375811924230621,0.007578237121691033,0.39878740126979384,enet_rs:dm_only
2005-04,0.0133256768069155,0.012549094867510008,0.3882909697027457,enet_rs:dm_only
2005-05,-0.014043588117995625,-0.014701816220696471,0.32911405135042276,enet_rs:dm_only
2005-06,0.0022701039362718035,0.0013029537880313098,0.4835750741202468,enet_rs:dm_only
2005-07,0.005337203523424647,0.0045747241277709315,0.3812396978268578,enet_rs:dm_only
2005-08,0.0012555265955736178,0.00048819538006209494,0.3836656077557613,enet_rs:dm_only
2005-09,0.002603245058489518,0.0016942880964877192,0.45447848100089927,enet_rs:dm_only
2005-10,0.0002766197773009597,-0.000493076632659923,0.3848482049804412,enet_rs:dm_only
2005-11,-0.003164339305626137,-0.003916903305663439,0.3762820000186512,enet_rs:dm_only
2005-12,-0.0008388631376784969,-0.0016223605230766603,0.39174869269908164,enet_rs:dm_only
2006-01,0.005547312514796745,0.0046137860063588994,0.46676325421892273,enet_rs:dm_only
2006-02,0.005232811153737932,0.003958028026706863,0.637391563515534,enet_rs:dm_only
2006-03,-0.010765159378294352,-0.011865004203752727,0.5499224127291868,enet_rs:dm_only
2006-04,0.007984108773441922,0.0068805335901955915,0.5517875916231652,enet_rs:dm_only
2006-05,0.0007066344645070859,-0.0003672915333802201,0.5369629989436532,enet_rs:dm_only
2006-06,0.015277362641866693,0.014275988396706164,0.5006871225802647,enet_rs:dm_only
2006-07,-0.00411398175572317,-0.0051519309569491535,0.5189746006129914,enet_rs:dm_only
2006-08,-0.005139481262685569,-0.006316519493528866,0.5885191154216487,enet_rs:dm_only
2006-09,0.002553207333003317,0.0014760306404537564,0.5385883462747805,enet_rs:dm_only
2006-10,-0.0023559602104726283,-0.0032766853648963936,0.4603625772118832,enet_rs:dm_only
2006-11,0.007865095382976773,0.0068504385473131275,0.5073284178318226,enet_rs:dm_only
2006-12,0.0016294434475937608,0.0007055064797378201,0.4619684839279703,enet_rs:dm_only
2007-01,0.005873133330574231,0.004715486046924231,0.578823641825,enet_rs:dm_only
2007-02,0.0015747034689999146,0.0003094785429745829,0.6326124630126659,enet_rs:dm_only
2007-03,0.006064912661558282,0.00490540185254175,0.5797554045082665,enet_rs:dm_only
2007-04,0.0062680167527517745,0.005121588623330285,0.5732140647107447,enet_rs:dm_only
2007-05,0.001123011243339053,-5.83239204618095e-05,0.5906675819004311,enet_rs:dm_only
2007-06,-0.002412355075594648,-0.0037404929083720913,0.6640689163887215,enet_rs:dm_only
2007-07,-0.00040376255744276784,-0.0018910613099929624,0.7436493762750971,enet_rs:dm_only
2007-08,0.0018162501501895877,0.00042362315424877996,0.6963134979704039,enet_rs:dm_only
2007-09,0.0027496617667537387,0.0013631007124104203,0.6932805271716592,enet_rs:dm_only
2007-10,0.011667049061125206,0.010378218367668085,0.6444153467285605,enet_rs:dm_only
2007-11,0.0029522906894450577,0.0016573333485128878,0.6474786704660849,enet_rs:dm_only
2007-12,0.004452637178088743,0.0029625937616170974,0.7450217082358231,enet_rs:dm_only
2008-01,0.0020517871957923066,0.0008284793365608265,0.6116539296157399,enet_rs:dm_only
2008-02,-0.0012347380514839024,-0.002716265019349954,0.7407634839330259,enet_rs:dm_only
2008-03,0.0045902077184740995,0.003139434227156985,0.7253867456585574,enet_rs:dm_only
2008-04,0.002437779631178174,0.001051718627877422,0.6930305016503763,enet_rs:dm_only
2008-05,-0.003702218944444689,-0.005155104729847347,0.7264428927013284,enet_rs:dm_only
2008-06,0.00978256975302617,0.008401606218712184,0.690481767156993,enet_rs:dm_only
2008-07,-0.003951705066162486,-0.005128588262120647,0.5884415979790804,enet_rs:dm_only
2008-08,0.009235929944140615,0.007735274793989181,0.7503275750757165,enet_rs:dm_only
2008-09,0.013539640639856266,0.012368072628252047,0.5857840058021088,enet_rs:dm_only
2008-10,0.0330691713602072,0.0319429481850507,0.5631115875782483,enet_rs:dm_only
2008-11,0.018571808047770588,0.0174608572711028,0.5554753883338948,enet_rs:dm_only
2008-12,-0.004594748843257088,-0.005837240104096388,0.6212456304196489,enet_rs:dm_only
2009-01,0.0006069355353373692,-0.0008530238735647219,0.7299797044510457,enet_rs:dm_only
2009-02,0.0064650290507414915,0.00493838864532692,0.7633202027072857,enet_rs:dm_only
2009-03,-0.010994247703246075,-0.01222781137533966,0.6167818360467928,enet_rs:dm_only
2009-04,-0.015143435451135697,-0.01673712246687632,0.796843507870311,enet_rs:dm_only
2009-05,0.012074357451964546,0.010229423922825708,0.9224667645694195,enet_rs:dm_only
2009-06,-0.003736482893281035,-0.005423618095063535,0.8435676008912499,enet_rs:dm_only
2009-07,0.003769574534026722,0.001948480428138888,0.9105470529439167,enet_rs:dm_only
2009-08,0.0012983157063576134,-8.757693006525122e-05,0.6929463182114323,enet_rs:dm_only
2009-09,0.005227974849567407,0.00382119615317766,0.7033893481948732,enet_rs:dm_only
2009-10,0.001394275906939078,0.0001282904026658865,0.6329927521365956,enet_rs:dm_only
2009-11,0.0019060535750550897,0.0005749690577424206,0.6655422586563347,enet_rs:dm_only
2009-12,-0.002216071406752791,-0.003463372639048398,0.6236506161478036,enet_rs:dm_only
2010-01,-0.0015794601780397168,-0.0029838059403281478,0.702172881144215,enet_rs:dm_only
2010-02,-0.0024886701663058186,-0.004028322503543826,0.7698261686190037,enet_rs:dm_only
2010-03,-0.002926994125039385,-0.004545938169872501,0.809472022416558,enet_rs:dm_only
2010-04,0.005309711332832581,0.0038472776797854884,0.7312168265235464,enet_rs:dm_only
2010-05,0.004422983081531296,0.0030610177586496744,0.6809826614408108,enet_rs:dm_only
2010-06,0.008148975050907852,0.006874539682311989,0.6372176842979315,enet_rs:dm_only
2010-07,-0.001431307835084373,-0.0025608943248061167,0.5647932448608721,enet_rs:dm_only
2010-08,0.0034301187868623615,0.002019013852481683,0.7055524671903391,enet_rs:dm_only
2010-09,0.0016512315827658614,0.00026080659830141545,0.6952124922322228,enet_rs:dm_only
2010-10,0.006268338901142309,0.00483834604366093,0.7149964287406894,enet_rs:dm_only
2010-11,0.008830696398327465,0.007502471314067244,0.6641125421301104,enet_rs:dm_only
2010-12,0.005706107380965011,0.004392958386825377,0.6565744970698165,enet_rs:dm_only
2011-01,0.005262442083727794,0.003976431292384959,0.6430053956714171,enet_rs:dm_only
2011-02,-0.0016734921711332995,-0.003077387947089862,0.7019478879782809,enet_rs:dm_only
2011-03,-0.00035750473621881657,-0.0017383747232490952,0.690434993515139,enet_rs:dm_only
2011-04,0.007755023433605244,0.006420053491114196,0.6674849712455239,enet_rs:dm_only
2011-05,0.004350900327023749,0.0031642875031226703,0.5933064119505393,enet_rs:dm_only
2011-06,0.00460666025599291,0.0034065375858765958,0.6000613350581576,enet_rs:dm_only
2011-07,0.006280647717579922,0.005189525046498525,0.5455613355406983,enet_rs:dm_only
2011-08,0.009546457935114295,0.008495622408496491,0.5254177633089012,enet_rs:dm_only
2011-09,0.01211898253581247,0.011029704556321594,0.5446389897454373,enet_rs:dm_only
2011-10,-0.007935263554695291,-0.009126674836151118,0.5957056407279137,enet_rs:dm_only
2011-11,0.0025312703632592577,0.0009939087956943235,0.7686807837824672,enet_rs:dm_only
2011-12,0.004065109518508169,0.002590505517933975,0.737302000287097,enet_rs:dm_only
2012-01,-0.014136874624597694,-0.01515491050021496,0.5090179378086335,enet_rs:dm_only
2012-02,-0.0010215891552975485,-0.0018274453543858137,0.4029280995441324,enet_rs:dm_only
2012-03,0.008720278727260047,0.007969061765843635,0.3756084807082063,enet_rs:dm_only
2012-04,0.0038383260619418613,0.003157695160114667,0.3403154509135973,enet_rs:dm_only
2012-05,0.00816104417645988,0.00758369742348898,0.2886733764854504,enet_rs:dm_only
2012-06,0.006062861675022487,0.005543651749792479,0.259604962615004,enet_rs:dm_only
2012-07,0.0062165364720523164,0.0056534501875429395,0.28154314225468857,enet_rs:dm_only
2012-08,0.005381085561865006,0.0048416016818645284,0.269741940000239,enet_rs:dm_only
2012-09,-0.0009212853740962293,-0.0014417595979229762,0.26023711191337334,enet_rs:dm_only
2012-10,0.003074772972754545,0.002487521986756767,0.29362549299888907,enet_rs:dm_only
2012-11,0.00675430768394623,0.006194078623977058,0.2801145299845864,enet_rs:dm_only
2012-12,-0.00218065404119721,-0.0026995687511184594,0.259457354960625,enet_rs:dm_only
2013-01,0.0021517464636175094,0.0016916154341616192,0.23006551472794495,enet_rs:dm_only
2013-02,0.003912962209547126,0.0038001506441758914,0.05640578268561718,enet_rs:dm_only
2013-03,0.005835098049539812,0.00574521695105839,0.044940549240710836,enet_rs:dm_only
2013-04,0.0063992768482809366,0.006284856557480657,0.05721014540014021,enet_rs:dm_only
2013-05,0.0010161610759951538,0.0009264651775649184,0.044847949215117686,enet_rs:dm_only
2013-06,0.005364321218362323,0.005272645310272673,0.04583795404482441,enet_rs:dm_only
2013-07,0.009922026915423173,0.00978989353121451,0.06606669210433057,enet_rs:dm_only
2013-08,1.846776791005806e-05,-7.83813649231243e-05,0.04842456641659147,enet_rs:dm_only
2013-09,-0.0010028649127270842,-0.0011557732701041835,0.0764541786885496,enet_rs:dm_only
2013-10,-0.00230821293797334,-0.0024003736779853162,0.046080370005987976,enet_rs:dm_only
2013-11,0.001031304638520531,0.0009267665895208554,0.05226902449983788,enet_rs:dm_only
2013-12,0.0032349679204566524,0.00317753304477061,0.028717437843021,enet_rs:dm_only
2014-01,0.002598405710710421,0.0023941303667610807,0.10213767197467018,enet_rs:dm_only
2014-02,0.0050847358144246214,0.004843098766125633,0.1208185241494939,enet_rs:dm_only
2014-03,0.0019109776273329734,0.001684220730587927,0.11337844837252303,enet_rs:dm_only
2014-04,-0.0013472044720501284,-0.0016369200815817672,0.14485780476581905,enet_rs:dm_only
2014-05,-0.00030422579595612597,-0.0006157008826092325,0.1557375433265533,enet_rs:dm_only
2014-06,0.004470391825609461,0.004181191055009696,0.14460038529988212,enet_rs:dm_only
2014-07,0.0028295832827152823,0.002585788928693175,0.12189717701105335,enet_rs:dm_only
2014-08,0.001795548107215478,0.0015194906240039831,0.13802874160574755,enet_rs:dm_only
2014-09,-0.0010435766224823615,-0.0012563228093058418,0.10637309341174013,enet_rs:dm_only
2014-10,0.002690975430665174,0.002474298890504462,0.10833827008035603,enet_rs:dm_only
2014-11,0.007153099426146012,0.0069393782163639115,0.10686060489105063,enet_rs:dm_only
2014-12,0.009001020457060301,0.008790081428208174,0.105469514426064,enet_rs:dm_only
2015-01,0.005517994542362729,0.004591071341527023,0.4634616004178534,enet_rs:dm_only
2015-02,-0.0003502858226545372,-0.001399483052396039,0.5245986148707509,enet_rs:dm_only
2015-03,0.004253032162023399,0.003155856649999146,0.548587756012127,enet_rs:dm_only
2015-04,-0.010454202639868388,-0.011518051703021897,0.5319245315767541,enet_rs:dm_only
2015-05,2.3697451961928664e-05,-0.0013253561887964364,0.6745268203791824,enet_rs:dm_only
2015-06,0.0026877416882848428,0.0014125351953721194,0.6376032464563616,enet_rs:dm_only
2015-07,0.008164579476615617,0.007223809207034191,0.47038513479071237,enet_rs:dm_only
2015-08,0.007363801125368479,0.00641141237668696,0.47619437434075984,enet_rs:dm_only
2015-09,0.0037661535559274143,0.0027832549667746466,0.491449294576384,enet_rs:dm_only
2015-10,-0.0038474055390105197,-0.004882673135202443,0.5176337980959611,enet_rs:dm_only
2015-11,0.0023830908494804925,0.0012527010305787086,0.5651949094508918,enet_rs:dm_only
2015-12,-6.077442018784831e-05,-0.0011765269879932282,0.55787628390269,enet_rs:dm_only
2016-01,0.001863798066962021,0.0007170638089161106,0.5733671290229552,enet_rs:dm_only
2016-02,6.003078328418613e-05,-0.0011412797254860651,0.6006552543851258,enet_rs:dm_only
2016-03,-0.004862375522892167,-0.006148205505605835,0.6429149913568346,enet_rs:dm_only
2016-04,0.0035907250504806265,0.00223641407989096,0.6771554852948334,enet_rs:dm_only
2016-05,0.001454231917338714,0.00019629982975486268,0.6289660437919256,enet_rs:dm_only
2016-06,-0.0016206188296598355,-0.0028512875143731986,0.6153343423566815,enet_rs:dm_only
2016-07,-0.0005583136905111751,-0.0016522497483310167,0.5469680289099207,enet_rs:dm_only
2016-08,0.005800025590498186,0.004587352674132074,0.6063364581830565,enet_rs:dm_only
2016-09,0.006131828294086029,0.0050647962127818675,0.5335160406520807,enet_rs:dm_only
2016-10,0.0013101552505844958,0.0004564146264647868,0.42687031205985426,enet_rs:dm_only
2016-11,-0.0024482464652935466,-0.003500634028078885,0.5261937813926694,enet_rs:dm_only
2016-12,0.0006715687491801506,-0.0005586922127956968,0.6151304809879238,enet_rs:dm_only
2017-01,0.00287617006518045,0.0017360405683686652,0.5700647484058927,enet_rs:dm_only
2017-02,-0.0004961106028053951,-0.001678554651577164,0.5912220243858844,enet_rs:dm_only
2017-03,0.002394222569807774,0.00127593972995976,0.559141419924007,enet_rs:dm_only
2017-04,-0.00023290652795224508,-0.0013318146746515293,0.5494540733496422,enet_rs:dm_only
2017-05,0.004644870265361006,0.00360020471867171,0.5223327733446481,enet_rs:dm_only
2017-06,0.0005625281126139187,-0.000596552727536022,0.5795404200749702,enet_rs:dm_only
2017-07,0.0019382184455818737,0.000862785939786962,0.5377162528974557,enet_rs:dm_only
2017-08,0.003402132928984954,0.002260247869826847,0.5709425295790537,enet_rs:dm_only
2017-09,0.0015290348232176415,0.000548409210730495,0.49031280624357315,enet_rs:dm_only
2017-10,0.0037127346536234562,0.0027248210141951027,0.4939568197141767,enet_rs:dm_only
2017-11,0.0021173916333796137,0.0009913549607443737,0.5630183363176201,enet_rs:dm_only
2017-12,0.003556176655303588,0.0023624325806910966,0.5968720373062459,enet_rs:dm_only
2018-01,0.005182390892471904,0.004239658592818372,0.4713661498267663,enet_rs:dm_only
2018-02,0.002869698124122735,0.0022807225192120395,0.29448780245534795,enet_rs:dm_only
2018-03,0.0032223079946400845,0.0026433876784303935,0.2894601581048453,enet_rs:dm_only
2018-04,0.001416376973421468,0.0009399375418521787,0.23821971578464424,enet_rs:dm_only
2018-05,0.0046738440701531644,0.004128577640600956,0.27263321477610364,enet_rs:dm_only
2018-06,0.003353746370523942,0.0027901214863463183,0.28181244208881207,enet_rs:dm_only
2018-07,0.00438941286311541,0.003883646042264256,0.2528834104255772,enet_rs:dm_only
2018-08,0.004162408634513401,0.0036565802052704738,0.2529142146214639,enet_rs:dm_only
2018-09,0.012370913323842752,0.01186435511747962,0.25327910318156505,enet_rs:dm_only
2018-10,0.003178648563864692,0.002700468158834144,0.23909020251527427,enet_rs:dm_only
2018-11,-0.002313018251946661,-0.002828203971084964,0.2575928595691512,enet_rs:dm_only
2018-12,0.0014916917482845323,0.0008564243472430336,0.31763370052074946,enet_rs:dm_only
2019-01,0.002761781096957728,0.002309089569214919,0.2263457638714045,enet_rs:dm_only
2019-02,-0.004464834909364339,-0.004901223228591676,0.21819415961366823,enet_rs:dm_only
2019-03,0.0040560164908155895,0.0036670572014393206,0.1944796446881346,enet_rs:dm_only
2019-04,0.0019056756293968726,0.0015984910552608344,0.15359228706801906,enet_rs:dm_only
2019-05,0.00205089984039375,0.0017037661421500255,0.1735668491218623,enet_rs:dm_only
2019-06,0.004154749436624005,0.0037618012736539736,0.19647408148501586,enet_rs:dm_only
2019-07,0.005605512691300294,0.00525227571796149,0.1766184866694015,enet_rs:dm_only
2019-08,0.0018146109003315156,0.0014752957661687827,0.16965756708136673,enet_rs:dm_only
2019-09,-0.0016638219444534003,-0.0020161701445653105,0.17617410005595524,enet_rs:dm_only
2019-10,0.0008438729372994094,0.0004555346755733328,0.19416913086303814,enet_rs:dm_only
2019-11,0.002548504420977626,0.0022018798999934386,0.17331226049209375,enet_rs:dm_only
2019-12,0.004103540283015495,0.0037303673720166077,0.18658645549944353,enet_rs:dm_only
2020-01,0.001796412371334707,0.0015165569902669583,0.13992769053387427,enet_rs:dm_only
2020-02,0.0040850445478557585,0.004018441038400728,0.033301754727515114,enet_rs:dm_only
2020-03,0.005800216702095003,0.0057349220298940655,0.032647336100468466,enet_rs:dm_only
2020-04,-0.004862542578337534,-0.00499740599226502,0.0674317069637428,enet_rs:dm_only
2020-05,-0.0011195238341537095,-0.0012380461460712974,0.059261155958794005,enet_rs:dm_only
2020-06,-0.007097643116687461,-0.00717696180910816,0.03965934621034961,enet_rs:dm_only
2020-07,0.0022992826919824784,0.0021875005915868804,0.055891050197799205,enet_rs:dm_only
2020-08,-0.003759123078074125,-0.0038615979271099036,0.05123742451788926,enet_rs:dm_only
2020-09,-0.000333761718682168,-0.00041143559681087164,0.03883693906435195,enet_rs:dm_only
2020-10,0.005137652540354817,0.0050616211531302234,0.03801569361229658,enet_rs:dm_only
2020-11,-0.018997838589101118,-0.01906812853894219,0.03514497492053545,enet_rs:dm_only
2020-12,-0.0050237211849889505,-0.0051476695266925295,0.06197417085178955,enet_rs:dm_only
2021-01,0.004833768881463684,0.004745354852948148,0.0442070142577681,enet_rs:dm_only
2021-02,-0.0018039313900389245,-0.001882392542588332,0.039230576274703596,enet_rs:dm_only
2021-03,0.002645806576782234,0.002551946152472292,0.046930212154971035,enet_rs:dm_only
2021-04,0.0018009995674867947,0.0017250306628237907,0.03798445233150195,enet_rs:dm_only
2021-05,6.546638336654386e-05,-2.7996774767810106e-05,0.04673157906717702,enet_rs:dm_only
2021-06,-0.00442636890179012,-0.004496509333623981,0.03507021591693039,enet_rs:dm_only
2021-07,0.003829180075595014,0.0037509480244381156,0.03911602557844873,enet_rs:dm_only
2021-08,-0.0007162843939113112,-0.0007761734621010128,0.029944534094850875,enet_rs:dm_only
2021-09,0.004461854403112944,0.004385819927644336,0.03801723773430379,enet_rs:dm_only
2021-10,0.0006832382301195567,0.000613216422807197,0.03501090365617994,enet_rs:dm_only
2021-11,0.006884424626136185,0.006816041022418409,0.03419180185888759,enet_rs:dm_only
2021-12,0.008995999537949948,0.008908470100603102,0.04376471867342288,enet_rs:dm_only
2022-01,0.008348629381351225,0.0082853563140096,0.031636533670812435,enet_rs:dm_only
2022-02,0.009276224460714999,0.00920045240100298,0.037886029856009085,enet_rs:dm_only
2022-03,0.004898568911238906,0.004818120099147158,0.04022440604587391,enet_rs:dm_only
2022-04,0.010606871190957294,0.010519535661454808,0.043667764751242594,enet_rs:dm_only
2022-05,0.005140960275940806,0.005054194929353609,0.04338267329359816,enet_rs:dm_only
2022-06,-0.0011121374053048502,-0.0011896281371090395,0.038745365902094514,enet_rs:dm_only
2022-07,-0.0012164394557205025,-0.001293868349983754,0.03871444713162578,enet_rs:dm_only
2022-08,-0.0018767003856977756,-0.0019408662746718875,0.032082944487056134,enet_rs:dm_only
2022-09,0.003737666909163661,0.003667773289725358,0.034946809719151456,enet_rs:dm_only
2022-10,0.0033098180715278435,0.0032369852909632556,0.0364163902822941,enet_rs:dm_only
2022-11,-0.0012726763117017253,-0.0013621689663121906,0.04474632730523261,enet_rs:dm_only
2022-12,0.00650055070876506,0.00641842397274836,0.041063368008350136,enet_rs:dm_only
2023-01,0.0013569135228766135,0.0007020330635205483,0.3274402296780326,enet_rs:dm_only
2023-02,0.005270898676903025,0.004632053170368689,0.3194227532671683,enet_rs:dm_only
2023-03,0.003089743377521642,0.002576413480549323,0.25666494848615934,enet_rs:dm_only
2023-04,-0.00046148069838532614,-0.0010711946056302254,0.3048569536224497,enet_rs:dm_only
2023-05,-0.002242405089257384,-0.0028090678368720002,0.283331373807308,enet_rs:dm_only
2023-06,0.002754329330814966,0.0021730581648788053,0.2906355829680805,enet_rs:dm_only
2023-07,0.003326030130279009,0.0027056370776147713,0.3101965263321191,enet_rs:dm_only
2023-08,0.0021366364436138483,0.0015055022667243131,0.3155670884447673,enet_rs:dm_only
2023-09,0.009720340953024405,0.009108969790805508,0.3056855811094481,enet_rs:dm_only
2023-10,0.008044994534526518,0.007539344104090046,0.25282521521823625,enet_rs:dm_only
2023-11,-0.0070182538194513144,-0.007582373630582697,0.2820599055656914,enet_rs:dm_only
2023-12,0.004067622953928372,0.0033906960917630406,0.3384634310826656,enet_rs:dm_only
2024-01,0.010706322736813271,0.010108617254963786,0.29885274092474207,enet_rs:dm_only
2024-02,-0.0004920490755889906,-0.001112640677411167,0.3102958009110882,enet_rs:dm_only
2024-03,0.0037968316658703372,0.003126196723915552,0.33531747097739256,enet_rs:dm_only
2024-04,0.0007056432510909854,5.674573399093823e-05,0.32444875855002353,enet_rs:dm_only
2024-05,0.0021748126025698438,0.0015521026707544883,0.31135496590767775,enet_rs:dm_only
2024-06,0.0008894333433349732,0.0002818716098563284,0.3037808667393225,enet_rs:dm_only
2024-07,0.0008726629365096088,0.00027551936846114967,0.2985717840242295,enet_rs:dm_only
2024-08,0.002896860213412493,0.0023103370545173255,0.29326157944758396,enet_rs:dm_only
2024-09,0.0005567945680483894,-1.6045007293114507e-05,0.28641978767075194,enet_rs:dm_only
2024-10,0.0025059212847610246,0.0019081376035041927,0.2988918406284159,enet_rs:dm_only
2024-11,0.0105054228407679,0.009910464302315613,0.2974792692261439,enet_rs:dm_only
2024-12,0.001934687885426255,0.0013295726074022752,0.30255763901198995,enet_rs:dm_only
2025-01,0.0026220491173150813,0.0021555012963945107,0.23327391046028553,enet_rs:dm_only
2025-02,0.004121329405489636,0.003703399515478013,0.20896494500581114,enet_rs:dm_only
2025-03,0.00566136301792166,0.005281319777203459,0.19002162035910058,enet_rs:dm_only
2025-04,-0.0014708939410670334,-0.0018501319563019594,0.18961900761746317,enet_rs:dm_only
2025-05,-0.0005823869889376034,-0.0010193962288709629,0.2185046199666797,enet_rs:dm_only
2025-06,-0.002755962045013285,-0.0031680400619256742,0.20603900845619466,enet_rs:dm_only
2025-07,-0.0010249577299727064,-0.001374178016470292,0.17461014324879298,enet_rs:dm_only
2025-08,-0.00024974715142930896,-0.0006689924500449636,0.2096226493078273,enet_rs:dm_only
2025-09,0.0038125296858286984,0.0033750342072393176,0.21874773929469038,enet_rs:dm_only
2025-10,0.008803578927640858,0.008372776166220107,0.21540138071037598,enet_rs:dm_only
2025-11,0.0035817171238483364,0.0030986495235326176,0.2415338001578591,enet_rs:dm_only
2025-12,0.00801382756884786,0.007562689452989069,0.22556905792939538,enet_rs:dm_only
2000-01,0.0005945696228846799,0.0005945696228846799,0.0,enet_rs:own
2000-02,-0.0029896872733923517,-0.005538083553760554,1.2741981401841016,enet_rs:own
2000-03,-0.003649291505000351,-0.005887081307327216,1.1188949011634326,enet_rs:own
2000-04,0.007287925302869256,0.004700052102308925,1.2939366002801662,enet_rs:own
2000-05,0.004841696311751881,0.002778960679759462,1.0313678159962096,enet_rs:own
2000-06,-0.009470164991087557,-0.01179586631634291,1.162850662627677,enet_rs:own
2000-07,-0.0004054988378570699,-0.00272320143242554,1.1588512972842349,enet_rs:own
2000-08,-0.007035574957118594,-0.00916661653764896,1.065520790265183,enet_rs:own
2000-09,-0.0020780900343696437,-0.004388134301203866,1.155022133417111,enet_rs:own
2000-10,0.005557906373408639,0.0034684766259628925,1.0447148737228729,enet_rs:own
2000-11,0.009541119562957088,0.00762045359345807,0.9603329847495089,enet_rs:own
2000-12,-0.00676676019582966,-0.008982868875258437,1.108054339714388,enet_rs:own
2001-01,-0.00731675907815518,-0.008904916272488789,0.7940785971668043,enet_rs:own
2001-02,0.005521244168859616,0.004796141738839033,0.36255121501029164,enet_rs:own
2001-03,0.023835029918762504,0.023095748295048936,0.36964081185678527,enet_rs:own
2001-04,0.006879538351522101,0.00633402279589665,0.2727577778127258,enet_rs:own
2001-05,0.006386750258031194,0.0055755608321968195,0.40559471291718674,enet_rs:own
2001-06,0.0037928552918763654,0.003314765327415063,0.2390449822306511,enet_rs:own
2001-07,0.014598923825666353,0.014059665349130402,0.269629238267975,enet_rs:own
2001-08,-0.0032048545721755865,-0.0037005184598403506,0.24783194383238166,enet_rs:own
2001-09,0.006479075473289162,0.005933232537394933,0.27292146794711447,enet_rs:own
2001-10,0.00032875117290376483,-0.00041487323151011464,0.37181220220693995,enet_rs:own
2001-11,-0.0005994541817423257,-0.001275205645321062,0.337875731789368,enet_rs:own
2001-12,0.012429282504616073,0.01184085654506722,0.2942129797744253,enet_rs:own
2002-01,-0.00027027735419920076,-0.001312172651854588,0.5209476488276936,enet_rs:own
2002-02,0.005973581231669283,0.004947155136802548,0.5132130474333674,enet_rs:own
2002-03,0.0069158905831168465,0.005935662159652226,0.4901142117323108,enet_rs:own
2002-04,0.006379163135626816,0.005534122978157477,0.4225200787346697,enet_rs:own
2002-05,0.002238287354610098,0.0012931252412077439,0.4725810567011771,enet_rs:own
2002-06,0.004265015333345195,0.003362180128767494,0.4514176022888506,enet_rs:own
2002-07,0.0004163496542079823,-0.00046174366135573827,0.4390466577818604,enet_rs:own
2002-08,0.00738702159635087,0.00656315465623015,0.4119334700603602,enet_rs:own
2002-09,0.006574112175513544,0.00573804498625235,0.418033594630597,enet_rs:own
2002-10,0.005118267202188509,0.004297583205242884,0.41034199847281205,enet_rs:own
2002-11,0.004275946825639395,0.0032520802692739314,0.5119332781827316,enet_rs:own
2002-12,0.005086798058902198,0.004254542229799167,0.4161279145515156,enet_rs:own
2003-01,3.15244047631135e-05,-0.0006530727690215436,0.34229858689232856,enet_rs:own
2003-02,0.0035602399299472813,0.0032794428569440045,0.1403985365016386,enet_rs:own
2003-03,0.007371096196415742,0.0071151714211877175,0.1279623876140126,enet_rs:own
2003-04,-0.0067555142759117325,-0.006969173607691508,0.10682966588988764,enet_rs:own
2003-05,0.007079940813786661,0.006705265481534615,0.18733766612602276,enet_rs:own
2003-06,0.007165920879723969,0.0068416902253208905,0.16211532720153918,enet_rs:own
2003-07,0.006412362824180284,0.006134854321374505,0.1387542514028897,enet_rs:own
2003-08,0.0046237487051684345,0.004309764314698615,0.15699219523490937,enet_rs:own
2003-09,0.0016817928274089665,0.0012002524158543602,0.24077020577730346,enet_rs:own
2003-10,0.010201973810495368,0.009950030591272092,0.12597160961163767,enet_rs:own
2003-11,0.003320684616260134,0.003092233658371754,0.11422547894419004,enet_rs:own
2003-12,0.001261612787365341,0.0010113711161486628,0.12512083560833928,enet_rs:own
2004-01,-0.0025675038540986994,-0.002972074254958389,0.20228520042984502,enet_rs:own
2004-02,0.002763004903133479,0.002235410820089835,0.2637970415218219,enet_rs:own
2004-03,0.0037265319155671646,0.003290557879726388,0.21798701792038833,enet_rs:own
2004-04,0.0028049363370189484,0.002399001325882358,0.20296750556829507,enet_rs:own
2004-05,-0.003502674341889787,-0.003936550295578745,0.2169379768444792,enet_rs:own
2004-06,0.00493014076780084,0.004520750787771508,0.20469499001466596,enet_rs:own
2004-07,0.0036631608572502035,0.003320395897643989,0.1713824798031072,enet_rs:own
2004-08,0.0062826919923314115,0.005943671290330618,0.1695103510003965,enet_rs:own
2004-09,0.0032561141320860704,0.0029119514350157685,0.1720813485351512,enet_rs:own
2004-10,0.005595374538998207,0.005228237062309099,0.18356873834455475,enet_rs:own
2004-11,0.004268031083607171,0.003914565176960072,0.17673295332354982,enet_rs:own
2004-12,0.00819093126157695,0.007775624988919718,0.207653136328616,enet_rs:own
2005-01,0.0007756082984230804,0.0003340360004641761,0.2207861489794522,enet_rs:own
2005-02,0.011098819369776719,0.010930585538829031,0.08411691547384324,enet_rs:own
2005-03,0.00662544850249589,0.00642469889663484,0.10037480293052443,enet_rs:own
2005-04,0.010797504698674668,0.010600114518860565,0.09869508990705156,enet_rs:own
2005-05,-0.010442396094522995,-0.010634893952740735,0.09624892910886945,enet_rs:own
2005-06,-0.0011308572900745376,-0.0013702040022105177,0.11967335606799008,enet_rs:own
2005-07,0.009173799543198632,0.009004330517255231,0.08473451297170081,enet_rs:own
2005-08,0.0021080190345174775,0.0019220149067997211,0.09300206385887802,enet_rs:own
2005-09,-0.0007724117856270512,-0.0010373749093744718,0.13248156187371035,enet_rs:own
2005-10,-0.0009671244953267086,-0.0011539410701410144,0.0934082874071531,enet_rs:own
2005-11,-0.0024816370949725863,-0.002667004449472065,0.09268367724973961,enet_rs:own
2005-12,-0.000584624237806578,-0.0007834264205922017,0.09940109139281196,enet_rs:own
2006-01,0.012094626382084852,0.01194670397708365,0.07396120250060202,enet_rs:own
2006-02,0.0007644908577967721,0.00046445065569036093,0.1500201010532055,enet_rs:own
2006-03,-0.012671790575920858,-0.012787903943692976,0.0580566838860593,enet_rs:own
2006-04,0.0024422848469571215,0.0022608191886977253,0.09073282912969804,enet_rs:own
2006-05,0.0018998605957517806,0.0017402744070708848,0.07979309434044775,enet_rs:own
2006-06,0.012489989211891003,0.012387091992618643,0.051448609636180045,enet_rs:own
2006-07,0.0039727071837522745,0.0035857125735855324,0.19349730508337087,enet_rs:own
2006-08,0.0008677494632800723,0.0006512284983208829,0.1082604824795945,enet_rs:own
2006-09,1.5212110305836387e-05,-0.0001865999472963557,0.10090602880109607,enet_rs:own
2006-10,-0.0008427185257516773,-0.0009662294062189327,0.061755440233627834,enet_rs:own
2006-11,-0.004132049387139215,-0.00423386615176576,0.05090838231327268,enet_rs:own
2006-12,0.0002388462709965548,0.00010553959214409699,0.06665333942622892,enet_rs:own
2007-01,0.005061585525035261,0.004516783396162699,0.2724010644362811,enet_rs:own
2007-02,-0.0004935806616091606,-0.0013075304610465413,0.40697489971869033,enet_rs:own
2007-03,0.005990171416288217,0.005303837827211037,0.3431667945385896,enet_rs:own
2007-04,0.0046023590200000115,0.003908000561952007,0.3471792290240025,enet_rs:own
2007-05,0.000617145513298521,-5.376224104891293e-05,0.335453877173717,enet_rs:own
2007-06,-0.00015575485677065236,-0.0008423700507702189,0.343307596999783,enet_rs:own
2007-07,-0.000627021030043561,-0.0014192963102263522,0.3961376400913956,enet_rs:own
2007-08,0.0034963414654289155,0.0027353740775737487,0.3804836939275836,enet_rs:own
2007-09,0.0009346216177784845,0.0001432930635220506,0.39566427712821717,enet_rs:own
2007-10,0.008118851772706085,0.007336082696935462,0.39138453788531113,enet_rs:own
2007-11,0.001876829773239388,0.001133549339438174,0.3716402169006069,enet_rs:own
2007-12,0.002121960833125341,0.001282393938471634,0.41978344732685346,enet_rs:own
2008-01,0.001524185476004523,0.0007617606000601341,0.38121243797219445,enet_rs:own
2008-02,0.0021635073768135663,0.0012978074965253545,0.432849940144106,enet_rs:own
2008-03,0.0014600508617321362,0.0006433168121691623,0.4083670247814868,enet_rs:own
2008-04,0.004118493980851141,0.003304984417843981,0.4067547815035796,enet_rs:own
2008-05,-0.004396355749382927,-0.0052668375208042035,0.4352408857106379,enet_rs:own
2008-06,0.006063758897054138,0.0052380820800012285,0.41283840852645476,enet_rs:own
2008-07,0.0026464995238038346,0.0019531438734599503,0.34667782517194223,enet_rs:own
2008-08,0.006692915212461561,0.005770167742078876,0.4613737351913425,enet_rs:own
2008-09,0.007121163081033483,0.006347200495433219,0.3869812928001321,enet_rs:own
2008-10,0.019714184438849293,0.01898284371381806,0.365670362515616,enet_rs:own
2008-11,0.014613906700763686,0.013812663091532717,0.4006218046154855,enet_rs:own
2008-12,-0.0011208703679757175,-0.002034969726720019,0.4570496793721505,enet_rs:own
2009-01,0.0021610614995157813,0.0010436226469881494,0.5587194262638158,enet_rs:own
2009-02,0.0047517068798369755,0.0035847914732682067,0.583457703284384,enet_rs:own
2009-03,-0.007381690953148157,-0.008284927517945599,0.4516182823987201,enet_rs:own
2009-04,-0.01522407666895982,-0.01641773137349606,0.5968273522681199,enet_rs:own
2009-05,0.0008252827541549758,-0.0005337687430091042,0.67952574858204,enet_rs:own
2009-06,-0.0009003217118737865,-0.002254120203390239,0.6768992457582262,enet_rs:own
2009-07,0.00252290028980402,0.0011211820858709122,0.7008591019665539,enet_rs:own
2009-08,0.0007171069949940504,-0.0003612181263260242,0.5391625606600374,enet_rs:own
2009-09,0.0037128935703558017,0.002599759521058986,0.5565670246484076,enet_rs:own
2009-10,0.0023980556159879838,0.001413056247802371,0.4924996840928065,enet_rs:own
2009-11,0.0036147174509144507,0.0025445477394304083,0.535084855742021,enet_rs:own
2009-12,-0.002050704739282638,-0.003006228582342209,0.4777619215297855,enet_rs:own
2010-01,-0.0012870401883566943,-0.002309318778341442,0.5111392949923741,enet_rs:own
2010-02,0.0008753778190462479,3.219339220129397e-05,0.42159221342247677,enet_rs:own
2010-03,-0.0012053003765822824,-0.0021243173036685314,0.45950846354312436,enet_rs:own
2010-04,0.005850020146110183,0.005074985788026057,0.3875171790420632,enet_rs:own
2010-05,0.0049156297790273,0.004250339721784981,0.3326450286211592,enet_rs:own
2010-06,0.005945399644190503,0.005320291549470104,0.3125540473601997,enet_rs:own
2010-07,0.002484299543768564,0.00194014869743191,0.27207542316832717,enet_rs:own
2010-08,0.0030103131194006163,0.00230631340708547,0.35199985615757345,enet_rs:own
2010-09,0.002282586242006827,0.0015856701456084443,0.3484580481991912,enet_rs:own
2010-10,0.004385618690690231,0.003708047975365295,0.3387853576624679,enet_rs:own
2010-11,0.007912684137711292,0.007258868620784653,0.3269077584633195,enet_rs:own
2010-12,0.0029232302687534186,0.002268108701777018,0.3275607834882008,enet_rs:own
2011-01,0.005641997290657012,0.005065530088949593,0.2882336008537098,enet_rs:own
2011-02,0.0009433715459401047,0.0003722747079792296,0.2855484189804375,enet_rs:own
2011-03,0.001869755511195832,0.0012814029374840674,0.2941762868558823,enet_rs:own
2011-04,0.00640126167812994,0.0058710819069019106,0.2650898856140149,enet_rs:own
2011-05,0.00417276956033684,0.003710337796950366,0.23121588169323679,enet_rs:own
2011-06,0.004218430653711823,0.003756099172640118,0.23116574053585218,enet_rs:own
2011-07,0.005998199914195053,0.00558674293141131,0.205728491391872,enet_rs:own
2011-08,0.005552519615115321,0.005126515160942605,0.2130022270863583,enet_rs:own
2011-09,0.010078568666257634,0.009631497778594286,0.22353544383167417,enet_rs:own
2011-10,-0.0035458163988753683,-0.004031343678286727,0.24276363970567943,enet_rs:own
2011-11,0.005256301523599649,0.004641791472330812,0.30725502563441903,enet_rs:own
2011-12,0.0044163559990867485,0.003809133458218201,0.3036112704342736,enet_rs:own
2012-01,-0.010721578485927431,-0.011204274349823014,0.24134793194779258,enet_rs:own
2012-02,0.0016770576627695944,0.0013909520151212894,0.14305282382415263,enet_rs:own
2012-03,0.008904419799597448,0.008654683139320437,0.12486833013850449,enet_rs:own
2012-04,0.0029135549066063348,0.002607641156523361,0.1529568750414868,enet_rs:own
2012-05,0.005577943462384507,0.00534665357810556,0.11564494213947298,enet_rs:own
2012-06,0.006084958671037144,0.0059101214960166504,0.08741858751024711,enet_rs:own
2012-07,0.005705423132297458,0.005503645409565744,0.10088886136585694,enet_rs:own
2012-08,0.0053599785288203,0.00517349174188642,0.09324339346693959,enet_rs:own
2012-09,-0.0006504716172288492,-0.0008313713572415137,0.09044987000633227,enet_rs:own
2012-10,0.0032630345695118684,0.0030627543292605893,0.10014012012563957,enet_rs:own
2012-11,0.006012506617460063,0.005823911404727488,0.09429760636628723,enet_rs:own
2012-12,-0.0012442371293918421,-0.0014197394718343918,0.08775117122127506,enet_rs:own
2013-01,0.0021517464636175094,0.0019635821426122794,0.09408216050261504,enet_rs:own
2013-02,0.003912962209547126,0.0038001506441758914,0.05640578268561718,enet_rs:own
2013-03,0.005835098049539812,0.00574521695105839,0.044940549240710836,enet_rs:own
2013-04,0.0063992768482809366,0.006284856557480657,0.05721014540014021,enet_rs:own
2013-05,0.0010161610759951538,0.0009264651775649184,0.044847949215117686,enet_rs:own
2013-06,0.005364321218362323,0.005272645310272673,0.04583795404482441,enet_rs:own
2013-07,0.009922026915423173,0.009803240891213186,0.05939301210499281,enet_rs:own
2013-08,1.846776791005806e-05,-7.83813649231243e-05,0.04842456641659147,enet_rs:own
2013-09,-0.0010028649127270842,-0.0011557732701041835,0.0764541786885496,enet_rs:own
2013-10,-0.00230821293797334,-0.0024003736779853162,0.046080370005987976,enet_rs:own
2013-11,0.001031304638520531,0.0009267665895208554,0.05226902449983788,enet_rs:own
2013-12,0.0032349679204566524,0.00317753304477061,0.028717437843021,enet_rs:own
2014-01,0.002906981547622581,0.002816485460518762,0.045248043551909235,enet_rs:own
2014-02,0.004959811667442858,0.0048525766638506706,0.05361750179609355,enet_rs:own
2014-03,0.001989488060768008,0.001893967092966664,0.04776048390067211,enet_rs:own
2014-04,-0.001797059639687325,-0.0019488119341805191,0.07587614724659733,enet_rs:own
2014-05,0.000631908470438237,0.0004896794114974081,0.07111452947041437,enet_rs:own
2014-06,0.004606219534542966,0.004497022809334585,0.05459836260419075,enet_rs:own
2014-07,0.0036581176668317506,0.0035658150047861176,0.046151331022816454,enet_rs:own
2014-08,0.001554687497067967,0.0014096616015945181,0.0725129477367245,enet_rs:own
2014-09,-0.0009036007506788478,-0.0009901009079686643,0.04325007864490825,enet_rs:own
2014-10,0.002605634179776633,0.0025095515593281143,0.04804131022425932,enet_rs:own
2014-11,0.006649386901006127,0.00656195468862995,0.04371610618808866,enet_rs:own
2014-12,0.00789300715652552,0.007802579731244421,0.04521371264054925,enet_rs:own
2015-01,0.00683025134991555,0.0066946005733305395,0.06782538829250537,enet_rs:own
2015-02,-0.00022988986741044146,-0.0003814973074756904,0.07580372003262442,enet_rs:own
2015-03,0.008341910183527463,0.00819781339075686,0.07204839638530212,enet_rs:own
2015-04,-0.00727311257529926,-0.007443385328074079,0.08513637638740947,enet_rs:own
2015-05,0.00230433330643906,0.002093516173769001,0.10540856633502967,enet_rs:own
2015-06,0.005371294833579043,0.005227918081564107,0.07168837600746827,enet_rs:own
2015-07,0.00789825181721541,0.007778743974372698,0.059753921421355785,enet_rs:own
2015-08,0.0059783491823831225,0.005849923694914805,0.06421274373415845,enet_rs:own
2015-09,0.005112507317039273,0.004991366358443912,0.060570479297679905,enet_rs:own
2015-10,-0.002738850477345465,-0.002875838825146032,0.06849417390028367,enet_rs:own
2015-11,0.0026478524841562255,0.002516867506411964,0.06549248887213069,enet_rs:own
2015-12,0.0025890914421777328,0.0024468214976230366,0.07113497227734819,enet_rs:own
2016-01,0.0037466345147708587,0.0036365219475538732,0.055056283608493045,enet_rs:own
2016-02,-0.0008590779328046085,-0.0009370618786087067,0.03899197290204905,enet_rs:own
2016-03,-0.009204479856199169,-0.009289543270279019,0.042531707039925204,enet_rs:own
2016-04,0.001290509070642286,0.0011931886447189531,0.048660212961666394,enet_rs:own
2016-05,0.005214012537655873,0.005133295326114447,0.0403586057707132,enet_rs:own
2016-06,-0.0010894689660167853,-0.0011576147669270695,0.03407290045514207,enet_rs:own
2016-07,0.002720061776763765,0.002658455213594241,0.03080328158476218,enet_rs:own
2016-08,0.00506291869538137,0.004984167054588735,0.0393758203963175,enet_rs:own
2016-09,0.005702047159463603,0.005604736236437441,0.04865546151308098,enet_rs:own
2016-10,0.0026983457135233983,0.002652855403681037,0.0227451549211808,enet_rs:own
2016-11,-0.0042279387414618196,-0.004305262466004293,0.038661862271236754,enet_rs:own
2016-12,0.0013511429381141296,0.0012210250598324703,0.06505893914082969,enet_rs:own
2017-01,0.004202219409270482,0.00412534290438708,0.03843825244170099,enet_rs:own
2017-02,-0.0011630237045633489,-0.0012382221883446554,0.037599241890653286,enet_rs:own
2017-03,0.005132258182689321,0.005071352523531385,0.03045282957896777,enet_rs:own
2017-04,-0.0009573155394469243,-0.0010222395844185846,0.03246202248582989,enet_rs:own
2017-05,0.006720860376993919,0.006655323818280318,0.03276827935680087,enet_rs:own
2017-06,0.00011443583707452165,3.901616701885255e-05,0.03770983502783455,enet_rs:own
2017-07,0.004230237857157865,0.004177072593921245,0.026582631618310155,enet_rs:own
2017-08,0.0022884258442310247,0.00223039176377087,0.029017040230077347,enet_rs:own
2017-09,0.003110369693730167,0.0030586363830328337,0.0258666553486666,enet_rs:own
2017-10,0.002135902435047435,0.002077693647183336,0.029104393932049555,enet_rs:own
2017-11,0.0023131858053636965,0.0022333356021215626,0.03992510162106697,enet_rs:own
2017-12,4.221305974605626e-05,-1.757692064421394e-05,0.029894990195135085,enet_rs:own
2018-01,0.004537971500718498,0.00445572033987268,0.041125580422908356,enet_rs:own
2018-02,0.003388332978498631,0.0033144389223933386,0.036947028052646304,enet_rs:own
2018-03,0.0023862820798394384,0.0022795408614345865,0.05337060920242611,enet_rs:own
2018-04,0.0015800031533520049,0.0015103857832272462,0.03480868506237941,enet_rs:own
2018-05,0.0054849829733346145,0.005407807602269992,0.03858768553231125,enet_rs:own
2018-06,0.003536382780111902,0.003460853956578251,0.037764411766825295,enet_rs:own
2018-07,0.005327634465903747,0.005260371566920382,0.033631449491682903,enet_rs:own
2018-08,0.003960198709771633,0.003893719208285375,0.03323975074312904,enet_rs:own
2018-09,0.011101123924421006,0.011037770036294829,0.03167694406308888,enet_rs:own
2018-10,0.0025026791253189395,0.0024321187867194925,0.03528016929972339,enet_rs:own
2018-11,-0.0017254979839123779,-0.0017960460983433091,0.03527405721546569,enet_rs:own
2018-12,-0.0016652128211182846,-0.0017381552900193886,0.03647123445055214,enet_rs:own
2019-01,0.0026221701145506325,0.002194541418830967,0.21381434785983303,enet_rs:own
2019-02,-0.004382849698202327,-0.004799225314179003,0.2081878079883384,enet_rs:own
2019-03,0.003828534097906565,0.003449250404605635,0.18964184665046477,enet_rs:own
2019-04,0.001830994374199449,0.0015191077054969727,0.1559433343512383,enet_rs:own
2019-05,0.0019665309033536707,0.0016119796598346376,0.1772756217595165,enet_rs:own
2019-06,0.004229504326055662,0.003829199064342721,0.20015263085647073,enet_rs:own
2019-07,0.005684357707816531,0.005326913048946771,0.1787223294348802,enet_rs:own
2019-08,0.0018418373603690816,0.0014919406844790476,0.17494833794501716,enet_rs:own
2019-09,-0.0016842517026174444,-0.0020390487413359153,0.17739851935923545,enet_rs:own
2019-10,0.0008900954693482171,0.0004992133915876197,0.19544103888029876,enet_rs:own
2019-11,0.0021889399445223427,0.0018357438142140913,0.1765980651541258,enet_rs:own
2019-12,0.0040476641113531015,0.0036598380829824515,0.19391301418532497,enet_rs:own
2020-01,0.0023048716355969835,0.001977656986301214,0.1636073246478852,enet_rs:own
2020-02,0.004696534066350252,0.004517900414212083,0.08931682606908493,enet_rs:own
2020-03,0.007121591222107453,0.006954891872148122,0.08334967497966514,enet_rs:own
2020-04,-0.0071486604731029555,-0.007469405964932937,0.16037274591499065,enet_rs:own
2020-05,-0.0015631220262327988,-0.001957105380476522,0.1969916771218618,enet_rs:own
2020-06,-0.006627038900989476,-0.006907515302967056,0.14023820098879058,enet_rs:own
2020-07,0.0024174487661590928,0.0021434990456348658,0.1369748602621135,enet_rs:own
2020-08,-0.0029018270808684023,-0.0031837447969298503,0.14095885803072356,enet_rs:own
2020-09,-0.0009130965291770549,-0.0011724809423250754,0.12969220657401032,enet_rs:own
2020-10,0.00474258501052467,0.004493928439864594,0.12432828533003791,enet_rs:own
2020-11,-0.020010643147817114,-0.02022768388610931,0.10852036914609885,enet_rs:own
2020-12,-0.004288942587403293,-0.0046410755472075065,0.17606647990210644,enet_rs:own
2021-01,0.004573648443720209,0.0043189146261021225,0.12736690880904303,enet_rs:own
2021-02,-0.0014050487477006795,-0.0015666992091140108,0.08082523070666581,enet_rs:own
2021-03,0.0030856165573778086,0.002903926728789046,0.09084491429438138,enet_rs:own
2021-04,0.0022692827615304486,0.002118091677930703,0.07559554179987289,enet_rs:own
2021-05,0.000631632227957894,0.0004490604541738174,0.09128588689203822,enet_rs:own
2021-06,-0.004453755445948193,-0.004606942877333511,0.07659371569265887,enet_rs:own
2021-07,0.003731377153531473,0.003569275250478482,0.08105095152649534,enet_rs:own
2021-08,-0.0005167591187898082,-0.0006534182182835926,0.0683295497468922,enet_rs:own
2021-09,0.005023159360520866,0.004862974112680083,0.0800926239203916,enet_rs:own
2021-10,0.0008591318145462271,0.0007133539898991663,0.07288891232353034,enet_rs:own
2021-11,0.006845929649622171,0.006698910907950187,0.07350937083599217,enet_rs:own
2021-12,0.009319055876039317,0.009133785131171258,0.09263537243403,enet_rs:own
2022-01,0.01177189495761199,0.011146591639068419,0.3126516592717849,enet_rs:own
2022-02,0.009151241294501374,0.00865288771246709,0.24917679101714144,enet_rs:own
2022-03,0.008033856702431605,0.0074955224724122145,0.2691671150096953,enet_rs:own
2022-04,0.01111511241837575,0.010616603498452585,0.24925445996158357,enet_rs:own
2022-05,0.004046855011641566,0.0035704867041809235,0.23818415373032173,enet_rs:own
2022-06,0.0003585150988152425,-0.00016372921023512138,0.26112215452518206,enet_rs:own
2022-07,-0.003421748186591198,-0.00394549558213986,0.2618736977743311,enet_rs:own
2022-08,-0.0012591279455592904,-0.001782939054553368,0.2619055544970386,enet_rs:own
2022-09,0.005963978241998274,0.005487237353679395,0.23837044415943967,enet_rs:own
2022-10,0.004944618098193172,0.004457722917856843,0.24344759016816442,enet_rs:own
2022-11,-0.004098648488704392,-0.0046391428195330965,0.2702471654143524,enet_rs:own
2022-12,0.006443095555382353,0.005842174275493625,0.3004606399443643,enet_rs:own
2023-01,0.0015750899535504292,0.001072650255033363,0.25121984925853263,enet_rs:own
2023-02,0.005256621723048193,0.004730407613708997,0.26310705466959783,enet_rs:own
2023-03,0.0040477768424931814,0.003637663081616445,0.205056880438368,enet_rs:own
2023-04,-0.0009767671330819792,-0.0014869163001981463,0.2550745835580837,enet_rs:own
2023-05,-0.00223483631793883,-0.0026946616260143832,0.2299126540377766,enet_rs:own
2023-06,0.0027172020620020872,0.00225830447616057,0.22944879292075865,enet_rs:own
2023-07,0.0030336786725623376,0.002530933484128916,0.2513725942167108,enet_rs:own
2023-08,0.0018036790478016423,0.0012863915175255615,0.25864376513804044,enet_rs:own
2023-09,0.008751063292461198,0.008273604358130826,0.23872946716518612,enet_rs:own
2023-10,0.007062128154319202,0.00665071262965228,0.20570776233346083,enet_rs:own
2023-11,-0.006525967819248752,-0.007007371362892923,0.24070177182208596,enet_rs:own
2023-12,0.003749884257819738,0.003193568767087195,0.27815774536627114,enet_rs:own
2024-01,0.009811663810563736,0.009323858193600832,0.2439028084814516,enet_rs:own
2024-02,0.000153066921367712,-0.0003503552267946493,0.25171107408118076,enet_rs:own
2024-03,0.0038975222304328287,0.003369519444957886,0.2640013927374713,enet_rs:own
2024-04,0.0005952987508132885,7.194558541557465e-05,0.2616765826988568,enet_rs:own
2024-05,0.0018547824636886221,0.0013441274141922518,0.2553275247481854,enet_rs:own
2024-06,0.0015535551369384325,0.0010733413907778372,0.2401068730802974,enet_rs:own
2024-07,0.0008355326098071936,0.0003709154416417305,0.23230858408273153,enet_rs:own
2024-08,0.002744070824646164,0.0022693109751219477,0.23737992476210812,enet_rs:own
2024-09,0.00023267715628877788,-0.00023468498225624748,0.2336810692725127,enet_rs:own
2024-10,0.0028563465852469282,0.0023782755985120403,0.23903549336744395,enet_rs:own
2024-11,0.0097974716710044,0.009324696413700715,0.23638762865184254,enet_rs:own
2024-12,0.001998369604741031,0.0015080935816352168,0.24513801155290685,enet_rs:own
2025-01,0.0022967520942570015,0.0018984338563728291,0.19915911894208643,enet_rs:own
2025-02,0.0041742206191958085,0.003763706259960121,0.20525717961784373,enet_rs:own
2025-03,0.005544582460176767,0.005166860762852583,0.1888608486620919,enet_rs:own
2025-04,-0.0012599026483601672,-0.0016237453798668645,0.1819213657533487,enet_rs:own
2025-05,-0.0007675993672346248,-0.0011808686300606016,0.2066346314129884,enet_rs:own
2025-06,-0.0028709905980157293,-0.003260615952157339,0.19481267707080513,enet_rs:own
2025-07,-0.00175919554535387,-0.0020982034654533173,0.1695039600497238,enet_rs:own
2025-08,0.0007211701057311487,0.0003135431272346634,0.2038134892482426,enet_rs:own
2025-09,0.004104537028365386,0.0036860820038461597,0.2092275122596129,enet_rs:own
2025-10,0.008573537438778167,0.00815764706114332,0.20794518881742385,enet_rs:own
2025-11,0.003280036307639564,0.0028193641583279362,0.23033607465581382,enet_rs:own
2025-12,0.008694984521708549,0.00827315317481095,0.2109156734487988,enet_rs:own
2000-01,0.004264510507882091,0.004264510507882091,0.0,enet_rs:pooled
2000-02,0.01350604119334678,0.01128052172227445,1.1127597355361651,enet_rs:pooled
2000-03,-0.0027520309097751982,-0.004871407269359264,1.0596881797920332,enet_rs:pooled
2000-04,-0.012266206089471949,-0.014568846860323104,1.1513203854255771,enet_rs:pooled
2000-05,-0.0017738562748142797,-0.003978141900341618,1.1021428127636692,enet_rs:pooled
2000-06,-0.008454711705669565,-0.010580208920696619,1.0627486075135277,enet_rs:pooled
2000-07,-0.0013352837714021564,-0.0034764707502926233,1.070593489445233,enet_rs:pooled
2000-08,-0.006358386662739418,-0.008322844010751087,0.982228674005835,enet_rs:pooled
2000-09,-0.0007209391869425867,-0.0028190239732065617,1.0490423931319872,enet_rs:pooled
2000-10,0.0018394698465032445,-6.0331124801876355e-05,0.9499004856525605,enet_rs:pooled
2000-11,0.008006770174219344,0.006328580354599517,0.8390949098099134,enet_rs:pooled
2000-12,-0.0005172620043243422,-0.0023144984079997524,0.8986182018377045,enet_rs:pooled
2001-01,-0.015336788823154557,-0.01717314552353787,0.9181783501916578,enet_rs:pooled
2001-02,0.00519941102552373,0.003105309648740142,1.0470506883917938,enet_rs:pooled
2001-03,0.028697667779544335,0.026636199737734047,1.0307340209051454,enet_rs:pooled
2001-04,0.005440445655735632,0.003805540587021498,0.8174525343570669,enet_rs:pooled
2001-05,0.01012115087861199,0.008213023537072942,0.954063670769524,enet_rs:pooled
2001-06,-0.001808753939679009,-0.0033904269752803445,0.7908365178006674,enet_rs:pooled
2001-07,0.017790362407982485,0.016012958845871887,0.888701781055299,enet_rs:pooled
2001-08,-0.005416088111313789,-0.00691756155382164,0.7507367212539245,enet_rs:pooled
2001-09,0.012115968063419514,0.010290346397004138,0.9128108332076871,enet_rs:pooled
2001-10,-0.0167014425790841,-0.018528890939079487,0.9137241799976938,enet_rs:pooled
2001-11,0.004421333134900557,0.0022405370865702426,1.0903980241651574,enet_rs:pooled
2001-12,0.013523554434477317,0.01164624702788711,0.9386537032951037,enet_rs:pooled
2002-01,2.5864164800937604e-05,-0.0019272533840966018,0.9765587744487699,enet_rs:pooled
2002-02,0.0077008200440629076,0.006215357978575433,0.7427310327437374,enet_rs:pooled
2002-03,0.010744037896128399,0.00937824868927598,0.6828946034262093,enet_rs:pooled
2002-04,0.0074974225290621145,0.006316885066233281,0.5902687314144165,enet_rs:pooled
2002-05,0.005194469084955971,0.0038728803286409855,0.6607943781574926,enet_rs:pooled
2002-06,0.006241106349423335,0.004928462245660019,0.6563220518816573,enet_rs:pooled
2002-07,0.002851094720926616,0.0015969250930525374,0.6270848139370389,enet_rs:pooled
2002-08,0.0034563992789707707,0.002251852036341009,0.6022736213148808,enet_rs:pooled
2002-09,0.005712187185701073,0.0044260794687067725,0.6430538584971501,enet_rs:pooled
2002-10,0.0015367339126326665,0.0003544938106288265,0.5911200510019203,enet_rs:pooled
2002-11,0.003372396351428305,0.0018455541694812122,0.7634210909735466,enet_rs:pooled
2002-12,0.0034827644258255547,0.0022251537671071154,0.6288053293592195,enet_rs:pooled
2003-01,0.00140338514732297,0.000197518464309311,0.6029333415068294,enet_rs:pooled
2003-02,0.0014949062739096767,0.0006523554132141598,0.4212754303477585,enet_rs:pooled
2003-03,0.009157487928895891,0.008274709463641387,0.4413892326272511,enet_rs:pooled
2003-04,-0.005814883129488968,-0.0064213887417582235,0.3032528061346281,enet_rs:pooled
2003-05,0.0045917771342775335,0.003570353063189918,0.5107120355438078,enet_rs:pooled
2003-06,0.006009558946343498,0.004999831120364982,0.5048639129892581,enet_rs:pooled
2003-07,0.007663021071179131,0.006774302745363493,0.4443591629078188,enet_rs:pooled
2003-08,0.005120867178644384,0.004187291441770561,0.46678786843691156,enet_rs:pooled
2003-09,-0.0009370783283807361,-0.0019592318356229073,0.5110767536210856,enet_rs:pooled
2003-10,0.011574567971782697,0.010661812536166226,0.4563777178082353,enet_rs:pooled
2003-11,0.0018146987372179416,0.0009678935597605273,0.4234025887287074,enet_rs:pooled
2003-12,0.0005683383255858779,-0.000369244938135413,0.46879163186064515,enet_rs:pooled
2004-01,-0.0024499802720875205,-0.0031858225762865216,0.3679211520995005,enet_rs:pooled
2004-02,0.003742071323342716,0.0034479448801717945,0.1470632215854604,enet_rs:pooled
2004-03,0.004232321575925646,0.003996550325230411,0.11788562534761807,enet_rs:pooled
2004-04,0.0033433644135446696,0.0031344476822915846,0.10445836562654237,enet_rs:pooled
2004-05,-0.002930469815202179,-0.003177484086658287,0.12350713572805369,enet_rs:pooled
2004-06,0.004589615707824079,0.004384503505465227,0.10255610117942601,enet_rs:pooled
2004-07,0.0030087915569253004,0.002826437652449828,0.09117695223773636,enet_rs:pooled
2004-08,0.0063177746526270635,0.006131266152161934,0.09325425023256487,enet_rs:pooled
2004-09,0.0033627253864098646,0.0031704168554978415,0.09615426545601148,enet_rs:pooled
2004-10,0.0039012642053335863,0.0037039709615952574,0.09864662186916451,enet_rs:pooled
2004-11,0.004253654734168725,0.004034085361276972,0.10978468644587652,enet_rs:pooled
2004-12,0.008254088247057121,0.008033361360545544,0.11036344325578873,enet_rs:pooled
2005-01,-0.0006087427428577246,-0.0013130277569535235,0.3521425070478995,enet_rs:pooled
2005-02,0.008658585904128439,0.007981958240666272,0.338313831731083,enet_rs:pooled
2005-03,0.008297060298025308,0.007598337334248045,0.34936148188863114,enet_rs:pooled
2005-04,0.01323206894934302,0.012543427542902354,0.3443207032203329,enet_rs:pooled
2005-05,-0.013725050287502642,-0.014317357672427169,0.29615369246226375,enet_rs:pooled
2005-06,0.0018712177685134283,0.0010024420133361357,0.4343878775886462,enet_rs:pooled
2005-07,0.00660850492555428,0.005920950605758391,0.3437771598979443,enet_rs:pooled
2005-08,0.00047438543000454577,-0.00020909165376741562,0.3417385418859806,enet_rs:pooled
2005-09,0.0021156580474282205,0.0012829815298298535,0.4163382587991835,enet_rs:pooled
2005-10,0.00023251183503839452,-0.0004532963397719486,0.34290408740517153,enet_rs:pooled
2005-11,-0.0028307550546583598,-0.0034955500771483173,0.33239751124497885,enet_rs:pooled
2005-12,-0.000694237396606001,-0.0013910559341375793,0.34840926876578915,enet_rs:pooled
2006-01,0.009313890551248219,0.008572791755979477,0.37054939763437095,enet_rs:pooled
2006-02,0.005417312402702665,0.004406711632885376,0.5053003849086444,enet_rs:pooled
2006-03,-0.011990924115969616,-0.012851862268033209,0.43046907603179646,enet_rs:pooled
2006-04,0.007785425112242134,0.006905314893907537,0.44005510916729934,enet_rs:pooled
2006-05,0.0012942614609598375,0.00043144822837353554,0.4314066162931509,enet_rs:pooled
2006-06,0.01731252562462641,0.0165289407417216,0.3917924414524043,enet_rs:pooled
2006-07,-0.0017035908369940154,-0.0025666528012911424,0.4315309821485636,enet_rs:pooled
2006-08,-0.003799857594031808,-0.004733243187369595,0.46669279666889385,enet_rs:pooled
2006-09,0.002211960656048964,0.0013846823881286281,0.413639133960168,enet_rs:pooled
2006-10,-0.002224409677269512,-0.0029095032507151187,0.34254678672280314,enet_rs:pooled
2006-11,0.005509910208895734,0.0047345825631807704,0.3876638228574821,enet_rs:pooled
2006-12,0.0013903685229144501,0.0006695941194968637,0.36038720170879335,enet_rs:pooled
2007-01,0.005735669382384755,0.004785286729485825,0.4751913264494647,enet_rs:pooled
2007-02,0.0007104023953163057,-0.0004178057224990599,0.5641040589076829,enet_rs:pooled
2007-03,0.006322997611043698,0.005314718030157766,0.5041397904429658,enet_rs:pooled
2007-04,0.006167073529844388,0.005172773188699356,0.4971501705725161,enet_rs:pooled
2007-05,0.0011330468956542248,0.00012798721545562706,0.5025298400992989,enet_rs:pooled
2007-06,-0.001786581953952731,-0.0029169266406880398,0.5651723433676542,enet_rs:pooled
2007-07,-0.0005344338705992535,-0.0018016444200782123,0.6336052747394795,enet_rs:pooled
2007-08,0.002122410426099577,0.0009421963487592224,0.5901070386701773,enet_rs:pooled
2007-09,0.002280165990225247,0.0010893985374547405,0.5953837263852532,enet_rs:pooled
2007-10,0.010615761645324245,0.009481814668963843,0.5669734881802015,enet_rs:pooled
2007-11,0.002479497013531635,0.0013590857726273786,0.5602056204521283,enet_rs:pooled
2007-12,0.0038715313258010286,0.002584326194421812,0.6436025656896083,enet_rs:pooled
2008-01,0.0015830700891641932,0.00046783862546260964,0.5576157318507915,enet_rs:pooled
2008-02,-0.0004641860976789493,-0.001851658792448523,0.6937363473847867,enet_rs:pooled
2008-03,0.0035721045990067357,0.00222093295301209,0.6755858229973228,enet_rs:pooled
2008-04,0.0028499279552954217,0.0015515502981552844,0.649188828570069,enet_rs:pooled
2008-05,-0.004054116385836688,-0.005419941746143438,0.6829126801533745,enet_rs:pooled
2008-06,0.008926542313631462,0.0076295196611997525,0.6485113262158546,enet_rs:pooled
2008-07,-0.0030551738819123682,-0.004158073733899425,0.551449925993528,enet_rs:pooled
2008-08,0.008701265776658003,0.007279205680317732,0.711030048170135,enet_rs:pooled
2008-09,0.012046649209425971,0.01092685026179205,0.5598994738169608,enet_rs:pooled
2008-10,0.030795365949711197,0.02971259567843165,0.5413851356397744,enet_rs:pooled
2008-11,0.0183391090128897,0.017269193026141563,0.5349579933740684,enet_rs:pooled
2008-12,-0.003819607620001114,-0.005023927972601925,0.6021601763004055,enet_rs:pooled
2009-01,0.001244787326832725,-0.00011547371988181003,0.6801305233572675,enet_rs:pooled
2009-02,0.0059741493006554595,0.004585559404616888,0.694294948019285,enet_rs:pooled
2009-03,-0.010080457826643841,-0.011192423267206921,0.5559827202815403,enet_rs:pooled
2009-04,-0.016109961955953767,-0.01755901159021425,0.7245248171302402,enet_rs:pooled
2009-05,0.00841646894782448,0.006718121559750941,0.8491736940367695,enet_rs:pooled
2009-06,-0.0030022580620819614,-0.004596811481545986,0.7972767097320124,enet_rs:pooled
2009-07,0.0037789902626526746,0.002090170749507057,0.8444097565728086,enet_rs:pooled
2009-08,0.001331316158971278,4.451944726075424e-05,0.6433983558552618,enet_rs:pooled
2009-09,0.004744651206804778,0.003443949109235824,0.6503510487844768,enet_rs:pooled
2009-10,0.0016469461633657463,0.00046654011432530426,0.5902030245202209,enet_rs:pooled
2009-11,0.0024081878709620638,0.0011634521114055314,0.622367879778266,enet_rs:pooled
2009-12,-0.0021859428363265837,-0.0033370178718334395,0.575537517753428,enet_rs:pooled
2010-01,-0.0018751200402285844,-0.003179633972814942,0.652256966293179,enet_rs:pooled
2010-02,-0.001981380302640994,-0.0033920338796276815,0.7053267884933437,enet_rs:pooled
2010-03,-0.0025564469574324692,-0.004053857587259389,0.7487053149134599,enet_rs:pooled
2010-04,0.005565583254449919,0.004241569409141487,0.6620069226542161,enet_rs:pooled
2010-05,0.004435769546746836,0.003223324213804053,0.6062226664713918,enet_rs:pooled
2010-06,0.0077151807133423326,0.006580425596026213,0.5673775586580596,enet_rs:pooled
2010-07,-0.00044846259098135695,-0.0014495603313652294,0.5005488701919363,enet_rs:pooled
2010-08,0.0032251484680130105,0.0019692894407395464,0.627929513636732,enet_rs:pooled
2010-09,0.001900030033035631,0.0006597525318143017,0.6201387506106646,enet_rs:pooled
2010-10,0.005893562218456253,0.004632485906515675,0.6305381559702895,enet_rs:pooled
2010-11,0.008691897271703875,0.00751307376600373,0.5894117528500729,enet_rs:pooled
2010-12,0.005101856448977939,0.003936185103318757,0.5828356728295909,enet_rs:pooled
2011-01,0.005291144585500889,0.004165343019724346,0.5629007828882719,enet_rs:pooled
2011-02,-0.0012433186953154302,-0.0024641318914220534,0.6104065980533114,enet_rs:pooled
2011-03,9.039243881487784e-05,-0.001115028555906149,0.6027104973605132,enet_rs:pooled
2011-04,0.007428981879475889,0.006280178354824863,0.5744017623255127,enet_rs:pooled
2011-05,0.004307730835458263,0.0032884122350830395,0.5096593001876121,enet_rs:pooled
2011-06,0.004505533575864494,0.0034754117791465458,0.5150608983589741,enet_rs:pooled
2011-07,0.00604929488027058,0.005118475775270947,0.465409552499816,enet_rs:pooled
2011-08,0.008483740489099367,0.007575671174062062,0.4540346575186528,enet_rs:pooled
2011-09,0.011713496707767466,0.01076387874488345,0.4748089814420086,enet_rs:pooled
2011-10,-0.0069983280642190145,-0.008036217447166615,0.5189446914738006,enet_rs:pooled
2011-11,0.0032273563880061465,0.001902772169771556,0.662292109117295,enet_rs:pooled
2011-12,0.0039514934996941874,0.0026680588005534127,0.6417173495703876,enet_rs:pooled
2012-01,-0.012561477226934894,-0.013486554916456167,0.462538844760637,enet_rs:pooled
2012-02,0.00030321640191816583,-0.00024181388790078792,0.2725151449094768,enet_rs:pooled
2012-03,0.008899765280449954,0.008402741497550362,0.2485118914497957,enet_rs:pooled
2012-04,0.003418858008930702,0.0029228506693793916,0.24800366977565524,enet_rs:pooled
2012-05,0.006976385486716241,0.006575461523847365,0.2004619814344376,enet_rs:pooled
2012-06,0.006101990441477548,0.005758688358174407,0.17165104165157016,enet_rs:pooled
2012-07,0.005975339838924674,0.005595840132457099,0.18974985323378746,enet_rs:pooled
2012-08,0.005392448766944576,0.005033199447175946,0.17962465988431478,enet_rs:pooled
2012-09,-0.0007809879764570531,-0.001128649576564405,0.1738308000536757,enet_rs:pooled
2012-10,0.003203178650268401,0.002813736752156832,0.19472094905578455,enet_rs:pooled
2012-11,0.006370792615913666,0.006002336223136752,0.18422819638845694,enet_rs:pooled
2012-12,-0.0017149360716069845,-0.0020581561340201576,0.1716100312065865,enet_rs:pooled
2013-01,0.0021517464636175094,0.0018430792099239797,0.15433362684676463,enet_rs:pooled
2013-02,0.003912962209547126,0.0038001506441758914,0.05640578268561718,enet_rs:pooled
2013-03,0.005835098049539812,0.00574521695105839,0.044940549240710836,enet_rs:pooled
2013-04,0.0063992768482809366,0.006284856557480657,0.05721014540014021,enet_rs:pooled
2013-05,0.0010161610759951538,0.0009264651775649184,0.044847949215117686,enet_rs:pooled
2013-06,0.005364321218362323,0.005272645310272673,0.04583795404482441,enet_rs:pooled
2013-07,0.009922026915423173,0.009797456152385873,0.06228538151864968,enet_rs:pooled
2013-08,1.846776791005806e-05,-7.83813649231243e-05,0.04842456641659147,enet_rs:pooled
2013-09,-0.0010028649127270842,-0.0011557732701041835,0.0764541786885496,enet_rs:pooled
2013-10,-0.00230821293797334,-0.0024003736779853162,0.046080370005987976,enet_rs:pooled
2013-11,0.001031304638520531,0.0009267665895208554,0.05226902449983788,enet_rs:pooled
2013-12,0.0032349679204566524,0.00317753304477061,0.028717437843021,enet_rs:pooled
2014-01,0.002610334575059356,0.002374699487685269,0.11781754368704353,enet_rs:pooled
2014-02,0.005087987463090045,0.00481887011701297,0.13455867303853758,enet_rs:pooled
2014-03,0.001845876549279029,0.0015902454970768052,0.12781552610111174,enet_rs:pooled
2014-04,-0.001260509613942337,-0.0015796104776465087,0.15955043185208584,enet_rs:pooled
2014-05,-0.0005658147005451214,-0.0009126645392329504,0.17342491934391452,enet_rs:pooled
2014-06,0.004485782926883453,0.004159344524348811,0.163219201267321,enet_rs:pooled
2014-07,0.002762626272308811,0.0024896148806826906,0.13650569581306055,enet_rs:pooled
2014-08,0.0018253775310106794,0.0015219028015827677,0.15173736471395577,enet_rs:pooled
2014-09,-0.0011392407310157355,-0.0013812176873502324,0.12098847816724842,enet_rs:pooled
2014-10,0.00271387106240604,0.00246946560432711,0.12220272903946496,enet_rs:pooled
2014-11,0.007174011203397335,0.006933783798743861,0.1201137023267365,enet_rs:pooled
2014-12,0.009134917251573699,0.00889837495027989,0.11827115064690404,enet_rs:pooled
2015-01,0.005685988746122275,0.005037550589264222,0.32421907842902653,enet_rs:pooled
2015-02,-0.0001974256156146605,-0.0009603599705488744,0.3814671774671069,enet_rs:pooled
2015-03,0.005836257212361405,0.005056076356617391,0.3900904278720074,enet_rs:pooled
2015-04,-0.009660257226509478,-0.010428873061421283,0.3843079174559025,enet_rs:pooled
2015-05,0.0007129899279326117,-0.00024926580585846967,0.4811278668955408,enet_rs:pooled
2015-06,0.003710023945790551,0.0028121023150525794,0.44896081536898597,enet_rs:pooled
2015-07,0.00824118875005036,0.007573348812594928,0.3339199687277161,enet_rs:pooled
2015-08,0.007137246769120034,0.006464160402080192,0.3365431835199203,enet_rs:pooled
2015-09,0.004402011160540234,0.003706128676408406,0.3479412420659138,enet_rs:pooled
2015-10,-0.003513045504839129,-0.004247868223342457,0.36741135925166357,enet_rs:pooled
2015-11,0.0025890050782867158,0.0018042821129975438,0.39236148264458587,enet_rs:pooled
2015-12,0.0006120934338242484,-0.0001731666534301426,0.39263004362719556,enet_rs:pooled
2016-01,0.0031553213176158086,0.0024154862992049986,0.3699175092054053,enet_rs:pooled
2016-02,-0.000376502237138925,-0.0010770777157963905,0.35028773932873286,enet_rs:pooled
2016-03,-0.0075217959903625675,-0.00827303349662632,0.37561875313187665,enet_rs:pooled
2016-04,0.0029371320316315965,0.0021162359805692705,0.41044802553116305,enet_rs:pooled
2016-05,0.0034014310300120383,0.0026546547308479358,0.37338814958205147,enet_rs:pooled
2016-06,-0.0015179592880423388,-0.002229491363370357,0.3557660376640091,enet_rs:pooled
2016-07,0.0010260169145983068,0.0003923448125954423,0.3168360510014323,enet_rs:pooled
2016-08,0.005782885786395854,0.005083662264809614,0.3496117607931195,enet_rs:pooled
2016-09,0.0060670364114733255,0.005439653788914625,0.31369131127935035,enet_rs:pooled
2016-10,0.0018832533463020778,0.0013960228517778854,0.24361524726209602,enet_rs:pooled
2016-11,-0.0033656064751492435,-0.003984731660420047,0.3095625926354016,enet_rs:pooled
2016-12,0.001050958109635897,0.0003242806540106014,0.3633387278126478,enet_rs:pooled
2017-01,0.0038265679615438236,0.0032101958253864583,0.3081860680786827,enet_rs:pooled
2017-02,-0.0012222549654042152,-0.0018241881381571518,0.30096658637646806,enet_rs:pooled
2017-03,0.0040711655421589495,0.003503752914364087,0.2837063138974316,enet_rs:pooled
2017-04,-0.0005058551702852538,-0.0010417606830519423,0.26795275638334426,enet_rs:pooled
2017-05,0.00610088690636845,0.005598909942122661,0.2509884821228945,enet_rs:pooled
2017-06,0.00020097012086156806,-0.00036838444406805574,0.2846772824648119,enet_rs:pooled
2017-07,0.003441227517921221,0.0029161504842703384,0.2625385168254413,enet_rs:pooled
2017-08,0.0029423355898368373,0.0023849450828141066,0.2786952535113654,enet_rs:pooled
2017-09,0.0025140779238366903,0.0020425076256619427,0.23578514908737377,enet_rs:pooled
2017-10,0.0030340478437168193,0.002561251072779671,0.2363983854685744,enet_rs:pooled
2017-11,0.0024802411532371302,0.0019097865856103266,0.28522728381340173,enet_rs:pooled
2017-12,0.001949652562380438,0.001368255897180943,0.29069833259974764,enet_rs:pooled
2018-01,0.0049429130197243525,0.004498728331701456,0.22209234401144867,enet_rs:pooled
2018-02,0.0032693662524435514,0.0030934781174392976,0.087944067502127,enet_rs:pooled
2018-03,0.0025839080176946246,0.0023795415940226776,0.10218321183597343,enet_rs:pooled
2018-04,0.001584137019451204,0.0014340824372463057,0.07502729110244936,enet_rs:pooled
2018-05,0.00535998134355546,0.005191573472747723,0.0842039354038683,enet_rs:pooled
2018-06,0.0035028692856907957,0.0033295733923630467,0.08664794666387458,enet_rs:pooled
2018-07,0.005155215043824657,0.005002775803197232,0.0762196203137123,enet_rs:pooled
2018-08,0.0040263564348099485,0.003873279441632714,0.07653849658861739,enet_rs:pooled
2018-09,0.01149216983739487,0.01133997761130981,0.07609611304252996,enet_rs:pooled
2018-10,0.0025975160263245587,0.002444952247765272,0.07628188927964306,enet_rs:pooled
2018-11,-0.0019045066406190776,-0.002063422864000367,0.07945811169064441,enet_rs:pooled
2018-12,-0.0010966737063739058,-0.001282249702233799,0.09278799792994635,enet_rs:pooled
2019-01,0.0025374114854919802,0.002196512451029071,0.1704495172314544,enet_rs:pooled
2019-02,-0.004477122602962334,-0.004939669225134531,0.23127331108609825,enet_rs:pooled
2019-03,0.004079156870384805,0.003664059537466351,0.20754866645922682,enet_rs:pooled
2019-04,0.0019088499667752818,0.0015797792472127521,0.16453535978126468,enet_rs:pooled
2019-05,0.0020345903876549617,0.0016617084390426514,0.18644097430615506,enet_rs:pooled
2019-06,0.004143691811332143,0.003721288798427556,0.2112015064522936,enet_rs:pooled
2019-07,0.005637815047842565,0.005257690087480391,0.19006248018108707,enet_rs:pooled
2019-08,0.0019086411487798478,0.0015440270754690586,0.1823070366553946,enet_rs:pooled
2019-09,-0.0016883177340701416,-0.002066303024427052,0.18899264517845546,enet_rs:pooled
2019-10,0.0009342912829565117,0.0005165463333503948,0.2088724748030584,enet_rs:pooled
2019-11,0.0024580520338261837,0.002084989023834292,0.18653150499594578,enet_rs:pooled
2019-12,0.0041817450738991235,0.003779350254097302,0.2011974099009107,enet_rs:pooled
2020-01,0.001796412371334707,0.0014712389585217888,0.16258670640645898,enet_rs:pooled
2020-02,0.0040850445478557585,0.004018441038400728,0.033301754727515114,enet_rs:pooled
2020-03,0.005800216702095003,0.0057349220298940655,0.032647336100468466,enet_rs:pooled
2020-04,-0.004862542578337534,-0.00499740599226502,0.0674317069637428,enet_rs:pooled
2020-05,-0.0011195238341537095,-0.0012380461460712974,0.059261155958794005,enet_rs:pooled
2020-06,-0.007097643116687461,-0.00717696180910816,0.03965934621034961,enet_rs:pooled
2020-07,0.0022992826919824784,0.0021875005915868804,0.055891050197799205,enet_rs:pooled
2020-08,-0.003759123078074125,-0.0038615979271099036,0.05123742451788926,enet_rs:pooled
2020-09,-0.000333761718682168,-0.00041143559681087164,0.03883693906435195,enet_rs:pooled
2020-10,0.005137652540354817,0.0050616211531302234,0.03801569361229658,enet_rs:pooled
2020-11,-0.018997838589101118,-0.01906812853894219,0.03514497492053545,enet_rs:pooled
2020-12,-0.0050237211849889505,-0.0051476695266925295,0.06197417085178955,enet_rs:pooled
2021-01,0.004587801613242504,0.004370495073465027,0.10865326988873907,enet_rs:pooled
2021-02,-0.0015246362135392761,-0.001717275360868113,0.09631957366441866,enet_rs:pooled
2021-03,0.0031944603216951055,0.002980678662284009,0.1068908297055483,enet_rs:pooled
2021-04,0.002250880083603207,0.002077766206859277,0.08655693837196524,enet_rs:pooled
2021-05,0.0005655065512507217,0.00035625755425210234,0.10462449849930965,enet_rs:pooled
2021-06,-0.004450289098651709,-0.004632285280507684,0.09099809092798768,enet_rs:pooled
2021-07,0.003778926434036234,0.0035897342446799584,0.09459609467813782,enet_rs:pooled
2021-08,-0.0006588063013320302,-0.000820201577375955,0.0806976380219625,enet_rs:pooled
2021-09,0.005006714438236302,0.004820460487354215,0.09312697544104388,enet_rs:pooled
2021-10,0.0007742876452621374,0.0006063723251434843,0.08395766005932646,enet_rs:pooled
2021-11,0.0068619019331998795,0.006688954701124899,0.08647361603749064,enet_rs:pooled
2021-12,0.009237118431799056,0.009023853094635666,0.10663266858169572,enet_rs:pooled
2022-01,0.009368605850178856,0.009118124620631855,0.12524061477350062,enet_rs:pooled
2022-02,0.009253576595897314,0.00897732468481243,0.13812595554244167,enet_rs:pooled
2022-03,0.00624915767173936,0.005943232267101992,0.1529627023186831,enet_rs:pooled
2022-04,0.0108934628786926,0.010607891957093852,0.14278546079937426,enet_rs:pooled
2022-05,0.004837260755400038,0.004554849422170811,0.1412056666146136,enet_rs:pooled
2022-06,-0.0005360904289237142,-0.0008318274273901898,0.14786849923323778,enet_rs:pooled
2022-07,-0.0023116331712315164,-0.002608741647369562,0.14855423806902268,enet_rs:pooled
2022-08,-0.0016878708157900047,-0.0019825002583563765,0.14731472128318587,enet_rs:pooled
2022-09,0.0042374332573233775,0.0039701507180198116,0.13364126965178294,enet_rs:pooled
2022-10,0.003924661938744576,0.0036452077500760027,0.1397270943342868,enet_rs:pooled
2022-11,-0.002764260545199168,-0.0030839170187572777,0.1598282367790547,enet_rs:pooled
2022-12,0.006299955738054099,0.005953234167964716,0.17336078504469124,enet_rs:pooled
2023-01,0.0011671022694277728,0.00043606309548387676,0.3655195869719481,enet_rs:pooled
2023-02,0.005893097519357704,0.005142339705905222,0.3753789067262415,enet_rs:pooled
2023-03,0.00342107856367507,0.002814957961507462,0.303060301083804,enet_rs:pooled
2023-04,-0.0005732514034715205,-0.0012945687977039737,0.36065869711622656,enet_rs:pooled
2023-05,-0.0020517975590525536,-0.00271589295331122,0.3320476971293332,enet_rs:pooled
2023-06,0.002311894146340636,0.0016237488301044751,0.3440726581180803,enet_rs:pooled
2023-07,0.0035564895925155452,0.002818291436016041,0.3690990782497522,enet_rs:pooled
2023-08,0.0018466671971767853,0.0010973082260222053,0.3746794855772899,enet_rs:pooled
2023-09,0.0097674359309798,0.009052528908450283,0.3574535112647579,enet_rs:pooled
2023-10,0.007844474851549455,0.007250996566843405,0.29673914235302484,enet_rs:pooled
2023-11,-0.007722236030976604,-0.008384885025485648,0.3313244972545224,enet_rs:pooled
2023-12,0.0037616198585389213,0.002948798327549067,0.4064107654949266,enet_rs:pooled
2024-01,0.0097759488880898,0.009053942229690732,0.3610033291995329,enet_rs:pooled
2024-02,-7.471850820846377e-05,-0.0008229944006367476,0.3741379462141419,enet_rs:pooled
2024-03,0.0037500114285350396,0.0029545443565837325,0.39773353597565375,enet_rs:pooled
2024-04,0.0002695352045526723,-0.0005037064137350666,0.38662080914386937,enet_rs:pooled
2024-05,0.0019516019486006122,0.001201627627334542,0.374987160633035,enet_rs:pooled
2024-06,0.00047642766299654235,-0.00024569422668848734,0.36106094484251483,enet_rs:pooled
2024-07,0.0006140757442189585,-9.941143854029653e-05,0.3567435913796275,enet_rs:pooled
2024-08,0.002951280103652514,0.0022377229687618873,0.35677856744531367,enet_rs:pooled
2024-09,0.00045174921897811574,-0.00024686924119181943,0.34930923008496767,enet_rs:pooled
2024-10,0.0033963572495836164,0.0026654669184524547,0.365445165565581,enet_rs:pooled
2024-11,0.009989940938060217,0.009266754453094122,0.3615932424830475,enet_rs:pooled
2024-12,0.0019665985593607413,0.001235011609794434,0.3657934747831535,enet_rs:pooled
2025-01,0.0024885111441957206,0.0018986504673119927,0.29493033844186356,enet_rs:pooled
2025-02,0.004157907856664427,0.003722928674461523,0.21748959110145202,enet_rs:pooled
2025-03,0.005666057376616225,0.005270893710324117,0.19758183314605404,enet_rs:pooled
2025-04,-0.0014899616043018852,-0.001881996823132137,0.1960176094151258,enet_rs:pooled
2025-05,-0.0006438429780983974,-0.0010949038726580827,0.2255304472798427,enet_rs:pooled
2025-06,-0.002715548977707249,-0.003139668107124535,0.2120595647086428,enet_rs:pooled
2025-07,-0.00116524661334318,-0.0015275959539808584,0.18117467031883905,enet_rs:pooled
2025-08,9.73279321599513e-05,-0.00033880845107901237,0.21806819161948174,enet_rs:pooled
2025-09,0.003925592042913022,0.0034727270554802776,0.22643249371637253,enet_rs:pooled
2025-10,0.008802914061975918,0.00835563699023291,0.22363853587150498,enet_rs:pooled
2025-11,0.0034341889675644083,0.002936215711076699,0.2489866282438544,enet_rs:pooled
2025-12,0.00829747965733276,0.007834091400377694,0.2316941284775326,enet_rs:pooled
2000-01,0.008245988202617188,0.008245988202617188,0.0,gbrt:dm_only
2000-02,0.011381132269851742,0.00914287453982605,1.1191288650128468,gbrt:dm_only
2000-03,-0.00409748114414337,-0.006073253527861751,0.98788619185919,gbrt:dm_only
2000-04,0.013165203453308546,0.011009491014902747,1.0778562192028993,gbrt:dm_only
2000-05,0.0010212949405383634,-0.0008901422077423214,0.955718574140342,gbrt:dm_only
2000-06,0.004608952925396251,0.002711323466871123,0.9488147292625637,gbrt:dm_only
2000-07,-0.0006629000706839457,-0.002674275310901541,1.0056876201087974,gbrt:dm_only
2000-08,-0.00593852375745009,-0.007847363917712288,0.954420080131099,gbrt:dm_only
2000-09,0.002750990377315962,0.0007393508204572427,1.0058197784293597,gbrt:dm_only
2000-10,0.004514843029902824,0.0027340261714228382,0.890408429239993,gbrt:dm_only
2000-11,0.008839522479857235,0.007144835971905633,0.8473432539758009,gbrt:dm_only
2000-12,0.004166080999364406,0.0022187619546041835,0.9736595223801111,gbrt:dm_only
2001-01,-0.010715306344887873,-0.012719668754859038,1.0021812049855832,gbrt:dm_only
2001-02,0.009429254076608396,0.007152641832498927,1.1383061220547348,gbrt:dm_only
2001-03,0.017086462826290737,0.014767931400207032,1.1592657130418524,gbrt:dm_only
2001-04,0.0018622347573931195,-0.00017593752243046698,1.0190861399117932,gbrt:dm_only
2001-05,0.013096221710423534,0.011079790410145677,1.0082156501389286,gbrt:dm_only
2001-06,-0.0012333654192990117,-0.0029608420564379945,0.8637383185694912,gbrt:dm_only
2001-07,0.01775626617018134,0.015785745697229858,0.9852602364757419,gbrt:dm_only
2001-08,-0.00489018930287216,-0.0066729692687895565,0.8913899829586983,gbrt:dm_only
2001-09,0.007683471479251803,0.0055770716461473035,1.0531999165522496,gbrt:dm_only
2001-10,-0.0030496394595610557,-0.005021051615005168,0.9857060777220562,gbrt:dm_only
2001-11,0.005312471093850478,0.0031381312831934177,1.087169905328529,gbrt:dm_only
2001-12,0.011426925912569896,0.009281453893001272,1.0727360097843126,gbrt:dm_only
2002-01,3.120978465406933e-05,-0.0019625394290327417,0.9968746068434056,gbrt:dm_only
2002-02,0.008487052525597281,0.006798001064530315,0.8445257305334825,gbrt:dm_only
2002-03,0.011712795602840748,0.010231734029386725,0.7405307867270116,gbrt:dm_only
2002-04,0.010572017454305882,0.009169773822377785,0.701121815964049,gbrt:dm_only
2002-05,0.007128825050455028,0.0057528842190706355,0.6879704156921963,gbrt:dm_only
2002-06,0.009733876567226352,0.008441042799737867,0.6464168837442423,gbrt:dm_only
2002-07,0.0030696312055172414,0.0017405045940487042,0.6645633057342687,gbrt:dm_only
2002-08,-0.0015646546343493592,-0.002956946161599138,0.6961457636248892,gbrt:dm_only
2002-09,0.012175851255574188,0.010725476878686463,0.7251871884438627,gbrt:dm_only
2002-10,0.00023016224538688416,-0.0010564303703135848,0.6432963078502348,gbrt:dm_only
2002-11,-0.0012397519779369223,-0.00287980973374975,0.8200288779064135,gbrt:dm_only
2002-12,0.0016135783483660062,0.00017121943535599777,0.7211794565050045,gbrt:dm_only
2003-01,-0.0011480598079147983,-0.0025486711885792076,0.7003056903322044,gbrt:dm_only
2003-02,0.0050842092974913485,0.004046597284369916,0.5188060065607166,gbrt:dm_only
2003-03,0.010741232551422222,0.009847000342416963,0.4471161045026285,gbrt:dm_only
2003-04,-0.003761860447520103,-0.004523248802544523,0.38069417751220935,gbrt:dm_only
2003-05,-0.0017594408640356355,-0.0029290939744629476,0.5848265552136561,gbrt:dm_only
2003-06,0.0064504636989114765,0.005250018259018339,0.6002227199465685,gbrt:dm_only
2003-07,0.010592806187498301,0.00943622043479454,0.5782928763518815,gbrt:dm_only
2003-08,0.0065408301491911135,0.00537534004836186,0.5827450504146264,gbrt:dm_only
2003-09,0.0006571163349910849,-0.0006618677971371509,0.6594920660641178,gbrt:dm_only
2003-10,0.013241024604120893,0.011988210290091929,0.6264071570144819,gbrt:dm_only
2003-11,0.001158988889809486,-8.405638556545174e-05,0.6215226376874687,gbrt:dm_only
2003-12,0.007884281547889279,0.0065956771763872515,0.6443021857510134,gbrt:dm_only
2004-01,-0.006857394974504313,-0.008179402984393108,0.6610040049443973,gbrt:dm_only
2004-02,0.001014787038069005,-0.000404666975204477,0.7097270066367409,gbrt:dm_only
2004-03,0.0026010399765071385,0.00133467435923681,0.6331828086351644,gbrt:dm_only
2004-04,0.0019299350956363459,0.0005815504617543031,0.6741923169410212,gbrt:dm_only
2004-05,-0.0013972966624190965,-0.0027229258405544227,0.6628145890676632,gbrt:dm_only
2004-06,0.0037836339941954185,0.002508253138467638,0.6376904278638902,gbrt:dm_only
2004-07,0.0058282045953507175,0.004574677872474221,0.626763361438248,gbrt:dm_only
2004-08,0.0045787700719828045,0.00354398527232476,0.5173923998290224,gbrt:dm_only
2004-09,0.004562889806344887,0.003486982058717966,0.5379538738134606,gbrt:dm_only
2004-10,0.01156897604104521,0.010468567536128471,0.5502042524583695,gbrt:dm_only
2004-11,0.006397988632924172,0.005399025131904085,0.4994817505100435,gbrt:dm_only
2004-12,0.009528611913747664,0.008375242163024727,0.5766848753614677,gbrt:dm_only
2005-01,-0.0002668583437578304,-0.0014033602617923805,0.568250959017275,gbrt:dm_only
2005-02,0.008790341517048446,0.007846189246780424,0.4720761351340109,gbrt:dm_only
2005-03,0.009194346030538886,0.008219851711502772,0.4872471595180577,gbrt:dm_only
2005-04,0.01565123620773297,0.014655068776071256,0.49808371583085537,gbrt:dm_only
2005-05,-0.011026174952225642,-0.01188311563820114,0.42847034298774855,gbrt:dm_only
2005-06,0.00536083157038485,0.004177522421253681,0.5916545745655847,gbrt:dm_only
2005-07,0.005073801739863914,0.00418620411067541,0.4437988145942522,gbrt:dm_only
2005-08,-0.0008905143927747253,-0.0019218392142846626,0.5156624107549688,gbrt:dm_only
2005-09,0.005943895805756019,0.004794346182827289,0.574774811464365,gbrt:dm_only
2005-10,0.0008012746210184945,-0.00020955063578344637,0.5054126284009705,gbrt:dm_only
2005-11,-0.0023490014994883603,-0.0033580703177246442,0.5045344091181421,gbrt:dm_only
2005-12,-0.0024492710641099325,-0.00369415826601449,0.6224436009522788,gbrt:dm_only
2006-01,-0.0063333200354014465,-0.00749193908762878,0.5793095261136672,gbrt:dm_only
2006-02,0.0026301438982801965,0.0010873316634865094,0.7714061173968437,gbrt:dm_only
2006-03,0.012802457596844891,0.011466111251060472,0.6681731728922091,gbrt:dm_only
2006-04,0.009334410841842316,0.00804891594796753,0.642747446937393,gbrt:dm_only
2006-05,-0.0031589314591039547,-0.004466864915802313,0.6539667283491792,gbrt:dm_only
2006-06,0.011306287535298894,0.010106037909165396,0.6001248130667488,gbrt:dm_only
2006-07,-0.0021174960433863253,-0.003478022373741421,0.680263165177548,gbrt:dm_only
2006-08,-0.00727280468118447,-0.008613508917251437,0.6703521180334832,gbrt:dm_only
2006-09,0.0029447936390545864,0.0014511142591236037,0.7468396899654911,gbrt:dm_only
2006-10,-0.0031512763339303367,-0.004378978503126579,0.6138510845981213,gbrt:dm_only
2006-11,0.010224614425732354,0.008901631696493545,0.6614913646194042,gbrt:dm_only
2006-12,-7.026208820988617e-05,-0.0012328231075223568,0.5812805096562353,gbrt:dm_only
2007-01,0.007742065823014301,0.006475613215015476,0.633226303999412,gbrt:dm_only
2007-02,-0.0012356377692653712,-0.002492956144672472,0.6286591877035503,gbrt:dm_only
2007-03,0.0069867098315588,0.005788165565915039,0.5992721328218802,gbrt:dm_only
2007-04,0.007808217395142392,0.0067095632979304294,0.5493270486059816,gbrt:dm_only
2007-05,0.003694432774725553,0.00257839013559459,0.5580213195654814,gbrt:dm_only
2007-06,-0.002447922128002644,-0.003705578497146881,0.6288281845721183,gbrt:dm_only
2007-07,-0.0009034061458334958,-0.0023394894594802227,0.7180416568233634,gbrt:dm_only
2007-08,6.065174525819959e-05,-0.0012998578440993616,0.6802547946787805,gbrt:dm_only
2007-09,0.0027194317896663263,0.0014004352954510985,0.6594982471076142,gbrt:dm_only
2007-10,0.014134347367552511,0.012874848639567536,0.6297493639924882,gbrt:dm_only
2007-11,0.002851692877092634,0.0016340373108600786,0.6088277831162773,gbrt:dm_only
2007-12,0.00427791894259557,0.0030307896651812043,0.6235646387071828,gbrt:dm_only
2008-01,0.0008758502790487865,-0.0003074454199145819,0.5916478494816844,gbrt:dm_only
2008-02,-0.00025575680741102096,-0.001729271436692668,0.7367573146408232,gbrt:dm_only
2008-03,0.0027884184453962286,0.0014641503447796527,0.662134050308288,gbrt:dm_only
2008-04,0.0036114724673033736,0.0023047431803548397,0.6533646434742669,gbrt:dm_only
2008-05,-0.00020513472099982434,-0.0016422404520253654,0.7185528655127706,gbrt:dm_only
2008-06,0.010952781352673704,0.009719760628088974,0.6165103622923644,gbrt:dm_only
2008-07,-0.008803241371175463,-0.009925924917159256,0.5613417729918958,gbrt:dm_only
2008-08,0.008681037319299924,0.007148220240533073,0.7664085393834257,gbrt:dm_only
2008-09,0.01250092960375538,0.011352746077882088,0.5740917629366469,gbrt:dm_only
2008-10,0.03188035565844178,0.030662252989582615,0.6090513344295819,gbrt:dm_only
2008-11,0.018803936248310504,0.017680372300851163,0.561781973729671,gbrt:dm_only
2008-12,-0.0024689013746185358,-0.003521059329409931,0.5260789773956976,gbrt:dm_only
2009-01,0.0024648902069305317,0.0013034919346178524,0.5806991361563397,gbrt:dm_only
2009-02,0.008583563825318243,0.007341020857303171,0.6212714840075363,gbrt:dm_only
2009-03,-0.009968099048319627,-0.010963774018356768,0.4978374850185708,gbrt:dm_only
2009-04,-0.023180001061514684,-0.024441100539658974,0.6305497390721463,gbrt:dm_only
2009-05,0.00904800344455863,0.0072949220731904985,0.8765406856840658,gbrt:dm_only
2009-06,-0.0049470734119647095,-0.0067014640586740394,0.8771953233546644,gbrt:dm_only
2009-07,0.006287601274062796,0.004429492226468848,0.9290545237969738,gbrt:dm_only
2009-08,0.001973369433469212,0.0003566059073704961,0.8083817630493578,gbrt:dm_only
2009-09,0.005619914309500277,0.004112119285951624,0.7538975117743266,gbrt:dm_only
2009-10,0.002113403317275127,0.0007067196698573539,0.7033418237088866,gbrt:dm_only
2009-11,-0.0001453984628773544,-0.00168285506375039,0.7687283004365177,gbrt:dm_only
2009-12,-0.0029732922015212743,-0.004367037253264735,0.6968725258717308,gbrt:dm_only
2010-01,0.0030222530339915703,0.0015151298453164588,0.7535615943375558,gbrt:dm_only
2010-02,-0.001369254799662994,-0.002813391874862709,0.7220685375998578,gbrt:dm_only
2010-03,-0.003424810473392583,-0.004974156114598481,0.7746728206029488,gbrt:dm_only
2010-04,0.004814790573236216,0.003308788661785493,0.7530009557253614,gbrt:dm_only
2010-05,0.004085287812280515,0.0025537726759767487,0.7657575681518834,gbrt:dm_only
2010-06,0.007254978841007836,0.00596623653024703,0.6443711553804029,gbrt:dm_only
2010-07,0.0001249750289983573,-0.000962500590646545,0.5437378098224511,gbrt:dm_only
2010-08,0.0031060942732740802,0.0018101800897633426,0.6479570917553685,gbrt:dm_only
2010-09,0.001250859746136274,-7.501917442520556e-05,0.6629394602807399,gbrt:dm_only
2010-10,0.006846793732556406,0.005593983461591171,0.6264051354826173,gbrt:dm_only
2010-11,0.009088366927718486,0.007952182693871454,0.5680921169235164,gbrt:dm_only
2010-12,0.007641629492464127,0.006501586994716871,0.5700212488736284,gbrt:dm_only
2011-01,0.0037870262425634457,0.002744268319509053,0.5213789615271965,gbrt:dm_only
2011-02,-0.00023913077586552636,-0.0013832470711898884,0.5720581476621813,gbrt:dm_only
2011-03,0.00010662813431101235,-0.0009634981989245196,0.5350631666177658,gbrt:dm_only
2011-04,0.008995670133705766,0.007901942247125027,0.5468639432903698,gbrt:dm_only
2011-05,0.0047147902966119554,0.0037894478445008517,0.46267122605555244,gbrt:dm_only
2011-06,0.004375088903416767,0.0034544355163305483,0.4603266935431094,gbrt:dm_only
2011-07,0.008488003237569599,0.007612445858783036,0.437778689393281,gbrt:dm_only
2011-08,0.010123547991368418,0.00926903815149676,0.42725491993582776,gbrt:dm_only
2011-09,0.010264551391433674,0.009423472802645442,0.4205392943941157,gbrt:dm_only
2011-10,-0.008261162357645544,-0.009249794019498898,0.4943158309266776,gbrt:dm_only
2011-11,0.007915629731621575,0.006716338989228238,0.5996453711966689,gbrt:dm_only
2011-12,0.002830304537473204,0.0017377693007821734,0.5462676183455152,gbrt:dm_only
2012-01,-0.019481171870250842,-0.02045621536936811,0.4875217495586338,gbrt:dm_only
2012-02,-0.003678372010024483,-0.004957413129485806,0.6395205597306606,gbrt:dm_only
2012-03,0.006905939961523465,0.005664891584421196,0.620524188551134,gbrt:dm_only
2012-04,0.00623467903460816,0.005114163069403022,0.5602579826025689,gbrt:dm_only
2012-05,0.004318743055227558,0.003175602020478959,0.5715705173742996,gbrt:dm_only
2012-06,0.005267332997009046,0.0043609626782623355,0.4531851593733552,gbrt:dm_only
2012-07,0.007844980871822345,0.006884090409924408,0.48044523094896824,gbrt:dm_only
2012-08,0.005610915708041408,0.004740684962696256,0.43511537267257566,gbrt:dm_only
2012-09,-0.0005902859696149292,-0.0015172718758559565,0.46349295312051353,gbrt:dm_only
2012-10,0.0021558835195993483,0.0010952285748273003,0.530327472386024,gbrt:dm_only
2012-11,0.007503880041108817,0.006466506658298487,0.5186866914051652,gbrt:dm_only
2012-12,-0.0025749010035646756,-0.003517404448737684,0.47125172258650433,gbrt:dm_only
2013-01,0.00279019865952703,0.0017443547850386084,0.5229219372442108,gbrt:dm_only
2013-02,0.004862475883151821,0.003783425707498495,0.539525087826663,gbrt:dm_only
2013-03,0.009264778259742975,0.008279590304533449,0.49259397760476353,gbrt:dm_only
2013-04,0.012017980356039203,0.0111582687539213,0.4298558010589528,gbrt:dm_only
2013-05,0.0042994442215367286,0.0034430647464598857,0.42818973753842127,gbrt:dm_only
2013-06,0.0030869307686175024,0.002013764080385535,0.536583344115984,gbrt:dm_only
2013-07,0.008780139547678503,0.007608438770804696,0.5858503884369033,gbrt:dm_only
2013-08,0.0014389786745521852,0.0002826808537553254,0.5781489103984299,gbrt:dm_only
2013-09,-0.006411487424993265,-0.007617425253834955,0.6029689144208457,gbrt:dm_only
2013-10,0.00246625815823079,0.0013461352738189248,0.5600614422059326,gbrt:dm_only
2013-11,0.00011359838420227395,-0.0009108860360851815,0.5122422101437277,gbrt:dm_only
2013-12,0.004467997033234355,0.003532153128664299,0.46792195228502814,gbrt:dm_only
2014-01,0.0034748783404255014,0.0026263016680874774,0.42428833616901207,gbrt:dm_only
2014-02,0.005452776141183066,0.0044971848517296,0.4777956447267334,gbrt:dm_only
2014-03,0.0006761465666032324,-0.00027446321159471833,0.4753048890989753,gbrt:dm_only
2014-04,0.0010019783702108402,-5.061901655059869e-05,0.5262986933807196,gbrt:dm_only
2014-05,0.00503060892205261,0.003974540552023211,0.5280341850146991,gbrt:dm_only
2014-06,0.005924518485115198,0.004871883383978783,0.5263175505682077,gbrt:dm_only
2014-07,-0.0012205026696210106,-0.0023100234858511575,0.5447604081150735,gbrt:dm_only
2014-08,0.0020715402320114055,0.000922089901181114,0.5747251654151458,gbrt:dm_only
2014-09,-0.001254087812220477,-0.002258381916192803,0.5021470519861628,gbrt:dm_only
2014-10,0.004698955203448854,0.003694484797441139,0.5022352030038573,gbrt:dm_only
2014-11,0.009993636943612154,0.008979867260482029,0.5068848415650629,gbrt:dm_only
2014-12,0.014805997174766671,0.013882863568718007,0.46156680302433234,gbrt:dm_only
2015-01,0.007027354561573392,0.006091352092438976,0.4680012345672077,gbrt:dm_only
2015-02,-0.00016858191597939767,-0.0012705743449948632,0.5509962145077327,gbrt:dm_only
2015-03,0.009250438128157847,0.008140287461425331,0.5550753333662577,gbrt:dm_only
2015-04,-0.012509443629571447,-0.013585842225512167,0.5381992979703596,gbrt:dm_only
2015-05,0.00092237220082909,-0.0004888819272302516,0.7056270640296707,gbrt:dm_only
2015-06,0.004629545121428593,0.0033516772661174835,0.6389339276555548,gbrt:dm_only
2015-07,0.010017086410498602,0.009062738564934527,0.47717392278203685,gbrt:dm_only
2015-08,0.009037587091673842,0.008087316624851076,0.4751352334113828,gbrt:dm_only
2015-09,0.0059738549312516025,0.005046932664533207,0.46346113335919814,gbrt:dm_only
2015-10,-0.00585922784957157,-0.006834858451223431,0.4878153008259303,gbrt:dm_only
2015-11,0.003993908530239775,0.0028422033484950928,0.5758525908723409,gbrt:dm_only
2015-12,0.00012367524274133168,-0.0009967845270658009,0.5602298849035664,gbrt:dm_only
2016-01,0.0019762010917874833,0.0008946367727140434,0.5407821595367202,gbrt:dm_only
2016-02,-0.002606097203379709,-0.0037535165904930582,0.5737096935566749,gbrt:dm_only
2016-03,-0.007103196580429143,-0.008385950588022936,0.6413770037968963,gbrt:dm_only
2016-04,0.0034758901229228188,0.0021415652810854156,0.6671624209187016,gbrt:dm_only
2016-05,0.0024225601776406286,0.001212859351449809,0.6048504130954097,gbrt:dm_only
2016-06,-0.0013660671634028187,-0.0025710296609179153,0.6024812487575482,gbrt:dm_only
2016-07,-0.0015094468594513228,-0.002599531269407005,0.5450422049778408,gbrt:dm_only
2016-08,0.0045510398513276635,0.0033306427926649423,0.6101985293313609,gbrt:dm_only
2016-09,0.004652168732694153,0.003547227079018348,0.5524708268379022,gbrt:dm_only
2016-10,0.0018463098778756968,0.0009336549240889278,0.45632747689338465,gbrt:dm_only
2016-11,-0.0035294763147932203,-0.004578781749460025,0.524652717333402,gbrt:dm_only
2016-12,0.000435687281754524,-0.0007730713618410699,0.604379321797797,gbrt:dm_only
2017-01,0.003392145150019846,0.002243618740542488,0.574263204738679,gbrt:dm_only
2017-02,0.00033970985612486474,-0.0008590039390899985,0.5993568976074316,gbrt:dm_only
2017-03,0.0009166640805831723,-0.00014965399377205689,0.5331590371776146,gbrt:dm_only
2017-04,0.00013180120690053953,-0.0009455616481999402,0.5386814275502398,gbrt:dm_only
2017-05,0.004142963107594846,0.003129049025076925,0.5069570412589604,gbrt:dm_only
2017-06,0.001219374407496218,0.00011275645122682158,0.5533089781346983,gbrt:dm_only
2017-07,0.0027935967240825294,0.0017906086048089169,0.5014940596368062,gbrt:dm_only
2017-08,0.0032227226661171587,0.0021725855359019585,0.5250685651076001,gbrt:dm_only
2017-09,0.00032989930437325336,-0.0005750011855286847,0.45245024495096897,gbrt:dm_only
2017-10,0.0035036543434595175,0.0025901524993338083,0.45675092206285456,gbrt:dm_only
2017-11,0.0023339018517221206,0.0012494195524398845,0.5422411496411181,gbrt:dm_only
2017-12,0.003925374448013181,0.002869436044849786,0.5279692015816968,gbrt:dm_only
2018-01,0.003969059960829284,0.002822701209276398,0.5731793757764426,gbrt:dm_only
2018-02,0.003150703705683109,0.0019405925434147718,0.6050555811341689,gbrt:dm_only
2018-03,0.0025827326464768867,0.0015224352642532986,0.530148691111794,gbrt:dm_only
2018-04,0.0016176820483404296,0.0005494047183699206,0.5341386649852541,gbrt:dm_only
2018-05,0.003646214657344556,0.0025527244962137634,0.5467450805653967,gbrt:dm_only
2018-06,0.0028462727210086217,0.001746096126490712,0.5500882972589548,gbrt:dm_only
2018-07,0.003791708377826816,0.002798088043487242,0.49681016716978676,gbrt:dm_only
2018-08,0.005362480872818241,0.004348586171760266,0.5069473505289867,gbrt:dm_only
2018-09,0.013076254974148167,0.012080433288865865,0.49791084264115176,gbrt:dm_only
2018-10,0.004173801301431794,0.0031363778163251716,0.5187117425533109,gbrt:dm_only
2018-11,-0.0016328653496731822,-0.002716531839344612,0.541833244835715,gbrt:dm_only
2018-12,0.0058950369470667065,0.004607027909645179,0.6440045187107639,gbrt:dm_only
2019-01,-0.0003519043503844403,-0.0014216930012369109,0.5348943254262353,gbrt:dm_only
2019-02,-0.00658890750690912,-0.007869708773229327,0.6404006331601034,gbrt:dm_only
2019-03,0.004524540478862911,0.0032731877621876987,0.6256763583376057,gbrt:dm_only
2019-04,0.0026174471092965837,0.0015857665457683205,0.5158402817641314,gbrt:dm_only
2019-05,0.0022996413789077674,0.0012515195603634817,0.5240609092721428,gbrt:dm_only
2019-06,0.0018393959225328563,0.0006311349103915909,0.6041305060706326,gbrt:dm_only
2019-07,0.00681109185913577,0.005732058321170582,0.5395167689825942,gbrt:dm_only
2019-08,0.004401561213981239,0.0033968559688401807,0.5023526225705289,gbrt:dm_only
2019-09,-0.0024475512842421945,-0.003494597060972171,0.5235228883649884,gbrt:dm_only
2019-10,0.002688739136912841,0.0015894931904652165,0.5496229732238124,gbrt:dm_only
2019-11,0.0011925158926118895,0.00017591492939312856,0.5083004816093806,gbrt:dm_only
2019-12,0.006282284937109852,0.0051102010854931525,0.5860419258083497,gbrt:dm_only
2020-01,0.0062689747470512204,0.005345223446157434,0.4618756504468932,gbrt:dm_only
2020-02,0.00856331456760684,0.007629782435955248,0.4667660658257958,gbrt:dm_only
2020-03,0.015006660292097825,0.014139168827478064,0.4337457323098813,gbrt:dm_only
2020-04,-0.018432836047812526,-0.019806560544496622,0.6868622483420493,gbrt:dm_only
2020-05,-0.0014148316321194781,-0.003198840894741502,0.892004631311012,gbrt:dm_only
2020-06,-0.0035532573852322465,-0.005014994739159347,0.7308686769635501,gbrt:dm_only
2020-07,0.003648845998431247,0.0021626992667384535,0.7430733658463965,gbrt:dm_only
2020-08,-0.0012940442259332548,-0.0026675998705565406,0.686777822311643,gbrt:dm_only
2020-09,-0.0051790425584784935,-0.006517484352145061,0.6692208968332835,gbrt:dm_only
2020-10,0.0012984155814037954,-0.00012278016990303938,0.7105978756534171,gbrt:dm_only
2020-11,-0.019341637002665592,-0.020574800553874017,0.6165817756042108,gbrt:dm_only
2020-12,0.007621444619786644,0.0057248789735877045,0.9482828230994695,gbrt:dm_only
2021-01,0.0005908210790095246,-0.0010898415689567361,0.8403313239831302,gbrt:dm_only
2021-02,0.004147070931693247,0.002671081933110199,0.7379944992915242,gbrt:dm_only
2021-03,0.006907945111491501,0.005408599727661374,0.7496726919150636,gbrt:dm_only
2021-04,0.0037752253948245755,0.0022581481125240003,0.7585386411502875,gbrt:dm_only
2021-05,0.0033456549314755,0.001789935417730055,0.7778597568727222,gbrt:dm_only
2021-06,-0.0012867377718525947,-0.0026612110697616814,0.6872366489545435,gbrt:dm_only
2021-07,0.004149706625909453,0.0027774832190087806,0.6861117034503366,gbrt:dm_only
2021-08,-0.002204944121275115,-0.0035914584345730625,0.6932571566489741,gbrt:dm_only
2021-09,0.007321294521610649,0.005859741220769968,0.73077665042034,gbrt:dm_only
2021-10,0.0031719009657110637,0.0018508171802484733,0.6605418927312953,gbrt:dm_only
2021-11,0.0032944898330688906,0.0019908703100919756,0.6518097614884577,gbrt:dm_only
2021-12,0.008114250065655955,0.006630863979927014,0.74169304286447,gbrt:dm_only
2022-01,0.010747628955345444,0.009653765670572682,0.5469316423863808,gbrt:dm_only
2022-02,0.006671276524178322,0.005642672077330962,0.5143022234236798,gbrt:dm_only
2022-03,0.009979403508768577,0.008905243125943586,0.5370801914124954,gbrt:dm_only
2022-04,0.011894576591721556,0.010954979779603224,0.46979840605916573,gbrt:dm_only
2022-05,0.004378969811795475,0.003495383398586284,0.441793206604596,gbrt:dm_only
2022-06,0.00237353659017327,0.0013586615021011805,0.5074375440360449,gbrt:dm_only
2022-07,-0.004709969280264414,-0.0058248841881266555,0.557457453931121,gbrt:dm_only
2022-08,-0.000683810153050315,-0.0017820643469672699,0.5491270969584776,gbrt:dm_only
2022-09,0.006757133353294222,0.005651712836111627,0.5527102585912979,gbrt:dm_only
2022-10,0.006036028597901772,0.0049927320201204346,0.5216482888906685,gbrt:dm_only
2022-11,-0.0076350407606997125,-0.008730443131091269,0.5477011851957779,gbrt:dm_only
2022-12,0.003955464918810705,0.0027066727338653914,0.6243960924726567,gbrt:dm_only
2023-01,0.000485839041470837,-0.0007630600829408116,0.6244495622058245,gbrt:dm_only
2023-02,0.006288923618131798,0.005141391385726484,0.5737661162026579,gbrt:dm_only
2023-03,0.003617757673095475,0.002662322055188326,0.4777178089535745,gbrt:dm_only
2023-04,0.0004978316830952302,-0.0005333717955859352,0.5156017393405826,gbrt:dm_only
2023-05,-0.001443617225857683,-0.0023891728315739184,0.4727778028581176,gbrt:dm_only
2023-06,0.0020795132325437792,0.0010326361809852495,0.5234385257792646,gbrt:dm_only
2023-07,0.0036133375736919606,0.0025121433862541494,0.5505970937189058,gbrt:dm_only
2023-08,0.003009287380047999,0.002006773772396459,0.5012568038257696,gbrt:dm_only
2023-09,0.01059635246674147,0.009601395841803058,0.49747831246920543,gbrt:dm_only
2023-10,0.00813277182637995,0.007237075480765089,0.4478481728074304,gbrt:dm_only
2023-11,-0.007946531958725415,-0.008947826279733373,0.5006471605039786,gbrt:dm_only
2023-12,0.004088498794288665,0.0029814833894828865,0.553507702402889,gbrt:dm_only
2024-01,0.010177641494163598,0.009145517034573671,0.5160622297949631,gbrt:dm_only
2024-02,0.0009262660405671859,-7.07414888420976e-05,0.4985037647046418,gbrt:dm_only
2024-03,0.003128756771933784,0.002109308864555915,0.5097239536889344,gbrt:dm_only
2024-04,-0.0001627456085271718,-0.001220804474385455,0.5290294329291416,gbrt:dm_only
2024-05,0.0021641026572136695,0.001163668423976305,0.5002171166186822,gbrt:dm_only
2024-06,-0.0006219079131663304,-0.0016342432229360742,0.506167654884872,gbrt:dm_only
2024-07,0.0004603836607984451,-0.0005111503649973453,0.48576701289789526,gbrt:dm_only
2024-08,0.0038384410525012518,0.0028540300320813784,0.4922055102099366,gbrt:dm_only
2024-09,0.0004694261660231671,-0.0004653022593536917,0.4673642126884295,gbrt:dm_only
2024-10,0.00517255616047577,0.0041915964763595505,0.49047984205811007,gbrt:dm_only
2024-11,0.010220339421546232,0.009254284285958049,0.4830275677940917,gbrt:dm_only
2024-12,0.002645483860594702,0.0016636358711490456,0.49092399472282794,gbrt:dm_only
2025-01,0.0009035051627444573,1.891896237182052e-05,0.4422931001863184,gbrt:dm_only
2025-02,0.004473835787546918,0.0035340459340804905,0.46989492673321354,gbrt:dm_only
2025-03,0.006059957065768676,0.005175100619956702,0.442428222905987,gbrt:dm_only
2025-04,-0.001157978053987615,-0.0019733947550542364,0.40770835053331084,gbrt:dm_only
2025-05,-0.001291140791031639,-0.0022390700778553087,0.47396464341183475,gbrt:dm_only
2025-06,-0.0002575799739294822,-0.0011700007774841654,0.45621040177734185,gbrt:dm_only
2025-07,-0.000815319465005769,-0.001626316578695223,0.4054985568447272,gbrt:dm_only
2025-08,0.004112422757704589,0.0031416500534910265,0.4853863521067814,gbrt:dm_only
2025-09,0.0056293714150110665,0.004653742433975863,0.48781449051760184,gbrt:dm_only
2025-10,0.011560057054272871,0.010600437782847479,0.4798096357126966,gbrt:dm_only
2025-11,0.0019937337346278496,0.000950489015088293,0.5216223597697784,gbrt:dm_only
2025-12,0.010145311564212488,0.009116598543626118,0.5143565102931851,gbrt:dm_only
2000-01,0.008765814767378598,0.008765814767378598,0.0,gbrt:own
2000-02,0.007819886545538042,0.0058934913743473654,0.9631975855953381,gbrt:own
2000-03,-0.002260118682716999,-0.00393420661606261,0.8370439666728056,gbrt:own
2000-04,-0.003134937602191092,-0.005192478106009249,1.0287702519090782,gbrt:own
2000-05,0.003042979679246218,0.0012332551074211284,0.9048622859125449,gbrt:own
2000-06,-0.0054195829507100906,-0.007310468778508314,0.9454429138991118,gbrt:own
2000-07,0.003014646880749258,0.001185877205339417,0.9143848377049206,gbrt:own
2000-08,-0.003869385301667536,-0.005477860641660398,0.8042376699964309,gbrt:own
2000-09,0.0018408368237346844,-7.343022621552166e-05,0.957133524975103,gbrt:own
2000-10,0.0032180964459820726,0.0014336459895541906,0.8922252282139411,gbrt:own
2000-11,0.004239111646059126,0.0026188581918595694,0.8101267270997783,gbrt:own
2000-12,-0.0075635282582903,-0.009599614535845234,1.0180431387774669,gbrt:own
2001-01,-0.007011372005603192,-0.008936657787549328,0.9626428909730681,gbrt:own
2001-02,0.019806889710525178,0.017641450692619288,1.082719508952944,gbrt:own
2001-03,0.005861491172125737,0.0036459137422562467,1.1077887149347458,gbrt:own
2001-04,-0.00268029967884054,-0.00444843285338804,0.88406658727375,gbrt:own
2001-05,0.010216915453032528,0.008364025314462944,0.9264450692847918,gbrt:own
2001-06,-0.0005391756908722132,-0.0022470144930548503,0.8539194010913185,gbrt:own
2001-07,0.009898967241138345,0.008049703402179191,0.9246319194795769,gbrt:own
2001-08,-0.005243154573420045,-0.006852545574959278,0.8046955007696163,gbrt:own
2001-09,0.009026034240148606,0.007325655771176149,0.8501892344862287,gbrt:own
2001-10,-0.005078771780235881,-0.006986981625532472,0.9541049226482954,gbrt:own
2001-11,-0.0032208985402222287,-0.0050803292399625565,0.9297153498701637,gbrt:own
2001-12,0.011632259564617742,0.00977865295809646,0.9268033032606405,gbrt:own
2002-01,-0.005800906475096576,-0.007784774076161491,0.9919338005324573,gbrt:own
2002-02,0.006704200304272634,0.0051898480661151545,0.7571761190787389,gbrt:own
2002-03,0.0036138123154360754,0.0022059645537783495,0.7039238808288631,gbrt:own
2002-04,0.008335575684325717,0.006892343285154689,0.721616199585514,gbrt:own
2002-05,0.003749607985263769,0.0022137883850967045,0.767909800083532,gbrt:own
2002-06,0.0013734794697878652,6.307000484898606e-05,0.6552047324694394,gbrt:own
2002-07,-0.003987809730174081,-0.005258667707904217,0.6354289888650684,gbrt:own
2002-08,0.004506983404653492,0.0031214780749343318,0.6927526648595796,gbrt:own
2002-09,0.01093558531498277,0.00980657313417533,0.5645060904037201,gbrt:own
2002-10,0.005989700963067613,0.004907176204842214,0.5412623791126995,gbrt:own
2002-11,-0.0010506481992762226,-0.0023621878179071456,0.6557698093154615,gbrt:own
2002-12,-0.0010690001485829932,-0.002311170514681299,0.6210851830491528,gbrt:own
2003-01,-0.00028311230462766567,-0.0014465039566582097,0.5816958260152718,gbrt:own
2003-02,0.002873306617220938,0.0018209364385380073,0.5261850893414651,gbrt:own
2003-03,0.004503169014156648,0.00344630580626821,0.528431603944219,gbrt:own
2003-04,0.005543302167053727,0.004715853727265414,0.41372421989415703,gbrt:own
2003-05,0.0027977372414252975,0.0016330342651267333,0.5823514881492818,gbrt:own
2003-06,0.005439569464803322,0.004275577383882364,0.5819960404604785,gbrt:own
2003-07,0.003965079081590868,0.002895986351576522,0.5345463650071727,gbrt:own
2003-08,0.0014929177688572017,0.0004954962879851291,0.49871074043603636,gbrt:own
2003-09,0.00733070076747463,0.006165005397840944,0.5828476848168427,gbrt:own
2003-10,0.0069762264434878535,0.005933829023123995,0.5211987101819291,gbrt:own
2003-11,0.003497612180083094,0.0024979953370146053,0.49980842153424426,gbrt:own
2003-12,0.0019078554109039415,0.0008764666697109703,0.5156943705964857,gbrt:own
2004-01,-0.0016278842750046727,-0.0026845628042336213,0.5283392646144741,gbrt:own
2004-02,0.0023388926515622976,0.001120062758296041,0.6094149466331283,gbrt:own
2004-03,0.003526548089545036,0.002451546548233323,0.5375007706558564,gbrt:own
2004-04,0.001069497830668535,2.1037742604688905e-05,0.5242300440319232,gbrt:own
2004-05,-0.0011954000120988776,-0.0023647972481180106,0.5846986180095664,gbrt:own
2004-06,0.003960632116014555,0.0028509691634250292,0.5548314762947628,gbrt:own
2004-07,0.005653188580656761,0.004618343537239924,0.5174225217084187,gbrt:own
2004-08,0.004873277152384451,0.003923730387090316,0.47477338264706753,gbrt:own
2004-09,0.004536614330104168,0.003521906055010583,0.5073541375467927,gbrt:own
2004-10,0.00714416604251848,0.006211421034340559,0.4663725040889604,gbrt:own
2004-11,0.005345770413616741,0.0044623672378296154,0.44170158789356234,gbrt:own
2004-12,0.006924041982938453,0.005846586345092574,0.5387278189229392,gbrt:own
2005-01,-0.0010754552395671572,-0.0022229571560274256,0.5737509582301342,gbrt:own
2005-02,0.00988797209837353,0.00882977742465984,0.529097336856845,gbrt:own
2005-03,0.008574198257066002,0.007541055837038847,0.5165712100135776,gbrt:own
2005-04,0.01394330973132104,0.01307845344111877,0.4324281451011352,gbrt:own
2005-05,-0.01307159942449356,-0.013789994884319166,0.35919772991280363,gbrt:own
2005-06,0.001610596759507406,0.0004959999178867333,0.5572984208103364,gbrt:own
2005-07,0.009558403149362946,0.008579477820729644,0.48946266431665103,gbrt:own
2005-08,-0.0023242388758956713,-0.003220935963553555,0.44834854382894196,gbrt:own
2005-09,0.0014477418156374502,0.0004415037193931089,0.5031190481221708,gbrt:own
2005-10,-0.0007877469462646274,-0.001635908183773098,0.4240806187542354,gbrt:own
2005-11,-0.0016648753475171257,-0.00251487334756427,0.42499900002357194,gbrt:own
2005-12,-0.0017351950503755311,-0.0026534258877834505,0.45911541870395967,gbrt:own
2006-01,-0.006276225805638948,-0.007226108290621911,0.4749412424914818,gbrt:own
2006-02,-0.005508444984151191,-0.00660502752597853,0.5482912709136695,gbrt:own
2006-03,0.003403695072012432,0.002481901132242477,0.4608969698849774,gbrt:own
2006-04,0.00261477230669914,0.0017242428396980944,0.44526473350052254,gbrt:own
2006-05,-0.0029705763452469876,-0.0038974941000347743,0.4634588773938934,gbrt:own
2006-06,0.010791961549466244,0.00999463336297397,0.398664093246137,gbrt:own
2006-07,0.0007783925739416269,-0.0002688639970956261,0.5236282855186264,gbrt:own
2006-08,-0.005409950372098874,-0.006310900412467943,0.45047502018453484,gbrt:own
2006-09,-0.0013326960144805337,-0.0022380496606554962,0.4526768230874813,gbrt:own
2006-10,0.00025773981718837973,-0.0005870668376363002,0.4224033274123399,gbrt:own
2006-11,0.00967625737324121,0.008811822536468047,0.4322174183865804,gbrt:own
2006-12,0.000874759250662956,-4.548257940198191e-05,0.46012091503246877,gbrt:own
2007-01,0.008685204223289337,0.007739427183068927,0.47288852011020416,gbrt:own
2007-02,-0.0006626102738190149,-0.0016905817166030488,0.513985721392017,gbrt:own
2007-03,0.008310838442497949,0.007376009283333877,0.4674145795820359,gbrt:own
2007-04,0.004005782417088881,0.003061542791005057,0.47211981304191203,gbrt:own
2007-05,1.018602003009501e-05,-0.00098884904700028,0.49951753351518763,gbrt:own
2007-06,-0.00042092723985447176,-0.0014516172891823008,0.5153450246639145,gbrt:own
2007-07,-0.0007922015386834731,-0.0018698238254885547,0.5388111434025407,gbrt:own
2007-08,0.0007254784124857667,-0.00030932266972412414,0.5174005411049454,gbrt:own
2007-09,0.0017707520093307601,0.000771345910812094,0.4997030492593332,gbrt:own
2007-10,0.010568900367049158,0.009586624646805713,0.4911378601217214,gbrt:own
2007-11,0.0024721459412592587,0.0014644592937404631,0.503843323759398,gbrt:own
2007-12,0.0037961945569253155,0.002767226553025077,0.5144840019501193,gbrt:own
2008-01,0.0005127988598750495,-0.000491856159028799,0.5023275094519241,gbrt:own
2008-02,0.005438774431658019,0.0044137590943195346,0.5125076686692419,gbrt:own
2008-03,0.00018653307194475567,-0.0006856951314420731,0.43611410169341436,gbrt:own
2008-04,0.003643370444323774,0.0026282194552249886,0.5075754945493922,gbrt:own
2008-05,-0.00130372249381533,-0.0024257855450150823,0.5610315255998761,gbrt:own
2008-06,0.00729116787456893,0.00627813496631129,0.5065164541288195,gbrt:own
2008-07,-0.0021213771631619087,-0.0030753194814291725,0.4769711591336319,gbrt:own
2008-08,0.006953684462802413,0.005794345691190249,0.5796693858060817,gbrt:own
2008-09,0.0072849307776870105,0.006260268664904384,0.5123310563913126,gbrt:own
2008-10,0.022006233855266615,0.020869240081441285,0.5684968869126654,gbrt:own
2008-11,0.017375527920024603,0.016046699368216136,0.6644142759042337,gbrt:own
2008-12,0.0014049067318067387,-9.643799993182945e-05,0.7506723658692841,gbrt:own
2009-01,-0.0036322584553368305,-0.005044299812195525,0.7060206784293469,gbrt:own
2009-02,0.002483597762519582,0.0010534489461598512,0.7150744081798653,gbrt:own
2009-03,-0.0011319081327934414,-0.0024591677348524783,0.6636298010295184,gbrt:own
2009-04,-0.00888627746636444,-0.010243125985153827,0.6784242593946935,gbrt:own
2009-05,0.0004983795384436631,-0.0011040763737361617,0.8012279560899125,gbrt:own
2009-06,0.0028359255132197623,0.0012729561513310445,0.7814846809443586,gbrt:own
2009-07,0.0011566052621800064,-0.00020905012400925505,0.6828276930946306,gbrt:own
2009-08,0.0017068281882456733,0.00042497115659455157,0.6409285158255608,gbrt:own
2009-09,0.004546177204912802,0.0033998120426462497,0.5731825811332765,gbrt:own
2009-10,0.002709436687550621,0.001683139301302445,0.513148693124088,gbrt:own
2009-11,0.004287016349487774,0.003184074774999536,0.551470787244119,gbrt:own
2009-12,-7.125648675235835e-05,-0.0010479973527358472,0.4883704329917444,gbrt:own
2010-01,-0.0029525490051942435,-0.004106859705289278,0.5771553500475176,gbrt:own
2010-02,0.000974913856131374,-6.945385236389011e-05,0.522183854247632,gbrt:own
2010-03,-0.002594625991523906,-0.0036560961271976324,0.5307350678368631,gbrt:own
2010-04,0.00572835120584371,0.004708918468305521,0.5097163687690941,gbrt:own
2010-05,0.0047341281264937606,0.0037141787187608215,0.5099747038664691,gbrt:own
2010-06,0.006179862513729986,0.005182655925694325,0.4986032940178305,gbrt:own
2010-07,0.0007270554878322052,-9.423215771861923e-05,0.41064382277541206,gbrt:own
2010-08,0.0031338939437589117,0.0021153773877497935,0.5092582780045593,gbrt:own
2010-09,9.247754154281876e-05,-0.0009125846788184889,0.5025311101806538,gbrt:own
2010-10,0.005170253257010921,0.004133548146802104,0.5183525551044081,gbrt:own
2010-11,0.005763573023679532,0.004745498747951684,0.5090371378639239,gbrt:own
2010-12,0.005734782030474657,0.00470568698545622,0.5145475225092184,gbrt:own
2011-01,0.00392844153326712,0.002980267152258062,0.4740871905045292,gbrt:own
2011-02,0.0019014345610916924,0.0009464350507275129,0.4774997551820898,gbrt:own
2011-03,0.0017631025751770283,0.0008761044998761949,0.4434990376504166,gbrt:own
2011-04,0.0045198062815011405,0.0035406005044758986,0.48960288851262085,gbrt:own
2011-05,0.003658637169211575,0.002899371137865966,0.3796330156728043,gbrt:own
2011-06,0.006538634019286967,0.00580444918707578,0.3670924161055935,gbrt:own
2011-07,0.0064237383273080305,0.005637734258475223,0.3930020344164038,gbrt:own
2011-08,0.007159963360084455,0.006317871953587353,0.4210457032485507,gbrt:own
2011-09,0.005371762296595521,0.004495670081458257,0.4380461075686319,gbrt:own
2011-10,-0.014430855129381238,-0.015385666966344495,0.4774059184816296,gbrt:own
2011-11,0.00844632511961075,0.007298016577708231,0.5741542709512589,gbrt:own
2011-12,0.0010170683035168567,-3.282276604150154e-05,0.5249455347791793,gbrt:own
2012-01,0.004548109032666634,0.003673866719582609,0.43712115654201283,gbrt:own
2012-02,-0.002894049458104845,-0.003800062623916019,0.45300658290558704,gbrt:own
2012-03,0.003477454394555277,0.002586170640152246,0.44564187720151566,gbrt:own
2012-04,0.0010567671904744582,0.00028108731071185014,0.3878399398813041,gbrt:own
2012-05,0.0005562361815482007,-0.00020136843918149163,0.37880231036484646,gbrt:own
2012-06,0.00545331920311895,0.004721472194730461,0.3659235041942446,gbrt:own
2012-07,0.007377742148859138,0.006625761860810267,0.375990144024436,gbrt:own
2012-08,0.005787196175732092,0.005087902211458376,0.34964698213685763,gbrt:own
2012-09,-0.0013202061875822637,-0.002078792916860677,0.3792933646392067,gbrt:own
2012-10,0.002555131157156205,0.001717979580192117,0.4185757884820442,gbrt:own
2012-11,0.0069377365697070245,0.006118790645598514,0.40947296205425576,gbrt:own
2012-12,-0.0021193965699733736,-0.0028579772230369928,0.36929032653180965,gbrt:own
2013-01,0.0034892715732775257,0.0027364137229037378,0.3764289251868938,gbrt:own
2013-02,0.005098920505547571,0.004300258157582832,0.39933117398236967,gbrt:own
2013-03,0.008451171298393137,0.007757524974166856,0.3468231621131406,gbrt:own
2013-04,0.010575631696961995,0.009977209695125657,0.2992110009181695,gbrt:own
2013-05,0.002645907020236388,0.001892939701385902,0.3764836594252428,gbrt:own
2013-06,0.0029324389608482377,0.0020616642692316387,0.4353873458082994,gbrt:own
2013-07,0.01284170164355442,0.011964922205921586,0.43838971881641714,gbrt:own
2013-08,0.002302707451494014,0.0014873396719635211,0.4076838897652461,gbrt:own
2013-09,-0.0019680276256261596,-0.0028439286787109957,0.43795052654241834,gbrt:own
2013-10,-0.0014462371989363099,-0.0023799417581853587,0.4668522796245242,gbrt:own
2013-11,-0.00025961069307990447,-0.001059060608312525,0.3997249576163103,gbrt:own
2013-12,0.004746087036944155,0.00403199647642231,0.35704528026092236,gbrt:own
2014-01,0.004087516914497648,0.0034629021870211663,0.31230736373824075,gbrt:own
2014-02,0.004468697502414675,0.003767393725909356,0.35065188825265947,gbrt:own
2014-03,-0.00017226626570772616,-0.0008423663983251246,0.3350500663086993,gbrt:own
2014-04,-3.874905369967098e-05,-0.0008192036974725476,0.3902273218864383,gbrt:own
2014-05,0.005120566127451442,0.004340541628865613,0.39001224929291456,gbrt:own
2014-06,0.006698956728864982,0.0059549514188337585,0.3720026550156115,gbrt:own
2014-07,0.0009310158867781938,0.00021275573979278662,0.3591300734927037,gbrt:own
2014-08,0.0012027011961530892,0.00046933301558569674,0.36668409028369614,gbrt:own
2014-09,-0.0012700871360225084,-0.0019565374268625106,0.3432251454200009,gbrt:own
2014-10,0.004745276938517673,0.0040657312324819265,0.33977285301787313,gbrt:own
2014-11,0.00835271548047746,0.0076423913841930655,0.3551620481421974,gbrt:own
2014-12,0.012859557419574858,0.012247260868225023,0.3061482756749177,gbrt:own
2015-01,0.006815868997517724,0.006127639784794187,0.3441146063617683,gbrt:own
2015-02,0.0031438083069561615,0.002292921991011056,0.42544315797255283,gbrt:own
2015-03,0.007164173419491309,0.006341834138604798,0.4111696404432561,gbrt:own
2015-04,-0.006072717282273567,-0.006929101396473809,0.4281920571001207,gbrt:own
2015-05,0.0008982214113465524,-0.00014541291270215066,0.5218171620243516,gbrt:own
2015-06,0.007139116957843996,0.006289126825796237,0.4249950660238792,gbrt:own
2015-07,0.010152516831956164,0.009468364689206686,0.3420760713747387,gbrt:own
2015-08,0.008978390209836143,0.008303698205555925,0.33734600214010957,gbrt:own
2015-09,0.006341689288310202,0.005642156573360364,0.3497663574749185,gbrt:own
2015-10,-0.005633543597562607,-0.006351623182541301,0.3590397924893472,gbrt:own
2015-11,0.00444550914788257,0.003573292215120924,0.4361084663808231,gbrt:own
2015-12,0.0010352665613229469,0.0001882551361510024,0.42350571258597214,gbrt:own
2016-01,0.0011900462670192406,0.0004249680171482721,0.38253912493548414,gbrt:own
2016-02,-0.002576749815611703,-0.0033713839521109143,0.39731706824960594,gbrt:own
2016-03,-0.011321374570421013,-0.012162520277019737,0.4205728532993629,gbrt:own
2016-04,0.002326671586910319,0.001447121351220624,0.4397751178448475,gbrt:own
2016-05,0.0038693268585729156,0.0030809057223283374,0.39421056812228933,gbrt:own
2016-06,-0.001085721940932013,-0.0018474696975417867,0.3808738783048869,gbrt:own
2016-07,0.0004770082531356961,-0.00023867779338346604,0.3578430232595811,gbrt:own
2016-08,0.004926339091693245,0.004161408546275042,0.38246527270910186,gbrt:own
2016-09,0.004718584839042249,0.003900331471084363,0.4091266839789433,gbrt:own
2016-10,0.0027672136799537766,0.0020724969132133275,0.3473583833702247,gbrt:own
2016-11,-0.0040646032886263025,-0.004755070596256682,0.34523365381518967,gbrt:own
2016-12,0.001139448276634239,0.0003405728217244535,0.3994377274548928,gbrt:own
2017-01,0.006515327858320855,0.00579837286205811,0.3584774981313727,gbrt:own
2017-02,-0.0009864407824359096,-0.001652936379833234,0.3332477986986621,gbrt:own
2017-03,0.004265792907791918,0.003678134056109561,0.2938294258411785,gbrt:own
2017-04,0.002364555416898558,0.0017193476089858762,0.3226039039563406,gbrt:own
2017-05,0.005400028828002666,0.004748784635923646,0.3256220960395095,gbrt:own
2017-06,-0.0008504110839365373,-0.001536500763573392,0.3430448398184273,gbrt:own
2017-07,0.00468762106387363,0.004044906048908629,0.32135750748250025,gbrt:own
2017-08,0.002436333060581008,0.0018256993764305264,0.3053168420752408,gbrt:own
2017-09,0.0020108895657434127,0.0014549338160276127,0.2779778748578998,gbrt:own
2017-10,0.0039976725347073555,0.00345690886919677,0.2703818327552926,gbrt:own
2017-11,0.002995029965458678,0.00232207919454521,0.3364753854567341,gbrt:own
2017-12,0.0022446716883998204,0.00159585673834593,0.324407475026945,gbrt:own
2018-01,0.004833119510271584,0.004144210510659683,0.34445449980595133,gbrt:own
2018-02,0.0032879784402364007,0.002619359240633879,0.3343095998012609,gbrt:own
2018-03,0.003443002198183663,0.0027756236658843087,0.3336892661496775,gbrt:own
2018-04,0.0026453960298311015,0.0019980355103380865,0.3236802597465075,gbrt:own
2018-05,0.00602156300108021,0.005344663312610908,0.3384498442346517,gbrt:own
2018-06,0.003328283835559561,0.0026602168414698976,0.3340334970448316,gbrt:own
2018-07,0.004571294844846956,0.003947936645654202,0.3116790995963775,gbrt:own
2018-08,0.005227958177217249,0.004597078808303075,0.3154396844570868,gbrt:own
2018-09,0.012249400417958035,0.011598940100742096,0.32523015860797105,gbrt:own
2018-10,0.0012457102932325874,0.0005732290489977931,0.3362406221173971,gbrt:own
2018-11,-0.000640377798573349,-0.0013377448951848638,0.34868354830575704,gbrt:own
2018-12,-0.001283525602617823,-0.0020455435021821053,0.38100894978214117,gbrt:own
2019-01,0.002495613451107979,0.001751568824882395,0.37202231311279194,gbrt:own
2019-02,-0.004090567377005986,-0.004876614477102884,0.3930235500484491,gbrt:own
2019-03,0.0035316321752160654,0.0028053450468079203,0.3631435642040727,gbrt:own
2019-04,0.0030890132943069593,0.0024576045707026613,0.31570436180214917,gbrt:own
2019-05,0.0019744805419291645,0.0013576414919165079,0.30841952500632835,gbrt:own
2019-06,0.003492604698497348,0.0027925702497688582,0.350017224364245,gbrt:own
2019-07,0.006722767705852395,0.006164252123584984,0.27925779113370547,gbrt:own
2019-08,0.003095901301588038,0.002517904450729798,0.2889984254291202,gbrt:own
2019-09,-0.0015131880525402314,-0.0021016636613250613,0.29423780439241487,gbrt:own
2019-10,0.0016460874186939084,0.0010206811908105512,0.31270311394167866,gbrt:own
2019-11,0.0020868924721170923,0.0014933784315089482,0.2967570203040722,gbrt:own
2019-12,0.005337521055817556,0.004667592721287997,0.3349641672647797,gbrt:own
2020-01,0.004688519801745814,0.00404517531798354,0.32167224188113686,gbrt:own
2020-02,0.00822279464535798,0.00752074877220615,0.3510229365759146,gbrt:own
2020-03,0.011553970551235249,0.010936356734546985,0.30880690834413055,gbrt:own
2020-04,-0.010570814345311423,-0.011506285592511501,0.467735623600039,gbrt:own
2020-05,-0.0016890750784620003,-0.002696029184638448,0.5034770530882239,gbrt:own
2020-06,-0.003202775134238714,-0.004084089185926803,0.4406570258440448,gbrt:own
2020-07,0.002415763821842179,0.0015525736670482968,0.4315950773969407,gbrt:own
2020-08,-0.004631207415818981,-0.0054458349270002804,0.4073137555906497,gbrt:own
2020-09,-4.009769432519723e-06,-0.0008354956438032864,0.4157429371853833,gbrt:own
2020-10,0.004138307062747222,0.003327349185229024,0.4054789387590994,gbrt:own
2020-11,-0.018044991034395788,-0.018725395619470845,0.3402022925375285,gbrt:own
2020-12,0.001502648958648014,0.0003709407593925833,0.5658540996277153,gbrt:own
2021-01,0.003587975260186346,0.0025150854713479436,0.5364448944192014,gbrt:own
2021-02,0.0013092081504398336,0.0004939067835500906,0.40765068344487165,gbrt:own
2021-03,0.0030659787733940303,0.0021192535118797658,0.4733626307571322,gbrt:own
2021-04,0.0034699173604757715,0.0024986057616626727,0.4856557994065494,gbrt:own
2021-05,0.004180078334085267,0.0032791425112676355,0.45046791140881515,gbrt:own
2021-06,-0.0036626812095121725,-0.004577421720113966,0.45737025530089676,gbrt:own
2021-07,-0.00010505421327575621,-0.0009376687134129602,0.4163072500686021,gbrt:own
2021-08,0.0010907058609831502,0.00028239324472253844,0.4041563081303059,gbrt:own
2021-09,0.006557323814569236,0.0057135454029144765,0.4218892058273795,gbrt:own
2021-10,0.0015590512288013092,0.0006499352048770564,0.4545580119621263,gbrt:own
2021-11,0.005449076092880745,0.004650871194056872,0.39910244941193673,gbrt:own
2021-12,0.010564703097421415,0.00953422147834898,0.5152408095362172,gbrt:own
2022-01,0.01260746590056036,0.011879473350987544,0.36399627478640806,gbrt:own
2022-02,0.008616843417509666,0.007767932432142772,0.42445549268344657,gbrt:own
2022-03,0.008831204640537561,0.007950346724503744,0.4404289580169079,gbrt:own
2022-04,0.01146624856791707,0.010693756396207671,0.38624608585469855,gbrt:own
2022-05,0.0042564550597081596,0.003482535676668914,0.3869596915196229,gbrt:own
2022-06,0.0008236990941628748,1.1483955470640687e-05,0.40610756934611714,gbrt:own
2022-07,-0.0024504512224429865,-0.003352346553161155,0.450947665359084,gbrt:own
2022-08,0.00020506910378948658,-0.0007220520643074011,0.4635605840484435,gbrt:own
2022-09,0.006907631166081968,0.006081989115001959,0.4128210255400045,gbrt:own
2022-10,0.0032408020419199173,0.0023902929037524956,0.4252545690837108,gbrt:own
2022-11,-0.003081361876755333,-0.003945556061256957,0.43209709225081155,gbrt:own
2022-12,0.00539978359375638,0.004508816628565275,0.445483482595553,gbrt:own
2023-01,0.000993438401992156,6.132152462602062e-05,0.4660584386830676,gbrt:own
2023-02,0.003756126053494022,0.0028110788635765205,0.4725235949587509,gbrt:own
2023-03,0.0043829347596810765,0.0036548757076619778,0.36402952600954935,gbrt:own
2023-04,-0.0015482503548358963,-0.002312459145744523,0.3821043954543134,gbrt:own
2023-05,-0.002448027930060874,-0.0032039763872731514,0.37797422860613855,gbrt:own
2023-06,0.0035711241473765656,0.0027959329412858194,0.38759560304537305,gbrt:own
2023-07,0.0032606750863443845,0.002458463779351752,0.401105653496316,gbrt:own
2023-08,0.0018197787785386302,0.0009805165350815527,0.4196311217285387,gbrt:own
2023-09,0.009549686771249035,0.008730683792005494,0.40950148962177,gbrt:own
2023-10,0.007467147463227605,0.006804323388304864,0.3314120374613705,gbrt:own
2023-11,-0.00631936295813356,-0.007071105923873552,0.37587148286999567,gbrt:own
2023-12,0.004216451118290024,0.003419421534683084,0.39851479180347,gbrt:own
2024-01,0.010450057385181302,0.009684407489802494,0.38282494768940434,gbrt:own
2024-02,0.0013500257566346151,0.0006099753114107892,0.370025222611913,gbrt:own
2024-03,0.003606419366113693,0.0028292233711040816,0.38859799750480595,gbrt:own
2024-04,0.0015668065732791269,0.0007881020098368945,0.38935228172111613,gbrt:own
2024-05,0.003699037966030551,0.0030060585365071614,0.346489714761695,gbrt:own
2024-06,0.0017981114283357835,0.0010530639789039981,0.37252372471589246,gbrt:own
2024-07,0.0013259580970292684,0.0006178821999055365,0.35403794856186604,gbrt:own
2024-08,0.0030996535847104736,0.0023615447369764978,0.3690544238669878,gbrt:own
2024-09,-0.0006875518282712386,-0.0014165134851450622,0.3644808284369118,gbrt:own
2024-10,0.0032396047728338625,0.0024719435820749753,0.3838305953794437,gbrt:own
2024-11,0.009330945845636101,0.008570477512057013,0.38023416678954425,gbrt:own
2024-12,0.0024531804336612177,0.0017030054792608502,0.3750874772001839,gbrt:own
2025-01,0.0019190657890250879,0.001150832694848664,0.3841165470882121,gbrt:own
2025-02,0.004626050071274551,0.003826085308400326,0.39998238143711246,gbrt:own
2025-03,0.0060362279304174375,0.005281512333335918,0.3773577985407595,gbrt:own
2025-04,-0.0013987290139375467,-0.0021284156397050214,0.36484331288373734,gbrt:own
2025-05,-0.001157123222025191,-0.0019230039278375665,0.38294035290618783,gbrt:own
2025-06,-0.002049501093824883,-0.002733844686189972,0.3421717961825444,gbrt:own
2025-07,-0.0016308290753180852,-0.002254479987555637,0.3118254561187761,gbrt:own
2025-08,0.002675866478290254,0.0019481779647847453,0.3638442567527544,gbrt:own
2025-09,0.004810194758526128,0.004057223492969147,0.3764856327784909,gbrt:own
2025-10,0.013443239713473658,0.012693694496864655,0.3747726083045011,gbrt:own
2025-11,0.0024401959937919147,0.0016588946270570159,0.39065068336744935,gbrt:own
2025-12,0.009470340534615462,0.008726215708973355,0.3720624128210536,gbrt:own
2000-01,0.00910555413172216,0.00910555413172216,0.0,gbrt:pooled
2000-02,0.0028454408716769115,0.00101507745319085,0.915181709243031,gbrt:pooled
2000-03,0.0004911123872839359,-0.0014735552683873565,0.9823338278356462,gbrt:pooled
2000-04,-0.0048447314976848375,-0.006998508335016543,1.0768884186658525,gbrt:pooled
2000-05,-0.0010825198919452664,-0.0029000871124742413,0.908783610264487,gbrt:pooled
2000-06,-0.0040602509078839786,-0.00601923203275436,0.9794905624351908,gbrt:pooled
2000-07,0.0014893256559026487,-0.0004401018043334849,0.964713730118067,gbrt:pooled
2000-08,-0.0045965217984074245,-0.006321938906914444,0.8627085542535096,gbrt:pooled
2000-09,0.004298867341763655,0.002400156253906938,0.9493555439283586,gbrt:pooled
2000-10,0.0032299635343848525,0.0015595858016994953,0.8351888663426783,gbrt:pooled
2000-11,0.012797119349359645,0.01124735783761957,0.7748807558700367,gbrt:pooled
2000-12,0.001934987246644378,0.00018678204462026357,0.8741026010120573,gbrt:pooled
2001-01,-0.010429579359511033,-0.012391867618612757,0.9811441295508622,gbrt:pooled
2001-02,0.013194684500193898,0.010856737544670444,1.1689734777617269,gbrt:pooled
2001-03,0.018623277410419362,0.016168871128449492,1.227203140984935,gbrt:pooled
2001-04,-0.00019413151549639628,-0.0021779560379510676,0.9919122612273358,gbrt:pooled
2001-05,0.009787336120045648,0.007940110704494388,0.9236127077756303,gbrt:pooled
2001-06,-0.001358263658592363,-0.003050076395686884,0.8459063685472603,gbrt:pooled
2001-07,0.013916734855381002,0.012081123770448192,0.9178055424664052,gbrt:pooled
2001-08,-0.005620820576870885,-0.007234540999124132,0.8068602111266248,gbrt:pooled
2001-09,0.008633533467923567,0.0066524494954149855,0.9905419862542914,gbrt:pooled
2001-10,-0.007641733844832766,-0.009608247960097934,0.983257057632584,gbrt:pooled
2001-11,0.001805207112210261,-0.00031202547055942883,1.058616291384845,gbrt:pooled
2001-12,0.010233921302081095,0.007993065664672856,1.1204278187041192,gbrt:pooled
2002-01,-0.0013050829583083018,-0.0033090507729063483,1.0019839072990233,gbrt:pooled
2002-02,0.00569671333269412,0.004077018754637445,0.8098472890283362,gbrt:pooled
2002-03,0.011547692336820448,0.010028681364166582,0.7595054863269322,gbrt:pooled
2002-04,0.01068089866584392,0.009296230305319845,0.6923341802620373,gbrt:pooled
2002-05,0.006514245111386518,0.005070904997819152,0.7216700567836829,gbrt:pooled
2002-06,0.008608747418847361,0.007252264317217395,0.6782415508149829,gbrt:pooled
2002-07,0.0007146338102939821,-0.0005955698061052667,0.6551018081996245,gbrt:pooled
2002-08,8.796033480377175e-05,-0.0012751010221359984,0.6815306784698852,gbrt:pooled
2002-09,0.009653638655442966,0.008293732309663031,0.679953172889968,gbrt:pooled
2002-10,0.002193566142120448,0.0009487639531357606,0.6224010944923433,gbrt:pooled
2002-11,-0.0004594557693642786,-0.0020732244538937353,0.8068843422647284,gbrt:pooled
2002-12,0.0003144710505891204,-0.001102228655094909,0.7083498528420146,gbrt:pooled
2003-01,-0.000840787910567813,-0.0021603075436860174,0.6597598165591022,gbrt:pooled
2003-02,0.005463970067781136,0.004405848058528212,0.5290610046264617,gbrt:pooled
2003-03,0.008897437437250607,0.007972104655425733,0.46266639091243555,gbrt:pooled
2003-04,-0.004204764433574281,-0.004940038367829205,0.3676369671274622,gbrt:pooled
2003-05,0.0019294937342707323,0.0008498603600250731,0.5398166871228293,gbrt:pooled
2003-06,0.004683109461417034,0.0035463457702461882,0.5683818455854227,gbrt:pooled
2003-07,0.00870982501366505,0.007636321826690376,0.5367515934873371,gbrt:pooled
2003-08,0.00624450709630456,0.005129873065014447,0.5573170156450564,gbrt:pooled
2003-09,0.00015584704322795114,-0.0011317567790105185,0.643801911119235,gbrt:pooled
2003-10,0.013445178031681309,0.012191366501280082,0.6269057652006131,gbrt:pooled
2003-11,0.001062600637468161,-0.00010286870931100886,0.5827346733895851,gbrt:pooled
2003-12,0.003937290009755202,0.0027775105376766163,0.5798897360392931,gbrt:pooled
2004-01,-0.0041368498901437,-0.005336160946428925,0.5996555281426127,gbrt:pooled
2004-02,0.0023382451628871283,0.0010137733336708725,0.6622359146081278,gbrt:pooled
2004-03,0.0033097669944421016,0.0021568086771051338,0.5764791586684836,gbrt:pooled
2004-04,-0.0005912464484647466,-0.0016915984749574647,0.5501760132463592,gbrt:pooled
2004-05,-0.003242983943051553,-0.004399792976196502,0.5784045165724743,gbrt:pooled
2004-06,0.0036753641565455885,0.0024893390291090985,0.5930125637182452,gbrt:pooled
2004-07,0.006369951173068884,0.005186336405822568,0.5918073836231584,gbrt:pooled
2004-08,0.005225148129286001,0.0042955145586578945,0.4648167853140531,gbrt:pooled
2004-09,0.00568715790376261,0.0047075489169391485,0.4898044934117303,gbrt:pooled
2004-10,0.010956108361865632,0.00990310159628138,0.5265033827921269,gbrt:pooled
2004-11,0.006577240931158698,0.005773360591652654,0.4019401697530223,gbrt:pooled
2004-12,0.011268852960601471,0.01022348357112281,0.5226846947393301,gbrt:pooled
2005-01,-0.0013401174205257555,-0.0024189512970635508,0.5394169382688976,gbrt:pooled
2005-02,0.009898124682911012,0.008912548258230266,0.4927882123403731,gbrt:pooled
2005-03,0.00901947730857856,0.008034308623767538,0.4925843424055113,gbrt:pooled
2005-04,0.01613025059411274,0.015217610898995603,0.45631984755856714,gbrt:pooled
2005-05,-0.015230644080229562,-0.01603453301747911,0.4019444686247722,gbrt:pooled
2005-06,0.005234628956228808,0.004022944285670158,0.6058423352793253,gbrt:pooled
2005-07,0.0058880726530553375,0.004970478042552239,0.4587973052515491,gbrt:pooled
2005-08,-0.0013767971109604439,-0.002347728637351328,0.485465763195442,gbrt:pooled
2005-09,0.005907555838738515,0.004791526002997022,0.5580149178707468,gbrt:pooled
2005-10,0.0008772785473554562,-0.00010286747054288119,0.4900730089491686,gbrt:pooled
2005-11,-0.002566499046271026,-0.0036788991623709945,0.5562000580499843,gbrt:pooled
2005-12,-0.002697441209026744,-0.0037684676679082003,0.5355132294407283,gbrt:pooled
2006-01,-0.009007945571716408,-0.010093016881170733,0.5425356547271626,gbrt:pooled
2006-02,0.0037358119842361825,0.002180925061760227,0.777443461237978,gbrt:pooled
2006-03,0.006431952775913032,0.0050922074529118,0.6698726615006156,gbrt:pooled
2006-04,0.009040445545166156,0.007827620906085974,0.6064123195400908,gbrt:pooled
2006-05,-0.002074090978515407,-0.0032624051371314897,0.5941570793080414,gbrt:pooled
2006-06,0.014711392172218724,0.013601294107054301,0.5550490325822106,gbrt:pooled
2006-07,-0.0009059972563063009,-0.002238078418282056,0.6660405809878773,gbrt:pooled
2006-08,-0.007611817358747269,-0.008874785829602319,0.6314842354275245,gbrt:pooled
2006-09,0.0020941451474378613,0.00075015170128102,0.6719967230784208,gbrt:pooled
2006-10,0.0007861675303994032,-0.00037997978032857895,0.583073655363991,gbrt:pooled
2006-11,0.010635700040566493,0.009514574265663144,0.5605628874516738,gbrt:pooled
2006-12,0.0004485683339033665,-0.0006334680866079338,0.5410182102556501,gbrt:pooled
2007-01,0.007850427024130883,0.006711374065037617,0.5695264795466333,gbrt:pooled
2007-02,-0.0006844417179547608,-0.0018681961171314158,0.5918771995883275,gbrt:pooled
2007-03,0.007905986147611448,0.006776711183402915,0.5646374821042665,gbrt:pooled
2007-04,0.008462748434178916,0.00740188511996462,0.5304316571071477,gbrt:pooled
2007-05,0.003383886060429099,0.0023202296245467134,0.5318282179411927,gbrt:pooled
2007-06,-0.0023621768576858083,-0.0035707833712335,0.6043032567738456,gbrt:pooled
2007-07,-0.0019238412638314672,-0.003297065392927552,0.6866120645480427,gbrt:pooled
2007-08,-5.617843873198087e-05,-0.0013697210061170406,0.6567712836925297,gbrt:pooled
2007-09,0.00229300503794732,0.0010480711811916683,0.6224669283778255,gbrt:pooled
2007-10,0.013174156820871625,0.011965838636344721,0.6041590922634519,gbrt:pooled
2007-11,0.002002249811954366,0.0009032701476605611,0.5494898321469024,gbrt:pooled
2007-12,0.004417418249478041,0.0032381196506614065,0.5896492994083172,gbrt:pooled
2008-01,0.0017134522696838068,0.0005558960651078395,0.5787781022879839,gbrt:pooled
2008-02,0.0014214165173970462,5.41344073071394e-05,0.6836410550449533,gbrt:pooled
2008-03,0.0014598510105018456,0.00018378088255328767,0.6380350639742789,gbrt:pooled
2008-04,0.004444583927560993,0.003144409047901195,0.6500874398298985,gbrt:pooled
2008-05,-0.0008885328395122343,-0.0022825214275192453,0.6969942940035054,gbrt:pooled
2008-06,0.008392249778936102,0.007116979680387185,0.6376350492744585,gbrt:pooled
2008-07,-0.008083779689259841,-0.009198245578176938,0.5572329444585479,gbrt:pooled
2008-08,0.008620470937914808,0.007132485736228423,0.7439926008431929,gbrt:pooled
2008-09,0.010837294745851406,0.009718299432865955,0.5594976564927258,gbrt:pooled
2008-10,0.030040743619819395,0.02887007722242598,0.5853331986967066,gbrt:pooled
2008-11,0.018420437970224645,0.01738598150829628,0.5172282309641827,gbrt:pooled
2008-12,-0.001910128031940576,-0.0028614706677258673,0.4756713178926457,gbrt:pooled
2009-01,0.0015193870608676816,0.00040004463400363893,0.5596712134320213,gbrt:pooled
2009-02,0.007012505671603889,0.005762570487978383,0.6249675918127527,gbrt:pooled
2009-03,-0.0061814421407875245,-0.007179570090081754,0.49906397464711444,gbrt:pooled
2009-04,-0.018842861587554747,-0.020092202918390187,0.6246706654177194,gbrt:pooled
2009-05,0.004592919289728063,0.002969566682152483,0.8116763037877898,gbrt:pooled
2009-06,-0.003648401133808923,-0.005389164472244203,0.8703816692176403,gbrt:pooled
2009-07,0.005846203802478531,0.0041544395879265445,0.8458821072759932,gbrt:pooled
2009-08,0.0010783740576367244,-0.00036083564900762655,0.7196048533221757,gbrt:pooled
2009-09,0.005409438232287261,0.003988882473112599,0.7102778795873315,gbrt:pooled
2009-10,0.002742510846128936,0.001354463483471984,0.6940236813284761,gbrt:pooled
2009-11,0.0011294919169625992,-0.0002509159458518786,0.6902039314072392,gbrt:pooled
2009-12,-0.002545744500180076,-0.0038499904711498454,0.6521229854848845,gbrt:pooled
2010-01,0.0009591322893203331,-0.00041023372873943547,0.6846830090298842,gbrt:pooled
2010-02,0.00017226262052302352,-0.001044524471241712,0.6083935458823677,gbrt:pooled
2010-03,-0.003288679195418305,-0.004610991350344765,0.6611560774632307,gbrt:pooled
2010-04,0.005618870170816196,0.004343108794698941,0.6378806880586276,gbrt:pooled
2010-05,0.004331537785698392,0.0029703538750158313,0.6805919553412804,gbrt:pooled
2010-06,0.006473900078697647,0.005392849123544318,0.5405254775766642,gbrt:pooled
2010-07,0.0009344557669970256,5.280984710230747e-05,0.4408229599473591,gbrt:pooled
2010-08,0.0035232122177506066,0.0024118547227551215,0.5556787474977422,gbrt:pooled
2010-09,0.0013407672834634052,0.0002227969664388022,0.5589851585123013,gbrt:pooled
2010-10,0.006518809108466134,0.00550150443824532,0.5086523351104068,gbrt:pooled
2010-11,0.009306607635019384,0.008361179141271333,0.47271424687402547,gbrt:pooled
2010-12,0.0054294351534424695,0.004508834206931147,0.46030047325566065,gbrt:pooled
2011-01,0.004434355285148171,0.003455339119378774,0.4895080828846984,gbrt:pooled
2011-02,5.25714013471223e-05,-0.0010069616832994487,0.5297665423232856,gbrt:pooled
2011-03,0.0008470792575439761,-0.00015970031150260494,0.5033897845232906,gbrt:pooled
2011-04,0.008447337358471193,0.0074312806261580345,0.5080283661565792,gbrt:pooled
2011-05,0.00450742260324736,0.003639050069628092,0.43418626680963407,gbrt:pooled
2011-06,0.004896457708937559,0.00402786249255826,0.4342976081896498,gbrt:pooled
2011-07,0.00821431272715553,0.007386221830307394,0.41404544842406854,gbrt:pooled
2011-08,0.009375253696480231,0.00857974287117735,0.39775541265144004,gbrt:pooled
2011-09,0.009433007146296567,0.008650927841033716,0.3910396526314252,gbrt:pooled
2011-10,-0.00864437304675937,-0.009577663610748131,0.46664528199438043,gbrt:pooled
2011-11,0.009747097320511457,0.008586206069053706,0.5804456257288754,gbrt:pooled
2011-12,0.0016257182781597738,0.0005872657208174746,0.5192262786711497,gbrt:pooled
2012-01,-0.014983072209275047,-0.01586473404446554,0.44083091759524734,gbrt:pooled
2012-02,-0.004361561889916739,-0.00547347030615807,0.5559542081206658,gbrt:pooled
2012-03,0.008350386233331756,0.007265574008214946,0.5424061125584045,gbrt:pooled
2012-04,0.005965076562062229,0.005026759162631841,0.46915869971519436,gbrt:pooled
2012-05,0.00872083666337311,0.007771361507043819,0.47473757816464596,gbrt:pooled
2012-06,0.0052915188711944745,0.004491799011362608,0.3998599299159326,gbrt:pooled
2012-07,0.008013002529576324,0.007152368542858316,0.4303169933590041,gbrt:pooled
2012-08,0.005804801962820299,0.005042742234642828,0.3810298640887356,gbrt:pooled
2012-09,-0.0007531941163730555,-0.0015600220178841196,0.40341395075553194,gbrt:pooled
2012-10,0.003016466203328511,0.0021002641317493347,0.45810103578958816,gbrt:pooled
2012-11,0.007443864871016047,0.006555849734093867,0.4440075684610894,gbrt:pooled
2012-12,-0.002616319615278357,-0.003440495166978512,0.41208777585007733,gbrt:pooled
2013-01,0.002962106645063257,0.0020152508429291983,0.4734279010670293,gbrt:pooled
2013-02,0.004837030892606691,0.0038910726692200307,0.4729791116933301,gbrt:pooled
2013-03,0.00848818452744867,0.007649278361706797,0.4194530828709367,gbrt:pooled
2013-04,0.011668428646553129,0.0109429869527251,0.3627208469140141,gbrt:pooled
2013-05,0.0042211053027522445,0.003515266810733437,0.3529192460094037,gbrt:pooled
2013-06,0.0034083498082001125,0.0024838611189742198,0.46224434461294645,gbrt:pooled
2013-07,0.01061938038088281,0.009661372565038335,0.47900390792223674,gbrt:pooled
2013-08,-0.0005904364369401382,-0.0015359846118221587,0.47277408744101,gbrt:pooled
2013-09,-0.0035254498068958574,-0.004548555229453761,0.5115527112789517,gbrt:pooled
2013-10,-0.001819662429360193,-0.0027798772653331995,0.4801074179865031,gbrt:pooled
2013-11,0.000280121604025399,-0.0006265359609517581,0.45332878248857844,gbrt:pooled
2013-12,0.0048400097141366,0.0040329853554707425,0.40351217933292854,gbrt:pooled
2014-01,0.0035227484079260294,0.002741254514636785,0.3907469466446221,gbrt:pooled
2014-02,0.005347852010914826,0.004454399246042816,0.44672638243600465,gbrt:pooled
2014-03,0.0004474895539865737,-0.0004209842442898674,0.43423689913822056,gbrt:pooled
2014-04,-0.0002026579843240628,-0.0012011266417517362,0.499234328713837,gbrt:pooled
2014-05,0.004571401022212195,0.003608574553796243,0.48141323420797605,gbrt:pooled
2014-06,0.005990629250764461,0.00499379927603094,0.4984149873667608,gbrt:pooled
2014-07,-0.0013262886345750122,-0.002297502950975049,0.4856071582000183,gbrt:pooled
2014-08,0.002060893270653827,0.001079722921315526,0.49058517466915047,gbrt:pooled
2014-09,-0.0009787012523121959,-0.001832384426515124,0.42684158710146397,gbrt:pooled
2014-10,0.004335414745594832,0.003455189766854182,0.4401124893703247,gbrt:pooled
2014-11,0.009626928096956484,0.00871735827188545,0.45478491253551706,gbrt:pooled
2014-12,0.014431480493394643,0.013611612110195128,0.40993419159975686,gbrt:pooled
2015-01,0.007524587782500624,0.006660758240411827,0.43191477104439857,gbrt:pooled
2015-02,-0.0002723640770532914,-0.0012943314303518636,0.510983676649286,gbrt:pooled
2015-03,0.007891228127542378,0.00684777544538477,0.521726341078804,gbrt:pooled
2015-04,-0.010822885928428456,-0.011856871674410054,0.5169928729907985,gbrt:pooled
2015-05,0.0009604581143298908,-0.00031956251869447584,0.6400103165121833,gbrt:pooled
2015-06,0.005294896385384133,0.004136528168187197,0.5791841085984678,gbrt:pooled
2015-07,0.01035111575279689,0.009461772069708298,0.4446718415442966,gbrt:pooled
2015-08,0.00924984442934628,0.008360010619797097,0.4449169047745916,gbrt:pooled
2015-09,0.006039449456140021,0.005171408973732248,0.4340202412038862,gbrt:pooled
2015-10,-0.005754531941542514,-0.00667141376102,0.4584409097387432,gbrt:pooled
2015-11,0.004860241727664716,0.003775900325973093,0.5421707008458115,gbrt:pooled
2015-12,0.000574078733912189,-0.0004749301239509858,0.5245044289315874,gbrt:pooled
2016-01,0.0017033377801260862,0.0007274349967687779,0.48795139167865414,gbrt:pooled
2016-02,-0.003087913637525702,-0.00406234606256624,0.4872162125202689,gbrt:pooled
2016-03,-0.008777825839136952,-0.00988858721055085,0.5553806857069497,gbrt:pooled
2016-04,0.0034839250119381967,0.0023365147528990244,0.5737051295195862,gbrt:pooled
2016-05,0.0027647267774304585,0.0017549814550874485,0.504872661171505,gbrt:pooled
2016-06,-0.0013314557894438576,-0.002353644343423609,0.5110942769898756,gbrt:pooled
2016-07,-0.0007741990404331744,-0.0017011021715927493,0.4634515655797874,gbrt:pooled
2016-08,0.004405061177565105,0.0034079321741210637,0.4985645017220205,gbrt:pooled
2016-09,0.004345547694986413,0.003409055117225465,0.46824628888047426,gbrt:pooled
2016-10,0.002257293435506628,0.0014913616697873728,0.3829658828596277,gbrt:pooled
2016-11,-0.0031871497485186696,-0.004073931795316462,0.4433910233988966,gbrt:pooled
2016-12,0.0008838380514583674,-0.00013916136824871744,0.5114997098535423,gbrt:pooled
2017-01,0.0063340936859380284,0.005323197358267843,0.5054481638350927,gbrt:pooled
2017-02,-0.0007243350381937949,-0.0016678780560306222,0.47177150891841346,gbrt:pooled
2017-03,0.002953941364795625,0.0020890891421080104,0.4324261113438074,gbrt:pooled
2017-04,-3.8773435404517217e-07,-0.0009118493712697981,0.4557308184578764,gbrt:pooled
2017-05,0.005035578718955231,0.004187636430780221,0.42397114408750475,gbrt:pooled
2017-06,0.00039762305433899733,-0.0004887813285123135,0.4432021914256555,gbrt:pooled
2017-07,0.003816822877878717,0.0029583129737405967,0.42925495206906017,gbrt:pooled
2017-08,0.0029391826537863695,0.002048922918589312,0.44512986759852874,gbrt:pooled
2017-09,0.0007485602051598175,-4.3342586691889345e-05,0.39595139592585343,gbrt:pooled
2017-10,0.003865244454542073,0.0030736401005930503,0.39580217697451153,gbrt:pooled
2017-11,0.002521011670656865,0.0016235255788151412,0.448743045920862,gbrt:pooled
2017-12,0.0029805077452250465,0.002101802289175296,0.4393527280248753,gbrt:pooled
2018-01,0.0047884307203157,0.003900118926062083,0.44415589712680853,gbrt:pooled
2018-02,0.0037246074206951705,0.0028445120151050535,0.4400477027950585,gbrt:pooled
2018-03,0.0024430405285663323,0.0016892949511047315,0.3768727887308005,gbrt:pooled
2018-04,0.0026569340195941073,0.001858269142005825,0.3993324387941412,gbrt:pooled
2018-05,0.004899615592979282,0.004126093731185503,0.38676093089688984,gbrt:pooled
2018-06,0.002924046163012767,0.0021277170124645254,0.39816457527412097,gbrt:pooled
2018-07,0.0042690220148473654,0.003531287647825857,0.3688671835107542,gbrt:pooled
2018-08,0.005917427349352958,0.005166147524092394,0.3756399126302821,gbrt:pooled
2018-09,0.01391736684152618,0.01319525635266827,0.3610552444289557,gbrt:pooled
2018-10,0.003043143112062348,0.0022735451962863154,0.38479895788801666,gbrt:pooled
2018-11,-0.0032732105928610783,-0.004075268915401709,0.4010291612703163,gbrt:pooled
2018-12,0.0037317400983854637,0.00276210090150909,0.4848195984381867,gbrt:pooled
2019-01,0.0012779198214335164,0.00036810960985065157,0.4549051057914323,gbrt:pooled
2019-02,-0.005498350471849991,-0.006534304061948803,0.5179767950494049,gbrt:pooled
2019-03,0.004339235194494532,0.003340252196259129,0.4994914991177014,gbrt:pooled
2019-04,0.002679756804819888,0.001827686319758972,0.42603524253045805,gbrt:pooled
2019-05,0.0021330248124801837,0.0012502913689594242,0.4413667217603798,gbrt:pooled
2019-06,0.002818915888711787,0.0018075277162271383,0.5056940862423243,gbrt:pooled
2019-07,0.006903584905661212,0.006001129706557684,0.45122759955176406,gbrt:pooled
2019-08,0.003935639769244926,0.0030911783152465216,0.4222307269992021,gbrt:pooled
2019-09,-0.0018291229883598019,-0.0026720759962882367,0.42147650396421754,gbrt:pooled
2019-10,0.0024188865226653002,0.0014877390362153207,0.4655737432249896,gbrt:pooled
2019-11,0.0016893221662136742,0.000824238051363561,0.43254205742505664,gbrt:pooled
2019-12,0.005870284164792175,0.0049200070721475584,0.47513854632230834,gbrt:pooled
2020-01,0.00713151776104764,0.0062635992710225385,0.4339592450125507,gbrt:pooled
2020-02,0.009252638114270899,0.008346346213274862,0.45314595049801887,gbrt:pooled
2020-03,0.01479772604360392,0.013962077515741307,0.41782426393130534,gbrt:pooled
2020-04,-0.015558010303859145,-0.016819950043363962,0.6309698697524088,gbrt:pooled
2020-05,-0.0026014532266840254,-0.004290322416592746,0.8444345949543599,gbrt:pooled
2020-06,-0.0027410985674518923,-0.004119926289943657,0.6894138612458826,gbrt:pooled
2020-07,0.0026710524361379493,0.0012830771663749688,0.69398763488149,gbrt:pooled
2020-08,-0.003001231915128197,-0.004272380559812801,0.6355743223423019,gbrt:pooled
2020-09,-0.0038108233078653834,-0.00510353945414219,0.6463580731384034,gbrt:pooled
2020-10,0.00017526008193906634,-0.0012275674858932089,0.7014137839161376,gbrt:pooled
2020-11,-0.017750594313658042,-0.01892117712063264,0.5852914034872989,gbrt:pooled
2020-12,0.007094580126334283,0.005316234017987689,0.8891730541732975,gbrt:pooled
2021-01,0.0011199369636009037,-0.00035562411232620077,0.7377805379635519,gbrt:pooled
2021-02,0.006504430095180035,0.005329556329539709,0.5874368828201624,gbrt:pooled
2021-03,0.004792858895070761,0.0035148860430248337,0.638986426022964,gbrt:pooled
2021-04,0.0038699712440439394,0.002552344753633893,0.6588132452050232,gbrt:pooled
2021-05,0.004124618887681649,0.0028549844516122624,0.634817218034693,gbrt:pooled
2021-06,-0.0031021862492419104,-0.004243142581864293,0.5704781663111912,gbrt:pooled
2021-07,0.0005629441861811622,-0.0005912766839161944,0.5771104350486783,gbrt:pooled
2021-08,-0.0006885771304385537,-0.0017336681340326234,0.522545501797035,gbrt:pooled
2021-09,0.006668568699897823,0.005536469512803571,0.5660495935471261,gbrt:pooled
2021-10,0.0032694658328517572,0.002140848431906263,0.5643087004727468,gbrt:pooled
2021-11,0.0022596864003509225,0.0012606776207589243,0.49950438979599904,gbrt:pooled
2021-12,0.009406649922270261,0.008114488387971026,0.6460807671496164,gbrt:pooled
2022-01,0.011470530687064091,0.010534523684502183,0.46800350128095514,gbrt:pooled
2022-02,0.007524749800632716,0.006652281207741553,0.43623429644558215,gbrt:pooled
2022-03,0.010349214582071413,0.009456842824008844,0.446185879031284,gbrt:pooled
2022-04,0.012145954953997944,0.011355750082275377,0.39510243586128446,gbrt:pooled
2022-05,0.004277204717689526,0.0035233764757193766,0.37691412098507426,gbrt:pooled
2022-06,0.0026317896511861565,0.0017823202336575195,0.4247347087643183,gbrt:pooled
2022-07,-0.004430863931440931,-0.00535330490745979,0.4612204880094301,gbrt:pooled
2022-08,-0.0009618384952254671,-0.001854724650718053,0.4464430777462926,gbrt:pooled
2022-09,0.005937548748009513,0.0050513283686880305,0.443110189660741,gbrt:pooled
2022-10,0.004631106661981884,0.0037732069099616727,0.4289498760101054,gbrt:pooled
2022-11,-0.006504688107865946,-0.007467419546049472,0.4813657190917629,gbrt:pooled
2022-12,0.0042687096317652745,0.0032045254610854126,0.5320920853399307,gbrt:pooled
2023-01,0.0003044025616663778,-0.0007371220564232852,0.5207623090448316,gbrt:pooled
2023-02,0.00563595091552969,0.0046761600447914374,0.4798954353691261,gbrt:pooled
2023-03,0.0034781433807829503,0.0026895181258524844,0.3943126274652331,gbrt:pooled
2023-04,0.00010983694524439275,-0.000767236474107503,0.43853670967594777,gbrt:pooled
2023-05,-0.002576926310414796,-0.0033882032722110877,0.40563848089814597,gbrt:pooled
2023-06,0.002115867491608996,0.0012227337410045385,0.44656687530222877,gbrt:pooled
2023-07,0.003910580169092594,0.00299838644930002,0.4560968598962871,gbrt:pooled
2023-08,0.003493274753455526,0.002604755429805929,0.4442596618247988,gbrt:pooled
2023-09,0.009882527383912683,0.009017788608609457,0.4323693876516126,gbrt:pooled
2023-10,0.00786661199391047,0.007091779697926118,0.38741614799217566,gbrt:pooled
2023-11,-0.00789560303993751,-0.008749188953131452,0.42679295659697075,gbrt:pooled
2023-12,0.004342931934504787,0.0034231306416786303,0.4599006464130783,gbrt:pooled
2024-01,0.009824359864094884,0.008895299610549287,0.46453012677279804,gbrt:pooled
2024-02,0.001224558876874225,0.00035098825613109257,0.43678531037156626,gbrt:pooled
2024-03,0.0030730802970115284,0.002170484873116351,0.45129771194758866,gbrt:pooled
2024-04,0.0009396495989967831,6.6544531298805e-06,0.4664975729334515,gbrt:pooled
2024-05,0.002155612353440951,0.001299827942975766,0.42789220523259225,gbrt:pooled
2024-06,0.0004306199329986105,-0.00041577412567595336,0.4231970293372818,gbrt:pooled
2024-07,0.0008002176534384607,-2.419687039574952e-05,0.4122072619171051,gbrt:pooled
2024-08,0.0037408387169106504,0.002892276157167865,0.4242812798713926,gbrt:pooled
2024-09,0.00011741729951124711,-0.0007142891588255142,0.4158532291683806,gbrt:pooled
2024-10,0.005038191990776083,0.004181358031540361,0.4284169796178601,gbrt:pooled
2024-11,0.00978630247234817,0.008916371354046068,0.4349655591510507,gbrt:pooled
2024-12,0.0024242570770025697,0.0015923820015419155,0.4159375377303272,gbrt:pooled
2025-01,0.0013558055134909957,0.0005444707296298486,0.40566739193057333,gbrt:pooled
2025-02,0.00464035206483192,0.0037762499508545637,0.43205105698867785,gbrt:pooled
2025-03,0.006331868812348573,0.005550429596141894,0.3907196081033398,gbrt:pooled
2025-04,-0.0014087646669351135,-0.0021477003987019007,0.36946786588339364,gbrt:pooled
2025-05,-0.0014056211819170681,-0.0022488437736280244,0.4216112958554781,gbrt:pooled
2025-06,-0.0009887501314655572,-0.0017871115841961564,0.3991807263652996,gbrt:pooled
2025-07,-0.0012348729679378166,-0.001957597917976327,0.3613624750192553,gbrt:pooled
2025-08,0.0035112108422159474,0.002647075164351359,0.4320678389322938,gbrt:pooled
2025-09,0.005288673042372274,0.004471366621189296,0.40865321059148896,gbrt:pooled
2025-10,0.012362997164238389,0.011537092903414193,0.4129521304120977,gbrt:pooled
2025-11,0.002302059700407083,0.0014226842043063355,0.439687748050374,gbrt:pooled
2025-12,0.01092129390302866,0.0100678072684271,0.42674331730077986,gbrt:pooled
2000-01,0.006994032089039995,0.006994032089039995,0.0,gbrt_rs:dm_only
2000-02,0.009975890357742281,0.007897643054604726,1.0391236515687778,gbrt_rs:dm_only
2000-03,-0.0022538817694350674,-0.004083235733543851,0.9146769820543919,gbrt_rs:dm_only
2000-04,0.012423286029680961,0.010423442661305354,0.9999216841878037,gbrt_rs:dm_only
2000-05,0.0007967203487645308,-0.000971547614452517,0.8841339816085234,gbrt_rs:dm_only
2000-06,0.005504121541357973,0.0037638792167019935,0.8701211623279894,gbrt_rs:dm_only
2000-07,-0.0003904119321195847,-0.002222000408928439,0.915794238404427,gbrt_rs:dm_only
2000-08,-0.004934195402730712,-0.006643753356857893,0.8547789770635902,gbrt_rs:dm_only
2000-09,0.0034772314661641805,0.0016740844143953981,0.901573525884391,gbrt_rs:dm_only
2000-10,0.004540048122401104,0.0029704041751213673,0.7848219736398685,gbrt_rs:dm_only
2000-11,0.009286198909965694,0.007795973287918716,0.7451128110234889,gbrt_rs:dm_only
2000-12,0.0029654846930266517,0.0012717530165447838,0.8468658382409338,gbrt_rs:dm_only
2001-01,-0.010715306344887873,-0.012668250704561785,0.9764721798369559,gbrt_rs:dm_only
2001-02,0.009429254076608396,0.007152641832498927,1.1383061220547348,gbrt_rs:dm_only
2001-03,0.017086462826290737,0.014767931400207032,1.1592657130418524,gbrt_rs:dm_only
2001-04,0.0018622347573931195,-0.00017593752243046698,1.0190861399117932,gbrt_rs:dm_only
2001-05,0.013096221710423534,0.011079790410145677,1.0082156501389286,gbrt_rs:dm_only
2001-06,-0.0012333654192990117,-0.0029608420564379945,0.8637383185694912,gbrt_rs:dm_only
2001-07,0.01775626617018134,0.015785745697229858,0.9852602364757419,gbrt_rs:dm_only
2001-08,-0.00489018930287216,-0.0066729692687895565,0.8913899829586983,gbrt_rs:dm_only
2001-09,0.007683471479251803,0.0055770716461473035,1.0531999165522496,gbrt_rs:dm_only
2001-10,-0.0030496394595610557,-0.005021051615005168,0.9857060777220562,gbrt_rs:dm_only
2001-11,0.005312471093850478,0.0031381312831934177,1.087169905328529,gbrt_rs:dm_only
2001-12,0.011426925912569896,0.009281453893001272,1.0727360097843126,gbrt_rs:dm_only
2002-01,0.00032603810950503125,-0.0015357844574044786,0.9309112834547548,gbrt_rs:dm_only
2002-02,0.006868208673818955,0.005778315966266822,0.5449463537760668,gbrt_rs:dm_only
2002-03,0.00819573080966581,0.007223381450128469,0.4861746797686701,gbrt_rs:dm_only
2002-04,0.011777949838188143,0.010849358815778925,0.46429551120460866,gbrt_rs:dm_only
2002-05,0.00577391344589688,0.004894998579795153,0.4394574330508629,gbrt_rs:dm_only
2002-06,0.010212211990372684,0.009395980638078765,0.4081156761469592,gbrt_rs:dm_only
2002-07,0.003073829454346879,0.002257377098205259,0.40822617807080985,gbrt_rs:dm_only
2002-08,0.003949314692521556,0.0030974620981331384,0.42592629719420866,gbrt_rs:dm_only
2002-09,0.012043141096079612,0.011167222259567797,0.43795941825590595,gbrt_rs:dm_only
2002-10,0.003931962675503413,0.0031317929256871697,0.4000848749081218,gbrt_rs:dm_only
2002-11,-0.00015434300170031056,-0.0011833686123783238,0.5145128053390067,gbrt_rs:dm_only
2002-12,0.0037298759979413456,0.0028247407957954617,0.45256760107294197,gbrt_rs:dm_only
2003-01,-0.0001444668693886603,-0.0009053512031192384,0.3804421668652891,gbrt_rs:dm_only
2003-02,0.004646324558327673,0.004302301915625129,0.17201132135127176,gbrt_rs:dm_only
2003-03,0.008672848893370519,0.008397618128316436,0.13761538252704086,gbrt_rs:dm_only
2003-04,-0.00639168232197533,-0.006665099285879105,0.1367084819518869,gbrt_rs:dm_only
2003-05,0.005773328098781617,0.005347855967130319,0.2127360658256492,gbrt_rs:dm_only
2003-06,0.007444820432736811,0.0070524211823909,0.19619962517295553,gbrt_rs:dm_only
2003-07,0.0074780169704850245,0.007116116224798271,0.18095037284337634,gbrt_rs:dm_only
2003-08,0.005181922132707796,0.004818576260409039,0.18167293614937866,gbrt_rs:dm_only
2003-09,0.001451908686913644,0.0009105335536991004,0.270687566607272,gbrt_rs:dm_only
2003-10,0.011383435863038926,0.011047216656489237,0.1681096032748454,gbrt_rs:dm_only
2003-11,0.0031637770438311136,0.0028307174876364464,0.1665297780973336,gbrt_rs:dm_only
2003-12,0.0031002893429270774,0.0027651232926246263,0.16758302515122533,gbrt_rs:dm_only
2004-01,-0.001867971548008909,-0.0021184222583639557,0.12522535517752334,gbrt_rs:dm_only
2004-02,0.003839085417027565,0.00365539498196666,0.0918452175304526,gbrt_rs:dm_only
2004-03,0.004379481965649427,0.004224927888759664,0.07727703844488155,gbrt_rs:dm_only
2004-04,0.003436607480558605,0.0033153012771497364,0.0606531017044345,gbrt_rs:dm_only
2004-05,-0.002445037371169204,-0.0026124755244512766,0.0837190766410365,gbrt_rs:dm_only
2004-06,0.00464105351563067,0.004519248554056018,0.06090248078732591,gbrt_rs:dm_only
2004-07,0.002705166487067764,0.0025995091562465746,0.052828665410594444,gbrt_rs:dm_only
2004-08,0.006371858194235092,0.006248121794871136,0.061868199681977876,gbrt_rs:dm_only
2004-09,0.003184299247123172,0.003063050780932566,0.06062423309530312,gbrt_rs:dm_only
2004-10,0.003067202722345816,0.0029445866251364495,0.0613080486046833,gbrt_rs:dm_only
2004-11,0.004112952151498257,0.003955529474451217,0.07871133852351997,gbrt_rs:dm_only
2004-12,0.008126156939664207,0.007997706585790429,0.06422517693688895,gbrt_rs:dm_only
2005-01,0.001041094455892409,0.000563256491684626,0.23891898210389145,gbrt_rs:dm_only
2005-02,0.010826989205030427,0.010477490717192063,0.1747492439191822,gbrt_rs:dm_only
2005-03,0.007933650627855872,0.007540104528168425,0.19677304984372296,gbrt_rs:dm_only
2005-04,0.013124695574482034,0.012722983791399686,0.20085589154117353,gbrt_rs:dm_only
2005-05,-0.011064141427289783,-0.011432679660536,0.18426911662310957,gbrt_rs:dm_only
2005-06,0.0033945413532975315,0.0028145252093685095,0.2900080719645109,gbrt_rs:dm_only
2005-07,0.007979101806306068,0.007582224212247888,0.19843879702909054,gbrt_rs:dm_only
2005-08,0.0009534092210062857,0.0005042165660707375,0.22459632746777408,gbrt_rs:dm_only
2005-09,0.002848878652699156,0.002306973117690319,0.2709527675044187,gbrt_rs:dm_only
2005-10,0.0005516497877680925,0.00014270046466516458,0.20447466155146393,gbrt_rs:dm_only
2005-11,-0.0021033942747178632,-0.0025210033418585276,0.20880453357033235,gbrt_rs:dm_only
2005-12,-0.0024825251013188693,-0.003040456499071713,0.27896569887642186,gbrt_rs:dm_only
2006-01,-0.00019798384481472132,-0.0007410886123041522,0.27155238374471546,gbrt_rs:dm_only
2006-02,0.0012375154554830337,0.0003989660242197196,0.419274715631657,gbrt_rs:dm_only
2006-03,0.005966644599188869,0.005315522382948941,0.32556110811996386,gbrt_rs:dm_only
2006-04,0.00789334621011994,0.0071860916121302505,0.3536272989948446,gbrt_rs:dm_only
2006-05,-0.0006312098751270126,-0.0012837323423076957,0.3262612335903416,gbrt_rs:dm_only
2006-06,0.014994439668117853,0.01445071924009524,0.27186021401130683,gbrt_rs:dm_only
2006-07,0.0015688685826318438,0.0008282354681317805,0.3703165572500316,gbrt_rs:dm_only
2006-08,-0.0030656068234151874,-0.003737973681538947,0.33618342906188015,gbrt_rs:dm_only
2006-09,0.0014888342854811071,0.0008382212887113428,0.32530649838488224,gbrt_rs:dm_only
2006-10,-0.0020388716610239203,-0.002495119446614102,0.2281238927950908,gbrt_rs:dm_only
2006-11,0.00424022164664365,0.0037093456556116797,0.26543799551598507,gbrt_rs:dm_only
2006-12,0.0008475918140833089,0.0003406226005758501,0.2534846067537295,gbrt_rs:dm_only
2007-01,0.006025262251591038,0.00528572520242159,0.3697685245847243,gbrt_rs:dm_only
2007-02,-0.00256519485845329,-0.0035183064911208325,0.47655581633377136,gbrt_rs:dm_only
2007-03,0.006542108290168537,0.005693511495312903,0.4242983974278176,gbrt_rs:dm_only
2007-04,0.007558648089414474,0.006789005422633066,0.384821333390704,gbrt_rs:dm_only
2007-05,0.002627359958425792,0.0018206579646996486,0.40335099686307185,gbrt_rs:dm_only
2007-06,-0.0018638698949685819,-0.00274686323442932,0.44149666973036905,gbrt_rs:dm_only
2007-07,-0.0010297610459018538,-0.00204948964387233,0.5098642989852379,gbrt_rs:dm_only
2007-08,0.001690767464563431,0.0006977873530162856,0.4964900557735726,gbrt_rs:dm_only
2007-09,0.002279099038279529,0.0013350043745393309,0.47204733187009884,gbrt_rs:dm_only
2007-10,0.01175694622082113,0.010822698997738968,0.4671236115410811,gbrt_rs:dm_only
2007-11,0.002783801541803092,0.0018608748657191585,0.46146333804196643,gbrt_rs:dm_only
2007-12,0.0030984348751978306,0.002194905738096827,0.4517645685505016,gbrt_rs:dm_only
2008-01,0.0008758502790487865,-0.0002429493152028345,0.5593997971258107,gbrt_rs:dm_only
2008-02,-0.00025575680741102096,-0.001729271436692668,0.7367573146408232,gbrt_rs:dm_only
2008-03,0.0027884184453962286,0.0014641503447796527,0.662134050308288,gbrt_rs:dm_only
2008-04,0.0036114724673033736,0.0023047431803548397,0.6533646434742669,gbrt_rs:dm_only
2008-05,-0.00020513472099982434,-0.0016422404520253654,0.7185528655127706,gbrt_rs:dm_only
2008-06,0.010952781352673704,0.009719760628088974,0.6165103622923644,gbrt_rs:dm_only
2008-07,-0.008803241371175463,-0.009925924917159256,0.5613417729918958,gbrt_rs:dm_only
2008-08,0.008681037319299924,0.007148220240533073,0.7664085393834257,gbrt_rs:dm_only
2008-09,0.01250092960375538,0.011352746077882088,0.5740917629366469,gbrt_rs:dm_only
2008-10,0.03188035565844178,0.030662252989582615,0.6090513344295819,gbrt_rs:dm_only
2008-11,0.018803936248310504,0.017680372300851163,0.561781973729671,gbrt_rs:dm_only
2008-12,-0.0024689013746185358,-0.003521059329409931,0.5260789773956976,gbrt_rs:dm_only
2009-01,0.0024648902069305317,0.0013034919346178524,0.5806991361563397,gbrt_rs:dm_only
2009-02,0.008583563825318243,0.007341020857303171,0.6212714840075363,gbrt_rs:dm_only
2009-03,-0.009968099048319627,-0.010963774018356768,0.4978374850185708,gbrt_rs:dm_only
2009-04,-0.023180001061514684,-0.024441100539658974,0.6305497390721463,gbrt_rs:dm_only
2009-05,0.00904800344455863,0.0072949220731904985,0.8765406856840658,gbrt_rs:dm_only
2009-06,-0.0049470734119647095,-0.0067014640586740394,0.8771953233546644,gbrt_rs:dm_only
2009-07,0.006287601274062796,0.004429492226468848,0.9290545237969738,gbrt_rs:dm_only
2009-08,0.001973369433469212,0.0003566059073704961,0.8083817630493578,gbrt_rs:dm_only
2009-09,0.005619914309500277,0.004112119285951624,0.7538975117743266,gbrt_rs:dm_only
2009-10,0.002113403317275127,0.0007067196698573539,0.7033418237088866,gbrt_rs:dm_only
2009-11,-0.0001453984628773544,-0.00168285506375039,0.7687283004365177,gbrt_rs:dm_only
2009-12,-0.0029732922015212743,-0.004367037253264735,0.6968725258717308,gbrt_rs:dm_only
2010-01,0.0030222530339915703,0.0015151298453164588,0.7535615943375558,gbrt_rs:dm_only
2010-02,-0.001369254799662994,-0.002813391874862709,0.7220685375998578,gbrt_rs:dm_only
2010-03,-0.003424810473392583,-0.004974156114598481,0.7746728206029488,gbrt_rs:dm_only
2010-04,0.004814790573236216,0.003308788661785493,0.7530009557253614,gbrt_rs:dm_only
2010-05,0.004085287812280515,0.0025537726759767487,0.7657575681518834,gbrt_rs:dm_only
2010-06,0.007254978841007836,0.00596623653024703,0.6443711553804029,gbrt_rs:dm_only
2010-07,0.0001249750289983573,-0.000962500590646545,0.5437378098224511,gbrt_rs:dm_only
2010-08,0.0031060942732740802,0.0018101800897633426,0.6479570917553685,gbrt_rs:dm_only
2010-09,0.001250859746136274,-7.501917442520556e-05,0.6629394602807399,gbrt_rs:dm_only
2010-10,0.006846793732556406,0.005593983461591171,0.6264051354826173,gbrt_rs:dm_only
2010-11,0.009088366927718486,0.007952182693871454,0.5680921169235164,gbrt_rs:dm_only
2010-12,0.007641629492464127,0.006501586994716871,0.5700212488736284,gbrt_rs:dm_only
2011-01,0.00394350394476265,0.002975954937919989,0.48377450342133077,gbrt_rs:dm_only
2011-02,0.00023510652266174706,-0.0007032776974552721,0.46919211005850964,gbrt_rs:dm_only
2011-03,0.0005927032110266671,-0.0002848824079130769,0.438792809469872,gbrt_rs:dm_only
2011-04,0.008464394324875165,0.007580029625975282,0.44218234944994217,gbrt_rs:dm_only
2011-05,0.004611933097070037,0.003860393419193917,0.37576983893805976,gbrt_rs:dm_only
2011-06,0.004230644059941361,0.0034889080608684077,0.3708679995364769,gbrt_rs:dm_only
2011-07,0.008157392188855373,0.007455426614754267,0.35098278705055297,gbrt_rs:dm_only
2011-08,0.008980214618458923,0.00828863628719144,0.3457891656337428,gbrt_rs:dm_only
2011-09,0.010166395302905732,0.009475055656122647,0.345669823391542,gbrt_rs:dm_only
2011-10,-0.006970905378871047,-0.007787733164637181,0.4084138928830678,gbrt_rs:dm_only
2011-11,0.007733937286789094,0.006746840987227419,0.49354814978083783,gbrt_rs:dm_only
2011-12,0.0029541801470905336,0.0020493654063301952,0.45240737038016926,gbrt_rs:dm_only
2012-01,-0.015266856746419765,-0.016054863136484125,0.3940031950321791,gbrt_rs:dm_only
2012-02,-0.00210330582419705,-0.002872971561583628,0.3848328686932888,gbrt_rs:dm_only
2012-03,0.008027384838789144,0.0072893940850922755,0.36899537684843525,gbrt_rs:dm_only
2012-04,0.0045618552325713164,0.0038905631996447145,0.3356460164633011,gbrt_rs:dm_only
2012-05,0.002851090186314931,0.0021326861300194006,0.3592020281477653,gbrt_rs:dm_only
2012-06,0.006036124889512926,0.005546619117810135,0.24475288585139537,gbrt_rs:dm_only
2012-07,0.00677955180335168,0.006250487634010736,0.2645320846704721,gbrt_rs:dm_only
2012-08,0.005544054637376726,0.005069548323305475,0.2372531570356251,gbrt_rs:dm_only
2012-09,-0.0006142691456959771,-0.0011155515903625507,0.2506412223332867,gbrt_rs:dm_only
2012-10,0.0028769856332018415,0.002312805586601061,0.28209002330039035,gbrt_rs:dm_only
2012-11,0.00676908553389232,0.006219010651093328,0.27503744139949593,gbrt_rs:dm_only
2012-12,-0.00211523356823308,-0.0026114833680846044,0.2481248999257623,gbrt_rs:dm_only
2013-01,0.002183314322511851,0.001710067855271565,0.23662323362014293,gbrt_rs:dm_only
2013-02,0.003992019470564918,0.003853780903522306,0.06911928352130652,gbrt_rs:dm_only
2013-03,0.005993433827966702,0.005877705009336947,0.057864409314878185,gbrt_rs:dm_only
2013-04,0.006659402993411691,0.006524146830729878,0.06762808134090688,gbrt_rs:dm_only
2013-05,0.0011539637642713025,0.001044184249189276,0.054889757541013176,gbrt_rs:dm_only
2013-06,0.0052936838725636945,0.0051718862363178434,0.06089881812292546,gbrt_rs:dm_only
2013-07,0.009998372762445201,0.00971928766747799,0.13954254748360526,gbrt_rs:dm_only
2013-08,-5.656493967637813e-05,-0.00018328069497486994,0.06335787764924586,gbrt_rs:dm_only
2013-09,-0.0011678187233635639,-0.0013524980625234072,0.09233966957992147,gbrt_rs:dm_only
2013-10,-0.002183715379733325,-0.0023058575096998085,0.06107106498324193,gbrt_rs:dm_only
2013-11,0.0010073606141534656,0.0008772226976732407,0.06506895824011248,gbrt_rs:dm_only
2013-12,0.0032893038912489366,0.00320626098779269,0.04152145172812333,gbrt_rs:dm_only
2014-01,0.003117165943415931,0.0027796481691435854,0.16875888713617293,gbrt_rs:dm_only
2014-02,0.005257058861731515,0.004886739555150634,0.1851596532904411,gbrt_rs:dm_only
2014-03,0.0016252008443985516,0.0012602445180444025,0.18247816317707463,gbrt_rs:dm_only
2014-04,-0.0008280042781982293,-0.0012691550059984278,0.22057536390009938,gbrt_rs:dm_only
2014-05,0.002443495950470484,0.0020146226362182922,0.21443665712609591,gbrt_rs:dm_only
2014-06,0.00573789140172248,0.00529759111724041,0.220150142241035,gbrt_rs:dm_only
2014-07,0.001095909515974729,0.0006642057398479755,0.21585188806337677,gbrt_rs:dm_only
2014-08,0.00159355543286682,0.0011246667200413513,0.23444435641273442,gbrt_rs:dm_only
2014-09,-0.0008905306184849794,-0.0012637670301707535,0.18661820584288683,gbrt_rs:dm_only
2014-10,0.0036801692161329658,0.003307251899742961,0.1864586581950025,gbrt_rs:dm_only
2014-11,0.008182427648876636,0.007812473097435002,0.1849772757208161,gbrt_rs:dm_only
2014-12,0.010892999698479995,0.010537360588076193,0.17781955520190132,gbrt_rs:dm_only
2015-01,0.006900724147320811,0.006295193020359103,0.30276556348085476,gbrt_rs:dm_only
2015-02,-0.00025521286180028776,-0.0009680584972388524,0.35642281771928247,gbrt_rs:dm_only
2015-03,0.009209445650809816,0.008510644466080228,0.3494005923647936,gbrt_rs:dm_only
2015-04,-0.010882603712653061,-0.011564472196645902,0.34093424199642003,gbrt_rs:dm_only
2015-05,0.0015658205067449118,0.0006536747508194735,0.45607287796271906,gbrt_rs:dm_only
2015-06,0.005071187652857568,0.004271081425457914,0.40005311369982643,gbrt_rs:dm_only
2015-07,0.009458333124758963,0.008857853682363616,0.30023972119767395,gbrt_rs:dm_only
2015-08,0.008018056711623062,0.007419579114863921,0.29923879837957057,gbrt_rs:dm_only
2015-09,0.006001097709434962,0.0054175270039978395,0.2917853527185614,gbrt_rs:dm_only
2015-10,-0.004596885126374678,-0.005219661256654805,0.31138806514006323,gbrt_rs:dm_only
2015-11,0.003476224729654879,0.0027695531585313856,0.3533357855617467,gbrt_rs:dm_only
2015-12,0.0011634865493955092,0.00046921915556137535,0.34713369691706697,gbrt_rs:dm_only
2016-01,0.00215075448560562,0.0012211533900743342,0.4648005477656428,gbrt_rs:dm_only
2016-02,-0.002518072185254831,-0.0036012580427370855,0.5415929287411274,gbrt_rs:dm_only
2016-03,-0.007278728053080254,-0.008492676981465263,0.6069744641925047,gbrt_rs:dm_only
2016-04,0.003416887032319233,0.0021505213607195817,0.6331828357998257,gbrt_rs:dm_only
2016-05,0.002627738724555615,0.0014823194102113778,0.5727096571721185,gbrt_rs:dm_only
2016-06,-0.0013730679712870262,-0.0025123397198845484,0.569635874298761,gbrt_rs:dm_only
2016-07,-0.0012342446866863074,-0.0022646778489702414,0.515216581141967,gbrt_rs:dm_only
2016-08,0.004637036819284186,0.003485818274724024,0.5756092722800807,gbrt_rs:dm_only
2016-09,0.004793536844267261,0.0037640911158563395,0.5147228642054607,gbrt_rs:dm_only
2016-10,0.0019016962363387299,0.0010460809062708648,0.42780766503393247,gbrt_rs:dm_only
2016-11,-0.0036123656285225523,-0.004600105598510382,0.49386998499391493,gbrt_rs:dm_only
2016-12,0.000504091157799379,-0.0006386769523709299,0.5713840550851543,gbrt_rs:dm_only
2017-01,0.0035296433849171067,0.002463903127817298,0.5328701285499041,gbrt_rs:dm_only
2017-02,0.00013785783106422025,-0.000963350847880654,0.550604339472437,gbrt_rs:dm_only
2017-03,0.0014483034256541846,0.00047001576417055534,0.4891438307418146,gbrt_rs:dm_only
2017-04,4.83157347686221e-05,-0.0009312331536498188,0.48977444420922034,gbrt_rs:dm_only
2017-05,0.004577486614360606,0.003655552329409968,0.46096714247531906,gbrt_rs:dm_only
2017-06,0.0011261131703608968,0.00011625716507677416,0.5049280026420615,gbrt_rs:dm_only
2017-07,0.0029268534788036587,0.002018717599247948,0.45406793977785526,gbrt_rs:dm_only
2017-08,0.003164805568020323,0.002211701516161099,0.47655202592961227,gbrt_rs:dm_only
2017-09,0.0008422971482031982,2.326146540222731e-05,0.40951784140048536,gbrt_rs:dm_only
2017-10,0.0033866774571271866,0.002561024175125267,0.4128266410009598,gbrt_rs:dm_only
2017-11,0.002397553663699937,0.001408877641275399,0.49433801121226884,gbrt_rs:dm_only
2017-12,0.003646528150371951,0.0026905123070023024,0.47800792168482464,gbrt_rs:dm_only
2018-01,0.004956954755037642,0.0041311695487204,0.4128926031586208,gbrt_rs:dm_only
2018-02,0.00339829077562126,0.002889142829681648,0.2545739729698062,gbrt_rs:dm_only
2018-03,0.0025583314320080336,0.0020768938428903216,0.24071879455885617,gbrt_rs:dm_only
2018-04,0.001843188791276428,0.0013980546421656162,0.2225670745554056,gbrt_rs:dm_only
2018-05,0.004974540642294772,0.004522236746632839,0.22615194783096612,gbrt_rs:dm_only
2018-06,0.0034544189258922955,0.002988441077190067,0.23298892435111432,gbrt_rs:dm_only
2018-07,0.004932143508106204,0.0045195815111051104,0.2062809985005466,gbrt_rs:dm_only
2018-08,0.004479347121186628,0.004056391494229593,0.21147781347851724,gbrt_rs:dm_only
2018-09,0.012293300799018829,0.011880238265485583,0.20653126676662287,gbrt_rs:dm_only
2018-10,0.0031931361760109763,0.0027642666128475215,0.21443478158172732,gbrt_rs:dm_only
2018-11,-0.0019689128823288343,-0.0024276065914911964,0.22934685458118062,gbrt_rs:dm_only
2018-12,0.0021612400870905254,0.0016072708419735922,0.27698462255846645,gbrt_rs:dm_only
2019-01,0.004249430545930111,0.0038468860728648347,0.20127223653263765,gbrt_rs:dm_only
2019-02,-0.004385164285347187,-0.004606559487155156,0.1106976009039849,gbrt_rs:dm_only
2019-03,0.003595136742026597,0.0034024940613128617,0.09632134035686758,gbrt_rs:dm_only
2019-04,0.002032578806206602,0.0018734357791158748,0.07957151354536372,gbrt_rs:dm_only
2019-05,0.0021143520586322235,0.0019391477524233257,0.08760215310444895,gbrt_rs:dm_only
2019-06,0.0042767665856559564,0.004074878235613058,0.10094417502144908,gbrt_rs:dm_only
2019-07,0.005677405405732853,0.005511203534539127,0.08310093559686284,gbrt_rs:dm_only
2019-08,0.0014290602597324142,0.0012461131382666578,0.09147356073287835,gbrt_rs:dm_only
2019-09,-0.0013922890150963854,-0.0015699484056688785,0.08882969528624668,gbrt_rs:dm_only
2019-10,0.00045873628512878436,0.00027916578045630185,0.08978525233624125,gbrt_rs:dm_only
2019-11,0.00272377830540251,0.002555925065827358,0.08392661978757598,gbrt_rs:dm_only
2019-12,0.0039475204415876115,0.0037553842197852127,0.09606811090119974,gbrt_rs:dm_only
2020-01,0.001796412371334707,0.001665917713372358,0.06524732898117445,gbrt_rs:dm_only
2020-02,0.0040850445478557585,0.004018441038400728,0.033301754727515114,gbrt_rs:dm_only
2020-03,0.005800216702095003,0.0057349220298940655,0.032647336100468466,gbrt_rs:dm_only
2020-04,-0.004862542578337534,-0.00499740599226502,0.0674317069637428,gbrt_rs:dm_only
2020-05,-0.0011195238341537095,-0.0012380461460712974,0.059261155958794005,gbrt_rs:dm_only
2020-06,-0.007097643116687461,-0.00717696180910816,0.03965934621034961,gbrt_rs:dm_only
2020-07,0.0022992826919824784,0.0021875005915868804,0.055891050197799205,gbrt_rs:dm_only
2020-08,-0.003759123078074125,-0.0038615979271099036,0.05123742451788926,gbrt_rs:dm_only
2020-09,-0.000333761718682168,-0.00041143559681087164,0.03883693906435195,gbrt_rs:dm_only
2020-10,0.005137652540354817,0.0050616211531302234,0.03801569361229658,gbrt_rs:dm_only
2020-11,-0.018997838589101118,-0.01906812853894219,0.03514497492053545,gbrt_rs:dm_only
2020-12,-0.0050237211849889505,-0.0051476695266925295,0.06197417085178955,gbrt_rs:dm_only
2021-01,0.0020382449202966508,0.0010593556898359606,0.489444615230345,gbrt_rs:dm_only
2021-02,0.0014786633400072089,0.0006053388067902422,0.43666226660848334,gbrt_rs:dm_only
2021-03,0.005443782301028278,0.004584965769973319,0.42940826552747907,gbrt_rs:dm_only
2021-04,0.0029882047400340713,0.002143258825331818,0.42247295735112683,gbrt_rs:dm_only
2021-05,0.0022918372348199006,0.0013995484333853244,0.44614440071728806,gbrt_rs:dm_only
2021-06,-0.003193251695108963,-0.003970712883798719,0.38873059434487783,gbrt_rs:dm_only
2021-07,0.003930023449583334,0.003146470234521546,0.391776607530894,gbrt_rs:dm_only
2021-08,-0.0012933005421251838,-0.002066337576436576,0.3865185171556961,gbrt_rs:dm_only
2021-09,0.006431889430462293,0.0056313467756654864,0.4002713273984032,gbrt_rs:dm_only
2021-10,0.0018417022826608543,0.0011372619344242679,0.35222017411829293,gbrt_rs:dm_only
2021-11,0.005857063599633471,0.005133622288087053,0.3617206557732086,gbrt_rs:dm_only
2021-12,0.009185455309936398,0.008375265031572217,0.40509513918209045,gbrt_rs:dm_only
2022-01,0.009655690196368376,0.009115262564723017,0.27021381582267934,gbrt_rs:dm_only
2022-02,0.008657676779701138,0.008214289309232918,0.22169373523410982,gbrt_rs:dm_only
2022-03,0.007591397895723787,0.007105296046947573,0.2430509243881077,gbrt_rs:dm_only
2022-04,0.011465042703961814,0.011022775848915884,0.22113342752296472,gbrt_rs:dm_only
2022-05,0.004881581450189705,0.00446704569026649,0.20726787996160737,gbrt_rs:dm_only
2022-06,0.0003145183439484537,-0.00015084279712693595,0.2326805705376948,gbrt_rs:dm_only
2022-07,-0.0028104847014579033,-0.0033105846362446833,0.2500499673933901,gbrt_rs:dm_only
2022-08,-0.0014290352352007,-0.0018966629850272634,0.2338138749132816,gbrt_rs:dm_only
2022-09,0.0048809862653937,0.004427256922256562,0.22686467156856915,gbrt_rs:dm_only
2022-10,0.004719129294061339,0.004266290807384375,0.22641924333848176,gbrt_rs:dm_only
2022-11,-0.00420630476987053,-0.004702922568784792,0.2483088994571304,gbrt_rs:dm_only
2022-12,0.005408488823726074,0.004822642029018642,0.2929233973537156,gbrt_rs:dm_only
2023-01,0.0011399281701888807,0.0003693815660710711,0.385273302058905,gbrt_rs:dm_only
2023-02,0.005208649666293873,0.00442713290308008,0.3907583816068963,gbrt_rs:dm_only
2023-03,0.003613473231552872,0.0029800794636097483,0.316696883971562,gbrt_rs:dm_only
2023-04,0.000266166427393414,-0.00044667989866850144,0.3564231630309577,gbrt_rs:dm_only
2023-05,-0.0017020455351827465,-0.002350806208381885,0.3243803365995693,gbrt_rs:dm_only
2023-06,0.00282376791453761,0.002129479290077622,0.3471443122299939,gbrt_rs:dm_only
2023-07,0.002979840167659686,0.0022298417086779676,0.374999229490859,gbrt_rs:dm_only
2023-08,0.002949056667474913,0.0022614647152648815,0.3437959761050157,gbrt_rs:dm_only
2023-09,0.010214395802839817,0.009525726896928278,0.344334452955769,gbrt_rs:dm_only
2023-10,0.008129545950570118,0.007515762551907817,0.3068916993311512,gbrt_rs:dm_only
2023-11,-0.006703121866465322,-0.007398629867888975,0.347754000711827,gbrt_rs:dm_only
2023-12,0.004415465481643586,0.0036800585198558233,0.36770348089388116,gbrt_rs:dm_only
2024-01,0.011766575973168351,0.011174369755892631,0.2961031086378594,gbrt_rs:dm_only
2024-02,-0.000570688995338107,-0.0009399349319848762,0.18462296832338457,gbrt_rs:dm_only
2024-03,0.0038858616826390776,0.0034783746571093468,0.20374351276486538,gbrt_rs:dm_only
2024-04,0.0012803668982027568,0.000874912706473164,0.20272709586479631,gbrt_rs:dm_only
2024-05,0.0025259454805111083,0.0021498819783248853,0.1880317510931114,gbrt_rs:dm_only
2024-06,0.0017490089662142258,0.0013558567711151655,0.1965760975495302,gbrt_rs:dm_only
2024-07,0.001207357917608162,0.0008460438464357005,0.1806570355862307,gbrt_rs:dm_only
2024-08,0.0030544926788657763,0.0026947840892188393,0.17985429482346824,gbrt_rs:dm_only
2024-09,0.00045580188831507784,0.0001205891783613372,0.16760635497687024,gbrt_rs:dm_only
2024-10,0.0019215716437629609,0.0015830873206242292,0.16924216156936583,gbrt_rs:dm_only
2024-11,0.010806086770438855,0.010471294345330279,0.1673962125542873,gbrt_rs:dm_only
2024-12,0.0022740323647917264,0.0019189665810927432,0.17753289184949164,gbrt_rs:dm_only
2025-01,0.0030545100557279464,0.0027641439890149612,0.14518303335649255,gbrt_rs:dm_only
2025-02,0.004069444568365068,0.0038593766642988536,0.10503395203310703,gbrt_rs:dm_only
2025-03,0.005365125021001339,0.0051793553182130515,0.09288485139414361,gbrt_rs:dm_only
2025-04,-0.00048232091400605124,-0.0006664590598850329,0.0920690729394908,gbrt_rs:dm_only
2025-05,-0.00045109343983745754,-0.0006689521747056629,0.1089293674341027,gbrt_rs:dm_only
2025-06,-0.0033137844762425473,-0.0035165707694014042,0.10139314657942856,gbrt_rs:dm_only
2025-07,-0.001494514838503739,-0.0016571057183345824,0.08129543991542171,gbrt_rs:dm_only
2025-08,-0.000691597222193388,-0.0009030178735726802,0.10571032568964599,gbrt_rs:dm_only
2025-09,0.003914737646910375,0.003709053364361767,0.10284214127430413,gbrt_rs:dm_only
2025-10,0.008793966246077416,0.008579806593455452,0.10707982631098201,gbrt_rs:dm_only
2025-11,0.004454799380392071,0.004219411843891191,0.11769376825044033,gbrt_rs:dm_only
2025-12,0.007599635633194709,0.007376949993930118,0.1113428196322957,gbrt_rs:dm_only
2000-01,0.004673872565032095,0.004673872565032095,0.0,gbrt_rs:own
2000-02,0.0056629593220218315,0.0042899507454422295,0.6865042882898006,gbrt_rs:own
2000-03,0.0008635208448975449,-0.00034241724049253975,0.6029690426950423,gbrt_rs:own
2000-04,-0.008871683884435913,-0.010336844195260576,0.7325801554123315,gbrt_rs:own
2000-05,0.0006154201978671703,-0.0007004766737131003,0.6579484357901357,gbrt_rs:own
2000-06,-0.00046971172698928923,-0.0018654983820501478,0.6978933275304295,gbrt_rs:own
2000-07,0.003155194357269,0.0019095225043188556,0.6228359264750724,gbrt_rs:own
2000-08,-0.0009418330456037903,-0.002016769386619462,0.537468170507836,gbrt_rs:own
2000-09,0.004425237224484208,0.0031637791727294217,0.630729025877393,gbrt_rs:own
2000-10,0.002880299190805617,0.0017148096229397335,0.5827447839329418,gbrt_rs:own
2000-11,0.008085378343164341,0.007050588459164156,0.5173949420000922,gbrt_rs:own
2000-12,-0.007854594654001493,-0.009281089579186733,0.7132474625926195,gbrt_rs:own
2001-01,-0.003582887871817495,-0.0046435553721256885,0.530333750154097,gbrt_rs:own
2001-02,0.00710513231235517,0.006834603269832743,0.13526452126121358,gbrt_rs:own
2001-03,0.019769617498919215,0.019543709663545454,0.1129539176868792,gbrt_rs:own
2001-04,0.006560370174469164,0.006322233901753642,0.11906813635776119,gbrt_rs:own
2001-05,0.003739515331548339,0.0033148230749984117,0.21234612827496363,gbrt_rs:own
2001-06,0.005053118488703972,0.0048891861001787735,0.08196619426259912,gbrt_rs:own
2001-07,0.012592723089535457,0.012437894658854174,0.07741421534064105,gbrt_rs:own
2001-08,-0.003075296819960428,-0.0033017983115180825,0.11325074577882731,gbrt_rs:own
2001-09,0.005867747525896381,0.005693053680638505,0.08734692262893828,gbrt_rs:own
2001-10,0.002627122818734615,0.0022585263957545843,0.1842982114900155,gbrt_rs:own
2001-11,-0.0041584353513846335,-0.004349039585894548,0.09530211725495678,gbrt_rs:own
2001-12,0.010470040295247297,0.01027588309559545,0.09707859982592419,gbrt_rs:own
2002-01,-0.00032477293825307314,-0.0006849702407696167,0.18009865125827143,gbrt_rs:own
2002-02,0.0019806140698982386,0.0015144094744319154,0.23310229773316168,gbrt_rs:own
2002-03,0.002681407582618899,0.0022843160741702322,0.19854575422433382,gbrt_rs:own
2002-04,0.008532476417233587,0.00813967747662846,0.1963994703025633,gbrt_rs:own
2002-05,0.0015538871583774905,0.0011795570604566689,0.18716504896041072,gbrt_rs:own
2002-06,0.00525849911806645,0.004951522073777142,0.15348852214465328,gbrt_rs:own
2002-07,0.001102171054002098,0.0008209585320862323,0.1406062609579331,gbrt_rs:own
2002-08,0.007919581527104706,0.007625658879933064,0.14696132358582065,gbrt_rs:own
2002-09,0.009924059708883303,0.009641842623141456,0.14110854287092395,gbrt_rs:own
2002-10,0.006862065964201339,0.006589886250245604,0.13608985697786796,gbrt_rs:own
2002-11,0.0035942653383244775,0.00325256042619918,0.17085245606264896,gbrt_rs:own
2002-12,0.006368879535675598,0.006050530261912588,0.1591746368815053,gbrt_rs:own
2003-01,-9.172888890473553e-05,-0.00037698667623435703,0.14262889366481077,gbrt_rs:own
2003-02,0.0037974036844209045,0.0036297117629593913,0.08384596073075626,gbrt_rs:own
2003-03,0.007283545325360053,0.007157430073431043,0.06305762596450523,gbrt_rs:own
2003-04,-0.00641579643005825,-0.006564029302094446,0.07411643601809736,gbrt_rs:own
2003-05,0.007294122098139991,0.007024498611931211,0.13481174310439045,gbrt_rs:own
2003-06,0.007348223222672154,0.007144128138512249,0.10204754207995267,gbrt_rs:own
2003-07,0.006620571446214342,0.006446556931399828,0.08700725740725715,gbrt_rs:own
2003-08,0.004723359539752642,0.004530108087778541,0.09662572598705044,gbrt_rs:own
2003-09,0.0019812066419788426,0.001589393184654145,0.19590672866234884,gbrt_rs:own
2003-10,0.010086153091086566,0.009952754306616823,0.06669939223487148,gbrt_rs:own
2003-11,0.003672658556184013,0.0035354431717206473,0.06860769223168257,gbrt_rs:own
2003-12,0.0018398144155637127,0.0017098299497022473,0.06499223293073256,gbrt_rs:own
2004-01,-0.001865904257791186,-0.002081786898190395,0.10794132019960441,gbrt_rs:own
2004-02,0.0038701087065307785,0.0036099822180254496,0.13006324425266427,gbrt_rs:own
2004-03,0.0043810326463786815,0.004158475208015636,0.11127871918152293,gbrt_rs:own
2004-04,0.0031255977129504495,0.0029329846134984942,0.09630654972597744,gbrt_rs:own
2004-05,-0.0023054275029564288,-0.0025449987550427602,0.11978562604316564,gbrt_rs:own
2004-06,0.004638775573252679,0.004444837840534617,0.09696886635903108,gbrt_rs:own
2004-07,0.002945468725697042,0.0027726445996534657,0.08641206302178842,gbrt_rs:own
2004-08,0.00625603864058425,0.006072164033538201,0.09193730352302452,gbrt_rs:own
2004-09,0.0033494978043390857,0.003166345170088248,0.09157631712541871,gbrt_rs:own
2004-10,0.003454842563407426,0.003277618131354419,0.08861221602650335,gbrt_rs:own
2004-11,0.004187656641555841,0.003987429305460576,0.10011366804763289,gbrt_rs:own
2004-12,0.008149949006061065,0.007945450511938271,0.10224924706139732,gbrt_rs:own
2005-01,0.0007877345524089431,0.0004680519395375255,0.1598413064357087,gbrt_rs:own
2005-02,0.011234363025577315,0.011037400077401486,0.09848147408791474,gbrt_rs:own
2005-03,0.006709173954006307,0.006479391991960137,0.11489098102308551,gbrt_rs:own
2005-04,0.01105170778874049,0.01084513459899483,0.10328659487283043,gbrt_rs:own
2005-05,-0.01063909430570939,-0.010833519021670507,0.0972123579805591,gbrt_rs:own
2005-06,-0.0014989601083207067,-0.0017575106124217395,0.12927525205051643,gbrt_rs:own
2005-07,0.009422483548264051,0.009227779774362815,0.09735188695061772,gbrt_rs:own
2005-08,0.0022630407728724683,0.0020688946883805443,0.09707304224596207,gbrt_rs:own
2005-09,-0.0007136864272909179,-0.0009767257009217945,0.13151963681543832,gbrt_rs:own
2005-10,-0.001133784765627217,-0.0013253507202131878,0.09578297729298536,gbrt_rs:own
2005-11,-0.002309897778348877,-0.002499619009573157,0.09486061561214024,gbrt_rs:own
2005-12,-0.0005759798444241839,-0.0007787057532816009,0.10136295442870845,gbrt_rs:own
2006-01,0.003727379171660248,0.003498920904806412,0.11422913342691769,gbrt_rs:own
2006-02,-0.0015384248605343736,-0.0020233570743673048,0.2424661069164657,gbrt_rs:own
2006-03,-0.011995333110051779,-0.012255917496139409,0.13029219304381515,gbrt_rs:own
2006-04,0.001386162831113708,0.0009943657831462316,0.1958985239837383,gbrt_rs:own
2006-05,0.0012042112000518234,0.0008461847828685853,0.17901320859161918,gbrt_rs:own
2006-06,0.013702773328207496,0.01348906298168604,0.10685517326072788,gbrt_rs:own
2006-07,0.00371623250320231,0.003268528764707932,0.22385186924718883,gbrt_rs:own
2006-08,-0.00033100120863728425,-0.0006391617577982026,0.15408027458045895,gbrt_rs:own
2006-09,-5.1876013848157155e-05,-0.00035519428952714415,0.15165913783949336,gbrt_rs:own
2006-10,-0.0007867460265338178,-0.0009922850149782375,0.10276949422220986,gbrt_rs:own
2006-11,-0.001579638546862145,-0.0017930711549643142,0.1067163040510849,gbrt_rs:own
2006-12,0.0005797446469904743,0.00032140639167949287,0.12916912765549063,gbrt_rs:own
2007-01,0.005630838147500029,0.005284886559446349,0.17297579402683966,gbrt_rs:own
2007-02,-0.003311896979715085,-0.0038881433145122185,0.28812316739856714,gbrt_rs:own
2007-03,0.005866270171083264,0.005448473611859296,0.20889827961198432,gbrt_rs:own
2007-04,0.005727234316726147,0.005303627330403145,0.21180349316150104,gbrt_rs:own
2007-05,0.000639628527217469,0.0001853478525329588,0.22714033734225522,gbrt_rs:own
2007-06,-0.0005866440627148454,-0.001019707290483085,0.21653161388411984,gbrt_rs:own
2007-07,-0.0004130739773031179,-0.000880241014581481,0.23358351863918161,gbrt_rs:own
2007-08,0.0035115587482501356,0.0030358049267974942,0.2378769107263207,gbrt_rs:own
2007-09,0.001446519982917265,0.0010073135476521204,0.2196032176325723,gbrt_rs:own
2007-10,0.008964200015232966,0.008469511319731208,0.2473443477508789,gbrt_rs:own
2007-11,0.002787996648918306,0.002309931423966783,0.23903261247576166,gbrt_rs:own
2007-12,0.002102686925129935,0.0016499313648145279,0.2263777801577035,gbrt_rs:own
2008-01,0.0011029130329466609,0.0004508393354016445,0.3260368487725084,gbrt_rs:own
2008-02,0.00494443841267599,0.004234706098759203,0.3548661569583942,gbrt_rs:own
2008-03,0.0009105289402645573,0.00033011326110068273,0.2902078395819372,gbrt_rs:own
2008-04,0.003955435064747302,0.0032713061652368002,0.34206444975525124,gbrt_rs:own
2008-05,-0.0015948595927327439,-0.002360288366485488,0.3827143868763724,gbrt_rs:own
2008-06,0.006661507340377918,0.005990664830564969,0.3354212549064743,gbrt_rs:own
2008-07,0.0015108175645458142,0.0008694033329113361,0.3207071158172389,gbrt_rs:own
2008-08,0.006094026666432653,0.00529862653211037,0.39770006716114137,gbrt_rs:own
2008-09,0.006742858491978491,0.006059211014690882,0.3418237386438043,gbrt_rs:own
2008-10,0.01885290481069285,0.018073638406520272,0.38963320208628877,gbrt_rs:own
2008-11,0.016384942372515896,0.015415197047025648,0.4848726627451232,gbrt_rs:own
2008-12,0.0006788903438850505,-0.0004123014052526721,0.5455958745688614,gbrt_rs:own
2009-01,-0.0036322584553368305,-0.004965724207679886,0.6667328761715275,gbrt_rs:own
2009-02,0.002483597762519582,0.0010534489461598512,0.7150744081798653,gbrt_rs:own
2009-03,-0.0011319081327934414,-0.0024591677348524783,0.6636298010295184,gbrt_rs:own
2009-04,-0.00888627746636444,-0.010243125985153827,0.6784242593946935,gbrt_rs:own
2009-05,0.0004983795384436631,-0.0011040763737361617,0.8012279560899125,gbrt_rs:own
2009-06,0.0028359255132197623,0.0012729561513310445,0.7814846809443586,gbrt_rs:own
2009-07,0.0011566052621800064,-0.00020905012400925505,0.6828276930946306,gbrt_rs:own
2009-08,0.0017068281882456733,0.00042497115659455157,0.6409285158255608,gbrt_rs:own
2009-09,0.004546177204912802,0.0033998120426462497,0.5731825811332765,gbrt_rs:own
2009-10,0.002709436687550621,0.001683139301302445,0.513148693124088,gbrt_rs:own
2009-11,0.004287016349487774,0.003184074774999536,0.551470787244119,gbrt_rs:own
2009-12,-7.125648675235835e-05,-0.0010479973527358472,0.4883704329917444,gbrt_rs:own
2010-01,-0.0027585357437576456,-0.0038952216227039036,0.5683429394731287,gbrt_rs:own
2010-02,0.0021478509454883814,0.0013168128634364637,0.41551904102595877,gbrt_rs:own
2010-03,-0.0015386570380798064,-0.002379796694782775,0.4205698283514844,gbrt_rs:own
2010-04,0.005728998513229832,0.004926977193794215,0.40101065971780864,gbrt_rs:own
2010-05,0.004804697532571729,0.00401180047749676,0.39644852753748433,gbrt_rs:own
2010-06,0.00570865297766251,0.004946131739095896,0.3812606192833071,gbrt_rs:own
2010-07,0.001820426564590136,0.0011925953598829766,0.3139156023535796,gbrt_rs:own
2010-08,0.0030758200374443826,0.0022775807646481894,0.3991196363980966,gbrt_rs:own
2010-09,0.0008400025477718617,4.692670185264616e-05,0.39653792295960777,gbrt_rs:own
2010-10,0.0048804037975503515,0.004083851130397651,0.3982763335763498,gbrt_rs:own
2010-11,0.006394358518205115,0.005610280380813,0.39203906869605765,gbrt_rs:own
2010-12,0.004542435092918985,0.003740731767075407,0.4008516629217889,gbrt_rs:own
2011-01,0.004884730581373776,0.004208394074460476,0.33816825345665014,gbrt_rs:own
2011-02,0.002591965338873182,0.002061954389107852,0.26500547488266496,gbrt_rs:own
2011-03,0.002466142861500125,0.0019722206907388817,0.2469610853806215,gbrt_rs:own
2011-04,0.004754452002765953,0.004209401254616513,0.27252537407472005,gbrt_rs:own
2011-05,0.003420864249152102,0.0029916491853302653,0.2146075319109183,gbrt_rs:own
2011-06,0.005664193191557561,0.005254297585323202,0.2049478031171795,gbrt_rs:own
2011-07,0.006654453824217578,0.0061883527921989005,0.2330505160093388,gbrt_rs:own
2011-08,0.005796837233799989,0.005328976856078386,0.2339301888608013,gbrt_rs:own
2011-09,0.006108137158295594,0.0055888121068235885,0.25966252573600246,gbrt_rs:own
2011-10,-0.008295537369609716,-0.008860741312312185,0.2826019713512341,gbrt_rs:own
2011-11,0.0073912479734345215,0.006729089145486157,0.33107941397418245,gbrt_rs:own
2011-12,0.0026552890594554687,0.0020441686189905366,0.305560220232466,gbrt_rs:own
2012-01,-0.008510551445528388,-0.009086691116430594,0.2880698354511034,gbrt_rs:own
2012-02,0.002103236842268705,0.0019389352140914398,0.08215081408863244,gbrt_rs:own
2012-03,0.00888820334575858,0.008746417140417195,0.07089310267069295,gbrt_rs:own
2012-04,0.002212218528506091,0.0019894591683536434,0.11137968007622395,gbrt_rs:own
2012-05,0.004243841459793131,0.004081934060771331,0.08095369951089912,gbrt_rs:own
2012-06,0.006291172228203579,0.006182049971762231,0.05456112822067399,gbrt_rs:own
2012-07,0.005730517524736121,0.00560169048712336,0.06441351880637972,gbrt_rs:own
2012-08,0.005289306805157193,0.005178161500597377,0.055572652279908,gbrt_rs:own
2012-09,-0.0005491623364626744,-0.0006618665244620144,0.05635209399966997,gbrt_rs:own
2012-10,0.0034335339005956067,0.0033203142647465753,0.05660981792451564,gbrt_rs:own
2012-11,0.005870655782728356,0.005754226882009066,0.05821445035964492,gbrt_rs:own
2012-12,-0.0010577940005885714,-0.0011723167067364901,0.05726135307395921,gbrt_rs:own
2013-01,0.0021517464636175094,0.0020545864308683473,0.04858001637458087,gbrt_rs:own
2013-02,0.003912962209547126,0.0038001506441758914,0.05640578268561718,gbrt_rs:own
2013-03,0.005835098049539812,0.00574521695105839,0.044940549240710836,gbrt_rs:own
2013-04,0.0063992768482809366,0.006284856557480657,0.05721014540014021,gbrt_rs:own
2013-05,0.0010161610759951538,0.0009264651775649184,0.044847949215117686,gbrt_rs:own
2013-06,0.005364321218362323,0.005272645310272673,0.04583795404482441,gbrt_rs:own
2013-07,0.009922026915423173,0.009795926253432964,0.06305033099510451,gbrt_rs:own
2013-08,1.846776791005806e-05,-7.83813649231243e-05,0.04842456641659147,gbrt_rs:own
2013-09,-0.0010028649127270842,-0.0011557732701041835,0.0764541786885496,gbrt_rs:own
2013-10,-0.00230821293797334,-0.0024003736779853162,0.046080370005987976,gbrt_rs:own
2013-11,0.001031304638520531,0.0009267665895208554,0.05226902449983788,gbrt_rs:own
2013-12,0.0032349679204566524,0.00317753304477061,0.028717437843021,gbrt_rs:own
2014-01,0.002932797580160938,0.0028669431094202826,0.032927235370327684,gbrt_rs:own
2014-02,0.004947844511452907,0.004864866834780678,0.0414888383361142,gbrt_rs:own
2014-03,0.002033700142623705,0.0019597405839825925,0.03697977932055621,gbrt_rs:own
2014-04,-0.001872824135135478,-0.002000143042220453,0.06365945354248707,gbrt_rs:own
2014-05,0.0009106272526944059,0.0007990387983693479,0.055794227162528916,gbrt_rs:own
2014-06,0.0045744140869294035,0.004498893390059564,0.03776034843491934,gbrt_rs:own
2014-07,0.003823394515883592,0.0037572546794866772,0.033069918198457254,gbrt_rs:own
2014-08,0.001520932182391866,0.001398417897765041,0.06125714231341251,gbrt_rs:own
2014-09,-0.0008336112669292788,-0.0008993314453093752,0.032860089190048125,gbrt_rs:own
2014-10,0.0025842102778113416,0.0025103974874956924,0.03690639515782468,gbrt_rs:own
2014-11,0.006581269704671882,0.006516433089323637,0.03241830767412241,gbrt_rs:own
2014-12,0.007678943118494285,0.0076088869258951345,0.03502809629957555,gbrt_rs:own
2015-01,0.006817639939798294,0.006116748996290683,0.3504454717538058,gbrt_rs:own
2015-02,0.0024647583408361775,0.0018125834757240383,0.3260874325560695,gbrt_rs:own
2015-03,0.00785123589082474,0.00722460569857701,0.3133150961238656,gbrt_rs:own
2015-04,-0.0071552838819391945,-0.007810709378355236,0.3277127482080212,gbrt_rs:own
2015-05,0.0013514783426996724,0.000546226904421953,0.40262571913885953,gbrt_rs:own
2015-06,0.006851702768045653,0.006211887658378321,0.3199075548336668,gbrt_rs:own
2015-07,0.009688285105358262,0.009179122418811822,0.25458134327321946,gbrt_rs:own
2015-08,0.008292416737852002,0.007775940501211293,0.25823811832035387,gbrt_rs:own
2015-09,0.006182223149075503,0.00564819155530985,0.26701579688282645,gbrt_rs:own
2015-10,-0.004866526666809219,-0.005413334187132827,0.27340376016180434,gbrt_rs:own
2015-11,0.004080356199893131,0.0034294541326717574,0.32545103361068667,gbrt_rs:own
2015-12,0.0014706319663445437,0.0008331088512484005,0.31876155754807173,gbrt_rs:own
2016-01,0.0014566682577766704,0.0007943060327684613,0.3311811125041045,gbrt_rs:own
2016-02,-0.0024754753556014016,-0.0032077637010217946,0.36614417271019634,gbrt_rs:own
2016-03,-0.011246845174466061,-0.01202266518153251,0.3879100035332239,gbrt_rs:own
2016-04,0.0022648577116852237,0.0014552587824963256,0.404799464594449,gbrt_rs:own
2016-05,0.004031355797953578,0.003307990185543498,0.3616828062050398,gbrt_rs:own
2016-06,-0.0011099981472025798,-0.001811076236842401,0.3505390448199105,gbrt_rs:own
2016-07,0.0006948405039697424,3.660719324761096e-05,0.3291166553610656,gbrt_rs:own
2016-08,0.004986902078624306,0.004284359766284482,0.35127115616991206,gbrt_rs:own
2016-09,0.0048954542462570794,0.00414361124180719,0.37592150222494497,gbrt_rs:own
2016-10,0.0027658931585722475,0.002129875756511695,0.318008701030276,gbrt_rs:own
2016-11,-0.004114315884134307,-0.004747589580587925,0.3166368482268093,gbrt_rs:own
2016-12,0.0011705758638961975,0.0004331376565181787,0.3687191036890093,gbrt_rs:own
2017-01,0.005237115021204455,0.004562648465399963,0.33723327790224644,gbrt_rs:own
2017-02,-0.0011820428348149226,-0.0014993159474484621,0.1586365563167696,gbrt_rs:own
2017-03,0.004866244163807006,0.004595081000915239,0.1355815814458833,gbrt_rs:own
2017-04,4.218372580713318e-05,-0.0002535807378673297,0.1478822318372314,gbrt_rs:own
2017-05,0.006345641467976471,0.006046516996081257,0.14956223594760676,gbrt_rs:own
2017-06,-0.00027717146582789356,-0.0005973656156191091,0.16009707489560773,gbrt_rs:own
2017-07,0.004510689312266878,0.004220239863412627,0.14522472442712525,gbrt_rs:own
2017-08,0.002398141343593569,0.002109802812759618,0.14416926541697533,gbrt_rs:own
2017-09,0.0027511035585894507,0.002489530455735721,0.13078655142686468,gbrt_rs:own
2017-10,0.002942422859816352,0.0026862389589919315,0.12809195041221008,gbrt_rs:own
2017-11,0.0026974312136169624,0.002372034076574164,0.1626985685213994,gbrt_rs:own
2017-12,0.0011438522000682312,0.0008435106482921604,0.15017077588803535,gbrt_rs:own
2018-01,0.0048139320880515825,0.004521789320120299,0.14607138396564098,gbrt_rs:own
2018-02,0.0033668464072255165,0.0032394495946854703,0.06369840627002316,gbrt_rs:own
2018-03,0.002517000125871129,0.002354991791299927,0.08100416728560103,gbrt_rs:own
2018-04,0.0017736031141443254,0.0016534246957313169,0.060089209206504374,gbrt_rs:own
2018-05,0.005577018581180441,0.005454706972715771,0.061155804232335215,gbrt_rs:own
2018-06,0.0035395007432933254,0.0034163518247341943,0.061574459279565515,gbrt_rs:own
2018-07,0.005293958641895521,0.005180820738647609,0.056568951623956074,gbrt_rs:own
2018-08,0.0041109116746008345,0.00399667544769247,0.05711811345418265,gbrt_rs:own
2018-09,0.011336220467807068,0.011223582496326066,0.056318985740501495,gbrt_rs:own
2018-10,0.002394545819640416,0.002279762268403048,0.05739177561868407,gbrt_rs:own
2018-11,-0.0017429179820563974,-0.0018661437713105944,0.06161289462709871,gbrt_rs:own
2018-12,-0.0016836808252791498,-0.0018132497430055823,0.06478445886321647,gbrt_rs:own
2019-01,0.004514891479313021,0.004314222988765561,0.10033424527373005,gbrt_rs:own
2019-02,-0.0042085760757262745,-0.004442349910239198,0.11688691725646225,gbrt_rs:own
2019-03,0.0034974122196255505,0.0032957977834993015,0.10080721806312458,gbrt_rs:own
2019-04,0.0022933308324722245,0.002117795053645534,0.08776788941334479,gbrt_rs:own
2019-05,0.0020805249961321783,0.0018992385647747996,0.09064321567868948,gbrt_rs:own
2019-06,0.004329562742830778,0.004125887411218021,0.10183766580637804,gbrt_rs:own
2019-07,0.005826391839565997,0.005670469495227586,0.077961172169205,gbrt_rs:own
2019-08,0.001519705342883688,0.0013389360756953827,0.09038463359415258,gbrt_rs:own
2019-09,-0.0013077769929556206,-0.0014833182632259115,0.08777063513514545,gbrt_rs:own
2019-10,0.0004923920236522361,0.00031112282227644484,0.0906346006878957,gbrt_rs:own
2019-11,0.0026939280658975925,0.0025236021546064737,0.08516295564555941,gbrt_rs:own
2019-12,0.0039623588731704665,0.003773750473128484,0.09430420002099141,gbrt_rs:own
2020-01,0.004688519801745814,0.003911353578880578,0.388583111432618,gbrt_rs:own
2020-02,0.00822279464535798,0.00752074877220615,0.3510229365759146,gbrt_rs:own
2020-03,0.011553970551235249,0.010936356734546985,0.30880690834413055,gbrt_rs:own
2020-04,-0.010570814345311423,-0.011506285592511501,0.467735623600039,gbrt_rs:own
2020-05,-0.0016890750784620003,-0.002696029184638448,0.5034770530882239,gbrt_rs:own
2020-06,-0.003202775134238714,-0.004084089185926803,0.4406570258440448,gbrt_rs:own
2020-07,0.002415763821842179,0.0015525736670482968,0.4315950773969407,gbrt_rs:own
2020-08,-0.004631207415818981,-0.0054458349270002804,0.4073137555906497,gbrt_rs:own
2020-09,-4.009769432519723e-06,-0.0008354956438032864,0.4157429371853833,gbrt_rs:own
2020-10,0.004138307062747222,0.003327349185229024,0.4054789387590994,gbrt_rs:own
2020-11,-0.018044991034395788,-0.018725395619470845,0.3402022925375285,gbrt_rs:own
2020-12,0.001502648958648014,0.0003709407593925833,0.5658540996277153,gbrt_rs:own
2021-01,0.004472832927116837,0.0034504753662215493,0.5111787804476434,gbrt_rs:own
2021-02,-0.0006860528978786863,-0.0010296114962452156,0.17177929918326454,gbrt_rs:own
2021-03,0.0029881736508812606,0.00259131394127447,0.1984298548033955,gbrt_rs:own
2021-04,0.002482969790920514,0.0020820507874811556,0.20045950171967955,gbrt_rs:own
2021-05,0.0018348873091787018,0.0014485848856777373,0.1931512117504825,gbrt_rs:own
2021-06,-0.004441429897895136,-0.0048295208570334905,0.19404547956917753,gbrt_rs:own
2021-07,0.002202111541060452,0.0018366326423560335,0.18273944935220932,gbrt_rs:own
2021-08,8.584291178797731e-05,-0.000252570597666711,0.1692067547273441,gbrt_rs:own
2021-09,0.005447513069165435,0.005081913635604077,0.18279971678067922,gbrt_rs:own
2021-10,0.001123972412592089,0.000747029818920399,0.18847129683584504,gbrt_rs:own
2021-11,0.006833914921507565,0.006495693655397528,0.16911063305501864,gbrt_rs:own
2021-12,0.009996802599548703,0.009556968445927357,0.2199170768106728,gbrt_rs:own
2022-01,0.011205413441040903,0.010775819576701637,0.21479693216963264,gbrt_rs:own
2022-02,0.009458511615236401,0.008939496975431864,0.2595073199022698,gbrt_rs:own
2022-03,0.007631125974441017,0.007087449231498186,0.2718383714714159,gbrt_rs:own
2022-04,0.011548709883089174,0.011065202792514304,0.24175354528743498,gbrt_rs:own
2022-05,0.004767844835578555,0.004279368928568643,0.2442379535049564,gbrt_rs:own
2022-06,5.257693531929948e-05,-0.0004531712947806672,0.25287411504998336,gbrt_rs:own
2022-07,-0.002129959352650186,-0.0027020441436861557,0.2860423955179847,gbrt_rs:own
2022-08,-0.0007518385700471045,-0.0013287560545873073,0.28845874227010143,gbrt_rs:own
2022-09,0.005746804387033262,0.0052470143999795845,0.2498949935268389,gbrt_rs:own
2022-10,0.0034487841488397425,0.0029327739069721147,0.25800512093381367,gbrt_rs:own
2022-11,-0.002279472758013413,-0.0028239455596875216,0.2722364008370541,gbrt_rs:own
2022-12,0.006150039908913315,0.005594798238369115,0.27762083527209946,gbrt_rs:own
2023-01,0.0011572331994747559,0.000376293772775773,0.3904697133494914,gbrt_rs:own
2023-02,0.0037398275681148232,0.0028944292275279865,0.4226991702934185,gbrt_rs:own
2023-03,0.00426067127058222,0.0036141821039101293,0.3232445833360456,gbrt_rs:own
2023-04,-0.001452821384926688,-0.002133878701574143,0.34052865832372753,gbrt_rs:own
2023-05,-0.002453768468756007,-0.0031272731903978297,0.33675236082091115,gbrt_rs:own
2023-06,0.003723022038604332,0.003034748889257935,0.3441365746731983,gbrt_rs:own
2023-07,0.0031804725946372016,0.0024688556294450038,0.3558084825960989,gbrt_rs:own
2023-08,0.0019268970945948245,0.00118000146446784,0.3734478150634924,gbrt_rs:own
2023-09,0.009395653164010106,0.008665070170037543,0.3652914969862808,gbrt_rs:own
2023-10,0.007510808264807363,0.006918795679564397,0.2960062926214828,gbrt_rs:own
2023-11,-0.006106495594726555,-0.006783453123366306,0.33847876431987484,gbrt_rs:own
2023-12,0.004312745557830135,0.0036035341869281906,0.3546056854509722,gbrt_rs:own
2024-01,0.010780825386687554,0.010099760160093268,0.34053261329714296,gbrt_rs:own
2024-02,0.0010922265748177656,0.00042543715424816944,0.3333947102847981,gbrt_rs:own
2024-03,0.003701089355188266,0.002994865817369711,0.35311176890927753,gbrt_rs:own
2024-04,0.0016484973947899447,0.0009414338411248054,0.35353177683256976,gbrt_rs:own
2024-05,0.0036294164980981204,0.0030050954943886,0.31216050185476024,gbrt_rs:own
2024-06,0.0019466272688452126,0.0012708897191172266,0.33786877486399275,gbrt_rs:own
2024-07,0.0013627651089228262,0.0007216581799343096,0.32055346449425837,gbrt_rs:own
2024-08,0.002998691681748267,0.002333124322028807,0.3327836798597303,gbrt_rs:own
2024-09,-0.0005973561015865059,-0.0012523843815680923,0.3275141399907932,gbrt_rs:own
2024-10,0.0028258377819601467,0.0021416167143467548,0.34211053380669587,gbrt_rs:own
2024-11,0.009626133426212814,0.008946491167681645,0.3398211292655843,gbrt_rs:own
2024-12,0.0024425644900169068,0.0017692439888710272,0.3366602505729399,gbrt_rs:own
2025-01,0.0023719297405086683,0.0017153265111221358,0.3283016146932663,gbrt_rs:own
2025-02,0.0046637695482241925,0.004041312577911977,0.31122848515610796,gbrt_rs:own
2025-03,0.005949267843067914,0.005367028117206284,0.29111986293081454,gbrt_rs:own
2025-04,-0.0012162393837752098,-0.0017801403156737924,0.28195046594929135,gbrt_rs:own
2025-05,-0.0009335191109833663,-0.0015274298083591952,0.29695534868791423,gbrt_rs:own
2025-06,-0.002559662352040063,-0.003088456771845259,0.26439720990259774,gbrt_rs:own
2025-07,-0.0015784445834741653,-0.0020527804378751846,0.2371679272005095,gbrt_rs:own
2025-08,0.0016061572789314222,0.0010508090055950123,0.2776741366682052,gbrt_rs:own
2025-09,0.004632908176838329,0.00405765980939004,0.28762418372414467,gbrt_rs:own
2025-10,0.012709056040461969,0.01213425019609976,0.28740292218110386,gbrt_rs:own
2025-11,0.0031745168982657682,0.002571843840258591,0.30133652900358854,gbrt_rs:own
2025-12,0.008965516582933864,0.008391183384496091,0.28716659921888665,gbrt_rs:own
2000-01,0.00910555413172216,0.00910555413172216,0.0,gbrt_rs:pooled
2000-02,0.0028454408716769115,0.00101507745319085,0.915181709243031,gbrt_rs:pooled
2000-03,0.0004911123872839359,-0.0014735552683873565,0.9823338278356462,gbrt_rs:pooled
2000-04,-0.0048447314976848375,-0.006998508335016543,1.0768884186658525,gbrt_rs:pooled
2000-05,-0.0010825198919452664,-0.0029000871124742413,0.908783610264487,gbrt_rs:pooled
2000-06,-0.0040602509078839786,-0.00601923203275436,0.9794905624351908,gbrt_rs:pooled
2000-07,0.0014893256559026487,-0.0004401018043334849,0.964713730118067,gbrt_rs:pooled
2000-08,-0.0045965217984074245,-0.006321938906914444,0.8627085542535096,gbrt_rs:pooled
2000-09,0.004298867341763655,0.002400156253906938,0.9493555439283586,gbrt_rs:pooled
2000-10,0.0032299635343848525,0.0015595858016994953,0.8351888663426783,gbrt_rs:pooled
2000-11,0.012797119349359645,0.01124735783761957,0.7748807558700367,gbrt_rs:pooled
2000-12,0.001934987246644378,0.00018678204462026357,0.8741026010120573,gbrt_rs:pooled
2001-01,-0.010429579359511033,-0.012391867618612757,0.9811441295508622,gbrt_rs:pooled
2001-02,0.013194684500193898,0.010856737544670444,1.1689734777617269,gbrt_rs:pooled
2001-03,0.018623277410419362,0.016168871128449492,1.227203140984935,gbrt_rs:pooled
2001-04,-0.00019413151549639628,-0.0021779560379510676,0.9919122612273358,gbrt_rs:pooled
2001-05,0.009787336120045648,0.007940110704494388,0.9236127077756303,gbrt_rs:pooled
2001-06,-0.001358263658592363,-0.003050076395686884,0.8459063685472603,gbrt_rs:pooled
2001-07,0.013916734855381002,0.012081123770448192,0.9178055424664052,gbrt_rs:pooled
2001-08,-0.005620820576870885,-0.007234540999124132,0.8068602111266248,gbrt_rs:pooled
2001-09,0.008633533467923567,0.0066524494954149855,0.9905419862542914,gbrt_rs:pooled
2001-10,-0.007641733844832766,-0.009608247960097934,0.983257057632584,gbrt_rs:pooled
2001-11,0.001805207112210261,-0.00031202547055942883,1.058616291384845,gbrt_rs:pooled
2001-12,0.010233921302081095,0.007993065664672856,1.1204278187041192,gbrt_rs:pooled
2002-01,0.0004273963689865012,-0.001471422884052683,0.9494096265195924,gbrt_rs:pooled
2002-02,0.0023150110532775825,0.001867951401536117,0.22352982587073275,gbrt_rs:pooled
2002-03,0.004588238349376206,0.004178161142732106,0.20503860332205043,gbrt_rs:pooled
2002-04,0.009335612860391047,0.008939131505735004,0.19824067732802106,gbrt_rs:pooled
2002-05,0.002086833799810136,0.001680967889258256,0.20293295527593996,gbrt_rs:pooled
2002-06,0.007037755040183682,0.006692403275384606,0.17267588239953746,gbrt_rs:pooled
2002-07,0.0018589438514017777,0.0015310073349335184,0.1639682582341294,gbrt_rs:pooled
2002-08,0.007200412948255786,0.0068569398376404685,0.17173655530765872,gbrt_rs:pooled
2002-09,0.00972129486537508,0.009376159486739527,0.17256768931777652,gbrt_rs:pooled
2002-10,0.006444008759135712,0.0061178630542470715,0.16307285244431965,gbrt_rs:pooled
2002-11,0.0024433165034328506,0.0019757941569693766,0.2337611732317371,gbrt_rs:pooled
2002-12,0.006550088725073814,0.00616607132015842,0.1920087024576969,gbrt_rs:pooled
2003-01,-4.9399458525412517e-05,-0.0003463154771197236,0.1484580092971555,gbrt_rs:pooled
2003-02,0.0038281455497067565,0.003681802019830731,0.07317176493801288,gbrt_rs:pooled
2003-03,0.007267182610405327,0.007160421080050514,0.05338076517740649,gbrt_rs:pooled
2003-04,-0.0067363088947341,-0.00687081408787361,0.06725259656975514,gbrt_rs:pooled
2003-05,0.007407601950472468,0.007158788804918813,0.12440657277682753,gbrt_rs:pooled
2003-06,0.0073623791819309465,0.007185700967875113,0.08833910702791686,gbrt_rs:pooled
2003-07,0.006579413254451227,0.00642321955943271,0.0780968475092582,gbrt_rs:pooled
2003-08,0.004675133112308557,0.004497969332181297,0.08858189006363001,gbrt_rs:pooled
2003-09,0.001965458625436245,0.0015889959988156814,0.18823131331028198,gbrt_rs:pooled
2003-10,0.010061468626525658,0.00994667054149856,0.057399042513549034,gbrt_rs:pooled
2003-11,0.003661502134855066,0.003544099249761213,0.05870144254692657,gbrt_rs:pooled
2003-12,0.001820398894113476,0.0017081387430931824,0.0561300755101468,gbrt_rs:pooled
2004-01,-0.001867971548008909,-0.0020221527620557936,0.07709060702344224,gbrt_rs:pooled
2004-02,0.003839085417027565,0.00365539498196666,0.0918452175304526,gbrt_rs:pooled
2004-03,0.004379481965649427,0.004224927888759664,0.07727703844488155,gbrt_rs:pooled
2004-04,0.003436607480558605,0.0033153012771497364,0.0606531017044345,gbrt_rs:pooled
2004-05,-0.002445037371169204,-0.0026124755244512766,0.0837190766410365,gbrt_rs:pooled
2004-06,0.00464105351563067,0.004519248554056018,0.06090248078732591,gbrt_rs:pooled
2004-07,0.002705166487067764,0.0025995091562465746,0.052828665410594444,gbrt_rs:pooled
2004-08,0.006371858194235092,0.006248121794871136,0.061868199681977876,gbrt_rs:pooled
2004-09,0.003184299247123172,0.003063050780932566,0.06062423309530312,gbrt_rs:pooled
2004-10,0.003067202722345816,0.0029445866251364495,0.0613080486046833,gbrt_rs:pooled
2004-11,0.004112952151498257,0.003955529474451217,0.07871133852351997,gbrt_rs:pooled
2004-12,0.008126156939664207,0.007997706585790429,0.06422517693688895,gbrt_rs:pooled
2005-01,0.0002415650557312144,-0.0002931394309602259,0.2673522433457202,gbrt_rs:pooled
2005-02,0.011025236772883376,0.010568019001643274,0.22860888562005152,gbrt_rs:pooled
2005-03,0.008200627116571583,0.007712179279212108,0.24422391867973714,gbrt_rs:pooled
2005-04,0.013734847253238456,0.013266638489804475,0.23410438171699097,gbrt_rs:pooled
2005-05,-0.013460703425550457,-0.013887426697903868,0.21336163617670487,gbrt_rs:pooled
2005-06,0.003308294143235263,0.0026317453345397405,0.338274404347761,gbrt_rs:pooled
2005-07,0.007753156132870512,0.007257947055447362,0.24760453871157548,gbrt_rs:pooled
2005-08,0.0008180897486261029,0.00030575267629303954,0.2561685361665318,gbrt_rs:pooled
2005-09,0.0028918812945265856,0.002289779083717876,0.3010511054043548,gbrt_rs:pooled
2005-10,0.0002621509993701955,-0.0002208821558285689,0.24151657759938222,gbrt_rs:pooled
2005-11,-0.002607596410131689,-0.0031618609700828203,0.27713227997556583,gbrt_rs:pooled
2005-12,-0.0018342372301097746,-0.002392405110039088,0.2790839399646566,gbrt_rs:pooled
2006-01,0.00841256222305751,0.007781334207824827,0.3156140076163418,gbrt_rs:pooled
2006-02,0.0035269973439232567,0.002608696722812088,0.459150310555584,gbrt_rs:pooled
2006-03,-0.0015693888034706781,-0.0023784414801754678,0.4045263383523948,gbrt_rs:pooled
2006-04,0.007872602082938628,0.006989615627706854,0.44149322761588666,gbrt_rs:pooled
2006-05,-0.00039299752902882093,-0.0011578150814132713,0.38240877619222513,gbrt_rs:pooled
2006-06,0.01633186762670042,0.015679975243517785,0.3259461915913175,gbrt_rs:pooled
2006-07,0.0018934334217347217,0.0010102226609591642,0.4416053803877788,gbrt_rs:pooled
2006-08,-0.004502437380691662,-0.005280346112600719,0.388954365954528,gbrt_rs:pooled
2006-09,0.001370797412559026,0.000583751947915609,0.39352273232170853,gbrt_rs:pooled
2006-10,0.000280227959936301,-0.0003445065602919695,0.3123672601141354,gbrt_rs:pooled
2006-11,0.006207268207070857,0.005580018225600765,0.3136249907350461,gbrt_rs:pooled
2006-12,0.0008721521766665014,0.00023671578638382917,0.31771819514133604,gbrt_rs:pooled
2007-01,0.007228106320298723,0.006368166681152276,0.4299698195732237,gbrt_rs:pooled
2007-02,-0.0013330131025364126,-0.00239583650774731,0.5314117026054488,gbrt_rs:pooled
2007-03,0.00759636807957474,0.006605026815728938,0.49567063192290056,gbrt_rs:pooled
2007-04,0.008350601140736649,0.007429545801128539,0.4605276698040559,gbrt_rs:pooled
2007-05,0.0029482896060035644,0.0020115096037517316,0.4683900011259163,gbrt_rs:pooled
2007-06,-0.002112520097649976,-0.00316800176651132,0.5277408344306717,gbrt_rs:pooled
2007-07,-0.0017677520522709456,-0.00298051365967589,0.6063808037024723,gbrt_rs:pooled
2007-08,0.0006871266364743044,-0.0004820194240163494,0.584573030245327,gbrt_rs:pooled
2007-09,0.002251487696927688,0.001157346003209715,0.547070846858986,gbrt_rs:pooled
2007-10,0.012375060275295018,0.011305203175694589,0.5349285498002144,gbrt_rs:pooled
2007-11,0.002132774499880066,0.0011437339091829154,0.49452029534857544,gbrt_rs:pooled
2007-12,0.003969599839272241,0.002927050208463828,0.5212748154042067,gbrt_rs:pooled
2008-01,0.0017134522696838068,0.0006017836669303493,0.555834301376729,gbrt_rs:pooled
2008-02,0.0014214165173970462,5.41344073071394e-05,0.6836410550449533,gbrt_rs:pooled
2008-03,0.0014598510105018456,0.00018378088255328767,0.6380350639742789,gbrt_rs:pooled
2008-04,0.004444583927560993,0.003144409047901195,0.6500874398298985,gbrt_rs:pooled
2008-05,-0.0008885328395122343,-0.0022825214275192453,0.6969942940035054,gbrt_rs:pooled
2008-06,0.008392249778936102,0.007116979680387185,0.6376350492744585,gbrt_rs:pooled
2008-07,-0.008083779689259841,-0.009198245578176938,0.5572329444585479,gbrt_rs:pooled
2008-08,0.008620470937914808,0.007132485736228423,0.7439926008431929,gbrt_rs:pooled
2008-09,0.010837294745851406,0.009718299432865955,0.5594976564927258,gbrt_rs:pooled
2008-10,0.030040743619819395,0.02887007722242598,0.5853331986967066,gbrt_rs:pooled
2008-11,0.018420437970224645,0.01738598150829628,0.5172282309641827,gbrt_rs:pooled
2008-12,-0.001910128031940576,-0.0028614706677258673,0.4756713178926457,gbrt_rs:pooled
2009-01,0.0015193870608676816,0.00040004463400363893,0.5596712134320213,gbrt_rs:pooled
2009-02,0.007012505671603889,0.005762570487978383,0.6249675918127527,gbrt_rs:pooled
2009-03,-0.0061814421407875245,-0.007179570090081754,0.49906397464711444,gbrt_rs:pooled
2009-04,-0.018842861587554747,-0.020092202918390187,0.6246706654177194,gbrt_rs:pooled
2009-05,0.004592919289728063,0.002969566682152483,0.8116763037877898,gbrt_rs:pooled
2009-06,-0.003648401133808923,-0.005389164472244203,0.8703816692176403,gbrt_rs:pooled
2009-07,0.005846203802478531,0.0041544395879265445,0.8458821072759932,gbrt_rs:pooled
2009-08,0.0010783740576367244,-0.00036083564900762655,0.7196048533221757,gbrt_rs:pooled
2009-09,0.005409438232287261,0.003988882473112599,0.7102778795873315,gbrt_rs:pooled
2009-10,0.002742510846128936,0.001354463483471984,0.6940236813284761,gbrt_rs:pooled
2009-11,0.0011294919169625992,-0.0002509159458518786,0.6902039314072392,gbrt_rs:pooled
2009-12,-0.002545744500180076,-0.0038499904711498454,0.6521229854848845,gbrt_rs:pooled
2010-01,0.0009591322893203331,-0.00041023372873943547,0.6846830090298842,gbrt_rs:pooled
2010-02,0.00017226262052302352,-0.001044524471241712,0.6083935458823677,gbrt_rs:pooled
2010-03,-0.003288679195418305,-0.004610991350344765,0.6611560774632307,gbrt_rs:pooled
2010-04,0.005618870170816196,0.004343108794698941,0.6378806880586276,gbrt_rs:pooled
2010-05,0.004331537785698392,0.0029703538750158313,0.6805919553412804,gbrt_rs:pooled
2010-06,0.006473900078697647,0.005392849123544318,0.5405254775766642,gbrt_rs:pooled
2010-07,0.0009344557669970256,5.280984710230747e-05,0.4408229599473591,gbrt_rs:pooled
2010-08,0.0035232122177506066,0.0024118547227551215,0.5556787474977422,gbrt_rs:pooled
2010-09,0.0013407672834634052,0.0002227969664388022,0.5589851585123013,gbrt_rs:pooled
2010-10,0.006518809108466134,0.00550150443824532,0.5086523351104068,gbrt_rs:pooled
2010-11,0.009306607635019384,0.008361179141271333,0.47271424687402547,gbrt_rs:pooled
2010-12,0.0054294351534424695,0.004508834206931147,0.46030047325566065,gbrt_rs:pooled
2011-01,0.0047088520619668625,0.0038133703070286603,0.44774087746910124,gbrt_rs:pooled
2011-02,0.0005922592018781335,-0.0002714795672995069,0.4318693845888203,gbrt_rs:pooled
2011-03,0.0013026291157392847,0.0004787751812149101,0.41192696726218725,gbrt_rs:pooled
2011-04,0.008000594457980122,0.007178853927576531,0.4108702652017962,gbrt_rs:pooled
2011-05,0.004439634615513319,0.003735586701450811,0.3520239570312538,gbrt_rs:pooled
2011-06,0.004677547524314097,0.003975792002037794,0.3508777611381514,gbrt_rs:pooled
2011-07,0.007938283908638757,0.007272031767208557,0.3331260707150991,gbrt_rs:pooled
2011-08,0.008391141593013216,0.007745377915530312,0.32288183874145204,gbrt_rs:pooled
2011-09,0.009405243341852379,0.008761783572746984,0.3217298845526975,gbrt_rs:pooled
2011-10,-0.007273388626912882,-0.008045827111020839,0.3862192420539779,gbrt_rs:pooled
2011-11,0.009196125157530358,0.008237457263843125,0.479333946843617,gbrt_rs:pooled
2011-12,0.0018522104271980725,0.000986355393841163,0.4329275166784549,gbrt_rs:pooled
2012-01,-0.0118998531676729,-0.012659144979318217,0.3796459058226588,gbrt_rs:pooled
2012-02,-0.002539106833519413,-0.003135329400318923,0.2981112833997549,gbrt_rs:pooled
2012-03,0.009122234434199539,0.008549049771730245,0.2865923312346473,gbrt_rs:pooled
2012-04,0.004137978755319336,0.003631966126025093,0.2530063146471216,gbrt_rs:pooled
2012-05,0.007203294209968413,0.006731113792221816,0.23609020887329868,gbrt_rs:pooled
2012-06,0.006127793309471424,0.005759148218924591,0.18432254527341682,gbrt_rs:pooled
2012-07,0.006694060396279027,0.006286080680276956,0.20398985800103583,gbrt_rs:pooled
2012-08,0.0055809062196724045,0.0052199286935226364,0.1804887630748841,gbrt_rs:pooled
2012-09,-0.0006484012066811189,-0.0010254092418965255,0.18850401760770327,gbrt_rs:pooled
2012-10,0.0034269116818732926,0.003015404018480792,0.20575383169625033,gbrt_rs:pooled
2012-11,0.006551562365726752,0.006157322515967267,0.19711992487974278,gbrt_rs:pooled
2012-12,-0.0018592053317277079,-0.0022307395017640962,0.1857670850181942,gbrt_rs:pooled
2013-01,0.00226524340616285,0.0019312387569774842,0.167002324592683,gbrt_rs:pooled
2013-02,0.004111726474983746,0.00392934913096479,0.09118867200947837,gbrt_rs:pooled
2013-03,0.006182704390635531,0.006025793460775094,0.07845546493021803,gbrt_rs:pooled
2013-04,0.007074264697963566,0.006903788463967074,0.08523811699824538,gbrt_rs:pooled
2013-05,0.00140787435894796,0.0012651215709297415,0.07137639400910911,gbrt_rs:pooled
2013-06,0.0051996628049784015,0.005029022433965096,0.08532018550665255,gbrt_rs:pooled
2013-07,0.010254758381134148,0.01003331884997692,0.11071976557861435,gbrt_rs:pooled
2013-08,-0.0002407960487436525,-0.00041998025929707185,0.08959210527670965,gbrt_rs:pooled
2013-09,-0.0012855545330828768,-0.0015217231297126321,0.11808429831487759,gbrt_rs:pooled
2013-10,-0.002313731638620099,-0.0024855254468582463,0.08589690411907377,gbrt_rs:pooled
2013-11,0.000983899217396185,0.0008057987379097821,0.08905023974320136,gbrt_rs:pooled
2013-12,0.003443807733977129,0.0033146250903256665,0.06459132182573138,gbrt_rs:pooled
2014-01,0.0032628551696700786,0.002881653991493772,0.19060058908815358,gbrt_rs:pooled
2014-02,0.005277806082640963,0.00484354272954824,0.2171316765463619,gbrt_rs:pooled
2014-03,0.0013323864950358804,0.0009115415784964511,0.21042245826971467,gbrt_rs:pooled
2014-04,-0.0011399534640488165,-0.0016497687011175135,0.254907618534349,gbrt_rs:pooled
2014-05,0.002857403607487126,0.0023726192591933216,0.24239217414690223,gbrt_rs:pooled
2014-06,0.006214609922312067,0.005696040599014659,0.25928466164870406,gbrt_rs:pooled
2014-07,0.000474565276526656,-1.213786971856537e-05,0.24335157312261063,gbrt_rs:pooled
2014-08,0.0016721025877209827,0.0011662014030782266,0.252950592321378,gbrt_rs:pooled
2014-09,-0.0008617513691895728,-0.001268547808945581,0.20339821987800405,gbrt_rs:pooled
2014-10,0.0037592154402603943,0.003333310498444772,0.21295247090781128,gbrt_rs:pooled
2014-11,0.008227334816850389,0.007791805901725354,0.21776445756251733,gbrt_rs:pooled
2014-12,0.011286966324628438,0.010885382018053513,0.20079215328746286,gbrt_rs:pooled
2015-01,0.007353346968846866,0.006686391369679357,0.3334777995837539,gbrt_rs:pooled
2015-02,-0.00029624584757068556,-0.0010698351717110565,0.3867946620701854,gbrt_rs:pooled
2015-03,0.008410483114929259,0.007630789440854413,0.38984683703742357,gbrt_rs:pooled
2015-04,-0.01024302636681392,-0.0110175457924973,0.38725971284169,gbrt_rs:pooled
2015-05,0.0014476585062092558,0.0004807368239123663,0.48346084114844473,gbrt_rs:pooled
2015-06,0.005450601555940314,0.004588602390195041,0.43099958287263634,gbrt_rs:pooled
2015-07,0.009895303569763283,0.009228569459297698,0.3333670552327934,gbrt_rs:pooled
2015-08,0.008559463064671695,0.007887709781641173,0.3358766415152611,gbrt_rs:pooled
2015-09,0.006063512313100762,0.005406964789997114,0.32827376155182375,gbrt_rs:pooled
2015-10,-0.00492830305255751,-0.0056249043494154775,0.34830064842898384,gbrt_rs:pooled
2015-11,0.004364523158900242,0.003565276760462438,0.3996231992189023,gbrt_rs:pooled
2015-12,0.0011648255077578123,0.00038870961830147365,0.38805794472816924,gbrt_rs:pooled
2016-01,0.002167024753982405,0.00139113770711068,0.38794352343586247,gbrt_rs:pooled
2016-02,-0.0027639249092716346,-0.0035872612673188177,0.41166817902359165,gbrt_rs:pooled
2016-03,-0.009032773261512849,-0.009974237547799551,0.4707321431433509,gbrt_rs:pooled
2016-04,0.003228508232379019,0.002251976842744933,0.488265694817043,gbrt_rs:pooled
2016-05,0.003247208767427209,0.002390963616267505,0.42812257557985184,gbrt_rs:pooled
2016-06,-0.0013348350088222822,-0.002199329296590728,0.432247143884223,gbrt_rs:pooled
2016-07,-0.00014664217667643116,-0.0009276111142086157,0.3904844687660924,gbrt_rs:pooled
2016-08,0.004612013820531236,0.0037746843553965142,0.41866473256736086,gbrt_rs:pooled
2016-09,0.004725272478146473,0.003937366208071585,0.3939531350374441,gbrt_rs:pooled
2016-10,0.002322859641598746,0.0016857471403837788,0.31855625060748377,gbrt_rs:pooled
2016-11,-0.0034276484605201708,-0.004169891976839549,0.37112175815968895,gbrt_rs:pooled
2016-12,0.0010116964467765427,0.00014585839391160517,0.43291902643246877,gbrt_rs:pooled
2017-01,0.005657880492213219,0.004891889009913852,0.3829957411496831,gbrt_rs:pooled
2017-02,-0.001110542894891166,-0.0017492656856126563,0.3193613953607449,gbrt_rs:pooled
2017-03,0.004093483449250139,0.003517948443508947,0.2877675028705964,gbrt_rs:pooled
2017-04,-0.0002609261606689845,-0.0008543411670897139,0.2967075032103648,gbrt_rs:pooled
2017-05,0.00591414099204108,0.005359369774596543,0.27738560872226864,gbrt_rs:pooled
2017-06,0.00030736437018342983,-0.0002769447333651606,0.29215455177429517,gbrt_rs:pooled
2017-07,0.004025639398470467,0.003469863594466622,0.27788790200192265,gbrt_rs:pooled
2017-08,0.0027569423513798966,0.0021700007428891383,0.2934708042453792,gbrt_rs:pooled
2017-09,0.0021034959869520716,0.0015818137085538936,0.2608411391990892,gbrt_rs:pooled
2017-10,0.00331990664830534,0.00280200184839889,0.25895239995322517,gbrt_rs:pooled
2017-11,0.00256575666062947,0.0019664554723799544,0.2996505941247581,gbrt_rs:pooled
2017-12,0.002073612357505669,0.0015006406763118363,0.2864858405969164,gbrt_rs:pooled
2018-01,0.005186758505409994,0.0046808551473479345,0.25295167903102966,gbrt_rs:pooled
2018-02,0.0035348248263688937,0.003249928580360384,0.14244812300425508,gbrt_rs:pooled
2018-03,0.0024762975663112008,0.0021957965542272083,0.14025050604199643,gbrt_rs:pooled
2018-04,0.0020934729335678154,0.0018311482911128316,0.13116232122749183,gbrt_rs:pooled
2018-05,0.005588527921979913,0.00533774305536782,0.12539243330604632,gbrt_rs:pooled
2018-06,0.003462455132666864,0.0031992431164102916,0.1316060081282859,gbrt_rs:pooled
2018-07,0.005145199588849793,0.004903892460479909,0.12065356418494226,gbrt_rs:pooled
2018-08,0.004549678433258803,0.004301977973392834,0.12385022993298435,gbrt_rs:pooled
2018-09,0.01225756171049758,0.01201966431751612,0.11894869649073109,gbrt_rs:pooled
2018-10,0.0026528817953077907,0.0023988793482606764,0.12700122352355694,gbrt_rs:pooled
2018-11,-0.0021850305389587927,-0.002450176710398025,0.13257308571961632,gbrt_rs:pooled
2018-12,-0.00029855107672339796,-0.0006122492312722016,0.15684907727440173,gbrt_rs:pooled
2019-01,0.00452683620285732,0.004290492444431374,0.11817187921297209,gbrt_rs:pooled
2019-02,-0.004327379369886781,-0.00453850854974192,0.10556458992756923,gbrt_rs:pooled
2019-03,0.0035931336147066364,0.003402835533245446,0.09514904073059509,gbrt_rs:pooled
2019-04,0.002087812508888203,0.0019256829812384754,0.08106476382486369,gbrt_rs:pooled
2019-05,0.0021262482175170307,0.0019477313233184558,0.08925844709928726,gbrt_rs:pooled
2019-06,0.004339493905578681,0.004137895063717634,0.100799420930523,gbrt_rs:pooled
2019-07,0.005740621712850878,0.005573983985199916,0.08331886382548144,gbrt_rs:pooled
2019-08,0.0014680000774701385,0.0012857499988675686,0.09112503930128492,gbrt_rs:pooled
2019-09,-0.0013302105298247243,-0.0015044212389778821,0.08710535457657877,gbrt_rs:pooled
2019-10,0.0005069636170820981,0.0003237941988727011,0.0915847091046985,gbrt_rs:pooled
2019-11,0.002721030460154219,0.0025511722442839633,0.0849291079351281,gbrt_rs:pooled
2019-12,0.003931049150530031,0.003744355880275034,0.09334663512749838,gbrt_rs:pooled
2020-01,0.002235824108294598,0.002102232779856542,0.06679566421902818,gbrt_rs:pooled
2020-02,0.004502710863879073,0.004377324085031644,0.06269338942371462,gbrt_rs:pooled
2020-03,0.0065644801797166506,0.006444198011038244,0.060141084339203316,gbrt_rs:pooled
2020-04,-0.006024327821655207,-0.006248887042186036,0.1122796102654141,gbrt_rs:pooled
2020-05,-0.0013561014708405878,-0.001610909317357931,0.1274039232586717,gbrt_rs:pooled
2020-06,-0.006840328202063689,-0.0070277108627937864,0.09369133036504805,gbrt_rs:pooled
2020-07,0.0021980430803313477,0.001983262694951561,0.10739019268989353,gbrt_rs:pooled
2020-08,-0.0038898259974702166,-0.004077102193414021,0.09363809797190198,gbrt_rs:pooled
2020-09,-0.0006930928003522549,-0.0008692104246308872,0.08805881213931613,gbrt_rs:pooled
2020-10,0.0046352938013359355,0.004438753408669801,0.09827019633306748,gbrt_rs:pooled
2020-11,-0.019122000711642315,-0.019290541985739387,0.08427063704853709,gbrt_rs:pooled
2020-12,-0.0035118032863897986,-0.003790152966318475,0.13917483996433813,gbrt_rs:pooled
2021-01,0.002396161378140099,0.00138654411273011,0.5048086327049948,gbrt_rs:pooled
2021-02,0.004019988381506901,0.003201656081907468,0.4091661497997162,gbrt_rs:pooled
2021-03,0.004531418617169472,0.003656419095756296,0.43749976070658847,gbrt_rs:pooled
2021-04,0.003252076418780156,0.00236356307637942,0.4442566712003677,gbrt_rs:pooled
2021-05,0.0030909635581833116,0.00222256732723948,0.4341981154719159,gbrt_rs:pooled
2021-06,-0.003889022901791614,-0.004661217908824586,0.3860975035164865,gbrt_rs:pooled
2021-07,0.0012035721288023472,0.0004060967764875889,0.398737676157379,gbrt_rs:pooled
2021-08,-0.0005809647850038535,-0.0012866775879785154,0.35285640148733094,gbrt_rs:pooled
2021-09,0.006280040183463792,0.00551378115561041,0.3831295139266906,gbrt_rs:pooled
2021-10,0.002184733290901779,0.0014461919695572957,0.36927066067224174,gbrt_rs:pooled
2021-11,0.004505868618566868,0.0038331595825564792,0.33635451800519417,gbrt_rs:pooled
2021-12,0.009712831102809388,0.008860225948947252,0.42630257693106804,gbrt_rs:pooled
2022-01,0.010544098377678791,0.009940282563495701,0.30190790709154475,gbrt_rs:pooled
2022-02,0.008648791348631097,0.008099793215914296,0.27449906635840055,gbrt_rs:pooled
2022-03,0.008626576257258291,0.00805465218634256,0.28596203545786547,gbrt_rs:pooled
2022-04,0.01194502142126732,0.011430148097890364,0.25743666168847795,gbrt_rs:pooled
2022-05,0.004658529360620612,0.004163731912763865,0.24739872392837328,gbrt_rs:pooled
2022-06,0.001140024797968598,0.0005889054852994516,0.2755596563345733,gbrt_rs:pooled
2022-07,-0.00332236376283931,-0.003911709741669238,0.2946729894149643,gbrt_rs:pooled
2022-08,-0.0012659487733967195,-0.001825371540098864,0.27971138335107204,gbrt_rs:pooled
2022-09,0.005097782153075433,0.00455218025791108,0.2728009475821768,gbrt_rs:pooled
2022-10,0.004384664315377294,0.003843513102171878,0.2705756066027081,gbrt_rs:pooled
2022-11,-0.004724638234328288,-0.005346377430676518,0.3108695981741143,gbrt_rs:pooled
2022-12,0.005169036825641193,0.004477506636898017,0.3457650943715876,gbrt_rs:pooled
2023-01,0.0008917156981192698,0.0001414995191725858,0.37510808947334184,gbrt_rs:pooled
2023-02,0.004991326461218829,0.00424941185598797,0.370957302615429,gbrt_rs:pooled
2023-03,0.0035223029157479993,0.002920422736207372,0.30094008977031356,gbrt_rs:pooled
2023-04,-2.4168225818228716e-05,-0.000698660794541494,0.3372462843616327,gbrt_rs:pooled
2023-05,-0.0026156053158092603,-0.0032426811009256314,0.3135378925581854,gbrt_rs:pooled
2023-06,0.002666844254064646,0.0019821318837816657,0.3423561851414899,gbrt_rs:pooled
2023-07,0.003490850806339689,0.002790877381653905,0.34998671234289175,gbrt_rs:pooled
2023-08,0.0033754214839201544,0.002687229506207357,0.3440959888563984,gbrt_rs:pooled
2023-09,0.009630483721451706,0.008955058600162796,0.33771256064445465,gbrt_rs:pooled
2023-10,0.007882406789172415,0.007278645053710511,0.3018808677309522,gbrt_rs:pooled
2023-11,-0.007063070117668957,-0.007732890552895674,0.33491021761335743,gbrt_rs:pooled
2023-12,0.004545306751552984,0.003841032058645556,0.3521373464537138,gbrt_rs:pooled
2024-01,0.011217570763513714,0.010576792036237995,0.32038936363785964,gbrt_rs:pooled
2024-02,0.00030437449323269546,-0.00024569927508280267,0.27503688415774896,gbrt_rs:pooled
2024-03,0.0035230994099409957,0.0029223523624205753,0.30037352376021065,gbrt_rs:pooled
2024-04,0.0014122009229545858,0.0007948821618654014,0.30865938054459213,gbrt_rs:pooled
2024-05,0.002331426297981051,0.0017826055427018048,0.2744103776396229,gbrt_rs:pooled
2024-06,0.0013285399479754348,0.0007691608305208416,0.2796895587272968,gbrt_rs:pooled
2024-07,0.0010791605168066563,0.0005457142873488966,0.2667231147288798,gbrt_rs:pooled
2024-08,0.0032758206545385597,0.0027410854505597023,0.26736760198942877,gbrt_rs:pooled
2024-09,0.00025804361331308707,-0.0002611167934287927,0.2595802033709399,gbrt_rs:pooled
2024-10,0.0030952519864529265,0.0025703837961760013,0.2624340951384627,gbrt_rs:pooled
2024-11,0.010568422669959766,0.010037247632458892,0.26558751875043646,gbrt_rs:pooled
2024-12,0.002325037600305293,0.0018062129576246694,0.25941232134031184,gbrt_rs:pooled
2025-01,0.002364011332328588,0.0018625679604287446,0.25072168594992184,gbrt_rs:pooled
2025-02,0.004573170468063376,0.004034253911885599,0.26945827808888867,gbrt_rs:pooled
2025-03,0.006089231557163954,0.005611476103259918,0.23887772695201842,gbrt_rs:pooled
2025-04,-0.0011016135181047303,-0.0015571931852261618,0.22778983356071575,gbrt_rs:pooled
2025-05,-0.0009015190836333685,-0.001430264376164677,0.26437264626565404,gbrt_rs:pooled
2025-06,-0.002258997874873215,-0.002753240078418878,0.2471211017728315,gbrt_rs:pooled
2025-07,-0.0014123322450330358,-0.0018460739855263412,0.21687087024665272,gbrt_rs:pooled
2025-08,0.001275537406655621,0.0007513647548271398,0.2620863259142406,gbrt_rs:pooled
2025-09,0.004757494289771353,0.004259845746215216,0.24882427177806843,gbrt_rs:pooled
2025-10,0.01126033194926538,0.010750226063310874,0.2550529429772539,gbrt_rs:pooled
2025-11,0.003483758002548041,0.0029324676490216084,0.2756451767632162,gbrt_rs:pooled
2025-12,0.009393403103005694,0.008862776670410006,0.2653132162978442,gbrt_rs:pooled
2000-01,0.008813461351109594,0.008813461351109594,0.0,hist_mean:rule
2000-02,-8.209966579722635e-05,-0.0003666495011590619,0.14227491768091738,hist_mean:rule
2000-03,0.005736909275304468,0.005373985081768108,0.18146209676817943,hist_mean:rule
2000-04,-0.011277336995766035,-0.011563350841675814,0.14300692295488984,hist_mean:rule
2000-05,-0.0022060970314672526,-0.002797388864860676,0.2956459166967118,hist_mean:rule
2000-06,-0.003131590635791353,-0.0035544033480020996,0.21140635610537317,hist_mean:rule
2000-07,0.004245786120790322,0.003971231922509254,0.13727709914053357,hist_mean:rule
2000-08,0.0007701282762872313,0.0005730598557536202,0.09853421026680521,hist_mean:rule
2000-09,0.004104492532986769,0.0039202879385373335,0.09210229722471755,hist_mean:rule
2000-10,-0.002340825102435379,-0.002537663321566898,0.09841910956575942,hist_mean:rule
2000-11,0.007805500271673333,0.007549486066096678,0.1280071027883274,hist_mean:rule
2000-12,-0.010501348250951104,-0.01086505678541576,0.18185426723232867,hist_mean:rule
2001-01,-0.005501372375145279,-0.005759582807564314,0.12910521620951762,hist_mean:rule
2001-02,0.004556812992188774,0.004292931173049875,0.1319409095694494,hist_mean:rule
2001-03,0.015589054641628516,0.015287880056389463,0.15058729261952614,hist_mean:rule
2001-04,0.006350176610321088,0.006036977725880551,0.1565994422202687,hist_mean:rule
2001-05,0.00038191711984404827,-0.00014134564769387637,0.26163138376896233,hist_mean:rule
2001-06,0.002057820592043868,0.0018660515371173936,0.09588452746323718,hist_mean:rule
2001-07,0.011248721713309373,0.011078168079095865,0.08527681710675399,hist_mean:rule
2001-08,-0.007098986363594759,-0.007438473380732123,0.1697435085686817,hist_mean:rule
2001-09,-0.0014263632245582094,-0.0016331806106668545,0.10340869305432246,hist_mean:rule
2001-10,0.004614861627704713,0.004212790061107659,0.2010357832985274,hist_mean:rule
2001-11,0.0038131968647399967,0.003611263806614071,0.10096652906296316,hist_mean:rule
2001-12,0.010631307407272647,0.01044001014937574,0.09564862894845333,hist_mean:rule
2002-01,-0.004622505445664396,-0.004795651834059849,0.0865731941977262,hist_mean:rule
2002-02,-0.0029219384695084337,-0.003151360498044084,0.11471101426782494,hist_mean:rule
2002-03,0.003435114168680207,0.0032419055320467042,0.09660431831675145,hist_mean:rule
2002-04,0.004671559953732687,0.004428011010574297,0.12177447157919556,hist_mean:rule
2002-05,0.0007694080971352158,0.0005368764608833489,0.11626581812593348,hist_mean:rule
2002-06,0.0028255549519297356,0.0026433951011680715,0.09107992538083189,hist_mean:rule
2002-07,-0.0015677218742144612,-0.0017119847867016022,0.07213145624357058,hist_mean:rule
2002-08,0.0068514686634305105,0.006685110284863755,0.08317918928337795,hist_mean:rule
2002-09,0.008643299280870577,0.008457256214444339,0.09302153321311893,hist_mean:rule
2002-10,0.0008299270216906294,0.0006964936885672982,0.06671666656166547,hist_mean:rule
2002-11,0.0048338332400911215,0.004627939876616887,0.10294668173711696,hist_mean:rule
2002-12,0.0049975884694553364,0.004812834955725885,0.0923767568647254,hist_mean:rule
2003-01,-0.0026121820675723906,-0.0027769207651655837,0.08236934879659635,hist_mean:rule
2003-02,0.002375159996870645,0.0022114231628929163,0.0818684169888644,hist_mean:rule
2003-03,0.004166845504988624,0.0040415568275750284,0.0626443387067973,hist_mean:rule
2003-04,-0.006669739326542619,-0.00682033049064746,0.0752955820524203,hist_mean:rule
2003-05,0.0057094230444343095,0.0053491978951599375,0.1801125746371861,hist_mean:rule
2003-06,0.007662980792943365,0.00751736268140631,0.07280905576852759,hist_mean:rule
2003-07,0.00772037373063757,0.007559717393431085,0.08032816860324253,hist_mean:rule
2003-08,0.005602498129101869,0.00545964820976144,0.07142495967021416,hist_mean:rule
2003-09,0.002728126184393089,0.0023430165131195675,0.1925548356367607,hist_mean:rule
2003-10,0.006897947431539409,0.006767927377533624,0.06501002700289256,hist_mean:rule
2003-11,0.0047806226564846765,0.004637260963467188,0.07168084650874385,hist_mean:rule
2003-12,0.0013355899224945446,0.0012152132296546127,0.06018834641996605,hist_mean:rule
2004-01,0.005199965251823944,0.0050166184789535795,0.091673386435182,hist_mean:rule
2004-02,0.004808596594297645,0.004614099869774522,0.09724836226156144,hist_mean:rule
2004-03,0.004385090624053842,0.004206055792552578,0.08951741575063232,hist_mean:rule
2004-04,0.011888724770940055,0.01174715646923363,0.07078415085321275,hist_mean:rule
2004-05,-0.0025171604588401595,-0.0027269539565810057,0.10489674887042272,hist_mean:rule
2004-06,0.0015694442473591298,0.0014322249669523996,0.06860964020336514,hist_mean:rule
2004-07,0.0027848490694212993,0.0026662947693128158,0.059277150054241654,hist_mean:rule
2004-08,0.006783209680694525,0.0066316083995603325,0.07580064056709608,hist_mean:rule
2004-09,0.0026673153926813223,0.0025284086580454643,0.06945336731792892,hist_mean:rule
2004-10,0.0002444517303135318,9.576908560925568e-05,0.07434132235213804,hist_mean:rule
2004-11,0.0021602839780762505,0.001982731561172355,0.08877620845194763,hist_mean:rule
2004-12,0.006068461189951235,0.005915040949096622,0.07671012042730635,hist_mean:rule
2005-01,0.00048184804752615304,0.00022016946245237355,0.13083929253688975,hist_mean:rule
2005-02,0.012481570489174063,0.012359029272523574,0.061270608325244585,hist_mean:rule
2005-03,0.005960174596362438,0.005805125988977254,0.07752430369259188,hist_mean:rule
2005-04,0.012444959654360824,0.012288841266741858,0.07805919380948405,hist_mean:rule
2005-05,-0.009548151668859512,-0.009738168705950855,0.0950085185456718,hist_mean:rule
2005-06,-0.004809962908395158,-0.004965357712009878,0.0776974018073602,hist_mean:rule
2005-07,0.010867884715367163,0.010758334543525903,0.05477508592062956,hist_mean:rule
2005-08,0.0023347607947062465,0.002199384452250352,0.06768817122794714,hist_mean:rule
2005-09,-0.0012650917988602677,-0.001460518398312773,0.09771329972625242,hist_mean:rule
2005-10,-0.0012453994161025792,-0.0013783956275260105,0.06649810571171566,hist_mean:rule
2005-11,-0.0015264092422326671,-0.001664135009969041,0.06886288386818674,hist_mean:rule
2005-12,-0.00022361931527238712,-0.0003686016602493318,0.07249117248847242,hist_mean:rule
2006-01,0.010805488975982368,0.010678825944446869,0.06333151576775034,hist_mean:rule
2006-02,-0.0007424181045478576,-0.001084937957352107,0.17125992640212462,hist_mean:rule
2006-03,-0.0150920422908407,-0.0152270633629477,0.06751053605349966,hist_mean:rule
2006-04,-0.0007148589872408032,-0.0009574667332498127,0.12130387300450468,hist_mean:rule
2006-05,0.0010695790006248077,0.0008544940164196169,0.1075424921025955,hist_mean:rule
2006-06,0.00870664326734029,0.00859552868566407,0.0555572908381102,hist_mean:rule
2006-07,0.0028884259905984162,0.002480433555381688,0.20399621760836406,hist_mean:rule
2006-08,0.0031989801725389047,0.0029803898689023897,0.10929515181825744,hist_mean:rule
2006-09,0.000186985580286211,-5.370170151123468e-05,0.12034364089872297,hist_mean:rule
2006-10,-0.0019380651428502428,-0.002078816336302139,0.0703755967259479,hist_mean:rule
2006-11,-0.006585393326671949,-0.006724041505793086,0.06932408956056876,hist_mean:rule
2006-12,-0.0007910737126688291,-0.0009524873055206896,0.08070679642593019,hist_mean:rule
2007-01,0.0003231210640367295,0.00013498377893202243,0.09406864255235364,hist_mean:rule
2007-02,-0.003718210831455202,-0.004115703773931058,0.19874647123792813,hist_mean:rule
2007-03,0.004938654721237354,0.0047466129713503195,0.09602087494351765,hist_mean:rule
2007-04,0.0035158781072819043,0.0032852051291503374,0.11533648906578364,hist_mean:rule
2007-05,0.0033048019312352742,0.0030395493148087697,0.1326263082132526,hist_mean:rule
2007-06,-1.3950472633369453e-06,-0.00018594058110303806,0.09227276691985059,hist_mean:rule
2007-07,-0.002007180497704583,-0.0022248053436995144,0.10881242299746556,hist_mean:rule
2007-08,0.0035591664975462164,0.0033226551710975175,0.11825566322434951,hist_mean:rule
2007-09,-0.0006514150606545858,-0.000841095341601317,0.09484014047336564,hist_mean:rule
2007-10,0.00794852570529554,0.007600085043356034,0.17422033096975267,hist_mean:rule
2007-11,0.001966811917297451,0.0016670860755904088,0.14986292085352088,hist_mean:rule
2007-12,0.001470585644582621,0.0012244240703567148,0.12308078711295305,hist_mean:rule
2008-01,-0.0003862598882944341,-0.0006502890799341946,0.1320145958198803,hist_mean:rule
2008-02,0.0035777250719907605,0.0033591335429562323,0.10929576451726393,hist_mean:rule
2008-03,-0.00032827807887043307,-0.0005022672153636055,0.0869945682465863,hist_mean:rule
2008-04,0.0032577175805170028,0.003051889969575475,0.1029138054707636,hist_mean:rule
2008-05,-0.001388490304554581,-0.0016467004476926226,0.12910507156902098,hist_mean:rule
2008-06,0.0035237050002491534,0.0033643301125199495,0.07968744386460183,hist_mean:rule
2008-07,0.005185245515630853,0.005035427081414786,0.0749092171080335,hist_mean:rule
2008-08,0.0016650601822310457,0.0014705615772345533,0.09724930249824605,hist_mean:rule
2008-09,0.003723558621650141,0.0035711341306529335,0.07621224549860398,hist_mean:rule
2008-10,0.005758678102674455,0.005545098919529806,0.10678959157232416,hist_mean:rule
2008-11,0.007735034897390635,0.007475508350897566,0.12976327324653436,hist_mean:rule
2008-12,0.0008785197440805563,0.0006123010048619389,0.13310936960930855,hist_mean:rule
2009-01,0.0016734557319955023,0.001443540702480879,0.11495751475731178,hist_mean:rule
2009-02,-0.002912549601483974,-0.003138694545455408,0.1130724719857173,hist_mean:rule
2009-03,-0.0034251369337173713,-0.0036331662093927633,0.10401463783769586,hist_mean:rule
2009-04,-0.019795828132083894,-0.020054817323491122,0.12949459570361332,hist_mean:rule
2009-05,-0.0047940986674826274,-0.005099996531486086,0.1529489320017296,hist_mean:rule
2009-06,0.000920118972499422,0.0006431243298908882,0.1384973213042668,hist_mean:rule
2009-07,0.0029895242457479584,0.0027957905630382495,0.0968668413548543,hist_mean:rule
2009-08,0.002471445009956141,0.002261482531777865,0.1049812390891382,hist_mean:rule
2009-09,-0.0009870802985769034,-0.0011512475397443607,0.08208362058372853,hist_mean:rule
2009-10,0.0011144944785100985,0.0009196028411394247,0.09744581868533694,hist_mean:rule
2009-11,0.0033223068363598548,0.0031661054301356313,0.0781007031121117,hist_mean:rule
2009-12,-0.0019080064046336574,-0.002065327004763404,0.07866030006487376,hist_mean:rule
2010-01,-0.0002235486783464146,-0.0003756695741902153,0.07606044792190017,hist_mean:rule
2010-02,0.0010050525833236016,0.0007901965831555832,0.10742800008400934,hist_mean:rule
2010-03,0.0006623717216412125,0.000488327380419577,0.0870221706108178,hist_mean:rule
2010-04,0.0025185830665351624,0.002370599008367592,0.07399202908378523,hist_mean:rule
2010-05,0.0028355010319334258,0.0026975396645536136,0.06898068368990617,hist_mean:rule
2010-06,0.002529516283894266,0.002388711100885215,0.07040259150452545,hist_mean:rule
2010-07,0.0021704503188129383,0.0020561397792578083,0.05715526977756504,hist_mean:rule
2010-08,0.0021003184182815226,0.0019504497482269623,0.07493433502727992,hist_mean:rule
2010-09,0.0015819430247718572,0.0014267677843445598,0.07758762021364887,hist_mean:rule
2010-10,0.00374726318395104,0.0036163605745599195,0.06545130469556042,hist_mean:rule
2010-11,0.006129902506863632,0.005994204303705827,0.06784910157890255,hist_mean:rule
2010-12,-0.00035553769120034756,-0.000498713004183879,0.07158765649176557,hist_mean:rule
2011-01,0.001137014924110724,0.0009963538180685655,0.07033055302107917,hist_mean:rule
2011-02,0.002190290859348955,0.0020398259045821816,0.07523247738338654,hist_mean:rule
2011-03,0.0011090860354818198,0.0009401889207544348,0.08444855736369233,hist_mean:rule
2011-04,0.004042198081515828,0.0039109669011619524,0.06561559017693795,hist_mean:rule
2011-05,0.002629969594881955,0.002513981878313313,0.05799385828432097,hist_mean:rule
2011-06,0.00175834603250123,0.0016509423961566117,0.05370181817230927,hist_mean:rule
2011-07,0.005188495320178205,0.005078897260213499,0.054799029982352886,hist_mean:rule
2011-08,0.003704104510260016,0.0035958402356100773,0.054132137324968944,hist_mean:rule
2011-09,0.006528148949307928,0.006408641070341352,0.059753939483287916,hist_mean:rule
2011-10,2.9823898586031232e-05,-8.442396281609858e-05,0.05712393070106524,hist_mean:rule
2011-11,0.003726567325397386,0.003592328456432799,0.06711943448229343,hist_mean:rule
2011-12,0.003438505854203235,0.0033392060312153133,0.0496499114939606,hist_mean:rule
2012-01,-0.008475380584319939,-0.008689577863324126,0.10709863950209379,hist_mean:rule
2012-02,0.0016676876566074702,0.0015296807790608263,0.06900343877332163,hist_mean:rule
2012-03,0.009508333112371897,0.009390460155420123,0.05893647847588725,hist_mean:rule
2012-04,0.0020859243620402717,0.001869406238458498,0.10825906179088655,hist_mean:rule
2012-05,0.0032458280565272417,0.0030889884450567328,0.07841980573525427,hist_mean:rule
2012-06,0.004447828108155647,0.004354392971880693,0.046717568137477544,hist_mean:rule
2012-07,0.00388518904526953,0.0037645319386697055,0.060328553299912234,hist_mean:rule
2012-08,0.004439464713772937,0.004341006266910912,0.049229223431012506,hist_mean:rule
2012-09,0.0003367442210309906,0.0002385388886778809,0.04910266617655491,hist_mean:rule
2012-10,0.002354827197708529,0.0022566640334087604,0.049081582149884374,hist_mean:rule
2012-11,0.0030001229137650845,0.002900497044311574,0.049812934726755194,hist_mean:rule
2012-12,-0.00034399042913924174,-0.00044954387419305584,0.05277672252690705,hist_mean:rule
2013-01,0.0006066480802177863,0.0005087255976763978,0.04896124127069426,hist_mean:rule
2013-02,0.0029114284178248526,0.0027671442471718087,0.07214208532652217,hist_mean:rule
2013-03,0.0037673688835964756,0.003647586305125553,0.059891289235461276,hist_mean:rule
2013-04,0.0051243764357211535,0.004984293668171975,0.07004138377458957,hist_mean:rule
2013-05,0.00017785817467433975,5.393310564882954e-05,0.061962534512755095,hist_mean:rule
2013-06,0.003538815931709092,0.003414423277446413,0.06219632713133963,hist_mean:rule
2013-07,0.009290303164568893,0.00914978394649841,0.07025960903524094,hist_mean:rule
2013-08,-0.0015468854183864809,-0.0016762235625594217,0.06466907208647024,hist_mean:rule
2013-09,-0.0011911027317180912,-0.001372957915132527,0.09092759170721801,hist_mean:rule
2013-10,-0.0019398937985661455,-0.0020526039091153694,0.05635505527461189,hist_mean:rule
2013-11,0.0005294884201460022,0.00040126154464527385,0.06411343775036431,hist_mean:rule
2013-12,0.003162183516958218,0.0030813465759771575,0.04041847049053013,hist_mean:rule
2014-01,0.003239068986268544,0.0031488095183162704,0.045129733976136906,hist_mean:rule
2014-02,0.0051381060090997825,0.005035231195128465,0.051437406985658664,hist_mean:rule
2014-03,0.0017740588207469559,0.0016783417099737249,0.04785855538661554,hist_mean:rule
2014-04,-0.002061620921736236,-0.0022173184174824976,0.07784874787313045,hist_mean:rule
2014-05,0.0009574545953201286,0.0008063880155790889,0.07553328987051983,hist_mean:rule
2014-06,0.0021136202503012837,0.00200921723495504,0.05220150767312197,hist_mean:rule
2014-07,0.003274863373348085,0.0031838024850083598,0.045530444169862364,hist_mean:rule
2014-08,0.0011414129721923848,0.000992986088667243,0.07421344176257083,hist_mean:rule
2014-09,-0.0009902099162580622,-0.0010780737994184183,0.0439319415801782,hist_mean:rule
2014-10,0.0016953460633269718,0.0015949908011293674,0.05017763109880213,hist_mean:rule
2014-11,0.006453941690494173,0.006366753884190718,0.043593903151726926,hist_mean:rule
2014-12,0.006462696541767823,0.006368452088569382,0.047122226599220635,hist_mean:rule
2015-01,0.007326941604075383,0.00721368959831474,0.05662600288032083,hist_mean:rule
2015-02,-0.0008841884863508106,-0.001007491229069893,0.06165137135954142,hist_mean:rule
2015-03,0.008022038980953654,0.007915726305661057,0.053156337646299394,hist_mean:rule
2015-04,-0.006423169042957244,-0.006554495696619675,0.06566332683121595,hist_mean:rule
2015-05,0.0016242116950993958,0.0014537433179199455,0.0852341885897251,hist_mean:rule
2015-06,0.004428293100583521,0.004340042279860331,0.0441254103615956,hist_mean:rule
2015-07,0.0071157200374940294,0.007032502818439973,0.04160860952702751,hist_mean:rule
2015-08,0.004652585083440144,0.0045567566831419245,0.04791420014911007,hist_mean:rule
2015-09,0.00482086339183571,0.004731332044049826,0.04476567389294183,hist_mean:rule
2015-10,-0.0015788844995601066,-0.0016826553657188102,0.05188543307935178,hist_mean:rule
2015-11,0.0018645087876303437,0.0017685417485149744,0.04798351955768484,hist_mean:rule
2015-12,0.003789126496713009,0.0036804715968465945,0.05432744993320754,hist_mean:rule
2016-01,0.0022341104759581215,0.0021365880376752605,0.048761219141430466,hist_mean:rule
2016-02,-0.0009402907592869088,-0.0010416436109497468,0.0506764258314188,hist_mean:rule
2016-03,-0.008173953953636074,-0.008284687858516758,0.0553669524403429,hist_mean:rule
2016-04,0.0012962310293432706,0.0011813035714773798,0.05746372893294534,hist_mean:rule
2016-05,0.0045014287839525114,0.004401631264178564,0.04989875988697365,hist_mean:rule
2016-06,-0.0008269904880608714,-0.0009119799972375072,0.042494754588317814,hist_mean:rule
2016-07,0.0030371139282517148,0.002957300489218061,0.03990671951682687,hist_mean:rule
2016-08,0.004740910522082512,0.004647832637849279,0.046538942116616897,hist_mean:rule
2016-09,0.004880574548667762,0.004768477499113125,0.05604852477731806,hist_mean:rule
2016-10,0.0027145684608402354,0.002656330050361988,0.029119205239123723,hist_mean:rule
2016-11,-0.00515629313778698,-0.005249025272825141,0.046366067519080484,hist_mean:rule
2016-12,0.0007593224412260274,0.0006016827936385389,0.07881982379374426,hist_mean:rule
2017-01,0.004140516773084119,0.004044338031014147,0.048089371034986055,hist_mean:rule
2017-02,-0.001223788681925821,-0.0013167144077076995,0.04646286289093943,hist_mean:rule
2017-03,0.004264054660824622,0.004187611062293877,0.038221799265372655,hist_mean:rule
2017-04,-0.001142303931266844,-0.0012234481273159516,0.040572098024553846,hist_mean:rule
2017-05,0.004833074638649199,0.004750336354961742,0.04136914184372838,hist_mean:rule
2017-06,0.0004865849547097842,0.00039173666167018225,0.047424146519800904,hist_mean:rule
2017-07,0.0035312052764922626,0.0034601446252467256,0.03553032562276842,hist_mean:rule
2017-08,0.0012238011940264072,0.0011456298102697291,0.0390856918783389,hist_mean:rule
2017-09,0.0033264870036813915,0.003261546497120918,0.03247025328023666,hist_mean:rule
2017-10,0.0015339592891631792,0.001459386637920578,0.03728632562130064,hist_mean:rule
2017-11,0.0013645793160098729,0.0012643783732880264,0.05010047136092328,hist_mean:rule
2017-12,-0.00025790296249297026,-0.00033397974471382016,0.038038391110425056,hist_mean:rule
2018-01,0.003644328253341045,0.0035396068579332377,0.0523606977039036,hist_mean:rule
2018-02,0.002228418460110357,0.0021343660025691024,0.0470262287706272,hist_mean:rule
2018-03,0.0018787566481227216,0.001749446344658969,0.06465515173187643,hist_mean:rule
2018-04,0.0009548536560986243,0.0008665501507315602,0.04415175268353199,hist_mean:rule
2018-05,0.003991230140249051,0.003891845973911898,0.04969208316857672,hist_mean:rule
2018-06,0.0030803995418799313,0.002986426133280262,0.046986704299834425,hist_mean:rule
2018-07,0.004745311888923688,0.004661795597560982,0.04175814568135312,hist_mean:rule
2018-08,0.0038950736582872513,0.0038105261828050075,0.04227373774112152,hist_mean:rule
2018-09,0.0105247567154472,0.010442199779229177,0.04127846810901155,hist_mean:rule
2018-10,0.0025228336875872024,0.0024343772640241664,0.044228211781518006,hist_mean:rule
2018-11,-0.0010837312130737146,-0.0011756487971125004,0.045958792019393103,hist_mean:rule
2018-12,-0.0016715213460282133,-0.0017647724209039007,0.04662553743784393,hist_mean:rule
2019-01,0.004842472502533907,0.004772907523274325,0.034782489629791365,hist_mean:rule
2019-02,-0.00440644220585184,-0.004497795984939678,0.045676889543919026,hist_mean:rule
2019-03,0.003076955074245553,0.003004402763391578,0.036276155426987346,hist_mean:rule
2019-04,0.0016944600524634696,0.0016243734662158198,0.035043293123824926,hist_mean:rule
2019-05,0.0014202172789602296,0.001342122600675566,0.0390473391423319,hist_mean:rule
2019-06,0.004245153297302986,0.004164169052262307,0.040492122520339305,hist_mean:rule
2019-07,0.005140757918650157,0.005082133463472707,0.029312227588725082,hist_mean:rule
2019-08,0.0017953634721358752,0.0017100493163340934,0.04265707790089103,hist_mean:rule
2019-09,-0.0015468333193606942,-0.0016188668103621442,0.03601674550072514,hist_mean:rule
2019-10,0.00028560072351425226,0.00020680532531803077,0.03939769909811065,hist_mean:rule
2019-11,0.0020552417776824104,0.001987060050137788,0.0340908637723111,hist_mean:rule
2019-12,0.0038164980740349715,0.003738510531264015,0.03899377138547803,hist_mean:rule
2020-01,0.002187460372826168,0.002127869139540547,0.029795616642810174,hist_mean:rule
2020-02,0.004001655030488845,0.003922659509367138,0.039497760560853086,hist_mean:rule
2020-03,0.0047658529988681714,0.00468890750691335,0.03847274597741099,hist_mean:rule
2020-04,-0.004280286892631082,-0.004440154686796292,0.07993389708260543,hist_mean:rule
2020-05,-0.000662749486864374,-0.0008033902406914752,0.07032037691355063,hist_mean:rule
2020-06,-0.005859406683389562,-0.005958132213658787,0.0493627651346126,hist_mean:rule
2020-07,0.0034567657274472124,0.003328674152290223,0.06404578757849444,hist_mean:rule
2020-08,-0.0028124635340511725,-0.0029319548410659123,0.05974565350736969,hist_mean:rule
2020-09,0.0009232090006220363,0.0008273637066283867,0.04792264699682487,hist_mean:rule
2020-10,0.004412370489792449,0.0043200988309814005,0.04613582940552437,hist_mean:rule
2020-11,-0.018043097572602966,-0.018130791380467113,0.04384690393207257,hist_mean:rule
2020-12,-0.0055948923174597796,-0.005730848333477276,0.06797800800874855,hist_mean:rule
2021-01,0.00426666676020951,0.004162238232904049,0.05221426365273029,hist_mean:rule
2021-02,-0.002301255680607402,-0.002398901224491381,0.04882277194198961,hist_mean:rule
2021-03,0.0019029307296362992,0.0017923982664058665,0.055266231615216446,hist_mean:rule
2021-04,0.0011336110152773116,0.0010402446171407854,0.046683199068263105,hist_mean:rule
2021-05,0.0005984612752219331,0.0004865456077566076,0.0559578337326627,hist_mean:rule
2021-06,-0.004209227049619105,-0.00429579615953108,0.043284554955987486,hist_mean:rule
2021-07,0.0037199595290126255,0.0036243790175659635,0.04779025572333076,hist_mean:rule
2021-08,-0.0009614130775924712,-0.0010332225122860147,0.03590471734677185,hist_mean:rule
2021-09,0.00415269431898286,0.004061101966203049,0.045796176389905824,hist_mean:rule
2021-10,0.00011675249386592948,3.0229159624460732e-05,0.04326166712073414,hist_mean:rule
2021-11,0.0058340621042209965,0.005750910659332199,0.041575722444398194,hist_mean:rule
2021-12,0.00785670659118828,0.0077515243728713355,0.05259110915847229,hist_mean:rule
2022-01,0.007511861783902936,0.007433588248595127,0.039136767653904274,hist_mean:rule
2022-02,0.007962194341738003,0.007875407858480558,0.043393241628723274,hist_mean:rule
2022-03,0.0047544206456142804,0.00465926445635071,0.047578094631785285,hist_mean:rule
2022-04,0.009041041160270687,0.008935011729815588,0.053014715227549906,hist_mean:rule
2022-05,0.004689992119178358,0.004575056453817606,0.057467832680375565,hist_mean:rule
2022-06,-0.0013599911124281073,-0.0014547058150889873,0.04735735133044008,hist_mean:rule
2022-07,-0.000978793350655271,-0.0010707679207202475,0.04598728503248823,hist_mean:rule
2022-08,-0.002486676653459198,-0.0025635570414034078,0.038440193972105206,hist_mean:rule
2022-09,0.0027590272757369028,0.0026703678555978294,0.04432971006953666,hist_mean:rule
2022-10,0.003004847996820895,0.0029200903577876647,0.04237881951661503,hist_mean:rule
2022-11,-0.0014885284846127245,-0.0015961532641428583,0.05381238976506661,hist_mean:rule
2022-12,0.0056287558364008705,0.005515959673052083,0.05639808167439366,hist_mean:rule
2023-01,0.001713222185993215,0.0016269173495152575,0.04315241823897863,hist_mean:rule
2023-02,0.001922348453706881,0.0018255181692650795,0.04841514222090058,hist_mean:rule
2023-03,0.0018941003744781337,0.0018260188228343783,0.03404077582187782,hist_mean:rule
2023-04,-0.0005117282042936618,-0.0005916598649997617,0.03996583035305007,hist_mean:rule
2023-05,-0.0022919701081790607,-0.0023741238461500347,0.04107686898548651,hist_mean:rule
2023-06,0.0026380615670032847,0.002561461702314594,0.03829993234434519,hist_mean:rule
2023-07,0.001541044084128162,0.0014642611961091963,0.03839144400948268,hist_mean:rule
2023-08,0.0011746518361603997,0.0010797613012084848,0.047445267475957315,hist_mean:rule
2023-09,0.005777500971009344,0.0057061475756747275,0.035676697667307605,hist_mean:rule
2023-10,0.005247932685495368,0.005175884344109791,0.03602417069278808,hist_mean:rule
2023-11,-0.0030145867134826793,-0.003153231066103819,0.06932217631056978,hist_mean:rule
2023-12,0.0037407922411433676,0.00366684488820329,0.03697367647003887,hist_mean:rule
2024-01,0.010211384508225637,0.01013758667926017,0.036898914482734066,hist_mean:rule
2024-02,-0.0016677494482437937,-0.0017576588891563536,0.04495472045627983,hist_mean:rule
2024-03,0.0037017961315799694,0.0036154694850522254,0.04316332326387204,hist_mean:rule
2024-04,0.0017007732970907902,0.0015939600021006766,0.05340664749505677,hist_mean:rule
2024-05,0.0014191699182760627,0.0013127899537204073,0.05318998227782765,hist_mean:rule
2024-06,0.002431926109506726,0.0023402096634892637,0.04585822300873084,hist_mean:rule
2024-07,0.0017429653506938934,0.0016847776180166653,0.029093866338614195,hist_mean:rule
2024-08,0.002035242164716789,0.0019690051517358043,0.033118506490492264,hist_mean:rule
2024-09,8.04834250789988e-05,1.2548694408249924e-05,0.03396736533537441,hist_mean:rule
2024-10,-0.00039484192265284,-0.00045831497964811445,0.03173652849763738,hist_mean:rule
2024-11,0.009991781643614788,0.009917161932195663,0.037309855709561836,hist_mean:rule
2024-12,0.0009947356810944322,0.0009268236734343776,0.0339560038300273,hist_mean:rule
2025-01,0.0023260221330640585,0.0022646576526239763,0.03068224022004112,hist_mean:rule
2025-02,0.0029095388186587624,0.0028333660525896795,0.03808638303454183,hist_mean:rule
2025-03,0.0045327505066765006,0.004461971335770875,0.03538958545281255,hist_mean:rule
2025-04,-0.00020766617660326837,-0.0002838761124866983,0.03810496794171492,hist_mean:rule
2025-05,-0.00047463861270105335,-0.0005553890161627982,0.04037520173087234,hist_mean:rule
2025-06,-0.003406667618794705,-0.0034934584352791145,0.04339540824220431,hist_mean:rule
2025-07,-0.0016283056830460269,-0.001687355882851826,0.029525099902899546,hist_mean:rule
2025-08,-0.0020873448973564783,-0.002166355767706784,0.03950543517515305,hist_mean:rule
2025-09,0.0036071569453896483,0.003534995534487201,0.036080705451223424,hist_mean:rule
2025-10,0.007452497077137492,0.007375402287248811,0.03854739494434048,hist_mean:rule
2025-11,0.003924233507515017,0.00383081915624017,0.04670717563742372,hist_mean:rule
2025-12,0.006178147882459223,0.00611448052143912,0.0318336805100518,hist_mean:rule
2000-01,0.005389060941367901,0.005389060941367901,0.0,ols:dm_only
2000-02,0.016300485692642426,0.014267458462526058,1.016513615058184,ols:dm_only
2000-03,-0.001901324562930468,-0.003906209484498305,1.0024424607839186,ols:dm_only
2000-04,-0.01774002496505922,-0.01976011146076778,1.0100432478542793,ols:dm_only
2000-05,-0.0022207121975690285,-0.00439506819081809,1.0871779966245312,ols:dm_only
2000-06,-0.008406028474729594,-0.010430427628592922,1.0121995769316636,ols:dm_only
2000-07,-0.0016416410000099574,-0.0037050278590944983,1.0316934295422706,ols:dm_only
2000-08,-0.0068437895872962414,-0.008731240838299556,0.9437256255016578,ols:dm_only
2000-09,0.00015938693375363308,-0.0017989352558376455,0.9791610947956391,ols:dm_only
2000-10,0.000516560039638366,-0.0012585233089746775,0.8875416743065219,ols:dm_only
2000-11,0.0076691988392489155,0.00604951192781706,0.8098434557159283,ols:dm_only
2000-12,0.0007813415060050678,-0.0009580703076109802,0.8697059068080241,ols:dm_only
2001-01,-0.014102503618128792,-0.01598915228965181,0.9433243357615089,ols:dm_only
2001-02,0.007065123792386675,0.004888164132003005,1.0884798301918353,ols:dm_only
2001-03,0.027590469870325516,0.025471157021777244,1.059656424274135,ols:dm_only
2001-04,0.004734204022754039,0.0029993060509504064,0.8674489859018158,ols:dm_only
2001-05,0.009860261504395049,0.007902143026606714,0.9790592388941683,ols:dm_only
2001-06,-0.0020273424819939314,-0.003668930923417108,0.8207942207115881,ols:dm_only
2001-07,0.018071881681124984,0.016226742744326075,0.9225694683994532,ols:dm_only
2001-08,-0.00585101107991225,-0.007433977479119046,0.7914831996033983,ols:dm_only
2001-09,0.01229817551971561,0.010393730168738973,0.9522226754883196,ols:dm_only
2001-10,-0.01976273950592774,-0.021651302410068123,0.9442814520701913,ols:dm_only
2001-11,0.003313570692000425,0.0010243512298517585,1.144609731074333,ols:dm_only
2001-12,0.013289040510950707,0.011330463793779428,0.9792883585856398,ols:dm_only
2002-01,0.0004687172286686305,-0.0015695571890256032,1.0191372088471167,ols:dm_only
2002-02,0.00798155390217663,0.006450478308298246,0.7655377969391917,ols:dm_only
2002-03,0.011672816821988796,0.010299854579267801,0.6864811213604973,ols:dm_only
2002-04,0.006657532693791735,0.005453518771869542,0.6020069609610961,ols:dm_only
2002-05,0.005436738897890772,0.004086501227402776,0.6751188352439979,ols:dm_only
2002-06,0.006189663209944487,0.0048520831337402455,0.6687900381021207,ols:dm_only
2002-07,0.0038413725428719484,0.0025468226703934077,0.6472749362392702,ols:dm_only
2002-08,0.001939862541669999,0.000693476132663034,0.6231932045034827,ols:dm_only
2002-09,0.005295104136581872,0.003974373178559328,0.6603654790112722,ols:dm_only
2002-10,0.0014146018563119247,0.00020173049256337923,0.6064356818742722,ols:dm_only
2002-11,0.002919362714543232,0.0013523766244443896,0.7834930450494213,ols:dm_only
2002-12,0.003272303754694466,0.0019772734511421582,0.6475151517761542,ols:dm_only
2003-01,0.001952068726691296,0.0006356913243213778,0.6581887011849592,ols:dm_only
2003-02,0.0003211433081416731,-0.0006844319206007479,0.5027876143712106,ols:dm_only
2003-03,0.010247229999720523,0.009179743742083947,0.5337431288182881,ols:dm_only
2003-04,-0.005081937585332977,-0.0058072477799565045,0.36265509731176404,ols:dm_only
2003-05,0.0033527161914932843,0.002101865580259882,0.6254253056167017,ols:dm_only
2003-06,0.005736691470588705,0.004516182935084842,0.6102542677519308,ols:dm_only
2003-07,0.008498946680701424,0.007408975233712202,0.5449857234946113,ols:dm_only
2003-08,0.004920219375226627,0.0037920110649957922,0.5641041551154176,ols:dm_only
2003-09,-0.0031642164648640826,-0.004398073128414583,0.6169283317752502,ols:dm_only
2003-10,0.011431080226728908,0.010261242887093678,0.5849186698176148,ols:dm_only
2003-11,0.00098881104631878,-0.00010155215569927573,0.5451816010090278,ols:dm_only
2003-12,0.0005526639300606225,-0.0006436035196970572,0.5981337248788402,ols:dm_only
2004-01,-0.008347528970267587,-0.009546193826358879,0.5993324280456465,ols:dm_only
2004-02,0.002335045919020449,0.0009475059778098635,0.6937699706052928,ols:dm_only
2004-03,0.0020164304809130026,0.0008550155806243348,0.5807074501443337,ols:dm_only
2004-04,0.0022895558979265625,0.001155696850871356,0.5669295235276035,ols:dm_only
2004-05,-0.006342678911843566,-0.00746083479148383,0.5590779398201321,ols:dm_only
2004-06,0.0027436202594838584,0.0015924332750904071,0.5755934921967257,ols:dm_only
2004-07,0.005299651561277727,0.004267048167614601,0.5163016968315631,ols:dm_only
2004-08,0.004030532934092023,0.0030783575903473863,0.4760876718723183,ols:dm_only
2004-09,0.00405747080763124,0.0030421291151793302,0.5076708462259553,ols:dm_only
2004-10,0.011361642874590103,0.010368807154982822,0.49641785980364045,ols:dm_only
2004-11,0.003873655208838941,0.002979045274541763,0.44730496714858936,ols:dm_only
2004-12,0.008220830316260867,0.007096165533912834,0.5623323911740163,ols:dm_only
2005-01,-0.002106439596430316,-0.0032954246403724724,0.5944925219710779,ols:dm_only
2005-02,0.003917866174642855,0.002797520490943814,0.5601728418495203,ols:dm_only
2005-03,0.008817586008445436,0.007683081988408897,0.5672520100182697,ols:dm_only
2005-04,0.014268765077020289,0.013162095684502023,0.5533346962591325,ols:dm_only
2005-05,-0.01531722185791173,-0.016241332457068648,0.4620552995784585,ols:dm_only
2005-06,0.002924149007264712,0.0015823251789481823,0.6709119141582646,ols:dm_only
2005-07,0.002973004595221292,0.0018812005387551557,0.5459020282330681,ols:dm_only
2005-08,0.00026360809656933264,-0.0008264895384965283,0.5450488175329306,ols:dm_only
2005-09,0.003376456005191682,0.0021222008603539845,0.6271275724188489,ols:dm_only
2005-10,0.000581549521682766,-0.000511064887510007,0.5463072045963864,ols:dm_only
2005-11,-0.003590100160657679,-0.004674136307145115,0.5420180732437175,ols:dm_only
2005-12,-0.0010733120815694134,-0.0021928730976556667,0.5597805080431267,ols:dm_only
2006-01,0.004025695496883613,0.0028389898387422407,0.5933528290706862,ols:dm_only
2006-02,0.004814072066969132,0.0033173958811885795,0.7483380928902762,ols:dm_only
2006-03,-0.010245571918663886,-0.011575708116813343,0.6650680990747273,ols:dm_only
2006-04,0.008094030892322275,0.006774940196722925,0.6595453477996748,ols:dm_only
2006-05,0.0007740748922408706,-0.000499062076541693,0.6365684843912819,ols:dm_only
2006-06,0.01441451888535704,0.01321339823459308,0.6005603253819797,ols:dm_only
2006-07,-0.005678110629646604,-0.006868392556379742,0.5951409633665687,ols:dm_only
2006-08,-0.006359467713193186,-0.007746188614072995,0.6933604504399042,ols:dm_only
2006-09,0.0026749304277136157,0.0013256743833345928,0.6746280221895116,ols:dm_only
2006-10,-0.0027862183522257707,-0.0039564311199812114,0.5851063838777205,ols:dm_only
2006-11,0.009775186650054132,0.008530953013369272,0.6221168183424303,ols:dm_only
2006-12,0.0018863201642177676,0.0007665249222483704,0.5598976209846985,ols:dm_only
2007-01,0.0060191670339066385,0.00475723290403646,0.6309670649350888,ols:dm_only
2007-02,0.0017548034778832803,0.00048311704238550274,0.6358432177488889,ols:dm_only
2007-03,0.006068946062305991,0.004895491047768935,0.586727507268528,ols:dm_only
2007-04,0.006291030682944918,0.005129933733650939,0.5805484746469896,ols:dm_only
2007-05,0.0010504287016157633,-0.0001440018031979132,0.5972152524068383,ols:dm_only
2007-06,-0.0024833633848490707,-0.003826148292432833,0.6713924537918808,ols:dm_only
2007-07,-0.0003225946847906835,-0.0018283941200620654,0.752899717635691,ols:dm_only
2007-08,0.0017183810654384242,0.00031152196970396604,0.703429547867229,ols:dm_only
2007-09,0.0027960853910038203,0.0013958270547881572,0.7001291681078312,ols:dm_only
2007-10,0.011715640380969127,0.010415129043077573,0.6502556689457768,ols:dm_only
2007-11,0.0030612032683055867,0.0017566918235564141,0.6522557223745861,ols:dm_only
2007-12,0.004561105613002539,0.003059070988378394,0.7510173123120722,ols:dm_only
2008-01,0.0020685393692228514,0.0008378400996633673,0.615349634779742,ols:dm_only
2008-02,-0.0012709512022346238,-0.0027628861007916363,0.7459674492785062,ols:dm_only
2008-03,0.004646090647640071,0.003185809906389666,0.7301403706252029,ols:dm_only
2008-04,0.0024463257014796587,0.0010485929168451203,0.6988663923172693,ols:dm_only
2008-05,-0.0036412739974557885,-0.005103568040856395,0.7311470217003029,ols:dm_only
2008-06,0.009952676305691513,0.008564074124819313,0.6943010904360999,ols:dm_only
2008-07,-0.004189058259872641,-0.005370290218690286,0.5906159794088222,ols:dm_only
2008-08,0.009305378643877517,0.007797371255528539,0.754003694174489,ols:dm_only
2008-09,0.013639560123014838,0.012465402673055443,0.587078724979698,ols:dm_only
2008-10,0.03340151943414623,0.032270785522760755,0.5653669556927345,ols:dm_only
2008-11,0.018669639872761455,0.017557413076110133,0.5561133983256612,ols:dm_only
2008-12,-0.004703352468679065,-0.00594376289171058,0.620205211515757,ols:dm_only
2009-01,0.0006538334689205611,-0.0008048619675908362,0.7293477182556988,ols:dm_only
2009-02,0.0064915124826790275,0.004965355043849663,0.7630787194146823,ols:dm_only
2009-03,-0.011121993914316041,-0.012355598631728713,0.6168023587063359,ols:dm_only
2009-04,-0.015359818699513255,-0.016952547962912394,0.7963646316995686,ols:dm_only
2009-05,0.011793775527309076,0.009945081390937653,0.9243470681857111,ols:dm_only
2009-06,-0.003734810640003026,-0.005425598092572531,0.8453937262847525,ols:dm_only
2009-07,0.0038344607671901084,0.0020120025462182192,0.9112291104859446,ols:dm_only
2009-08,0.001289251855859482,-0.00010085266230412986,0.6950522590818058,ols:dm_only
2009-09,0.005306870649393449,0.0038969400388772332,0.7049653052581082,ols:dm_only
2009-10,0.0014025131492793421,0.00013158103416480586,0.6354660575572683,ols:dm_only
2009-11,0.0019497138117118918,0.000611858339295456,0.6689277362082179,ols:dm_only
2009-12,-0.002249055956495163,-0.0035049917206188812,0.6279678820618592,ols:dm_only
2010-01,-0.0018366025048801638,-0.003265346955707504,0.7143722254136701,ols:dm_only
2010-02,-0.002506538717789528,-0.004052033450032195,0.7727473661213331,ols:dm_only
2010-03,-0.003036142586047866,-0.004660455383839965,0.8121563988960493,ols:dm_only
2010-04,0.005260910947158711,0.0037923825445585952,0.7342642013000581,ols:dm_only
2010-05,0.004280223190559352,0.0029050941165783477,0.6875645369905018,ols:dm_only
2010-06,0.008029053866543552,0.0067468682536298615,0.6410928064568453,ols:dm_only
2010-07,-0.0015631012606712525,-0.002699020462582695,0.5679596009557213,ols:dm_only
2010-08,0.0034030413862131364,0.001983002618468129,0.710019383872504,ols:dm_only
2010-09,0.0014792161303359272,8.397650397043003e-05,0.6976198131827485,ols:dm_only
2010-10,0.00630570675832326,0.004866291914394572,0.7197074219643448,ols:dm_only
2010-11,0.00877776125636258,0.00744479923151243,0.6664810124250757,ols:dm_only
2010-12,0.00576244610303904,0.004440567360983576,0.6609393710277321,ols:dm_only
2011-01,0.005267617179612414,0.003974444965944032,0.6465861068341913,ols:dm_only
2011-02,-0.001728240714110558,-0.0031425812406289826,0.7071702632592122,ols:dm_only
2011-03,-0.0003755378807037616,-0.001766624837043557,0.6955434781698975,ols:dm_only
2011-04,0.007696053741786472,0.006348613459169368,0.6737201413085522,ols:dm_only
2011-05,0.004334456843120303,0.0031364491785358687,0.5990038322922173,ols:dm_only
2011-06,0.00459157543175374,0.0033809700091839445,0.6053027112848982,ols:dm_only
2011-07,0.006215098499112214,0.005115418953948857,0.5498397725816788,ols:dm_only
2011-08,0.009663470387133838,0.008604277311238084,0.5295965379478771,ols:dm_only
2011-09,0.012151685395488877,0.011055881896491957,0.54790174949846,ols:dm_only
2011-10,-0.008110847371688453,-0.009309919044798684,0.5995358365551149,ols:dm_only
2011-11,0.0026296094404450153,0.0010835813083406379,0.7730140660521886,ols:dm_only
2011-12,0.0041000512562059015,0.002618426953063079,0.7408121515714109,ols:dm_only
2012-01,-0.01914472212342806,-0.020161819342040223,0.508548609306081,ols:dm_only
2012-02,-0.0021274726749353893,-0.003558083115002544,0.7153052200335773,ols:dm_only
2012-03,0.008012763050808457,0.006659088655085448,0.6768371978615043,ols:dm_only
2012-04,0.005523130352819275,0.004348620909770861,0.5872547215242067,ols:dm_only
2012-05,0.010620012597238871,0.009553585507405522,0.5332135449166737,ols:dm_only
2012-06,0.0051165479566504775,0.004074798166885894,0.5208748948822916,ols:dm_only
2012-07,0.006734485310369241,0.005642842820508799,0.5458212449302211,ols:dm_only
2012-08,0.005188521428507826,0.004128900906217573,0.529810261145127,ols:dm_only
2012-09,-0.001300383007603101,-0.0023303521448394086,0.5149845686181537,ols:dm_only
2012-10,0.002240501215348625,0.0010494142676785504,0.5955434738350371,ols:dm_only
2012-11,0.0074455715160941256,0.006302337399927025,0.5716170580835493,ols:dm_only
2012-12,-0.002913883203248881,-0.0039582840744775355,0.5222004356143273,ols:dm_only
2013-01,0.0030429926016057596,0.001800301465623853,0.6213455679909533,ols:dm_only
2013-02,0.0037257856142027448,0.0025200293407703204,0.6028781367162124,ols:dm_only
2013-03,0.00911745169057938,0.008040267659665418,0.5385920154569814,ols:dm_only
2013-04,0.009257328093956404,0.008341827030444572,0.45775053175591623,ols:dm_only
2013-05,0.003365979331306566,0.002381189176993604,0.4923950771564809,ols:dm_only
2013-06,0.0033819125785988125,0.002128454244538639,0.6267291670300866,ols:dm_only
2013-07,0.00909211009784727,0.007853716553402878,0.6191967722221959,ols:dm_only
2013-08,-0.0010488813961585038,-0.002307306978853711,0.6292127913476036,ols:dm_only
2013-09,-0.0053729846879919775,-0.006753075645590184,0.6900454787991029,ols:dm_only
2013-10,-0.000622547110144037,-0.0019003380068696293,0.638895448362796,ols:dm_only
2013-11,-0.0005661967135409381,-0.0017224251125456836,0.5781141995023726,ols:dm_only
2013-12,0.004071102329116862,0.0030195627268655993,0.5257698011256312,ols:dm_only
2014-01,0.0007003393848064773,-0.00022555187793305164,0.46294563136976447,ols:dm_only
2014-02,0.0048018985066726905,0.0036835647337468496,0.5591668864629205,ols:dm_only
2014-03,0.001260533744756851,0.00016045279857270235,0.5500404730920744,ols:dm_only
2014-04,0.0012344441904976434,6.126056163426925e-05,0.5865918144316872,ols:dm_only
2014-05,-0.0005004563332668154,-0.0016628105102824862,0.5811770885078353,ols:dm_only
2014-06,0.003215371207631702,0.0020257549130832772,0.5948081472742123,ols:dm_only
2014-07,0.0009934127620311298,-0.0001486063409461346,0.5710095514886322,ols:dm_only
2014-08,0.003005472020671532,0.0018819103972853484,0.5617808116930919,ols:dm_only
2014-09,-0.001968406877489986,-0.003032377980326463,0.5319855514182387,ols:dm_only
2014-10,0.0027225683285763487,0.001660829647142937,0.5308693407167058,ols:dm_only
2014-11,0.008582561386292585,0.0075101548738544886,0.5362032562190481,ols:dm_only
2014-12,0.012911675172541642,0.011915337423963222,0.49816887428920986,ols:dm_only
2015-01,0.005370346893804712,0.004397159520462156,0.48659368667127845,ols:dm_only
2015-02,-0.00033056461429890904,-0.0014873813511222884,0.5784083684116897,ols:dm_only
2015-03,0.0033045442862598695,0.0020863657925973968,0.6090892468312366,ols:dm_only
2015-04,-0.010553693801097162,-0.011732100953826789,0.5892035763648134,ols:dm_only
2015-05,-0.00010664768572793178,-0.0015879548819684177,0.7406535981202432,ols:dm_only
2015-06,0.0023757520870337566,0.0009729008436516743,0.7014256216910408,ols:dm_only
2015-07,0.008013156568298126,0.006970384749893822,0.521385909202152,ols:dm_only
2015-08,0.0075001222440558,0.00644085419181566,0.5296340261200703,ols:dm_only
2015-09,0.0035057463082475435,0.0024150398361127176,0.5453532360674129,ols:dm_only
2015-10,-0.004060737584376466,-0.0052066256190666195,0.5729440173450773,ols:dm_only
2015-11,0.0023934264474283293,0.0011362295067876404,0.6285984703203444,ols:dm_only
2015-12,-0.0003413419625257992,-0.0015762248879665555,0.617441462720378,ols:dm_only
2016-01,0.001818087923039276,0.0006048638268789949,0.6066120480801405,ols:dm_only
2016-02,7.175972906465251e-05,-0.0011462602538872817,0.609009991475967,ols:dm_only
2016-03,-0.0048807821259356544,-0.006181301456470775,0.6502596652675606,ols:dm_only
2016-04,0.0036583848075762617,0.002288538067198879,0.6849233701886916,ols:dm_only
2016-05,0.001399145671751512,0.00012659069840493327,0.6362774866732893,ols:dm_only
2016-06,-0.0015815678413537268,-0.002827596684670778,0.6230144216585254,ols:dm_only
2016-07,-0.0006502909664174389,-0.0017581291289769116,0.5539190812797364,ols:dm_only
2016-08,0.005813134600463367,0.004581519499734408,0.6158075503644793,ols:dm_only
2016-09,0.006072799633262103,0.00498173259586182,0.5455335187001418,ols:dm_only
2016-10,0.0013222716691482278,0.000455864963259554,0.4332033529443367,ols:dm_only
2016-11,-0.0023642983368256016,-0.003432134804357417,0.5339182337659076,ols:dm_only
2016-12,0.0006721519142247135,-0.000575696940806933,0.6239244275158233,ols:dm_only
2017-01,0.0029097715007735518,0.0017551192303083634,0.5773261352325941,ols:dm_only
2017-02,-0.0004484134268516807,-0.0016474826693184744,0.599534621233397,ols:dm_only
2017-03,0.002221203200860285,0.0010877691291352274,0.566717035862529,ols:dm_only
2017-04,-0.000125412416032154,-0.0012431694802414388,0.5588785321046422,ols:dm_only
2017-05,0.004500419995930205,0.003438606310300547,0.5309068428148291,ols:dm_only
2017-06,0.0005365229727861312,-0.0006399219904108011,0.5882224815984661,ols:dm_only
2017-07,0.001998581263217794,0.0009049815743459024,0.5467998444359459,ols:dm_only
2017-08,0.0034144992688603026,0.0022561742800730777,0.5791624943936123,ols:dm_only
2017-09,0.001256774775731057,0.00026002600423606815,0.4983743857474944,ols:dm_only
2017-10,0.0037880094124389052,0.0027814478941649823,0.5032807591369617,ols:dm_only
2017-11,0.002087515831173069,0.0009434355035171286,0.5720401638279703,ols:dm_only
2017-12,0.0036502798970137243,0.0024379239124998108,0.6061779922569567,ols:dm_only
2018-01,0.0042010132631565165,0.002983563172018489,0.6087250455690137,ols:dm_only
2018-02,0.0022704718811963785,0.000957972111649751,0.6562498847733137,ols:dm_only
2018-03,0.004154180926777909,0.0029627584902143355,0.595711218281787,ols:dm_only
2018-04,0.0006227993735306928,-0.000453350809949888,0.5380750917402902,ols:dm_only
2018-05,0.002596097895228864,0.0013499706723609317,0.6230636114339662,ols:dm_only
2018-06,0.0027324227913989325,0.0014668699028263356,0.6327764442862985,ols:dm_only
2018-07,0.0026281704145726128,0.0014896718384642253,0.5692492880541935,ols:dm_only
2018-08,0.004374082172329178,0.00323541151819369,0.5693353270677443,ols:dm_only
2018-09,0.013233391871973765,0.012103413426039577,0.5649892229670928,ols:dm_only
2018-10,0.004011107232684388,0.002969466042663159,0.5208205950106147,ols:dm_only
2018-11,-0.0032223537736529918,-0.0043401580111612345,0.5589021187541211,ols:dm_only
2018-12,0.004845959726172058,0.0034464635078399783,0.6997481091660397,ols:dm_only
2019-01,-0.001903556579778804,-0.003038977148041551,0.5677102841313734,ols:dm_only
2019-02,-0.0054788305050345485,-0.006769084649990095,0.645127072477773,ols:dm_only
2019-03,0.005104354887800518,0.0038513059320969237,0.6265244778517971,ols:dm_only
2019-04,0.0016952385295177896,0.0006939818859036927,0.5006283218070483,ols:dm_only
2019-05,0.0019890569507926186,0.0009094514689182976,0.5398027409371605,ols:dm_only
2019-06,0.002718906603541144,0.0015167637481466462,0.601071427697249,ols:dm_only
2019-07,0.005747665846384686,0.004624950705070353,0.5613575706571662,ols:dm_only
2019-08,0.003915657712685586,0.002916668776711026,0.49949446798728014,ols:dm_only
2019-09,-0.002677228902908907,-0.003753979372191638,0.5383752346413655,ols:dm_only
2019-10,0.0019712102752650696,0.0007540801156057339,0.6085650798296679,ols:dm_only
2019-11,0.0012268669034390563,0.0001390623224070025,0.5439022905160269,ols:dm_only
2019-12,0.005157387308276241,0.004003444779277551,0.5769712644993455,ols:dm_only
2020-01,0.005408867418214545,0.004432838965937893,0.48801422613832623,ols:dm_only
2020-02,0.009564844412190986,0.008513499856057842,0.5256722780665718,ols:dm_only
2020-03,0.016620750289633807,0.015615221944876473,0.5027641723786668,ols:dm_only
2020-04,-0.01856751451484122,-0.02001155604994145,0.7220207675501157,ols:dm_only
2020-05,-0.0010696246951261154,-0.0030740488523876954,1.00221207863079,ols:dm_only
2020-06,-0.0034610734255909282,-0.005068606043271078,0.8037663088400749,ols:dm_only
2020-07,0.004466083239118196,0.002983348271551164,0.7413674837835157,ols:dm_only
2020-08,0.001425030196984107,3.0441913602374204e-06,0.7109930028119348,ols:dm_only
2020-09,-0.004029696201147897,-0.005452934234224958,0.7116190165385307,ols:dm_only
2020-10,0.0017488342986331463,0.0002981788270620944,0.725327735785526,ols:dm_only
2020-11,-0.024593083973884825,-0.0258387865866257,0.6228513063704368,ols:dm_only
2020-12,0.0019939556951921555,6.845966216223291e-05,0.9627480165149613,ols:dm_only
2021-01,0.0017180106403123204,3.2644741416298935e-05,0.8426829494480107,ols:dm_only
2021-02,0.0005927304530002535,-0.0008307300394918074,0.7117302462460305,ols:dm_only
2021-03,0.006917305325593161,0.005430328455522004,0.7434884350355792,ols:dm_only
2021-04,0.00507839689025933,0.0038114315811769205,0.6334826545412043,ols:dm_only
2021-05,0.0036590872253882164,0.002277469780090956,0.6908087226486304,ols:dm_only
2021-06,-0.0037998991556158312,-0.0051351343515966255,0.667617597990397,ols:dm_only
2021-07,0.004245078166545423,0.0029727717113683925,0.636153227588515,ols:dm_only
2021-08,-0.0014860974678491804,-0.002689588344944537,0.6017454385476783,ols:dm_only
2021-09,0.0075139723772222715,0.006220457003933188,0.6467576866445419,ols:dm_only
2021-10,0.0019729675210704524,0.00078065750535695,0.5961550078567512,ols:dm_only
2021-11,0.0045117008385789125,0.0033403014499697706,0.585699694304571,ols:dm_only
2021-12,0.008119768091123367,0.0067591912561639315,0.6802884174797181,ols:dm_only
2022-01,0.011370977465447397,0.010286155556516892,0.5424109544652524,ols:dm_only
2022-02,0.007628498061712311,0.006632468494005483,0.49801478385341374,ols:dm_only
2022-03,0.008932094555403407,0.00784389394892092,0.5441003032412435,ols:dm_only
2022-04,0.010444867348022692,0.009441712535864415,0.5015774060791389,ols:dm_only
2022-05,0.0038775752959773913,0.002875297801551992,0.5011387472126998,ols:dm_only
2022-06,0.0019694547682464437,0.0008766550098285012,0.5463998792089714,ols:dm_only
2022-07,-0.0055838822362325406,-0.006696390799222774,0.5562542814951167,ols:dm_only
2022-08,-0.0011990597357320896,-0.0023856273748950186,0.5932838195814646,ols:dm_only
2022-09,0.006183681936920814,0.005116044065525211,0.5338189356978017,ols:dm_only
2022-10,0.005146323750824207,0.004098865587612899,0.5237290816056545,ols:dm_only
2022-11,-0.006349308825078437,-0.007472527185392311,0.5616091801569382,ols:dm_only
2022-12,0.005102732625009234,0.0038381793320860368,0.6322766464615988,ols:dm_only
2023-01,0.0006026143391653458,-0.0004949038294801352,0.5487590843227406,ols:dm_only
2023-02,0.007224948358809277,0.006144678462079305,0.5401349483649853,ols:dm_only
2023-03,0.0031002161302179695,0.0022049753382321403,0.44762039599291453,ols:dm_only
2023-04,-0.0003487068267938444,-0.0013873096127665875,0.5193013929863715,ols:dm_only
2023-05,-0.001733735474903303,-0.0027058186832767755,0.486041604186736,ols:dm_only
2023-06,0.0012532225220342234,0.0002214070859404437,0.51590771804689,ols:dm_only
2023-07,0.0042541598960087225,0.003163035974199706,0.5455619609045084,ols:dm_only
2023-08,0.0015800344742447328,0.0004963389373019927,0.5418477684713703,ols:dm_only
2023-09,0.010417765893339316,0.009367246089500488,0.5252599019194136,ols:dm_only
2023-10,0.007951920988061724,0.007083079354913227,0.4344208165742485,ols:dm_only
2023-11,-0.009298048380211841,-0.010239560552025186,0.47075608590667256,ols:dm_only
2023-12,0.0031898098392210876,0.001982920657211862,0.6034445910046127,ols:dm_only
2024-01,0.008294017066632301,0.007213603607318639,0.5402067296568315,ols:dm_only
2024-02,0.00014458987440704602,-0.0009474511699494605,0.5460205221782534,ols:dm_only
2024-03,0.003446099368333103,0.0023013441154319516,0.5723776264505758,ols:dm_only
2024-04,-0.00042316635265292644,-0.0015319429928431665,0.5543883200951201,ols:dm_only
2024-05,0.0020128810829832945,0.0009183081076762667,0.5472864876535137,ols:dm_only
2024-06,-0.0007420534695070358,-0.0017910008528798959,0.5244736916864301,ols:dm_only
2024-07,0.0001416229118147798,-0.0009088018095101433,0.5252123606624617,ols:dm_only
2024-08,0.003100139596327185,0.0020419381492676916,0.529100723529747,ols:dm_only
2024-09,0.0004197056943635352,-0.0006076118961300263,0.5136587952467808,ols:dm_only
2024-10,0.004555324657421852,0.003462895049202712,0.54621480410957,ols:dm_only
2024-11,0.009235513549927713,0.00815361079718177,0.5409513763729709,ols:dm_only
2024-12,0.0018903155269934862,0.0008195869544179464,0.5353642862877698,ols:dm_only
2025-01,0.0009790302080974961,6.23450029754415e-05,0.4583426025610271,ols:dm_only
2025-02,0.004200123357278535,0.0031338533100467403,0.5331350236158973,ols:dm_only
2025-03,0.00570295164113241,0.004708057676194027,0.49744698246919145,ols:dm_only
2025-04,-0.002854686337081341,-0.003831442881308826,0.48837827211374235,ols:dm_only
2025-05,-0.001201481628769611,-0.0022902148386778004,0.5443666049540945,ols:dm_only
2025-06,-0.00032208015509073396,-0.0013961928707188565,0.5370563578140611,ols:dm_only
2025-07,-0.00015951279903531345,-0.0011121297627166723,0.47630848184067925,ols:dm_only
2025-08,0.0026433061822193444,0.0015683093622826903,0.537498409968327,ols:dm_only
2025-09,0.0035569978621271484,0.0024204911177600607,0.5682533721835441,ols:dm_only
2025-10,0.008530411583381733,0.007417548363854053,0.5564316097638397,ols:dm_only
2025-11,0.0012940375489426522,0.00011511735640524008,0.5894600962687063,ols:dm_only
2025-12,0.00966137012622069,0.008511346731119997,0.5750116975503459,ols:dm_only
2000-01,0.0005630625369314226,0.0005630625369314226,0.0,ols:own
2000-02,-0.003862985463320356,-0.006424378273830746,1.2806964052551941,ols:own
2000-03,-0.0037560835835004085,-0.0060002800347433195,1.1220982256214556,ols:own
2000-04,0.007593487247616542,0.004995833439546026,1.2988269040352571,ols:own
2000-05,0.0051055610801507365,0.0030399594296837006,1.0328008252335172,ols:own
2000-06,-0.009765862299703063,-0.012110945761012726,1.1725417306548316,ols:own
2000-07,-0.00011374666356664056,-0.002440683004168513,1.1634681703009366,ols:own
2000-08,-0.007256697582937501,-0.009391715746548004,1.067509081805252,ols:own
2000-09,-0.0020845383342916286,-0.004399285501033023,1.1573735833706973,ols:own
2000-10,0.0055856651748363365,0.0034847412673840086,1.0504619537261635,ols:own
2000-11,0.009972955051870768,0.008034279031859886,0.9693380100054413,ols:own
2000-12,-0.006987594401605294,-0.009232018189410506,1.1222118939026064,ols:own
2001-01,-0.021275582429634992,-0.02334517159544805,1.034794582906529,ols:own
2001-02,0.002070307520327627,4.8626759736149824e-05,1.0108403802957389,ols:own
2001-03,0.02742889263107423,0.025412851774627963,1.0080204282231335,ols:own
2001-04,0.006426222241855415,0.005039090592651019,0.693565824602198,ols:own
2001-05,0.010381173566193691,0.00842884377982076,0.9761648931864662,ols:own
2001-06,-0.002600810766693703,-0.004145494152400938,0.7723416928536173,ols:own
2001-07,0.016755768020928867,0.014957382610861936,0.8991927050334648,ols:own
2001-08,-0.003867012576438422,-0.005304445920476789,0.7187166720191834,ols:own
2001-09,0.0065294378737893,0.004827598018923769,0.8509199274327657,ols:own
2001-10,-0.0047146786623237435,-0.006540869340986373,0.9130953393313155,ols:own
2001-11,0.01127098084183353,0.009299164181988968,0.9859083299222815,ols:own
2001-12,0.013498043893543017,0.011746132106754494,0.8759558933942618,ols:own
2002-01,-0.000893198584951401,-0.002826300744087952,0.9665510795682756,ols:own
2002-02,0.0066681921024296835,0.005236598645062918,0.7157967286833827,ols:own
2002-03,0.008887033162345483,0.007460963152484655,0.7130350049304133,ols:own
2002-04,0.004894581078276823,0.0036916179115389406,0.6014815833689414,ols:own
2002-05,0.0029380666845465154,0.0015489801303497444,0.6945432770983851,ols:own
2002-06,0.0028363136298792013,0.0014942580238223623,0.6710278030284195,ols:own
2002-07,-0.0008527587602832593,-0.002193222451953411,0.6702318458350761,ols:own
2002-08,0.006191665969960727,0.004923518505604378,0.634073732178175,ols:own
2002-09,0.00459853157099868,0.0033518241037163426,0.6233537336411684,ols:own
2002-10,0.0027852481179088794,0.0015547355307366359,0.6152562935861215,ols:own
2002-11,0.0045070139085081505,0.0030047989638765068,0.7511074723158218,ols:own
2002-12,0.002952647708424326,0.0016823672806718752,0.6351402138762251,ols:own
2003-01,0.000739645494224752,-0.0005017314746623548,0.6206884844435534,ols:own
2003-02,0.0016913058457839706,0.0006057790125329281,0.5427634166255212,ols:own
2003-03,0.007014103230459087,0.005841959844600124,0.5860716929294816,ols:own
2003-04,-0.006621308995589759,-0.007418679988737718,0.398685496573979,ols:own
2003-05,0.004086681586161376,0.002886778313014371,0.5999516365735031,ols:own
2003-06,0.0056538715068318365,0.0043086566195736035,0.6726074436291162,ols:own
2003-07,0.0048388214184171595,0.0037955706133459407,0.5216254025356095,ols:own
2003-08,0.0035949707783798426,0.00241078203447056,0.5920943719546413,ols:own
2003-09,0.0003123399193759285,-0.0008710838336619646,0.5917118765189463,ols:own
2003-10,0.010430159792240202,0.009334125152901693,0.5480173196692539,ols:own
2003-11,0.0018075795754184437,0.0008435586739305344,0.48201045074395454,ols:own
2003-12,-0.0013711466245971238,-0.0024590682818027357,0.5439608286028059,ols:own
2004-01,-0.0028932096677812976,-0.003928898169398615,0.5178442508086587,ols:own
2004-02,-0.0003393833129211709,-0.0015273064206239614,0.5939615538513952,ols:own
2004-03,0.0020681041849401486,0.0010618125138420543,0.5031458355490472,ols:own
2004-04,0.0017532047790243769,0.0007796609467830553,0.4867719161206606,ols:own
2004-05,-0.005350561652093244,-0.006324479727326207,0.4869590376164812,ols:own
2004-06,0.005233119427487647,0.004209597562399791,0.5117609325439285,ols:own
2004-07,0.005493903706969437,0.004659190000845826,0.4173568530618055,ols:own
2004-08,0.006019993505665902,0.005196687802624262,0.4116528515208196,ols:own
2004-09,0.0033979634026437694,0.00254402968539471,0.4269668586245298,ols:own
2004-10,0.009927948389798479,0.009039259704297031,0.44434434275072465,ols:own
2004-11,0.004133982493603725,0.0033665363191727965,0.38372308721546416,ols:own
2004-12,0.007906125585204609,0.006904094200024457,0.5010156925900758,ols:own
2005-01,-0.0018511022137080657,-0.0029370454697951846,0.5429716280435598,ols:own
2005-02,0.009079643353270724,0.008101035879923373,0.48930373667367466,ols:own
2005-03,0.008623726957337777,0.007704666917193806,0.45953002007198557,ols:own
2005-04,0.01277724239731961,0.01183381472799988,0.4717138346598647,ols:own
2005-05,-0.012366607689809456,-0.013226697778816979,0.43004504450376146,ols:own
2005-06,0.0026697372010970593,0.001518728795072869,0.5755042030120952,ols:own
2005-07,0.0074943158083580555,0.006462021573071832,0.5161471176431115,ols:own
2005-08,-0.004102627800777375,-0.005007988686742406,0.45268044298251503,ols:own
2005-09,0.0009883666852848944,-0.00018550351872610976,0.586935102005502,ols:own
2005-10,0.0010177740368413543,7.015803285695274e-05,0.47380800199220086,ols:own
2005-11,-0.0027307104385663667,-0.0036733020299859237,0.4712957957097786,ols:own
2005-12,-0.0013639432878174,-0.0023045826005210347,0.4703196563518172,ols:own
2006-01,0.01322970302471403,0.01229022832198209,0.4697373513659693,ols:own
2006-02,0.0030599234173418408,0.001918094778480729,0.5709143194305557,ols:own
2006-03,-0.00991527358715212,-0.011037792394582488,0.5612594037151833,ols:own
2006-04,0.006500337524577481,0.005457102843280034,0.5216173406487239,ols:own
2006-05,0.0031759356466919877,0.0020166103235567125,0.5796626615676376,ols:own
2006-06,0.01981102410037427,0.0188080214945743,0.5015013028999862,ols:own
2006-07,-0.0017237466450800772,-0.002703653990277593,0.48995367259875783,ols:own
2006-08,-0.004715929867377301,-0.005925193039299605,0.6046315859611515,ols:own
2006-09,0.0017919854683461794,0.0007478932041581226,0.5220461320940284,ols:own
2006-10,-0.003640803829650038,-0.004592613188012562,0.47590467918126184,ols:own
2006-11,0.008669684005488164,0.007682024467382083,0.49382976905304155,ols:own
2006-12,0.0022212128644801413,0.0013551720216555016,0.4330204214123196,ols:own
2007-01,0.006049983747962067,0.004964880097172379,0.5425518253948439,ols:own
2007-02,0.0027089039995192325,0.0015541599728397702,0.5773720133397312,ols:own
2007-03,0.006901877790243362,0.005818010364203455,0.5419337130199536,ols:own
2007-04,0.003061872911120269,0.0019312054600442333,0.5653337255380179,ols:own
2007-05,5.108936072014717e-05,-0.0010100130237611525,0.5305511922406497,ols:own
2007-06,0.00011113255877266767,-0.0010101809188534604,0.560656738813064,ols:own
2007-07,-0.000353867220326656,-0.0016603402257534465,0.6532365027133954,ols:own
2007-08,0.0022952473111015827,0.0011309178458009453,0.5821647326503188,ols:own
2007-09,0.0007442263133743233,-0.0005169988565599123,0.6306125849671178,ols:own
2007-10,0.007840549798635067,0.006673352142527728,0.5835988280536694,ols:own
2007-11,0.0009767423774111781,-0.0001686826222307111,0.5727124998209445,ols:own
2007-12,0.0027762306460197314,0.0014007619663566257,0.687734339831553,ols:own
2008-01,0.0006976505262938581,-0.0004947367163139696,0.5961936213039136,ols:own
2008-02,0.0012761082937901697,7.431846058935168e-06,0.6343382238656173,ols:own
2008-03,0.0008785520726480607,-0.00034355475796404687,0.611053415306054,ols:own
2008-04,0.0042716557412067055,0.003078098243681836,0.5967787487624346,ols:own
2008-05,-0.0055152537017032,-0.006758771833675156,0.6217590659859782,ols:own
2008-06,0.006361057852573545,0.0051184564039487845,0.6213007243123797,ols:own
2008-07,0.00033182350684452753,-0.0006988592219932994,0.5153413644189133,ols:own
2008-08,0.00766871653830964,0.0063411057454921425,0.6638053964087486,ols:own
2008-09,0.007900457190826608,0.0067427175782979664,0.5788698062643204,ols:own
2008-10,0.02345248178050385,0.02239152978807876,0.530475996212545,ols:own
2008-11,0.01608520339154835,0.014985729193710351,0.549737098919,ols:own
2008-12,-0.0013951820228607608,-0.0026665410225389197,0.6356794998390792,ols:own
2009-01,0.0020714299407222987,0.0007825415619119413,0.6444441894051789,ols:own
2009-02,0.0050137730626879685,0.0038027916540908993,0.6054907042985342,ols:own
2009-03,-0.007674314682415918,-0.008604512428833602,0.46509887320884163,ols:own
2009-04,-0.015480068037104689,-0.016706911423290338,0.6134216930928255,ols:own
2009-05,8.161608350212482e-05,-0.0013078855682907232,0.694750825896424,ols:own
2009-06,-0.0008826587633327589,-0.0022764574852446747,0.6968993609559576,ols:own
2009-07,0.002051972259244173,0.0006147172270573361,0.7186275160934184,ols:own
2009-08,0.0005125083977859029,-0.0006062897527903128,0.559399075288108,ols:own
2009-09,0.0040614758085672255,0.002896249378657524,0.5826132149548507,ols:own
2009-10,0.00237824315999506,0.001354865168648578,0.5116889956732411,ols:own
2009-11,0.003732375189328904,0.002605416624235389,0.5634792825467577,ols:own
2009-12,-0.002108556638582294,-0.0031120593999755418,0.5017513806966237,ols:own
2010-01,-0.001266016468523347,-0.002484976969110757,0.6094802502937052,ols:own
2010-02,-0.0005544409956374755,-0.0016552869139220836,0.5504229591423041,ols:own
2010-03,-0.002166779919570681,-0.0033818675546248666,0.607543817527093,ols:own
2010-04,0.006020257636292632,0.004981370992793284,0.5194433217496741,ols:own
2010-05,0.005005135545162675,0.004089805214791218,0.4576651651857284,ols:own
2010-06,0.0068783508564101035,0.006016644109971566,0.4308533732192688,ols:own
2010-07,0.0014766479363869849,0.0007102362722686916,0.38320583205914693,ols:own
2010-08,0.0026816815065826,0.0017156449732567093,0.4830182666629454,ols:own
2010-09,0.002389946556871162,0.0014259572613207116,0.48199464777522505,ols:own
2010-10,0.004629597702566297,0.003679768739255877,0.47491448165520994,ols:own
2010-11,0.007920211887748765,0.007003394233463202,0.45840882714278164,ols:own
2010-12,0.0035305184605079723,0.0026323031335576995,0.4491076634751364,ols:own
2011-01,0.005538477690056369,0.004684549353352246,0.4269641683520613,ols:own
2011-02,-0.00030221458057972224,-0.0011908698478892775,0.44432763365477745,ols:own
2011-03,0.0009826646393259941,8.461340464344028e-05,0.44902561734127683,ols:own
2011-04,0.006708834322260243,0.0058802590209062035,0.41428765067702,ols:own
2011-05,0.004213301536544741,0.0034898389688129495,0.361731283865896,ols:own
2011-06,0.004438091575949421,0.0037001722761708894,0.36895964988926583,ols:own
2011-07,0.0054829442664947724,0.0048301588452623985,0.3263927106161871,ols:own
2011-08,0.0061023815858403845,0.005431135124146759,0.33562323084681217,ols:own
2011-09,0.010801395215865062,0.010097815760923931,0.3517897274705657,ols:own
2011-10,-0.005163922479744036,-0.005917399979081304,0.376738749668634,ols:own
2011-11,0.004031942973669284,0.0030828518885500076,0.4745455425596384,ols:own
2011-12,0.003316828547870074,0.002348495513894248,0.4841665169879131,ols:own
2012-01,-0.01569733017648669,-0.016346435039664955,0.32455243158913266,ols:own
2012-02,-0.0011149395576199154,-0.0019353327796778278,0.41019661102895616,ols:own
2012-03,0.008431705429658334,0.007630413079264288,0.40064617519702306,ols:own
2012-04,0.004762473531990472,0.0040665512891335685,0.34796112142845176,ols:own
2012-05,0.008431275682689789,0.00780582397858784,0.3127258520509735,ols:own
2012-06,0.005083269452945188,0.004509017638848224,0.2871259070484819,ols:own
2012-07,0.005912239895684619,0.005330309484621616,0.2909652055315016,ols:own
2012-08,0.005521708182069949,0.0049404975417517835,0.2906053201590823,ols:own
2012-09,-0.0011237799994146436,-0.0016696774975304147,0.2729487490578857,ols:own
2012-10,0.0024915676131134494,0.0018505322765184015,0.32051766829752404,ols:own
2012-11,0.006535463753032587,0.005939241771987885,0.29811099052235085,ols:own
2012-12,-0.0018769670849989799,-0.002409023764991154,0.26602833999608694,ols:own
2013-01,0.0029907089618264816,0.0023256410188933242,0.33253397146657887,ols:own
2013-02,0.004032059289106397,0.0033448191337361963,0.3436200776851002,ols:own
2013-03,0.007575273087408036,0.006984825534112992,0.2952237766475223,ols:own
2013-04,0.007306482127257576,0.0068002863082392995,0.2530979095091381,ols:own
2013-05,0.0022086417340529347,0.0016781575458163025,0.2652420941183163,ols:own
2013-06,0.003991504694997008,0.00331893999769847,0.3362823486492686,ols:own
2013-07,0.00903218058239625,0.008320394361043147,0.3558931106765523,ols:own
2013-08,0.00035805968044153,-0.0003379674626823591,0.3480135715619447,ols:own
2013-09,-0.0045603257479491476,-0.005344881177596691,0.3922777148237712,ols:own
2013-10,-0.0013489568248890324,-0.0020483311174360804,0.34968714627352393,ols:own
2013-11,0.00035322071274468495,-0.0002640469779358726,0.30863384534027877,ols:own
2013-12,0.0035215139653854356,0.0029607054642919444,0.28040425054674584,ols:own
2014-01,0.002432049901854536,0.0019467331070714808,0.24265839739152772,ols:own
2014-02,0.004778869019221044,0.004198301768774634,0.29028362522320506,ols:own
2014-03,0.0013897119612504836,0.0008032233990704667,0.2932442810900084,ols:own
2014-04,-0.000494437368617633,-0.0011439111820997527,0.32473690674105976,ols:own
2014-05,-0.002431663794481977,-0.0031380426076276766,0.35318940657285,ols:own
2014-06,0.00484859002510564,0.004146664277192735,0.35096287395645215,ols:own
2014-07,0.002248894501604223,0.0016522390118489905,0.2983277448776164,ols:own
2014-08,0.0022027342858719195,0.0015784895635127664,0.31212236117957654,ols:own
2014-09,-0.002053046582349131,-0.0026294397768258488,0.2881965972383588,ols:own
2014-10,0.0028063222193015274,0.0022338300429804885,0.28624608816051933,ols:own
2014-11,0.006993427659944298,0.006443412166963727,0.27500774649028575,ols:own
2014-12,0.009992873968696976,0.009469026194324921,0.26192388718602805,ols:own
2015-01,0.00538272822267823,0.004833393283907895,0.2746674693851672,ols:own
2015-02,0.0002924667399889789,-0.0003428875538779123,0.3176771469334456,ols:own
2015-03,0.0050161714267863014,0.00436836485944457,0.3239032836708659,ols:own
2015-04,-0.008695084635946721,-0.009359987854829851,0.3324516094415646,ols:own
2015-05,0.001406513932913068,0.0006356090846926128,0.38545242411022773,ols:own
2015-06,0.004240852900036491,0.003519891793343445,0.360480553346523,ols:own
2015-07,0.007996286581195784,0.007451303242526663,0.27249166933456026,ols:own
2015-08,0.006978223569487894,0.006432874173168383,0.2726746981597557,ols:own
2015-09,0.004298612332375993,0.0037291445136686556,0.2847339093536687,ols:own
2015-10,-0.0030988522491254174,-0.003691972682245032,0.2965602165598072,ols:own
2015-11,0.0026086108679392937,0.001986471989942383,0.31106943899845546,ols:own
2015-12,0.0005566024498825182,-8.325116460542034e-05,0.31992680724396905,ols:own
2016-01,0.0038250903650089716,0.0032630999589431955,0.2809952030328879,ols:own
2016-02,2.6167081013528777e-05,-0.00047894009774773993,0.25255358938063444,ols:own
2016-03,-0.008693654442505597,-0.009219883575771883,0.2631145666331432,ols:own
2016-04,0.0027488151409856554,0.0021627629741487234,0.29302608341846603,ols:own
2016-05,0.004617008823657872,0.004072746657861471,0.2721310828982002,ols:own
2016-06,-0.0013718329932349352,-0.001862982692050382,0.24557484940772345,ols:own
2016-07,0.0016688759599857838,0.00119938926452703,0.234743347729377,ols:own
2016-08,0.005940930611639482,0.005425593061851734,0.25766877489387374,ols:own
2016-09,0.005740372692930178,0.005267502400055898,0.23643514643713967,ols:own
2016-10,0.002121395486462581,0.0017616992100792483,0.1798481381916664,ols:own
2016-11,-0.00312613729668338,-0.003585514991961905,0.22968884763926295,ols:own
2016-12,0.0012824950502392481,0.0007446729077498787,0.2689110712446849,ols:own
2017-01,0.0042150752489920834,0.0037566104216081283,0.22923241369197778,ols:own
2017-02,-0.0015711142709539218,-0.0020688371831839394,0.24886145611500865,ols:own
2017-03,0.004061491295578649,0.0035810960250249485,0.24019763527685023,ols:own
2017-04,-0.00015648631423279552,-0.0006072575164110519,0.2253856010891282,ols:own
2017-05,0.005909746609737569,0.005468493154213734,0.2206267277619171,ols:own
2017-06,-0.0002859216864215089,-0.000754431312148804,0.2342548128636476,ols:own
2017-07,0.0043097219820240245,0.0038709961520961367,0.21936291496394367,ols:own
2017-08,0.002944763706582543,0.0024893910639178793,0.22768632133233177,ols:own
2017-09,0.0017798255345796293,0.0013795593537717166,0.20013309040395644,ols:own
2017-10,0.003062146005343264,0.0026645379918823655,0.1988040067304493,ols:own
2017-11,0.0025080712282884434,0.0020359630433150456,0.23605409248669892,ols:own
2017-12,0.001678026350532869,0.0011982709139560569,0.2398777182884063,ols:own
2018-01,0.005569343865934153,0.005067318704138718,0.25101258089771783,ols:own
2018-02,0.0029866278401319457,0.002462615930174925,0.26200595497851026,ols:own
2018-03,0.003029416690951549,0.00251185094280596,0.2587828740727945,ols:own
2018-04,0.0014943414821707802,0.001073550663842114,0.21039540916433294,ols:own
2018-05,0.0044333388271874585,0.0039283534370808315,0.2524926950533135,ols:own
2018-06,0.0032775404740319368,0.0027649418590817796,0.2562993074750787,ols:own
2018-07,0.004493663028771396,0.0040367716985154675,0.22844566512796405,ols:own
2018-08,0.0043115350244295044,0.0038660129238922837,0.22276105026861037,ols:own
2018-09,0.012669273328725882,0.012202467392987127,0.2334029678693768,ols:own
2018-10,0.002161513911283972,0.0017426419090552773,0.20943600111434726,ols:own
2018-11,-0.0027190958294844914,-0.003186146594317535,0.2335253824165216,ols:own
2018-12,0.00014792413233659805,-0.00040243074062558913,0.2751774364810936,ols:own
2019-01,0.002016653063047202,0.001544927784881872,0.23586263908266505,ols:own
2019-02,-0.00437422023515319,-0.004889005369570995,0.2573925672089027,ols:own
2019-03,0.003960609756554736,0.0034808898805990013,0.239859937977867,ols:own
2019-04,0.001832169652261421,0.0014331953666935346,0.19948714278394333,ols:own
2019-05,0.0018548625880727165,0.0014059670690225363,0.22444775952509025,ols:own
2019-06,0.004128805833667481,0.003623717226419248,0.25254430362411573,ols:own
2019-07,0.005640088652215331,0.005184332785924274,0.22787793314552812,ols:own
2019-08,0.002072353836581612,0.0016341157697864243,0.21911903339759373,ols:own
2019-09,-0.0017996525230417428,-0.0022475997254063724,0.22397360118231474,ols:own
2019-10,0.0010834954197836441,0.0005889943118419002,0.24725055397087203,ols:own
2019-11,0.001908992764417295,0.0014596716564648908,0.22466055397620213,ols:own
2019-12,0.004207035734367596,0.003718692971046998,0.24417138166029886,ols:own
2020-01,0.003401989059846929,0.003002369748886539,0.1998096554801953,ols:own
2020-02,0.005930011104920616,0.005488728365252927,0.22064136983384464,ols:own
2020-03,0.009910852024848567,0.009495598767884052,0.20762662848225696,ols:own
2020-04,-0.011177200324593304,-0.01188899120508587,0.3558954402462831,ols:own
2020-05,-0.0022235560660287665,-0.0031791331854145633,0.47778855969289824,ols:own
2020-06,-0.005412543562928688,-0.006131182055252356,0.35931924616183436,ols:own
2020-07,0.0031942321997968435,0.002567832646724762,0.3131997765360403,ols:own
2020-08,-0.0015554988610226234,-0.0022096884109078607,0.32709477494261896,ols:own
2020-09,-0.0018313398027969446,-0.0024668129583684285,0.3177365777857422,ols:own
2020-10,0.0038204363310896713,0.003214658663394944,0.30288883384736354,ols:own
2020-11,-0.022099753905785446,-0.022633260537879136,0.2667533160468457,ols:own
2020-12,-0.002665907150045221,-0.003502664584806999,0.4183787173808891,ols:own
2021-01,0.0033150806695220153,0.0025870477136174944,0.3640164779522605,ols:own
2021-02,0.000425532339943557,-0.00017552471068099128,0.3005285253122741,ols:own
2021-03,0.004740678526726002,0.004111993224131733,0.3143426512971348,ols:own
2021-04,0.004360544257559774,0.0038024735355093628,0.27903536102520565,ols:own
2021-05,0.0027506380134586436,0.0021273754379823387,0.3116312877381524,ols:own
2021-06,-0.004451578893445504,-0.00503049011306046,0.2894556098074779,ols:own
2021-07,0.00316346389123483,0.0025896377894343682,0.28691305090023106,ols:own
2021-08,0.0002473030717334567,-0.00028422115382633104,0.26576211277989387,ols:own
2021-09,0.007173387263507474,0.00661438701712975,0.27950012318886164,ols:own
2021-10,0.0015463684627048065,0.0010276512154871174,0.25935862360884454,ols:own
2021-11,0.00585557079321268,0.005347147116493523,0.254211838359578,ols:own
2021-12,0.010000919613939315,0.009373715324208205,0.3136021448655548,ols:own
2022-01,0.012115517924995177,0.011606158993950162,0.2546794655225068,ols:own
2022-02,0.009063789517316283,0.008537435120202743,0.2631771985567695,ols:own
2022-03,0.008216410751037722,0.007650687765388883,0.28286149282441975,ols:own
2022-04,0.011127765279918172,0.010605213889626576,0.2612756951457968,ols:own
2022-05,0.003921188471821328,0.0034229996733120315,0.24909439925464782,ols:own
2022-06,0.0004862116538392084,-5.996005728610358e-05,0.27308585556265563,ols:own
2022-07,-0.0035513269948901542,-0.004099277682776139,0.2739753439429919,ols:own
2022-08,-0.0012374502837798453,-0.001784426627715402,0.2734881719677783,ols:own
2022-09,0.006197030824841645,0.005697734776100614,0.2496480243705152,ols:own
2022-10,0.005087008191094696,0.004577420486275871,0.2547938524094126,ols:own
2022-11,-0.004269336381445495,-0.0048330318180732305,0.281847718313868,ols:own
2022-12,0.006496536832281682,0.005867810074975958,0.31436337865286135,ols:own
2023-01,0.0014740279237339523,0.0009498590230430481,0.26208445034545225,ols:own
2023-02,0.005388420691944066,0.004834293212511639,0.27706373971621345,ols:own
2023-03,0.00411625584390277,0.003684082081633676,0.21608688113454744,ols:own
2023-04,-0.0010001362698653859,-0.001538255693182193,0.2690597116584035,ols:own
2023-05,-0.0022015095741507377,-0.0026857762090281285,0.24213331743869543,ols:own
2023-06,0.002595868960541729,0.002110756265252681,0.242556347644524,ols:own
2023-07,0.0031729347611614343,0.00263931497230197,0.266809894429732,ols:own
2023-08,0.0017046957337496502,0.0011587453170647704,0.2729752083424398,ols:own
2023-09,0.00871806685404584,0.008214784848162524,0.25164100294165714,ols:own
2023-10,0.007005794555277083,0.0065723660455883235,0.21671425484437992,ols:own
2023-11,-0.0066559817598937365,-0.007162212378885106,0.25311530949568506,ols:own
2023-12,0.0036961435582724173,0.0031079854935842973,0.2940790323440597,ols:own
2024-01,0.009572861360239073,0.009057020259617422,0.25792055031082567,ols:own
2024-02,0.00025811439254241046,-0.0002753377852956753,0.26672608891904276,ols:own
2024-03,0.003892077835094507,0.0033363353860937296,0.2778712245003886,ols:own
2024-04,0.0005166374212462465,-3.553316339883015e-05,0.27608529232253826,ols:own
2024-05,0.0018165170571519632,0.001278454421611024,0.26903131777046974,ols:own
2024-06,0.0014699986110416246,0.000965841674744253,0.25207846814868584,ols:own
2024-07,0.0008159847682447583,0.0003273769565516645,0.24430390584654693,ols:own
2024-08,0.0027832977324955513,0.002280832060761288,0.2512328358671317,ols:own
2024-09,0.00021244564587461046,-0.00028179497315770815,0.24712030951615951,ols:own
2024-10,0.0031093628570947173,0.0026021359380618086,0.25361345951645436,ols:own
2024-11,0.009672973015736018,0.009171267896611877,0.2508525595620699,ols:own
2024-12,0.002032588783725513,0.0015133595023714495,0.25961464067703177,ols:own
2025-01,0.0019511437212763882,0.0015191344358425807,0.21600464271690364,ols:own
2025-02,0.004223155275459172,0.003696588096902624,0.26328358927827417,ols:own
2025-03,0.005564878625155917,0.005074348610551263,0.24526500730232695,ols:own
2025-04,-0.0015447449223586784,-0.002012909137012779,0.23408210732705018,ols:own
2025-05,-0.000941833021775847,-0.0014690585598612826,0.2636127690427179,ols:own
2025-06,-0.002499652708145318,-0.003000546403601381,0.25044684772803144,ols:own
2025-07,-0.0018731758739105131,-0.002315656711631946,0.22124041886071655,ols:own
2025-08,0.0016480137929200144,0.00111997758089544,0.2640181060122872,ols:own
2025-09,0.00423625178395443,0.003692758252497473,0.2717467657284786,ols:own
2025-10,0.008547510957510692,0.008009694922316233,0.26890801759722976,ols:own
2025-11,0.0027328459204401414,0.0021484152410658542,0.29221533968714336,ols:own
2025-12,0.009272458980727588,0.00873113466896825,0.270662155879669,ols:own
2000-01,0.004312740962179236,0.004312740962179236,0.0,ols:pooled
2000-02,0.012397736559722768,0.010108033053988769,1.1448517528670004,ols:pooled
2000-03,-0.0024866319958103946,-0.004675243770888695,1.09430588753915,ols:pooled
2000-04,-0.012327987087648535,-0.014681502937679568,1.1767579250155171,ols:pooled
2000-05,-0.0007857867624948393,-0.003035436516396232,1.1248248769506963,ols:pooled
2000-06,-0.009230729601468637,-0.011408661693372277,1.0889660459518198,ols:pooled
2000-07,-0.001386701441093399,-0.0035570996505538805,1.0851991047302405,ols:pooled
2000-08,-0.006546201921550561,-0.008535834662779865,0.9948163706146518,ols:pooled
2000-09,-0.0011366409588170635,-0.003271906202748369,1.0676326219656531,ols:pooled
2000-10,0.0016827863518315582,-0.00023827067410281237,0.9605285129671853,ols:pooled
2000-11,0.00801008199393507,0.00631483430959672,0.8476238421691746,ols:pooled
2000-12,-0.0007613479542455377,-0.002616762478245094,0.927707261999778,ols:pooled
2001-01,-0.015753128665443993,-0.017645657050415577,0.9462641924857915,ols:pooled
2001-02,0.004938923243057961,0.002816152783842666,1.0613852296076478,ols:pooled
2001-03,0.028750965554217422,0.026661130572898213,1.0449174906596055,ols:pooled
2001-04,0.0054331318659582226,0.0037896819397177334,0.8217249631202443,ols:pooled
2001-05,0.010196642967792238,0.008259214597979167,0.9687141849065356,ols:pooled
2001-06,-0.0019467043739861847,-0.003558344351598159,0.8058199888059873,ols:pooled
2001-07,0.017922598781319122,0.01610480425326904,0.9088972640250392,ols:pooled
2001-08,-0.005312340503581968,-0.0068386388152771975,0.7631491558476147,ols:pooled
2001-09,0.011772600727688431,0.009919825474384917,0.9263876266517576,ols:pooled
2001-10,-0.016416971518377194,-0.018273477016037782,0.9282527488302944,ols:pooled
2001-11,0.0050348827184438765,0.002827212548355761,1.103835085044058,ols:pooled
2001-12,0.013370835784987113,0.01146463308139368,0.953101351796717,ols:pooled
2002-01,9.554495930807972e-05,-0.0019139115995948732,1.004728279451476,ols:pooled
2002-02,0.008159025695390657,0.006658816140344751,0.750104777522953,ols:pooled
2002-03,0.010972551552304111,0.009581754371108715,0.6953985905976985,ols:pooled
2002-04,0.007290024495024245,0.006090608265206655,0.5997081149087944,ols:pooled
2002-05,0.005231477107080457,0.0038760781769803616,0.6776994650500477,ols:pooled
2002-06,0.006081645690188911,0.0047338680610725095,0.6738888145582007,ols:pooled
2002-07,0.00263669587890362,0.0013403312299328494,0.6481823244853853,ols:pooled
2002-08,0.003338572246707826,0.0020997115729638883,0.6194303368719691,ols:pooled
2002-09,0.0055315662074169126,0.004216555826020283,0.6575051906983141,ols:pooled
2002-10,0.0013486498887321221,0.00013657781604739066,0.6060360363423657,ols:pooled
2002-11,0.003353131786078661,0.0017815324161070385,0.7857996849858111,ols:pooled
2002-12,0.0035737253388661433,0.0022867817694297134,0.643471784718215,ols:pooled
2003-01,0.0016935254330476884,0.00039380054588183586,0.6498624435829263,ols:pooled
2003-02,0.0008179043804765445,-0.00020619225366115318,0.5120483170688489,ols:pooled
2003-03,0.009535661463515255,0.008440766190127359,0.5474476366939481,ols:pooled
2003-04,-0.0055589819857178,-0.006296364427046508,0.3686912206643535,ols:pooled
2003-05,0.0035874039673541545,0.0023643156814538817,0.6115441429501369,ols:pooled
2003-06,0.0056113689486417435,0.00435499562635584,0.6281866611429512,ols:pooled
2003-07,0.007637102183543107,0.006551424573078772,0.5428388052321673,ols:pooled
2003-08,0.004849776376867692,0.003694165406403419,0.5778054852321365,ols:pooled
2003-09,-0.001778136438641013,-0.003010815534529928,0.6163395479444576,ols:pooled
2003-10,0.011626466365425466,0.010465081791979849,0.5806922867228093,ols:pooled
2003-11,0.0011811793105556763,0.0001110351634078257,0.5350720735739254,ols:pooled
2003-12,0.0003372359797552179,-0.0008559512517528355,0.5965936157540265,ols:pooled
2004-01,-0.006767949186166603,-0.00791624522718763,0.5741480205105144,ols:pooled
2004-02,0.0017371557710841514,0.0004026350985007086,0.6672603362917213,ols:pooled
2004-03,0.0020294408471934716,0.0009065865950024601,0.5614271260955057,ols:pooled
2004-04,0.0023036102534174045,0.0012101230831697537,0.5467435851238253,ols:pooled
2004-05,-0.006246980268129143,-0.007321423504184004,0.5372216180274303,ols:pooled
2004-06,0.003588398498706793,0.0024653180557179934,0.5615402214943997,ols:pooled
2004-07,0.005548428806668586,0.004567442241760468,0.4904932824540595,ols:pooled
2004-08,0.0050590623661730255,0.004146271464532841,0.45639545082009236,ols:pooled
2004-09,0.004212007013884711,0.0032342593538239135,0.48887383003039925,ols:pooled
2004-10,0.01096693716522532,0.010001416570898907,0.4827602971632066,ols:pooled
2004-11,0.004211575205072574,0.0033463920886647146,0.4325915582039296,ols:pooled
2004-12,0.008375002711927322,0.007274955154019732,0.550023778953795,ols:pooled
2005-01,-0.0020739420073861555,-0.0032434926191067734,0.584775305860309,ols:pooled
2005-02,0.006186828526764885,0.005100396070590996,0.5432162280869446,ols:pooled
2005-03,0.008948821947351785,0.007884341354998804,0.53224029617649,ols:pooled
2005-04,0.014370521606724036,0.013322541389751145,0.5239901084864466,ols:pooled
2005-05,-0.014968041602330912,-0.015866773374539324,0.44936588610420597,ols:pooled
2005-06,0.002797823992796868,0.0015089018134626163,0.6444610896671259,ols:pooled
2005-07,0.004885231026546072,0.0038170430883869115,0.5340939690795802,ols:pooled
2005-08,-0.001572650664551022,-0.00261273885983886,0.5200440976439191,ols:pooled
2005-09,0.0030407339619232315,0.0017994290930189523,0.6206524344521391,ols:pooled
2005-10,0.0008510013707606423,-0.00020727767534613163,0.5291395230533871,ols:pooled
2005-11,-0.003145933727062165,-0.0041851620996932026,0.5196141863155189,ols:pooled
2005-12,-0.0009648262471775966,-0.002035077953296895,0.535125853059649,ols:pooled
2006-01,0.005956318784373735,0.004848194976127234,0.5540619041232502,ols:pooled
2006-02,0.004826274994199552,0.003421093346819924,0.7025908236898138,ols:pooled
2006-03,-0.010872878278010353,-0.012137054325969364,0.6320880239795058,ols:pooled
2006-04,0.007824359785346348,0.006591765912900404,0.6162969362229718,ols:pooled
2006-05,0.0011455775680584354,-8.852579210864236e-05,0.6170516800835388,ols:pooled
2006-06,0.017254026447751737,0.016098977727496508,0.5775243601276141,ols:pooled
2006-07,-0.0045241663484369725,-0.00564911614281364,0.5624748971883339,ols:pooled
2006-08,-0.005797760090737752,-0.007141267949207773,0.6717539292350104,ols:pooled
2006-09,0.0027177333488054164,0.0014656769200752917,0.6260282143650622,ols:pooled
2006-10,-0.0032301184988811926,-0.004317286728846753,0.54358411498278,ols:pooled
2006-11,0.009487155381483732,0.008317795988924738,0.5846796962794972,ols:pooled
2006-12,0.0018408721100831994,0.0008021971365500881,0.5193374867665557,ols:pooled
2007-01,0.006156855403733329,0.00496256937584396,0.5971430139446844,ols:pooled
2007-02,0.0018087276557315333,0.0005693323609261331,0.6196976474027001,ols:pooled
2007-03,0.006577189067986068,0.005434998038309329,0.5710955148383695,ols:pooled
2007-04,0.005720382296901551,0.004576464161263498,0.5719590678190267,ols:pooled
2007-05,0.0009530619175424095,-0.0001908321869755373,0.5719470522589735,ols:pooled
2007-06,-0.0016336336349737635,-0.002908992719589627,0.6376795423079318,ols:pooled
2007-07,-0.0002868136965794666,-0.0017277150727630559,0.7204506880917945,ols:pooled
2007-08,0.0016909413233427446,0.00037145525025755993,0.6597430365425924,ols:pooled
2007-09,0.0022638117936943946,0.000912989326050636,0.675411233821879,ols:pooled
2007-10,0.010826760394529336,0.009565782850716357,0.6304887719064908,ols:pooled
2007-11,0.0022630301019850455,0.00101840256351204,0.6223137692365024,ols:pooled
2007-12,0.00424234214849138,0.0027758996127075874,0.7332212678918966,ols:pooled
2008-01,0.0014781780152557228,0.000273488873500261,0.6023445708777311,ols:pooled
2008-02,-0.000468055635073653,-0.0018900110318944455,0.7109776984103965,ols:pooled
2008-03,0.003384354757608096,0.0019957152861238814,0.6943197357421071,ols:pooled
2008-04,0.0029943003859198964,0.0016596752956321657,0.6673125451438657,ols:pooled
2008-05,-0.00429427280887779,-0.0056915752519844775,0.6986512215533432,ols:pooled
2008-06,0.008986671461217895,0.007646645479462838,0.6700129908775287,ols:pooled
2008-07,-0.0032610594130825067,-0.004390398559587874,0.5646695732526834,ols:pooled
2008-08,0.008814116899994711,0.007361203771455554,0.7264565642695779,ols:pooled
2008-09,0.011987998479907365,0.010831396530635768,0.578300974635798,ols:pooled
2008-10,0.031030717337364035,0.02992330826929124,0.5537045340363963,ols:pooled
2008-11,0.018374083663933824,0.01728745562381105,0.5433140200613888,ols:pooled
2008-12,-0.0038292851873401577,-0.00506006725093417,0.6153910317970059,ols:pooled
2009-01,0.0012374712284307426,-0.00013724405100231987,0.6873576397165311,ols:pooled
2009-02,0.006080800643502507,0.004678049573479979,0.7013755350112645,ols:pooled
2009-03,-0.010242283043180887,-0.011361630798438155,0.5596738776286342,ols:pooled
2009-04,-0.016301705256984947,-0.017760906954194165,0.7296008486046097,ols:pooled
2009-05,0.007974858446159349,0.00626423696899451,0.8553107385824191,ols:pooled
2009-06,-0.003006412288627015,-0.004619081197117827,0.8063344542454064,ols:pooled
2009-07,0.0036193436138618816,0.001915098852253639,0.8521223808041207,ols:pooled
2009-08,0.0012452236793871335,-5.754176751627497e-05,0.6513827234517044,ols:pooled
2009-09,0.004910472928575903,0.003592161891722317,0.6591555184267929,ols:pooled
2009-10,0.0016432443018859861,0.00044675996628469573,0.5982421678006454,ols:pooled
2009-11,0.002482253252762717,0.0012152119476390522,0.6335206525618321,ols:pooled
2009-12,-0.0022286809983894356,-0.003399926159540371,0.5856225805754677,ols:pooled
2010-01,-0.0020364953656604096,-0.003363537030888396,0.6635208326139931,ols:pooled
2010-02,-0.002096661594263108,-0.003520412106786929,0.7118752562619107,ols:pooled
2010-03,-0.0025534636133821708,-0.004063308640858454,0.7549225137381416,ols:pooled
2010-04,0.005557865231132598,0.004221130269454098,0.6683674808392501,ols:pooled
2010-05,0.00435087392829714,0.0031219313043522423,0.6144713119724483,ols:pooled
2010-06,0.007673510723869639,0.006524996803583305,0.574256960143167,ols:pooled
2010-07,-0.0005734052478458097,-0.001585027922559625,0.5058113373569078,ols:pooled
2010-08,0.0032761934297045434,0.0020073734028754277,0.6344100134145578,ols:pooled
2010-09,0.001815151868390061,0.0005635492097834931,0.6258013293032838,ols:pooled
2010-10,0.005976559566501391,0.004702011214216316,0.6372741761425375,ols:pooled
2010-11,0.008724577506023628,0.007535826114530007,0.5943756957468106,ols:pooled
2010-12,0.005223506096794425,0.0040463326404654295,0.5885867281644974,ols:pooled
2011-01,0.005250102269207874,0.004113328837080674,0.5683867160636003,ols:pooled
2011-02,-0.0012892481453512209,-0.0025237224682349117,0.6172371614418454,ols:pooled
2011-03,3.47564055679474e-05,-0.0011827333260701763,0.6087448658190617,ols:pooled
2011-04,0.007471582173954313,0.006309755787657116,0.5809131931485984,ols:pooled
2011-05,0.004334253465047096,0.003302657240282906,0.5157981123820955,ols:pooled
2011-06,0.004533055052955438,0.003490940766741725,0.5210571431068565,ols:pooled
2011-07,0.006138766322127111,0.005196829461781731,0.4709684301726902,ols:pooled
2011-08,0.008626648036340482,0.007707669130403403,0.4594894529685395,ols:pooled
2011-09,0.011764610773798959,0.010804846410066774,0.47988218186609266,ols:pooled
2011-10,-0.007172798760397766,-0.008222931662113173,0.5250664508577036,ols:pooled
2011-11,0.003435317228378278,0.0020998878382117244,0.667714695083277,ols:pooled
2011-12,0.004159913588322079,0.002868806072810359,0.6455537577558597,ols:pooled
2012-01,-0.01820824798167238,-0.019087087793544625,0.4394199059361232,ols:pooled
2012-02,-0.00207249214615868,-0.003293739093398782,0.6106234736200508,ols:pooled
2012-03,0.008329609336236768,0.007166479267913568,0.5815650341615998,ols:pooled
2012-04,0.0052359519074054815,0.004233828412151379,0.5010617476270514,ols:pooled
2012-05,0.009933398658963984,0.009028316118786553,0.45254127008871503,ols:pooled
2012-06,0.005106904062531917,0.004235970786579609,0.43546663797615376,ols:pooled
2012-07,0.006531275518598478,0.005617620335087726,0.456827591755376,ols:pooled
2012-08,0.0053415861147160255,0.004453301212077584,0.4441424513192206,ols:pooled
2012-09,-0.001222457172537607,-0.00208017823078401,0.4288605291232016,ols:pooled
2012-10,0.0023919437434704403,0.0013949886161192895,0.4984775636755754,ols:pooled
2012-11,0.007138167987984879,0.006190365872018965,0.47390105798295723,ols:pooled
2012-12,-0.0025218506926329093,-0.003383945677814848,0.4310474925909692,ols:pooled
2013-01,0.0030817090937054793,0.002054370907308075,0.513669093198702,ols:pooled
2013-02,0.003936672982473767,0.0029221897504578356,0.5072416160079655,ols:pooled
2013-03,0.008599498433373988,0.007703700572106256,0.4478989306338661,ols:pooled
2013-04,0.008747694670243125,0.007984523886170667,0.3815853920362288,ols:pooled
2013-05,0.0030391954595941745,0.0022225289340846565,0.4083332627547591,ols:pooled
2013-06,0.0035233104825775404,0.002478366038295553,0.5224722221409941,ols:pooled
2013-07,0.009251455937627958,0.008202333830058074,0.5245610537849422,ols:pooled
2013-08,-0.000733041021551127,-0.0017879466815383745,0.5274528299936239,ols:pooled
2013-09,-0.004883545868938431,-0.00604560581871667,0.5810299748891191,ols:pooled
2013-10,-0.0009239204515923641,-0.001983774016136999,0.5299267822723173,ols:pooled
2013-11,-0.00019801838375341747,-0.0011590499843265936,0.480515800286588,ols:pooled
2013-12,0.0039505051768136505,0.003081549598499635,0.4344777891570077,ols:pooled
2014-01,0.0014401094955717514,0.0006836539339585914,0.37822778080657976,ols:pooled
2014-02,0.004894118331037099,0.0039774283814323335,0.4583449748023828,ols:pooled
2014-03,0.0012033042522100296,0.00029831828278446533,0.45249298471278204,ols:pooled
2014-04,0.0006930501360126029,-0.00028892456150738565,0.4909873487599944,ols:pooled
2014-05,-0.0011816289044509565,-0.0021785676651659464,0.4984693803574947,ols:pooled
2014-06,0.0036481548496539317,0.002638323638891327,0.5049156053813023,ols:pooled
2014-07,0.0013615618215345273,0.0004223212091151868,0.4696203062096703,ols:pooled
2014-08,0.0027275065820521766,0.00179065707563375,0.46842475320921334,ols:pooled
2014-09,-0.002093757178134512,-0.002976683601946701,0.44146321190609467,ols:pooled
2014-10,0.0027875834658302335,0.0019091531384494405,0.4392151636903965,ols:pooled
2014-11,0.008082665578777045,0.007206132511237042,0.4382665337700022,ols:pooled
2014-12,0.012081054956453502,0.011259826522487684,0.41061421698290873,ols:pooled
2015-01,0.005415044653748569,0.004602348386832321,0.4063481334581232,ols:pooled
2015-02,-0.00013965542005149202,-0.0011026010717151743,0.48147282583184087,ols:pooled
2015-03,0.004261679221836425,0.0032575877214260324,0.5020457502051963,ols:pooled
2015-04,-0.0100346360443841,-0.011016946019136038,0.4911549873759677,ols:pooled
2015-05,0.00042704974533393664,-0.0007960263291829032,0.6115380372584199,ols:pooled
2015-06,0.0030950240213621434,0.001937852612333174,0.5785857045144849,ols:pooled
2015-07,0.008165036062701933,0.007310536369297337,0.4272498467022977,ols:pooled
2015-08,0.00743968315654016,0.006575344190862556,0.43216948283880235,ols:pooled
2015-09,0.003990328013813814,0.0030961235377647152,0.4471022380245491,ols:pooled
2015-10,-0.0038248722268427134,-0.0047622870434627556,0.4687074083100211,ols:pooled
2015-11,0.0024854940716487438,0.0014676053274203875,0.5089443721141781,ols:pooled
2015-12,3.8189746279684794e-05,-0.0009746013480477529,0.506395547163719,ols:pooled
2016-01,0.002635320256755559,0.0016694027363295591,0.4829587602129998,ols:pooled
2016-02,-0.0001575828978618758,-0.001105616686031542,0.4740168940848329,ols:pooled
2016-03,-0.006560711100244414,-0.00757557787569241,0.5074333877239983,ols:pooled
2016-04,0.0034425511481822623,0.0023476283592606235,0.5474613944608193,ols:pooled
2016-05,0.0026069579526282662,0.0015993104750713044,0.5038237387784809,ols:pooled
2016-06,-0.001516115554908234,-0.0024794230790351167,0.4816537620634415,ols:pooled
2016-07,0.00023935702934537012,-0.0006238445486695996,0.4316007890074848,ols:pooled
2016-08,0.0059217163414132315,0.004962319285955565,0.479698527728833,ols:pooled
2016-09,0.00600935165699002,0.005156835509034701,0.4262580739776599,ols:pooled
2016-10,0.0016462600416846606,0.0009760363494516647,0.3351118461164979,ols:pooled
2016-11,-0.002796447171704686,-0.0036340529476214596,0.418802887958387,ols:pooled
2016-12,0.0009090478220609763,-6.996655839811712e-05,0.4895071902295467,ols:pooled
2017-01,0.003503286121692574,0.002617346093589963,0.44297001405130526,ols:pooled
2017-02,-0.0009355718712484464,-0.0018761614393844744,0.470294784068014,ols:pooled
2017-03,0.002895943120485416,0.0020000621393298935,0.4479404905777614,ols:pooled
2017-04,-7.426557307081016e-05,-0.0009367051640026093,0.43121979546589995,ols:pooled
2017-05,0.005185462095252068,0.004369640439042401,0.4079108281048333,ols:pooled
2017-06,0.0002628281381853746,-0.0006448948861488042,0.45386151216708936,ols:pooled
2017-07,0.0029292786826026155,0.002086202413830921,0.42153813438584703,ols:pooled
2017-08,0.00326697454208401,0.0023787564986323733,0.4441090217258183,ols:pooled
2017-09,0.0014766157295133385,0.0007143275690009863,0.3811440802561762,ols:pooled
2017-10,0.0036047999712965776,0.002834455415052314,0.38517227812213145,ols:pooled
2017-11,0.0023106239850955194,0.0014164306105474954,0.4470966872740121,ols:pooled
2017-12,0.0029857977212413983,0.002052557129406828,0.46662029591728493,ols:pooled
2018-01,0.004878131256487057,0.003930397012979968,0.4738671217535444,ols:pooled
2018-02,0.002563686009607908,0.0015521812055542268,0.5057524020268407,ols:pooled
2018-03,0.0037082998862003015,0.0027798926526446037,0.46420361677784866,ols:pooled
2018-04,0.001043758858348816,0.00022375609914137087,0.41000137960372257,ols:pooled
2018-05,0.0034096955488355243,0.0024536171629744607,0.4780391929305317,ols:pooled
2018-06,0.0029771555791510886,0.002000939656507855,0.4881079613216166,ols:pooled
2018-07,0.0034471407172464138,0.0025723373114623182,0.43740170289204766,ols:pooled
2018-08,0.004457110515380717,0.0035882349532884005,0.43443778104615843,ols:pooled
2018-09,0.013165507071521605,0.01229201268841451,0.4367471915535475,ols:pooled
2018-10,0.0033457022387926765,0.002541319541608554,0.4021913485920612,ols:pooled
2018-11,-0.003128364889395857,-0.004001992994602334,0.43681405260323847,ols:pooled
2018-12,0.0034237911682708055,0.0023385436968862893,0.542623735692258,ols:pooled
2019-01,-0.0006948269068919991,-0.0015737649052284426,0.43946899916822174,ols:pooled
2019-02,-0.00505285605623857,-0.006053446365131957,0.5002951544466935,ols:pooled
2019-03,0.004772211238621433,0.0038244129468284014,0.47389914589651555,ols:pooled
2019-04,0.0018062283300819694,0.001049459857083647,0.37838423649916114,ols:pooled
2019-05,0.0018623755848917144,0.0010337109598957802,0.41433231249796704,ols:pooled
2019-06,0.003313459602258971,0.002377397689846443,0.4680309562062641,ols:pooled
2019-07,0.005764821802682348,0.004902074325262614,0.4313737387098666,ols:pooled
2019-08,0.0032916497981467386,0.0025066747579747376,0.39248752008600046,ols:pooled
2019-09,-0.002316479381310405,-0.0031530757012069445,0.41829815994826997,ols:pooled
2019-10,0.0017830394074382259,0.0008442384187554911,0.46940049434136744,ols:pooled
2019-11,0.0015434474975477188,0.0007058244916913525,0.4188115029281832,ols:pooled
2019-12,0.004953179176488024,0.0040561840999259295,0.44849753828104716,ols:pooled
2020-01,0.004747594469465662,0.004000242152921372,0.37367615827214457,ols:pooled
2020-02,0.008274589533066508,0.007462798383604682,0.4058955747309128,ols:pooled
2020-03,0.014212615048063164,0.013433885184071341,0.3893649319959113,ols:pooled
2020-04,-0.016351106571958925,-0.017557166707739196,0.6030300678901356,ols:pooled
2020-05,-0.0014506310860261538,-0.003105290740010072,0.8273298269919589,ols:pooled
2020-06,-0.004256312582101069,-0.005544826390043348,0.6442569039711398,ols:pooled
2020-07,0.004640507767822246,0.0034654070548438397,0.5875503564892035,ols:pooled
2020-08,0.00044853556152188223,-0.0006971206494656338,0.572828105493758,ols:pooled
2020-09,-0.0032987582406640574,-0.00443318017998088,0.5672109696584109,ols:pooled
2020-10,0.0025115802129280717,0.0013754109805459633,0.5680846161910538,ols:pooled
2020-11,-0.024348106645371903,-0.025325796806376186,0.48884508050214015,ols:pooled
2020-12,0.000641470847463569,-0.0009275175970454682,0.7844942222545186,ols:pooled
2021-01,0.002302990905257686,0.000949337532513689,0.6768266863719986,ols:pooled
2021-02,0.000726502015735071,-0.00039531844583191763,0.5609102307834942,ols:pooled
2021-03,0.006225494789324576,0.005054994214921024,0.5852502872017767,ols:pooled
2021-04,0.005001687530450172,0.004000577491109489,0.5005550196703414,ols:pooled
2021-05,0.003385988014035605,0.0022827106621539045,0.5516386759408501,ols:pooled
2021-06,-0.0041454455481204164,-0.005203802553325969,0.5291785026027763,ols:pooled
2021-07,0.0037272883751270735,0.0027098903153675424,0.5086990298797655,ols:pooled
2021-08,-0.0006842252350044705,-0.0016367826389038517,0.47627870194969035,ols:pooled
2021-09,0.0075860672471125675,0.0065747606409332,0.505653303089684,ols:pooled
2021-10,0.0017783640417444867,0.0008449025621342681,0.4667307398051095,ols:pooled
2021-11,0.004950058272403613,0.004028721320310503,0.460668476046555,ols:pooled
2021-12,0.008983950190579274,0.00789470849386834,0.5446208483554672,ols:pooled
2022-01,0.011751775118352683,0.010891433790136915,0.4301706641078841,ols:pooled
2022-02,0.008207552182238002,0.007395118392992337,0.4062168946228328,ols:pooled
2022-03,0.008769364602140138,0.007880738055375452,0.4443132733823428,ols:pooled
2022-04,0.010756976505565284,0.009939883635761131,0.40854643490207554,ols:pooled
2022-05,0.00388016089226154,0.00307588183099127,0.40213953063513463,ols:pooled
2022-06,0.0014116887042054875,0.00052918541223048,0.4412516459875036,ols:pooled
2022-07,-0.00484936018385839,-0.005746069344151263,0.4483545801464361,ols:pooled
2022-08,-0.0012371762962186178,-0.0021704706840609427,0.4666471939211624,ols:pooled
2022-09,0.00624671559423578,0.005406888130993739,0.4199137316210209,ols:pooled
2022-10,0.005171386022831503,0.004336831213504148,0.41727740466367763,ols:pooled
2022-11,-0.00572092780646144,-0.006628235458331574,0.4536538259350667,ols:pooled
2022-12,0.005574244979908699,0.004551350661340187,0.5114471592842563,ols:pooled
2023-01,0.000927000090184878,5.1854503152907605e-05,0.43757279351598516,ols:pooled
2023-02,0.006481461704265573,0.005610115164815554,0.43567326972500964,ols:pooled
2023-03,0.00352318637319214,0.002814042780129115,0.3545717965315128,ols:pooled
2023-04,-0.0005910122073099403,-0.0014307941397980507,0.4198909662440551,ols:pooled
2023-05,-0.0018965101494111034,-0.002670131592611402,0.38681072160014923,ols:pooled
2023-06,0.0018371800154376979,0.00102801297930808,0.4045835180648089,ols:pooled
2023-07,0.0038762288651843554,0.003008628535151888,0.4338001650162335,ols:pooled
2023-08,0.0016158090978778267,0.0007404765859051432,0.43766625598634173,ols:pooled
2023-09,0.009818776784933349,0.008985782609331885,0.41649708780073136,ols:pooled
2023-10,0.007713752927721613,0.007021494056724014,0.3461294354987997,ols:pooled
2023-11,-0.008361120312082086,-0.009129725052409247,0.38430237016358054,ols:pooled
2023-12,0.0034689773508738055,0.0025092559285379745,0.47986071116791557,ols:pooled
2024-01,0.00896650939795263,0.008118452960221949,0.4240282188653404,ols:pooled
2024-02,0.0001582799281559785,-0.0007091398253936364,0.43370987677480727,ols:pooled
2024-03,0.003674437860923256,0.0027630361391775566,0.45570086087284944,ols:pooled
2024-04,-4.520176516547671e-05,-0.0009319225601078455,0.44336039747118433,ols:pooled
2024-05,0.0018759359551823419,0.0010090183970116343,0.4334587790853537,ols:pooled
2024-06,7.659852170877763e-05,-0.0007526724288084613,0.41463547525861943,ols:pooled
2024-07,0.00043583080176023124,-0.0003870046314502839,0.41141771660525756,ols:pooled
2024-08,0.0030237295148878005,0.0021936175445502327,0.41505598516878384,ols:pooled
2024-09,0.0003708606116542796,-0.0004401943619252582,0.4055274867897689,ols:pooled
2024-10,0.004030042114246864,0.0031759575295134236,0.4270422923667201,ols:pooled
2024-11,0.009543903100099033,0.008698803262199987,0.42254991894952365,ols:pooled
2024-12,0.001974216706798305,0.0011253180590204475,0.4244493238889289,ols:pooled
2025-01,0.0014029437973446081,0.0006874905875853877,0.3577266048796101,ols:pooled
2025-02,0.004253267234607109,0.003408886747192018,0.4221902437075454,ols:pooled
2025-03,0.0057499812120359725,0.004965639994652656,0.39217060869165826,ols:pooled
2025-04,-0.0024555387736082085,-0.003222934101469718,0.38369766393075433,ols:pooled
2025-05,-0.0010984056485163715,-0.0019625989223318956,0.43209663690776207,ols:pooled
2025-06,-0.0012629811320200824,-0.002098271194687576,0.4176450313337467,ols:pooled
2025-07,-0.0008624495773997359,-0.0016016835429462683,0.36961698277326605,ols:pooled
2025-08,0.002314414070868965,0.001457119021874445,0.4286475244972602,ols:pooled
2025-09,0.003965354055700295,0.003067746040785303,0.4488040074574959,ols:pooled
2025-10,0.008724370438969604,0.007843029639440651,0.44067039976447675,ols:pooled
2025-11,0.001858182549697055,0.0009200282145225822,0.4690771675872364,ols:pooled
2025-12,0.009661711383438616,0.008760293479479514,0.4507089519795516,ols:pooled
2000-01,0.005389060941367901,0.005389060941367901,0.0,ols_rs:dm_only
2000-02,0.016300485692642426,0.014267458462526058,1.016513615058184,ols_rs:dm_only
2000-03,-0.001901324562930468,-0.003906209484498305,1.0024424607839186,ols_rs:dm_only
2000-04,-0.01774002496505922,-0.01976011146076778,1.0100432478542793,ols_rs:dm_only
2000-05,-0.0022207121975690285,-0.00439506819081809,1.0871779966245312,ols_rs:dm_only
2000-06,-0.008406028474729594,-0.010430427628592922,1.0121995769316636,ols_rs:dm_only
2000-07,-0.0016416410000099574,-0.0037050278590944983,1.0316934295422706,ols_rs:dm_only
2000-08,-0.0068437895872962414,-0.008731240838299556,0.9437256255016578,ols_rs:dm_only
2000-09,0.00015938693375363308,-0.0017989352558376455,0.9791610947956391,ols_rs:dm_only
2000-10,0.000516560039638366,-0.0012585233089746775,0.8875416743065219,ols_rs:dm_only
2000-11,0.0076691988392489155,0.00604951192781706,0.8098434557159283,ols_rs:dm_only
2000-12,0.0007813415060050678,-0.0009580703076109802,0.8697059068080241,ols_rs:dm_only
2001-01,-0.014102503618128792,-0.01598915228965181,0.9433243357615089,ols_rs:dm_only
2001-02,0.007065123792386675,0.004888164132003005,1.0884798301918353,ols_rs:dm_only
2001-03,0.027590469870325516,0.025471157021777244,1.059656424274135,ols_rs:dm_only
2001-04,0.004734204022754039,0.0029993060509504064,0.8674489859018158,ols_rs:dm_only
2001-05,0.009860261504395049,0.007902143026606714,0.9790592388941683,ols_rs:dm_only
2001-06,-0.0020273424819939314,-0.003668930923417108,0.8207942207115881,ols_rs:dm_only
2001-07,0.018071881681124984,0.016226742744326075,0.9225694683994532,ols_rs:dm_only
2001-08,-0.00585101107991225,-0.007433977479119046,0.7914831996033983,ols_rs:dm_only
2001-09,0.01229817551971561,0.010393730168738973,0.9522226754883196,ols_rs:dm_only
2001-10,-0.01976273950592774,-0.021651302410068123,0.9442814520701913,ols_rs:dm_only
2001-11,0.003313570692000425,0.0010243512298517585,1.144609731074333,ols_rs:dm_only
2001-12,0.013289040510950707,0.011330463793779428,0.9792883585856398,ols_rs:dm_only
2002-01,0.0004687172286686305,-0.0015695571890256032,1.0191372088471167,ols_rs:dm_only
2002-02,0.00798155390217663,0.006450478308298246,0.7655377969391917,ols_rs:dm_only
2002-03,0.011672816821988796,0.010299854579267801,0.6864811213604973,ols_rs:dm_only
2002-04,0.006657532693791735,0.005453518771869542,0.6020069609610961,ols_rs:dm_only
2002-05,0.005436738897890772,0.004086501227402776,0.6751188352439979,ols_rs:dm_only
2002-06,0.006189663209944487,0.0048520831337402455,0.6687900381021207,ols_rs:dm_only
2002-07,0.0038413725428719484,0.0025468226703934077,0.6472749362392702,ols_rs:dm_only
2002-08,0.001939862541669999,0.000693476132663034,0.6231932045034827,ols_rs:dm_only
2002-09,0.005295104136581872,0.003974373178559328,0.6603654790112722,ols_rs:dm_only
2002-10,0.0014146018563119247,0.00020173049256337923,0.6064356818742722,ols_rs:dm_only
2002-11,0.002919362714543232,0.0013523766244443896,0.7834930450494213,ols_rs:dm_only
2002-12,0.003272303754694466,0.0019772734511421582,0.6475151517761542,ols_rs:dm_only
2003-01,0.001900773146134275,0.0005985624542168014,0.6511053459587367,ols_rs:dm_only
2003-02,0.0005155908282300759,-0.0004515692676601019,0.48358004794508885,ols_rs:dm_only
2003-03,0.010121035478491995,0.009097898251944521,0.5115686132737366,ols_rs:dm_only
2003-04,-0.005209862501394708,-0.0059073227054519655,0.3487301020286283,ols_rs:dm_only
2003-05,0.003558165391198074,0.002353024595122647,0.6025703980377132,ols_rs:dm_only
2003-06,0.0057936635130414055,0.004623845016855052,0.5849092480931771,ols_rs:dm_only
2003-07,0.008418976047299801,0.007372300970755646,0.5233375382720777,ols_rs:dm_only
2003-08,0.0049866925320640925,0.0039041615981795248,0.5412654669422838,ols_rs:dm_only
2003-09,-0.002832492329680096,-0.0040196497757001015,0.5935787230100028,ols_rs:dm_only
2003-10,0.011449937719775599,0.010336032619487723,0.5569525501439375,ols_rs:dm_only
2003-11,0.0011556207402856904,0.00011572786260783611,0.5199464388389271,ols_rs:dm_only
2003-12,0.0005995616457287837,-0.0005405348946193133,0.5700482701740486,ols_rs:dm_only
2004-01,-0.001867971548008909,-0.002904103496874072,0.5180659744325814,ols_rs:dm_only
2004-02,0.003839085417027565,0.00365539498196666,0.0918452175304526,ols_rs:dm_only
2004-03,0.004379481965649427,0.004224927888759664,0.07727703844488155,ols_rs:dm_only
2004-04,0.003436607480558605,0.0033153012771497364,0.0606531017044345,ols_rs:dm_only
2004-05,-0.002445037371169204,-0.0026124755244512766,0.0837190766410365,ols_rs:dm_only
2004-06,0.00464105351563067,0.004519248554056018,0.06090248078732591,ols_rs:dm_only
2004-07,0.002705166487067764,0.0025995091562465746,0.052828665410594444,ols_rs:dm_only
2004-08,0.006371858194235092,0.006248121794871136,0.061868199681977876,ols_rs:dm_only
2004-09,0.003184299247123172,0.003063050780932566,0.06062423309530312,ols_rs:dm_only
2004-10,0.003067202722345816,0.0029445866251364495,0.0613080486046833,ols_rs:dm_only
2004-11,0.004112952151498257,0.003955529474451217,0.07871133852351997,ols_rs:dm_only
2004-12,0.008126156939664207,0.007997706585790429,0.06422517693688895,ols_rs:dm_only
2005-01,-0.000880906202001283,-0.0017638671308056204,0.44148046440216876,ols_rs:dm_only
2005-02,0.007007663196418807,0.006237972536991011,0.38484532971389757,ols_rs:dm_only
2005-03,0.008416165753050299,0.007613702424699173,0.4012316641755628,ols_rs:dm_only
2005-04,0.013376831045605537,0.012597155531950224,0.38983775682765603,ols_rs:dm_only
2005-05,-0.014139405122362303,-0.014800181001413337,0.3303879395255168,ols_rs:dm_only
2005-06,0.002267574145115142,0.0012970564890445765,0.4852588280352828,ols_rs:dm_only
2005-07,0.005291364404121783,0.00452641183890284,0.38247628260947164,ols_rs:dm_only
2005-08,0.001234001839467711,0.0004640293728501157,0.3849862333087976,ols_rs:dm_only
2005-09,0.0026196261940744665,0.0017082691893525479,0.4556785023609594,ols_rs:dm_only
2005-10,0.0002630275799896762,-0.0005089078014287723,0.3859676907092242,ols_rs:dm_only
2005-11,-0.003128315957553031,-0.0038828714265059655,0.3772777344764669,ols_rs:dm_only
2005-12,-0.0008410546217360328,-0.001628109079922625,0.39352722909329607,ols_rs:dm_only
2006-01,0.005603666238163912,0.004685617221998082,0.4590245080829158,ols_rs:dm_only
2006-02,0.005230029129118521,0.003981284121834619,0.624372503641951,ols_rs:dm_only
2006-03,-0.010795862424923267,-0.011868849962357217,0.5364937687169763,ols_rs:dm_only
2006-04,0.008012421962901443,0.006935713501621969,0.5383542306397378,ols_rs:dm_only
2006-05,0.000814114143025343,-0.00023350741426809675,0.5238107786467198,ols_rs:dm_only
2006-06,0.015165553107689257,0.014189566102080518,0.4879935028043705,ols_rs:dm_only
2006-07,-0.003959119979053885,-0.004978393620929223,0.5096368209376689,ols_rs:dm_only
2006-08,-0.005085727491992624,-0.006238107061065335,0.5761897845363552,ols_rs:dm_only
2006-09,0.0024446856729034273,0.0013899257100784717,0.5273799814124779,ols_rs:dm_only
2006-10,-0.0023491789744958373,-0.0032468123302845132,0.44881667789433793,ols_rs:dm_only
2006-11,0.007764748824104967,0.006772696719214832,0.4960260524450673,ols_rs:dm_only
2006-12,0.0016049551477481418,0.000702390720688365,0.4512822135298884,ols_rs:dm_only
2007-01,0.006017918873412601,0.004865094128278945,0.5764123725668279,ols_rs:dm_only
2007-02,0.0017009284013458398,0.0004360474426775089,0.6324404793341655,ols_rs:dm_only
2007-03,0.006071525374940613,0.004906668151430582,0.5824286117550154,ols_rs:dm_only
2007-04,0.00629995620107149,0.005147822175815909,0.57606701262779,ols_rs:dm_only
2007-05,0.001051543932194074,-0.0001338679806351542,0.5927059564146141,ols_rs:dm_only
2007-06,-0.0024726608069200236,-0.0038061508951997254,0.6667450441398509,ols_rs:dm_only
2007-07,-0.00033218716830237845,-0.0018267725381451157,0.7472926849213687,ols_rs:dm_only
2007-08,0.0017452793319567025,0.00034816342550389814,0.6985579532264021,ols_rs:dm_only
2007-09,0.002793114089135291,0.0014025149332319705,0.69529957795166,ols_rs:dm_only
2007-10,0.011682724702188736,0.010390077553661567,0.6463235742635839,ols_rs:dm_only
2007-11,0.0030575308607969066,0.0017611643625024972,0.6481832491472047,ols_rs:dm_only
2007-12,0.004534927050619931,0.00304296083916148,0.7459831057292259,ols_rs:dm_only
2008-01,0.0020685393692228514,0.0008421509000662858,0.6131942345782828,ols_rs:dm_only
2008-02,-0.0012709512022346238,-0.0027628861007916363,0.7459674492785062,ols_rs:dm_only
2008-03,0.004646090647640071,0.003185809906389666,0.7301403706252029,ols_rs:dm_only
2008-04,0.0024463257014796587,0.0010485929168451203,0.6988663923172693,ols_rs:dm_only
2008-05,-0.0036412739974557885,-0.005103568040856395,0.7311470217003029,ols_rs:dm_only
2008-06,0.009952676305691513,0.008564074124819313,0.6943010904360999,ols_rs:dm_only
2008-07,-0.004189058259872641,-0.005370290218690286,0.5906159794088222,ols_rs:dm_only
2008-08,0.009305378643877517,0.007797371255528539,0.754003694174489,ols_rs:dm_only
2008-09,0.013639560123014838,0.012465402673055443,0.587078724979698,ols_rs:dm_only
2008-10,0.03340151943414623,0.032270785522760755,0.5653669556927345,ols_rs:dm_only
2008-11,0.018669639872761455,0.017557413076110133,0.5561133983256612,ols_rs:dm_only
2008-12,-0.004703352468679065,-0.00594376289171058,0.620205211515757,ols_rs:dm_only
2009-01,0.0006538334689205611,-0.0008048619675908362,0.7293477182556988,ols_rs:dm_only
2009-02,0.0064915124826790275,0.004965355043849663,0.7630787194146823,ols_rs:dm_only
2009-03,-0.011121993914316041,-0.012355598631728713,0.6168023587063359,ols_rs:dm_only
2009-04,-0.015359818699513255,-0.016952547962912394,0.7963646316995686,ols_rs:dm_only
2009-05,0.011793775527309076,0.009945081390937653,0.9243470681857111,ols_rs:dm_only
2009-06,-0.003734810640003026,-0.005425598092572531,0.8453937262847525,ols_rs:dm_only
2009-07,0.0038344607671901084,0.0020120025462182192,0.9112291104859446,ols_rs:dm_only
2009-08,0.001289251855859482,-0.00010085266230412986,0.6950522590818058,ols_rs:dm_only
2009-09,0.005306870649393449,0.0038969400388772332,0.7049653052581082,ols_rs:dm_only
2009-10,0.0014025131492793421,0.00013158103416480586,0.6354660575572683,ols_rs:dm_only
2009-11,0.0019497138117118918,0.000611858339295456,0.6689277362082179,ols_rs:dm_only
2009-12,-0.002249055956495163,-0.0035049917206188812,0.6279678820618592,ols_rs:dm_only
2010-01,-0.0018366025048801638,-0.003265346955707504,0.7143722254136701,ols_rs:dm_only
2010-02,-0.002506538717789528,-0.004052033450032195,0.7727473661213331,ols_rs:dm_only
2010-03,-0.003036142586047866,-0.004660455383839965,0.8121563988960493,ols_rs:dm_only
2010-04,0.005260910947158711,0.0037923825445585952,0.7342642013000581,ols_rs:dm_only
2010-05,0.004280223190559352,0.0029050941165783477,0.6875645369905018,ols_rs:dm_only
2010-06,0.008029053866543552,0.0067468682536298615,0.6410928064568453,ols_rs:dm_only
2010-07,-0.0015631012606712525,-0.002699020462582695,0.5679596009557213,ols_rs:dm_only
2010-08,0.0034030413862131364,0.001983002618468129,0.710019383872504,ols_rs:dm_only
2010-09,0.0014792161303359272,8.397650397043003e-05,0.6976198131827485,ols_rs:dm_only
2010-10,0.00630570675832326,0.004866291914394572,0.7197074219643448,ols_rs:dm_only
2010-11,0.00877776125636258,0.00744479923151243,0.6664810124250757,ols_rs:dm_only
2010-12,0.00576244610303904,0.004440567360983576,0.6609393710277321,ols_rs:dm_only
2011-01,0.005267617179612414,0.003974444965944032,0.6465861068341913,ols_rs:dm_only
2011-02,-0.001728240714110558,-0.0031425812406289826,0.7071702632592122,ols_rs:dm_only
2011-03,-0.0003755378807037616,-0.001766624837043557,0.6955434781698975,ols_rs:dm_only
2011-04,0.007696053741786472,0.006348613459169368,0.6737201413085522,ols_rs:dm_only
2011-05,0.004334456843120303,0.0031364491785358687,0.5990038322922173,ols_rs:dm_only
2011-06,0.00459157543175374,0.0033809700091839445,0.6053027112848982,ols_rs:dm_only
2011-07,0.006215098499112214,0.005115418953948857,0.5498397725816788,ols_rs:dm_only
2011-08,0.009663470387133838,0.008604277311238084,0.5295965379478771,ols_rs:dm_only
2011-09,0.012151685395488877,0.011055881896491957,0.54790174949846,ols_rs:dm_only
2011-10,-0.008110847371688453,-0.009309919044798684,0.5995358365551149,ols_rs:dm_only
2011-11,0.0026296094404450153,0.0010835813083406379,0.7730140660521886,ols_rs:dm_only
2011-12,0.0041000512562059015,0.002618426953063079,0.7408121515714109,ols_rs:dm_only
2012-01,-0.014127579388451883,-0.015167635132274725,0.5200278719114207,ols_rs:dm_only
2012-02,-0.0009093692007272138,-0.0016938174482837316,0.392224123778259,ols_rs:dm_only
2012-03,0.008761484104721363,0.008031441541687608,0.3650212815168772,ols_rs:dm_only
2012-04,0.0038431516412355455,0.003176651903186775,0.3332498690243853,ols_rs:dm_only
2012-05,0.008112707871237586,0.007549804571025643,0.2814516501059718,ols_rs:dm_only
2012-06,0.006043632803122608,0.005538045967608769,0.2527934177569199,ols_rs:dm_only
2012-07,0.0062201767895627294,0.005671328363825094,0.274424212868817,ols_rs:dm_only
2012-08,0.005379373177888297,0.0048545181164602585,0.2624275307140189,ols_rs:dm_only
2012-09,-0.0009212672100260448,-0.0014289209183072009,0.2538268541405782,ols_rs:dm_only
2012-10,0.0030786048249861315,0.0025052761993788787,0.28666431280362664,ols_rs:dm_only
2012-11,0.006713807814117802,0.006167961075766612,0.27292336917559534,ols_rs:dm_only
2012-12,-0.00212992576662408,-0.0026360413882279103,0.2530578108019149,ols_rs:dm_only
2013-01,0.0021517464636175094,0.0016978507056085465,0.22694787900448135,ols_rs:dm_only
2013-02,0.003912962209547126,0.0038001506441758914,0.05640578268561718,ols_rs:dm_only
2013-03,0.005835098049539812,0.00574521695105839,0.044940549240710836,ols_rs:dm_only
2013-04,0.0063992768482809366,0.006284856557480657,0.05721014540014021,ols_rs:dm_only
2013-05,0.0010161610759951538,0.0009264651775649184,0.044847949215117686,ols_rs:dm_only
2013-06,0.005364321218362323,0.005272645310272673,0.04583795404482441,ols_rs:dm_only
2013-07,0.009922026915423173,0.009790116357527566,0.06595527894780233,ols_rs:dm_only
2013-08,1.846776791005806e-05,-7.83813649231243e-05,0.04842456641659147,ols_rs:dm_only
2013-09,-0.0010028649127270842,-0.0011557732701041835,0.0764541786885496,ols_rs:dm_only
2013-10,-0.00230821293797334,-0.0024003736779853162,0.046080370005987976,ols_rs:dm_only
2013-11,0.001031304638520531,0.0009267665895208554,0.05226902449983788,ols_rs:dm_only
2013-12,0.0032349679204566524,0.00317753304477061,0.028717437843021,ols_rs:dm_only
2014-01,0.0025899338822574173,0.00237640055029732,0.10676666598004858,ols_rs:dm_only
2014-02,0.005087900375387558,0.004838892329159445,0.12450402311405645,ols_rs:dm_only
2014-03,0.001889635937834543,0.0016555649025292065,0.11703551765266802,ols_rs:dm_only
2014-04,-0.0013146594104465918,-0.0016121065960910514,0.14872359282223024,ols_rs:dm_only
2014-05,-0.0003551469815827978,-0.0006755069600651538,0.16017998924117788,ols_rs:dm_only
2014-06,0.004455381810027639,0.004156785871369293,0.1492979693291727,ols_rs:dm_only
2014-07,0.0028043703186895236,0.0025525411607882696,0.1259145789506268,ols_rs:dm_only
2014-08,0.0018019153891579167,0.00151855364849646,0.14168087033072838,ols_rs:dm_only
2014-09,-0.0010681534336685098,-0.0012883138030287333,0.1100801846801117,ols_rs:dm_only
2014-10,0.002696178946953188,0.002472437533505636,0.11187070672377603,ols_rs:dm_only
2014-11,0.00716810016380956,0.006947245611451786,0.11042727617888702,ols_rs:dm_only
2014-12,0.009058109111638693,0.008840345968779232,0.1088815714297306,ols_rs:dm_only
2015-01,0.005479638570280519,0.004553648317807743,0.4629951262363879,ols_rs:dm_only
2015-02,-0.00031147825556722603,-0.0013508453987749454,0.5196835716038596,ols_rs:dm_only
2015-03,0.00424129052202362,0.0031544081860862164,0.5434411679687013,ols_rs:dm_only
2015-04,-0.010391391502040364,-0.011446087141428852,0.5273478196942443,ols_rs:dm_only
2015-05,0.00010517796468175857,-0.0012309435900975654,0.668060777389662,ols_rs:dm_only
2015-06,0.0027507338123434703,0.0014889169045559003,0.6309084538937849,ols_rs:dm_only
2015-07,0.008142141773921377,0.0072107735022344825,0.4656841358434472,ols_rs:dm_only
2015-08,0.007408405883566278,0.006464566153322958,0.47191986512166006,ols_rs:dm_only
2015-09,0.003804370239687712,0.002831537724957879,0.4864162573649166,ols_rs:dm_only
2015-10,-0.0038986002942365513,-0.00492183696437178,0.5116183350676143,ols_rs:dm_only
2015-11,0.0024134098791478657,0.0012954469787477912,0.5589814502000371,ols_rs:dm_only
2015-12,-4.153095270604098e-05,-0.0011453653077908433,0.5519171775424011,ols_rs:dm_only
2016-01,0.001818087923039276,0.0006688913387251185,0.5745982921570787,ols_rs:dm_only
2016-02,7.175972906465251e-05,-0.0011462602538872817,0.609009991475967,ols_rs:dm_only
2016-03,-0.0048807821259356544,-0.006181301456470775,0.6502596652675606,ols_rs:dm_only
2016-04,0.0036583848075762617,0.002288538067198879,0.6849233701886916,ols_rs:dm_only
2016-05,0.001399145671751512,0.00012659069840493327,0.6362774866732893,ols_rs:dm_only
2016-06,-0.0015815678413537268,-0.002827596684670778,0.6230144216585254,ols_rs:dm_only
2016-07,-0.0006502909664174389,-0.0017581291289769116,0.5539190812797364,ols_rs:dm_only
2016-08,0.005813134600463367,0.004581519499734408,0.6158075503644793,ols_rs:dm_only
2016-09,0.006072799633262103,0.00499114315897603,0.5408282371430363,ols_rs:dm_only
2016-10,0.0013222716691482278,0.000455864963259554,0.4332033529443367,ols_rs:dm_only
2016-11,-0.0023642983368256016,-0.003432134804357417,0.5339182337659076,ols_rs:dm_only
2016-12,0.0006721519142247135,-0.000575696940806933,0.6239244275158233,ols_rs:dm_only
2017-01,0.0029097715007735518,0.0017551192303083634,0.5773261352325941,ols_rs:dm_only
2017-02,-0.0004484134268516807,-0.0016474826693184744,0.599534621233397,ols_rs:dm_only
2017-03,0.002221203200860285,0.0010877691291352274,0.566717035862529,ols_rs:dm_only
2017-04,-0.000125412416032154,-0.0012431694802414388,0.5588785321046422,ols_rs:dm_only
2017-05,0.004500419995930205,0.003438606310300547,0.5309068428148291,ols_rs:dm_only
2017-06,0.0005365229727861312,-0.0006399219904108011,0.5882224815984661,ols_rs:dm_only
2017-07,0.001998581263217794,0.0009049815743459024,0.5467998444359459,ols_rs:dm_only
2017-08,0.0034144992688603026,0.0022561742800730777,0.5791624943936123,ols_rs:dm_only
2017-09,0.001256774775731057,0.00026002600423606815,0.4983743857474944,ols_rs:dm_only
2017-10,0.0037880094124389052,0.0027814478941649823,0.5032807591369617,ols_rs:dm_only
2017-11,0.002087515831173069,0.0009434355035171286,0.5720401638279703,ols_rs:dm_only
2017-12,0.0036502798970137243,0.0024379239124998108,0.6061779922569567,ols_rs:dm_only
2018-01,0.0051908672656287005,0.004224430188539888,0.48321853854440644,ols_rs:dm_only
2018-02,0.002875075524333618,0.0022738539948634934,0.30061076473506215,ols_rs:dm_only
2018-03,0.0032253700174248003,0.002635820770396819,0.294774623513991,ols_rs:dm_only
2018-04,0.001421202180743628,0.0009345740782409022,0.24331405125136255,ols_rs:dm_only
2018-05,0.0046541245859554724,0.004097077117063509,0.2785237344459814,ols_rs:dm_only
2018-06,0.003340047500550753,0.002764519845230282,0.28776382766023545,ols_rs:dm_only
2018-07,0.004370584301626881,0.003854209811701399,0.258187244962741,ols_rs:dm_only
2018-08,0.004191876156940751,0.0036759147444331538,0.25798070625379876,ols_rs:dm_only
2018-09,0.012413840953305362,0.011896462228957166,0.2586893621740994,ols_rs:dm_only
2018-10,0.0031566601951832224,0.002668643081302363,0.24400855694042978,ols_rs:dm_only
2018-11,-0.0023683296538651905,-0.0028943286938858896,0.26299952001034943,ols_rs:dm_only
2018-12,0.0015286981470833386,0.0008804019959778839,0.3241480755527274,ols_rs:dm_only
2019-01,0.002703846720186804,0.0022408484367055603,0.2314991417406219,ols_rs:dm_only
2019-02,-0.0044710307237696536,-0.00491281106611306,0.22089017117170345,ols_rs:dm_only
2019-03,0.004061210642135819,0.0036673612664853594,0.19692468782522976,ols_rs:dm_only
2019-04,0.0019120112284752883,0.0016007407458991955,0.15563524128804643,ols_rs:dm_only
2019-05,0.002054961934633957,0.0017030053970228706,0.17597826880554307,ols_rs:dm_only
2019-06,0.004147538488908472,0.003748683142960338,0.19942767297406705,ols_rs:dm_only
2019-07,0.0056178758434413285,0.005259587831146352,0.1791440061474882,ols_rs:dm_only
2019-08,0.001846914137324137,0.001502656026096153,0.17212905561399205,ols_rs:dm_only
2019-09,-0.001664295334730118,-0.002021496571115093,0.17860061819248754,ols_rs:dm_only
2019-10,0.0008669050878923689,0.00047293812578853584,0.19698348105191654,ols_rs:dm_only
2019-11,0.002529444124193967,0.00217780017649199,0.17582197385098838,ols_rs:dm_only
2019-12,0.004127596561899579,0.0037484993715941523,0.18954859515271275,ols_rs:dm_only
2020-01,0.001796412371334707,0.0015065173650829031,0.14494750312590202,ols_rs:dm_only
2020-02,0.0040850445478557585,0.004018441038400728,0.033301754727515114,ols_rs:dm_only
2020-03,0.005800216702095003,0.0057349220298940655,0.032647336100468466,ols_rs:dm_only
2020-04,-0.004862542578337534,-0.00499740599226502,0.0674317069637428,ols_rs:dm_only
2020-05,-0.0011195238341537095,-0.0012380461460712974,0.059261155958794005,ols_rs:dm_only
2020-06,-0.007097643116687461,-0.00717696180910816,0.03965934621034961,ols_rs:dm_only
2020-07,0.0022992826919824784,0.0021875005915868804,0.055891050197799205,ols_rs:dm_only
2020-08,-0.003759123078074125,-0.0038615979271099036,0.05123742451788926,ols_rs:dm_only
2020-09,-0.000333761718682168,-0.00041143559681087164,0.03883693906435195,ols_rs:dm_only
2020-10,0.005137652540354817,0.0050616211531302234,0.03801569361229658,ols_rs:dm_only
2020-11,-0.018997838589101118,-0.01906812853894219,0.03514497492053545,ols_rs:dm_only
2020-12,-0.0050237211849889505,-0.0051476695266925295,0.06197417085178955,ols_rs:dm_only
2021-01,0.004833768881463684,0.004745354852948148,0.0442070142577681,ols_rs:dm_only
2021-02,-0.0018039313900389245,-0.001882392542588332,0.039230576274703596,ols_rs:dm_only
2021-03,0.002645806576782234,0.002551946152472292,0.046930212154971035,ols_rs:dm_only
2021-04,0.0018009995674867947,0.0017250306628237907,0.03798445233150195,ols_rs:dm_only
2021-05,6.546638336654386e-05,-2.7996774767810106e-05,0.04673157906717702,ols_rs:dm_only
2021-06,-0.00442636890179012,-0.004496509333623981,0.03507021591693039,ols_rs:dm_only
2021-07,0.003829180075595014,0.0037509480244381156,0.03911602557844873,ols_rs:dm_only
2021-08,-0.0007162843939113112,-0.0007761734621010128,0.029944534094850875,ols_rs:dm_only
2021-09,0.004461854403112944,0.004385819927644336,0.03801723773430379,ols_rs:dm_only
2021-10,0.0006832382301195567,0.000613216422807197,0.03501090365617994,ols_rs:dm_only
2021-11,0.006884424626136185,0.006816041022418409,0.03419180185888759,ols_rs:dm_only
2021-12,0.008995999537949948,0.008908470100603102,0.04376471867342288,ols_rs:dm_only
2022-01,0.008348629381351225,0.0082853563140096,0.031636533670812435,ols_rs:dm_only
2022-02,0.009276224460714999,0.00920045240100298,0.037886029856009085,ols_rs:dm_only
2022-03,0.004898568911238906,0.004818120099147158,0.04022440604587391,ols_rs:dm_only
2022-04,0.010606871190957294,0.010519535661454808,0.043667764751242594,ols_rs:dm_only
2022-05,0.005140960275940806,0.005054194929353609,0.04338267329359816,ols_rs:dm_only
2022-06,-0.0011121374053048502,-0.0011896281371090395,0.038745365902094514,ols_rs:dm_only
2022-07,-0.0012164394557205025,-0.001293868349983754,0.03871444713162578,ols_rs:dm_only
2022-08,-0.0018767003856977756,-0.0019408662746718875,0.032082944487056134,ols_rs:dm_only
2022-09,0.003737666909163661,0.003667773289725358,0.034946809719151456,ols_rs:dm_only
2022-10,0.0033098180715278435,0.0032369852909632556,0.0364163902822941,ols_rs:dm_only
2022-11,-0.0012726763117017253,-0.0013621689663121906,0.04474632730523261,ols_rs:dm_only
2022-12,0.00650055070876506,0.00641842397274836,0.041063368008350136,ols_rs:dm_only
2023-01,0.0013224124745556244,0.0006429191467233688,0.33974666391612807,ols_rs:dm_only
2023-02,0.005341638466930781,0.0046926770392570726,0.32448071383685356,ols_rs:dm_only
2023-03,0.0031640075338362035,0.002642892327623472,0.26055760310636555,ols_rs:dm_only
2023-04,-0.0004871207936524919,-0.0011071500779282419,0.310014642137875,ols_rs:dm_only
2023-05,-0.0022263105387329255,-0.0028017322337197262,0.28771084749340053,ols_rs:dm_only
2023-06,0.0027079323551993735,0.002117176893280413,0.2953777309594805,ols_rs:dm_only
2023-07,0.00336875774414197,0.002737004681092496,0.3158765315247368,ols_rs:dm_only
2023-08,0.0020941243142735184,0.0014520009789107428,0.3210616676813878,ols_rs:dm_only
2023-09,0.009717166457940784,0.009096327940327794,0.3104192588064951,ols_rs:dm_only
2023-10,0.008018101756275065,0.00750500045698598,0.2565506496445428,ols_rs:dm_only
2023-11,-0.007086178576351846,-0.007658745939117324,0.28628368138273846,ols_rs:dm_only
2023-12,0.004043482943632142,0.0033543077952119804,0.34458757421008124,ols_rs:dm_only
2024-01,0.010617046399246249,0.010010695779172445,0.30317531003690207,ols_rs:dm_only
2024-02,-0.0004289104544212444,-0.001056115888669925,0.31360271712434035,ols_rs:dm_only
2024-03,0.003796153638662085,0.0031204092027023816,0.33787221797985184,ols_rs:dm_only
2024-04,0.0006793396640301176,2.4392478584554852e-05,0.3274735927227816,ols_rs:dm_only
2024-05,0.0021697442729578346,0.0015407803486108989,0.31448196217346797,ols_rs:dm_only
2024-06,0.000877054727710905,0.0002652967715144616,0.3058789780982217,ols_rs:dm_only
2024-07,0.0008653206573317911,0.0002640415315940114,0.30063956286888993,ols_rs:dm_only
2024-08,0.002911723893885935,0.0023196422780849078,0.2960408079005136,ols_rs:dm_only
2024-09,0.0005528739795753746,-2.5573161230293802e-05,0.28922357040283414,ols_rs:dm_only
2024-10,0.0025950872050362296,0.0019910970845566154,0.30199506023980727,ols_rs:dm_only
2024-11,0.010451196345415388,0.009850421776391088,0.3003872845121501,ols_rs:dm_only
2024-12,0.0019513315909752596,0.0013402577798472745,0.3055369055639924,ols_rs:dm_only
2025-01,0.0025826513935364097,0.002108320092707427,0.2371656504144912,ols_rs:dm_only
2025-02,0.004144322262220538,0.0037066414015623247,0.21884043032910644,ols_rs:dm_only
2025-03,0.005684467795123183,0.005286257473665608,0.19910516072878748,ols_rs:dm_only
2025-04,-0.0015271261970411828,-0.0019238071381530544,0.19834047055593604,ols_rs:dm_only
2025-05,-0.0006121471853836457,-0.0010687670560130523,0.22830993531470317,ols_rs:dm_only
2025-06,-0.002694415587893566,-0.003125413214487829,0.21549881329713133,ols_rs:dm_only
2025-07,-0.0010279326038552144,-0.0013944208878011886,0.18324414197298688,ols_rs:dm_only
2025-08,-0.0001141907130724113,-0.0005537692942577127,0.21978929059265073,ols_rs:dm_only
2025-09,0.0038286548016912823,0.0033698787011378823,0.22938805027669995,ols_rs:dm_only
2025-10,0.008801934036587817,0.008350218887160225,0.22585757471379517,ols_rs:dm_only
2025-11,0.00350425000629892,0.0029997484092425695,0.2522507985281755,ols_rs:dm_only
2025-12,0.008114373088020824,0.0076426981399255805,0.23583747404762168,ols_rs:dm_only
2000-01,0.0005630625369314226,0.0005630625369314226,0.0,ols_rs:own
2000-02,-0.003862985463320356,-0.006424378273830746,1.2806964052551941,ols_rs:own
2000-03,-0.0037560835835004085,-0.0060002800347433195,1.1220982256214556,ols_rs:own
2000-04,0.007593487247616542,0.004995833439546026,1.2988269040352571,ols_rs:own
2000-05,0.0051055610801507365,0.0030399594296837006,1.0328008252335172,ols_rs:own
2000-06,-0.009765862299703063,-0.012110945761012726,1.1725417306548316,ols_rs:own
2000-07,-0.00011374666356664056,-0.002440683004168513,1.1634681703009366,ols_rs:own
2000-08,-0.007256697582937501,-0.009391715746548004,1.067509081805252,ols_rs:own
2000-09,-0.0020845383342916286,-0.004399285501033023,1.1573735833706973,ols_rs:own
2000-10,0.0055856651748363365,0.0034847412673840086,1.0504619537261635,ols_rs:own
2000-11,0.009972955051870768,0.008034279031859886,0.9693380100054413,ols_rs:own
2000-12,-0.006987594401605294,-0.009232018189410506,1.1222118939026064,ols_rs:own
2001-01,-0.007629041932344387,-0.009257072001602125,0.8140150346288693,ols_rs:own
2001-02,0.005402206455738071,0.004650564488656851,0.37582098354060983,ols_rs:own
2001-03,0.02398082835308568,0.023209205521581035,0.3858114157523225,ols_rs:own
2001-04,0.006909982912082892,0.006347458156710788,0.28126237768605206,ols_rs:own
2001-05,0.006563039670525968,0.005727374776855773,0.41783244683509746,ols_rs:own
2001-06,0.003694735969209034,0.003194491532619487,0.2501222182947731,ols_rs:own
2001-07,0.014646875139161693,0.014081406278654817,0.282734430253438,ols_rs:own
2001-08,-0.0032127468926302543,-0.003727001061529193,0.2571270844494697,ols_rs:own
2001-09,0.006530855704368008,0.0059625634884229554,0.28414610797252615,ols_rs:own
2001-10,0.00027052584687182514,-0.000496047285567923,0.38328656621987406,ols_rs:own
2001-11,-0.0003497381304120748,-0.001052887478222612,0.3515746739052687,ols_rs:own
2001-12,0.012513060703582895,0.011899573688871902,0.3067435073554959,ols_rs:own
2002-01,-0.00028097246923669534,-0.0013294239921066943,0.5242257614349994,ols_rs:own
2002-02,0.006083970083372866,0.005061403621454973,0.5112832309589465,ols_rs:own
2002-03,0.006930965223050469,0.005953239526670682,0.4888628481898936,ols_rs:own
2002-04,0.006362967972966257,0.005518522572823532,0.42222270007136214,ols_rs:own
2002-05,0.0020835556709627974,0.001138472576294008,0.4725415473343945,ols_rs:own
2002-06,0.004212167457226304,0.0033107340026897305,0.4507167272682871,ols_rs:own
2002-07,0.00033700267268201104,-0.0005412471507461348,0.43912491171407286,ols_rs:own
2002-08,0.007367307385469886,0.006542520759131101,0.41239331316939254,ols_rs:own
2002-09,0.006485292571918931,0.005652218978623844,0.4165367966475436,ols_rs:own
2002-10,0.005150248437658315,0.004331108879371865,0.4095697791432258,ols_rs:own
2002-11,0.00431349582406743,0.00329184433155656,0.5108257462554354,ols_rs:own
2002-12,0.005171209246341148,0.004341455451306585,0.41487689751728135,ols_rs:own
2003-01,4.541126505526397e-05,-0.0006379497065492696,0.3416804858022668,ols_rs:own
2003-02,0.003562930503495996,0.0032744132356226445,0.1442586339366758,ols_rs:own
2003-03,0.0073643622870040015,0.007099799312651739,0.1322814871761316,ols_rs:own
2003-04,-0.0067759973306884816,-0.006994838437761367,0.10942055353644246,ols_rs:own
2003-05,0.007072930231977313,0.006692048102731745,0.1904410646227846,ols_rs:own
2003-06,0.007150688478571387,0.006817630829427263,0.16652882457206167,ols_rs:own
2003-07,0.006383973459912299,0.006100289559319837,0.14184195029623042,ols_rs:own
2003-08,0.0046239096244250835,0.004301378219521341,0.16126570245187136,ols_rs:own
2003-09,0.0016688716438715548,0.0011811783956538469,0.2438466241088537,ols_rs:own
2003-10,0.010222720581988337,0.009963119732204869,0.12980042489173432,ols_rs:own
2003-11,0.0033204063834603123,0.003085925695151731,0.11724034415429058,ols_rs:own
2003-12,0.0012433788113631887,0.000985278961259111,0.12904992505203874,ols_rs:own
2004-01,-0.002539057739805819,-0.002947749933439551,0.20434609681686616,ols_rs:own
2004-02,0.0027226581778800156,0.0021908575849589862,0.2659002964605147,ols_rs:own
2004-03,0.0036826125840291055,0.003242335441185117,0.22013857142199425,ols_rs:own
2004-04,0.002804913283436114,0.0023936208121114024,0.20564623566235568,ols_rs:own
2004-05,-0.0035365509863401062,-0.003975880089667487,0.21966455166369026,ols_rs:own
2004-06,0.004948938161994792,0.0045336036662254825,0.2076672478846546,ols_rs:own
2004-07,0.0036901908118417734,0.0033428890990508005,0.17365085639548627,ols_rs:own
2004-08,0.006349803606468803,0.006004854904519097,0.17247435097485303,ols_rs:own
2004-09,0.0032780717624104677,0.0029299892988988996,0.17404123175578387,ols_rs:own
2004-10,0.005612232742512168,0.005239655898874298,0.18628842181893507,ols_rs:own
2004-11,0.004248817990785691,0.003891671145585847,0.17857342259992184,ols_rs:own
2004-12,0.008157932975284296,0.007737172492661775,0.21038024131126098,ols_rs:own
2005-01,0.0007552278772897216,0.0003102734543441201,0.22247721147280086,ols_rs:own
2005-02,0.011118781137820829,0.010947420299974355,0.08568041892323731,ols_rs:own
2005-03,0.00663960248756222,0.006436698671318431,0.10145190812189422,ols_rs:own
2005-04,0.010807119150045471,0.010607567137392832,0.09977600632631983,ols_rs:own
2005-05,-0.010461319372762533,-0.010655907622445913,0.0972941248416908,ols_rs:own
2005-06,-0.001125295457498186,-0.0013678304177174175,0.12126748010961604,ols_rs:own
2005-07,0.009197339221355573,0.009024521850210021,0.08640868557277649,ols_rs:own
2005-08,0.0020385210330146923,0.0018501318099251403,0.09419461154477603,ols_rs:own
2005-09,-0.0007852146655908336,-0.0010539121306864226,0.13434873254779428,ols_rs:own
2005-10,-0.0009664946760192736,-0.0011553190969070346,0.09441221044388048,ols_rs:own
2005-11,-0.0024716351547343536,-0.002659174139217707,0.09376949224167684,ols_rs:own
2005-12,-0.0005837100931801946,-0.0007849198500088394,0.10060487841432231,ols_rs:own
2006-01,0.012094626382084852,0.01194543932182325,0.07459353013080053,ols_rs:own
2006-02,0.0007644908577967721,0.00046445065569036093,0.1500201010532055,ols_rs:own
2006-03,-0.012671790575920858,-0.012787903943692976,0.0580566838860593,ols_rs:own
2006-04,0.0024422848469571215,0.0022608191886977253,0.09073282912969804,ols_rs:own
2006-05,0.0018998605957517806,0.0017402744070708848,0.07979309434044775,ols_rs:own
2006-06,0.012489989211891003,0.012387091992618643,0.051448609636180045,ols_rs:own
2006-07,0.0039727071837522745,0.0035857125735855324,0.19349730508337087,ols_rs:own
2006-08,0.0008677494632800723,0.0006512284983208829,0.1082604824795945,ols_rs:own
2006-09,1.5212110305836387e-05,-0.0001865999472963557,0.10090602880109607,ols_rs:own
2006-10,-0.0008427185257516773,-0.0009662294062189327,0.061755440233627834,ols_rs:own
2006-11,-0.004132049387139215,-0.00423386615176576,0.05090838231327268,ols_rs:own
2006-12,0.0002388462709965548,0.00010553959214409699,0.06665333942622892,ols_rs:own
2007-01,0.005217439043562402,0.004641455413603749,0.28799181497932613,ols_rs:own
2007-02,-0.00013534992678810928,-0.000978158896814608,0.42140448501324956,ols_rs:own
2007-03,0.006103446256689645,0.0053789937552019065,0.3622262507438696,ols_rs:own
2007-04,0.004380415085227992,0.0036448197908192054,0.3677976472043931,ols_rs:own
2007-05,0.0005607025577752966,-0.0001458761187814572,0.3532893382783769,ols_rs:own
2007-06,2.0881415846204692e-05,-0.0007018584074044846,0.36136991162534476,ols_rs:own
2007-07,-0.0006046896724147924,-0.0014405179239382613,0.4179141257617344,ols_rs:own
2007-08,0.003327561135144111,0.0025303205517677283,0.3986202916881914,ols_rs:own
2007-09,0.0009299546607913757,9.578673703943336e-05,0.417083961875971,ols_rs:own
2007-10,0.008035173921795681,0.007217776233970312,0.40869884391268424,ols_rs:own
2007-11,0.0017292148135359775,0.0009516876943010788,0.3887635596174493,ols_rs:own
2007-12,0.0021876367415809552,0.0013021626932214478,0.4427370241797536,ols_rs:own
2008-01,0.0014291897371503102,0.0006294564717418589,0.39986663270422573,ols_rs:own
2008-02,0.0022309454194018594,0.0013359982953847476,0.4474735620085557,ols_rs:own
2008-03,0.0013201782192341673,0.00047729630940782276,0.4214409549131725,ols_rs:own
2008-04,0.0042515997446044545,0.003412756270598563,0.4194217370029461,ols_rs:own
2008-05,-0.004538962177794848,-0.0054342973311950985,0.4476675767001253,ols_rs:own
2008-06,0.006090026972060799,0.0052334103213170025,0.4283083253718983,ols_rs:own
2008-07,0.00245037473780768,0.001732888589732233,0.3587430740377235,ols_rs:own
2008-08,0.0067394053724879836,0.005789403332228321,0.4750010201298315,ols_rs:own
2008-09,0.007043980916234393,0.006240396529065564,0.4017921935844144,ols_rs:own
2008-10,0.01989628005375271,0.01914159700781635,0.37734152296817985,ols_rs:own
2008-11,0.014714013529411011,0.01389009787184231,0.41195782878435006,ols_rs:own
2008-12,-0.0011754564471811305,-0.002110594609314247,0.46756908106655826,ols_rs:own
2009-01,0.0020714299407222987,0.0009183258707342494,0.5765520349940247,ols_rs:own
2009-02,0.0050137730626879685,0.0038027916540908993,0.6054907042985342,ols_rs:own
2009-03,-0.007674314682415918,-0.008604512428833602,0.46509887320884163,ols_rs:own
2009-04,-0.015480068037104689,-0.016706911423290338,0.6134216930928255,ols_rs:own
2009-05,8.161608350212482e-05,-0.0013078855682907232,0.694750825896424,ols_rs:own
2009-06,-0.0008826587633327589,-0.0022764574852446747,0.6968993609559576,ols_rs:own
2009-07,0.002051972259244173,0.0006147172270573361,0.7186275160934184,ols_rs:own
2009-08,0.0005125083977859029,-0.0006062897527903128,0.559399075288108,ols_rs:own
2009-09,0.0040614758085672255,0.002896249378657524,0.5826132149548507,ols_rs:own
2009-10,0.00237824315999506,0.001354865168648578,0.5116889956732411,ols_rs:own
2009-11,0.003732375189328904,0.002605416624235389,0.5634792825467577,ols_rs:own
2009-12,-0.002108556638582294,-0.0031120593999755418,0.5017513806966237,ols_rs:own
2010-01,-0.0013688541395283304,-0.002417768072014259,0.5244569662429643,ols_rs:own
2010-02,0.0012136490010497243,0.0004435310981188702,0.3850589514654272,ols_rs:own
2010-03,-0.00075689386159566,-0.001598962300839909,0.42103421962212456,ols_rs:own
2010-04,0.005829823024363524,0.005124685110080438,0.3525689571415432,ols_rs:own
2010-05,0.004907610828292947,0.004301997417893114,0.30280670519991665,ols_rs:own
2010-06,0.005699675792550534,0.005129906094639043,0.2848848489557452,ols_rs:own
2010-07,0.0029034934573479473,0.002412610205443639,0.24544162595215432,ols_rs:own
2010-08,0.0031294704789327863,0.002495299192516638,0.31708564320807403,ols_rs:own
2010-09,0.002379648208238046,0.0017461702913620833,0.31673895843798144,ols_rs:own
2010-10,0.004176635393295513,0.0035686540359389286,0.30399067867829216,ols_rs:own
2010-11,0.007893299521114873,0.007301448704447099,0.2959254083338869,ols_rs:own
2010-12,0.0026090242875169405,0.002016106567225648,0.2964588601456464,ols_rs:own
2011-01,0.005608940829390614,0.005090689108168057,0.2591258606112786,ols_rs:own
2011-02,0.0012542513205798292,0.0007504159489333357,0.2519176858232469,ols_rs:own
2011-03,0.002068833247041856,0.0015425330910357365,0.2631500780030597,ols_rs:own
2011-04,0.006367512305302166,0.005903297859462573,0.23210722291979669,ols_rs:own
2011-05,0.004172032627911426,0.003768522153428176,0.20175523724162492,ols_rs:own
2011-06,0.004181923644499608,0.003777389220179821,0.20226721215989366,ols_rs:own
2011-07,0.0061388547588713555,0.005779773747598828,0.17954050563626364,ols_rs:own
2011-08,0.005249401476649081,0.004874138052968184,0.18763171184044833,ols_rs:own
2011-09,0.009821278058705505,0.009425129278856572,0.1980743899244659,ols_rs:own
2011-10,-0.0030244777695478736,-0.0034504784756200354,0.21300035303608086,ols_rs:own
2011-11,0.005382502688836023,0.004841664764520427,0.2704189621577976,ols_rs:own
2011-12,0.004550236115994144,0.0040140513531975895,0.2680923813982775,ols_rs:own
2012-01,-0.010377393901206669,-0.010814348734336477,0.21847741656490335,ols_rs:own
2012-02,0.0018975792384986225,0.0016518906086300895,0.12284431493426633,ols_rs:own
2012-03,0.008985483828385186,0.008776654968630213,0.10441442987748706,ols_rs:own
2012-04,0.0027950088571172915,0.0025174394215276654,0.13878471779481294,ols_rs:own
2012-05,0.005353814476312711,0.00515002868013418,0.10189289808926563,ols_rs:own
2012-06,0.0061252990841339046,0.005976799019556882,0.07425003228851083,ols_rs:own
2012-07,0.0056804955084142055,0.005505371018017633,0.08756224519828669,ols_rs:own
2012-08,0.0053346472873505345,0.005175406128541215,0.07962057940465968,ols_rs:own
2012-09,-0.0006135585829065404,-0.0007687797286472347,0.07761057287034714,ols_rs:own
2012-10,0.0033125477841191627,0.0031424111204992537,0.08506833180995449,ols_rs:own
2012-11,0.0059547569264254245,0.005793360984873636,0.0806979707758943,ols_rs:own
2012-12,-0.0011692910414849138,-0.0013206806324365542,0.07569479547582021,ols_rs:own
2013-01,0.0021517464636175094,0.00199867203549646,0.07653721406052467,ols_rs:own
2013-02,0.003912962209547126,0.0038001506441758914,0.05640578268561718,ols_rs:own
2013-03,0.005835098049539812,0.00574521695105839,0.044940549240710836,ols_rs:own
2013-04,0.0063992768482809366,0.006284856557480657,0.05721014540014021,ols_rs:own
2013-05,0.0010161610759951538,0.0009264651775649184,0.044847949215117686,ols_rs:own
2013-06,0.005364321218362323,0.005272645310272673,0.04583795404482441,ols_rs:own
2013-07,0.009922026915423173,0.00980419384280287,0.058916536310151084,ols_rs:own
2013-08,1.846776791005806e-05,-7.83813649231243e-05,0.04842456641659147,ols_rs:own
2013-09,-0.0010028649127270842,-0.0011557732701041835,0.0764541786885496,ols_rs:own
2013-10,-0.00230821293797334,-0.0024003736779853162,0.046080370005987976,ols_rs:own
2013-11,0.001031304638520531,0.0009267665895208554,0.05226902449983788,ols_rs:own
2013-12,0.0032349679204566524,0.00317753304477061,0.028717437843021,ols_rs:own
2014-01,0.002912363791031817,0.0028016514992775816,0.05535614587711757,ols_rs:own
2014-02,0.004966754839878808,0.0048415211732392195,0.06261683331979448,ols_rs:own
2014-03,0.001964824912163901,0.0018511743208374546,0.05682529566322326,ols_rs:own
2014-04,-0.0017273873300059919,-0.0018980997513566471,0.08535621067532763,ols_rs:own
2014-05,0.0004111160937975982,0.0002439199372358263,0.08359807828088582,ols_rs:own
2014-06,0.004638770476930106,0.004502074348708648,0.06834806411072956,ols_rs:own
2014-07,0.003579284441817141,0.003467058269436749,0.05611308619019611,ols_rs:own
2014-08,0.001585177039616383,0.0014228851716563266,0.0811459339800283,ols_rs:own
2014-09,-0.0009605549306367124,-0.0010651305264817333,0.05228779792251046,ols_rs:own
2014-10,0.0026266457461064908,0.002512707790325112,0.05696897789068935,ols_rs:own
2014-11,0.006688304985789947,0.006583487206647678,0.05240888957113455,ols_rs:own
2014-12,0.0080054312042745,0.007898932577205644,0.053249313534428105,ols_rs:own
2015-01,0.006758738806052638,0.0066067393534202925,0.0759997263161736,ols_rs:own
2015-02,-0.00018856949306950065,-0.0003630391314283557,0.0872348191794276,ols_rs:own
2015-03,0.008227325150692725,0.008060466821602457,0.08342916454513447,ols_rs:own
2015-04,-0.007388342665014711,-0.007581339464230283,0.09649839960778618,ols_rs:own
2015-05,0.002245276514425841,0.0020084455827728623,0.11841546582648922,ols_rs:own
2015-06,0.005334653714390722,0.005163369122208699,0.08564229609101139,ols_rs:own
2015-07,0.00792230164354579,0.007781976878584244,0.07016238248077324,ols_rs:own
2015-08,0.006036600319571781,0.005888912081023073,0.07384411927435405,ols_rs:own
2015-09,0.005096266883730401,0.004954064458060422,0.071101212834989,ols_rs:own
2015-10,-0.002751487405781174,-0.0029094865275719715,0.07899956089539902,ols_rs:own
2015-11,0.002675769790809319,0.002522329172429692,0.07672030918981328,ols_rs:own
2015-12,0.002477124870724933,0.002311863403802118,0.08263073346140742,ols_rs:own
2016-01,0.0037466345147708587,0.0036165928038301384,0.06502085547036028,ols_rs:own
2016-02,-0.0008590779328046085,-0.0009370618786087067,0.03899197290204905,ols_rs:own
2016-03,-0.009204479856199169,-0.009289543270279019,0.042531707039925204,ols_rs:own
2016-04,0.001290509070642286,0.0011931886447189531,0.048660212961666394,ols_rs:own
2016-05,0.005214012537655873,0.005133295326114447,0.0403586057707132,ols_rs:own
2016-06,-0.0010894689660167853,-0.0011576147669270695,0.03407290045514207,ols_rs:own
2016-07,0.002720061776763765,0.002658455213594241,0.03080328158476218,ols_rs:own
2016-08,0.00506291869538137,0.004984167054588735,0.0393758203963175,ols_rs:own
2016-09,0.005702047159463603,0.005604146543561886,0.04895030795085842,ols_rs:own
2016-10,0.0026983457135233983,0.002652855403681037,0.0227451549211808,ols_rs:own
2016-11,-0.0042279387414618196,-0.004305262466004293,0.038661862271236754,ols_rs:own
2016-12,0.0013511429381141296,0.0012210250598324703,0.06505893914082969,ols_rs:own
2017-01,0.004202219409270482,0.00412534290438708,0.03843825244170099,ols_rs:own
2017-02,-0.0011630237045633489,-0.0012382221883446554,0.037599241890653286,ols_rs:own
2017-03,0.005132258182689321,0.005071352523531385,0.03045282957896777,ols_rs:own
2017-04,-0.0009573155394469243,-0.0010222395844185846,0.03246202248582989,ols_rs:own
2017-05,0.006720860376993919,0.006655323818280318,0.03276827935680087,ols_rs:own
2017-06,0.00011443583707452165,3.901616701885255e-05,0.03770983502783455,ols_rs:own
2017-07,0.004230237857157865,0.004177072593921245,0.026582631618310155,ols_rs:own
2017-08,0.0022884258442310247,0.00223039176377087,0.029017040230077347,ols_rs:own
2017-09,0.003110369693730167,0.0030586363830328337,0.0258666553486666,ols_rs:own
2017-10,0.002135902435047435,0.002077693647183336,0.029104393932049555,ols_rs:own
2017-11,0.0023131858053636965,0.0022333356021215626,0.03992510162106697,ols_rs:own
2017-12,4.221305974605626e-05,-1.757692064421394e-05,0.029894990195135085,ols_rs:own
2018-01,0.004537971500718498,0.00445572033987268,0.041125580422908356,ols_rs:own
2018-02,0.003388332978498631,0.0033144389223933386,0.036947028052646304,ols_rs:own
2018-03,0.0023862820798394384,0.0022795408614345865,0.05337060920242611,ols_rs:own
2018-04,0.0015800031533520049,0.0015103857832272462,0.03480868506237941,ols_rs:own
2018-05,0.0054849829733346145,0.005407807602269992,0.03858768553231125,ols_rs:own
2018-06,0.003536382780111902,0.003460853956578251,0.037764411766825295,ols_rs:own
2018-07,0.005327634465903747,0.005260371566920382,0.033631449491682903,ols_rs:own
2018-08,0.003960198709771633,0.003893719208285375,0.03323975074312904,ols_rs:own
2018-09,0.011101123924421006,0.011037770036294829,0.03167694406308888,ols_rs:own
2018-10,0.0025026791253189395,0.0024321187867194925,0.03528016929972339,ols_rs:own
2018-11,-0.0017254979839123779,-0.0017960460983433091,0.03527405721546569,ols_rs:own
2018-12,-0.0016652128211182846,-0.0017381552900193886,0.03647123445055214,ols_rs:own
2019-01,0.002718205405359763,0.0022921970017875802,0.2130042017860913,ols_rs:own
2019-02,-0.004320390777466405,-0.004735068211679507,0.2073387171065505,ols_rs:own
2019-03,0.003853855762066398,0.0034731479298043474,0.19035391613102523,ols_rs:own
2019-04,0.0018740569145919534,0.0015583392687577716,0.1578588229170908,ols_rs:own
2019-05,0.0019476024984955867,0.0015888456587687442,0.1793784198634214,ols_rs:own
2019-06,0.004260089683535407,0.003857354383217303,0.20136765015905186,ols_rs:own
2019-07,0.005628875107957113,0.005268595428363461,0.18013983979682632,ols_rs:own
2019-08,0.001826733768109111,0.0014731806400451394,0.17677656403198583,ols_rs:own
2019-09,-0.001665886605555686,-0.002023465175103378,0.17878928477384576,ols_rs:own
2019-10,0.000898004720830577,0.0005047757499236992,0.1966144854534389,ols_rs:own
2019-11,0.0021697044720385946,0.0018121845845082143,0.17875994376519008,ols_rs:own
2019-12,0.004078688265024623,0.0036898339853446787,0.1944271398399721,ols_rs:own
2020-01,0.0022991847166199766,0.001969932411234301,0.1646261526928374,ols_rs:own
2020-02,0.004679880953601016,0.004508105721147614,0.0858876162267008,ols_rs:own
2020-03,0.007062240922745156,0.006902915635801205,0.07966264347197567,ols_rs:own
2020-04,-0.006998332315608157,-0.007308098322771966,0.15488300358190496,ols_rs:own
2020-05,-0.0014919581205269617,-0.00186593808268753,0.1869899810802841,ols_rs:own
2020-06,-0.006664237981877819,-0.006928528485914845,0.13214525201851288,ols_rs:own
2020-07,0.0025699194860582105,0.0023074373763937177,0.1312410548322462,ols_rs:own
2020-08,-0.002944975019136109,-0.0032142838003152655,0.13465439058957782,ols_rs:own
2020-09,-0.0008939219425559921,-0.0011398698460068093,0.12297395172540854,ols_rs:own
2020-10,0.004774795508106582,0.004538566369735996,0.11811456918529299,ols_rs:own
2020-11,-0.02015442497043424,-0.020360329089951692,0.10295205975872725,ols_rs:own
2020-12,-0.004380539376085331,-0.004719740640721067,0.1696006323178681,ols_rs:own
2021-01,0.004830891680814965,0.00457275458890009,0.1290685459574374,ols_rs:own
2021-02,-0.0017982240158857569,-0.0018776027983055076,0.03968939120987543,ols_rs:own
2021-03,0.002651949431137639,0.002557021510678103,0.04746396022976778,ols_rs:own
2021-04,0.0018082554046874777,0.0017314726709007217,0.038391366893378104,ols_rs:own
2021-05,7.36024382935123e-05,-2.0954474954339465e-05,0.04727845662392594,ols_rs:own
2021-06,-0.00442710837347521,-0.004498170481605142,0.03553105406496609,ols_rs:own
2021-07,0.0038279074165958995,0.003748697364163186,0.039605026216356816,ols_rs:own
2021-08,-0.0007131816803758443,-0.0007738626382582405,0.030340478941198144,ols_rs:own
2021-09,0.004470028090141463,0.004392958089948093,0.03853500009668465,ols_rs:own
2021-10,0.0006860690955434454,0.000615178129899973,0.03544548282173626,ols_rs:own
2021-11,0.0068838112010731894,0.006814505726516967,0.034652737278111974,ols_rs:own
2021-12,0.009001740552751993,0.008912954365662478,0.04439309354475724,ols_rs:own
2022-01,0.011834535351797059,0.011131924887545856,0.35130523212560116,ols_rs:own
2022-02,0.009163658221866107,0.008676167896815508,0.24374516252529962,ols_rs:own
2022-03,0.008007411130336168,0.007483088602884067,0.26216126372605014,ols_rs:own
2022-04,0.011158586405639935,0.010674369504929155,0.24210845035539028,ols_rs:own
2022-05,0.0040330744414632975,0.003571164445207578,0.23095499812785958,ols_rs:own
2022-06,0.00031278673816719453,-0.0001919490339172749,0.25236788604223476,ols_rs:own
2022-07,-0.003372704096459962,-0.00387908170343972,0.25318880348987943,ols_rs:own
2022-08,-0.0012760526481045789,-0.0017806913586880463,0.25231935529173377,ols_rs:own
2022-09,0.005971826673490305,0.005511303060000184,0.23026180674506022,ols_rs:own
2022-10,0.004951783141844216,0.004480292743515687,0.2357451991642647,ols_rs:own
2022-11,-0.004051032434247183,-0.004574237626013258,0.26160259588303814,ols_rs:own
2022-12,0.0065330813484644175,0.00595134078028603,0.2908702840891938,ols_rs:own
2023-01,0.0014740279237339523,0.0009644018257676892,0.25481304898313145,ols_rs:own
2023-02,0.005388420691944066,0.004834293212511639,0.27706373971621345,ols_rs:own
2023-03,0.00411625584390277,0.003684082081633676,0.21608688113454744,ols_rs:own
2023-04,-0.0010001362698653859,-0.001538255693182193,0.2690597116584035,ols_rs:own
2023-05,-0.0022015095741507377,-0.0026857762090281285,0.24213331743869543,ols_rs:own
2023-06,0.002595868960541729,0.002110756265252681,0.242556347644524,ols_rs:own
2023-07,0.0031729347611614343,0.00263931497230197,0.266809894429732,ols_rs:own
2023-08,0.0017046957337496502,0.0011587453170647704,0.2729752083424398,ols_rs:own
2023-09,0.00871806685404584,0.008214784848162524,0.25164100294165714,ols_rs:own
2023-10,0.007005794555277083,0.0065723660455883235,0.21671425484437992,ols_rs:own
2023-11,-0.0066559817598937365,-0.007162212378885106,0.25311530949568506,ols_rs:own
2023-12,0.0036961435582724173,0.0031079854935842973,0.2940790323440597,ols_rs:own
2024-01,0.009572861360239073,0.009057020259617422,0.25792055031082567,ols_rs:own
2024-02,0.00025811439254241046,-0.0002753377852956753,0.26672608891904276,ols_rs:own
2024-03,0.003892077835094507,0.0033363353860937296,0.2778712245003886,ols_rs:own
2024-04,0.0005166374212462465,-3.553316339883015e-05,0.27608529232253826,ols_rs:own
2024-05,0.0018165170571519632,0.001278454421611024,0.26903131777046974,ols_rs:own
2024-06,0.0014699986110416246,0.000965841674744253,0.25207846814868584,ols_rs:own
2024-07,0.0008159847682447583,0.0003273769565516645,0.24430390584654693,ols_rs:own
2024-08,0.0027832977324955513,0.002280832060761288,0.2512328358671317,ols_rs:own
2024-09,0.00021244564587461046,-0.00028179497315770815,0.24712030951615951,ols_rs:own
2024-10,0.0031093628570947173,0.0026021359380618086,0.25361345951645436,ols_rs:own
2024-11,0.009672973015736018,0.009171267896611877,0.2508525595620699,ols_rs:own
2024-12,0.002032588783725513,0.0015133595023714495,0.25961464067703177,ols_rs:own
2025-01,0.002324236574883998,0.001898521470768644,0.21285755205767687,ols_rs:own
2025-02,0.004186302446237017,0.0037719840782800217,0.2071591839784978,ols_rs:own
2025-03,0.005548289615934136,0.005166664899311398,0.19081235831136895,ols_rs:own
2025-04,-0.0012698750216625766,-0.0016365008646607089,0.1833129214990663,ols_rs:own
2025-05,-0.000777309888025114,-0.00119357174440407,0.20813092818947784,ols_rs:own
2025-06,-0.0028510580839935947,-0.003243582241188051,0.19626207859722797,ols_rs:own
2025-07,-0.0017790411041274249,-0.0021210624664365837,0.1710106811545794,ols_rs:own
2025-08,0.0008038554390852635,0.0003918462013224228,0.2060046188814205,ols_rs:own
2025-09,0.004138105248174317,0.003716254281246084,0.2109254834641158,ols_rs:own
2025-10,0.008539918120937653,0.008120474458963698,0.20972183098697786,ols_rs:own
2025-11,0.0032389814906030965,0.002774369888520724,0.23230580104118637,ols_rs:own
2025-12,0.008790040302732359,0.008365428141972837,0.2123060803797605,ols_rs:own
2000-01,0.004312740962179236,0.004312740962179236,0.0,ols_rs:pooled
2000-02,0.012397736559722768,0.010108033053988769,1.1448517528670004,ols_rs:pooled
2000-03,-0.0024866319958103946,-0.004675243770888695,1.09430588753915,ols_rs:pooled
2000-04,-0.012327987087648535,-0.014681502937679568,1.1767579250155171,ols_rs:pooled
2000-05,-0.0007857867624948393,-0.003035436516396232,1.1248248769506963,ols_rs:pooled
2000-06,-0.009230729601468637,-0.011408661693372277,1.0889660459518198,ols_rs:pooled
2000-07,-0.001386701441093399,-0.0035570996505538805,1.0851991047302405,ols_rs:pooled
2000-08,-0.006546201921550561,-0.008535834662779865,0.9948163706146518,ols_rs:pooled
2000-09,-0.0011366409588170635,-0.003271906202748369,1.0676326219656531,ols_rs:pooled
2000-10,0.0016827863518315582,-0.00023827067410281237,0.9605285129671853,ols_rs:pooled
2000-11,0.00801008199393507,0.00631483430959672,0.8476238421691746,ols_rs:pooled
2000-12,-0.0007613479542455377,-0.002616762478245094,0.927707261999778,ols_rs:pooled
2001-01,-0.015753128665443993,-0.017645657050415577,0.9462641924857915,ols_rs:pooled
2001-02,0.004938923243057961,0.002816152783842666,1.0613852296076478,ols_rs:pooled
2001-03,0.028750965554217422,0.026661130572898213,1.0449174906596055,ols_rs:pooled
2001-04,0.0054331318659582226,0.0037896819397177334,0.8217249631202443,ols_rs:pooled
2001-05,0.010196642967792238,0.008259214597979167,0.9687141849065356,ols_rs:pooled
2001-06,-0.0019467043739861847,-0.003558344351598159,0.8058199888059873,ols_rs:pooled
2001-07,0.017922598781319122,0.01610480425326904,0.9088972640250392,ols_rs:pooled
2001-08,-0.005312340503581968,-0.0068386388152771975,0.7631491558476147,ols_rs:pooled
2001-09,0.011772600727688431,0.009919825474384917,0.9263876266517576,ols_rs:pooled
2001-10,-0.016416971518377194,-0.018273477016037782,0.9282527488302944,ols_rs:pooled
2001-11,0.0050348827184438765,0.002827212548355761,1.103835085044058,ols_rs:pooled
2001-12,0.013370835784987113,0.01146463308139368,0.953101351796717,ols_rs:pooled
2002-01,9.554495930807972e-05,-0.0019139115995948732,1.004728279451476,ols_rs:pooled
2002-02,0.008159025695390657,0.006658816140344751,0.750104777522953,ols_rs:pooled
2002-03,0.010972551552304111,0.009581754371108715,0.6953985905976985,ols_rs:pooled
2002-04,0.007290024495024245,0.006090608265206655,0.5997081149087944,ols_rs:pooled
2002-05,0.005231477107080457,0.0038760781769803616,0.6776994650500477,ols_rs:pooled
2002-06,0.006081645690188911,0.0047338680610725095,0.6738888145582007,ols_rs:pooled
2002-07,0.00263669587890362,0.0013403312299328494,0.6481823244853853,ols_rs:pooled
2002-08,0.003338572246707826,0.0020997115729638883,0.6194303368719691,ols_rs:pooled
2002-09,0.0055315662074169126,0.004216555826020283,0.6575051906983141,ols_rs:pooled
2002-10,0.0013486498887321221,0.00013657781604739066,0.6060360363423657,ols_rs:pooled
2002-11,0.003353131786078661,0.0017815324161070385,0.7857996849858111,ols_rs:pooled
2002-12,0.0035737253388661433,0.0022867817694297134,0.643471784718215,ols_rs:pooled
2003-01,0.0014163310029588682,0.0001931300191321027,0.6116004919133826,ols_rs:pooled
2003-02,0.0016816282342754876,0.0008526607741714935,0.414483730051997,ols_rs:pooled
2003-03,0.009075873237323192,0.00820509343167166,0.435389902825766,ols_rs:pooled
2003-04,-0.006027929056420934,-0.006625593935504642,0.29883243954185346,ols_rs:pooled
2003-05,0.00464826114096491,0.0036466409358730397,0.5008101025459356,ols_rs:pooled
2003-06,0.0059613854986887704,0.004964120949812731,0.4986322744380203,ols_rs:pooled
2003-07,0.007433872555875472,0.006560423298699318,0.43672462858807626,ols_rs:pooled
2003-08,0.00506532098759701,0.004139503375850298,0.46290880587335603,ols_rs:pooled
2003-09,-0.0007686345030671422,-0.0017772183689006454,0.5042919329167515,ols_rs:pooled
2003-10,0.011516837329465426,0.010619967160087979,0.4484350846887232,ols_rs:pooled
2003-11,0.0018775837860800667,0.0010465467664419377,0.41551850981906463,ols_rs:pooled
2003-12,0.0005550572293342283,-0.00036863056560135904,0.46184389746779386,ols_rs:pooled
2004-01,-0.0024555016786197517,-0.0031774524386242514,0.36097538000224993,ols_rs:pooled
2004-02,0.003713554400204196,0.0034091205766018234,0.15221691180118635,ols_rs:pooled
2004-03,0.0041960929834579065,0.00395191165540886,0.12209066402452355,ols_rs:pooled
2004-04,0.0033397990997302584,0.0031222125916245715,0.1087932540528435,ols_rs:pooled
2004-05,-0.0029920641781552544,-0.0032469139639208578,0.12742489288280137,ols_rs:pooled
2004-06,0.004590066730174828,0.004375924439259691,0.10707114545756884,ols_rs:pooled
2004-07,0.0030408815972453084,0.0028513726528689677,0.09475447218817007,ols_rs:pooled
2004-08,0.006333941674652925,0.006141058121981765,0.09644177633557917,ols_rs:pooled
2004-09,0.003377682968092548,0.003179196190090016,0.09924338900126606,ols_rs:pooled
2004-10,0.003984428427367696,0.0037797508164300105,0.10233880546884264,ols_rs:pooled
2004-11,0.004261330688445395,0.004035631304750395,0.11284969184750024,ols_rs:pooled
2004-12,0.008251069923500016,0.00802183778635888,0.11461606857056816,ols_rs:pooled
2005-01,-0.0007109687010236319,-0.0014198770150320214,0.3544541570041948,ols_rs:pooled
2005-02,0.008704646040551937,0.008014138469586889,0.34525378548252345,ols_rs:pooled
2005-03,0.008311940019924314,0.007607045941552601,0.3524470391858559,ols_rs:pooled
2005-04,0.013207827228262047,0.012511711246445756,0.34805799090814543,ols_rs:pooled
2005-05,-0.013670148438150844,-0.014273227570820253,0.3015395663347055,ols_rs:pooled
2005-06,0.0019008066705651768,0.001020899783374394,0.4399534435953913,ols_rs:pooled
2005-07,0.006741404161953848,0.00603732866076272,0.3520377505955638,ols_rs:pooled
2005-08,1.264549354293412e-05,-0.0006773532327783566,0.3449993631606454,ols_rs:pooled
2005-09,0.0019845981785820374,0.0011355132332937176,0.42454247264415973,ols_rs:pooled
2005-10,0.00022558244016833605,-0.000469565210382928,0.3475738252756319,ols_rs:pooled
2005-11,-0.0027962440586487614,-0.0034698508880747028,0.33680341471297065,ols_rs:pooled
2005-12,-0.0007074089325538348,-0.00141083305443086,0.35171206093851265,ols_rs:pooled
2006-01,0.009913195241792586,0.00918091525790272,0.36613999194493335,ols_rs:pooled
2006-02,0.005297728989956052,0.004310044940863723,0.4938420245461647,ols_rs:pooled
2006-03,-0.01186955442723982,-0.012720385279303368,0.4254154260317738,ols_rs:pooled
2006-04,0.0077659807807574305,0.006894322413746978,0.4358291835052259,ols_rs:pooled
2006-05,0.0015627079754381434,0.0007058872628537034,0.4284103562922198,ols_rs:pooled
2006-06,0.01746568785065663,0.016688963888280794,0.38836198118791737,ols_rs:pooled
2006-07,-0.0014689671095494028,-0.002313123347919799,0.4220781191851981,ols_rs:pooled
2006-08,-0.00381887551951303,-0.004743395218628952,0.46225984955796084,ols_rs:pooled
2006-09,0.002022593998720971,0.0012097920377530987,0.4064009804839359,ols_rs:pooled
2006-10,-0.0022528848486414927,-0.0029315126771998503,0.3393139142791788,ols_rs:pooled
2006-11,0.005599958926060973,0.00483698510629501,0.381486909882981,ols_rs:pooled
2006-12,0.0014244179377008773,0.0007194287120531211,0.35249461282387795,ols_rs:pooled
2007-01,0.0058892751214464556,0.004937502543945323,0.4758862887505661,ols_rs:pooled
2007-02,0.0009904826490140513,-0.0001488467277271549,0.5696646883706034,ols_rs:pooled
2007-03,0.006427855316904573,0.005406261334366753,0.5107969912689098,ols_rs:pooled
2007-04,0.00587138137132639,0.004856398440906733,0.5074914652098285,ols_rs:pooled
2007-05,0.0009821624255792255,-3.498381141141911e-05,0.5085731184953224,ols_rs:pooled
2007-06,-0.0015289228208286623,-0.002667666870600862,0.5693720248861,ols_rs:pooled
2007-07,-0.00041744808274785724,-0.0017004539003508514,0.6415029088014971,ols_rs:pooled
2007-08,0.0020537946512184124,0.0008705698690625036,0.5916123910779546,ols_rs:pooled
2007-09,0.0022002181270263216,0.000993118313377257,0.603549906824532,ols_rs:pooled
2007-10,0.010468675006462667,0.009324477734705258,0.5720986358787046,ols_rs:pooled
2007-11,0.002310974613377522,0.001185331863674153,0.5628213748516844,ols_rs:pooled
2007-12,0.0038454487169110466,0.0025363356382074732,0.6545565393517865,ols_rs:pooled
2008-01,0.0014872624363226747,0.00034813746747999107,0.5695624844213417,ols_rs:pooled
2008-02,-0.0004273209892197862,-0.001837573572365833,0.7051262915730234,ols_rs:pooled
2008-03,0.0033754266280731646,0.0019990404450336762,0.6881930915197438,ols_rs:pooled
2008-04,0.0030121719406992903,0.0016889437590601251,0.6616140908195826,ols_rs:pooled
2008-05,-0.00428266151772655,-0.0056689060095575835,0.6931222459155164,ols_rs:pooled
2008-06,0.00895250252824233,0.007624204280541444,0.6641491238504429,ols_rs:pooled
2008-07,-0.0031655519476041986,-0.0042855996687925285,0.5600238605941649,ols_rs:pooled
2008-08,0.00878593152314447,0.007343982279045007,0.7209746220497322,ols_rs:pooled
2008-09,0.011925265110880436,0.010777919426387502,0.5736728422464675,ols_rs:pooled
2008-10,0.030896538801609096,0.029797115640036752,0.5497115807861723,ols_rs:pooled
2008-11,0.018347509836864756,0.017267102785503776,0.5402035256804898,ols_rs:pooled
2008-12,-0.0038019820015810766,-0.00502518908513339,0.6116035417761568,ols_rs:pooled
2009-01,0.0012374712284307426,-0.00013291392485914158,0.685192576644942,ols_rs:pooled
2009-02,0.006080800643502507,0.004678049573479979,0.7013755350112645,ols_rs:pooled
2009-03,-0.010242283043180887,-0.011361630798438155,0.5596738776286342,ols_rs:pooled
2009-04,-0.016301705256984947,-0.017760906954194165,0.7296008486046097,ols_rs:pooled
2009-05,0.007974858446159349,0.00626423696899451,0.8553107385824191,ols_rs:pooled
2009-06,-0.003006412288627015,-0.004619081197117827,0.8063344542454064,ols_rs:pooled
2009-07,0.0036193436138618816,0.001915098852253639,0.8521223808041207,ols_rs:pooled
2009-08,0.0012452236793871335,-5.754176751627497e-05,0.6513827234517044,ols_rs:pooled
2009-09,0.004910472928575903,0.003592161891722317,0.6591555184267929,ols_rs:pooled
2009-10,0.0016432443018859861,0.00044675996628469573,0.5982421678006454,ols_rs:pooled
2009-11,0.002482253252762717,0.0012152119476390522,0.6335206525618321,ols_rs:pooled
2009-12,-0.0022286809983894356,-0.003399926159540371,0.5856225805754677,ols_rs:pooled
2010-01,-0.0020364953656604096,-0.003363537030888396,0.6635208326139931,ols_rs:pooled
2010-02,-0.002096661594263108,-0.003520412106786929,0.7118752562619107,ols_rs:pooled
2010-03,-0.0025534636133821708,-0.004063308640858454,0.7549225137381416,ols_rs:pooled
2010-04,0.005557865231132598,0.004221130269454098,0.6683674808392501,ols_rs:pooled
2010-05,0.00435087392829714,0.0031219313043522423,0.6144713119724483,ols_rs:pooled
2010-06,0.007673510723869639,0.006524996803583305,0.574256960143167,ols_rs:pooled
2010-07,-0.0005734052478458097,-0.001585027922559625,0.5058113373569078,ols_rs:pooled
2010-08,0.0032761934297045434,0.0020073734028754277,0.6344100134145578,ols_rs:pooled
2010-09,0.001815151868390061,0.0005635492097834931,0.6258013293032838,ols_rs:pooled
2010-10,0.005976559566501391,0.004702011214216316,0.6372741761425375,ols_rs:pooled
2010-11,0.008724577506023628,0.007535826114530007,0.5943756957468106,ols_rs:pooled
2010-12,0.005223506096794425,0.0040463326404654295,0.5885867281644974,ols_rs:pooled
2011-01,0.005250102269207874,0.004113328837080674,0.5683867160636003,ols_rs:pooled
2011-02,-0.0012892481453512209,-0.0025237224682349117,0.6172371614418454,ols_rs:pooled
2011-03,3.47564055679474e-05,-0.0011827333260701763,0.6087448658190617,ols_rs:pooled
2011-04,0.007471582173954313,0.006309755787657116,0.5809131931485984,ols_rs:pooled
2011-05,0.004334253465047096,0.003302657240282906,0.5157981123820955,ols_rs:pooled
2011-06,0.004533055052955438,0.003490940766741725,0.5210571431068565,ols_rs:pooled
2011-07,0.006138766322127111,0.005196829461781731,0.4709684301726902,ols_rs:pooled
2011-08,0.008626648036340482,0.007707669130403403,0.4594894529685395,ols_rs:pooled
2011-09,0.011764610773798959,0.010804846410066774,0.47988218186609266,ols_rs:pooled
2011-10,-0.007172798760397766,-0.008222931662113173,0.5250664508577036,ols_rs:pooled
2011-11,0.003435317228378278,0.0020998878382117244,0.667714695083277,ols_rs:pooled
2011-12,0.004159913588322079,0.002868806072810359,0.6455537577558597,ols_rs:pooled
2012-01,-0.012488244830296485,-0.013448272094718095,0.4800136322108048,ols_rs:pooled
2012-02,0.00047727595346354075,-4.1805423452174615e-05,0.2595406884578576,ols_rs:pooled
2012-03,0.008953508670094827,0.00848266090349671,0.23542388329905906,ols_rs:pooled
2012-04,0.0034096062522274793,0.0029285328789837024,0.24053668662188873,ols_rs:pooled
2012-05,0.0068907712577545525,0.0065064033905395694,0.1921839336074914,ols_rs:pooled
2012-06,0.006096834902897778,0.005769612946265005,0.16361097831638685,ols_rs:pooled
2012-07,0.0059715106097277485,0.00560882390641738,0.1813433516551845,ols_rs:pooled
2012-08,0.005391736664123575,0.005049429021068959,0.1711538215273077,ols_rs:pooled
2012-09,-0.0007741416721056697,-0.0011065123411143833,0.16618533450435674,ols_rs:pooled
2012-10,0.0032217599027291473,0.0028493492411416654,0.18620533079374113,ols_rs:pooled
2012-11,0.0063300019914576885,0.005978540322258265,0.17573083459971214,ols_rs:pooled
2012-12,-0.0016576849691511515,-0.0019855030526937886,0.16390904177131865,ols_rs:pooled
2013-01,0.0021517464636175094,0.0018544664063379914,0.14864002863975895,ols_rs:pooled
2013-02,0.003912962209547126,0.0038001506441758914,0.05640578268561718,ols_rs:pooled
2013-03,0.005835098049539812,0.00574521695105839,0.044940549240710836,ols_rs:pooled
2013-04,0.0063992768482809366,0.006284856557480657,0.05721014540014021,ols_rs:pooled
2013-05,0.0010161610759951538,0.0009264651775649184,0.044847949215117686,ols_rs:pooled
2013-06,0.005364321218362323,0.005272645310272673,0.04583795404482441,ols_rs:pooled
2013-07,0.009922026915423173,0.009798075697228105,0.06197560909753375,ols_rs:pooled
2013-08,1.846776791005806e-05,-7.83813649231243e-05,0.04842456641659147,ols_rs:pooled
2013-09,-0.0010028649127270842,-0.0011557732701041835,0.0764541786885496,ols_rs:pooled
2013-10,-0.00230821293797334,-0.0024003736779853162,0.046080370005987976,ols_rs:pooled
2013-11,0.001031304638520531,0.0009267665895208554,0.05226902449983788,ols_rs:pooled
2013-12,0.0032349679204566524,0.00317753304477061,0.028717437843021,ols_rs:pooled
2014-01,0.0025870351758995017,0.002328786211838148,0.12912448203067692,ols_rs:pooled
2014-02,0.005097820793063173,0.004808734948734696,0.14454292216423836,ols_rs:pooled
2014-03,0.001802157348622293,0.0015266287959688131,0.1377642763267397,ols_rs:pooled
2014-04,-0.0011855564003221998,-0.0015254389497050694,0.16994127469143436,ols_rs:pooled
2014-05,-0.0006822214418024245,-0.0010527005729900284,0.18523956559380197,ols_rs:pooled
2014-06,0.004450997707706541,0.004099763354276544,0.17561717671499893,ols_rs:pooled
2014-07,0.002692794626798436,0.00239819590030539,0.14729936324652318,ols_rs:pooled
2014-08,0.0018494515224338982,0.001526094258300908,0.16167863206649513,ols_rs:pooled
2014-09,-0.001191643666311537,-0.0014535459162771296,0.1309511249827962,ols_rs:pooled
2014-10,0.0027268447874950596,0.002463283817509837,0.13178048499261139,ols_rs:pooled
2014-11,0.00721458769893565,0.006955240715922855,0.12967349150639765,ols_rs:pooled
2014-12,0.009271357123275748,0.009016499063810914,0.1274290297324178,ols_rs:pooled
2015-01,0.005669139273655931,0.005026629005342961,0.32125513415648527,ols_rs:pooled
2015-02,-0.00017215813144071175,-0.000927831723926021,0.37783679624265465,ols_rs:pooled
2015-03,0.005865985462604918,0.005093550165449088,0.386217648577915,ols_rs:pooled
2015-04,-0.009632628236940591,-0.010394394275520224,0.3808830192898163,ols_rs:pooled
2015-05,0.0007852103152911747,-0.00016805687326121814,0.4766335942761964,ols_rs:pooled
2015-06,0.003778725847387232,0.002890499263514791,0.4441132919362205,ols_rs:pooled
2015-07,0.008244674250016607,0.007583579709639158,0.3305472701887234,ols_rs:pooled
2015-08,0.007182442293634713,0.006515003553063417,0.33371937028564735,ols_rs:pooled
2015-09,0.004455473380307976,0.003766571584203943,0.34445089805201656,ols_rs:pooled
2015-10,-0.0035603519532390908,-0.004286525283747777,0.36308666525434347,ols_rs:pooled
2015-11,0.0026348790302886927,0.0018589385546078307,0.38797023784043105,ols_rs:pooled
2015-12,0.0006325433543675006,-0.00014418305835019584,0.38836320635884825,ols_rs:pooled
2016-01,0.0031483090780074128,0.002412322259206736,0.3679934094003382,ols_rs:pooled
2016-02,-0.0004107868987271178,-0.0011155681673099462,0.3523906342914144,ols_rs:pooled
2016-03,-0.0076030003689362535,-0.008358285278652393,0.3776424548580701,ols_rs:pooled
2016-04,0.0029779418084068623,0.0021516107731609315,0.4131655176229654,ols_rs:pooled
2016-05,0.003393400359910345,0.0026424431066230897,0.37547862664362774,ols_rs:pooled
2016-06,-0.0014961158884393745,-0.0022120549265801748,0.3579695190704001,ols_rs:pooled
2016-07,0.0009894282674239056,0.00035165247027504735,0.3188878985744291,ols_rs:pooled
2016-08,0.005801871398734666,0.005096252354811148,0.352809521961759,ols_rs:pooled
2016-09,0.0060392182453497594,0.005407165703077668,0.31602627113604564,ols_rs:pooled
2016-10,0.0019028256195497374,0.0014119070159412355,0.24545930180425105,ols_rs:pooled
2016-11,-0.0033268790605587586,-0.0039515566830665766,0.3123388112539089,ols_rs:pooled
2016-12,0.0010540259243336028,0.00032154311166904514,0.36624140633227886,ols_rs:pooled
2017-01,0.003882789281646737,0.0032646097564811936,0.3090897625827716,ols_rs:pooled
2017-02,-0.0012375553424221256,-0.0018370146624653379,0.2997296600216062,ols_rs:pooled
2017-03,0.004043377722176787,0.0034790311871313495,0.28217326752271865,ols_rs:pooled
2017-04,-0.00045579351619786285,-0.0009889000019724925,0.26655324288731475,ols_rs:pooled
2017-05,0.00608538808457081,0.005586239921499403,0.24957408153570398,ols_rs:pooled
2017-06,0.00018616416001235395,-0.00037933548226675134,0.28274982113955266,ols_rs:pooled
2017-07,0.003504097350308742,0.0029825921323101035,0.2607526089993192,ols_rs:pooled
2017-08,0.0029403003502611394,0.0023870684492630773,0.27661595049903104,ols_rs:pooled
2017-09,0.0024541316887382665,0.0019854627906986952,0.2343344490197858,ols_rs:pooled
2017-10,0.003056562021688953,0.0025861708508363576,0.23519558542629757,ols_rs:pooled
2017-11,0.0024816763804955955,0.0019137050199423775,0.2839856802766091,ols_rs:pooled
2017-12,0.001963349597935115,0.0013859238931104602,0.2887128524123278,ols_rs:pooled
2018-01,0.0050022065290310875,0.004554949063136195,0.22362873294744684,ols_rs:pooled
2018-02,0.003253060884919507,0.0030566243979906283,0.09821824346443922,ols_rs:pooled
2018-03,0.0026140458776793864,0.002391325550117397,0.11136016378099436,ols_rs:pooled
2018-04,0.001592372406975531,0.0014258402923369206,0.08326605731930506,ols_rs:pooled
2018-05,0.005340003348243563,0.005152743492988784,0.09362992762738948,ols_rs:pooled
2018-06,0.0034939851928359896,0.0033008195447682964,0.0965828240338468,ols_rs:pooled
2018-07,0.005125082190121956,0.004954860039526763,0.08511107529759623,ols_rs:pooled
2018-08,0.004045651128668681,0.003875221532715664,0.08521479797650809,ols_rs:pooled
2018-09,0.011569904023785372,0.011399552972771626,0.08517552550687336,ols_rs:pooled
2018-10,0.0026036369749570837,0.002434353274148591,0.08464185040424653,ols_rs:pooled
2018-11,-0.0019464081478229667,-0.002123817534915209,0.08870469354612044,ols_rs:pooled
2018-12,-0.0009897398520290676,-0.0011976669933985086,0.1039635706847206,ols_rs:pooled
2019-01,0.002506756471499842,0.002164481414987808,0.1711375282560171,ols_rs:pooled
2019-02,-0.004480324941186827,-0.004943221912630898,0.23144848572203536,ols_rs:pooled
2019-03,0.0040765840206482265,0.003661556834736504,0.2075135929558614,ols_rs:pooled
2019-04,0.001921448458295112,0.0015917262714670451,0.16486109341403335,ols_rs:pooled
2019-05,0.0020392001089435817,0.001665360523465875,0.18691979273885317,ols_rs:pooled
2019-06,0.004141124499057048,0.0037170838768378622,0.2120203111095929,ols_rs:pooled
2019-07,0.005650123614103569,0.005269219224769971,0.19045219466679936,ols_rs:pooled
2019-08,0.0019397666627850865,0.001573468487420078,0.18314908768250418,ols_rs:pooled
2019-09,-0.0016780965868827698,-0.0020569222599241617,0.18941283652069602,ols_rs:pooled
2019-10,0.0009549856828417864,0.0005361732757357383,0.20940620355302392,ols_rs:pooled
2019-11,0.002436647044023411,0.002062500742654824,0.18707315068429348,ols_rs:pooled
2019-12,0.004210726557450011,0.0038062515145675796,0.20223752144121593,ols_rs:pooled
2020-01,0.001796412371334707,0.0014618499646391154,0.16728120334779575,ols_rs:pooled
2020-02,0.0040850445478557585,0.004018441038400728,0.033301754727515114,ols_rs:pooled
2020-03,0.005800216702095003,0.0057349220298940655,0.032647336100468466,ols_rs:pooled
2020-04,-0.004862542578337534,-0.00499740599226502,0.0674317069637428,ols_rs:pooled
2020-05,-0.0011195238341537095,-0.0012380461460712974,0.059261155958794005,ols_rs:pooled
2020-06,-0.007097643116687461,-0.00717696180910816,0.03965934621034961,ols_rs:pooled
2020-07,0.0022992826919824784,0.0021875005915868804,0.055891050197799205,ols_rs:pooled
2020-08,-0.003759123078074125,-0.0038615979271099036,0.05123742451788926,ols_rs:pooled
2020-09,-0.000333761718682168,-0.00041143559681087164,0.03883693906435195,ols_rs:pooled
2020-10,0.005137652540354817,0.0050616211531302234,0.03801569361229658,ols_rs:pooled
2020-11,-0.018997838589101118,-0.01906812853894219,0.03514497492053545,ols_rs:pooled
2020-12,-0.0050237211849889505,-0.0051476695266925295,0.06197417085178955,ols_rs:pooled
2021-01,0.0045740841221775805,0.004339283565678417,0.1174002782495819,ols_rs:pooled
2021-02,-0.0014815937655452748,-0.0016886205103594538,0.1035133724070897,ols_rs:pooled
2021-03,0.0032565537621758347,0.0030271989748783344,0.11467739364874996,ols_rs:pooled
2021-04,0.0023317062738018265,0.002145430250759506,0.09313801152116032,ols_rs:pooled
2021-05,0.00064274243542976,0.00041883574629018633,0.11195334456978691,ols_rs:pooled
2021-06,-0.004459500270102352,-0.004655996483843777,0.098248106870712,ols_rs:pooled
2021-07,0.003764983020768006,0.0035616650678439356,0.10165897646203556,ols_rs:pooled
2021-08,-0.0006336170117489098,-0.0008080740557547188,0.08722852200290442,ols_rs:pooled
2021-09,0.005089645731207574,0.004889832202349535,0.09990676442901969,ols_rs:pooled
2021-10,0.0008056032759594132,0.0006251215352589605,0.0902408703502266,ols_rs:pooled
2021-11,0.006839901069164368,0.0066541303824181495,0.09288534337310898,ols_rs:pooled
2021-12,0.009271747198609804,0.009042503556286193,0.11462182116180618,ols_rs:pooled
2022-01,0.009491887772020126,0.009230026722925909,0.13093052454710843,ols_rs:pooled
2022-02,0.00925862229599282,0.008971025999865006,0.14379814806390687,ols_rs:pooled
2022-03,0.006345115066162083,0.006027095918862638,0.15900957364972207,ols_rs:pooled
2022-04,0.010926661106310827,0.01063041282947885,0.1481241384159898,ols_rs:pooled
2022-05,0.0048009921662440745,0.004508907693209176,0.146042236517449,ols_rs:pooled
2022-06,-0.0004946936735962678,-0.0008013066363812546,0.15330648139249317,ols_rs:pooled
2022-07,-0.002379219870020773,-0.0026875580455109735,0.1541690877451,ols_rs:pooled
2022-08,-0.00166720430150825,-0.001973099265537597,0.15294748201467354,ols_rs:pooled
2022-09,0.004318816813929686,0.004041570591209505,0.1386231113600903,ols_rs:pooled
2022-10,0.0039765935862423425,0.0036866693949313776,0.14496209565548235,ols_rs:pooled
2022-11,-0.00284379940729183,-0.0031745856085686405,0.1653931006384055,ols_rs:pooled
2022-12,0.006321445849656841,0.0059617628354878445,0.17984150708449767,ols_rs:pooled
2023-01,0.0011337441292888504,0.0003951598673073988,0.3692921309907257,ols_rs:pooled
2023-02,0.005937654026972034,0.005185138555495829,0.3762577357381025,ols_rs:pooled
2023-03,0.003494176732108294,0.002887498431036049,0.30333915053612254,ols_rs:pooled
2023-04,-0.0006091363875748508,-0.0013330852050469396,0.3619744087360443,ols_rs:pooled
2023-05,-0.0020469904258658025,-0.002712248974152528,0.33262927414336296,ols_rs:pooled
2023-06,0.0022660287962760566,0.0015765555509534327,0.34473662266131183,ols_rs:pooled
2023-07,0.003616837835982335,0.00287547298743665,0.3706824242728422,ols_rs:pooled
2023-08,0.001793381354539319,0.00104151455975064,0.3759333973943395,ols_rs:pooled
2023-09,0.009698457500788722,0.008982762486342973,0.3578475072228742,ols_rs:pooled
2023-10,0.007785329673874245,0.00719081985434541,0.2972549097644181,ols_rs:pooled
2023-11,-0.007731122270289084,-0.008396003363990531,0.3324405468507242,ols_rs:pooled
2023-12,0.0037395928634552265,0.0029238418863784745,0.4078754885383758,ols_rs:pooled
2024-01,0.009678744552974078,0.00895738446870494,0.3606800421345691,ols_rs:pooled
2024-02,-1.2221489137768873e-05,-0.0007582090825781879,0.37299379672020955,ols_rs:pooled
2024-03,0.003756034758392066,0.002966159999923537,0.3949373792342643,ols_rs:pooled
2024-04,0.00026351623282164016,-0.0005058174624257001,0.38466684762367026,ols_rs:pooled
2024-05,0.0019525940850787875,0.0012063511821139474,0.37312145148241993,ols_rs:pooled
2024-06,0.000503743031001266,-0.00021246817707997641,0.35810560404062114,ols_rs:pooled
2024-07,0.0006332677001408715,-7.383630154394546e-05,0.3535520008424084,ols_rs:pooled
2024-08,0.002967891039946177,0.002258581304772163,0.3546548675870065,ols_rs:pooled
2024-09,0.00043027131986201966,-0.00026409002120229304,0.34718067053215634,ols_rs:pooled
2024-10,0.003462532874497208,0.002735541194326001,0.3634958400856037,ols_rs:pooled
2024-11,0.009926686804083075,0.009207317218333528,0.35968479287477356,ols_rs:pooled
2024-12,0.0019932525959479794,0.0012652136743895712,0.3640194607792042,ols_rs:pooled
2025-01,0.0024710517108458394,0.0018811787817257565,0.2949364645600414,ols_rs:pooled
2025-02,0.004175383899165672,0.003728681857249567,0.2233510209580527,ols_rs:pooled
2025-03,0.0056777879170065776,0.005271606848782811,0.20309053411188313,ols_rs:pooled
2025-04,-0.001520892773716476,-0.0019230352722618479,0.201071249272686,ols_rs:pooled
2025-05,-0.0006685926027883867,-0.0011307259909948005,0.23106669410320704,ols_rs:pooled
2025-06,-0.0026787478406886944,-0.0031135023803179605,0.21737726981463276,ols_rs:pooled
2025-07,-0.0011901111195066416,-0.001562761566306607,0.1863252233999826,ols_rs:pooled
2025-08,0.00022063847183898872,-0.00022782240278085752,0.22423043730992315,ols_rs:pooled
2025-09,0.003947322477206015,0.003482122693457457,0.23259989187427904,ols_rs:pooled
2025-10,0.008781548375490722,0.008321954917538676,0.22979672897602252,ols_rs:pooled
2025-11,0.003373365652465148,0.00286292895490487,0.2552183487801392,ols_rs:pooled
2025-12,0.008397067867470335,0.007922177225969636,0.2374453207503489,ols_rs:pooled
2000-01,0.0014215838512325627,0.0014215838512325627,0.0,shrink_mean:rule
2000-02,0.0006868148551539351,0.0004047290954199579,0.14104287986698916,shrink_mean:rule
2000-03,0.00486762998994548,0.004553429720383886,0.15710013478079704,shrink_mean:rule
2000-04,-0.016208369448153556,-0.01644951855570513,0.12057455377578673,shrink_mean:rule
2000-05,0.00048450636037807916,-1.5857312843678244e-05,0.2501818366108787,shrink_mean:rule
2000-06,0.006928590946598906,0.006501139441485484,0.21372575255671117,shrink_mean:rule
2000-07,0.0037655266193241154,0.0034777226213329707,0.14390199899557232,shrink_mean:rule
2000-08,0.002427042689422716,0.002233102327511719,0.09697018095549832,shrink_mean:rule
2000-09,0.00795860868367129,0.007769996741314447,0.09430597117842185,shrink_mean:rule
2000-10,0.0017977912567311587,0.0016034577485995595,0.09716675406579942,shrink_mean:rule
2000-11,0.009155053987597068,0.008903932468459727,0.1255607595686706,shrink_mean:rule
2000-12,-0.00474607469719864,-0.005045479160696692,0.14970223174902594,shrink_mean:rule
2001-01,-0.003582887871817495,-0.003786291737174373,0.10170193267843887,shrink_mean:rule
2001-02,0.00710513231235517,0.006834603269832743,0.13526452126121358,shrink_mean:rule
2001-03,0.019769617498919215,0.019543709663545454,0.1129539176868792,shrink_mean:rule
2001-04,0.006560370174469164,0.006322233901753642,0.11906813635776119,shrink_mean:rule
2001-05,0.003739515331548339,0.0033148230749984117,0.21234612827496363,shrink_mean:rule
2001-06,0.005053118488703972,0.0048891861001787735,0.08196619426259912,shrink_mean:rule
2001-07,0.012592723089535457,0.012437894658854174,0.07741421534064105,shrink_mean:rule
2001-08,-0.003075296819960428,-0.0033017983115180825,0.11325074577882731,shrink_mean:rule
2001-09,0.005867747525896381,0.005693053680638505,0.08734692262893828,shrink_mean:rule
2001-10,0.002627122818734615,0.0022585263957545843,0.1842982114900155,shrink_mean:rule
2001-11,-0.0041584353513846335,-0.004349039585894548,0.09530211725495678,shrink_mean:rule
2001-12,0.010470040295247297,0.01027588309559545,0.09707859982592419,shrink_mean:rule
2002-01,0.0006472169309234585,0.00049527150604497,0.07597271243924439,shrink_mean:rule
2002-02,0.0008594883589010361,0.0006560351698584905,0.10172659452127257,shrink_mean:rule
2002-03,0.0028417650010036074,0.0026632699053949294,0.08924754780433894,shrink_mean:rule
2002-04,0.008375734010176253,0.008178446302232927,0.09864385397166411,shrink_mean:rule
2002-05,0.0009251993183464225,0.0007032825946564732,0.11095836184497461,shrink_mean:rule
2002-06,0.005960819462687687,0.005799597121566207,0.0806111705607402,shrink_mean:rule
2002-07,0.001403360371659138,0.0012772285724889562,0.063065899585091,shrink_mean:rule
2002-08,0.008297165480980933,0.008159827143785716,0.06866916859760869,shrink_mean:rule
2002-09,0.009535966231972209,0.009380335643542308,0.0778152942149511,shrink_mean:rule
2002-10,0.005699905955117488,0.005555216515203441,0.0723447199570232,shrink_mean:rule
2002-11,0.0032409549644746155,0.0030381152515406634,0.1014198564669763,shrink_mean:rule
2002-12,0.007599146078201837,0.007448938810450723,0.07510363387555694,shrink_mean:rule
2003-01,-4.9399458525412517e-05,-0.00020980335503811102,0.08020194825634912,shrink_mean:rule
2003-02,0.0038281455497067565,0.003681802019830731,0.07317176493801288,shrink_mean:rule
2003-03,0.007267182610405327,0.007160421080050514,0.05338076517740649,shrink_mean:rule
2003-04,-0.0067363088947341,-0.00687081408787361,0.06725259656975514,shrink_mean:rule
2003-05,0.007407601950472468,0.007158788804918813,0.12440657277682753,shrink_mean:rule
2003-06,0.0073623791819309465,0.007185700967875113,0.08833910702791686,shrink_mean:rule
2003-07,0.006579413254451227,0.00642321955943271,0.0780968475092582,shrink_mean:rule
2003-08,0.004675133112308557,0.004497969332181297,0.08858189006363001,shrink_mean:rule
2003-09,0.001965458625436245,0.0015889959988156814,0.18823131331028198,shrink_mean:rule
2003-10,0.010061468626525658,0.00994667054149856,0.057399042513549034,shrink_mean:rule
2003-11,0.003661502134855066,0.003544099249761213,0.05870144254692657,shrink_mean:rule
2003-12,0.001820398894113476,0.0017081387430931824,0.0561300755101468,shrink_mean:rule
2004-01,-0.001867971548008909,-0.0020221527620557936,0.07709060702344224,shrink_mean:rule
2004-02,0.003839085417027565,0.00365539498196666,0.0918452175304526,shrink_mean:rule
2004-03,0.004379481965649427,0.004224927888759664,0.07727703844488155,shrink_mean:rule
2004-04,0.003436607480558605,0.0033153012771497364,0.0606531017044345,shrink_mean:rule
2004-05,-0.002445037371169204,-0.0026124755244512766,0.0837190766410365,shrink_mean:rule
2004-06,0.00464105351563067,0.004519248554056018,0.06090248078732591,shrink_mean:rule
2004-07,0.002705166487067764,0.0025995091562465746,0.052828665410594444,shrink_mean:rule
2004-08,0.006371858194235092,0.006248121794871136,0.061868199681977876,shrink_mean:rule
2004-09,0.003184299247123172,0.003063050780932566,0.06062423309530312,shrink_mean:rule
2004-10,0.003067202722345816,0.0029445866251364495,0.0613080486046833,shrink_mean:rule
2004-11,0.004112952151498257,0.003955529474451217,0.07871133852351997,shrink_mean:rule
2004-12,0.008126156939664207,0.007997706585790429,0.06422517693688895,shrink_mean:rule
2005-01,0.001070434352670701,0.0008349787458564515,0.11772780340712474,shrink_mean:rule
2005-02,0.011248464621641476,0.01115958603509063,0.044439293275423265,shrink_mean:rule
2005-03,0.0062280449090300165,0.006099567346397704,0.06423878131615611,shrink_mean:rule
2005-04,0.010451273775588823,0.010324165940638274,0.06355391747527399,shrink_mean:rule
2005-05,-0.010009535358296257,-0.010149963384817858,0.0702140132608001,shrink_mean:rule
2005-06,-0.001706623559131527,-0.001840644915719346,0.0670106782939096,shrink_mean:rule
2005-07,0.00936301108025619,0.009272270390336308,0.04537034495994069,shrink_mean:rule
2005-08,0.0030278540168619545,0.002924245800803385,0.05180410802928444,shrink_mean:rule
2005-09,-0.0010172966959180753,-0.0011830968493105262,0.08290007669622558,shrink_mean:rule
2005-10,-0.0012044704874452738,-0.0013233661079556894,0.059447810255207935,shrink_mean:rule
2005-11,-0.0024268248386467624,-0.0025543181896882207,0.06374667552072927,shrink_mean:rule
2005-12,-0.0005410265039126651,-0.0006646084738363095,0.06179098496182213,shrink_mean:rule
2006-01,0.012094626382084852,0.011980354877125763,0.05713575247954469,shrink_mean:rule
2006-02,0.0007644908577967721,0.00046445065569036093,0.1500201010532055,shrink_mean:rule
2006-03,-0.012671790575920858,-0.012787903943692976,0.0580566838860593,shrink_mean:rule
2006-04,0.0024422848469571215,0.0022608191886977253,0.09073282912969804,shrink_mean:rule
2006-05,0.0018998605957517806,0.0017402744070708848,0.07979309434044775,shrink_mean:rule
2006-06,0.012489989211891003,0.012387091992618643,0.051448609636180045,shrink_mean:rule
2006-07,0.0039727071837522745,0.0035857125735855324,0.19349730508337087,shrink_mean:rule
2006-08,0.0008677494632800723,0.0006512284983208829,0.1082604824795945,shrink_mean:rule
2006-09,1.5212110305836387e-05,-0.0001865999472963557,0.10090602880109607,shrink_mean:rule
2006-10,-0.0008427185257516773,-0.0009662294062189327,0.061755440233627834,shrink_mean:rule
2006-11,-0.004132049387139215,-0.00423386615176576,0.05090838231327268,shrink_mean:rule
2006-12,0.0002388462709965548,0.00010553959214409699,0.06665333942622892,shrink_mean:rule
2007-01,0.003742510211718787,0.0035966765628616224,0.07291682442858237,shrink_mean:rule
2007-02,-0.003999089420944414,-0.0043688620877059105,0.18488633338074809,shrink_mean:rule
2007-03,0.004823478178879279,0.004659876136918767,0.08180102098025571,shrink_mean:rule
2007-04,0.005795632413871681,0.005623213849111298,0.08620928238019161,shrink_mean:rule
2007-05,0.0010143003687738694,0.000819253130394674,0.09752361918959769,shrink_mean:rule
2007-06,-0.0006158253712250367,-0.0007678707186719392,0.07602267372345119,shrink_mean:rule
2007-07,-0.0002724513818513542,-0.0004463514173922609,0.0869500177704533,shrink_mean:rule
2007-08,0.004939709513730807,0.004736898689158782,0.10140541228601246,shrink_mean:rule
2007-09,0.0012405124684785286,0.0010614829870269269,0.08951474072580086,shrink_mean:rule
2007-10,0.008119147498139186,0.007835712442778335,0.14171752768042492,shrink_mean:rule
2007-11,0.002982382112955932,0.0027552558375229428,0.11356313771649465,shrink_mean:rule
2007-12,0.001203957488458073,0.0010279935724326447,0.08798195801271425,shrink_mean:rule
2008-01,0.002068274972324675,0.0018624883311920359,0.1028933205663195,shrink_mean:rule
2008-02,0.0037505740083767568,0.0035417650433686074,0.10440448250407448,shrink_mean:rule
2008-03,0.002031481079487295,0.0018816489628019945,0.07491605834265018,shrink_mean:rule
2008-04,0.0038426181192795497,0.0036732434783258057,0.08468732047687222,shrink_mean:rule
2008-05,-0.0018523185629773617,-0.002064569071546067,0.10612525428435239,shrink_mean:rule
2008-06,0.005389970627769426,0.005259018532845548,0.06547604746193912,shrink_mean:rule
2008-07,0.006316336466452897,0.006186245635810883,0.0650454153210074,shrink_mean:rule
2008-08,0.004117589485603941,0.003942545287883378,0.08752209886028149,shrink_mean:rule
2008-09,0.005312298764971574,0.005188114921620954,0.06209192167531041,shrink_mean:rule
2008-10,0.011916999206696215,0.01173521646081428,0.0908913729409671,shrink_mean:rule
2008-11,0.010415357011421973,0.010168850554303464,0.12325322855925323,shrink_mean:rule
2008-12,-0.0007258016975062912,-0.0009381219225605482,0.10616011252712866,shrink_mean:rule
2009-01,0.0048304701016968895,0.0046546212944424585,0.08792440362721514,shrink_mean:rule
2009-02,-0.00010406720324407922,-0.00028093681958729394,0.08843480817160737,shrink_mean:rule
2009-03,-0.0025059825634067574,-0.00266918627576707,0.08160185618015615,shrink_mean:rule
2009-04,-0.01851484232453833,-0.01872183411461688,0.10349589503927614,shrink_mean:rule
2009-05,-0.00986127298270168,-0.010139317964094459,0.13902249069638992,shrink_mean:rule
2009-06,0.005265246555472564,0.004980834829131996,0.14220586317028402,shrink_mean:rule
2009-07,0.0052897358911900665,0.005139040249336754,0.07534782092665597,shrink_mean:rule
2009-08,0.0032569591789645244,0.0030954059138967927,0.08077663253386552,shrink_mean:rule
2009-09,-0.0024095987868132675,-0.002531067665548248,0.060734439367490144,shrink_mean:rule
2009-10,0.004011441199223877,0.003864694217364246,0.07337349092981592,shrink_mean:rule
2009-11,0.004559168066068416,0.004442325445495923,0.05842131028624642,shrink_mean:rule
2009-12,-0.00030705880424637216,-0.0004225580855236884,0.05774964063865818,shrink_mean:rule
2010-01,-0.0016275677331192193,-0.001745043894425558,0.058738080653169274,shrink_mean:rule
2010-02,0.005002074847644456,0.004830796775346945,0.08563903614875511,shrink_mean:rule
2010-03,0.00214895989701583,0.002010434934275151,0.06926248137033943,shrink_mean:rule
2010-04,0.0050718192166691115,0.004952637704897567,0.05959075588577239,shrink_mean:rule
2010-05,0.004628208083033462,0.004520175081780176,0.054016500626642656,shrink_mean:rule
2010-06,0.0033883523235121405,0.003273278390253978,0.057536966629081206,shrink_mean:rule
2010-07,0.004675855070827206,0.004579975046857068,0.04794001198506886,shrink_mean:rule
2010-08,0.0039391337453539375,0.0038223003312018206,0.058416707076058644,shrink_mean:rule
2010-09,0.0019651110582019067,0.0018615828486352238,0.051764104783341175,shrink_mean:rule
2010-10,0.0033173840748851966,0.0032219618797388024,0.04771109757319732,shrink_mean:rule
2010-11,0.007261193091466612,0.007159452501497315,0.05087029498464837,shrink_mean:rule
2010-12,0.0004802933609993414,0.0003676845933394321,0.05630438382995467,shrink_mean:rule
2011-01,0.005190380641735888,0.0050877843940725495,0.05129812383166905,shrink_mean:rule
2011-02,0.0032145230212800337,0.0030995903919490784,0.057466314665477504,shrink_mean:rule
2011-03,0.0030621025406248475,0.0029317873172660515,0.06515761167939788,shrink_mean:rule
2011-04,0.005833130793995868,0.005740514963452725,0.04630791527157174,shrink_mean:rule
2011-05,0.0039799226339330045,0.0038866402541456032,0.04664118989370068,shrink_mean:rule
2011-06,0.003728601598222221,0.0036490032844007647,0.03979915691072807,shrink_mean:rule
2011-07,0.006422281943752997,0.006343500883843757,0.039390529954620626,shrink_mean:rule
2011-08,0.004260634413281352,0.004174038342125337,0.04329803557800742,shrink_mean:rule
2011-09,0.008406431211074376,0.008303920324555797,0.05125544325929023,shrink_mean:rule
2011-10,-0.00040055316078188135,-0.0004935213941025922,0.04648411666035537,shrink_mean:rule
2011-11,0.006389167638062609,0.006282124291557137,0.053521673252735505,shrink_mean:rule
2011-12,0.004671550769692291,0.0045896913632222,0.04092970323504594,shrink_mean:rule
2012-01,-0.008948452584770176,-0.00914006787478476,0.09580764500729226,shrink_mean:rule
2012-02,0.0023543627711698567,0.002239784312670731,0.057289229249562756,shrink_mean:rule
2012-03,0.009046688944436849,0.008960766970233399,0.04296098710172504,shrink_mean:rule
2012-04,0.002194193274334525,0.0020036164220149986,0.09528842615976311,shrink_mean:rule
2012-05,0.00450767592638248,0.004379241352215134,0.06421728708367315,shrink_mean:rule
2012-06,0.006281140867879213,0.006205253869203054,0.037943499338079535,shrink_mean:rule
2012-07,0.005568232146051021,0.005475344112154469,0.046444016948276295,shrink_mean:rule
2012-08,0.005200441592185687,0.005122796237659062,0.03882267726331206,shrink_mean:rule
2012-09,-0.0004772481214084239,-0.0005510549064539352,0.03690339252275573,shrink_mean:rule
2012-10,0.0034313366053863557,0.003358378388134391,0.036479108625982616,shrink_mean:rule
2012-11,0.005759744172738136,0.005683603840160341,0.03807016628889695,shrink_mean:rule
2012-12,-0.0009670115644710724,-0.0010458385723386837,0.039413503933805695,shrink_mean:rule
2013-01,0.0021517464636175094,0.002077361975607135,0.03719224400518714,shrink_mean:rule
2013-02,0.003912962209547126,0.0038001506441758914,0.05640578268561718,shrink_mean:rule
2013-03,0.005835098049539812,0.00574521695105839,0.044940549240710836,shrink_mean:rule
2013-04,0.0063992768482809366,0.006284856557480657,0.05721014540014021,shrink_mean:rule
2013-05,0.0010161610759951538,0.0009264651775649184,0.044847949215117686,shrink_mean:rule
2013-06,0.005364321218362323,0.005272645310272673,0.04583795404482441,shrink_mean:rule
2013-07,0.009922026915423173,0.00980468168028987,0.058672617566650945,shrink_mean:rule
2013-08,1.846776791005806e-05,-7.83813649231243e-05,0.04842456641659147,shrink_mean:rule
2013-09,-0.0010028649127270842,-0.0011557732701041835,0.0764541786885496,shrink_mean:rule
2013-10,-0.00230821293797334,-0.0024003736779853162,0.046080370005987976,shrink_mean:rule
2013-11,0.001031304638520531,0.0009267665895208554,0.05226902449983788,shrink_mean:rule
2013-12,0.0032349679204566524,0.00317753304477061,0.028717437843021,shrink_mean:rule
2014-01,0.002932797580160938,0.0028669431094202826,0.032927235370327684,shrink_mean:rule
2014-02,0.004947844511452907,0.004864866834780678,0.0414888383361142,shrink_mean:rule
2014-03,0.002033700142623705,0.0019597405839825925,0.03697977932055621,shrink_mean:rule
2014-04,-0.001872824135135478,-0.002000143042220453,0.06365945354248707,shrink_mean:rule
2014-05,0.0009106272526944059,0.0007990387983693479,0.055794227162528916,shrink_mean:rule
2014-06,0.0045744140869294035,0.004498893390059564,0.03776034843491934,shrink_mean:rule
2014-07,0.003823394515883592,0.0037572546794866772,0.033069918198457254,shrink_mean:rule
2014-08,0.001520932182391866,0.001398417897765041,0.06125714231341251,shrink_mean:rule
2014-09,-0.0008336112669292788,-0.0008993314453093752,0.032860089190048125,shrink_mean:rule
2014-10,0.0025842102778113416,0.0025103974874956924,0.03690639515782468,shrink_mean:rule
2014-11,0.006581269704671882,0.006516433089323637,0.03241830767412241,shrink_mean:rule
2014-12,0.007678943118494285,0.0076088869258951345,0.03502809629957555,shrink_mean:rule
2015-01,0.007047503113435965,0.006964244219856772,0.041629446789596125,shrink_mean:rule
2015-02,-0.00027448500404381524,-0.00036695886286635635,0.04623692941127073,shrink_mean:rule
2015-03,0.008594179228150409,0.008508958332002924,0.042610448073742584,shrink_mean:rule
2015-04,-0.006881244216254919,-0.006996680990394548,0.05771838706981451,shrink_mean:rule
2015-05,0.002428531452769667,0.0022912991473558113,0.06861615270692802,shrink_mean:rule
2015-06,0.005485967056661944,0.005416321808712069,0.03482262397493738,shrink_mean:rule
2015-07,0.00785816648371171,0.007791044135650974,0.0335611740303673,shrink_mean:rule
2015-08,0.005779391129428807,0.0057020959912160146,0.03864756910639623,shrink_mean:rule
2015-09,0.005192419603513597,0.005123669577928426,0.03437501279258623,shrink_mean:rule
2015-10,-0.002667508450328659,-0.0027492711280837348,0.04088133887753772,shrink_mean:rule
2015-11,0.0025852081450145384,0.0025133022891813987,0.035952927916569934,shrink_mean:rule
2015-12,0.0029068803470950863,0.002823681944098498,0.04159920149829433,shrink_mean:rule
2016-01,0.0037466345147708587,0.003675303406505222,0.035665554132818605,shrink_mean:rule
2016-02,-0.0008590779328046085,-0.0009370618786087067,0.03899197290204905,shrink_mean:rule
2016-03,-0.009204479856199169,-0.009289543270279019,0.042531707039925204,shrink_mean:rule
2016-04,0.001290509070642286,0.0011931886447189531,0.048660212961666394,shrink_mean:rule
2016-05,0.005214012537655873,0.005133295326114447,0.0403586057707132,shrink_mean:rule
2016-06,-0.0010894689660167853,-0.0011576147669270695,0.03407290045514207,shrink_mean:rule
2016-07,0.002720061776763765,0.002658455213594241,0.03080328158476218,shrink_mean:rule
2016-08,0.00506291869538137,0.004984167054588735,0.0393758203963175,shrink_mean:rule
2016-09,0.005702047159463603,0.00560637742986056,0.047834864801521035,shrink_mean:rule
2016-10,0.0026983457135233983,0.002652855403681037,0.0227451549211808,shrink_mean:rule
2016-11,-0.0042279387414618196,-0.004305262466004293,0.038661862271236754,shrink_mean:rule
2016-12,0.0013511429381141296,0.0012210250598324703,0.06505893914082969,shrink_mean:rule
2017-01,0.004202219409270482,0.00412534290438708,0.03843825244170099,shrink_mean:rule
2017-02,-0.0011630237045633489,-0.0012382221883446554,0.037599241890653286,shrink_mean:rule
2017-03,0.005132258182689321,0.005071352523531385,0.03045282957896777,shrink_mean:rule
2017-04,-0.0009573155394469243,-0.0010222395844185846,0.03246202248582989,shrink_mean:rule
2017-05,0.006720860376993919,0.006655323818280318,0.03276827935680087,shrink_mean:rule
2017-06,0.00011443583707452165,3.901616701885255e-05,0.03770983502783455,shrink_mean:rule
2017-07,0.004230237857157865,0.004177072593921245,0.026582631618310155,shrink_mean:rule
2017-08,0.0022884258442310247,0.00223039176377087,0.029017040230077347,shrink_mean:rule
2017-09,0.003110369693730167,0.0030586363830328337,0.0258666553486666,shrink_mean:rule
2017-10,0.002135902435047435,0.002077693647183336,0.029104393932049555,shrink_mean:rule
2017-11,0.0023131858053636965,0.0022333356021215626,0.03992510162106697,shrink_mean:rule
2017-12,4.221305974605626e-05,-1.757692064421394e-05,0.029894990195135085,shrink_mean:rule
2018-01,0.004537971500718498,0.00445572033987268,0.041125580422908356,shrink_mean:rule
2018-02,0.003388332978498631,0.0033144389223933386,0.036947028052646304,shrink_mean:rule
2018-03,0.0023862820798394384,0.0022795408614345865,0.05337060920242611,shrink_mean:rule
2018-04,0.0015800031533520049,0.0015103857832272462,0.03480868506237941,shrink_mean:rule
2018-05,0.0054849829733346145,0.005407807602269992,0.03858768553231125,shrink_mean:rule
2018-06,0.003536382780111902,0.003460853956578251,0.037764411766825295,shrink_mean:rule
2018-07,0.005327634465903747,0.005260371566920382,0.033631449491682903,shrink_mean:rule
2018-08,0.003960198709771633,0.003893719208285375,0.03323975074312904,shrink_mean:rule
2018-09,0.011101123924421006,0.011037770036294829,0.03167694406308888,shrink_mean:rule
2018-10,0.0025026791253189395,0.0024321187867194925,0.03528016929972339,shrink_mean:rule
2018-11,-0.0017254979839123779,-0.0017960460983433091,0.03527405721546569,shrink_mean:rule
2018-12,-0.0016652128211182846,-0.0017381552900193886,0.03647123445055214,shrink_mean:rule
2019-01,0.005084094624240724,0.005030168936009425,0.026962844115649386,shrink_mean:rule
2019-02,-0.004201472488869747,-0.004271711619444256,0.03511956528725447,shrink_mean:rule
2019-03,0.0033289117112674307,0.0032711513802515025,0.028880165507963917,shrink_mean:rule
2019-04,0.0019330932154063634,0.00187913466413435,0.026979275636006595,shrink_mean:rule
2019-05,0.0021039751205100617,0.0020398129555231283,0.0320810824934668,shrink_mean:rule
2019-06,0.0044846068706909025,0.004421289004980881,0.03165893285501061,shrink_mean:rule
2019-07,0.005443866395436954,0.005397457605870108,0.023204394783422986,shrink_mean:rule
2019-08,0.0010115201877225095,0.000942526857635765,0.03449666504337227,shrink_mean:rule
2019-09,-0.001270760431724214,-0.0013291988203450577,0.029219194310421814,shrink_mean:rule
2019-10,0.00011458347616361462,5.77768487724517e-05,0.02840331369558152,shrink_mean:rule
2019-11,0.002749939162591965,0.0026949410968812233,0.02749903285537089,shrink_mean:rule
2019-12,0.0034724570951333027,0.003414285199550726,0.029085947791288494,shrink_mean:rule
2020-01,0.001796412371334707,0.001748143939805815,0.024134215764446135,shrink_mean:rule
2020-02,0.0040850445478557585,0.004018441038400728,0.033301754727515114,shrink_mean:rule
2020-03,0.005800216702095003,0.0057349220298940655,0.032647336100468466,shrink_mean:rule
2020-04,-0.004862542578337534,-0.00499740599226502,0.0674317069637428,shrink_mean:rule
2020-05,-0.0011195238341537095,-0.0012380461460712974,0.059261155958794005,shrink_mean:rule
2020-06,-0.007097643116687461,-0.00717696180910816,0.03965934621034961,shrink_mean:rule
2020-07,0.0022992826919824784,0.0021875005915868804,0.055891050197799205,shrink_mean:rule
2020-08,-0.003759123078074125,-0.0038615979271099036,0.05123742451788926,shrink_mean:rule
2020-09,-0.000333761718682168,-0.00041143559681087164,0.03883693906435195,shrink_mean:rule
2020-10,0.005137652540354817,0.0050616211531302234,0.03801569361229658,shrink_mean:rule
2020-11,-0.018997838589101118,-0.01906812853894219,0.03514497492053545,shrink_mean:rule
2020-12,-0.0050237211849889505,-0.0051476695266925295,0.06197417085178955,shrink_mean:rule
2021-01,0.004833768881463684,0.004745354852948148,0.0442070142577681,shrink_mean:rule
2021-02,-0.0018039313900389245,-0.001882392542588332,0.039230576274703596,shrink_mean:rule
2021-03,0.002645806576782234,0.002551946152472292,0.046930212154971035,shrink_mean:rule
2021-04,0.0018009995674867947,0.0017250306628237907,0.03798445233150195,shrink_mean:rule
2021-05,6.546638336654386e-05,-2.7996774767810106e-05,0.04673157906717702,shrink_mean:rule
2021-06,-0.00442636890179012,-0.004496509333623981,0.03507021591693039,shrink_mean:rule
2021-07,0.003829180075595014,0.0037509480244381156,0.03911602557844873,shrink_mean:rule
2021-08,-0.0007162843939113112,-0.0007761734621010128,0.029944534094850875,shrink_mean:rule
2021-09,0.004461854403112944,0.004385819927644336,0.03801723773430379,shrink_mean:rule
2021-10,0.0006832382301195567,0.000613216422807197,0.03501090365617994,shrink_mean:rule
2021-11,0.006884424626136185,0.006816041022418409,0.03419180185888759,shrink_mean:rule
2021-12,0.008995999537949948,0.008908470100603102,0.04376471867342288,shrink_mean:rule
2022-01,0.008348629381351225,0.0082853563140096,0.031636533670812435,shrink_mean:rule
2022-02,0.009276224460714999,0.00920045240100298,0.037886029856009085,shrink_mean:rule
2022-03,0.004898568911238906,0.004818120099147158,0.04022440604587391,shrink_mean:rule
2022-04,0.010606871190957294,0.010519535661454808,0.043667764751242594,shrink_mean:rule
2022-05,0.005140960275940806,0.005054194929353609,0.04338267329359816,shrink_mean:rule
2022-06,-0.0011121374053048502,-0.0011896281371090395,0.038745365902094514,shrink_mean:rule
2022-07,-0.0012164394557205025,-0.001293868349983754,0.03871444713162578,shrink_mean:rule
2022-08,-0.0018767003856977756,-0.0019408662746718875,0.032082944487056134,shrink_mean:rule
2022-09,0.003737666909163661,0.003667773289725358,0.034946809719151456,shrink_mean:rule
2022-10,0.0033098180715278435,0.0032369852909632556,0.0364163902822941,shrink_mean:rule
2022-11,-0.0012726763117017253,-0.0013621689663121906,0.04474632730523261,shrink_mean:rule
2022-12,0.00650055070876506,0.00641842397274836,0.041063368008350136,shrink_mean:rule
2023-01,0.002394951679783528,0.0023262030482049285,0.03437431578929983,shrink_mean:rule
2023-02,0.003138405280542485,0.0030576689335488007,0.0403681734968419,shrink_mean:rule
2023-03,0.0029910823787369927,0.0029360340718584104,0.027524153439291474,shrink_mean:rule
2023-04,-0.0005898598817853658,-0.000654911000968792,0.03252555959171308,shrink_mean:rule
2023-05,-0.002627070418925615,-0.0026925728677075714,0.03275122439097836,shrink_mean:rule
2023-06,0.004009936460073344,0.003946348884554018,0.031793787759663,shrink_mean:rule
2023-07,0.0025102950681367693,0.0024471602346920213,0.03156741672237406,shrink_mean:rule
2023-08,0.0023376893412166548,0.002263560292448101,0.03706452438427707,shrink_mean:rule
2023-09,0.007013113971295759,0.006952883471373377,0.03011524996119136,shrink_mean:rule
2023-10,0.006483388706778806,0.006421887331479898,0.030750687649454676,shrink_mean:rule
2023-11,-0.0035617412608656557,-0.003668437293359358,0.05334801624685127,shrink_mean:rule
2023-12,0.004390159734298222,0.004328400730287132,0.030879502005545203,shrink_mean:rule
2024-01,0.01167166203531188,0.011609206765217438,0.031227635047220828,shrink_mean:rule
2024-02,-0.0011634178939486561,-0.0012369454861032483,0.036763796077295845,shrink_mean:rule
2024-03,0.0038480314216800715,0.0037775997105425675,0.03521585556875227,shrink_mean:rule
2024-04,0.001996598974365401,0.0019071389057168453,0.04473003432427778,shrink_mean:rule
2024-05,0.0028992150255659137,0.002812513757076198,0.043350634244857585,shrink_mean:rule
2024-06,0.0032900635947057193,0.0032151004026271936,0.03748159603926298,shrink_mean:rule
2024-07,0.001755689825667862,0.001707440723510682,0.024124551078589938,shrink_mean:rule
2024-08,0.0024231161855485265,0.0023674037492412855,0.027856218153620414,shrink_mean:rule
2024-09,-1.2670675386628054e-05,-6.704727973480361e-05,0.027188302174087756,shrink_mean:rule
2024-10,-0.000455080223268454,-0.0005072011510376238,0.026060463884584863,shrink_mean:rule
2024-11,0.010590954421115758,0.010528666788771287,0.031143816172235418,shrink_mean:rule
2024-12,0.0018709947266290889,0.0018145774709717177,0.028208627828685596,shrink_mean:rule
2025-01,0.003496713053202938,0.003445079411920023,0.025816820641457475,shrink_mean:rule
2025-02,0.0036438314090958437,0.003580628055762479,0.0316016766666823,shrink_mean:rule
2025-03,0.005035000636511445,0.004976626961659321,0.02918683742606133,shrink_mean:rule
2025-04,-0.00021666796282442428,-0.00027951503152209796,0.03142353434883678,shrink_mean:rule
2025-05,-0.0003078167264733125,-0.00037606406650877023,0.034123670017728785,shrink_mean:rule
2025-06,-0.003844394643493147,-0.0039116513080356,0.03362833227122658,shrink_mean:rule
2025-07,-0.0015210082916695031,-0.0015700548451274892,0.024523276728993057,shrink_mean:rule
2025-08,-0.0015859276280962451,-0.0016502464801237454,0.03215942601375021,shrink_mean:rule
2025-09,0.0034405074285632086,0.003380773827561639,0.02986680050078495,shrink_mean:rule
2025-10,0.007500143362976084,0.0074348505028732975,0.03264643005139279,shrink_mean:rule
2025-11,0.004952816877285008,0.0048735904843839484,0.03961319645052979,shrink_mean:rule
2025-12,0.006942318375091447,0.006889555514045327,0.02638143052306038,shrink_mean:rule
