target_month,gross,net,turnover,strategy
2005-01,0.002280749431373476,0.002280749431373476,0.0,enet:dm_only
2005-02,-0.001274697778997596,-0.0014993631283313274,0.1123326746668658,enet:dm_only
2005-03,0.009420317597919265,0.009179603743068514,0.12035692742537508,enet:dm_only
2005-04,0.005549513152384546,0.005315881215116834,0.11681596863385571,enet:dm_only
2005-05,0.004165282102351725,0.003937934211565415,0.1136739453931554,enet:dm_only
2005-06,-0.0013114480165462487,-0.0015641907222084949,0.1263713528311228,enet:dm_only
2005-07,0.0020577314916629826,0.0018071631671469298,0.12528416225802652,enet:dm_only
2005-08,0.0017158376760561408,0.001470247697247387,0.12279498940437703,enet:dm_only
2005-09,0.003148100662339758,0.0029120252189981776,0.11803772167079032,enet:dm_only
2005-10,0.0022853369037639307,0.0020625332071245862,0.11140184831967223,enet:dm_only
2005-11,-0.0005087653667180429,-0.0007674811103554212,0.12935787181868916,enet:dm_only
2005-12,0.003712795109455487,0.003436388039438288,0.1382035350085992,enet:dm_only
2006-01,0.005258352497921893,0.005004945375470416,0.12670356122573811,enet:dm_only
2006-02,0.004654975204344861,0.004439215646259889,0.10787977904248615,enet:dm_only
2006-03,0.00034482578852468353,0.00011357653235881333,0.11562462808293499,enet:dm_only
2006-04,0.005524709642912193,0.005305377300167761,0.10966617137221618,enet:dm_only
2006-05,0.008954918608430546,0.008715980529335973,0.11946903954728715,enet:dm_only
2006-06,0.003992272804129788,0.0037700272014384293,0.11112280134567916,enet:dm_only
2006-07,0.00332808877110658,0.003089424151628848,0.11933230973886612,enet:dm_only
2006-08,0.006779313719963965,0.006555018985587715,0.11214736718812501,enet:dm_only
2006-09,0.007253595793525627,0.007035193383803443,0.10920120486109175,enet:dm_only
2006-10,0.0025579982713553797,0.002329000146574988,0.11449906239019574,enet:dm_only
2006-11,-0.003973813639533094,-0.0042103849077745,0.118285634120703,enet:dm_only
2006-12,0.008649642030960164,0.00840803787668543,0.1208020771373677,enet:dm_only
2007-01,0.0026244811992673974,0.002304919546470674,0.1597808263983617,enet:dm_only
2007-02,0.0012703834411317708,0.0010153810671761324,0.1275011869778192,enet:dm_only
2007-03,0.00814605687338108,0.007864704471811207,0.14067620078493595,enet:dm_only
2007-04,0.005689298316722944,0.005436246553559779,0.12652588158158198,enet:dm_only
2007-05,0.0033298540151099542,0.0030348426805593747,0.14750566727528963,enet:dm_only
2007-06,0.0027547171674671966,0.0025060538683882054,0.12433164953949569,enet:dm_only
2007-07,0.006714477642056461,0.006437543426219161,0.1384671079186504,enet:dm_only
2007-08,0.001963992354575664,0.0017074863635429937,0.12825299551633518,enet:dm_only
2007-09,0.008682456864542526,0.008426710448594648,0.12787320797393997,enet:dm_only
2007-10,0.0011060439729937478,0.00083969776066814,0.13317310616280387,enet:dm_only
2007-11,0.010928515116226327,0.010687443171206153,0.12053597251008648,enet:dm_only
2007-12,0.007043652497583669,0.006779813564990888,0.13191946629639015,enet:dm_only
2008-01,0.0013244187016414135,0.001042725807399005,0.14084644712120428,enet:dm_only
2008-02,0.0036032017765819263,0.003354348058547624,0.12442685901715131,enet:dm_only
2008-03,0.003295076335887936,0.0030259801082912997,0.13454811379831833,enet:dm_only
2008-04,0.0053688989677589645,0.0051223200124355574,0.1232894776617037,enet:dm_only
2008-05,0.007991138987579326,0.0077095979621135645,0.1407705127328807,enet:dm_only
2008-06,0.0038556509950323794,0.0036025396920415327,0.12655565149542333,enet:dm_only
2008-07,0.005920831530364478,0.005677613963959773,0.12160878320235208,enet:dm_only
2008-08,0.0017551833564729915,0.001510174315697813,0.12250452038758938,enet:dm_only
2008-09,0.0015218534716798051,0.0012684457281611672,0.126703871759319,enet:dm_only
2008-10,0.005657585238116517,0.005415020283274244,0.12128247742113654,enet:dm_only
2008-11,0.0008693909748921007,0.000623285140128843,0.12305291738162888,enet:dm_only
2008-12,0.004594610351909607,0.004329909330892128,0.1323505105087396,enet:dm_only
2009-01,0.005618844699688232,0.005365274030939338,0.12678533437444742,enet:dm_only
2009-02,0.002206938651835634,0.0019788782321322473,0.11403020985169315,enet:dm_only
2009-03,0.00638616891976291,0.006168202860910443,0.10898302942623339,enet:dm_only
2009-04,0.002790690861444503,0.0025710093328148256,0.10984076431483884,enet:dm_only
2009-05,0.0005344725201199693,0.00031477298458272357,0.10984976776862296,enet:dm_only
2009-06,0.003751994970599162,0.003545941083835489,0.10302694338183654,enet:dm_only
2009-07,0.002390287312641417,0.0021827265386579415,0.10378038699173779,enet:dm_only
2009-08,0.007020233424504451,0.006842312055389897,0.0889606845572775,enet:dm_only
2009-09,0.0019275053611372598,0.001727169207405833,0.10016807686571343,enet:dm_only
2009-10,0.004878128999800056,0.004657717931343658,0.11020553422819855,enet:dm_only
2009-11,0.003122316842947674,0.002914941323484356,0.1036877597316592,enet:dm_only
2009-12,0.0022795139845338827,0.0020772811057779518,0.10111643937796554,enet:dm_only
2010-01,0.007921034371924823,0.0076751023640159515,0.12296600395443534,enet:dm_only
2010-02,0.0022824111048401017,0.0020564273281745114,0.11299188833279523,enet:dm_only
2010-03,0.0014300203829687615,0.0012040047095678256,0.11300783670046782,enet:dm_only
2010-04,0.010690307060143052,0.010484751103807522,0.10277797816776486,enet:dm_only
2010-05,0.0009438772274570553,0.0007400046841064313,0.10193627167531183,enet:dm_only
2010-06,-0.0006205768647892678,-0.0008340961019492501,0.10675961857999121,enet:dm_only
2010-07,0.0030528066416492384,0.002836312585628796,0.10824702801022118,enet:dm_only
2010-08,0.003364148654439663,0.0031525369054992724,0.1058058744701955,enet:dm_only
2010-09,-0.00020624531849528275,-0.0004116245670590581,0.10268962428188758,enet:dm_only
2010-10,0.001567820024721735,0.0013655849602255766,0.10111753224807887,enet:dm_only
2010-11,0.006385406237458156,0.006155379073852805,0.11501358180267593,enet:dm_only
2010-12,0.0014736845078596726,0.0012559308063853402,0.10887685073716624,enet:dm_only
2011-01,0.012152518556756767,0.011955195153480848,0.09866170163795933,enet:dm_only
2011-02,0.0012714002950737753,0.0011089533330357506,0.08122348101901238,enet:dm_only
2011-03,0.006344469193554818,0.00616132816231101,0.09157051562190377,enet:dm_only
2011-04,0.009535138455082737,0.009357159404515267,0.08898952528373526,enet:dm_only
2011-05,0.004148454376067456,0.003961267600012024,0.09359338802771595,enet:dm_only
2011-06,0.001420473916367585,0.0012509413165434134,0.08476629991208566,enet:dm_only
2011-07,0.00577676357107859,0.0056137203934408155,0.08152158881888695,enet:dm_only
2011-08,0.006293881098096258,0.006119496380668879,0.08719235871368941,enet:dm_only
2011-09,0.005022680449346128,0.004863565435095594,0.07955750712526662,enet:dm_only
2011-10,0.00594986129693438,0.0057747548327550064,0.08755323208968674,enet:dm_only
2011-11,0.006738311757226306,0.006566953790151847,0.08567898353722954,enet:dm_only
2011-12,0.0017548388745186033,0.0015730828349497677,0.09087801978441741,enet:dm_only
2012-01,0.003637368049567601,0.0034818593277307517,0.07775436091842483,enet:dm_only
2012-02,0.006504868199178761,0.0063339642447743216,0.08545197720221957,enet:dm_only
2012-03,0.003260243652946527,0.003097135143001575,0.08155425497247609,enet:dm_only
2012-04,0.0036869832303493394,0.003510900180801645,0.08804152477384723,enet:dm_only
2012-05,0.0012209900390984952,0.0010566854461165082,0.08215229649099325,enet:dm_only
2012-06,0.0035802721353248483,0.0033996468968226358,0.09031261925110631,enet:dm_only
2012-07,-0.006561277027480382,-0.006731747845485297,0.08523540900245752,enet:dm_only
2012-08,0.005382080890241166,0.00521323406240033,0.08442341392041797,enet:dm_only
2012-09,0.0032981069569757103,0.0031335172950598105,0.08229483095794987,enet:dm_only
2012-10,0.0029754691863827475,0.002790584495224702,0.09244234557902287,enet:dm_only
2012-11,0.007383177951307054,0.007195229904231826,0.0939740235376144,enet:dm_only
2012-12,0.001437080628684356,0.0012797055813030223,0.07868752369066684,enet:dm_only
2013-01,0.004375830360522863,0.004173863179048815,0.1009835907370241,enet:dm_only
2013-02,0.002588556850146659,0.002390179637651625,0.09918860624751688,enet:dm_only
2013-03,0.0020745921364760723,0.0018966381747041368,0.08897698088596775,enet:dm_only
2013-04,-0.0024078274282650055,-0.0026274191917364745,0.10979588173573458,enet:dm_only
2013-05,0.006522500406937785,0.006293749048800484,0.11437567906865041,enet:dm_only
2013-06,0.006008520223255688,0.00581589255872868,0.09631383226350382,enet:dm_only
2013-07,-0.006396061586287317,-0.006596491280967436,0.10021484734005902,enet:dm_only
2013-08,0.0012785630920237265,0.0010722188824718762,0.10317210477592526,enet:dm_only
2013-09,0.0030904010235385804,0.0028942382385544227,0.09808139249207881,enet:dm_only
2013-10,0.0010959439230042874,0.0009088211735445572,0.093561374729865,enet:dm_only
2013-11,0.0019686387174008366,0.001773203752107637,0.09771748264660002,enet:dm_only
2013-12,0.004495305584323023,0.004282303933726463,0.10650082529828019,enet:dm_only
2014-01,0.0053947240580330515,0.005189277973607435,0.10272304221280806,enet:dm_only
2014-02,0.005666961621840581,0.005470920772223269,0.0980204248086557,enet:dm_only
2014-03,0.004992353940280107,0.004807524692054581,0.09241462411276273,enet:dm_only
2014-04,0.004324686972929152,0.004139256680552527,0.0927151461883126,enet:dm_only
2014-05,0.008935070670616049,0.008730298668895766,0.10238600086014119,enet:dm_only
2014-06,0.004705426108308636,0.004503685272440637,0.10087041793399922,enet:dm_only
2014-07,8.799394591485328e-05,-0.00011262393337422433,0.10030893964453873,enet:dm_only
2014-08,0.0024174023544150007,0.002202575781584714,0.1074132864151435,enet:dm_only
2014-09,0.010145475012993,0.00997040533982534,0.0875348365838296,enet:dm_only
2014-10,0.002882787296598651,0.002727219282044746,0.07778400727695256,enet:dm_only
2014-11,0.005057236485304947,0.004879884110987357,0.08867618715879513,enet:dm_only
2014-12,0.010213205092718879,0.010030152283056804,0.09152640483103747,enet:dm_only
2015-01,0.006649242108351758,0.006462605815590679,0.09331814638053983,enet:dm_only
2015-02,0.007281750945391725,0.007116311091084962,0.08271992715338186,enet:dm_only
2015-03,0.007391404558181621,0.007201929984291309,0.09473728694515575,enet:dm_only
2015-04,0.008434356448251842,0.008256972989261294,0.08869172949527407,enet:dm_only
2015-05,0.006581676810956269,0.006409072631457161,0.08630208974955417,enet:dm_only
2015-06,0.005478400301916156,0.005307081260445285,0.08565952073543497,enet:dm_only
2015-07,0.0038943857060653527,0.00371462728705685,0.08987920950425152,enet:dm_only
2015-08,-0.0006865090811737448,-0.0008543438061214644,0.08391736247385977,enet:dm_only
2015-09,0.0013583916498205253,0.001189480358376595,0.08445564572196511,enet:dm_only
2015-10,0.010142450615870892,0.009973624199592563,0.08441320813916446,enet:dm_only
2015-11,0.0007424836031710146,0.0005752927472679873,0.08359542795151377,enet:dm_only
2015-12,0.0008698757423283884,0.0006842787052953768,0.09279851851650574,enet:dm_only
2016-01,0.008545450924793755,0.00834469503783793,0.10037794347791351,enet:dm_only
2016-02,0.006355233493280311,0.0061751789152018925,0.09002728903920884,enet:dm_only
2016-03,0.010588394650429189,0.010423497186510276,0.082448731959456,enet:dm_only
2016-04,0.009695496270888504,0.009539398079595444,0.07804909564653033,enet:dm_only
2016-05,0.0029093349886245793,0.0027617807704693334,0.07377710907762305,enet:dm_only
2016-06,-0.0007756967682558576,-0.0009135073435622606,0.06890528765320142,enet:dm_only
2016-07,0.003952815174383027,0.0037980491309968427,0.07738302169309218,enet:dm_only
2016-08,0.006769260792443963,0.0066154965252349755,0.07688213360449356,enet:dm_only
2016-09,0.00590130293106656,0.005726862241851092,0.08722034460773387,enet:dm_only
2016-10,0.004196048011622388,0.0040427585295574235,0.07664474103248217,enet:dm_only
2016-11,0.005409981246237671,0.00526139803099827,0.07429160761970018,enet:dm_only
2016-12,0.005560060604041739,0.005379232673768503,0.09041396513661815,enet:dm_only
2017-01,0.010797996231774368,0.010632285213947198,0.08285550891358502,enet:dm_only
2017-02,0.0052951319446603775,0.005115789688099422,0.0896711282804779,enet:dm_only
2017-03,0.004068322835906232,0.003917312878315373,0.07550497879542953,enet:dm_only
2017-04,0.004887107955202174,0.004712883993947551,0.0871119806273115,enet:dm_only
2017-05,0.002706933741898196,0.002553309315510962,0.0768122131936169,enet:dm_only
2017-06,0.0015996129703821547,0.0014305464780919887,0.08453324614508295,enet:dm_only
2017-07,0.0033527937249643947,0.003184840527311636,0.08397659882637927,enet:dm_only
2017-08,0.0007137202583340253,0.0005604433639399317,0.07663844719704675,enet:dm_only
2017-09,0.006597871563435996,0.006419466859979189,0.08920235172840302,enet:dm_only
2017-10,0.005644183035101929,0.0054836531085635945,0.08026496326916757,enet:dm_only
2017-11,0.008321907897713343,0.008150643399486497,0.08563224911342243,enet:dm_only
2017-12,0.00910638062013506,0.008943581362393767,0.08139962887064592,enet:dm_only
2018-01,0.005924134653884121,0.005731821087568251,0.09615678315793517,enet:dm_only
2018-02,0.011597147734239997,0.011431668625887053,0.08273955417647158,enet:dm_only
2018-03,0.010218501784448575,0.010053578998289545,0.08246139307951458,enet:dm_only
2018-04,0.0023972160907072652,0.002235511954687021,0.08085206801012228,enet:dm_only
2018-05,0.00646631768656091,0.006303991724506802,0.08116298102705412,enet:dm_only
2018-06,0.009603476353772495,0.009449206580256306,0.07713488675809468,enet:dm_only
2018-07,0.0006144593241015343,0.0004376967373671474,0.08838129336719337,enet:dm_only
2018-08,0.0027724505657763126,0.0026071650974617455,0.08264273415728352,enet:dm_only
2018-09,0.004705685751444014,0.004539965921952061,0.08285991474597695,enet:dm_only
2018-10,0.001975902700024344,0.0018070271777837598,0.08443776112029214,enet:dm_only
2018-11,0.0005074516123839529,0.0003449187561960856,0.08126642809393372,enet:dm_only
2018-12,-0.000119968466385013,-0.00026971882015397854,0.07487517688448284,enet:dm_only
2019-01,0.005600696133031551,0.005412794930077476,0.09395060147703765,enet:dm_only
2019-02,0.0036689338568431846,0.00349156512540775,0.08868436571771741,enet:dm_only
2019-03,0.00047259266150876403,0.00030519811374872183,0.08369727388002118,enet:dm_only
2019-04,0.00101524531497762,0.0008407564979929394,0.08724440849234041,enet:dm_only
2019-05,0.0023643906663979226,0.00218090056944105,0.09174504847843651,enet:dm_only
2019-06,0.006949894925493503,0.006771841523786977,0.08902670085326303,enet:dm_only
2019-07,0.007584201632176768,0.007386020388765511,0.09909062170562827,enet:dm_only
2019-08,0.004679486132462606,0.00447959429102884,0.09994592071688278,enet:dm_only
2019-09,0.007688500519103978,0.007506495859659486,0.091002329722246,enet:dm_only
2019-10,0.0061029052481859445,0.005916401677056607,0.09325178556466898,enet:dm_only
2019-11,0.009685903642473726,0.009511372135512848,0.08726575348043906,enet:dm_only
2019-12,0.00286635451837439,0.0026816860278098603,0.09233424528226483,enet:dm_only
2005-01,0.0004351631765387781,0.0004351631765387781,0.0,static_ew
2005-02,-0.003732728859626058,-0.003732728859626058,0.0,static_ew
2005-03,0.0047313229985027835,0.0047313229985027835,0.0,static_ew
2005-04,0.003179085902991865,0.003179085902991865,0.0,static_ew
2005-05,0.005039542348371971,0.005039542348371971,0.0,static_ew
2005-06,0.00329893420769088,0.00329893420769088,0.0,static_ew
2005-07,0.0005837149719500013,0.0005837149719500013,0.0,static_ew
2005-08,0.002193000451617015,0.002193000451617015,0.0,static_ew
2005-09,0.0016184391763197096,0.0016184391763197096,0.0,static_ew
2005-10,-0.00020167153469017473,-0.00020167153469017473,0.0,static_ew
2005-11,-0.00016648993317070957,-0.00016648993317070957,0.0,static_ew
2005-12,0.0014242289086227589,0.0014242289086227589,0.0,static_ew
2006-01,0.002654128344719841,0.002654128344719841,0.0,static_ew
2006-02,0.006212757873555882,0.006212757873555882,0.0,static_ew
2006-03,0.003110232485836471,0.003110232485836471,0.0,static_ew
2006-04,0.005354770156049229,0.005354770156049229,0.0,static_ew
2006-05,0.00382533968725667,0.00382533968725667,0.0,static_ew
2006-06,0.0052193859236211535,0.0052193859236211535,0.0,static_ew
2006-07,0.0013309095328709552,0.0013309095328709552,0.0,static_ew
2006-08,0.0005355651070421924,0.0005355651070421924,0.0,static_ew
2006-09,0.0004957243627415832,0.0004957243627415832,0.0,static_ew
2006-10,-0.0005063994145436067,-0.0005063994145436067,0.0,static_ew
2006-11,-0.0005717476348737204,-0.0005717476348737204,0.0,static_ew
2006-12,0.006508533020223402,0.006508533020223402,0.0,static_ew
2007-01,-0.000401076361641324,-0.000401076361641324,0.0,static_ew
2007-02,-0.00015775219978415834,-0.00015775219978415834,0.0,static_ew
2007-03,0.0060205523647477105,0.0060205523647477105,0.0,static_ew
2007-04,0.008276082959801296,0.008276082959801296,0.0,static_ew
2007-05,0.004274116839713208,0.004274116839713208,0.0,static_ew
2007-06,0.001633496713058369,0.001633496713058369,0.0,static_ew
2007-07,0.003391739951861712,0.003391739951861712,0.0,static_ew
2007-08,0.006055169719443559,0.006055169719443559,0.0,static_ew
2007-09,0.0065561443408123565,0.0065561443408123565,0.0,static_ew
2007-10,0.0003554298504601241,0.0003554298504601241,0.0,static_ew
2007-11,0.007148975957382581,0.007148975957382581,0.0,static_ew
2007-12,0.004872517410823928,0.004872517410823928,0.0,static_ew
2008-01,0.0014257696687086912,0.0014257696687086912,0.0,static_ew
2008-02,0.0021069098551132624,0.0021069098551132624,0.0,static_ew
2008-03,0.004253581964294743,0.004253581964294743,0.0,static_ew
2008-04,0.0035251084969459587,0.0035251084969459587,0.0,static_ew
2008-05,0.005006632294239804,0.005006632294239804,0.0,static_ew
2008-06,0.0034337442688206193,0.0034337442688206193,0.0,static_ew
2008-07,0.00498167629741913,0.00498167629741913,0.0,static_ew
2008-08,0.0030034337750561957,0.0030034337750561957,0.0,static_ew
2008-09,0.0020021832525606224,0.0020021832525606224,0.0,static_ew
2008-10,0.000507281299145712,0.000507281299145712,0.0,static_ew
2008-11,0.0024819515776134215,0.0024819515776134215,0.0,static_ew
2008-12,0.004268342040510515,0.004268342040510515,0.0,static_ew
2009-01,0.002220261344103132,0.002220261344103132,0.0,static_ew
2009-02,-0.0007185372412940438,-0.0007185372412940438,0.0,static_ew
2009-03,0.001307214671805887,0.001307214671805887,0.0,static_ew
2009-04,0.0026169072804995775,0.0026169072804995775,0.0,static_ew
2009-05,0.0020460458871237866,0.0020460458871237866,0.0,static_ew
2009-06,0.004066912290236737,0.004066912290236737,0.0,static_ew
2009-07,0.0033353734421525377,0.0033353734421525377,0.0,static_ew
2009-08,0.004331696180911526,0.004331696180911526,0.0,static_ew
2009-09,-0.00239907064416843,-0.00239907064416843,0.0,static_ew
2009-10,0.0027331077223235987,0.0027331077223235987,0.0,static_ew
2009-11,0.002182769403612029,0.002182769403612029,0.0,static_ew
2009-12,0.001893189155978136,0.001893189155978136,0.0,static_ew
2010-01,0.004548016601200469,0.004548016601200469,0.0,static_ew
2010-02,0.0030290545824550215,0.0030290545824550215,0.0,static_ew
2010-03,0.001931684788616008,0.001931684788616008,0.0,static_ew
2010-04,0.004724894138977996,0.004724894138977996,0.0,static_ew
2010-05,0.004865958296009472,0.004865958296009472,0.0,static_ew
2010-06,0.0019479697648234215,0.0019479697648234215,0.0,static_ew
2010-07,0.0020397620824302034,0.0020397620824302034,0.0,static_ew
2010-08,0.003012265622475032,0.003012265622475032,0.0,static_ew
2010-09,-2.8538894118039417e-05,-2.8538894118039417e-05,0.0,static_ew
2010-10,0.003646101101574451,0.003646101101574451,0.0,static_ew
2010-11,0.00487878652362882,0.00487878652362882,0.0,static_ew
2010-12,0.0021401182513731158,0.0021401182513731158,0.0,static_ew
2011-01,0.008136213595042416,0.008136213595042416,0.0,static_ew
2011-02,0.001902318866983538,0.001902318866983538,0.0,static_ew
2011-03,0.004892345542314303,0.004892345542314303,0.0,static_ew
2011-04,0.008282435629283443,0.008282435629283443,0.0,static_ew
2011-05,0.0022145179028930737,0.0022145179028930737,0.0,static_ew
2011-06,-0.000292747240000857,-0.000292747240000857,0.0,static_ew
2011-07,0.006235851861189058,0.006235851861189058,0.0,static_ew
2011-08,0.002522895635332205,0.002522895635332205,0.0,static_ew
2011-09,0.005236591041222062,0.005236591041222062,0.0,static_ew
2011-10,0.002430074668593324,0.002430074668593324,0.0,static_ew
2011-11,0.0004314369361220581,0.0004314369361220581,0.0,static_ew
2011-12,0.0015979755298353568,0.0015979755298353568,0.0,static_ew
2012-01,0.003606003460297423,0.003606003460297423,0.0,static_ew
2012-02,0.0016426866919361824,0.0016426866919361824,0.0,static_ew
2012-03,0.001534170340803553,0.001534170340803553,0.0,static_ew
2012-04,0.0027343227947814464,0.0027343227947814464,0.0,static_ew
2012-05,0.0024014320063685383,0.0024014320063685383,0.0,static_ew
2012-06,0.00014307703224113579,0.00014307703224113579,0.0,static_ew
2012-07,-0.0016860632199394493,-0.0016860632199394493,0.0,static_ew
2012-08,0.0027489656531329964,0.0027489656531329964,0.0,static_ew
2012-09,0.0030715026401473416,0.0030715026401473416,0.0,static_ew
2012-10,0.0016324999625092341,0.0016324999625092341,0.0,static_ew
2012-11,0.0052565200125583664,0.0052565200125583664,0.0,static_ew
2012-12,-0.002342354501235858,-0.002342354501235858,0.0,static_ew
2013-01,0.0009765191387827866,0.0009765191387827866,0.0,static_ew
2013-02,0.000806384719846209,0.000806384719846209,0.0,static_ew
2013-03,-0.0006325305319962114,-0.0006325305319962114,0.0,static_ew
2013-04,-0.003755040273861628,-0.003755040273861628,0.0,static_ew
2013-05,0.002173622668056463,0.002173622668056463,0.0,static_ew
2013-06,0.001336417620557021,0.001336417620557021,0.0,static_ew
2013-07,-0.006271758608768191,-0.006271758608768191,0.0,static_ew
2013-08,0.004355780119331404,0.004355780119331404,0.0,static_ew
2013-09,-0.00084317785032035,-0.00084317785032035,0.0,static_ew
2013-10,0.0002931798207465279,0.0002931798207465279,0.0,static_ew
2013-11,0.0030387192833440115,0.0030387192833440115,0.0,static_ew
2013-12,0.002862021350173838,0.002862021350173838,0.0,static_ew
2014-01,0.001035956649061763,0.001035956649061763,0.0,static_ew
2014-02,0.0024020467347029024,0.0024020467347029024,0.0,static_ew
2014-03,0.0007703430124308862,0.0007703430124308862,0.0,static_ew
2014-04,0.00401152889358402,0.00401152889358402,0.0,static_ew
2014-05,0.0058129267323081815,0.0058129267323081815,0.0,static_ew
2014-06,0.0014951543422125507,0.0014951543422125507,0.0,static_ew
2014-07,-0.002145600659102895,-0.002145600659102895,0.0,static_ew
2014-08,0.0009406369709238965,0.0009406369709238965,0.0,static_ew
2014-09,0.005449692411909325,0.005449692411909325,0.0,static_ew
2014-10,0.00020477028189576024,0.00020477028189576024,0.0,static_ew
2014-11,0.0065259025249829175,0.0065259025249829175,0.0,static_ew
2014-12,0.005882024193630126,0.005882024193630126,0.0,static_ew
2015-01,0.0036675215351631863,0.0036675215351631863,0.0,static_ew
2015-02,0.004822921335083478,0.004822921335083478,0.0,static_ew
2015-03,0.005249736968226085,0.005249736968226085,0.0,static_ew
2015-04,0.0025454298071336118,0.0025454298071336118,0.0,static_ew
2015-05,0.0013449884302174071,0.0013449884302174071,0.0,static_ew
2015-06,0.0010700315315866542,0.0010700315315866542,0.0,static_ew
2015-07,0.0006336910697344232,0.0006336910697344232,0.0,static_ew
2015-08,-1.930475426328111e-06,-1.930475426328111e-06,0.0,static_ew
2015-09,0.00028405948642793474,0.00028405948642793474,0.0,static_ew
2015-10,0.002541904421683488,0.002541904421683488,0.0,static_ew
2015-11,-0.0006965214969579941,-0.0006965214969579941,0.0,static_ew
2015-12,-0.0004823121098173143,-0.0004823121098173143,0.0,static_ew
2016-01,0.00542819470128351,0.00542819470128351,0.0,static_ew
2016-02,0.0018602332785472712,0.0018602332785472712,0.0,static_ew
2016-03,0.00894404729022424,0.00894404729022424,0.0,static_ew
2016-04,0.0083183591099837,0.0083183591099837,0.0,static_ew
2016-05,0.0009235722895428204,0.0009235722895428204,0.0,static_ew
2016-06,-9.460321415679458e-05,-9.460321415679458e-05,0.0,static_ew
2016-07,0.004238813257719368,0.004238813257719368,0.0,static_ew
2016-08,0.003388164528126679,0.003388164528126679,0.0,static_ew
2016-09,-4.428834348122249e-05,-4.428834348122249e-05,0.0,static_ew
2016-10,0.004277318968155462,0.004277318968155462,0.0,static_ew
2016-11,0.005044956137265227,0.005044956137265227,0.0,static_ew
2016-12,0.0026061823038593217,0.0026061823038593217,0.0,static_ew
2017-01,0.007053217711986765,0.007053217711986765,0.0,static_ew
2017-02,0.0032857714603421293,0.0032857714603421293,0.0,static_ew
2017-03,0.005058186167227108,0.005058186167227108,0.0,static_ew
2017-04,0.0034654321199241254,0.0034654321199241254,0.0,static_ew
2017-05,0.003386397623146605,0.003386397623146605,0.0,static_ew
2017-06,-0.00094733014529582,-0.00094733014529582,0.0,static_ew
2017-07,-0.004345278017228862,-0.004345278017228862,0.0,static_ew
2017-08,-0.0007109228810093477,-0.0007109228810093477,0.0,static_ew
2017-09,-0.0008727857254872101,-0.0008727857254872101,0.0,static_ew
2017-10,0.0035867813197116207,0.0035867813197116207,0.0,static_ew
2017-11,0.003808796378325534,0.003808796378325534,0.0,static_ew
2017-12,0.0064605716089956786,0.0064605716089956786,0.0,static_ew
2018-01,0.0038626939757753728,0.0038626939757753728,0.0,static_ew
2018-02,0.00820625096808397,0.00820625096808397,0.0,static_ew
2018-03,0.004755139146584085,0.004755139146584085,0.0,static_ew
2018-04,0.0033142162185460454,0.0033142162185460454,0.0,static_ew
2018-05,0.002457233506226899,0.002457233506226899,0.0,static_ew
2018-06,0.002040840160366208,0.002040840160366208,0.0,static_ew
2018-07,-0.00016129811178523627,-0.00016129811178523627,0.0,static_ew
2018-08,0.0021612234169185156,0.0021612234169185156,0.0,static_ew
2018-09,0.00422190737101776,0.00422190737101776,0.0,static_ew
2018-10,0.000517305606575475,0.000517305606575475,0.0,static_ew
2018-11,0.0014188222633498677,0.0014188222633498677,0.0,static_ew
2018-12,0.00028715982536520207,0.00028715982536520207,0.0,static_ew
2019-01,0.002795266801319634,0.002795266801319634,0.0,static_ew
2019-02,0.0014991094356094367,0.0014991094356094367,0.0,static_ew
2019-03,-0.0019666656340643733,-0.0019666656340643733,0.0,static_ew
2019-04,0.003282549634128409,0.003282549634128409,0.0,static_ew
2019-05,0.0030484765350591884,0.0030484765350591884,0.0,static_ew
2019-06,0.007362879195077928,0.007362879195077928,0.0,static_ew
2019-07,0.0017557705456736565,0.0017557705456736565,0.0,static_ew
2019-08,0.0024042483693822534,0.0024042483693822534,0.0,static_ew
2019-09,0.0035906036167049774,0.0035906036167049774,0.0,static_ew
2019-10,0.004560845044609369,0.004560845044609369,0.0,static_ew
2019-11,0.00472663018350079,0.00472663018350079,0.0,static_ew
2019-12,0.0019983115997012375,0.0019983115997012375,0.0,static_ew
2005-01,0.002501569695779494,0.002501569695779494,0.0,enet:own
2005-02,-0.0009448644370655438,-0.0012764967239000623,0.16581614341725928,enet:own
2005-03,0.00965904534124993,0.009325299507553071,0.1668729168484292,enet:own
2005-04,0.006377174392766477,0.00603101275571866,0.17308081852390872,enet:own
2005-05,0.005558186751114947,0.005221313211767451,0.16843676967374782,enet:own
2005-06,-0.00023009484699035667,-0.0006225914286216458,0.19624829081564477,enet:own
2005-07,0.0027889068906173796,0.0024228851776733145,0.18301085647203258,enet:own
2005-08,0.00293203724610355,0.0025748542753065437,0.17859148539850345,enet:own
2005-09,0.005080196263504959,0.004741049968179331,0.1695731476628137,enet:own
2005-10,0.002628968812536421,0.0023010384061058035,0.16396520321530872,enet:own
2005-11,0.00011181236679215305,-0.00026065091463921275,0.186231640715683,enet:own
2005-12,0.004373073606913885,0.003985740107834751,0.1936667495395669,enet:own
2006-01,0.006281832499189182,0.005834689334408473,0.22357158239035455,enet:own
2006-02,0.006141784078526714,0.00572544875364633,0.20816766244019155,enet:own
2006-03,0.0013764620718720508,0.0009650107161379312,0.2057256778670597,enet:own
2006-04,0.00643328277272892,0.006060240422126991,0.18652117530096435,enet:own
2006-05,0.00850450905146399,0.008075203494092676,0.21465277868565796,enet:own
2006-06,0.003973759234205113,0.0035525106191080036,0.21062430754855477,enet:own
2006-07,0.003139118877892964,0.002680051502026179,0.22953368793339235,enet:own
2006-08,0.00681821876305109,0.00641546081540569,0.20137897382270073,enet:own
2006-09,0.007317065019233662,0.006934166618222228,0.19144920050571707,enet:own
2006-10,0.002116353473961301,0.0017160035671622905,0.2001749533995052,enet:own
2006-11,-0.002973424888352332,-0.0033817539989279928,0.20416455528783026,enet:own
2006-12,0.009252035206431905,0.0088440593127672,0.20398794683235194,enet:own
2007-01,0.0029390653100560713,0.002556284206910769,0.19139055157265117,enet:own
2007-02,0.0011672050428329418,0.0008005926366307542,0.1833062031010938,enet:own
2007-03,0.009102243653044842,0.008708450957041671,0.1968963480015862,enet:own
2007-04,0.0060867756167169666,0.005730586254371528,0.1780946811727189,enet:own
2007-05,0.003572950723610329,0.0031683056810772933,0.20232252126651787,enet:own
2007-06,0.0017151999695398006,0.0013415217509976916,0.1868391092710546,enet:own
2007-07,0.005404150335214693,0.004992441787226224,0.20585427399423412,enet:own
2007-08,0.002272852071683108,0.0018776132228277647,0.19761942442767166,enet:own
2007-09,0.007585369402113263,0.007199765012041729,0.19280219503576665,enet:own
2007-10,0.0010764272883635462,0.0006707192511260275,0.2028540186187594,enet:own
2007-11,0.010190516961922321,0.0098271813037663,0.18166782907801163,enet:own
2007-12,0.007150799968809654,0.006761419925604279,0.19469002160268753,enet:own
2008-01,0.0018142307363637183,0.0014177217101749753,0.1982545130943717,enet:own
2008-02,0.003783318978929864,0.0034412885998560735,0.17101518953689537,enet:own
2008-03,0.003576722590847607,0.003222630425369188,0.1770460827392098,enet:own
2008-04,0.005124046072232968,0.004768692937553932,0.17767656733951817,enet:own
2008-05,0.00862888091289309,0.00824331632327481,0.1927822948091395,enet:own
2008-06,0.004063339769346058,0.003702443324477834,0.18044822243411215,enet:own
2008-07,0.006292412191249076,0.005940343532054352,0.17603432959736218,enet:own
2008-08,0.0021226778287434193,0.0017858366942445374,0.16842056724944102,enet:own
2008-09,0.0013653374280448013,0.0009884203357884466,0.1884585461281771,enet:own
2008-10,0.006847390137271102,0.006485328855466259,0.18103064090242132,enet:own
2008-11,0.001149292976467347,0.0008141118271577338,0.1675905746548065,enet:own
2008-12,0.004249784734740109,0.0038844968567699188,0.18264393898509546,enet:own
2009-01,0.006034029379426733,0.005605505330902068,0.21426202426233296,enet:own
2009-02,0.0022921934786005304,0.0019195924765137002,0.18630050104341506,enet:own
2009-03,0.0067370189452578685,0.006347859333310863,0.19457980597350233,enet:own
2009-04,0.0028741147570539435,0.0024809365890155668,0.1965890840191883,enet:own
2009-05,0.0007459858232714654,0.0003571066142463088,0.19443960451257833,enet:own
2009-06,0.004032328214847698,0.0036642855646890965,0.1840213250793006,enet:own
2009-07,0.002145934541050655,0.0018024593200900564,0.17173761048029942,enet:own
2009-08,0.007634068670858521,0.007301785881342984,0.16614139475776857,enet:own
2009-09,0.0017515517124022683,0.001417077801761898,0.167236955320185,enet:own
2009-10,0.004785454033831933,0.004414613289559531,0.1854203721362011,enet:own
2009-11,0.003640571196961648,0.0032576590880011255,0.1914560544802613,enet:own
2009-12,0.002414678587814405,0.0020610317197642543,0.17682343402507544,enet:own
2010-01,0.0076584172700440096,0.007263776539712414,0.19732036516579773,enet:own
2010-02,0.0021676001440092962,0.0018015634261524186,0.18301835892843876,enet:own
2010-03,0.001437621920961632,0.0010072558083326372,0.2151830563144973,enet:own
2010-04,0.010849898919478724,0.01046527519701275,0.1923118612329875,enet:own
2010-05,0.0003994322855687765,6.349890006777465e-05,0.16796669275050102,enet:own
2010-06,-0.0006625617272445274,-0.001028152716696525,0.18279549472599887,enet:own
2010-07,0.003312189990310792,0.0029241206574063838,0.19403466645220407,enet:own
2010-08,0.003522443722945627,0.003170505041836188,0.17596934055471944,enet:own
2010-09,-0.00036489618371318526,-0.0007283947160874617,0.18174926618713833,enet:own
2010-10,0.0013263526489243147,0.0009709135185009473,0.17771956521168364,enet:own
2010-11,0.00586472653992152,0.005491911744689745,0.18640739761588734,enet:own
2010-12,0.0015406561958558873,0.0011674415788986146,0.18660730847863638,enet:own
2011-01,0.011326060330587341,0.01100338977449768,0.1613352780448307,enet:own
2011-02,0.0016909498439700663,0.0014185898708916488,0.13617998653920874,enet:own
2011-03,0.006326833356656624,0.00602118083778091,0.15282625943785702,enet:own
2011-04,0.009365365823096522,0.0090485445092323,0.1584106569321099,enet:own
2011-05,0.003997294223293509,0.0036570238534833236,0.17013518490509266,enet:own
2011-06,0.0014444292409491173,0.001122337620695735,0.16104581012669128,enet:own
2011-07,0.005998199090274109,0.005691393456675852,0.15340281679912848,enet:own
2011-08,0.006087045954903696,0.005791319867532208,0.14786304368574407,enet:own
2011-09,0.0046056081389845675,0.004307530195555067,0.14903897171474983,enet:own
2011-10,0.005878611271157563,0.005575941646495394,0.15133481233108476,enet:own
2011-11,0.006679618791060769,0.006409950876284455,0.1348339573881576,enet:own
2011-12,0.002076807614304286,0.0017605772984962457,0.15811515790402006,enet:own
2012-01,0.004323019635470381,0.00407136082333519,0.12582940606759496,enet:own
2012-02,0.006543281282994301,0.006311971549127902,0.11565486693319983,enet:own
2012-03,0.0031728141468169275,0.0029377490646517,0.11753254108261377,enet:own
2012-04,0.003331679566450544,0.0030959653648469994,0.11785710080177247,enet:own
2012-05,0.0012176144925590373,0.0009873833220858121,0.11511558523661264,enet:own
2012-06,0.003182028144834455,0.0029364148141299935,0.12280666535223064,enet:own
2012-07,-0.005991234047440529,-0.006261595728135193,0.13518084034733197,enet:own
2012-08,0.00607418864353258,0.00580512474739123,0.13453194807067512,enet:own
2012-09,0.0034976745425474437,0.003245238188347804,0.12621817709981992,enet:own
2012-10,0.0029739216712351647,0.0027169978001169567,0.1284619355591039,enet:own
2012-11,0.00713636404990071,0.0068231519529254655,0.1566060484876226,enet:own
2012-12,0.002401876627965104,0.0021319418245171677,0.13496740172396804,enet:own
2013-01,0.003986444405982219,0.0037069007601450476,0.1397718229185859,enet:own
2013-02,0.00290739064797156,0.0026305182487128503,0.13843619962935458,enet:own
2013-03,0.0020034285714341155,0.0017640182505941312,0.11970516041999207,enet:own
2013-04,-0.0019950346237003367,-0.002288587251294714,0.14677631379718875,enet:own
2013-05,0.006096045539906477,0.0057710048276090175,0.16252035614872917,enet:own
2013-06,0.006187749279012495,0.00591060837811266,0.1385704504499173,enet:own
2013-07,-0.006647838467940789,-0.006916106386756025,0.13413395940761758,enet:own
2013-08,0.0012421467967052833,0.0009528015249366989,0.14467263588429227,enet:own
2013-09,0.0037044541474322828,0.0034367986240230316,0.13382776170462568,enet:own
2013-10,0.0010846243159979064,0.0008138547016056123,0.13538480719614704,enet:own
2013-11,0.0013975571715857105,0.0011242584577387871,0.13664935692346172,enet:own
2013-12,0.00434139068666431,0.004044900679284636,0.1482450036898373,enet:own
2014-01,0.005507130603529463,0.0051669620612751176,0.17008427112717253,enet:own
2014-02,0.005094732160281549,0.004800811725114816,0.14696021758336653,enet:own
2014-03,0.004698877915742627,0.0044288584104658375,0.13500975263839493,enet:own
2014-04,0.0039021422545320954,0.003646471528716451,0.1278353629078223,enet:own
2014-05,0.008765488810585422,0.008457465729780391,0.15401154040251522,enet:own
2014-06,0.00494140864435458,0.004668894427439032,0.1362571084577738,enet:own
2014-07,0.0010715369478944993,0.0007740167464578768,0.14876010071831114,enet:own
2014-08,0.0028345400623943674,0.0025245231678836214,0.15500844725537316,enet:own
2014-09,0.010227227406498653,0.009980109598609796,0.12355890394442824,enet:own
2014-10,0.0027763982077395346,0.002571408302816613,0.10249495246146091,enet:own
2014-11,0.0052739879443867614,0.005017403144843745,0.12829239977150816,enet:own
2014-12,0.010315721362530964,0.010044845108606225,0.1354381269623697,enet:own
2015-01,0.00661707416982322,0.006375361776773979,0.12085619652462096,enet:own
2015-02,0.0075904783294931995,0.007363617799027293,0.11343026523295283,enet:own
2015-03,0.007544734162614265,0.007265028808557384,0.13985267702844048,enet:own
2015-04,0.007966836450164326,0.007719553494819798,0.12364147767226397,enet:own
2015-05,0.006814893600293199,0.006579388801652254,0.11775239932047199,enet:own
2015-06,0.005632646926747908,0.005410140661381543,0.11125313268318235,enet:own
2015-07,0.004296751051318671,0.004040052232995458,0.12834940916160711,enet:own
2015-08,-0.00018794926502054617,-0.0004214090166956389,0.11672987583754643,enet:own
2015-09,0.0008377633061291598,0.0006057616352859402,0.11600083542160983,enet:own
2015-10,0.010367300463050146,0.010133806224222192,0.1167471194139778,enet:own
2015-11,0.0012836104959264556,0.001048567295887834,0.11752160001931114,enet:own
2015-12,0.00046615182023696184,0.0002131748484318994,0.12648848590253134,enet:own
2016-01,0.00816364124648826,0.007877846160287836,0.14289754310021177,enet:own
2016-02,0.006305333577563898,0.006039454264650345,0.13293965645677713,enet:own
2016-03,0.010285365140279844,0.010047016049696652,0.1191745452915954,enet:own
2016-04,0.01005371638353578,0.009829604167466971,0.11205610803440436,enet:own
2016-05,0.0033012048996559447,0.0030980132300723563,0.10159583479179421,enet:own
2016-06,-0.00036787343508666093,-0.0005555138513096567,0.09382020811149802,enet:own
2016-07,0.004154698910105243,0.0039501615494965964,0.10226868030432318,enet:own
2016-08,0.006943895560368579,0.006714806154502956,0.11454470293281145,enet:own
2016-09,0.006396073930243117,0.006132671912713275,0.13170100876492147,enet:own
2016-10,0.004386141820958631,0.004187217121029908,0.09946234996436082,enet:own
2016-11,0.0055522065177717895,0.005343176616959538,0.10451495040612602,enet:own
2016-12,0.0056942166583307625,0.005421175194739388,0.13652073179568697,enet:own
2017-01,0.010436240062769022,0.010231041386951684,0.10259933790866818,enet:own
2017-02,0.005356283351130058,0.005121892380168832,0.11719548548061332,enet:own
2017-03,0.004071691297872022,0.0038700923186062173,0.100799489632902,enet:own
2017-04,0.00501896622881193,0.004777649687641319,0.12065827058530532,enet:own
2017-05,0.002860436709315712,0.002654566405416726,0.10293515194949304,enet:own
2017-06,0.002300262123214404,0.0020735757227973396,0.11334320020853225,enet:own
2017-07,0.004110821854209897,0.003881483397242344,0.11466922848377635,enet:own
2017-08,0.00050015274474938,0.00028960009924702346,0.1052763227511783,enet:own
2017-09,0.006839469450700519,0.00659782428555432,0.1208225825730994,enet:own
2017-10,0.005680507873315053,0.005463733763755455,0.10838705477979854,enet:own
2017-11,0.008379742404958495,0.008139107593726701,0.12031740561589704,enet:own
2017-12,0.009093751170331187,0.008867886568113813,0.11293230110868654,enet:own
2018-01,0.005958318592460815,0.00566769378467162,0.14531240389459757,enet:own
2018-02,0.011133344359986124,0.010901906659387697,0.11571885029921325,enet:own
2018-03,0.010722735273135062,0.010491477579803649,0.11562884666570676,enet:own
2018-04,0.0021474115976367757,0.0019309762639748587,0.10821766683095842,enet:own
2018-05,0.0073526292417541265,0.00711419187323806,0.11921868425803352,enet:own
2018-06,0.010180824431148986,0.009972392685649421,0.10421587274978271,enet:own
2018-07,0.0004362146243130883,0.0002107168422773658,0.11274889101786102,enet:own
2018-08,0.0028103414361489187,0.0025981809343898835,0.10608025087951765,enet:own
2018-09,0.004558003362158153,0.0043451139191784125,0.10644472148987039,enet:own
2018-10,0.0020420508995072834,0.0018084258224331275,0.11681253853707801,enet:own
2018-11,0.0014066837844893374,0.0011893557299975338,0.10866402724590192,enet:own
2018-12,-0.00030634522116236215,-0.0005121667037075013,0.10291074127256969,enet:own
2019-01,0.00566903498584367,0.00541921454769993,0.12491021907187022,enet:own
2019-02,0.0033582038335331407,0.0031509512225054034,0.10362630551386866,enet:own
2019-03,0.0005148593291832785,0.0003109910368237219,0.10193414617977828,enet:own
2019-04,0.0012678741356816486,0.0010483403665353425,0.10976688457315315,enet:own
2019-05,0.002339625027114125,0.0021134380966007526,0.11309346525668615,enet:own
2019-06,0.006974033361422921,0.006744381806606547,0.11482577740818686,enet:own
2019-07,0.007823048697649774,0.007562729768766992,0.13015946444139115,enet:own
2019-08,0.004641064619216157,0.004364445052397669,0.13830978340924388,enet:own
2019-09,0.007268417246016129,0.007018938015159681,0.12473961542822323,enet:own
2019-10,0.0061868586068398075,0.005934070340443584,0.12639413319811105,enet:own
2019-11,0.009765702628444022,0.009504936344310636,0.1303831420666928,enet:own
2019-12,0.003093830464517268,0.0028625722647302758,0.11562909989349666,enet:own
2005-01,0.002429339012260624,0.002429339012260624,0.0,enet:pooled
2005-02,-0.001090888495009509,-0.0013554045162653611,0.13225801062792603,enet:pooled
2005-03,0.009636837907037506,0.00935941340092981,0.1387122530538476,enet:pooled
2005-04,0.005939788627656262,0.005656983991475465,0.14140231809039816,enet:pooled
2005-05,0.005029078535285485,0.004761943013047987,0.13356776111874852,enet:pooled
2005-06,-0.0007115762250459608,-0.0010260026502909728,0.15721321262250604,enet:pooled
2005-07,0.002432722468203213,0.002139494147197233,0.14661416050299,enet:pooled
2005-08,0.002288344097510529,0.0020026713779375564,0.14283635978648607,enet:pooled
2005-09,0.0041515756881498715,0.003873175947736355,0.13919987020675822,enet:pooled
2005-10,0.0023932296724905417,0.0021253611020370083,0.1339342852267666,enet:pooled
2005-11,-0.00023109395511843327,-0.0005313664718846474,0.15013625838310712,enet:pooled
2005-12,0.004047311360636417,0.0037252040659457135,0.16105364734535166,enet:pooled
2006-01,0.005712047004876944,0.0053724770100264775,0.1697849974252334,enet:pooled
2006-02,0.00552066358345734,0.005210882274735084,0.1548906543611276,enet:pooled
2006-03,0.000757189097900856,0.0004446719568301317,0.15625857053536218,enet:pooled
2006-04,0.006106644039897685,0.005823133170724375,0.141755434586655,enet:pooled
2006-05,0.008828581149674873,0.008502727200457806,0.16292697460853334,enet:pooled
2006-06,0.0040237847958747835,0.003717283018171278,0.15325088885175298,enet:pooled
2006-07,0.00328512693061069,0.0029410654742450587,0.17203072818281584,enet:pooled
2006-08,0.006853659456915425,0.006548240675190912,0.15270939086225693,enet:pooled
2006-09,0.007256573924363805,0.006962627312773281,0.1469733057952618,enet:pooled
2006-10,0.002251231577569407,0.0019439480616764726,0.15364175794646734,enet:pooled
2006-11,-0.0034162951927051164,-0.003731021216514809,0.1573630119048465,enet:pooled
2006-12,0.009068135353386382,0.008747632539510648,0.16025140693786716,enet:pooled
2007-01,0.002796907938494861,0.00246410429462815,0.16640182193335562,enet:pooled
2007-02,0.001218333265260006,0.0009149826237892755,0.1516753207353652,enet:pooled
2007-03,0.008745996122183367,0.008416255308521373,0.1648704068309963,enet:pooled
2007-04,0.005974647895828929,0.005676636768249613,0.14900556378965804,enet:pooled
2007-05,0.0035022843283850323,0.0031575013312805564,0.17239149855223806,enet:pooled
2007-06,0.002186158687737017,0.001882700285988006,0.15172920087450573,enet:pooled
2007-07,0.006066617681433611,0.005728836081487003,0.16889079997330378,enet:pooled
2007-08,0.0021298791731890615,0.0018076586429721716,0.16111026510844498,enet:pooled
2007-09,0.008079135011199608,0.007764993583780999,0.15707071370930525,enet:pooled
2007-10,0.0011631748969222404,0.0008290935617549062,0.16704066758366723,enet:pooled
2007-11,0.010538162468527816,0.010243199106786081,0.1474816808708671,enet:pooled
2007-12,0.007123795901585462,0.006798874300898891,0.16246080034328597,enet:pooled
2008-01,0.0016334056739976625,0.0013034250717824949,0.16499030110758395,enet:pooled
2008-02,0.0036553148896830605,0.003362406477851967,0.14645420591554686,enet:pooled
2008-03,0.0034139036142602423,0.0031076458506194894,0.1531288818203767,enet:pooled
2008-04,0.005205837224090193,0.00491057559462532,0.14763081473243672,enet:pooled
2008-05,0.008382569274604141,0.008054218029002193,0.1641756228009743,enet:pooled
2008-06,0.004000707248771553,0.003699071876375336,0.15081768619810834,enet:pooled
2008-07,0.006119786243249734,0.005832699474532254,0.14354338435873987,enet:pooled
2008-08,0.0019363261623023993,0.001651542469783503,0.1423918462594482,enet:pooled
2008-09,0.0014139559568829515,0.0011022970632170782,0.1558294468329366,enet:pooled
2008-10,0.0063570969694524,0.006060085063524181,0.1485059529641092,enet:pooled
2008-11,0.0009735373935646066,0.0006896134989077098,0.14196194732844836,enet:pooled
2008-12,0.004430844869149932,0.004124376051545172,0.15323440880238012,enet:pooled
2009-01,0.0058287521074683645,0.00550229630643965,0.1632279005143573,enet:pooled
2009-02,0.0022423198030619117,0.0019653594837583726,0.13848015965176955,enet:pooled
2009-03,0.006618690330785945,0.006335591530000034,0.1415494003929552,enet:pooled
2009-04,0.002825873299677633,0.0025414697675688533,0.14220176605438972,enet:pooled
2009-05,0.0007313826805948097,0.000444744943765197,0.14331886841480632,enet:pooled
2009-06,0.0038296218148166196,0.003561211969596685,0.1342049226099673,enet:pooled
2009-07,0.0022807906129311546,0.0020249844048747133,0.12790310402822047,enet:pooled
2009-08,0.007449413495462933,0.007220334081338461,0.11453970706223626,enet:pooled
2009-09,0.0018203041516524306,0.001575548843966319,0.12237765384305571,enet:pooled
2009-10,0.004794681033165776,0.004519930290733891,0.13737537121594212,enet:pooled
2009-11,0.0034206418086847154,0.003143132761353418,0.13875452366564875,enet:pooled
2009-12,0.0024481631762692806,0.0021854956654222975,0.13133375542349143,enet:pooled
2010-01,0.007909045349002948,0.007625652371468439,0.1416964887672549,enet:pooled
2010-02,0.002204549791749993,0.0019331958117569281,0.13567698999653235,enet:pooled
2010-03,0.0014731628834943635,0.0011822088994617114,0.14547699201632613,enet:pooled
2010-04,0.010661389535666518,0.01040336124444212,0.12901414561219943,enet:pooled
2010-05,0.0006744113558785868,0.00043996876334640345,0.11722129626609164,enet:pooled
2010-06,-0.0005536863758943248,-0.0008064145117717839,0.12636406793872942,enet:pooled
2010-07,0.003125051704653746,0.00285118317902305,0.13693426281534804,enet:pooled
2010-08,0.003483089153994915,0.0032354212031363554,0.12383397542928004,enet:pooled
2010-09,-0.00020945900155600614,-0.000455113001837636,0.12282700014081516,enet:pooled
2010-10,0.0014781178810016307,0.0012374426047208151,0.12033763814040781,enet:pooled
2010-11,0.0062084269318571075,0.0059337540147811115,0.13733645853799836,enet:pooled
2010-12,0.0014457438835034297,0.0011790395946979658,0.13335214440273194,enet:pooled
2011-01,0.011778480078800172,0.011544001271934001,0.11723940343308527,enet:pooled
2011-02,0.0014545751605546033,0.001265476045899222,0.09454955732769062,enet:pooled
2011-03,0.006363745417619057,0.006151785420467691,0.10597999857568315,enet:pooled
2011-04,0.009428190510439974,0.009214802527118694,0.10669399166064025,enet:pooled
2011-05,0.004173764439744053,0.003948413107256073,0.11267566624398938,enet:pooled
2011-06,0.0015444252392759039,0.0013369570980567155,0.10373407060959416,enet:pooled
2011-07,0.005902333749137981,0.00571314416001714,0.09459479456042043,enet:pooled
2011-08,0.006226063389237412,0.006027529996856587,0.0992666961904124,enet:pooled
2011-09,0.0047450880356241145,0.004558425959739492,0.09333103794231118,enet:pooled
2011-10,0.00597163164092559,0.0057655972445657885,0.10301719817990089,enet:pooled
2011-11,0.006756952749219427,0.006568883543550697,0.0940346028343653,enet:pooled
2011-12,0.00191933500991532,0.001708317275734538,0.10550886709039095,enet:pooled
2012-01,0.004005447094002503,0.0038378618221923217,0.08379263590509048,enet:pooled
2012-02,0.006516804841831796,0.006336549473821434,0.09012768400518135,enet:pooled
2012-03,0.003228562482325646,0.0030517836655100748,0.08838940840778547,enet:pooled
2012-04,0.00348560986776811,0.0033003637884218145,0.09262303967314768,enet:pooled
2012-05,0.001214423409895297,0.0010362836004963064,0.08906990469949543,enet:pooled
2012-06,0.003429428163325245,0.0032335438418273675,0.09794216074893851,enet:pooled
2012-07,-0.006240976904220938,-0.006434464332430347,0.09674371410470438,enet:pooled
2012-08,0.005747271943786171,0.005556604342911324,0.09533380043742302,enet:pooled
2012-09,0.003310125356004842,0.0031277515498701943,0.09118690306732385,enet:pooled
2012-10,0.003044835520920606,0.0028438685651252984,0.10048347789765412,enet:pooled
2012-11,0.0073479580534005174,0.007130905655769718,0.10852619881539989,enet:pooled
2012-12,0.00194258804651316,0.001757628314111143,0.09247986620100862,enet:pooled
2013-01,0.004205502536006992,0.003993976196179338,0.1057631699138268,enet:pooled
2013-02,0.002703163805935418,0.002497065692639645,0.10304905664788647,enet:pooled
2013-03,0.002067510137548791,0.0018924369306554012,0.08753660344669495,enet:pooled
2013-04,-0.0021455576648470535,-0.002379837233570769,0.11713978436185782,enet:pooled
2013-05,0.006241714547091888,0.005995823629017306,0.12294545903729122,enet:pooled
2013-06,0.006061065387697861,0.005860555345470314,0.10025502111377345,enet:pooled
2013-07,-0.006589697629662983,-0.006789864084094602,0.10008322721580984,enet:pooled
2013-08,0.0013084494286173102,0.0010971733953534042,0.10563801663195292,enet:pooled
2013-09,0.003370304697659539,0.0031728947298646517,0.09870498389744334,enet:pooled
2013-10,0.0010407956585947275,0.0008451902838666713,0.09780268736402818,enet:pooled
2013-11,0.0016511762670656492,0.0014535362008218596,0.0988200331218948,enet:pooled
2013-12,0.0044490895895018655,0.004226464562217182,0.11131251364234185,enet:pooled
2014-01,0.005446252724121785,0.005225027505702797,0.110612609209494,enet:pooled
2014-02,0.005401487945006542,0.005197345915479676,0.10207101476343246,enet:pooled
2014-03,0.004842181359045996,0.0046461219411240776,0.09802970896095917,enet:pooled
2014-04,0.004326004157171973,0.004134413944101065,0.09579510653545391,enet:pooled
2014-05,0.008859802120000846,0.008642977968537783,0.10841207573153126,enet:pooled
2014-06,0.004907632386987198,0.004708040192882807,0.09979609705219572,enet:pooled
2014-07,0.0005361488838575214,0.00031975348567244214,0.1081976990925396,enet:pooled
2014-08,0.0026009730886204703,0.002371483546595243,0.11474477101261368,enet:pooled
2014-09,0.010196993756815964,0.010021313675924202,0.08784004044588106,enet:pooled
2014-10,0.002828360010880738,0.002680494746830648,0.07393263202504495,enet:pooled
2014-11,0.005167724891906568,0.004977524285440006,0.09510030323328098,enet:pooled
2014-12,0.010225741742628715,0.010024145008863106,0.1007983668828044,enet:pooled
2015-01,0.006611573909404166,0.00641758172412141,0.09699609264137807,enet:pooled
2015-02,0.00751504382309511,0.007338972485398271,0.08803566884841929,enet:pooled
2015-03,0.007514915814025355,0.007301948774782622,0.10648351962136693,enet:pooled
2015-04,0.008198598835251574,0.008006913181494286,0.09584282687864405,enet:pooled
2015-05,0.0066901785257209336,0.006504436589196503,0.09287096826221575,enet:pooled
2015-06,0.005618496211834043,0.005436232520254837,0.09113184578960316,enet:pooled
2015-07,0.004068650697954673,0.0038735401467319863,0.0975552756113433,enet:pooled
2015-08,-0.00045884001742627686,-0.0006420549790663848,0.09160748082005395,enet:pooled
2015-09,0.0011811970312359107,0.001002761825039963,0.08921760309797401,enet:pooled
2015-10,0.010291222001331245,0.010113332126366045,0.08894493748259985,enet:pooled
2015-11,0.0010503847560597804,0.0008666445843247332,0.09187008586752335,enet:pooled
2015-12,0.0006999880765988769,0.0005017520391948976,0.09911801870198957,enet:pooled
2016-01,0.008528911665534634,0.008307865440195853,0.11052311266939106,enet:pooled
2016-02,0.006290229138733784,0.006084002947751236,0.10311309549127415,enet:pooled
2016-03,0.01044401724174172,0.01025881288453465,0.09260217860353497,enet:pooled
2016-04,0.009932721559433857,0.009755617342125803,0.08855210865402752,enet:pooled
2016-05,0.0031230708870669133,0.0029664458369090207,0.07831252507894634,enet:pooled
2016-06,-0.00054606508308011,-0.0006953639778445296,0.07464944738220979,enet:pooled
2016-07,0.004125181044608142,0.003959281341065261,0.08294985177144058,enet:pooled
2016-08,0.006859648358340031,0.0066853076130331725,0.0871703726534287,enet:pooled
2016-09,0.006159794897642461,0.0059547043554405606,0.10254527110095014,enet:pooled
2016-10,0.0043279806837995035,0.0041594780491299825,0.08425131733476074,enet:pooled
2016-11,0.005545721709417266,0.005380719617586801,0.08250104591523244,enet:pooled
2016-12,0.005578737572060935,0.00536697214775031,0.10588271215531334,enet:pooled
2017-01,0.010599561260764261,0.010419074395195281,0.09024343278448974,enet:pooled
2017-02,0.005372616383352291,0.005174333250534669,0.0991415664088113,enet:pooled
2017-03,0.004105752999347992,0.00394116128359626,0.08229585787586648,enet:pooled
2017-04,0.005037332996773992,0.00484275407321156,0.09728946178121543,enet:pooled
2017-05,0.0027933366719155466,0.0026329898419053446,0.08017341500510095,enet:pooled
2017-06,0.001973308459810761,0.0017908826723361203,0.09121289373732046,enet:pooled
2017-07,0.003687552809434109,0.0035069020100857527,0.09032539967417819,enet:pooled
2017-08,0.0004987305757473614,0.0003248032701520095,0.0869636527976759,enet:pooled
2017-09,0.006710706952610224,0.006505735304990819,0.10248582380970193,enet:pooled
2017-10,0.005665340668297372,0.005489548160870068,0.08789625371365266,enet:pooled
2017-11,0.008363074495206358,0.00816968468002699,0.09669490758968424,enet:pooled
2017-12,0.009142031536080118,0.008959664812293293,0.09118336189341272,enet:pooled
2018-01,0.0059667495373116036,0.005743227844694063,0.11176084630877008,enet:pooled
2018-02,0.011360940749409727,0.011189780184988181,0.08558028221077305,enet:pooled
2018-03,0.010534933576173395,0.010357507661357915,0.08871295740773985,enet:pooled
2018-04,0.002316934901615471,0.002145323588015998,0.08580565679973648,enet:pooled
2018-05,0.006928041372072748,0.00674726978646934,0.09038579280170372,enet:pooled
2018-06,0.009844489266050858,0.00967908846663153,0.08270039970966428,enet:pooled
2018-07,0.000488572364455662,0.00030452000392300826,0.09202618026632677,enet:pooled
2018-08,0.002782201359800329,0.002607576712333982,0.0873123237331737,enet:pooled
2018-09,0.004640039692600319,0.004462790517495497,0.08862458755241145,enet:pooled
2018-10,0.00198334931597081,0.0018031481134808556,0.09010060124497707,enet:pooled
2018-11,0.0009677200576892989,0.0008001281957818666,0.08379593095371612,enet:pooled
2018-12,-0.00021104279721265032,-0.0003704545440390522,0.07970587341320089,enet:pooled
2019-01,0.005653910611126028,0.00545658300187001,0.09866380462800924,enet:pooled
2019-02,0.0034907209848789576,0.0033166099350902807,0.08705552489433847,enet:pooled
2019-03,0.0005286856728864928,0.0003630306724306898,0.08282750022790146,enet:pooled
2019-04,0.0011738633005856953,0.0010018982542696305,0.08598252315803244,enet:pooled
2019-05,0.0024142832371077455,0.0022237047720893425,0.09528923250920152,enet:pooled
2019-06,0.0070487250478165,0.006869358545199516,0.08968325130849246,enet:pooled
2019-07,0.007782156762336235,0.007579013131453847,0.10157181544119423,enet:pooled
2019-08,0.004665433101028018,0.004454357828374307,0.10553763632685591,enet:pooled
2019-09,0.007522930207012451,0.007333881485215024,0.09452436089871372,enet:pooled
2019-10,0.006132536397512452,0.005937257757119517,0.09763932019646747,enet:pooled
2019-11,0.009706343905135213,0.009513811799451436,0.09626605284188818,enet:pooled
2019-12,0.0030136720864693263,0.002824830606444638,0.09442074001234425,enet:pooled
2005-01,-0.0002782958396164595,-0.0002782958396164595,0.0,fmom:rule
2005-02,0.0003670091428121328,-3.299085718786745e-05,0.2,fmom:rule
2005-03,0.002884441339359138,0.0024844413393591384,0.2,fmom:rule
2005-04,0.005620916467271517,0.005170916467271516,0.225,fmom:rule
2005-05,-0.0015314998663916394,-0.00190649986639164,0.1875,fmom:rule
2005-06,-0.000754178822206526,-0.001229178822206526,0.23750000000000002,fmom:rule
2005-07,0.0038712630949373993,0.0033962630949373996,0.23750000000000002,fmom:rule
2005-08,0.0016572291263709322,0.001307229126370932,0.17500000000000002,fmom:rule
2005-09,0.003339491580334813,0.002839491580334813,0.25,fmom:rule
2005-10,0.0020496221514443654,0.0015996221514443655,0.22500000000000003,fmom:rule
2005-11,-5.0022655201920974e-05,-0.0006000226552019209,0.275,fmom:rule
2005-12,0.0004844002335759089,-4.059976642409096e-05,0.2625,fmom:rule
2006-01,0.006685472132463669,0.006235472132463669,0.22500000000000003,fmom:rule
2006-02,-0.0033951756451749177,-0.0036451756451749175,0.125,fmom:rule
2006-03,0.005952832264955783,0.005252832264955783,0.35000000000000003,fmom:rule
2006-04,-0.0002369630850071774,-0.0005619630850071775,0.1625,fmom:rule
2006-05,0.005508352748622582,0.005208352748622582,0.15000000000000002,fmom:rule
2006-06,0.00019552179660156744,-0.00015447820339843256,0.17500000000000002,fmom:rule
2006-07,0.0002514732468220512,-0.00022352675317794876,0.23750000000000002,fmom:rule
2006-08,0.002186788089030435,0.001861788089030435,0.1625,fmom:rule
2006-09,0.0016961113007808474,0.0011211113007808472,0.2875,fmom:rule
2006-10,0.0021106511858072015,0.0015356511858072013,0.2875,fmom:rule
2006-11,-0.002661266027926773,-0.0033362660279267734,0.3375,fmom:rule
2006-12,0.0065794544613248344,0.006154454461324834,0.21250000000000002,fmom:rule
2007-01,0.0032068114839118988,0.002881811483911899,0.1625,fmom:rule
2007-02,0.0016409680812190307,0.0012659680812190308,0.18750000000000003,fmom:rule
2007-03,0.0067928687239491,0.0062678687239491,0.2625,fmom:rule
2007-04,-0.0032383482917854,-0.0035133482917854,0.1375,fmom:rule
2007-05,0.00264801237456223,0.00224801237456223,0.2,fmom:rule
2007-06,-0.001874234188457157,-0.002124234188457157,0.125,fmom:rule
2007-07,0.0027015878094416843,0.0021265878094416843,0.2875,fmom:rule
2007-08,-0.0006381002483625503,-0.0011631002483625502,0.2625,fmom:rule
2007-09,0.00318671952889563,0.0026617195288956303,0.2625,fmom:rule
2007-10,0.0005443170914746359,-5.682908525364008e-06,0.275,fmom:rule
2007-11,0.005318837285921082,0.004718837285921081,0.3,fmom:rule
2007-12,0.003520956189554188,0.0031209561895541886,0.2,fmom:rule
2008-01,0.0005906771698547528,6.567716985475286e-05,0.2625,fmom:rule
2008-02,0.0017591062278183912,0.0014341062278183914,0.1625,fmom:rule
2008-03,0.0033541728367585807,0.003004172836758581,0.17500000000000002,fmom:rule
2008-04,0.004946257448795886,0.004546257448795886,0.2,fmom:rule
2008-05,-0.0002986359613246214,-0.0006736359613246216,0.1875,fmom:rule
2008-06,0.0012410422067531245,0.0006660422067531246,0.2875,fmom:rule
2008-07,0.003711233085588036,0.003136233085588036,0.28750000000000003,fmom:rule
2008-08,0.0017656878971265442,0.001340687897126544,0.21250000000000002,fmom:rule
2008-09,0.001721673453491835,0.0014216734534918348,0.15000000000000002,fmom:rule
2008-10,0.000577680564906293,0.00017768056490629307,0.2,fmom:rule
2008-11,0.0017626539553308104,0.0014126539553308104,0.17500000000000002,fmom:rule
2008-12,0.00033911171458178026,-0.00016088828541821986,0.25,fmom:rule
2009-01,0.002191338312471821,0.0016913383124718211,0.25,fmom:rule
2009-02,7.326476997991985e-05,-0.00052673523002008,0.30000000000000004,fmom:rule
2009-03,-0.0014588162331203953,-0.0018588162331203955,0.2,fmom:rule
2009-04,0.00025542852457744266,-0.0002695714754225573,0.2625,fmom:rule
2009-05,-0.0015513521313491223,-0.0021013521313491225,0.275,fmom:rule
2009-06,0.005114284338615549,0.004664284338615549,0.225,fmom:rule
2009-07,0.0033081321181058733,0.0027831321181058734,0.2625,fmom:rule
2009-08,0.0002614336230430649,-0.00011356637695693513,0.18750000000000003,fmom:rule
2009-09,0.0026823427098207984,0.002182342709820798,0.25,fmom:rule
2009-10,0.002208619091911014,0.0015586190919110142,0.325,fmom:rule
2009-11,0.007653637003312773,0.007203637003312773,0.22500000000000003,fmom:rule
2009-12,0.0016793900392207929,0.0012793900392207925,0.2,fmom:rule
2010-01,5.897531257366771e-05,-0.0002910246874263324,0.17500000000000002,fmom:rule
2010-02,0.006906988178960242,0.006556988178960242,0.17500000000000002,fmom:rule
2010-03,0.002761363485229234,0.002186363485229234,0.28750000000000003,fmom:rule
2010-04,0.004275684274282522,0.003875684274282522,0.2,fmom:rule
2010-05,0.00194027597280077,0.00164027597280077,0.15,fmom:rule
2010-06,0.0002813850985643768,-4.361490143562296e-05,0.16250000000000003,fmom:rule
2010-07,7.52054819789518e-05,-0.0003497945180210481,0.21250000000000002,fmom:rule
2010-08,0.0013864845538614221,0.0007614845538614222,0.3125,fmom:rule
2010-09,-0.003553834339112713,-0.003903834339112713,0.17500000000000002,fmom:rule
2010-10,-0.0025017075577221117,-0.0030517075577221114,0.275,fmom:rule
2010-11,0.003539198201346729,0.002964198201346729,0.28750000000000003,fmom:rule
2010-12,0.005228066421345568,0.004653066421345569,0.28750000000000003,fmom:rule
2011-01,0.002752263606180877,0.002277263606180877,0.23750000000000002,fmom:rule
2011-02,-0.0016369988360016192,-0.002211998836001619,0.28750000000000003,fmom:rule
2011-03,0.0033267285969048863,0.0028767285969048865,0.225,fmom:rule
2011-04,0.0048625652813184764,0.0045625652813184765,0.15000000000000002,fmom:rule
2011-05,0.0033891090413695956,0.0029641090413695956,0.21250000000000002,fmom:rule
2011-06,-0.0013884908037468699,-0.0017634908037468696,0.18750000000000003,fmom:rule
2011-07,0.004471381247234604,0.003971381247234605,0.25,fmom:rule
2011-08,0.0042692080176875615,0.0038192080176875616,0.22500000000000003,fmom:rule
2011-09,0.00505241244111256,0.004677412441112559,0.1875,fmom:rule
2011-10,0.00202991987250271,0.0018299198725027102,0.1,fmom:rule
2011-11,0.003744065273928167,0.003194065273928167,0.275,fmom:rule
2011-12,0.001187683397181509,0.0008126833971815087,0.1875,fmom:rule
2012-01,-0.002093338561150174,-0.0025183385611501742,0.21250000000000002,fmom:rule
2012-02,0.005503932549689661,0.005003932549689661,0.25,fmom:rule
2012-03,0.0011504979397806805,0.0006754979397806807,0.23750000000000002,fmom:rule
2012-04,0.0011390140956877698,0.0005890140956877698,0.275,fmom:rule
2012-05,-0.0011312965508229154,-0.0015312965508229156,0.2,fmom:rule
2012-06,0.002231297255125091,0.0016812972551250912,0.275,fmom:rule
2012-07,-0.003184482457262998,-0.0035844824572629982,0.2,fmom:rule
2012-08,0.003572213820866346,0.003172213820866346,0.2,fmom:rule
2012-09,0.001686058753760317,0.001186058753760317,0.25,fmom:rule
2012-10,-0.0004450322736155622,-0.0009700322736155621,0.2625,fmom:rule
2012-11,0.0017701346221158261,0.001170134622115826,0.3,fmom:rule
2012-12,0.0022728715292423362,0.0018978715292423363,0.18750000000000003,fmom:rule
2013-01,0.0022932444369033896,0.0016932444369033896,0.30000000000000004,fmom:rule
2013-02,0.0018207480781905739,0.0013207480781905739,0.25,fmom:rule
2013-03,-0.002374346768202731,-0.0029743467682027307,0.3,fmom:rule
2013-04,-0.0008258358000447458,-0.0013508358000447456,0.2625,fmom:rule
2013-05,0.002350238544940826,0.001825238544940826,0.2625,fmom:rule
2013-06,0.002280220143730411,0.0017802201437304111,0.25,fmom:rule
2013-07,6.568079751518252e-05,-0.00045931920248481735,0.2625,fmom:rule
2013-08,-0.0006379810175142933,-0.001012981017514293,0.1875,fmom:rule
2013-09,0.0004101348542973498,-8.986514570265031e-05,0.25,fmom:rule
2013-10,0.001760980898043821,0.001235980898043821,0.2625,fmom:rule
2013-11,-0.0002848417670450222,-0.0006848417670450224,0.2,fmom:rule
2013-12,6.0182461046114034e-05,-0.0004398175389538862,0.25,fmom:rule
2014-01,0.0016029908238097685,0.0008779908238097686,0.3625,fmom:rule
2014-02,0.0010083484805613163,0.0006333484805613162,0.18750000000000003,fmom:rule
2014-03,0.0033887379925397034,0.0032137379925397036,0.08750000000000001,fmom:rule
2014-04,-0.0033900252100265544,-0.0038900252100265544,0.25,fmom:rule
2014-05,0.0009078233365194317,0.0005078233365194318,0.2,fmom:rule
2014-06,-0.00205914060615145,-0.0026591406061514497,0.30000000000000004,fmom:rule
2014-07,-0.0010942906467777296,-0.0017442906467777296,0.325,fmom:rule
2014-08,0.0041510940498330744,0.003501094049833074,0.325,fmom:rule
2014-09,0.004321991987620267,0.0040719919876202664,0.125,fmom:rule
2014-10,0.0033125655928252272,0.002887565592825227,0.21250000000000002,fmom:rule
2014-11,0.003735405924319201,0.0032104059243192005,0.2625,fmom:rule
2014-12,0.006816491287977151,0.006491491287977151,0.16250000000000003,fmom:rule
2015-01,0.005611387778109466,0.005261387778109467,0.17500000000000002,fmom:rule
2015-02,0.0030812856267757515,0.0028562856267757516,0.1125,fmom:rule
2015-03,-3.961133881668212e-05,-0.0005146113388166824,0.2375,fmom:rule
2015-04,0.0006189381824408814,0.00024393818244088138,0.18750000000000003,fmom:rule
2015-05,0.004621371174146061,0.004196371174146061,0.21250000000000002,fmom:rule
2015-06,0.004840989230666896,0.004490989230666896,0.17500000000000002,fmom:rule
2015-07,0.003229540613619593,0.002804540613619593,0.21250000000000002,fmom:rule
2015-08,-0.0016681035777243657,-0.0018431035777243655,0.08750000000000001,fmom:rule
2015-09,0.0003338675372139085,-1.6132462786091486e-05,0.17500000000000002,fmom:rule
2015-10,0.004252024344920417,0.003827024344920417,0.21250000000000002,fmom:rule
2015-11,-0.0028206899832359973,-0.0034206899832359976,0.30000000000000004,fmom:rule
2015-12,0.0026106670933507157,0.0020606670933507156,0.275,fmom:rule
2016-01,-0.00015581179998321124,-0.0006308117999832112,0.2375,fmom:rule
2016-02,0.0025393502461677395,0.0019643502461677395,0.28750000000000003,fmom:rule
2016-03,0.0006513335298747417,0.00022633352987474163,0.21250000000000002,fmom:rule
2016-04,0.004469098624357722,0.004094098624357723,0.18750000000000003,fmom:rule
2016-05,0.001400286127142101,0.0009252861271421012,0.23750000000000002,fmom:rule
2016-06,0.00354282258070057,0.0030678225807005697,0.23750000000000002,fmom:rule
2016-07,-0.0011945515834623855,-0.0015695515834623854,0.1875,fmom:rule
2016-08,0.00168077037393639,0.00105577037393639,0.31250000000000006,fmom:rule
2016-09,0.003702858690943986,0.0031528586909439858,0.275,fmom:rule
2016-10,0.0010546308512256108,0.0006296308512256109,0.21250000000000002,fmom:rule
2016-11,0.006433838523471357,0.006083838523471358,0.17500000000000002,fmom:rule
2016-12,0.0015518548877418148,0.001001854887741815,0.275,fmom:rule
2017-01,0.004774969428874934,0.004349969428874934,0.21250000000000002,fmom:rule
2017-02,0.0001019750033851199,-0.0003980249966148801,0.25,fmom:rule
2017-03,0.0010029067495284153,0.00037790674952841536,0.3125,fmom:rule
2017-04,-0.0002803072082044949,-0.0005803072082044948,0.15000000000000002,fmom:rule
2017-05,-0.0002806529265862517,-0.0007306529265862514,0.225,fmom:rule
2017-06,0.0003497874562933388,-0.0002502125437066614,0.30000000000000004,fmom:rule
2017-07,-0.00029502360774073355,-0.0006950236077407334,0.2,fmom:rule
2017-08,-0.00019063974294969508,-0.0007156397429496949,0.2625,fmom:rule
2017-09,0.0006137133693562718,8.871336935627194e-05,0.2625,fmom:rule
2017-10,0.0013972044194196253,0.000872204419419625,0.2625,fmom:rule
2017-11,0.004336959331402404,0.003911959331402404,0.21250000000000002,fmom:rule
2017-12,0.003574920916329118,0.003149920916329118,0.21250000000000002,fmom:rule
2018-01,0.0011827723092952445,0.0007827723092952443,0.2,fmom:rule
2018-02,0.004600361455745407,0.004100361455745407,0.25,fmom:rule
2018-03,0.005756192166135699,0.0052561921661357005,0.25,fmom:rule
2018-04,0.0021752703175608387,0.0017252703175608384,0.22500000000000003,fmom:rule
2018-05,0.005282816253907707,0.004757816253907708,0.2625,fmom:rule
2018-06,0.002707067535565808,0.002182067535565808,0.2625,fmom:rule
2018-07,0.0024230514347209214,0.0019230514347209212,0.25,fmom:rule
2018-08,-0.0013679108980426033,-0.0018679108980426034,0.25,fmom:rule
2018-09,0.0025808138644037213,0.002180813864403721,0.2,fmom:rule
2018-10,0.0011630855073585956,0.0007130855073585956,0.22500000000000003,fmom:rule
2018-11,0.001714335026450259,0.001264335026450259,0.225,fmom:rule
2018-12,-0.00027562334204902524,-0.0007506233420490252,0.23750000000000002,fmom:rule
2019-01,0.0011694604008652028,0.0007444604008652032,0.21250000000000002,fmom:rule
2019-02,0.002283775232123041,0.0018087752321230407,0.2375,fmom:rule
2019-03,-0.0006826583077879301,-0.0011826583077879302,0.25,fmom:rule
2019-04,-0.000676943563631578,-0.0011269435636315779,0.22500000000000003,fmom:rule
2019-05,-0.0023217619044738477,-0.0026967619044738476,0.18750000000000003,fmom:rule
2019-06,0.003772339878885077,0.003247339878885077,0.2625,fmom:rule
2019-07,0.003118032542342792,0.002593032542342792,0.2625,fmom:rule
2019-08,0.003242883942858365,0.0027678839428583652,0.23750000000000002,fmom:rule
2019-09,0.00022824360206025329,-9.675639793974674e-05,0.1625,fmom:rule
2019-10,2.6231114296518796e-05,-0.00044876888570348126,0.23750000000000002,fmom:rule
2019-11,0.0001977034413015687,-0.0002522965586984315,0.225,fmom:rule
2019-12,-0.0005929136242240189,-0.001142913624224019,0.275,fmom:rule
2005-01,0.0011414375080214514,0.0011414375080214514,0.0,gbrt:dm_only
2005-02,0.001403184575195055,0.0003735940848533306,0.5147952451708622,gbrt:dm_only
2005-03,0.010450290053574842,0.00941644883956661,0.5169206070041156,gbrt:dm_only
2005-04,0.006137023318253739,0.005030803225702307,0.5531100462757157,gbrt:dm_only
2005-05,0.0029945766267977154,0.0018445052473128856,0.5750356897424148,gbrt:dm_only
2005-06,-0.002438306029984843,-0.003599710689987921,0.5807023300015389,gbrt:dm_only
2005-07,0.00226594763405387,0.0011383658250562435,0.5637909044988133,gbrt:dm_only
2005-08,0.002846158714789885,0.0019119104540408227,0.467124130374531,gbrt:dm_only
2005-09,0.004666515027461926,0.003679118814372997,0.4936981065444647,gbrt:dm_only
2005-10,0.003263158054634893,0.002331591527384101,0.4657832636253961,gbrt:dm_only
2005-11,0.0014993132415185417,0.0005246096184831151,0.48735181151771306,gbrt:dm_only
2005-12,0.0052232584696385,0.004104645210696464,0.5593066294710181,gbrt:dm_only
2006-01,0.007636296760016401,0.006526081987367791,0.5551073863243047,gbrt:dm_only
2006-02,0.004337877036967579,0.003170617318092716,0.5836298594374315,gbrt:dm_only
2006-03,0.0007119955252697305,-0.0003285680895258981,0.5202818073978144,gbrt:dm_only
2006-04,0.006814821799860432,0.005835409280318613,0.4897062597709093,gbrt:dm_only
2006-05,0.0036782754431594336,0.0026712911409039913,0.503492151127721,gbrt:dm_only
2006-06,0.0013342206933498854,0.00017309959811479588,0.5805605476175447,gbrt:dm_only
2006-07,0.0033175527995037727,0.002322929303702145,0.49731174790081384,gbrt:dm_only
2006-08,0.0066804307396463505,0.005807436965280923,0.4364968871827133,gbrt:dm_only
2006-09,0.005671624553562631,0.004713941988858248,0.4788412823521913,gbrt:dm_only
2006-10,0.0021612177862518323,0.0012516549413164287,0.45478142246770176,gbrt:dm_only
2006-11,-0.003151134971472547,-0.004053112409296907,0.4509887189121801,gbrt:dm_only
2006-12,0.008244041562763735,0.007299454971810019,0.4722932954768574,gbrt:dm_only
2007-01,0.004044459701875841,0.002950008957949754,0.5472253719630435,gbrt:dm_only
2007-02,0.0025992704826332197,0.0017800790614934542,0.40959571056988264,gbrt:dm_only
2007-03,0.0054759708474373765,0.0045681380255531215,0.4539164109421274,gbrt:dm_only
2007-04,0.004509721493133521,0.003591536746629689,0.4590923732519165,gbrt:dm_only
2007-05,0.003715960255307885,0.0026613767278200434,0.5272917637439207,gbrt:dm_only
2007-06,0.00210754465117732,0.0011948014220241974,0.456371614576561,gbrt:dm_only
2007-07,0.006609209705942426,0.005684558877910919,0.46232541401575333,gbrt:dm_only
2007-08,0.0006720323647217369,-0.0002479427474525687,0.4599875560871528,gbrt:dm_only
2007-09,0.008059528682622896,0.007178370185590052,0.44057924851642205,gbrt:dm_only
2007-10,0.0024756573930365764,0.0015998774294744827,0.437889981781047,gbrt:dm_only
2007-11,0.009486056859594008,0.008565452738992658,0.46030206030067533,gbrt:dm_only
2007-12,0.004764148320726673,0.0037185913733661304,0.5227784736802714,gbrt:dm_only
2008-01,0.001611856158296193,0.0005653557528368602,0.5232502027296663,gbrt:dm_only
2008-02,0.0033775612099662404,0.0023902340175587476,0.4936635962037465,gbrt:dm_only
2008-03,0.0020516885340436226,0.0009744050441151501,0.5386417449642361,gbrt:dm_only
2008-04,0.005977948758873175,0.004986624914569187,0.4956619221519938,gbrt:dm_only
2008-05,0.006201563735835209,0.005078548946593112,0.5615073946210485,gbrt:dm_only
2008-06,0.00424066546473817,0.0030215160839313117,0.6095746904034289,gbrt:dm_only
2008-07,0.005720780213812974,0.00466883463001099,0.5259727919009923,gbrt:dm_only
2008-08,0.0011664907911383211,0.00028535150716737026,0.4405696419854753,gbrt:dm_only
2008-09,0.0008456325975705008,-7.280447789436835e-05,0.4592185377324348,gbrt:dm_only
2008-10,0.006444004333613047,0.005575497279450587,0.43425352708122966,gbrt:dm_only
2008-11,0.0010821239577195846,0.00020037091650736225,0.4408765206061114,gbrt:dm_only
2008-12,0.0033910885070705535,0.0026075826320910546,0.39175293748974965,gbrt:dm_only
2009-01,0.003862807083647414,0.0029831948884359093,0.4398060976057523,gbrt:dm_only
2009-02,-0.0001043064060999388,-0.0008176312299019209,0.35666241190099107,gbrt:dm_only
2009-03,0.005151375004856707,0.0042345508212546365,0.45841209180103504,gbrt:dm_only
2009-04,0.001171513474905955,9.095017461400144e-05,0.5402816501459767,gbrt:dm_only
2009-05,0.0022904827029405603,0.0013048933692155224,0.49279466686251905,gbrt:dm_only
2009-06,0.004350565499735636,0.0033751094180860188,0.4877280408248086,gbrt:dm_only
2009-07,0.002630260197518951,0.0017555538221006484,0.4373531877091515,gbrt:dm_only
2009-08,0.006433362889430754,0.005607499415985371,0.41293173672269123,gbrt:dm_only
2009-09,0.0018554091186819912,0.0009578825695675427,0.4487632745572243,gbrt:dm_only
2009-10,0.004886433351837312,0.004086068867333744,0.4001822422517841,gbrt:dm_only
2009-11,0.001064614021366591,0.00021673369183517757,0.4239401647657068,gbrt:dm_only
2009-12,0.004138916968735714,0.003168194645578118,0.4853611615787981,gbrt:dm_only
2010-01,0.007755254873025584,0.006667917277780469,0.5436687976225567,gbrt:dm_only
2010-02,0.0002127678455634481,-0.0008830062545697887,0.5478870500666185,gbrt:dm_only
2010-03,0.0013057224704661917,0.00026170669349059086,0.5220078884878006,gbrt:dm_only
2010-04,0.00787443606831599,0.006957167612617438,0.4586342278492765,gbrt:dm_only
2010-05,-0.0012823489696398129,-0.0022996510065012607,0.5086510184307238,gbrt:dm_only
2010-06,-0.0014067831241835573,-0.0022096271502726125,0.4014220130445278,gbrt:dm_only
2010-07,0.00149752287641189,0.0005653288470718096,0.4660970146700403,gbrt:dm_only
2010-08,0.0011661459014930561,0.0001895511646512664,0.48829736842089466,gbrt:dm_only
2010-09,0.001586460774081577,0.00067353427347903,0.45646325030127366,gbrt:dm_only
2010-10,0.0007929093773774381,-0.00013304794650390554,0.462978661940672,gbrt:dm_only
2010-11,0.0044471678823564875,0.0035334465145864117,0.45686068388503787,gbrt:dm_only
2010-12,0.0033355704918958183,0.00253043180246046,0.40256934471767886,gbrt:dm_only
2011-01,0.009680931985799193,0.008928089593798157,0.3764211960005182,gbrt:dm_only
2011-02,0.00020774039306985866,-0.0004110441665098204,0.3093922797898393,gbrt:dm_only
2011-03,0.006181376979397102,0.0055625924282450495,0.3093922755760262,gbrt:dm_only
2011-04,0.009209950092441688,0.008449800732336213,0.3800746800527382,gbrt:dm_only
2011-05,0.003899693408959963,0.0031083254467032433,0.39568398112835984,gbrt:dm_only
2011-06,-0.0011515824503240929,-0.0018902922193128496,0.36935488449437825,gbrt:dm_only
2011-07,0.005383138216151552,0.004671640440534474,0.3557488878085394,gbrt:dm_only
2011-08,0.005714642924296068,0.004985775081753982,0.36443392127104307,gbrt:dm_only
2011-09,0.004162600503658657,0.003468206414775392,0.3471970444416325,gbrt:dm_only
2011-10,0.005576424780829852,0.004844091792719779,0.366166494055037,gbrt:dm_only
2011-11,0.006623181436238356,0.005958710399474582,0.33223551838188714,gbrt:dm_only
2011-12,0.0010053842469309815,0.00016285006205589057,0.4212670924375454,gbrt:dm_only
2012-01,0.0026095353792349374,0.0018346371904464328,0.3874490943942522,gbrt:dm_only
2012-02,0.005336528748720306,0.00454599126262031,0.39526874304999815,gbrt:dm_only
2012-03,0.0028663641575728356,0.0021675349597976234,0.34941459888760606,gbrt:dm_only
2012-04,0.004402085578655693,0.0036921218868018347,0.3549818459269288,gbrt:dm_only
2012-05,0.00013557967610042292,-0.0005484141046043698,0.34199689035239633,gbrt:dm_only
2012-06,0.004309885212717623,0.0036256599605228377,0.34211262609739285,gbrt:dm_only
2012-07,-0.007460170014168303,-0.008274877116167853,0.40735355099977505,gbrt:dm_only
2012-08,0.0047478953038989245,0.004063497762328308,0.3421987707853088,gbrt:dm_only
2012-09,0.002301514134246675,0.001581780502305014,0.3598668159708307,gbrt:dm_only
2012-10,0.003395930978691715,0.0026640221173785737,0.36595443065657074,gbrt:dm_only
2012-11,0.006921637168004668,0.006268315049025294,0.3266610594896868,gbrt:dm_only
2012-12,0.0016475227262457036,0.0009390299369618632,0.3542463946419202,gbrt:dm_only
2013-01,0.004310447994478726,0.0036807232648258387,0.3148623648264436,gbrt:dm_only
2013-02,0.0033518936394139926,0.0026488525933497423,0.3515205230321251,gbrt:dm_only
2013-03,0.0033520294877608433,0.002577077168251213,0.3874761597548152,gbrt:dm_only
2013-04,-0.004287315085856097,-0.005041230651883838,0.37695778301387056,gbrt:dm_only
2013-05,0.006059055093495009,0.005319463055978674,0.3697960187581678,gbrt:dm_only
2013-06,0.004804608480761166,0.004074586587954617,0.3650109464032745,gbrt:dm_only
2013-07,-0.007333738740506907,-0.008139397435353956,0.4028293474235249,gbrt:dm_only
2013-08,0.0016682245975521628,0.0009038771037446335,0.3821737469037646,gbrt:dm_only
2013-09,0.0025576031604369423,0.0018569424333446452,0.3503303635461486,gbrt:dm_only
2013-10,0.0007863618221170812,0.00013874207601729084,0.3238098730498951,gbrt:dm_only
2013-11,0.0008935646266013699,6.454542756239125e-05,0.4145095995194893,gbrt:dm_only
2013-12,0.004540791541834343,0.0037740832163999554,0.38335416271719375,gbrt:dm_only
2014-01,0.005186512689772981,0.004470482495092446,0.35801509734026776,gbrt:dm_only
2014-02,0.004210576605270306,0.003447363945100727,0.3816063300847896,gbrt:dm_only
2014-03,0.0035754833094047943,0.0028370275534316527,0.3692278779865709,gbrt:dm_only
2014-04,0.0030508940559498877,0.0023015351168859948,0.3746794695319463,gbrt:dm_only
2014-05,0.007127754003463682,0.006335724364125752,0.39601481966896457,gbrt:dm_only
2014-06,0.004582632561717212,0.00385383016494263,0.36440119838729135,gbrt:dm_only
2014-07,0.0006305809986600357,-0.00010315639942046212,0.36686869904024877,gbrt:dm_only
2014-08,0.0033574789865412217,0.002608826433994725,0.3743262762732484,gbrt:dm_only
2014-09,0.009507504512316325,0.008863470334653843,0.3220170888312408,gbrt:dm_only
2014-10,0.0041963344314984025,0.0034263277031440493,0.3850033641771769,gbrt:dm_only
2014-11,0.004173818930657287,0.0034120752322663343,0.380871849195476,gbrt:dm_only
2014-12,0.009420012337108577,0.008664649279412576,0.3776815288480002,gbrt:dm_only
2015-01,0.006246488631164078,0.005576657584135092,0.3349155235144928,gbrt:dm_only
2015-02,0.005430071619201099,0.004597523174519812,0.41627422234064376,gbrt:dm_only
2015-03,0.006271327536955346,0.005509791212809296,0.3807681620730245,gbrt:dm_only
2015-04,0.007200770825990271,0.0064765112073131605,0.3621298093385554,gbrt:dm_only
2015-05,0.005858149938488341,0.005024266579134864,0.4169416796767384,gbrt:dm_only
2015-06,0.005844496533822532,0.005126341512834853,0.3590775104938393,gbrt:dm_only
2015-07,0.003189106116352516,0.0023240508866106567,0.43252761487092967,gbrt:dm_only
2015-08,0.0001721436802794821,-0.00042350596365521174,0.29782482196734683,gbrt:dm_only
2015-09,0.0013416303702426839,0.0004970619747467094,0.4222841977479873,gbrt:dm_only
2015-10,0.010160662194037978,0.009416743089647543,0.3719595521952171,gbrt:dm_only
2015-11,-0.0011825120945076993,-0.0019489608486308874,0.3832243770615941,gbrt:dm_only
2015-12,0.0023672652495575403,0.0015847575975460227,0.391253826005759,gbrt:dm_only
2016-01,0.007212106886352023,0.006460344142600608,0.3758813718757076,gbrt:dm_only
2016-02,0.0061607646635066975,0.005330382984189153,0.4151908396587724,gbrt:dm_only
2016-03,0.009352503520106942,0.008702200314331577,0.3251516028876821,gbrt:dm_only
2016-04,0.00962882101412957,0.008976397188390406,0.3262119128695818,gbrt:dm_only
2016-05,0.0027670828299551234,0.0020865239716960126,0.3402794291295554,gbrt:dm_only
2016-06,-2.9434274241191662e-05,-0.0006753885078103485,0.3229771167845784,gbrt:dm_only
2016-07,0.0037340327134428703,0.003109357711823888,0.3123375008094913,gbrt:dm_only
2016-08,0.005939157344841375,0.005398444705339912,0.2703563197507312,gbrt:dm_only
2016-09,0.004665706836579946,0.0040320671059387745,0.31681986532058604,gbrt:dm_only
2016-10,0.004623628623758151,0.00399505645419863,0.3142860847797606,gbrt:dm_only
2016-11,0.005429486886593629,0.0048282818840922745,0.3006025012506771,gbrt:dm_only
2016-12,0.0037395338175292203,0.003101938649545912,0.31879758399165403,gbrt:dm_only
2017-01,0.012196452058948447,0.01147442355036253,0.36101425429295775,gbrt:dm_only
2017-02,0.006158922645667341,0.005531562404585098,0.3136801205411205,gbrt:dm_only
2017-03,0.002382300415896768,0.0017917710839238275,0.2952646659864702,gbrt:dm_only
2017-04,0.0045201779785227665,0.0038972995966686606,0.31143919092705274,gbrt:dm_only
2017-05,0.0032147660730924123,0.002630679366657317,0.2920433532175478,gbrt:dm_only
2017-06,0.0004124818651359014,-0.00024546475009992643,0.3289733076179139,gbrt:dm_only
2017-07,0.0032823678055689124,0.002651342971474917,0.3155124170469979,gbrt:dm_only
2017-08,0.002303911094476309,0.0017168753463492194,0.29351787406354474,gbrt:dm_only
2017-09,0.004860160445787419,0.004332415042468899,0.2638727016592599,gbrt:dm_only
2017-10,0.00502388598266248,0.0044609970431520015,0.2814444697552389,gbrt:dm_only
2017-11,0.007523720787654821,0.006923428547446364,0.30014612010422836,gbrt:dm_only
2017-12,0.009036461694803566,0.008355106398972497,0.3406776479155348,gbrt:dm_only
2018-01,0.005857749937027092,0.005256611037123069,0.3005694499520115,gbrt:dm_only
2018-02,0.012269052871969471,0.01154113543434179,0.36395871881384034,gbrt:dm_only
2018-03,0.010545913597723361,0.009957839271305184,0.29403716320908774,gbrt:dm_only
2018-04,0.002618754195361182,0.0019934402552679088,0.3126569700466366,gbrt:dm_only
2018-05,0.006907038937597427,0.006298728437592168,0.3041552500026293,gbrt:dm_only
2018-06,0.008951865932389096,0.008365216631638894,0.2933246503751004,gbrt:dm_only
2018-07,0.00013640088275329912,-0.0003984617579343554,0.26743132034382744,gbrt:dm_only
2018-08,0.0033872268496860864,0.002803733036242541,0.2917469067217726,gbrt:dm_only
2018-09,0.004775240286764765,0.004150342158315253,0.3124490642247559,gbrt:dm_only
2018-10,0.002672831542183207,0.0020618860160530133,0.30547276306509674,gbrt:dm_only
2018-11,0.0008478908453301758,0.00020008787254641343,0.3239014863918813,gbrt:dm_only
2018-12,-0.0003831273982046122,-0.001037634134893641,0.32725336834451424,gbrt:dm_only
2019-01,0.004666615784782314,0.004155448117157202,0.2555838338125558,gbrt:dm_only
2019-02,0.0027910312921489047,0.0021800114489874773,0.3055099215807138,gbrt:dm_only
2019-03,0.00040913092288954225,-0.0001845685227489739,0.296849722819258,gbrt:dm_only
2019-04,0.002583631762573548,0.0020180743811197424,0.28277869072690276,gbrt:dm_only
2019-05,0.0021754073474685473,0.001611363396746652,0.2820219753609475,gbrt:dm_only
2019-06,0.005243089289125328,0.004578202135893212,0.3324435766160585,gbrt:dm_only
2019-07,0.006683434155999882,0.006087471288655761,0.2979814336720601,gbrt:dm_only
2019-08,0.00433179924208521,0.0036692278673343508,0.3312856873754296,gbrt:dm_only
2019-09,0.008962339620398057,0.008340302472108293,0.31101857414488165,gbrt:dm_only
2019-10,0.006966881084192514,0.0063646989543893525,0.30109106490158105,gbrt:dm_only
2019-11,0.008846785700572719,0.0083216051692217,0.2625902656755088,gbrt:dm_only
2019-12,0.0014041572712345887,0.0008885179794181304,0.2578196459082291,gbrt:dm_only
2005-01,0.0014318920585417278,0.0014318920585417278,0.0,gbrt:own
2005-02,0.00014466670592387263,-0.0009230760190335327,0.5338713624787026,gbrt:own
2005-03,0.009234223635587051,0.008206465188999285,0.5138792232938834,gbrt:own
2005-04,0.005742524603134137,0.004754092045221618,0.49421627895625964,gbrt:own
2005-05,0.003865721324734473,0.002888532687133723,0.48859431880037524,gbrt:own
2005-06,0.0005030447478026742,-0.0006542016308013579,0.578623189302016,gbrt:own
2005-07,0.0030787236191093725,0.0017992989460522972,0.6397123365285378,gbrt:own
2005-08,0.004737422933201155,0.0035196244898358167,0.6088992216826691,gbrt:own
2005-09,0.0049539163234690745,0.003927934356794708,0.5129909833371833,gbrt:own
2005-10,0.0011019711524474607,-0.00010149774857883028,0.6017344505131454,gbrt:own
2005-11,0.0037054787024284465,0.0025481705567677896,0.5786540728303281,gbrt:own
2005-12,0.003967326004310568,0.002906999197697792,0.5301634033063878,gbrt:own
2006-01,0.004568127722419995,0.003561483346541971,0.5033221879390118,gbrt:own
2006-02,0.004574803733852975,0.0037302228539172525,0.42229043996786103,gbrt:own
2006-03,0.0008135045472781606,-0.00024285193518060527,0.528178241229383,gbrt:own
2006-04,0.005405345040910777,0.004459766126462293,0.4727894572242417,gbrt:own
2006-05,0.007951388434654613,0.007061614157522961,0.4448871385658263,gbrt:own
2006-06,0.004193226767046604,0.003259619388944657,0.4668036890509735,gbrt:own
2006-07,0.0027356606814484268,0.0018681494812254583,0.4337556001114843,gbrt:own
2006-08,0.005595525363415599,0.0046779767646070985,0.45877429940425035,gbrt:own
2006-09,0.008298829946893791,0.007260259158675368,0.5192853941092122,gbrt:own
2006-10,0.0031485040471280062,0.002273815935716495,0.4373440557057558,gbrt:own
2006-11,-0.0015033025875865055,-0.0024207019330382933,0.45869967272589396,gbrt:own
2006-12,0.007287792859176152,0.0062784180157095405,0.504687421733305,gbrt:own
2007-01,0.0027689201965404027,0.001835935942661889,0.4664921269392568,gbrt:own
2007-02,0.00012878241028277008,-0.0007742257903312658,0.45150410030701793,gbrt:own
2007-03,0.00916819015415764,0.008245916950213986,0.4611366019718264,gbrt:own
2007-04,0.006579812498133768,0.005812654552840906,0.38357897264643037,gbrt:own
2007-05,0.002465083070191165,0.001749400312397926,0.3578413788966193,gbrt:own
2007-06,0.0020642139537072534,0.0012065190266327011,0.42884746353727593,gbrt:own
2007-07,0.004165688703488244,0.003305811085558249,0.42993880896499737,gbrt:own
2007-08,0.0021267014396683915,0.0012060537721651997,0.46032383375159563,gbrt:own
2007-09,0.008949940232564466,0.008070303672413749,0.4398182800753585,gbrt:own
2007-10,-0.0006255064267890963,-0.0014805757191762412,0.4275346461935725,gbrt:own
2007-11,0.008218692024717344,0.007351541607933188,0.433575208392078,gbrt:own
2007-12,0.005880628655493082,0.005013403933003169,0.43361236124495617,gbrt:own
2008-01,0.002463854662328132,0.0015518413719526928,0.4560066451877197,gbrt:own
2008-02,0.004585314996148328,0.0038119642777323898,0.3866753592079691,gbrt:own
2008-03,0.002282311878527593,0.001274946791581711,0.5036825434729411,gbrt:own
2008-04,0.00789592139816785,0.006775079956743824,0.5604207207120129,gbrt:own
2008-05,0.010126573115933579,0.009016490891676015,0.5550411121287815,gbrt:own
2008-06,0.002652382143733879,0.0017017461274052613,0.47531800816430875,gbrt:own
2008-07,0.005299338218409473,0.004124126487930192,0.5876058652396408,gbrt:own
2008-08,0.00038672327917100625,-0.0005851042405012664,0.4859137598361364,gbrt:own
2008-09,0.0020299794978062297,0.0009793882910620639,0.525295603372083,gbrt:own
2008-10,0.00564409806163914,0.004576390168710408,0.533853946464366,gbrt:own
2008-11,0.0014251212086386607,0.0005270671784209857,0.44902701510883763,gbrt:own
2008-12,0.003149682130920371,0.002144507474150108,0.5025873283851313,gbrt:own
2009-01,0.005908842083291499,0.004906520410282491,0.5011608365045035,gbrt:own
2009-02,0.0033836107239852663,0.0025698267551707114,0.4068919844072775,gbrt:own
2009-03,0.007340058687691695,0.006570732907321758,0.38466289018496846,gbrt:own
2009-04,0.002549563706501304,0.001599750408027811,0.4749066492367466,gbrt:own
2009-05,-0.00042876729400994794,-0.0012595326256916763,0.4153826658408642,gbrt:own
2009-06,0.0034951711799408418,0.0026651487026115002,0.41501123866467077,gbrt:own
2009-07,0.0026871431305784364,0.00189078971070961,0.398176709934413,gbrt:own
2009-08,0.007859461814953169,0.007031127496421236,0.41416715926596637,gbrt:own
2009-09,0.0023081480074536695,0.0014197531072742667,0.44419745008970146,gbrt:own
2009-10,0.00477451941561559,0.003984058896582648,0.395230259516471,gbrt:own
2009-11,0.0030620335003983877,0.002211569153462466,0.4252321734679614,gbrt:own
2009-12,0.0033495139811423654,0.0026201021509649923,0.36470591508868644,gbrt:own
2010-01,0.008121937041232445,0.007250648026541009,0.4356445073457176,gbrt:own
2010-02,0.0021798612603524726,0.001361948722971969,0.4089562686902518,gbrt:own
2010-03,0.0028798848702360825,0.0018842693642903683,0.49780775297285706,gbrt:own
2010-04,0.008614245374822537,0.00771365777108707,0.45029380186773366,gbrt:own
2010-05,0.0013573508882371303,0.0003285143751738985,0.514418256531616,gbrt:own
2010-06,-0.0020645627184417295,-0.003175142940927681,0.5552901112429759,gbrt:own
2010-07,0.0017743189410638401,0.0008371256518335693,0.4685966446151354,gbrt:own
2010-08,0.0016232551867529838,0.0007102585884788404,0.4564982991370718,gbrt:own
2010-09,-0.0009325013027738161,-0.0017965586336928,0.43202866545949203,gbrt:own
2010-10,0.0021737677372719727,0.0011439433184227753,0.5149122094245985,gbrt:own
2010-11,0.006130766391466741,0.005058379012170389,0.5361936896481759,gbrt:own
2010-12,0.003538395056699552,0.00248258008500822,0.5279074858456658,gbrt:own
2011-01,0.008865358778113832,0.008101588052135948,0.38188536298894227,gbrt:own
2011-02,0.0020167112445595016,0.0011919872833764545,0.4123619805915234,gbrt:own
2011-03,0.006152239940417921,0.005287008174573925,0.4326158829219977,gbrt:own
2011-04,0.008954151877419393,0.008064760411107456,0.44469573315596855,gbrt:own
2011-05,0.0038687584833108895,0.002894777709738918,0.4869903867859857,gbrt:own
2011-06,-0.0005068175050867834,-0.001322774751215308,0.40797862306426264,gbrt:own
2011-07,0.005060443570245286,0.004218672417580586,0.4208855763323497,gbrt:own
2011-08,0.00343181829779642,0.0024755139130124503,0.4781521923919849,gbrt:own
2011-09,0.0034682783160036703,0.002675248648176621,0.39651483391352454,gbrt:own
2011-10,0.005573317832811257,0.004707759245930027,0.43277929344061516,gbrt:own
2011-11,0.006578804276281883,0.005671494948989973,0.4536546636459549,gbrt:own
2011-12,0.0021475336679548937,0.0012556913348560146,0.44592116654943953,gbrt:own
2012-01,0.003776669668093596,0.0029117977592594893,0.4324359544170533,gbrt:own
2012-02,0.005800314947392722,0.004977627293043136,0.4113438271747933,gbrt:own
2012-03,0.0026377549498022004,0.001981116603361914,0.32831917322014326,gbrt:own
2012-04,0.0033673253551183375,0.002660085444096617,0.35361995551086006,gbrt:own
2012-05,0.0030518265202553914,0.0022602877195009525,0.3957694003772197,gbrt:own
2012-06,0.0033201644660381434,0.0023894344820265395,0.4653649920058017,gbrt:own
2012-07,-0.0069584627456998,-0.00795535969662957,0.49844847546488497,gbrt:own
2012-08,0.006243292806124906,0.005292705941926367,0.47529343209926955,gbrt:own
2012-09,0.0034343106568311024,0.0025025346658323834,0.46588799549935944,gbrt:own
2012-10,0.0028637492960656066,0.0020962854477127074,0.3837319241764494,gbrt:own
2012-11,0.006897426514020177,0.006143278054780319,0.37707422961992915,gbrt:own
2012-12,0.001348051679295088,0.0005481891173520763,0.3999312809715057,gbrt:own
2013-01,0.0032868721900506286,0.0023095847446045286,0.48864372272304984,gbrt:own
2013-02,0.004521106212305937,0.0036675928328304885,0.4267566897377242,gbrt:own
2013-03,0.0025076710413333247,0.0016475082685500364,0.4300813863916442,gbrt:own
2013-04,-0.0024211045019599587,-0.003409504762924069,0.494200130482055,gbrt:own
2013-05,0.0065152028146933175,0.005586784932057356,0.464208941317981,gbrt:own
2013-06,0.007776911997759836,0.0067683655745399505,0.5042732116099425,gbrt:own
2013-07,-0.006747832826752419,-0.007670830071657651,0.46149862245261614,gbrt:own
2013-08,0.0009861794693818329,4.4017352293749005e-05,0.4710810585440418,gbrt:own
2013-09,0.0015982675809198062,0.0006878688775218958,0.45519935169895515,gbrt:own
2013-10,0.002188713534425536,0.0013847136526507476,0.4019999408873942,gbrt:own
2013-11,0.003863304810090065,0.002944441350515083,0.4594317297874909,gbrt:own
2013-12,0.0039043701901499183,0.0029337829863256273,0.48529360191214566,gbrt:own
2014-01,0.005201390851342054,0.00414376511187394,0.5288128697340574,gbrt:own
2014-02,0.005330791386840562,0.004286439001290258,0.5221761927751518,gbrt:own
2014-03,0.0038656055289655214,0.0029294842745322906,0.46806062721661545,gbrt:own
2014-04,0.0051853616483006106,0.004314152192286194,0.4356047280072082,gbrt:own
2014-05,0.009351844907451097,0.0086410058228711,0.3554195422899993,gbrt:own
2014-06,0.004999248401173119,0.004232941396375707,0.3831535023987058,gbrt:own
2014-07,0.002031824078823409,0.0012169468534386596,0.4074386126923746,gbrt:own
2014-08,0.003411643632108442,0.0025425433639729303,0.4345501340677557,gbrt:own
2014-09,0.010812634259466849,0.009960853378900101,0.42589044028337386,gbrt:own
2014-10,0.0029829544152897547,0.0021817092628271333,0.4006225762313107,gbrt:own
2014-11,0.006242984722960949,0.00548171561043827,0.3806345562613397,gbrt:own
2014-12,0.008818284678104669,0.008060002903359443,0.37914088737261376,gbrt:own
2015-01,0.005391134425945247,0.004529641507994023,0.4307464589756118,gbrt:own
2015-02,0.0083458406339397,0.007480454860634202,0.4326928866527484,gbrt:own
2015-03,0.004817053963895134,0.004071877213784645,0.3725883750552439,gbrt:own
2015-04,0.006657075108051604,0.0057728437381347145,0.44211568495844505,gbrt:own
2015-05,0.0071149815667664856,0.006296878154792591,0.40905170598694734,gbrt:own
2015-06,0.004109728232967562,0.0032378621897426532,0.43593302161245434,gbrt:own
2015-07,0.004434088020549382,0.0036527277269559986,0.3906801467966916,gbrt:own
2015-08,-0.0001838714013415975,-0.0009411446390982278,0.378636618878315,gbrt:own
2015-09,0.002286450778819037,0.001547548375399328,0.36945120170985435,gbrt:own
2015-10,0.007511327496422872,0.006695011734919543,0.40815788075166504,gbrt:own
2015-11,0.0014660996988367977,0.0007182620148576827,0.3739188419895575,gbrt:own
2015-12,0.000712460331373347,-0.0001959478547559942,0.45420409306467047,gbrt:own
2016-01,0.009871973251241574,0.008986062071501696,0.44295558986993866,gbrt:own
2016-02,0.005685022962467323,0.004975489712542041,0.35476662496264144,gbrt:own
2016-03,0.008781741244481864,0.007995156515307255,0.3932923645873053,gbrt:own
2016-04,0.00965732136260906,0.009016441977921093,0.3204396923439836,gbrt:own
2016-05,0.0036036071563178493,0.0029657755152639903,0.31891582052692946,gbrt:own
2016-06,0.0009342840642414868,0.0002654044020809173,0.3344398310802848,gbrt:own
2016-07,0.004767825361818118,0.004095680905198223,0.3360722283099476,gbrt:own
2016-08,0.006214553568849473,0.005491206816529996,0.3616733761597382,gbrt:own
2016-09,0.006107786926357323,0.005373118118282888,0.367334404037217,gbrt:own
2016-10,0.0037317800182597345,0.003131738879022664,0.30002056961853524,gbrt:own
2016-11,0.005499561093105295,0.004807540959140058,0.3460100669826186,gbrt:own
2016-12,0.0060158335204507415,0.00524975007998659,0.3830417202320755,gbrt:own
2017-01,0.010520184116950743,0.009779632928384928,0.37027559428290774,gbrt:own
2017-02,0.004996604926543482,0.004280431732847453,0.35808659684801436,gbrt:own
2017-03,0.004425715429998563,0.003669837787177543,0.3779388214105098,gbrt:own
2017-04,0.005049806532001599,0.004453780101908063,0.2980132150467678,gbrt:own
2017-05,0.002507844007636706,0.0018773784899294903,0.3152327588536077,gbrt:own
2017-06,0.002459005585716977,0.0018226607173171384,0.3181724341999189,gbrt:own
2017-07,0.0020075573507665236,0.0014032329806203077,0.3021621850731079,gbrt:own
2017-08,0.00013425944713104428,-0.0006298342288903252,0.38204683801068473,gbrt:own
2017-09,0.008612826544866335,0.00779855453370747,0.4071360055794323,gbrt:own
2017-10,0.0039652241844369855,0.0033524638177463185,0.3063801833453337,gbrt:own
2017-11,0.007269877954566567,0.006423940854229887,0.42296855016834023,gbrt:own
2017-12,0.008925432780798211,0.008120813694951072,0.40230954292356963,gbrt:own
2018-01,0.004804814479408174,0.00404186271886637,0.3814758802709017,gbrt:own
2018-02,0.009476049376440148,0.008705115383382148,0.385466996529,gbrt:own
2018-03,0.007844851488495841,0.007106027647580183,0.36941192045782867,gbrt:own
2018-04,0.0013055783517217597,0.0006305497279435008,0.3375143118891295,gbrt:own
2018-05,0.008330086972849612,0.00748274424280401,0.4236713650228014,gbrt:own
2018-06,0.009362586466104321,0.008654290147490898,0.3541481593067113,gbrt:own
2018-07,0.0001285556377781451,-0.0005173556752808378,0.3229556565294916,gbrt:own
2018-08,0.004150477364341033,0.0035833814556125066,0.2835479543642627,gbrt:own
2018-09,0.00553336984236349,0.004895749875293767,0.31880998353486184,gbrt:own
2018-10,0.0018771539078631997,0.0011951745783713467,0.3409896647459264,gbrt:own
2018-11,0.002147883552308273,0.0014110993090455353,0.3683921216313688,gbrt:own
2018-12,0.0002613826600143316,-0.0004506901421736367,0.3560364010939842,gbrt:own
2019-01,0.00541942163654108,0.004730490923924204,0.34446535630843766,gbrt:own
2019-02,0.004433023409591079,0.003814951471714122,0.3090359689384785,gbrt:own
2019-03,-0.0004484535520728692,-0.0011498938714013585,0.35072015966424475,gbrt:own
2019-04,0.0012364365283098965,0.0004261895350024816,0.4051234966537075,gbrt:own
2019-05,0.0011627228517079996,0.0004485582802219523,0.3570822857430236,gbrt:own
2019-06,0.006419373041551887,0.005836071349468619,0.29165084604163405,gbrt:own
2019-07,0.006873231423615998,0.006263337783366851,0.3049468201245734,gbrt:own
2019-08,0.003650937440402019,0.0030621669403143093,0.2943852500438551,gbrt:own
2019-09,0.007445551622110201,0.006615907144137438,0.41482223898638115,gbrt:own
2019-10,0.005477165070908138,0.004746479759254624,0.3653426558267564,gbrt:own
2019-11,0.0089562810488295,0.008250063876470124,0.3531085861796876,gbrt:own
2019-12,0.0039654466847805145,0.0032276733900454845,0.36888664736751486,gbrt:own
2005-01,0.0014537396867577886,0.0014537396867577886,0.0,gbrt:pooled
2005-02,0.0014584236035700832,0.0005616884782548269,0.4483675626576283,gbrt:pooled
2005-03,0.009400037396769615,0.00855506240056507,0.4224874981022728,gbrt:pooled
2005-04,0.004711819394327275,0.003860974179186952,0.4254226075701614,gbrt:pooled
2005-05,0.0034575394427596028,0.002565959080300204,0.4457901812296995,gbrt:pooled
2005-06,-0.0016312262557923061,-0.0025241049215702182,0.44643933288895604,gbrt:pooled
2005-07,0.002447758128687037,0.0015774482890339042,0.4351549198265663,gbrt:pooled
2005-08,0.002853375043049802,0.0019687499407525975,0.4423125511486023,gbrt:pooled
2005-09,0.004827499041994437,0.00400667670802791,0.4104111669832633,gbrt:pooled
2005-10,0.0025038452470199607,0.00163143984425492,0.43620270138252026,gbrt:pooled
2005-11,0.0006607752943395355,-0.00017062044592062726,0.4156978701300815,gbrt:pooled
2005-12,0.0038016646831680375,0.0029017671592064,0.4499487619808188,gbrt:pooled
2006-01,0.006209939021926044,0.005321159859494351,0.44438958121584604,gbrt:pooled
2006-02,0.0043837859207768925,0.003653984890209254,0.36490051528381934,gbrt:pooled
2006-03,0.0013086177533466951,0.0005246899283153921,0.3919639125156514,gbrt:pooled
2006-04,0.007011413289837016,0.006310437565815318,0.35048786201084914,gbrt:pooled
2006-05,0.0085820230913681,0.0078245805213745,0.37872128499679963,gbrt:pooled
2006-06,0.003748313631214685,0.0030290906399677775,0.35961149562345385,gbrt:pooled
2006-07,0.004246141054212589,0.0034959015098349573,0.375119772188816,gbrt:pooled
2006-08,0.0056280961984471085,0.004957875140302621,0.33511052907224403,gbrt:pooled
2006-09,0.006844597813260764,0.006038719882856602,0.4029389652020809,gbrt:pooled
2006-10,0.0038975238161718627,0.0031588541898835117,0.3693348131441756,gbrt:pooled
2006-11,-0.0031584891610019128,-0.0038494663446668473,0.3454885918324676,gbrt:pooled
2006-12,0.008207996131396696,0.007470979662915971,0.3685082342403625,gbrt:pooled
2007-01,0.0024648537184519407,0.0017479306660925994,0.3584615261796708,gbrt:pooled
2007-02,0.0005041024724321593,-0.00028239347572301955,0.3932479740775895,gbrt:pooled
2007-03,0.008339272296895536,0.007624828175701842,0.3572220605968463,gbrt:pooled
2007-04,0.0054741496488730345,0.004818691324188587,0.32772916234222377,gbrt:pooled
2007-05,0.002827569639584762,0.002106397711174735,0.36058596420501376,gbrt:pooled
2007-06,0.0015035946063729727,0.0007874417533979619,0.35807642648750554,gbrt:pooled
2007-07,0.005409520671330892,0.004712817648095863,0.3483515116175147,gbrt:pooled
2007-08,0.001551948260152434,0.0008879918143672156,0.3319782228926091,gbrt:pooled
2007-09,0.007665901518555082,0.007027559518036095,0.3191710002594933,gbrt:pooled
2007-10,0.0009975827488521985,0.00042991139688739626,0.283835675982401,gbrt:pooled
2007-11,0.00795301938972117,0.007311156606548066,0.3209313915865521,gbrt:pooled
2007-12,0.006341133341025913,0.0056170583452078895,0.36203749790901135,gbrt:pooled
2008-01,0.0015459240344999055,0.0008103185049899105,0.36780276475499746,gbrt:pooled
2008-02,0.004052833952980506,0.0034512045430215256,0.3008147049794898,gbrt:pooled
2008-03,0.0023824744177728062,0.001575558160934658,0.403458128419074,gbrt:pooled
2008-04,0.0072269208404172535,0.0063255558456626676,0.450682497377293,gbrt:pooled
2008-05,0.009334015535947067,0.008406149630073157,0.4639329529369549,gbrt:pooled
2008-06,0.0034860562670832526,0.0027325518494803586,0.3767522088014471,gbrt:pooled
2008-07,0.005277647828522842,0.004424175554553107,0.4267361369848677,gbrt:pooled
2008-08,0.0009232486518666064,0.00015107435915773508,0.38608714635443553,gbrt:pooled
2008-09,0.00044593079525005405,-0.00037312840445253247,0.4095295998512931,gbrt:pooled
2008-10,0.005524482154142086,0.0047039953271092215,0.41024341351643256,gbrt:pooled
2008-11,0.0014004669620319389,0.0006490696607820998,0.37569865062491953,gbrt:pooled
2008-12,0.004407177183675894,0.003636969288858807,0.3851039474085432,gbrt:pooled
2009-01,0.006017998675456195,0.00526593728288605,0.376030696285073,gbrt:pooled
2009-02,0.0024418756747385875,0.0017657595544545352,0.3380580601420261,gbrt:pooled
2009-03,0.00687740301522329,0.006151790566746052,0.3628062242386195,gbrt:pooled
2009-04,0.0021976087307572357,0.0014272161659645666,0.38519628239633485,gbrt:pooled
2009-05,0.0011205440296164011,0.000319100840954895,0.40072159433075316,gbrt:pooled
2009-06,0.0038005759976803555,0.003109561030419765,0.34550748363029504,gbrt:pooled
2009-07,0.003598024138588776,0.0029929781563884277,0.3025229911001741,gbrt:pooled
2009-08,0.006158102902529327,0.005631986112208694,0.2630583951603164,gbrt:pooled
2009-09,0.0025038274735913707,0.0018583982808960985,0.32271459634763594,gbrt:pooled
2009-10,0.004744035240620338,0.004070269594755279,0.33688282293252947,gbrt:pooled
2009-11,0.002318498746992879,0.0016807175172712009,0.318890614860839,gbrt:pooled
2009-12,0.004621262593320863,0.0040026350338359116,0.309313779742476,gbrt:pooled
2010-01,0.007671698046014287,0.006921922391423628,0.3748878272953291,gbrt:pooled
2010-02,0.0027223062290386048,0.0019640090501458884,0.3791485894463581,gbrt:pooled
2010-03,0.0031177383147707833,0.0022117281571132578,0.4530050788287626,gbrt:pooled
2010-04,0.008408686107324658,0.007581764257267234,0.4134609250287119,gbrt:pooled
2010-05,-0.00024145574246808925,-0.0009888785208344527,0.37371138918318164,gbrt:pooled
2010-06,-0.0023038542193821116,-0.003168269577268096,0.4322076789429924,gbrt:pooled
2010-07,0.002064780784810183,0.0011827267661459807,0.44102700933210126,gbrt:pooled
2010-08,0.002318980781823352,0.0015682095582057914,0.3753856118087802,gbrt:pooled
2010-09,-0.0007639015742148903,-0.001591856546521804,0.4139774861534566,gbrt:pooled
2010-10,0.0020459203746902785,0.0012298430927772776,0.4080386409565007,gbrt:pooled
2010-11,0.005349902705958943,0.004598948498009143,0.37547710397490025,gbrt:pooled
2010-12,0.002141496921842018,0.0014612104514350045,0.340143235203507,gbrt:pooled
2011-01,0.010166992884907182,0.009610718835205343,0.2781370248509195,gbrt:pooled
2011-02,0.002662534361617739,0.0020812129918536407,0.2906606848820491,gbrt:pooled
2011-03,0.006260193792321541,0.005618073031426757,0.32106038044739194,gbrt:pooled
2011-04,0.009014392502759861,0.008290839703790572,0.3617763994846445,gbrt:pooled
2011-05,0.004576910558540192,0.0038691080078057816,0.3539012753672051,gbrt:pooled
2011-06,0.0004064424443133883,-0.00016606782656841332,0.28625513544090087,gbrt:pooled
2011-07,0.006334849121498484,0.0057382577466157025,0.2982956874413906,gbrt:pooled
2011-08,0.004362440090699099,0.0037740341561680827,0.2942029672655078,gbrt:pooled
2011-09,0.004825877793244693,0.004266541813859274,0.2796679896927098,gbrt:pooled
2011-10,0.005180471127802644,0.004597339355144567,0.29156588632903846,gbrt:pooled
2011-11,0.006458560651534564,0.005822816872793083,0.31787188937074,gbrt:pooled
2011-12,0.002021323896760751,0.0013682005927624773,0.32656165199913695,gbrt:pooled
2012-01,0.004093529806271965,0.0034925905055552043,0.30046965035838075,gbrt:pooled
2012-02,0.007241266754858833,0.006679753051155193,0.2807568518518198,gbrt:pooled
2012-03,0.003171090414009806,0.0026325374439934907,0.2692764850081579,gbrt:pooled
2012-04,0.0033498436553374505,0.0028838010994696943,0.233021277933878,gbrt:pooled
2012-05,0.0018704686135995372,0.0012976886331392628,0.28638999023013717,gbrt:pooled
2012-06,0.0037499722672810526,0.003114377155575134,0.3177975558529593,gbrt:pooled
2012-07,-0.007260923094372137,-0.007917348241294338,0.3282125734611008,gbrt:pooled
2012-08,0.005789384900631498,0.005199931568108902,0.29472666626129823,gbrt:pooled
2012-09,0.00314539030247149,0.002592789749013579,0.27630027672895563,gbrt:pooled
2012-10,0.0028792862690973863,0.0023602936070021064,0.2594963310476398,gbrt:pooled
2012-11,0.007182597852082962,0.0066893320251639465,0.24663291345950766,gbrt:pooled
2012-12,0.001756618009293007,0.0012866855032959005,0.23496625299855323,gbrt:pooled
2013-01,0.004360434781318669,0.0037493381632979317,0.305548309010369,gbrt:pooled
2013-02,0.0029147116128408757,0.002336644475660632,0.28903356859012175,gbrt:pooled
2013-03,0.002534164461306758,0.001929413404351164,0.30237552847779703,gbrt:pooled
2013-04,-0.002415506472082996,-0.0030998347476667663,0.34216413779188515,gbrt:pooled
2013-05,0.006110881452595529,0.0055204501644838325,0.2952156440558484,gbrt:pooled
2013-06,0.006603201705664375,0.006026709782033473,0.2882459618154513,gbrt:pooled
2013-07,-0.0069536936762448045,-0.007539304343842313,0.29280533379875423,gbrt:pooled
2013-08,0.0016922316641642947,0.0009630872601349635,0.3645722020146655,gbrt:pooled
2013-09,0.00275130850548406,0.002069887707394362,0.34071039904484895,gbrt:pooled
2013-10,0.0018366515652718054,0.0011139274807707605,0.3613620422505224,gbrt:pooled
2013-11,0.0023422508682529406,0.0017630318812789673,0.2896094934869867,gbrt:pooled
2013-12,0.0047340135209571485,0.004061950235311539,0.3360316428228049,gbrt:pooled
2014-01,0.005314243048648082,0.00446387960604391,0.42518172130208604,gbrt:pooled
2014-02,0.005629192456518714,0.005044412639630634,0.29238990844404006,gbrt:pooled
2014-03,0.004201341902133055,0.0036253937404286114,0.2879740808522221,gbrt:pooled
2014-04,0.005498612276844063,0.004889296245806983,0.30465801551854005,gbrt:pooled
2014-05,0.00902078145963569,0.008505679640301718,0.25755090966698574,gbrt:pooled
2014-06,0.0039923993707390625,0.0034160922800094426,0.2881535453648101,gbrt:pooled
2014-07,0.0007234462059148119,0.00015306533095036789,0.2851904374822219,gbrt:pooled
2014-08,0.0027056731374543426,0.0021834295041848503,0.26112181663474626,gbrt:pooled
2014-09,0.009595296514818896,0.00910310206057333,0.24609722712278298,gbrt:pooled
2014-10,0.0039876294481066415,0.003409438138039931,0.28909565503335544,gbrt:pooled
2014-11,0.004840961835299909,0.004336120949930258,0.2524204426848252,gbrt:pooled
2014-12,0.008897219629213787,0.00838520980831833,0.2560049104477285,gbrt:pooled
2015-01,0.0060407052009281105,0.005470356011537402,0.2851745946953546,gbrt:pooled
2015-02,0.007094943301416546,0.006507044575883228,0.2939493627666585,gbrt:pooled
2015-03,0.006422521109380752,0.005880983076888635,0.27076901624605854,gbrt:pooled
2015-04,0.007158747637054756,0.0065909741921204796,0.28388672246713814,gbrt:pooled
2015-05,0.006169633533390601,0.005662857830339112,0.25338785152574456,gbrt:pooled
2015-06,0.004558696007661853,0.003999341167024112,0.27967742031887033,gbrt:pooled
2015-07,0.0035202055948778733,0.0028859989774336647,0.31710330872210424,gbrt:pooled
2015-08,7.30923788552022e-05,-0.0005047889419258178,0.28894066039051003,gbrt:pooled
2015-09,0.001340229584907114,0.0008267929056037399,0.25671833965168706,gbrt:pooled
2015-10,0.008882101299811302,0.008270193644444614,0.3059538276833441,gbrt:pooled
2015-11,6.300810269586129e-05,-0.0004958668792230566,0.279437490959459,gbrt:pooled
2015-12,0.0016175790485278424,0.0009863748510030813,0.31560209876238066,gbrt:pooled
2016-01,0.008709265141496362,0.008072878487107998,0.3181933271941826,gbrt:pooled
2016-02,0.004819122463982452,0.004291007995091581,0.2640572344454354,gbrt:pooled
2016-03,0.009582493210976735,0.008960090250478751,0.3112014802489922,gbrt:pooled
2016-04,0.010310078818457757,0.009820864663268319,0.24460707759471897,gbrt:pooled
2016-05,0.002884202482250167,0.002375099504120528,0.25455148906481956,gbrt:pooled
2016-06,-0.0001866329109733015,-0.0006556241728905919,0.2344956309586453,gbrt:pooled
2016-07,0.0048357148436982645,0.004305141673138297,0.26528658527998356,gbrt:pooled
2016-08,0.006066266256078424,0.005596706185308432,0.23478003538499562,gbrt:pooled
2016-09,0.005687510647573862,0.005098117094016101,0.29469677677888056,gbrt:pooled
2016-10,0.004030701134387335,0.0035757591745436057,0.22747097992186469,gbrt:pooled
2016-11,0.005936121253023333,0.005475875025621672,0.2301231137008303,gbrt:pooled
2016-12,0.004935721536338857,0.004434826363737788,0.2504475863005338,gbrt:pooled
2017-01,0.011114294656196705,0.010644844799684826,0.23472492825593969,gbrt:pooled
2017-02,0.004660370777803396,0.004191886809815139,0.23424198399412857,gbrt:pooled
2017-03,0.0044108630447174104,0.00391003961288238,0.2504117159175151,gbrt:pooled
2017-04,0.004430062817691735,0.004009835802342942,0.21011350767439652,gbrt:pooled
2017-05,0.002903814631532198,0.0024296360431216506,0.23708929420527353,gbrt:pooled
2017-06,0.001720592158090898,0.001233260874788907,0.24366564165099555,gbrt:pooled
2017-07,0.003175264490074566,0.0027116812119857853,0.23179163904439037,gbrt:pooled
2017-08,0.0008593035901456898,0.0003542755626897247,0.25251401372798254,gbrt:pooled
2017-09,0.007195897443278202,0.006669731319963009,0.26308306165759615,gbrt:pooled
2017-10,0.005560203320213526,0.0050597125450887815,0.250245387562372,gbrt:pooled
2017-11,0.008061945749000241,0.007521238001305568,0.2703538738473361,gbrt:pooled
2017-12,0.008811602562307501,0.008333488687230104,0.23905693753869844,gbrt:pooled
2018-01,0.005693371036680448,0.005187339999792873,0.25301551844378734,gbrt:pooled
2018-02,0.009871347184989927,0.009390068862453794,0.24063916126806678,gbrt:pooled
2018-03,0.009844724670656094,0.00932380621622184,0.26045922721712816,gbrt:pooled
2018-04,0.002105396860386765,0.001655386877904622,0.22500499124107154,gbrt:pooled
2018-05,0.008340286700244854,0.007802042172729919,0.2691222637574676,gbrt:pooled
2018-06,0.010218063904994884,0.009770296046583712,0.22388392920558603,gbrt:pooled
2018-07,0.00021250290473145858,-0.00021317488747021982,0.21283889610083928,gbrt:pooled
2018-08,0.0032410957431045196,0.0028090532211078193,0.21602126099835012,gbrt:pooled
2018-09,0.004662961842640327,0.004205824881561885,0.22856848053922138,gbrt:pooled
2018-10,0.0022783634321766597,0.0018048037825705173,0.23677982480307108,gbrt:pooled
2018-11,0.0022971431730070377,0.0018540256487183464,0.22155876214434583,gbrt:pooled
2018-12,-0.00021112849965759925,-0.0007307570033563489,0.25981425184937484,gbrt:pooled
2019-01,0.004446478142588301,0.003965916966476986,0.24028058805565725,gbrt:pooled
2019-02,0.0029299203667349774,0.00246604729849175,0.2319365341216138,gbrt:pooled
2019-03,0.00056803952973637,-8.004154328834854e-06,0.28802184203260256,gbrt:pooled
2019-04,0.001622695847389897,0.0010716718973135322,0.2755119750381823,gbrt:pooled
2019-05,0.0016786558606483348,0.0010936325395095353,0.2925116605693998,gbrt:pooled
2019-06,0.00684783144786004,0.006405525761537238,0.22115284316140082,gbrt:pooled
2019-07,0.0071511938952479644,0.006698490218135459,0.2263518385562524,gbrt:pooled
2019-08,0.004312226808949957,0.003863457942226811,0.22438443336157288,gbrt:pooled
2019-09,0.007660747374429528,0.007124146501421954,0.268300436503787,gbrt:pooled
2019-10,0.007127243062657392,0.0066334522270293985,0.24689541781399701,gbrt:pooled
2019-11,0.00952608435825784,0.009069047886464468,0.22851823589668688,gbrt:pooled
2019-12,0.0021799192875538013,0.0016876786193721644,0.24612033409081818,gbrt:pooled
2005-01,0.0022371940744315387,0.0022371940744315387,0.0,hist_mean:rule
2005-02,-0.0009531661577149939,-0.0010228449858408013,0.03483941406290369,hist_mean:rule
2005-03,0.009537340961166225,0.009452799703106076,0.04227062903007407,hist_mean:rule
2005-04,0.004897708769374756,0.004819707673274415,0.03900054805017081,hist_mean:rule
2005-05,0.0031746433200358043,0.0031002771790084424,0.0371830705136809,hist_mean:rule
2005-06,-0.003773869449296279,-0.0038575309278426595,0.04183073927319013,hist_mean:rule
2005-07,0.0025771843679831237,0.00249646354741679,0.04036041028316681,hist_mean:rule
2005-08,0.0005942974103285548,0.0005231466556998368,0.03557537731435901,hist_mean:rule
2005-09,0.0017133602238114845,0.0016335712599607815,0.039894481925351416,hist_mean:rule
2005-10,0.0014627616398246426,0.0013912781641568276,0.03574173783390764,hist_mean:rule
2005-11,-0.0019923953090764147,-0.002075351636947345,0.041478163935465204,hist_mean:rule
2005-12,0.00362863925175179,0.003547381375221083,0.04062893826535346,hist_mean:rule
2006-01,0.003969170989237566,0.0038885279657146186,0.04032151176147363,hist_mean:rule
2006-02,0.0033524688889430172,0.003274241707491978,0.03911359072551995,hist_mean:rule
2006-03,-0.0017697517974338294,-0.0018442894060627388,0.0372688043144546,hist_mean:rule
2006-04,0.006285263322432821,0.006208428455866148,0.03841743328333631,hist_mean:rule
2006-05,0.007964415707247789,0.007886831546666863,0.038792080290463396,hist_mean:rule
2006-06,0.003941995873775968,0.0038662004043053108,0.03789773473532845,hist_mean:rule
2006-07,0.004441171896939614,0.004359450888729406,0.04086050410510411,hist_mean:rule
2006-08,0.007044882650503882,0.006970698148600676,0.03709225095160356,hist_mean:rule
2006-09,0.008155752325400258,0.008078302349979789,0.038724987710234776,hist_mean:rule
2006-10,0.0029857040647474713,0.002912704878230463,0.03649959325850423,hist_mean:rule
2006-11,-0.003537110399402575,-0.0036150559767103244,0.03897278865387504,hist_mean:rule
2006-12,0.006956649498616226,0.00688185871906919,0.037395389773518126,hist_mean:rule
2007-01,0.0029686439901486206,0.002882606531742082,0.04301872920326926,hist_mean:rule
2007-02,0.0011747170309425892,0.0011047215329763617,0.0349977489831138,hist_mean:rule
2007-03,0.0056287679765702975,0.005549916253963374,0.039425861303461866,hist_mean:rule
2007-04,0.0037262855004444877,0.0036518630419993562,0.03721122922256578,hist_mean:rule
2007-05,0.0028799144333959492,0.002799058498360647,0.0404279675176511,hist_mean:rule
2007-06,0.004166279769436026,0.00409356078080084,0.03635949431759332,hist_mean:rule
2007-07,0.00895703810697393,0.008880156192563039,0.03844095720544526,hist_mean:rule
2007-08,0.0015198186411376096,0.0014503015760632273,0.0347585325371912,hist_mean:rule
2007-09,0.009771542455639042,0.009701267320326454,0.035137567656293056,hist_mean:rule
2007-10,0.0013661583408189851,0.0012926171278307569,0.0367706064941143,hist_mean:rule
2007-11,0.011602208699738418,0.011532542333187757,0.034833183275330706,hist_mean:rule
2007-12,0.006169274971062743,0.006096399331997731,0.03643781953250592,hist_mean:rule
2008-01,-1.1098704264393623e-05,-8.459066509151583e-05,0.03674598041356118,hist_mean:rule
2008-02,0.0035498528211390865,0.003481823340887278,0.034014740125904136,hist_mean:rule
2008-03,0.0022469304804807935,0.002178110798857124,0.03440984081183477,hist_mean:rule
2008-04,0.0061823781661170425,0.006114128951530087,0.034124607293477625,hist_mean:rule
2008-05,0.006833462370340323,0.006763621241152323,0.034920564593999545,hist_mean:rule
2008-06,0.003295402970448943,0.003227936443705465,0.033733263371739056,hist_mean:rule
2008-07,0.005740403822932578,0.005672992865554297,0.033705478689140214,hist_mean:rule
2008-08,0.0019716247217723025,0.001908895011699761,0.03136485503627078,hist_mean:rule
2008-09,0.00043440107486276795,0.00036608539407979293,0.034157840391487546,hist_mean:rule
2008-10,0.004868828783572187,0.004806308079199034,0.031260352186576225,hist_mean:rule
2008-11,0.0005601542390803425,0.00049491509538953,0.032619571845406266,hist_mean:rule
2008-12,0.005560436074529586,0.005493407926575542,0.033514073977022496,hist_mean:rule
2009-01,0.00541781512162569,0.005351208744290924,0.03330318866738334,hist_mean:rule
2009-02,0.002528602507468992,0.0024609083383380307,0.033847084565480606,hist_mean:rule
2009-03,0.006532405221959274,0.006463712652303713,0.03434628482778044,hist_mean:rule
2009-04,0.0024906025040765684,0.002420054997640305,0.035273753218131705,hist_mean:rule
2009-05,0.00034995569814228887,0.0002845476311611869,0.03270403349055096,hist_mean:rule
2009-06,0.0033871591307463225,0.0033215695960778944,0.03279476733421376,hist_mean:rule
2009-07,0.001379795197219123,0.0013169227593849747,0.03143621891707415,hist_mean:rule
2009-08,0.005834030342769233,0.005779333641822624,0.02734835047330486,hist_mean:rule
2009-09,0.0024112438701412013,0.0023487036923029603,0.03127008891912064,hist_mean:rule
2009-10,0.0033713597861798443,0.0033063494520416854,0.032505167069079556,hist_mean:rule
2009-11,0.0018088105952986822,0.001740683813588913,0.034063390854884606,hist_mean:rule
2009-12,0.0015654118560144087,0.0014994895841919096,0.032961135911249516,hist_mean:rule
2010-01,0.007945767912953322,0.00788114205389141,0.03231292953095585,hist_mean:rule
2010-02,0.0013146550773579216,0.0012513903299338567,0.031632373712032535,hist_mean:rule
2010-03,0.00014376343715591708,7.612518493235238e-05,0.033819126111782366,hist_mean:rule
2010-04,0.011016167572723185,0.010950697781861333,0.03273489543092546,hist_mean:rule
2010-05,-0.0016584491547597148,-0.001725764664549475,0.03365775489488003,hist_mean:rule
2010-06,-0.0015200981453002578,-0.00158645040863841,0.03317613166907624,hist_mean:rule
2010-07,0.004096719892364152,0.004034154160133596,0.03128286611527765,hist_mean:rule
2010-08,0.001709890257327933,0.0016437824520015003,0.03305390266321639,hist_mean:rule
2010-09,0.00010764222166555584,4.5331228883345454e-05,0.03115549639110513,hist_mean:rule
2010-10,0.0012611265247803706,0.0012011600549551985,0.029983234912585966,hist_mean:rule
2010-11,0.005455329599053329,0.005394361593853203,0.030484002600062843,hist_mean:rule
2010-12,0.0007560824365673711,0.0006903720326690573,0.032855201949156615,hist_mean:rule
2011-01,0.012072842112622264,0.012012675958990887,0.030083076815688992,hist_mean:rule
2011-02,0.0007877734135872043,0.0007309864820442768,0.02839346577146378,hist_mean:rule
2011-03,0.005238028318156415,0.005170082904570913,0.03397270679275023,hist_mean:rule
2011-04,0.008678839104578815,0.008615594548765667,0.03162227790657383,hist_mean:rule
2011-05,0.0031417638791463843,0.0030797335619522793,0.031015158597052526,hist_mean:rule
2011-06,0.0011770712136865435,0.0011150172614065442,0.03102697613999968,hist_mean:rule
2011-07,0.0045342574683849566,0.004472423815039735,0.030916826672610725,hist_mean:rule
2011-08,0.006578800519253787,0.006513282353495408,0.032759082879189466,hist_mean:rule
2011-09,0.00418038210977226,0.0041192212694802915,0.030580420145983757,hist_mean:rule
2011-10,0.005784419340635052,0.005723598377221594,0.03041048170672883,hist_mean:rule
2011-11,0.006898771043597296,0.006839122749943837,0.029824146826729313,hist_mean:rule
2011-12,0.0006627769788030691,0.0005955748071398275,0.03360108583162085,hist_mean:rule
2012-01,0.0025356084412009794,0.0024818811438880356,0.026863648656471784,hist_mean:rule
2012-02,0.006399897555651219,0.006342054630688897,0.028921462481160974,hist_mean:rule
2012-03,0.004365915560142554,0.004307974057590323,0.028970751276114915,hist_mean:rule
2012-04,0.004629684723204662,0.004572291932794826,0.0286963952049184,hist_mean:rule
2012-05,0.0007692798864984165,0.0007151991954484053,0.027040345525005657,hist_mean:rule
2012-06,0.004960173129969323,0.004905282886628426,0.027445121670448533,hist_mean:rule
2012-07,-0.007014393660440542,-0.007073013774546557,0.029310057053007068,hist_mean:rule
2012-08,0.004587063162839981,0.004529543331684217,0.02875991557788212,hist_mean:rule
2012-09,0.002586279084696101,0.002527839786062347,0.029219649316877063,hist_mean:rule
2012-10,0.0032407584114942825,0.0031878548921808803,0.026451759656701174,hist_mean:rule
2012-11,0.006981531967791306,0.006926024443014248,0.02775376238852927,hist_mean:rule
2012-12,0.0010930172978654924,0.001040963310051447,0.026026993907022643,hist_mean:rule
2013-01,0.005113765492815092,0.005058283707668172,0.02774089257346015,hist_mean:rule
2013-02,0.0022436926371575223,0.002182618895805087,0.030536870676217437,hist_mean:rule
2013-03,0.003736092617406883,0.0036775052705670325,0.02929367341992527,hist_mean:rule
2013-04,-0.0016769986644971926,-0.0017338995725296226,0.028450454016214936,hist_mean:rule
2013-05,0.007201886841919573,0.007139197191947605,0.03134482498598411,hist_mean:rule
2013-06,0.00629411859366515,0.0062392377551577696,0.02744041925368999,hist_mean:rule
2013-07,-0.005148485934060144,-0.005206482357687133,0.02899821181349429,hist_mean:rule
2013-08,0.00046702743529068117,0.0004058798480734301,0.030573793608625423,hist_mean:rule
2013-09,0.0024562710068432737,0.0024016507085443035,0.027310149149485187,hist_mean:rule
2013-10,0.0004969028096737144,0.00044148499748558243,0.02770890609406605,hist_mean:rule
2013-11,0.002433688325883277,0.002378423066966509,0.02763262945838393,hist_mean:rule
2013-12,0.00385089882552284,0.0037936191606661694,0.02863983242833513,hist_mean:rule
2014-01,0.006383729698331787,0.006323081507054105,0.030324095638841024,hist_mean:rule
2014-02,0.006261792371139192,0.006206829224904478,0.027481573117356425,hist_mean:rule
2014-03,0.00483595050287302,0.0047825127356458845,0.026718883613567435,hist_mean:rule
2014-04,0.004041989041464295,0.0039870352468876985,0.027476897288298524,hist_mean:rule
2014-05,0.009203357026703227,0.009147803651737528,0.027776687482849765,hist_mean:rule
2014-06,0.004920509576498513,0.004863073544975615,0.028718015761449382,hist_mean:rule
2014-07,-0.0003571652401233367,-0.00041264742320833175,0.027741091542497487,hist_mean:rule
2014-08,0.0017522827237803525,0.0016993998484052643,0.02644143768754417,hist_mean:rule
2014-09,0.009427339302219583,0.009372531789466041,0.027403756376771442,hist_mean:rule
2014-10,0.00306694771991132,0.0030135649397075685,0.02669139010187577,hist_mean:rule
2014-11,0.002881127118784642,0.0028306780672012746,0.025224525791683834,hist_mean:rule
2014-12,0.009623281538791124,0.009569015903921854,0.027132817434635057,hist_mean:rule
2015-01,0.0057822220297729,0.0057340735452288336,0.02407424227203379,hist_mean:rule
2015-02,0.0061904821794417884,0.006143990402432463,0.023245888504662717,hist_mean:rule
2015-03,0.006962027626942379,0.006904021061594184,0.029003282674097366,hist_mean:rule
2015-04,0.008272920632885799,0.008218618191052473,0.02715122091666245,hist_mean:rule
2015-05,0.005762665415365803,0.005711215290412018,0.025725062476892546,hist_mean:rule
2015-06,0.004296595922178983,0.004240986512734567,0.02780470472220799,hist_mean:rule
2015-07,0.003924390342656599,0.0038720853963333727,0.026152473161613073,hist_mean:rule
2015-08,-0.0009367451065304009,-0.0009858174331628098,0.024536163316204455,hist_mean:rule
2015-09,0.001335167187807731,0.0012756248237086965,0.029771182049517286,hist_mean:rule
2015-10,0.008933906031918333,0.008882640354178507,0.02563283886991363,hist_mean:rule
2015-11,0.0010309988460850887,0.0009775218201441105,0.026738512970489157,hist_mean:rule
2015-12,0.0005746181526751139,0.0005171141180910393,0.028752017292037205,hist_mean:rule
2016-01,0.00932746666945265,0.009272077125281285,0.027694772085683005,hist_mean:rule
2016-02,0.006346847735238197,0.006290785561957001,0.028031086640598005,hist_mean:rule
2016-03,0.009386866390902603,0.009334683602379202,0.026091394261701154,hist_mean:rule
2016-04,0.0073933915371015915,0.007347391396638462,0.023000070231565008,hist_mean:rule
2016-05,0.0018410539960584636,0.0017920277601713706,0.024513117943546624,hist_mean:rule
2016-06,-0.0021050648667733838,-0.002152629723353807,0.023782428290211398,hist_mean:rule
2016-07,0.0022841325081810696,0.0022352709628065746,0.024430772687247512,hist_mean:rule
2016-08,0.006100416800654738,0.006055410622618744,0.02250308901799704,hist_mean:rule
2016-09,0.005241368562105456,0.0051933520898565,0.024008236124477885,hist_mean:rule
2016-10,0.003998355995645687,0.0039497552892085825,0.024300353218552024,hist_mean:rule
2016-11,0.0023886983007460586,0.002341183888994338,0.02375720587586003,hist_mean:rule
2016-12,0.006213136227915956,0.006161208865557588,0.025963681179184458,hist_mean:rule
2017-01,0.010798877624313336,0.01074688304481326,0.025997289750037015,hist_mean:rule
2017-02,0.004634270013748014,0.004584713603297724,0.02477820522514463,hist_mean:rule
2017-03,0.003986396145741248,0.0039394683362895,0.023463904725873907,hist_mean:rule
2017-04,0.005240550919995657,0.005194252720847892,0.023149099573882264,hist_mean:rule
2017-05,0.0009769238663552343,0.0009277630245229658,0.024580420916134212,hist_mean:rule
2017-06,-4.483278277907037e-05,-0.00010331836496727355,0.029242791094101432,hist_mean:rule
2017-07,0.003585661432735351,0.0035353619442226604,0.02514974425634541,hist_mean:rule
2017-08,0.0014997849597067122,0.0014503353198457914,0.024724819930460405,hist_mean:rule
2017-09,0.0071312667313686,0.0070796788854648775,0.02579392295186102,hist_mean:rule
2017-10,0.005313175295543324,0.0052628071859019245,0.025184054820699613,hist_mean:rule
2017-11,0.007963895304043574,0.007913768122632068,0.02506359070575339,hist_mean:rule
2017-12,0.008054888984907723,0.008012878302196286,0.021005341355718493,hist_mean:rule
2018-01,0.005051374360245241,0.005002283123372297,0.024545618436471923,hist_mean:rule
2018-02,0.011347189950039685,0.011295657459429405,0.025766245305139435,hist_mean:rule
2018-03,0.008530628111685059,0.008484312123018463,0.02315799433329795,hist_mean:rule
2018-04,0.0006291221589888201,0.0005790669346014241,0.025027612193698055,hist_mean:rule
2018-05,0.00523490892318718,0.005189714805112499,0.02259705903734066,hist_mean:rule
2018-06,0.01001106873584091,0.00996701773995658,0.022025497942165236,hist_mean:rule
2018-07,0.0006513606543080024,0.000606436124342243,0.022462264982879565,hist_mean:rule
2018-08,0.004261540598178655,0.0042173432669036694,0.022098665637493166,hist_mean:rule
2018-09,0.0037259816530990633,0.0036821930372432058,0.021894307927928843,hist_mean:rule
2018-10,0.001662406218027288,0.0016155742345327954,0.023415991747246234,hist_mean:rule
2018-11,-0.0023354402074181233,-0.0023831901363382006,0.02387496446003841,hist_mean:rule
2018-12,-0.0004197374326531826,-0.00046673241166744533,0.023497489507131392,hist_mean:rule
2019-01,0.006304071533551731,0.006258997888208494,0.022536822671618467,hist_mean:rule
2019-02,0.00327252087958735,0.003223234709675373,0.024643084955988565,hist_mean:rule
2019-03,0.0004456780971087592,0.0003966143164151963,0.02453189034678142,hist_mean:rule
2019-04,0.0002178344663253674,0.0001728148327584803,0.02250981678344358,hist_mean:rule
2019-05,0.002073898349011501,0.0020256502448765803,0.024124052067460405,hist_mean:rule
2019-06,0.00512032697186673,0.005070927447577341,0.024699762144694333,hist_mean:rule
2019-07,0.00810798455450992,0.00805783992608838,0.025072314210769293,hist_mean:rule
2019-08,0.004926914018608661,0.004877031676006107,0.024941171301276602,hist_mean:rule
2019-09,0.007954250871590242,0.007908229758414749,0.023010556587746662,hist_mean:rule
2019-10,0.006997080793060981,0.006951305532912162,0.022887630074409103,hist_mean:rule
2019-11,0.010614116060185282,0.010572341788557328,0.020887135813977383,hist_mean:rule
2019-12,0.0036124850061284106,0.003570231335326777,0.021126835400816803,hist_mean:rule
2005-01,-0.0021000276596902555,-0.0021000276596902555,0.0,nn:dm_only
2005-02,0.002214604208974343,0.0009921111675309552,0.6112465207216938,nn:dm_only
2005-03,0.005405860371873067,0.004223769329816955,0.5910455210280562,nn:dm_only
2005-04,0.0028952899360781274,0.0017049806656918383,0.5951546351931447,nn:dm_only
2005-05,0.004733580884190356,0.0035656185044109297,0.583981189889713,nn:dm_only
2005-06,-0.003064828155226073,-0.004350565631027653,0.6428687379007899,nn:dm_only
2005-07,0.0011097872137618482,3.5851387569182686e-06,0.5531010375024651,nn:dm_only
2005-08,-0.001610074428269877,-0.00271576471432177,0.5528451430259465,nn:dm_only
2005-09,0.00297989491348039,0.0017891326858245327,0.5953811138279287,nn:dm_only
2005-10,0.0029998378099333894,0.0018569552485413732,0.571441280696008,nn:dm_only
2005-11,0.00258469242308305,0.0014628788207312953,0.5609068011758773,nn:dm_only
2005-12,0.0031136515299130057,0.0020789893434278147,0.5173310932425955,nn:dm_only
2006-01,0.004883533358608739,0.003358740696168415,0.7623963312201619,nn:dm_only
2006-02,0.0034542397733389294,0.002531835754247068,0.4612020095459304,nn:dm_only
2006-03,0.0024952428992287704,0.0014929660530342067,0.5011384230972817,nn:dm_only
2006-04,0.006140130895574204,0.005175488099936768,0.4823213978187179,nn:dm_only
2006-05,0.006418779033946153,0.005537607364335485,0.4405858348053336,nn:dm_only
2006-06,0.0004425149488933214,-0.0005360393888333963,0.4892771688633588,nn:dm_only
2006-07,0.0019438396984343056,0.0008688484344536267,0.5374956319903392,nn:dm_only
2006-08,0.004921264059296982,0.00390377118086728,0.5087464392148507,nn:dm_only
2006-09,0.007722309904122712,0.006740878684533777,0.4907156097944672,nn:dm_only
2006-10,0.0006429589151556551,-0.00027525855223441056,0.45910873369503286,nn:dm_only
2006-11,-0.0013568135538370432,-0.002421406802787812,0.5322966244753842,nn:dm_only
2006-12,0.007999311032896179,0.006937377640421399,0.5309666962373905,nn:dm_only
2007-01,0.0018243760478313415,0.00033856110353587543,0.7429074721477329,nn:dm_only
2007-02,0.0001993918208217116,-0.0008548966811344072,0.5271442509780593,nn:dm_only
2007-03,0.0049130232159592755,0.0037876853545095006,0.5626689307248876,nn:dm_only
2007-04,0.001107644495979707,0.00019054317560833521,0.45855066018568597,nn:dm_only
2007-05,0.002241246487718315,0.0010872084906228912,0.577018998547712,nn:dm_only
2007-06,0.002249693516524281,0.0011850099170717093,0.5323417997262859,nn:dm_only
2007-07,0.007503321008006714,0.0063218292465919215,0.5907458807073962,nn:dm_only
2007-08,0.00321027230196024,0.002302456184400288,0.453908058779976,nn:dm_only
2007-09,0.0072817947987155055,0.006103267274929935,0.5892637618927854,nn:dm_only
2007-10,0.0008010569675303174,-0.00046314586065769234,0.6321014140940049,nn:dm_only
2007-11,0.009201484694639139,0.008086587547103233,0.5574485737679524,nn:dm_only
2007-12,0.004607569258100214,0.0034388311621693086,0.5843690479654524,nn:dm_only
2008-01,0.00175660291365108,0.0004539761676750462,0.6513133729880168,nn:dm_only
2008-02,0.002500860076971448,0.001518451256037843,0.4912044104668025,nn:dm_only
2008-03,0.0021818092215588293,0.0009677137568422805,0.6070477323582741,nn:dm_only
2008-04,0.00568767706132794,0.004631403738828072,0.5281366612499342,nn:dm_only
2008-05,0.007427080156645937,0.006367310383861056,0.5298848863924402,nn:dm_only
2008-06,0.003027350674071097,0.0019598132908706257,0.5337686916002355,nn:dm_only
2008-07,0.00509859279501226,0.00398365407645833,0.5574693592769653,nn:dm_only
2008-08,0.0012229315126761216,0.00028652358635017144,0.4682039631629749,nn:dm_only
2008-09,0.002222418836997104,0.0011953126858744092,0.513553075561347,nn:dm_only
2008-10,0.006976265816625395,0.005800507260032988,0.5878792782962032,nn:dm_only
2008-11,0.0008114906871002916,-0.00017084661169081627,0.49116864939555394,nn:dm_only
2008-12,0.0056593982771061145,0.004542038893895723,0.5586796916051959,nn:dm_only
2009-01,0.0048434871884539,0.0037958573923769917,0.5238148980384542,nn:dm_only
2009-02,0.003761391208244152,0.002971643230195691,0.39487398902423076,nn:dm_only
2009-03,0.006607095565186535,0.005792539485773314,0.4072780397066109,nn:dm_only
2009-04,0.002091748934331855,0.001322595622079887,0.384576656125984,nn:dm_only
2009-05,0.000944172321320361,0.00022050129507333177,0.3618355131235144,nn:dm_only
2009-06,0.002440399148555554,0.0017070213710576598,0.366688888748947,nn:dm_only
2009-07,0.001446537911880179,0.0007800410943974573,0.3332484087413608,nn:dm_only
2009-08,0.006076363389712175,0.005367192243549503,0.3545855730813364,nn:dm_only
2009-09,0.0015787027610192105,0.0008486480297612512,0.36502736562897964,nn:dm_only
2009-10,0.004545924737696052,0.003841028791029595,0.35244797333322814,nn:dm_only
2009-11,0.0023249465732411564,0.001636462799803789,0.3442418867186836,nn:dm_only
2009-12,0.0025104054903422462,0.0017926222619590445,0.35889161419160087,nn:dm_only
2010-01,0.006407740827963158,0.005052183673335615,0.6777785773137718,nn:dm_only
2010-02,0.003229489418689168,0.0023312098891790914,0.44913976475503803,nn:dm_only
2010-03,0.002681377279312408,0.0018465885640479597,0.41739435763222404,nn:dm_only
2010-04,0.007285391167779681,0.006353282079282123,0.466054544248779,nn:dm_only
2010-05,0.0007065703483368099,-0.00024573087938721983,0.4761506138620146,nn:dm_only
2010-06,0.00017102462916392396,-0.0007001993953685195,0.4356120122662217,nn:dm_only
2010-07,0.003069269717225161,0.002103595591786403,0.48283706271937904,nn:dm_only
2010-08,0.003081158418427516,0.002122470114717016,0.47934415185525,nn:dm_only
2010-09,1.4679948976767257e-05,-0.0009383767754872971,0.4765283622320323,nn:dm_only
2010-10,0.0008794557594862181,-6.662027286806368e-05,0.47303801617714075,nn:dm_only
2010-11,0.006945935768117306,0.006023728318875524,0.46110372462089116,nn:dm_only
2010-12,-0.001212885257127751,-0.0019258895505522542,0.3565021467122516,nn:dm_only
2011-01,0.009982716214123895,0.008925050979518703,0.5288326173025953,nn:dm_only
2011-02,0.0005282175527187387,-0.00020140786798212716,0.364812710350433,nn:dm_only
2011-03,0.006062000754332421,0.0051459909942582795,0.4580048800370707,nn:dm_only
2011-04,0.008000399333180249,0.007087738450930793,0.4563304411247284,nn:dm_only
2011-05,0.005402101460833593,0.004466465175690898,0.4678181425713476,nn:dm_only
2011-06,0.0022314473139438493,0.0013130820798173048,0.4591826170632721,nn:dm_only
2011-07,0.004531155119276873,0.003724796377574964,0.40317937085095495,nn:dm_only
2011-08,0.005584032146328847,0.0047278567374041056,0.4280877044623707,nn:dm_only
2011-09,0.004107432018063826,0.0031949457001771825,0.4562431589433217,nn:dm_only
2011-10,0.007395472890196575,0.0064885567250300815,0.4534580825832464,nn:dm_only
2011-11,0.002271261028065265,0.0014420453050922907,0.4146078614864872,nn:dm_only
2011-12,-0.002673557585948447,-0.003466705789219208,0.39657410163538015,nn:dm_only
2012-01,0.0022927658544509904,0.0010757776555757282,0.6084940994376311,nn:dm_only
2012-02,0.004524956842296899,0.0038046799602829097,0.3601384410069948,nn:dm_only
2012-03,0.0022479922913911194,0.0015997900412991878,0.32410112504596583,nn:dm_only
2012-04,0.0036258248057258052,0.0029026376811341144,0.3615935622958454,nn:dm_only
2012-05,0.00011363192556501341,-0.0005588365481418901,0.33623423685345166,nn:dm_only
2012-06,0.003493361693131145,0.0029000635900170565,0.29664905155704424,nn:dm_only
2012-07,-0.006968956329849093,-0.007630360661756108,0.33070216595350804,nn:dm_only
2012-08,0.006232052557675319,0.005538569336968981,0.3467416103531691,nn:dm_only
2012-09,0.0035449637264776414,0.0029179625829866577,0.31350057174549195,nn:dm_only
2012-10,0.0028782546530705454,0.002176345681063702,0.3509544860034217,nn:dm_only
2012-11,0.006205779534365723,0.005442561606123929,0.3816089641208973,nn:dm_only
2012-12,0.0009156181237941247,0.00011642126546526632,0.3995984291644293,nn:dm_only
2013-01,0.0032754275880976717,0.0023120354784818345,0.4816960548079186,nn:dm_only
2013-02,0.004331620194558577,0.0036328941954099853,0.34936299957429556,nn:dm_only
2013-03,0.0033962005008199778,0.0027144682224874046,0.34086613916628633,nn:dm_only
2013-04,-0.0036435149690000525,-0.0043444749761109265,0.35048000355543746,nn:dm_only
2013-05,0.0028528501609535605,0.002172650340198141,0.3400999103777098,nn:dm_only
2013-06,0.004606777863557052,0.0039038325044144714,0.3514726795712901,nn:dm_only
2013-07,-0.009181362251266603,-0.010026380721841286,0.4225092352873411,nn:dm_only
2013-08,0.001390303632532879,0.0005552338580384804,0.41753488724719945,nn:dm_only
2013-09,0.0023143895349309346,0.0016434294895558204,0.3354800226875571,nn:dm_only
2013-10,-0.0006678753004321983,-0.0013229991831411713,0.3275619413544865,nn:dm_only
2013-11,0.0015473896407642471,0.0008567538094230323,0.34531791567060743,nn:dm_only
2013-12,0.0015771781700653388,0.0009061442496394534,0.33551696021294275,nn:dm_only
2014-01,0.003513087377689841,0.002357879472897278,0.5776039523962817,nn:dm_only
2014-02,0.0043087521384262,0.003498531372055931,0.40511038318513487,nn:dm_only
2014-03,0.0021077689719177788,0.0012650188128301484,0.42137507954381537,nn:dm_only
2014-04,0.005256220154236608,0.004529740367145933,0.3632398935453376,nn:dm_only
2014-05,0.00700800368261217,0.006227874925723443,0.3900643784443636,nn:dm_only
2014-06,0.006416835888506933,0.005593893667408471,0.4114711105492305,nn:dm_only
2014-07,-0.0016733664167260481,-0.002472380752416544,0.39950716784524803,nn:dm_only
2014-08,0.0004735785354388523,-0.0002193510082866227,0.3464647718627375,nn:dm_only
2014-09,0.008765268058793504,0.008056253012701001,0.3545075230462519,nn:dm_only
2014-10,0.0015857346589877612,0.0008692698613225613,0.3582323988325999,nn:dm_only
2014-11,0.004457915297739448,0.003827199354522661,0.3153579716083935,nn:dm_only
2014-12,0.010382964702260649,0.009669724987207093,0.3566198575267775,nn:dm_only
2015-01,0.006125536801321531,0.0051530008249677205,0.486267988176905,nn:dm_only
2015-02,0.008414802987695117,0.00788756885100487,0.26361706834512383,nn:dm_only
2015-03,0.007078003200999361,0.0065706914312345915,0.2536558848823841,nn:dm_only
2015-04,0.00680231213556556,0.006304795217600499,0.2487584589825305,nn:dm_only
2015-05,0.00710635073696784,0.006639358709149246,0.23349601390929725,nn:dm_only
2015-06,0.004252791227207309,0.003748798693630882,0.25199626678821363,nn:dm_only
2015-07,0.002630046949219491,0.002084168523913713,0.2729392126528889,nn:dm_only
2015-08,-0.0009524343468405153,-0.0014991024241745132,0.27333403866699885,nn:dm_only
2015-09,0.001706671222232348,0.0011938075939618114,0.25643181413526833,nn:dm_only
2015-10,0.011302383967310557,0.010725517330578579,0.28843331836598884,nn:dm_only
2015-11,0.0009277052581349416,0.00039575099345064764,0.26597713234214704,nn:dm_only
2015-12,0.0017833713466058017,0.001239579518212618,0.271895914196592,nn:dm_only
2016-01,0.008120757159927217,0.0074258922002207566,0.34743247985323045,nn:dm_only
2016-02,0.0061468261376591065,0.005718889624678289,0.2139682564904091,nn:dm_only
2016-03,0.010209111678302716,0.009700004122256075,0.25455377802332085,nn:dm_only
2016-04,0.010406996074246572,0.009960263525174168,0.22336627453620195,nn:dm_only
2016-05,0.0039034732308764553,0.0034838447310987512,0.20981424988885203,nn:dm_only
2016-06,-0.000484570586026797,-0.0008797152485186768,0.19757233124593981,nn:dm_only
2016-07,0.004432512946541146,0.004052616887301556,0.1899480296197951,nn:dm_only
2016-08,0.007008236835877292,0.0065974063659604235,0.2054152349584344,nn:dm_only
2016-09,0.006474013421620017,0.006013776630502161,0.2301183955589281,nn:dm_only
2016-10,0.0038863548915019524,0.00355277761194951,0.16678863977622121,nn:dm_only
2016-11,0.005545952823843022,0.0051551467782373845,0.19540302280281893,nn:dm_only
2016-12,0.005341350164471056,0.00490526452793879,0.21804281826613234,nn:dm_only
2017-01,0.007773027065274642,0.007040841063812684,0.36609300073097845,nn:dm_only
2017-02,0.0042423227907392395,0.0036402281656138387,0.30104731256270073,nn:dm_only
2017-03,0.002393841617776952,0.001858804597314766,0.2675185102310928,nn:dm_only
2017-04,0.005065845655146704,0.004567437724260489,0.24920396544310758,nn:dm_only
2017-05,0.0026440384771328077,0.0021030112878823552,0.2705135946252263,nn:dm_only
2017-06,0.0009888143761698626,0.0004230594864543265,0.28287744485776817,nn:dm_only
2017-07,0.0029444520392476114,0.0024262520720426703,0.25909998360247066,nn:dm_only
2017-08,0.0023730036818886144,0.001770162824863095,0.3014204285127596,nn:dm_only
2017-09,0.005096437186782156,0.004475143522517775,0.3106468321321905,nn:dm_only
2017-10,0.006926257011143032,0.0063288893318775375,0.2986838396327472,nn:dm_only
2017-11,0.008683079830996941,0.008138110017271178,0.27248490686288196,nn:dm_only
2017-12,0.007503088951142983,0.006898333947271492,0.30237750193574525,nn:dm_only
2018-01,0.0067148621126241715,0.005692631938038041,0.5111150872930649,nn:dm_only
2018-02,0.009585548244579335,0.008954958624607337,0.3152948099859986,nn:dm_only
2018-03,0.008804681236191575,0.008135748660508426,0.3344662878415746,nn:dm_only
2018-04,0.0010698679676500907,0.0004048139351850045,0.33252701623254305,nn:dm_only
2018-05,0.00805678416148832,0.0073631666957793595,0.3468087328544808,nn:dm_only
2018-06,0.009459015425610506,0.008874944044715413,0.29203569044754635,nn:dm_only
2018-07,2.3952759391151785e-05,-0.0005896666584724287,0.30680970893179016,nn:dm_only
2018-08,0.0023457916550759374,0.0016260994754617906,0.35984608980707344,nn:dm_only
2018-09,0.00430841642790212,0.003702664797116211,0.3028758153929544,nn:dm_only
2018-10,0.0027942328536537126,0.0021893856403342685,0.3024236066597223,nn:dm_only
2018-11,0.002240799382820521,0.0015169575462424534,0.3619209182890337,nn:dm_only
2018-12,2.4540122198568246e-05,-0.0005799677949786361,0.3022539585886022,nn:dm_only
2019-01,0.004262013114256507,0.0031407564413365235,0.5606283364599922,nn:dm_only
2019-02,0.00384955906316561,0.003150512892069239,0.3495230855481855,nn:dm_only
2019-03,0.001986761476553066,0.001293000167445461,0.34688065455380246,nn:dm_only
2019-04,0.0020120917378960413,0.0013925895965958015,0.3097510706501199,nn:dm_only
2019-05,0.002023074479223712,0.0013805834152161895,0.32124553200376127,nn:dm_only
2019-06,0.006545570793522089,0.0058608137357904315,0.3423785288658286,nn:dm_only
2019-07,0.0061071674070846595,0.0053920029417945685,0.35758223264504585,nn:dm_only
2019-08,0.005309744286018872,0.004543594145598896,0.38307507020998754,nn:dm_only
2019-09,0.0025844572921875,0.0018348716449832197,0.3747928236021403,nn:dm_only
2019-10,0.005767168562944715,0.005013533662874468,0.37681745003512346,nn:dm_only
2019-11,0.00924013185361428,0.00861119292931534,0.31446946214947086,nn:dm_only
2019-12,0.0017207691789475421,0.001116533627632247,0.30211777565764736,nn:dm_only
2005-01,0.0016012293627421465,0.0016012293627421465,0.0,nn:own
2005-02,-0.00019473395826528472,-0.0015344518893051773,0.6698589655199464,nn:own
2005-03,0.009723845894784347,0.008440079989244263,0.6418829527700427,nn:own
2005-04,0.004568459065782816,0.0034037958384947426,0.582331613644037,nn:own
2005-05,0.001996735911897254,0.0007990380435140826,0.5988489341915856,nn:own
2005-06,-0.003359242879054843,-0.004723733983765603,0.68224555235538,nn:own
2005-07,0.0020770477191294303,0.0008050598368972509,0.6359939411160898,nn:own
2005-08,0.003644940151327919,0.0024143074845771766,0.615316333375371,nn:own
2005-09,0.0034579681730647974,0.002236187782203657,0.6108901954305701,nn:own
2005-10,0.005320175829698612,0.0041054519715025255,0.6073619290980435,nn:own
2005-11,0.002345655937917542,0.001113924824045872,0.6158655569358351,nn:own
2005-12,0.005411370722893479,0.004279228303714918,0.5660712095892806,nn:own
2006-01,0.004239533027740026,0.0027100724707595685,0.7647302784902286,nn:own
2006-02,0.006168502186009582,0.0049515762846441885,0.6084629506826966,nn:own
2006-03,0.0005774821185822933,-0.00046603392568436534,0.5217580221333292,nn:own
2006-04,0.0058924358665498906,0.004778467312037399,0.556984277256246,nn:own
2006-05,0.007935251360152959,0.006862335317683661,0.536458021234648,nn:own
2006-06,0.004054691288856875,0.0029864906349731293,0.5341003269418726,nn:own
2006-07,0.0025458300143935365,0.0013697225939292572,0.5880537102321396,nn:own
2006-08,0.004249140835420476,0.0031004168977920438,0.5743619688142163,nn:own
2006-09,0.007921076053297775,0.006800432078524829,0.5603219873864728,nn:own
2006-10,0.0037368361851326196,0.002753167622869864,0.4918342811313778,nn:own
2006-11,-0.002647335044937391,-0.0036335667585420195,0.4931158568023144,nn:own
2006-12,0.006255270204347046,0.005161897131392687,0.5466865364771796,nn:own
2007-01,0.0035109578776757284,0.002282914829002897,0.6140215243364158,nn:own
2007-02,-9.250632081532852e-05,-0.00117087240383513,0.5391830415099008,nn:own
2007-03,0.005958565903442322,0.004871633069540497,0.5434664169509125,nn:own
2007-04,0.004826561291586111,0.003841262365201757,0.4926494631921769,nn:own
2007-05,-0.0004742304153233668,-0.0014735830579793016,0.4996763213279673,nn:own
2007-06,0.0017684519114000913,0.0007053601713334799,0.5315458700333057,nn:own
2007-07,0.003083692475369459,0.001939541971868212,0.5720752517506236,nn:own
2007-08,0.0009218009640384328,-0.0001700228936642183,0.5459119288513257,nn:own
2007-09,0.007524717689940254,0.0065050693110712925,0.50982418943448,nn:own
2007-10,0.001295113216721113,0.00014568547881103336,0.5747138689550397,nn:own
2007-11,0.01009042592082532,0.00893466395608444,0.5778809823704398,nn:own
2007-12,0.003797523184403266,0.0028196813269828576,0.48892092871020415,nn:own
2008-01,0.003559867353010145,0.0022087924973037748,0.6755374278531853,nn:own
2008-02,0.004954557493844523,0.0042953009756716695,0.32962825908642684,nn:own
2008-03,0.0044264050749802195,0.0037625597908212145,0.3319226420795026,nn:own
2008-04,0.004677719887221368,0.003962021124099432,0.357849381560968,nn:own
2008-05,0.007937906680998589,0.007102468396122791,0.4177191424378994,nn:own
2008-06,0.003466476263412181,0.0027565160945972247,0.3549800844074782,nn:own
2008-07,0.00582007798535973,0.00489405221371246,0.46301288582363476,nn:own
2008-08,0.0019872950478492975,0.0011426951427862216,0.42229995253153796,nn:own
2008-09,0.0011338644943615812,0.00038720054803005914,0.3733319731657609,nn:own
2008-10,0.005902833650837074,0.005222857232429869,0.3399882092036026,nn:own
2008-11,0.001742535146233212,0.0009587960546903243,0.39186954577144384,nn:own
2008-12,0.003530546176951259,0.002832505923729102,0.34902012661107884,nn:own
2009-01,0.005219156604235636,0.003605460698631922,0.8068479528018573,nn:own
2009-02,0.004188912634645221,0.0032084584569578817,0.4902270888436696,nn:own
2009-03,0.006482211461561952,0.0055357715088610576,0.47321997635044716,nn:own
2009-04,-0.00030108602050417876,-0.0012612447530193714,0.4800793662575965,nn:own
2009-05,0.0006738939004559243,-0.000305285628526595,0.4895897644912596,nn:own
2009-06,0.004179931115010686,0.0031523636114222835,0.5137837517942011,nn:own
2009-07,0.000771015136530668,-0.00010831689995538399,0.439666018243026,nn:own
2009-08,0.005497961364284324,0.004610859362699533,0.44355100079239546,nn:own
2009-09,0.004089564229032783,0.003144229034552525,0.4726675972401287,nn:own
2009-10,0.003580314384599944,0.0028019781325678648,0.38916812601603984,nn:own
2009-11,0.00455084601054972,0.003720159958909581,0.4153430258200692,nn:own
2009-12,0.0018126360652861839,0.0009138743585029485,0.44938085339161765,nn:own
2010-01,0.006039600837910835,0.004694467945375643,0.672566446267596,nn:own
2010-02,0.001330068931791922,0.0005171560100014745,0.4064564608952238,nn:own
2010-03,0.00028851261058818623,-0.0005593184305803167,0.4239155205842512,nn:own
2010-04,0.009478913531429335,0.008740565182845314,0.3691741742920099,nn:own
2010-05,-0.0008072902610394121,-0.0016676804045170517,0.43019507173881977,nn:own
2010-06,-0.0005513880167454942,-0.00141795825838641,0.43328512082045795,nn:own
2010-07,0.00187105451303557,0.0011136033441491893,0.37872558444319027,nn:own
2010-08,0.003739537237736146,0.002866035715245008,0.43675076124556905,nn:own
2010-09,-0.0011812953796753757,-0.0020253836349953544,0.42204412765998944,nn:own
2010-10,-0.0001115284708748767,-0.0008609807521749071,0.37472614065001525,nn:own
2010-11,0.006430334284648542,0.0055979738547203015,0.4161802149641206,nn:own
2010-12,0.0018674112827894505,0.001082468095763782,0.39247159351283395,nn:own
2011-01,0.008437785525520894,0.007276254939865989,0.5807652928274523,nn:own
2011-02,0.005253496251617815,0.0043843422546001355,0.4345769985088397,nn:own
2011-03,0.006736787031592112,0.00581305388822115,0.46186657168548173,nn:own
2011-04,0.008430260764022715,0.0074829822169443245,0.47363927353919494,nn:own
2011-05,0.00452280428246378,0.0035721578012254274,0.4753232406191759,nn:own
2011-06,0.0009676067883100394,7.189981745601591e-05,0.4478534854270118,nn:own
2011-07,0.006404048720204377,0.0055701365873014825,0.41695606645144695,nn:own
2011-08,0.004712222579885274,0.003844380541616371,0.433921019134451,nn:own
2011-09,0.004596542892652756,0.003790998898543076,0.4027719970548399,nn:own
2011-10,0.0037016749556098476,0.002901354485841361,0.40016023488424335,nn:own
2011-11,0.006578745956199762,0.005772168176221103,0.4032888899893294,nn:own
2011-12,0.0016408783101206047,0.0008533183944919298,0.3937799578143374,nn:own
2012-01,0.0038944858160390302,0.002942167761185234,0.4761590274268986,nn:own
2012-02,0.006726699808345693,0.006200537290138803,0.2630812591034449,nn:own
2012-03,0.0047583179871807475,0.004193140965907829,0.28258851063645934,nn:own
2012-04,0.0032018240196821797,0.0025924417392568584,0.30469114021266075,nn:own
2012-05,0.0010721323686520997,0.0004789689957384244,0.2965816864568375,nn:own
2012-06,0.003924035105951758,0.0033383925290840213,0.2928212884338686,nn:own
2012-07,-0.006343012038554279,-0.006901110191716771,0.2790490765812461,nn:own
2012-08,0.006718795662922978,0.006081867481905834,0.31846409050857205,nn:own
2012-09,0.0037534481664346685,0.0032155686809928526,0.26893974272090787,nn:own
2012-10,0.0021890322744847535,0.001605043475021244,0.291994399731755,nn:own
2012-11,0.007210447818315873,0.0065400562927425115,0.3351957627866805,nn:own
2012-12,0.002654423791509611,0.002036951355267003,0.3087362181213039,nn:own
2013-01,0.004170645368453734,0.0033941449799693366,0.38825019424219886,nn:own
2013-02,0.0028650897852602665,0.0021495679485782687,0.3577609183409988,nn:own
2013-03,0.0030918565265699227,0.002333420842150255,0.37921784220983384,nn:own
2013-04,-0.003509931653291962,-0.00437096309524477,0.4305157209764037,nn:own
2013-05,0.007141057714001988,0.006360997829226464,0.3900299423877619,nn:own
2013-06,0.006841658280591054,0.006190512018470183,0.32557313106043567,nn:own
2013-07,-0.007690312355946198,-0.008515285206972667,0.4124864255132346,nn:own
2013-08,0.00168327127986409,0.0009296515619979511,0.3768098589330694,nn:own
2013-09,0.0028850401494399827,0.0021122793481215658,0.3863804006592085,nn:own
2013-10,0.0015038208540965594,0.0007874121416738219,0.35820435621136876,nn:own
2013-11,0.0037936224864949008,0.0030570687521213795,0.36827686718676067,nn:own
2013-12,0.00164043424109421,0.0009231656592802149,0.3586342909069974,nn:own
2014-01,0.004645831229682841,0.003624197646557571,0.510816791562635,nn:own
2014-02,0.005253857778226896,0.004503597037092137,0.3751303705673791,nn:own
2014-03,0.004627992697570414,0.003997870840776477,0.3150609283969688,nn:own
2014-04,0.004944893076973279,0.00424824204811578,0.3483255144287498,nn:own
2014-05,0.008466373675573898,0.007788180584753758,0.33909654541007017,nn:own
2014-06,0.005795612110016712,0.005157637912516106,0.31898709875030334,nn:own
2014-07,0.0018831512663080973,0.001249736869648515,0.3167071983297911,nn:own
2014-08,-9.13515987156987e-05,-0.0008484599572596081,0.37855417927195467,nn:own
2014-09,0.009947391766452424,0.00930228956341914,0.32255110151664224,nn:own
2014-10,0.0019375614117187671,0.0013189048687476902,0.30932827148553843,nn:own
2014-11,0.00648783155064304,0.005797946855955382,0.3449423473438289,nn:own
2014-12,0.010192652260543132,0.009570941585086208,0.31085533772846197,nn:own
2015-01,0.005549547682037869,0.004520224875928622,0.5146614030546235,nn:own
2015-02,0.0075305337920315435,0.006630736603683585,0.4498985941739793,nn:own
2015-03,0.004141878724941844,0.0031809160288450078,0.480481348048418,nn:own
2015-04,0.006953552234088803,0.006144776104884085,0.4043880646023587,nn:own
2015-05,0.005719214833059332,0.004918329347188212,0.4004427429355597,nn:own
2015-06,0.004278908938483688,0.003395602880874587,0.4416530288045507,nn:own
2015-07,0.0022326145729068664,0.0013959185762828263,0.41834799831202013,nn:own
2015-08,0.001655563602249008,0.0008542127806565145,0.40067541079624674,nn:own
2015-09,0.0004913070273641656,-0.0004155304287724883,0.45341872806832684,nn:own
2015-10,0.008262643769864342,0.007454502449938765,0.40407065996278885,nn:own
2015-11,0.003988919584809272,0.003192997956808009,0.3979608140006315,nn:own
2015-12,0.0024938955281194803,0.0016458800598946794,0.4240077341124004,nn:own
2016-01,0.00817696933247672,0.007164835725741395,0.5060668033676623,nn:own
2016-02,0.005162178752432642,0.0045259143451372285,0.31813220364770656,nn:own
2016-03,0.010248581349434184,0.00968594738230203,0.28131698356607737,nn:own
2016-04,0.01036335756098028,0.009832086782712482,0.2656353891338994,nn:own
2016-05,0.002738964205650132,0.002203507611744815,0.26772829695265876,nn:own
2016-06,0.0004438237123177473,-7.427604787273428e-05,0.2590498800952408,nn:own
2016-07,0.004978818232327143,0.0044157862170332955,0.28151600764692386,nn:own
2016-08,0.005601944535371944,0.0051092348373626105,0.24635484900466648,nn:own
2016-09,0.004933681291444223,0.004527773320635713,0.2029539854042547,nn:own
2016-10,0.004089673480085158,0.0036153253356362887,0.23717407222443407,nn:own
2016-11,0.005104521601262074,0.004590056321578749,0.25723263984166234,nn:own
2016-12,0.005017014971445526,0.004502350810056005,0.2573320806947598,nn:own
2017-01,0.010692509045817193,0.009843461979135068,0.42452353334106235,nn:own
2017-02,0.00418867113301828,0.0037328807495107604,0.22789519175375972,nn:own
2017-03,0.0045497914389276,0.004037174876556475,0.25630828118556226,nn:own
2017-04,0.0037874924305864198,0.0033828096965592834,0.20234136701356809,nn:own
2017-05,0.0014186493749205602,0.0008784786842767125,0.27008534532192396,nn:own
2017-06,0.00110163325891379,0.000545996713360529,0.27781827277663035,nn:own
2017-07,0.0020506222981504494,0.0015485904018292143,0.25101594816061745,nn:own
2017-08,-0.00029672099389287153,-0.000826515257589232,0.2648971318481802,nn:own
2017-09,0.00603403748246918,0.00553863213704639,0.24770267271139465,nn:own
2017-10,0.004658499877851481,0.004197403387670659,0.23054824509041055,nn:own
2017-11,0.007039372029493885,0.006509084453884451,0.2651437878047166,nn:own
2017-12,0.007482687801885685,0.0069367374652717926,0.2729751683069465,nn:own
2018-01,0.006437339904633476,0.00545425720168402,0.49154135147472827,nn:own
2018-02,0.006659283211219644,0.005822649461230503,0.41831687499457076,nn:own
2018-03,0.007907259773942809,0.007045734871372361,0.43076245128522356,nn:own
2018-04,0.0014650478956115367,0.0006507831282926391,0.40713238365944887,nn:own
2018-05,0.005196104682537499,0.004403592462726322,0.3962561099055887,nn:own
2018-06,0.007902000084369063,0.007195316381250278,0.3533418515593929,nn:own
2018-07,-0.00013051509377353093,-0.0008432806558370033,0.35638278103173604,nn:own
2018-08,0.0014679923794387898,0.0006614721863213253,0.4032600965587322,nn:own
2018-09,0.004002300928805376,0.0032323317308930936,0.3849845989561409,nn:own
2018-10,0.002852319786862775,0.0020733580744308963,0.3894808562159393,nn:own
2018-11,0.0012515491149619243,0.0004050782429141364,0.423235436023894,nn:own
2018-12,0.001205343720148381,0.0004965887629760325,0.3543774785861743,nn:own
2019-01,0.00460511911927122,0.003685793296409784,0.45966291143071814,nn:own
2019-02,0.0034001859994272935,0.0027904959124254677,0.3048450435009129,nn:own
2019-03,0.00023207778624760665,-0.0003339969255189357,0.28303735588327117,nn:own
2019-04,0.0015172551070135756,0.0009984788263011422,0.25938814035621677,nn:own
2019-05,0.0011672332917110262,0.0006140493807142063,0.27659195549841004,nn:own
2019-06,0.006160879615474943,0.005660505398525849,0.25018710847454695,nn:own
2019-07,0.005970864843823023,0.005404971470651188,0.2829466865859173,nn:own
2019-08,0.004794454848758647,0.004193584378568878,0.30043523509488457,nn:own
2019-09,0.007206034187485684,0.006630681257724774,0.28767646488045523,nn:own
2019-10,0.0067068392640028274,0.006132162303558277,0.2873384802222752,nn:own
2019-11,0.009009773408008355,0.008440731424919452,0.28452099154445165,nn:own
2019-12,0.001916003015935034,0.001397522423947157,0.2592402959939385,nn:own
2005-01,-0.0005580454610528972,-0.0005580454610528972,0.0,nn:pooled
2005-02,-0.0018829710716025817,-0.0026420317792753977,0.3795303538364079,nn:pooled
2005-03,0.009957685030632735,0.009107610772164298,0.4250371292342189,nn:pooled
2005-04,0.005144224940441471,0.004403532249472756,0.3703463454843576,nn:pooled
2005-05,0.004775672203372745,0.0038574999649614765,0.45908611920563425,nn:pooled
2005-06,-0.0031059789113589073,-0.003971889929733216,0.43295550918715436,nn:pooled
2005-07,0.0021204982466911555,0.0013922166429392012,0.3641408018759772,nn:pooled
2005-08,0.0011861064396640507,0.00045686808331710097,0.3646191781734748,nn:pooled
2005-09,0.0037341857433637457,0.002884117310292537,0.42503421653560425,nn:pooled
2005-10,0.003949669720738401,0.0031127598881281996,0.41845491630510057,nn:pooled
2005-11,0.0004991655998742071,-0.0002727949663482483,0.3859802831112277,nn:pooled
2005-12,0.004837196177999628,0.004086534857268958,0.37533066036533486,nn:pooled
2006-01,0.006492391934185017,0.005540476622047007,0.47595765606900525,nn:pooled
2006-02,0.006143258977416815,0.005504572361060276,0.3193433081782696,nn:pooled
2006-03,0.003119513814560403,0.002442249077350053,0.3386323686051748,nn:pooled
2006-04,0.0057037749977740726,0.005126549476340774,0.28861276071664904,nn:pooled
2006-05,0.007903236751379154,0.0072537607772543795,0.3247379870623869,nn:pooled
2006-06,0.0038177616770383384,0.0030894727689637935,0.36414445403727247,nn:pooled
2006-07,0.0029785027324733568,0.00227188798160323,0.35330737543506335,nn:pooled
2006-08,0.005449941669027634,0.004731619637395447,0.35916101581609416,nn:pooled
2006-09,0.006820156996063728,0.006181091652798319,0.31953267163270427,nn:pooled
2006-10,0.0017594314847098678,0.0011991766529062553,0.28012741590180634,nn:pooled
2006-11,-0.002848987252447843,-0.0034414891945290737,0.2962509710406153,nn:pooled
2006-12,0.009564476008921446,0.008838198357703199,0.36313882560912303,nn:pooled
2007-01,0.0015295476002584944,0.0006029241172329868,0.46331174151275384,nn:pooled
2007-02,0.0006723682981117814,-5.950146760576715e-05,0.3659348828587743,nn:pooled
2007-03,0.00833316352339461,0.007686222638746368,0.3234704423241212,nn:pooled
2007-04,0.00427433183814491,0.003669671169396309,0.302330334374301,nn:pooled
2007-05,0.0027176437501262073,0.0019788236528656515,0.36941004863027793,nn:pooled
2007-06,0.002271355732586778,0.001648938051025684,0.311208840780547,nn:pooled
2007-07,0.005099749453783397,0.004425272280374869,0.3372385867042637,nn:pooled
2007-08,0.0021341762779381475,0.0015135202683659414,0.3103280047861031,nn:pooled
2007-09,0.008919952723409423,0.008237106187312873,0.34142326804827505,nn:pooled
2007-10,0.0008613094105242235,0.00020136422503858596,0.3299725927428189,nn:pooled
2007-11,0.010905882694120548,0.01030337657925634,0.301253057432105,nn:pooled
2007-12,0.0074217893469248,0.006778292863827574,0.3217482415486134,nn:pooled
2008-01,0.0017932614718863592,0.0008647535467023873,0.464253962591986,nn:pooled
2008-02,0.0028197456852123433,0.002192281360914642,0.3137321621488508,nn:pooled
2008-03,0.0019376916373433934,0.0012140843331424427,0.36180365210047527,nn:pooled
2008-04,0.00518618646020763,0.004567689369202288,0.309248545502671,nn:pooled
2008-05,0.007798035967591297,0.007114584076756081,0.34172594541760776,nn:pooled
2008-06,0.0030217301790794017,0.0023653224476089694,0.3282038657352163,nn:pooled
2008-07,0.007014462308457538,0.0063550551939188064,0.32970355726936634,nn:pooled
2008-08,0.0028395194585493144,0.002221234950303113,0.3091422541231004,nn:pooled
2008-09,0.002707690532100582,0.0020591946792089606,0.3242479264458107,nn:pooled
2008-10,0.005611060323700514,0.005018960113447844,0.2960501051263347,nn:pooled
2008-11,0.0012638808869377186,0.000593000806040758,0.33544004044848025,nn:pooled
2008-12,0.005670333801988246,0.005002238769835573,0.33404751607633615,nn:pooled
2009-01,0.005906861421187324,0.005069298184202829,0.4187816184922475,nn:pooled
2009-02,0.002944403463290837,0.00259642610815916,0.17398867756583858,nn:pooled
2009-03,0.007497765571361072,0.007161612243485749,0.16807666393766107,nn:pooled
2009-04,0.0021340520089997645,0.001749704654863537,0.19217367706811384,nn:pooled
2009-05,0.001038538606249965,0.0006565865657613451,0.19097602024430993,nn:pooled
2009-06,0.003585491616542298,0.0032478241252918427,0.16883374562522754,nn:pooled
2009-07,0.0018075613729430242,0.0014779041329806906,0.16482861998116666,nn:pooled
2009-08,0.00793667287088502,0.007626838568885472,0.1549171509997742,nn:pooled
2009-09,0.002649467391855818,0.0022910065631429077,0.1792304143564553,nn:pooled
2009-10,0.005927757271303256,0.005600404396588312,0.16367643735747212,nn:pooled
2009-11,0.0036955550193275275,0.003397852709320606,0.1488511550034607,nn:pooled
2009-12,0.0035037044339397004,0.003161906143327684,0.1708991453060084,nn:pooled
2010-01,0.0077314939758221695,0.007083665016159436,0.3239144798313667,nn:pooled
2010-02,0.0016458267870648926,0.0011350374495015384,0.25539466878167716,nn:pooled
2010-03,0.0029972851841008124,0.002467768081322121,0.2647585513893458,nn:pooled
2010-04,0.010028783269798294,0.00955949233385041,0.23464546797394262,nn:pooled
2010-05,0.0007811648350538275,0.00022050306179465613,0.2803308866295856,nn:pooled
2010-06,-0.0010420064913376653,-0.0015641833154975988,0.26108841207996675,nn:pooled
2010-07,0.0018694082324901499,0.0013129237613290277,0.27824223558056116,nn:pooled
2010-08,0.003142104166659155,0.0025816151948749883,0.28024448589208334,nn:pooled
2010-09,0.0009718833318460773,0.00044477669833997875,0.26355331675304927,nn:pooled
2010-10,0.0007278219237292417,0.00018779202158802596,0.27001495107060786,nn:pooled
2010-11,0.005308592963719109,0.004707286508099465,0.3006532278098216,nn:pooled
2010-12,0.001049117180875838,0.0005369373282962644,0.2560899262897868,nn:pooled
2011-01,0.011380258504907256,0.010668247532982277,0.35600548596248965,nn:pooled
2011-02,0.0015661916231871124,0.001094268277647335,0.23596167276988878,nn:pooled
2011-03,0.0062857034262207186,0.005769408902148979,0.2581472620358696,nn:pooled
2011-04,0.009445301047661114,0.008898695799817625,0.2733026239217451,nn:pooled
2011-05,0.003196497826832637,0.002688147009541212,0.2541754086457126,nn:pooled
2011-06,0.0014097283456914272,0.0008566132350824177,0.2765575553045046,nn:pooled
2011-07,0.005518594358450154,0.005026631783399897,0.24598128752512827,nn:pooled
2011-08,0.0052977157516569135,0.004839923539225284,0.22889610621581466,nn:pooled
2011-09,0.00644395951921274,0.005946664708359193,0.24864740542677322,nn:pooled
2011-10,0.0052937884692675075,0.004880451066512607,0.2066687013774504,nn:pooled
2011-11,0.004099367359895851,0.0036275905898198444,0.23588838503800327,nn:pooled
2011-12,0.0022996676296536188,0.0018284948322715598,0.2355863986910295,nn:pooled
2012-01,0.0033968757503341387,0.002773124542044889,0.3118756041446249,nn:pooled
2012-02,0.007243533855299732,0.006807801030124756,0.21786641258748804,nn:pooled
2012-03,0.0028681997822403112,0.0023958499777025632,0.23617490226887394,nn:pooled
2012-04,0.00285573476290044,0.0024071907732376276,0.22427199483140606,nn:pooled
2012-05,0.0005031375682050879,8.145173735812688e-05,0.2108429154234804,nn:pooled
2012-06,0.0037686810407929244,0.003390355667922193,0.1891626864353655,nn:pooled
2012-07,-0.006903642741939584,-0.007351072223067051,0.22371474056373275,nn:pooled
2012-08,0.005696496037275432,0.005224507873853309,0.23599408171106187,nn:pooled
2012-09,0.0036962127130896532,0.0032870463662769637,0.20458317340634483,nn:pooled
2012-10,0.0033095297236540094,0.002889960578602006,0.20978457252600177,nn:pooled
2012-11,0.007258101715222983,0.006806148650448631,0.2259765323871758,nn:pooled
2012-12,0.0029588498919807995,0.002540983721725011,0.20893308512789396,nn:pooled
2013-01,0.004506115837318018,0.0038075830671159185,0.34926638510104924,nn:pooled
2013-02,0.0029095611974123293,0.002551329890065228,0.17911565367355078,nn:pooled
2013-03,0.0022359267049579306,0.0019332637218472614,0.15133149155533457,nn:pooled
2013-04,-0.0030473026827415916,-0.0034088725103357817,0.18078491379709521,nn:pooled
2013-05,0.005778891238666515,0.005412129422917435,0.18338090787453976,nn:pooled
2013-06,0.005570815098388888,0.0052149733519432275,0.17792087322283046,nn:pooled
2013-07,-0.007090359090870868,-0.007504137975317508,0.20688944222332037,nn:pooled
2013-08,0.0017977434142398717,0.0014253811999358826,0.18618110715199448,nn:pooled
2013-09,0.0033025070863297716,0.002999031970385947,0.15173755797191207,nn:pooled
2013-10,0.0014126361349495462,0.0010905272113411314,0.16105446180420743,nn:pooled
2013-11,0.0022203201679230596,0.001890335385126261,0.16499239139839927,nn:pooled
2013-12,0.0036811443558125477,0.0033266855420017657,0.1772294069053908,nn:pooled
2014-01,0.004760880909646536,0.004280218762991959,0.2403310733272886,nn:pooled
2014-02,0.00645676839773201,0.006006952589958553,0.22490790388672888,nn:pooled
2014-03,0.004225098576032109,0.0038073599014320446,0.20886933730003182,nn:pooled
2014-04,0.004355909561972808,0.003938937410127038,0.20848607592288532,nn:pooled
2014-05,0.008876038982245588,0.00844610948469272,0.21496474877643432,nn:pooled
2014-06,0.004370684704971792,0.004007305645871506,0.18168952955014359,nn:pooled
2014-07,0.0005232115268164622,0.00019313648926029493,0.16503751877808362,nn:pooled
2014-08,0.0026053083431600886,0.0022875938173242795,0.15885726291790442,nn:pooled
2014-09,0.009556381836386133,0.009213084734366194,0.17164855100996965,nn:pooled
2014-10,0.0020325686369364847,0.0016504118181911555,0.19107840937266451,nn:pooled
2014-11,0.0049949414671160985,0.004649540721894148,0.1727003726109751,nn:pooled
2014-12,0.009764143477738733,0.009437168845017609,0.16348731636056232,nn:pooled
2015-01,0.006520606926863452,0.006043169336629903,0.23871879511677466,nn:pooled
2015-02,0.00783079167753298,0.007536320470313706,0.14723560360963647,nn:pooled
2015-03,0.007658888451722166,0.007319524366074969,0.16968204282359822,nn:pooled
2015-04,0.007191991371719804,0.0068777555707237245,0.15711790049803942,nn:pooled
2015-05,0.006737347379414202,0.0063760973164389955,0.18062503148760334,nn:pooled
2015-06,0.0043945935621408005,0.004092049163207887,0.1512721994664568,nn:pooled
2015-07,0.003971551160360425,0.003634104855178885,0.16872315259076964,nn:pooled
2015-08,7.21785898982791e-05,-0.0002711864341615955,0.17168251202993734,nn:pooled
2015-09,0.0008897643167993792,0.0005771508200645608,0.15630674836740915,nn:pooled
2015-10,0.009606185639154958,0.009291461615677017,0.15736201173897052,nn:pooled
2015-11,0.001049011287023111,0.0007509825169473782,0.1490143850378664,nn:pooled
2015-12,0.0008955802707815257,0.0005566799796401251,0.1694501455707001,nn:pooled
2016-01,0.009110149690378527,0.008478087745943096,0.3160309722177153,nn:pooled
2016-02,0.006686050571792671,0.006339250869258439,0.17339985126711607,nn:pooled
2016-03,0.00981854344591775,0.00946107617061297,0.17873363765238906,nn:pooled
2016-04,0.009907347593700162,0.0096187983603878,0.14427461665618088,nn:pooled
2016-05,0.002231586595956387,0.001905291322075297,0.16314763694054504,nn:pooled
2016-06,-0.0012504697888459388,-0.0015653719120004,0.15745106157723054,nn:pooled
2016-07,0.003501141926697364,0.0031841845319060596,0.15847869739565207,nn:pooled
2016-08,0.006242179387379419,0.005938108605914387,0.1520353907325158,nn:pooled
2016-09,0.006746800367866971,0.006443148883187697,0.151825742339637,nn:pooled
2016-10,0.003980252241896942,0.003680467168906512,0.14989253649521486,nn:pooled
2016-11,0.003806633887030125,0.0035259533814448476,0.1403402527926388,nn:pooled
2016-12,0.006231597133376654,0.005925668407520678,0.1529643629279878,nn:pooled
2017-01,0.01021905199523087,0.009498832345652283,0.36010982478929227,nn:pooled
2017-02,0.004833269637827754,0.0043739119575395315,0.2296788401441111,nn:pooled
2017-03,0.004798815567031425,0.0043376487710804785,0.23058339797547384,nn:pooled
2017-04,0.005430474832360525,0.005011942099954982,0.20926636620277192,nn:pooled
2017-05,0.003525019857057877,0.003158727537988268,0.18314615953480431,nn:pooled
2017-06,0.0016045398553010924,0.001246901343555605,0.17881925587274355,nn:pooled
2017-07,0.0030803902993657714,0.002668782026118677,0.20580413662354738,nn:pooled
2017-08,0.0006299797652072959,0.0002246605732722283,0.20265959596753372,nn:pooled
2017-09,0.005865653169960258,0.0054649105630547035,0.200371303452777,nn:pooled
2017-10,0.006534439715767933,0.006194039063631638,0.17020032606814806,nn:pooled
2017-11,0.007258751887409995,0.006852366562646086,0.20319266238195427,nn:pooled
2017-12,0.008700784047856938,0.00824638745749948,0.22719829517872914,nn:pooled
2018-01,0.005920858780728565,0.005277868482037779,0.32149514934539314,nn:pooled
2018-02,0.011854089498880801,0.011550855258009638,0.15161712043558107,nn:pooled
2018-03,0.01093854343618866,0.010641071626921777,0.14873590463344108,nn:pooled
2018-04,0.002288776585413619,0.0019877547927890133,0.15051089631230266,nn:pooled
2018-05,0.006153546971981665,0.00587471632051852,0.13941532573157284,nn:pooled
2018-06,0.009599007643256125,0.009304125461294057,0.1474410909810341,nn:pooled
2018-07,0.0008393866773396847,0.0005387469340744089,0.15031987163263774,nn:pooled
2018-08,0.002183235637444693,0.0018948934863617568,0.14417107554146802,nn:pooled
2018-09,0.0047009834101025124,0.004381659687531952,0.15966186128528037,nn:pooled
2018-10,0.0019801604242067313,0.001657929389214809,0.16111551749596104,nn:pooled
2018-11,0.001018159834648455,0.0007246474603786159,0.1467561871349194,nn:pooled
2018-12,5.9559746616896824e-05,-0.000218756988826219,0.13915836772155776,nn:pooled
2019-01,0.005896466973274451,0.00537279212916774,0.26183742205335536,nn:pooled
2019-02,0.0030040097321641854,0.0027730543275633003,0.11547770230044267,nn:pooled
2019-03,0.0004083390470855841,0.00019568986756691433,0.1063245897593347,nn:pooled
2019-04,0.000982262068955472,0.0007785012944397904,0.10188038725784071,nn:pooled
2019-05,0.0019863112140682065,0.001762768731813425,0.11177124112739083,nn:pooled
2019-06,0.006471450445416085,0.006240694991219418,0.1153777270983338,nn:pooled
2019-07,0.0076738260992830955,0.007431096546084571,0.12136477659926251,nn:pooled
2019-08,0.004789044818907354,0.004519590087655481,0.13472736562593604,nn:pooled
2019-09,0.007293545293925604,0.007048390640534453,0.12257732669557556,nn:pooled
2019-10,0.006490189751819016,0.0062425125845891865,0.12383858361491464,nn:pooled
2019-11,0.009569369611466596,0.009324878328551271,0.12224564145766216,nn:pooled
2019-12,0.003647190065791692,0.0034517739406583346,0.0977080625666787,nn:pooled
2005-01,0.0023225708283851356,0.0023225708283851356,0.0,ols:dm_only
2005-02,-0.0011488212973063646,-0.0013989515875427266,0.1250651451181811,ols:dm_only
2005-03,0.009486746521915796,0.009216329954484842,0.1352082837154775,ols:dm_only
2005-04,0.005715255973912145,0.005452460598981802,0.13139768746517186,ols:dm_only
2005-05,0.004194847198931648,0.0039419329256890605,0.12645713662129346,ols:dm_only
2005-06,-0.0012861670024844427,-0.0015716588931218981,0.14274594531872797,ols:dm_only
2005-07,0.002055742017032449,0.001777509476902976,0.1391162700647365,ols:dm_only
2005-08,0.0018574470319292443,0.0015822505532228145,0.1375982393532152,ols:dm_only
2005-09,0.0032801196913014403,0.003012200390326054,0.1339596504876933,ols:dm_only
2005-10,0.0023616507961818256,0.002108585880476711,0.12653245785255737,ols:dm_only
2005-11,-0.00037865999660881625,-0.0006695108364188961,0.14542541990504,ols:dm_only
2005-12,0.0036160150045146215,0.0033049801077637943,0.15551744837541348,ols:dm_only
2006-01,0.005309776375954848,0.005020984049396096,0.14439616327937613,ols:dm_only
2006-02,0.004593844807093603,0.004346775622468937,0.12353459231233278,ols:dm_only
2006-03,0.0004200003930474836,0.0001508675342971548,0.13456642937516428,ols:dm_only
2006-04,0.005531111158260172,0.005278255437558989,0.12642786035059173,ols:dm_only
2006-05,0.008989188765958781,0.00871257161559403,0.13830857518237502,ols:dm_only
2006-06,0.0039527531989152626,0.0036994037194248235,0.12667473974521962,ols:dm_only
2006-07,0.003298911604144426,0.003022689776681791,0.13811091373131723,ols:dm_only
2006-08,0.006869422966513195,0.006608551157128372,0.1304359046924115,ols:dm_only
2006-09,0.0072343476665843376,0.006984509986136837,0.12491884022375008,ols:dm_only
2006-10,0.0025832682288192627,0.002319854480687368,0.13170687406594725,ols:dm_only
2006-11,-0.0040324831896152245,-0.004306735429451413,0.13712611991809417,ols:dm_only
2006-12,0.0089333265578408,0.008654653252160239,0.1393366528402803,ols:dm_only
2007-01,0.0026182398339019723,0.0022779783355446823,0.17013074917864496,ols:dm_only
2007-02,0.0014232300335598781,0.0011376985298910433,0.14276575183441753,ols:dm_only
2007-03,0.008283565943121546,0.007973079138977697,0.1552434020719241,ols:dm_only
2007-04,0.00569134906020336,0.005413100375539746,0.1391243423318072,ols:dm_only
2007-05,0.003246474981500061,0.0029200724648218404,0.16320125833911012,ols:dm_only
2007-06,0.002577921046362317,0.0023010116078317714,0.13845471926527297,ols:dm_only
2007-07,0.006507974832133514,0.006201177093838412,0.15339886914755063,ols:dm_only
2007-08,0.001727678226148431,0.001441448949248261,0.14311463845008485,ols:dm_only
2007-09,0.00854208708274989,0.008259065906159494,0.1415105882951986,ols:dm_only
2007-10,0.0011717265914801308,0.0008777871188819046,0.14696973629911295,ols:dm_only
2007-11,0.01102038733338847,0.010749608928113346,0.13538920263756224,ols:dm_only
2007-12,0.007037034947069269,0.00674483912267673,0.14609791219626925,ols:dm_only
2008-01,0.001343073735437957,0.0010308648199491173,0.15610445774442014,ols:dm_only
2008-02,0.0035566745436048683,0.0032814689483460597,0.13760279762940433,ols:dm_only
2008-03,0.0033312876389354914,0.0030323588514982436,0.14946439371862363,ols:dm_only
2008-04,0.005369634812859957,0.005094367090354172,0.13763386125289243,ols:dm_only
2008-05,0.008077523891581014,0.007767631035671963,0.1549464279545256,ols:dm_only
2008-06,0.0038507904340025845,0.0035702379983731675,0.1402762178147085,ols:dm_only
2008-07,0.005935586617230778,0.00566538295334876,0.13510183194100897,ols:dm_only
2008-08,0.0016930958459086985,0.0014244530341172498,0.13432140589572428,ols:dm_only
2008-09,0.0015263885856915248,0.001243586801391318,0.14140089215010335,ols:dm_only
2008-10,0.005784163753776373,0.005515058149481428,0.13455280214747237,ols:dm_only
2008-11,0.0008162984206156476,0.0005436715309580225,0.13631344482881258,ols:dm_only
2008-12,0.004534081899315137,0.004242236847711448,0.1459225258018446,ols:dm_only
2009-01,0.005628665164100183,0.005356771104922239,0.13594702958897187,ols:dm_only
2009-02,0.002220772369065337,0.0019737674850939845,0.12350244198567611,ols:dm_only
2009-03,0.006490467774364072,0.006251766165270533,0.11935080454676969,ols:dm_only
2009-04,0.002647332582159595,0.002411930970153826,0.11770080600288439,ols:dm_only
2009-05,0.0005189569619459862,0.0002792814242648057,0.11983776884059034,ols:dm_only
2009-06,0.0036975069523816364,0.0034768118769690406,0.11034753770629775,ols:dm_only
2009-07,0.002394562754032676,0.0021702712641083312,0.11214574496217274,ols:dm_only
2009-08,0.007114291157105265,0.006922544821650185,0.09587316772753998,ols:dm_only
2009-09,0.0020477995729923744,0.0018318548182975338,0.1079723773474203,ols:dm_only
2009-10,0.004890548134983944,0.004653107526177709,0.1187203044031179,ols:dm_only
2009-11,0.003208220406474907,0.0029875208782777786,0.1103497640985641,ols:dm_only
2009-12,0.0023247861593844836,0.002108189758140583,0.10829820062195013,ols:dm_only
2010-01,0.00778361120846342,0.007552622799746643,0.11549420435838846,ols:dm_only
2010-02,0.002356790738450248,0.0021216281447478703,0.11758129685118907,ols:dm_only
2010-03,0.0014131122761066252,0.0011912089149849847,0.11095168056082012,ols:dm_only
2010-04,0.01051849460098395,0.010314165652642567,0.1021644741706915,ols:dm_only
2010-05,0.0010777919093680967,0.0008669981869088169,0.10539686122964002,ols:dm_only
2010-06,-0.0005707981020591086,-0.0007889634967266375,0.10908269733376438,ols:dm_only
2010-07,0.0028605765587554266,0.0026494674063185226,0.10555457621845199,ols:dm_only
2010-08,0.003433294846424049,0.0032185228959260665,0.10738597524899088,ols:dm_only
2010-09,-0.0001707950456710421,-0.00037635102789693414,0.10277799111294587,ols:dm_only
2010-10,0.0015391969981378838,0.001329968986450548,0.10461400584366796,ols:dm_only
2010-11,0.006593246167164632,0.006350222764315843,0.12151170142439442,ols:dm_only
2010-12,0.001487926434519866,0.0012749043292334442,0.10651105264321081,ols:dm_only
2011-01,0.012117509855297033,0.011907944222326444,0.10478281648529476,ols:dm_only
2011-02,0.0012610052353152078,0.0010897894649203803,0.08560788519741351,ols:dm_only
2011-03,0.00635181045854885,0.006157265125277666,0.09727266663559216,ols:dm_only
2011-04,0.00951603636240271,0.009318049543994804,0.09899340920395314,ols:dm_only
2011-05,0.00435500833029711,0.0041523369307144686,0.10133569979132045,ols:dm_only
2011-06,0.0016481347802654765,0.0014719911464309808,0.0880718169172479,ols:dm_only
2011-07,0.0056916136471319104,0.005526743392281768,0.08243512742507181,ols:dm_only
2011-08,0.00643436024268652,0.006257894397827306,0.08823292242960694,ols:dm_only
2011-09,0.004948566537164456,0.004773054680159591,0.08775592850243234,ols:dm_only
2011-10,0.005922961343125571,0.005742898908053951,0.09003121753580998,ols:dm_only
2011-11,0.006847990120598094,0.006666186069980278,0.09090202530890781,ols:dm_only
2011-12,0.0017357285959535003,0.0015462942796325234,0.09471715816048834,ols:dm_only
2012-01,0.003582142348435241,0.0033999392671920864,0.09110154062157708,ols:dm_only
2012-02,0.006499020605015426,0.0063088447174442525,0.09508794378558659,ols:dm_only
2012-03,0.003080909451836016,0.0029007961478930127,0.0900566519715014,ols:dm_only
2012-04,0.0036446880169812945,0.003448704039517971,0.0979919887316618,ols:dm_only
2012-05,0.0011805495730262858,0.0009926738597198963,0.09393785665319465,ols:dm_only
2012-06,0.0035964644740022764,0.0033879572010147305,0.10425363649377292,ols:dm_only
2012-07,-0.0065198116801334135,-0.006707686231512941,0.09393727568976375,ols:dm_only
2012-08,0.005449327635481329,0.00525607587865732,0.09662587841200473,ols:dm_only
2012-09,0.003037083170340707,0.002843446791465724,0.09681818943749144,ols:dm_only
2012-10,0.003005840126214039,0.0027832631028590765,0.1112885116774811,ols:dm_only
2012-11,0.007336696184751381,0.007135464029225186,0.1006160777630975,ols:dm_only
2012-12,0.0015878612292215364,0.0014060382821474776,0.09091147353702948,ols:dm_only
2013-01,0.004349595062169299,0.004138688344429776,0.10545335886976119,ols:dm_only
2013-02,0.002471701339266839,0.002273152340798043,0.09927449923439827,ols:dm_only
2013-03,0.002000993392124781,0.0018188594648550055,0.0910669636348876,ols:dm_only
2013-04,-0.0023118296970807326,-0.0025447481401922605,0.11645922155576399,ols:dm_only
2013-05,0.006520117720845501,0.00629251725911724,0.11380023086413053,ols:dm_only
2013-06,0.006098471333473781,0.005906268906196533,0.09610121363862406,ols:dm_only
2013-07,-0.006347424498260922,-0.006546255802838949,0.09941565228901335,ols:dm_only
2013-08,0.0012397803155304898,0.0010287756607689034,0.10550232738079325,ols:dm_only
2013-09,0.0031703296223039345,0.0029724920032850577,0.09891880950943836,ols:dm_only
2013-10,0.0010411552617108362,0.0008507041594939214,0.09522555110845722,ols:dm_only
2013-11,0.0018025946159839054,0.0015972545525188057,0.10267003173254989,ols:dm_only
2013-12,0.004627428075895714,0.004413083418174413,0.10717232886065087,ols:dm_only
2014-01,0.00532597573139286,0.005133095051243562,0.09644034007464866,ols:dm_only
2014-02,0.00552880539272236,0.005326787833452715,0.10100877963482266,ols:dm_only
2014-03,0.004989978763790318,0.004795541994628509,0.09721838458090443,ols:dm_only
2014-04,0.004503133477353514,0.004307324640854078,0.0979044182497183,ols:dm_only
2014-05,0.008837947623571757,0.008632147046079609,0.10290028874607499,ols:dm_only
2014-06,0.004758354394170783,0.00456001547369268,0.09916946023905131,ols:dm_only
2014-07,-1.001845196677928e-05,-0.00020926771438838445,0.09962463121080259,ols:dm_only
2014-08,0.0024048087764807153,0.0021872305712196654,0.10878910263052502,ols:dm_only
2014-09,0.010111335379525055,0.00992745828774181,0.09193854589162273,ols:dm_only
2014-10,0.002890421037034987,0.002731141414887265,0.07963981107386085,ols:dm_only
2014-11,0.005175739450141682,0.004991467596101881,0.09213592701990066,ols:dm_only
2014-12,0.01009371621658027,0.009912389232477527,0.09066349205137067,ols:dm_only
2015-01,0.006716271210517482,0.0065215012021423,0.097385004187591,ols:dm_only
2015-02,0.007378366480665543,0.007207482726945947,0.08544187685979747,ols:dm_only
2015-03,0.007395095533318819,0.007215376846876283,0.08985934322126796,ols:dm_only
2015-04,0.00847285501598534,0.008286421015549788,0.09321700021777524,ols:dm_only
2015-05,0.006619092869170564,0.006440788872596808,0.08915199828687766,ols:dm_only
2015-06,0.0056361891151393215,0.00546103974923551,0.08757468295190625,ols:dm_only
2015-07,0.003994901423194343,0.0038096230289201543,0.09263919713709404,ols:dm_only
2015-08,-0.0007616393453161462,-0.0009357860987887749,0.08707337673631448,ols:dm_only
2015-09,0.0014674529080372476,0.0012945142160778011,0.08646934597972321,ols:dm_only
2015-10,0.010317523241018001,0.010146707747297897,0.08540774686005134,ols:dm_only
2015-11,0.0006185245181593726,0.00044795330599790655,0.08528560608073288,ols:dm_only
2015-12,0.0009904409421866804,0.0008070891490872082,0.09167589654973617,ols:dm_only
2016-01,0.008695394433150542,0.008485717849402103,0.10483829187421936,ols:dm_only
2016-02,0.006204397746192136,0.0060250188310004065,0.08968945759586487,ols:dm_only
2016-03,0.010469969057237658,0.010291739650659316,0.0891147032891717,ols:dm_only
2016-04,0.009706313781565456,0.00953871036288715,0.08380170933915324,ols:dm_only
2016-05,0.0030376335821564963,0.0028857735266008358,0.07593002777783016,ols:dm_only
2016-06,-0.0006048951852180398,-0.0007583531449641395,0.07672897987304983,ols:dm_only
2016-07,0.004046206683166665,0.003879265853131258,0.08347041501770333,ols:dm_only
2016-08,0.006817754801002726,0.006664372103768959,0.07669134861688329,ols:dm_only
2016-09,0.005863631219006522,0.005686497046270153,0.08856708636818447,ols:dm_only
2016-10,0.004236862369123364,0.004068173017888177,0.0843446756175937,ols:dm_only
2016-11,0.005658338920451244,0.005507901400239131,0.07521876010605641,ols:dm_only
2016-12,0.005345468531285551,0.005155508237594865,0.0949801468453428,ols:dm_only
2017-01,0.010703058279976738,0.010507754453634164,0.09765191317128666,ols:dm_only
2017-02,0.005250271795640873,0.005059829840500738,0.09522097757006835,ols:dm_only
2017-03,0.004036097970595469,0.0038797445557124674,0.07817670744150072,ols:dm_only
2017-04,0.004905045645899053,0.004727154356287377,0.08894564480583812,ols:dm_only
2017-05,0.002860953007072681,0.0027048154227648836,0.07806879215389878,ols:dm_only
2017-06,0.0016114596739098936,0.0014363726453689152,0.08754351427048913,ols:dm_only
2017-07,0.003267313003357893,0.0030997876422325134,0.0837626805626899,ols:dm_only
2017-08,0.000554498839558168,0.0003868022165268172,0.08384831151567547,ols:dm_only
2017-09,0.00656461587921405,0.006369269141034421,0.0976733690898147,ols:dm_only
2017-10,0.005645454301356052,0.005477648502983716,0.08390289918616789,ols:dm_only
2017-11,0.008434669007667699,0.00825276084579513,0.09095408093628443,ols:dm_only
2017-12,0.009113774279489482,0.008944829991838488,0.08447214382549782,ols:dm_only
2018-01,0.00586620130717794,0.005680025997070559,0.09308765505369072,ols:dm_only
2018-02,0.011461622526859234,0.01129215594281582,0.0847332920217062,ols:dm_only
2018-03,0.010345989566559726,0.010170349590406792,0.08781998807646803,ols:dm_only
2018-04,0.002572302415842153,0.00240261532284644,0.08484354649785623,ols:dm_only
2018-05,0.006447633551252125,0.006281289155386956,0.08317219793258426,ols:dm_only
2018-06,0.009512301684088096,0.009345794294520553,0.0832536947837714,ols:dm_only
2018-07,0.0005572670551931496,0.0003771476710849247,0.09005969205411231,ols:dm_only
2018-08,0.002628825120736299,0.002450541851017683,0.08914163485930814,ols:dm_only
2018-09,0.00469288793674235,0.004516642448366349,0.08812274418800112,ols:dm_only
2018-10,0.0018706841930161994,0.00169909025860816,0.08579696720401961,ols:dm_only
2018-11,0.0006002700656246346,0.00043005252606624395,0.08510876977919526,ols:dm_only
2018-12,-8.381301852706353e-05,-0.00024197277641525524,0.07907987894409588,ols:dm_only
2019-01,0.005503975938942279,0.005311425101894007,0.09627541852413607,ols:dm_only
2019-02,0.0036842476946900606,0.003490016299897048,0.09711569739650641,ols:dm_only
2019-03,0.0005290343442890728,0.000346223497711635,0.0914054232887189,ols:dm_only
2019-04,0.0010397994617597807,0.0008603765495488031,0.0897114561054887,ols:dm_only
2019-05,0.0022853656165988095,0.0020888727401022033,0.0982464382483032,ols:dm_only
2019-06,0.007116927034293661,0.0069273487082178,0.09478916303793061,ols:dm_only
2019-07,0.007661392192378445,0.007459209862349073,0.10109116501468615,ols:dm_only
2019-08,0.0046983053944586566,0.004496796046753175,0.1007546738527409,ols:dm_only
2019-09,0.007677018605896926,0.0074874430310531166,0.09478778742190502,ols:dm_only
2019-10,0.005992806290616621,0.005799840833170516,0.09648272872305222,ols:dm_only
2019-11,0.009593260283464179,0.009409061786860518,0.09209924830183137,ols:dm_only
2019-12,0.0028662613637954475,0.0026690537935213886,0.09860378513702962,ols:dm_only
2005-01,0.0025570612102906415,0.0025570612102906415,0.0,ols:own
2005-02,-0.0008864860081551614,-0.0012460205739482522,0.17976728289654528,ols:own
2005-03,0.009639354995885389,0.009277462694524648,0.1809461506803707,ols:own
2005-04,0.006473899002040951,0.006098264701865154,0.18781715008789857,ols:own
2005-05,0.005720741009580626,0.005356343003250407,0.1821990031651097,ols:own
2005-06,-0.00019610397756245415,-0.0006232986740737957,0.21359734825567067,ols:own
2005-07,0.0028704190789473243,0.0024723577092399035,0.19903068485371034,ols:own
2005-08,0.0031681859269557136,0.0027800128015662917,0.19408656269471108,ols:own
2005-09,0.005290749713739185,0.004919637026609188,0.18555634356499806,ols:own
2005-10,0.0026516689969327857,0.002294268369362025,0.17870031378538037,ols:own
2005-11,0.00020277284042828896,-0.00020319450016730825,0.20298367029779854,ols:own
2005-12,0.004479916550002784,0.004062234919422273,0.2088408152902554,ols:own
2006-01,0.006406293661847153,0.005922833608360109,0.24173002674352162,ols:own
2006-02,0.0062846412203692425,0.0058362857975399396,0.2241777114146514,ols:own
2006-03,0.0015344886435179074,0.0010853488415386314,0.22456990098963794,ols:own
2006-04,0.0063518354432412815,0.005947412562950046,0.20221144014561768,ols:own
2006-05,0.008404403280068532,0.007941061993869823,0.2316706430993548,ols:own
2006-06,0.0040705270759643685,0.0036115850800459287,0.22947099795921988,ols:own
2006-07,0.003040944540219335,0.0025464586941637193,0.24724292302780787,ols:own
2006-08,0.006794246240036229,0.006358594101032152,0.21782606950203887,ols:own
2006-09,0.007364197153243856,0.006952731689172887,0.20573273203548434,ols:own
2006-10,0.0022100799198846097,0.001781659352635771,0.21421028362441943,ols:own
2006-11,-0.0030060922607566478,-0.0034401805787267242,0.21704415898503823,ols:own
2006-12,0.00936958992161111,0.008933839466832596,0.21787522738925652,ols:own
2007-01,0.0029822021560945303,0.0025717207113002483,0.20524072239714092,ols:own
2007-02,0.0012104005069996653,0.0008161111106774378,0.19714469816111366,ols:own
2007-03,0.00927655369720682,0.008853835957383233,0.2113588699117931,ols:own
2007-04,0.006070612158701603,0.0056879667651322475,0.19132269678467756,ols:own
2007-05,0.003514559159579652,0.003081595186250378,0.21648198666463703,ols:own
2007-06,0.0014911696103257616,0.0010916773215301865,0.19974614439778762,ols:own
2007-07,0.005308776904018373,0.004865366665135439,0.2217051194414669,ols:own
2007-08,0.0022138917256632885,0.0017918711674900101,0.21101027908663933,ols:own
2007-09,0.007473695057295368,0.00705934544772887,0.20717480478324882,ols:own
2007-10,0.0010715594622191314,0.0006384121035548523,0.21657367933213925,ols:own
2007-11,0.010269759284586117,0.009880085315531658,0.1948369845272291,ols:own
2007-12,0.007355474239047072,0.006938595352052839,0.20843944349711668,ols:own
2008-01,0.0017785619394524628,0.0013544059716188944,0.21207798391678448,ols:own
2008-02,0.0037707818891908676,0.0034063754538117617,0.18220321768955303,ols:own
2008-03,0.003676961423920858,0.003300941570628796,0.18800992664603103,ols:own
2008-04,0.0052701829336469636,0.004889202110433567,0.19049041160669794,ols:own
2008-05,0.0085280145547393,0.008112318526140982,0.20784801429915875,ols:own
2008-06,0.004012661938359667,0.00362369163114387,0.19448515360789814,ols:own
2008-07,0.006290708732117207,0.005910285310413295,0.19021171085195557,ols:own
2008-08,0.002046150882103767,0.0016835734255830485,0.18128872826035902,ols:own
2008-09,0.0014226797349929496,0.0010175819600461188,0.20254888747341548,ols:own
2008-10,0.0069559723234979476,0.006564366425274116,0.19580294911191573,ols:own
2008-11,0.0011346331793742465,0.000773595546690552,0.1805188163418472,ols:own
2008-12,0.003987701029298755,0.0035896696744515963,0.1990156774235795,ols:own
2009-01,0.00610842401943773,0.005645478930227985,0.23147254460487282,ols:own
2009-02,0.002423912607353411,0.002017145398585214,0.20338360438409867,ols:own
2009-03,0.006892467297762236,0.006472008730549591,0.21022928360632243,ols:own
2009-04,0.0027897937275056725,0.0023654503835679555,0.21217167196885856,ols:own
2009-05,0.0005805037500915172,0.00016097792782825842,0.20976291113162943,ols:own
2009-06,0.004064027191430251,0.0036607748757800074,0.20162615782512183,ols:own
2009-07,0.002193297349651363,0.0018215275242553603,0.18588491269800106,ols:own
2009-08,0.007621272754956795,0.007256571280787124,0.182350737084836,ols:own
2009-09,0.0016595662414094236,0.0012960227874518704,0.1817717269787766,ols:own
2009-10,0.004875797921444407,0.004473562498657162,0.20111771139362256,ols:own
2009-11,0.003752467618553378,0.0033390582479122365,0.2067046853205705,ols:own
2009-12,0.002462033185837208,0.002076940312641196,0.1925464365980058,ols:own
2010-01,0.007417530035020621,0.006990810255538539,0.2133598897410409,ols:own
2010-02,0.0022341450222934872,0.0018341101670577597,0.20001742761786365,ols:own
2010-03,0.0013691285227525123,0.0009048727426524087,0.23212789005005152,ols:own
2010-04,0.0107311279236044,0.010314018479418721,0.20855472209283932,ols:own
2010-05,0.00041740262532678296,5.208643620829316e-05,0.18265809455924484,ols:own
2010-06,-0.0006726281419791088,-0.001071327486615696,0.19934967231829354,ols:own
2010-07,0.003197823693257725,0.002778554955481562,0.20963436888808154,ols:own
2010-08,0.003462414391492457,0.0030814547170503483,0.19047983722105433,ols:own
2010-09,-0.0004968102966961202,-0.0008923483539606358,0.19776902863225776,ols:own
2010-10,0.0012162371445121598,0.0008295612514811752,0.1933379465154923,ols:own
2010-11,0.005805922129092589,0.0054021919202989505,0.20186510439681915,ols:own
2010-12,0.0015864436455531694,0.0011848864098522173,0.2007786178504763,ols:own
2011-01,0.011163080889438922,0.010814140716645668,0.17447008639662728,ols:own
2011-02,0.001746623698709125,0.0014501406914042396,0.14824150365244265,ols:own
2011-03,0.006346892322903763,0.00601533356069639,0.165779381103686,ols:own
2011-04,0.009412951162080112,0.009066033046114426,0.17345905798284406,ols:own
2011-05,0.00398315054261654,0.0036148049394366753,0.18417280158993235,ols:own
2011-06,0.0014736500340070922,0.0011256637305757896,0.17399315171565127,ols:own
2011-07,0.005934749819222038,0.005599057407587658,0.1678462058171896,ols:own
2011-08,0.006151489790732179,0.005829582205089934,0.16095379282112252,ols:own
2011-09,0.004598856084720572,0.004278349772248384,0.16025315623609418,ols:own
2011-10,0.005784605258354809,0.005458719576591208,0.1629428408818002,ols:own
2011-11,0.006723688151493228,0.006429823765560647,0.1469321929662901,ols:own
2011-12,0.0020711075284819682,0.0017299267345377242,0.17059039697212186,ols:own
2012-01,0.004322443479966149,0.004042285323271725,0.1400790783472124,ols:own
2012-02,0.006438061186719712,0.006184668403845649,0.12669639143703196,ols:own
2012-03,0.0029834622930055344,0.0027253881186229656,0.12903708719128465,ols:own
2012-04,0.003285004878702666,0.0030242457571485293,0.1303795607770683,ols:own
2012-05,0.0013627950278295863,0.0011090500068559042,0.12687251048684092,ols:own
2012-06,0.0030357222525380662,0.002766048417450152,0.13483691754395735,ols:own
2012-07,-0.006043322007060606,-0.006344990782825498,0.1508343878824459,ols:own
2012-08,0.006263129301664154,0.005961594519551025,0.15076739105656461,ols:own
2012-09,0.003532072054608372,0.003251981729856514,0.14004516237592907,ols:own
2012-10,0.00281583981919099,0.002533648077140597,0.14109587102519633,ols:own
2012-11,0.006993215779007134,0.006643391039473166,0.17491236976698368,ols:own
2012-12,0.002546673945165007,0.002243773177960581,0.15145038360221297,ols:own
2013-01,0.003945333940337104,0.003634580078809844,0.15537693076362966,ols:own
2013-02,0.0029156130137683684,0.0026069638180078025,0.15432459788028313,ols:own
2013-03,0.0019656386310869557,0.0016941660801496963,0.13573627546862976,ols:own
2013-04,-0.002068780018797647,-0.002397572249060174,0.16439611513126354,ols:own
2013-05,0.006176804065492158,0.005810658243613308,0.1830729109394249,ols:own
2013-06,0.006276659857015193,0.005963200830401708,0.15672951330674234,ols:own
2013-07,-0.006621243697560459,-0.00693006902660228,0.15441266452091074,ols:own
2013-08,0.0010765756301449865,0.0007447573314931476,0.16590914932591955,ols:own
2013-09,0.003808130006387734,0.003498549446243907,0.1547902800719135,ols:own
2013-10,0.0011045777855753806,0.0007933505891199327,0.15561359822772394,ols:own
2013-11,0.001355021393462029,0.0010417156797508393,0.1566528568555948,ols:own
2013-12,0.004126558065923702,0.003787597863076698,0.1694801014235018,ols:own
2014-01,0.005438759040720164,0.005049159796467847,0.19479962212615878,ols:own
2014-02,0.0049765582536953745,0.004638242345581671,0.16915795405685144,ols:own
2014-03,0.004677519789198887,0.004374608943851818,0.15145542267353432,ols:own
2014-04,0.0037688296774565444,0.003479657886320093,0.14458589556822588,ols:own
2014-05,0.008646235818299918,0.008297255375453625,0.1744902214231468,ols:own
2014-06,0.00483174582330634,0.004522698590413061,0.15452361644663917,ols:own
2014-07,0.0011926865629094182,0.0008581710510529004,0.1672577559282589,ols:own
2014-08,0.0030046732655467706,0.0026615888911765517,0.17154218718510938,ols:own
2014-09,0.010192997170627365,0.009915008988843607,0.1389940908918788,ols:own
2014-10,0.00274087629875818,0.002506813393217484,0.11703145277034784,ols:own
2014-11,0.00535786149373092,0.005076381391229563,0.14074005125067843,ols:own
2014-12,0.010276817103053025,0.009979645726440839,0.1485856883060929,ols:own
2015-01,0.006657540021000747,0.00638616105949029,0.13568948075522858,ols:own
2015-02,0.007623679764707221,0.007372788234676851,0.1254457650151852,ols:own
2015-03,0.007517956229395231,0.00721356956126321,0.15219333406601093,ols:own
2015-04,0.007823060151508802,0.007551260066638758,0.13590004243502204,ols:own
2015-05,0.006864373123560749,0.0066031617965732715,0.1306056634937388,ols:own
2015-06,0.005726047528362407,0.005481497043979228,0.12227524219158982,ols:own
2015-07,0.004290147798454729,0.00400694293756034,0.14160243044719467,ols:own
2015-08,-0.00011496447804044823,-0.00037083078809308574,0.12793315502631872,ols:own
2015-09,0.0008603800205772994,0.0006028424561504632,0.12876878221341803,ols:own
2015-10,0.010489061455301566,0.01022910759294375,0.12997693117890755,ols:own
2015-11,0.0011849926828678126,0.0009278000228592061,0.1285963300043032,ols:own
2015-12,0.00047691818086847493,0.00019767634940525466,0.13962091573161028,ols:own
2016-01,0.007965636808518476,0.007649530539073854,0.15805313472231142,ols:own
2016-02,0.0063617046033541385,0.0060677591985646324,0.1469727023947528,ols:own
2016-03,0.010236678555882645,0.009974976115419252,0.13085122023169582,ols:own
2016-04,0.010019953055166965,0.009774025238846006,0.12296390816047872,ols:own
2016-05,0.00339847291489025,0.0031697609555897247,0.11435597965026262,ols:own
2016-06,-0.0003407508249950157,-0.0005489977804591007,0.10412347773204267,ols:own
2016-07,0.004153454892432737,0.00392942464982934,0.11201512130169888,ols:own
2016-08,0.007029561102111581,0.006776237067856348,0.12666201712761596,ols:own
2016-09,0.006440094279135641,0.006153639104835415,0.143227587150113,ols:own
2016-10,0.0043014397950089395,0.004085010697303916,0.10821454885251153,ols:own
2016-11,0.005607914971852665,0.005374349292486102,0.11678283968328115,ols:own
2016-12,0.005693966162432335,0.005397101984762005,0.14843208883516487,ols:own
2017-01,0.010392442507774687,0.010169079011182507,0.11168174829608904,ols:own
2017-02,0.00532808390692198,0.005073336782248697,0.12737356233664157,ols:own
2017-03,0.004045357397184121,0.003826437340421406,0.10946002838135721,ols:own
2017-04,0.004977939240923776,0.0047158219210899285,0.13105865991692375,ols:own
2017-05,0.002863400363322338,0.0026341934469735024,0.11460345817441797,ols:own
2017-06,0.0023109427652491478,0.0020609270440274507,0.12500786061084862,ols:own
2017-07,0.004202827008092272,0.003950166236863815,0.12633038561422844,ols:own
2017-08,0.0005084522051602052,0.0002815565538893622,0.11344782563542155,ols:own
2017-09,0.006835899666365457,0.006577861466196481,0.12901910008448816,ols:own
2017-10,0.0057059663532589636,0.005467675832626046,0.1191452603164591,ols:own
2017-11,0.008406790413124891,0.0081434682795437,0.13166106679059542,ols:own
2017-12,0.009032657410847201,0.008785816635397955,0.12342038772462278,ols:own
2018-01,0.005922955802223124,0.0056074516242783454,0.15775208897238913,ols:own
2018-02,0.011108872721224742,0.0108523975060121,0.12823760760632133,ols:own
2018-03,0.010767513721929084,0.010513456506266988,0.12702860783104813,ols:own
2018-04,0.002113231876601834,0.0018759799239586024,0.11862597632161562,ols:own
2018-05,0.007467705991986226,0.007207831374242857,0.12993730887168473,ols:own
2018-06,0.010228772816593658,0.010003877622592604,0.1124475970005273,ols:own
2018-07,0.000436617934566975,0.00019465961749212733,0.1209791585374236,ols:own
2018-08,0.002758637043066626,0.0025298051464654058,0.1144159483006102,ols:own
2018-09,0.004537164016972386,0.00430669093708673,0.11523653994282776,ols:own
2018-10,0.0020628876407670013,0.0018091225343501785,0.12688255320841152,ols:own
2018-11,0.001533734389779044,0.0012961948061087512,0.11876979183514651,ols:own
2018-12,-0.0003171576343578642,-0.0005400203551127782,0.11143136037745699,ols:own
2019-01,0.005582414405140793,0.005313871485002102,0.13427146006934507,ols:own
2019-02,0.003343804547199143,0.003116550891667457,0.11362682776584285,ols:own
2019-03,0.0006115887188688095,0.0003863487507229118,0.11261998407294874,ols:own
2019-04,0.0012632448744155718,0.0010226997600567074,0.12027255717943207,ols:own
2019-05,0.0022459060236030923,0.001999547135402238,0.12317944410042717,ols:own
2019-06,0.007019406989892797,0.006771076622400339,0.1241651837462294,ols:own
2019-07,0.007812643501479165,0.007527479521826772,0.14258198982619696,ols:own
2019-08,0.004689364532721068,0.0043918050018052065,0.1487797654579307,ols:own
2019-09,0.007278853052579804,0.007003747434635007,0.1375528089723986,ols:own
2019-10,0.006220157821075673,0.005942618602679299,0.1387696091981868,ols:own
2019-11,0.009775602821169568,0.009497468446409514,0.13906718738002666,ols:own
2019-12,0.002933390705756444,0.0026807337435144425,0.12632848112100048,ols:own
2005-01,0.002473452647506805,0.002473452647506805,0.0,ols:pooled
2005-02,-0.0010474941950984393,-0.0013396675978346968,0.1460867013681287,ols:pooled
2005-03,0.009652793037801031,0.009345681243172777,0.1535558973141268,ols:pooled
2005-04,0.006062983300020457,0.005748925220470245,0.15702903977510643,ols:pooled
2005-05,0.00510363982777421,0.004809746503472535,0.14694666215083804,ols:pooled
2005-06,-0.0007093340855013138,-0.001056496141562827,0.17358102803075676,ols:pooled
2005-07,0.002472446764208457,0.0021483529818105036,0.1620468911989768,ols:pooled
2005-08,0.0024582310912740573,0.00214342018257778,0.15740545434813866,ols:pooled
2005-09,0.004292759605799241,0.0039872393377800705,0.1527601340095854,ols:pooled
2005-10,0.0024394887002261428,0.002141854914089239,0.1488168930684518,ols:pooled
2005-11,-0.00014787498508052094,-0.0004836440297707583,0.1678845223451187,ols:pooled
2005-12,0.00405311882278875,0.003697301431679443,0.17790869555465333,ols:pooled
2006-01,0.005854784854177728,0.005477690719479611,0.18854706734905877,ols:pooled
2006-02,0.005662494482419909,0.005318320986779137,0.1720867478203862,ols:pooled
2006-03,0.0009259335620967449,0.0005740895047166451,0.17592202869004978,ols:pooled
2006-04,0.0060953241019380275,0.005778329734952863,0.15849718349258207,ols:pooled
2006-05,0.008771568701537655,0.008409937479602447,0.1808156109676033,ols:pooled
2006-06,0.004080166708888043,0.0037380218029229514,0.1710724529825459,ols:pooled
2006-07,0.0032269979057435137,0.0028443592396975837,0.19131933302296508,ols:pooled
2006-08,0.006878761878967521,0.006536306961034912,0.17122745896630434,ols:pooled
2006-09,0.007322736775996171,0.006997332954217029,0.16270191088957098,ols:pooled
2006-10,0.0023035404955201,0.0019646239052224825,0.16945829514880875,ols:pooled
2006-11,-0.003426986901367915,-0.003774362462276915,0.17368778045449973,ols:pooled
2006-12,0.009260345124457342,0.008906260211836615,0.17704245631036394,ols:pooled
2007-01,0.002827857773546737,0.002473069823176875,0.17739397518493105,ols:pooled
2007-02,0.0012737518261622073,0.000939719573608438,0.16701612627688467,ols:pooled
2007-03,0.008921199898620322,0.008561317552597003,0.1799411730116599,ols:pooled
2007-04,0.005999233637245874,0.005673921522115413,0.16265605756523066,ols:pooled
2007-05,0.003459889315363734,0.003085707772469587,0.1870907714470736,ols:pooled
2007-06,0.0019928532328940844,0.0016639459173684265,0.16445365776282894,ols:pooled
2007-07,0.005892483955526732,0.005523624329549023,0.18442981298885455,ols:pooled
2007-08,0.002052575893867409,0.0017008227517708242,0.17587657104829257,ols:pooled
2007-09,0.008001096848196453,0.007657103799240311,0.17199652447807107,ols:pooled
2007-10,0.001155576219986278,0.0007929422526023386,0.18131698369196966,ols:pooled
2007-11,0.010598612080999343,0.010277093476229477,0.16075930238493408,ols:pooled
2007-12,0.007235081262152116,0.006882768503970539,0.1761563790907889,ols:pooled
2008-01,0.0016155815152727668,0.0012562357287677413,0.17967289325251284,ols:pooled
2008-02,0.0036772515731425697,0.0033619677772696623,0.15764189793645367,ols:pooled
2008-03,0.0034974721268212377,0.0031666203315923094,0.16542589761446394,ols:pooled
2008-04,0.005305509794455407,0.004985436326920636,0.16003673376738536,ols:pooled
2008-05,0.008352426330077671,0.00799604033271007,0.17819299868379962,ols:pooled
2008-06,0.003993023968089391,0.0036646294035243493,0.16419728228252087,ols:pooled
2008-07,0.006140534880441538,0.005826502440638626,0.15701621990145595,ols:pooled
2008-08,0.0018926160224397343,0.0015843695712100866,0.15412322561482397,ols:pooled
2008-09,0.00147061574962185,0.0011319901108743468,0.16931281937375164,ols:pooled
2008-10,0.006448467472468236,0.006125964355727002,0.16125155837061686,ols:pooled
2008-11,0.000977271475348649,0.0006690194921690157,0.15412599158981663,ols:pooled
2008-12,0.004248730988067129,0.003912187611570013,0.16827168824855807,ols:pooled
2009-01,0.005889724200002193,0.005529879153060189,0.17992252347100166,ols:pooled
2009-02,0.0023300965329715595,0.0020224897530400528,0.15380338996575316,ols:pooled
2009-03,0.006760403407616027,0.006445837549581697,0.1572829290171646,ols:pooled
2009-04,0.0027816824960595473,0.0024663253723199597,0.15767856186979373,ols:pooled
2009-05,0.0006118577883805347,0.0002959597088152276,0.15794903978265346,ols:pooled
2009-06,0.00385927624949895,0.0035595076041221164,0.14988432268841695,ols:pooled
2009-07,0.0023038601608625364,0.0020197219596066076,0.1420691006279641,ols:pooled
2009-08,0.007455815841342825,0.007198480073558381,0.12866788389222208,ols:pooled
2009-09,0.0017832717704723622,0.0015114886445076819,0.13589156298234015,ols:pooled
2009-10,0.004868241866967128,0.004563347114632503,0.1524473761673128,ols:pooled
2009-11,0.0035140908634393783,0.0032073311544943126,0.15337985447253294,ols:pooled
2009-12,0.0024706375872772003,0.0021783402785557357,0.14614865436073288,ols:pooled
2010-01,0.007728097733617456,0.007416098533373073,0.15599960012219138,ols:pooled
2010-02,0.0023119322422928503,0.0020125715312237355,0.14968035553455727,ols:pooled
2010-03,0.0013945331501693098,0.0010701908714021038,0.16217113938360297,ols:pooled
2010-04,0.010630334532537995,0.01034165529762323,0.1443396174573827,ols:pooled
2010-05,0.0006987936840148117,0.00043914153483728887,0.12982607458876133,ols:pooled
2010-06,-0.0005811129117233788,-0.0008642179041956631,0.141552496236142,ols:pooled
2010-07,0.0030630745999721,0.0027599343341140805,0.15157013292900973,ols:pooled
2010-08,0.00345638802750444,0.0031825400892956292,0.13692396910440544,ols:pooled
2010-09,-0.00033594820897928524,-0.0006089337049226453,0.13649274797167993,ols:pooled
2010-10,0.0013962149011835854,0.0011273594210442087,0.13442774006968836,ols:pooled
2010-11,0.006168774951315602,0.005868931922602606,0.14992151435649795,ols:pooled
2010-12,0.0014983546950228335,0.0012061659480246468,0.1460943734990936,ols:pooled
2011-01,0.011638995891480129,0.011381943578523814,0.12852615647815724,ols:pooled
2011-02,0.0015184559351437326,0.00130763802175719,0.10540895669327131,ols:pooled
2011-03,0.006375407718327104,0.006140956160198088,0.11722577906450828,ols:pooled
2011-04,0.009469022702616244,0.009229468260268874,0.11977722117368471,ols:pooled
2011-05,0.0041554286850202585,0.003906190457365198,0.12461911382753002,ols:pooled
2011-06,0.001563613856804784,0.0013320286280596178,0.11579261437258308,ols:pooled
2011-07,0.005847516590222517,0.005631803568338885,0.1078565109418162,ols:pooled
2011-08,0.006270402077928894,0.006050343598971167,0.11002923947886363,ols:pooled
2011-09,0.004733894845513793,0.004525295216196814,0.10429981465848946,ols:pooled
2011-10,0.005867195497571151,0.005640050328098285,0.11357258473643338,ols:pooled
2011-11,0.006777621262849723,0.006567900448584945,0.10486040713238882,ols:pooled
2011-12,0.0019202292424194657,0.001684034634208334,0.11809730410556604,ols:pooled
2012-01,0.004033675929368949,0.0038431462985450025,0.09526481541197315,ols:pooled
2012-02,0.006433337650468037,0.0062366066013190054,0.09836552457451551,ols:pooled
2012-03,0.0030821581512645684,0.0028890932754228214,0.09653243792087363,ols:pooled
2012-04,0.003450144274345547,0.0032460001480574974,0.10207206314402506,ols:pooled
2012-05,0.0013049504870054293,0.0011101098407993839,0.09742032310302276,ols:pooled
2012-06,0.0032879834016542927,0.0030735408779613413,0.10722126184647553,ols:pooled
2012-07,-0.006244919646862041,-0.0064583090292520936,0.10669469119502614,ols:pooled
2012-08,0.005893861361761287,0.005680963856894148,0.10644875243356967,ols:pooled
2012-09,0.0032924796251730458,0.003092102846009236,0.10018838958190505,ols:pooled
2012-10,0.0029300621049099876,0.0027098778191741715,0.11009214286790804,ols:pooled
2012-11,0.007220861799947714,0.00697982298179823,0.12051940907474196,ols:pooled
2012-12,0.002081636041113511,0.001876197986817834,0.1027190271478384,ols:pooled
2013-01,0.004125536349327777,0.0038881481255910104,0.1186941118683833,ols:pooled
2013-02,0.002717655947190097,0.00248694314251185,0.11535640233912328,ols:pooled
2013-03,0.002023518851592471,0.0018238135771362224,0.09985263722812435,ols:pooled
2013-04,-0.002155869992984321,-0.0024188763953538178,0.13150320118474831,ols:pooled
2013-05,0.006298943882897824,0.006020065916597576,0.13943898315012374,ols:pooled
2013-06,0.00616979165938468,0.005940608685124986,0.11459148712984665,ols:pooled
2013-07,-0.006544817874805202,-0.006778957555679876,0.1170698404373373,ols:pooled
2013-08,0.001183179551053794,0.0009362424154142742,0.12346856781975993,ols:pooled
2013-09,0.0034660075492186125,0.003237317192392371,0.11434517841312081,ols:pooled
2013-10,0.001089218726102704,0.0008589765317586671,0.11512109717201853,ols:pooled
2013-11,0.0015787941071618622,0.0013488005393011149,0.11499678393037352,ols:pooled
2013-12,0.004374138078545607,0.0041170324397184765,0.12855281941356533,ols:pooled
2014-01,0.005377943538630188,0.005116498713271682,0.13072241267925258,ols:pooled
2014-02,0.005292623135357465,0.005054242442816602,0.11919034627043125,ols:pooled
2014-03,0.00481211395390666,0.004589070957045658,0.11152149843050103,ols:pooled
2014-04,0.004177906029163872,0.003957396808096526,0.11025461053367347,ols:pooled
2014-05,0.008781685408914554,0.008528221682328705,0.12673186329292496,ols:pooled
2014-06,0.00482143187349999,0.0045903529656441166,0.11553945392793656,ols:pooled
2014-07,0.0006263651602668971,0.00037916109765747665,0.12360203130471031,ols:pooled
2014-08,0.002724723070655179,0.0024634533914918333,0.1306348395816725,ols:pooled
2014-09,0.010190377064453915,0.009987194865588921,0.10159109943249743,ols:pooled
2014-10,0.0027941695330665683,0.002622729283350141,0.08572012485821351,ols:pooled
2014-11,0.005275754749600124,0.0050627473220738965,0.10650371376311366,ols:pooled
2014-12,0.010181626534972132,0.00995642932737855,0.1125986037967904,ols:pooled
2015-01,0.006660546139377896,0.006442102917519953,0.10922161092897137,ols:pooled
2015-02,0.007534124290671663,0.007339369802356405,0.0973772441576286,ols:pooled
2015-03,0.007502401197869866,0.007267131715356671,0.1176347412565978,ols:pooled
2015-04,0.008116724060184643,0.007905813012898385,0.1054555236431287,ols:pooled
2015-05,0.006751044209590193,0.006547997541248954,0.1015233341706193,ols:pooled
2015-06,0.005672496876104398,0.00547128902201948,0.10060392704245905,ols:pooled
2015-07,0.004149682614917136,0.003931816179149165,0.10893321788398594,ols:pooled
2015-08,-0.0004167735467692226,-0.0006186440307850642,0.10093524200792066,ols:pooled
2015-09,0.0011262206395326857,0.0009271623503021868,0.09952914461524962,ols:pooled
2015-10,0.010385722489720785,0.010186113534835929,0.09980447744242753,ols:pooled
2015-11,0.0009542560997420511,0.0007507850963320814,0.10173550170498495,ols:pooled
2015-12,0.0007030788046404216,0.00048100383389434965,0.11103748537303586,ols:pooled
2016-01,0.008409593637740334,0.008165282512488294,0.12215556262601979,ols:pooled
2016-02,0.006297341782736814,0.006072506711740186,0.11241753549831383,ols:pooled
2016-03,0.01036918356211972,0.01016836284593594,0.10041035809188925,ols:pooled
2016-04,0.009919544240086375,0.009724851301493243,0.09734646929656662,ols:pooled
2016-05,0.0032196300587977746,0.0030466542164275874,0.08648792118509357,ols:pooled
2016-06,-0.0004564371727587338,-0.0006207312420222598,0.08214703463176311,ols:pooled
2016-07,0.004134979240539887,0.003954605288344842,0.09018697609752307,ols:pooled
2016-08,0.006917305653289702,0.0067269593215158385,0.09517316588693167,ols:pooled
2016-09,0.0061576695661876195,0.005935319570101428,0.11117499804309558,ols:pooled
2016-10,0.00429797763274035,0.004115567543285967,0.09120504472719156,ols:pooled
2016-11,0.005660838454051696,0.0054809949666835295,0.08992174368408319,ols:pooled
2016-12,0.005522200673017532,0.005294735467598813,0.11373260270935948,ols:pooled
2017-01,0.010562119367385785,0.010361296139455807,0.10041161396498878,ols:pooled
2017-02,0.005312171668047929,0.005098552785340797,0.10680944135356546,ols:pooled
2017-03,0.004068167166851847,0.0038871460426912023,0.09051056208032222,ols:pooled
2017-04,0.005006816821005199,0.004792731890449822,0.10704246527768832,ols:pooled
2017-05,0.0028708806291387326,0.002687990549796068,0.09144503967133241,ols:pooled
2017-06,0.001984191990810826,0.0017792567294785842,0.10246763066612076,ols:pooled
2017-07,0.003770506043512891,0.003567199719896542,0.10165316180817424,ols:pooled
2017-08,0.0004963697919911966,0.0003055783617071388,0.095395715142029,ols:pooled
2017-09,0.006694075719828925,0.0064742008379727965,0.10993744092806411,ols:pooled
2017-10,0.00570090708248651,0.005503221192019495,0.09884294523350703,ols:pooled
2017-11,0.008409560389881325,0.00819458139269062,0.10748949859535212,ols:pooled
2017-12,0.009070052327659537,0.008870890334590608,0.09958099653446452,ols:pooled
2018-01,0.0059217356222705545,0.005680006702161893,0.12086446005433081,ols:pooled
2018-02,0.011302089411459996,0.01111548951409338,0.09329994868330772,ols:pooled
2018-03,0.010589588245974073,0.010395238490500532,0.09717487773676986,ols:pooled
2018-04,0.0023608930070007053,0.0021748496183432277,0.09302169432873897,ols:pooled
2018-05,0.006996398628990276,0.006801537289295759,0.09743066984725839,ols:pooled
2018-06,0.00988813453337057,0.009710988550461205,0.08857299145468288,ols:pooled
2018-07,0.00046083281837479024,0.0002635604784026294,0.09863616998608027,ols:pooled
2018-08,0.0027240186161318057,0.0025363944028855886,0.09381210662310838,ols:pooled
2018-09,0.004609628899946299,0.004419052191264814,0.09528835434074302,ols:pooled
2018-10,0.00195961435737483,0.001763042437644518,0.0982859598651561,ols:pooled
2018-11,0.0010948902794153449,0.000910650747426636,0.09211976599435444,ols:pooled
2018-12,-0.00021929723292422897,-0.00039021769827084153,0.0854602326733062,ols:pooled
2019-01,0.005567978208055746,0.005357330735349792,0.10532373635297712,ols:pooled
2019-02,0.0034860734413701897,0.003298065342420507,0.09400404947484141,ols:pooled
2019-03,0.0005789078573125215,0.0003950978514415538,0.0919050029354839,ols:pooled
2019-04,0.001205564328167688,0.0010149134926015987,0.09532541778304457,ols:pooled
2019-05,0.0023176822451665574,0.0021104325084908707,0.10362486833784333,ols:pooled
2019-06,0.007121687891201414,0.0069250842104557845,0.09830184037281481,ols:pooled
2019-07,0.007774822209784012,0.007551381391498189,0.11172040914291168,ols:pooled
2019-08,0.004681194902593558,0.004453050967327977,0.11407196763279001,ols:pooled
2019-09,0.007485350768622349,0.007275351127114905,0.10499982075372219,ols:pooled
2019-10,0.006130696563255478,0.005917183932397601,0.10675631542893864,ols:pooled
2019-11,0.009702331064090684,0.009493198474636628,0.10456629472702826,ols:pooled
2019-12,0.0029161641360648306,0.0027109397706739295,0.10261218269545055,ols:pooled
2005-01,0.0018503225610595597,0.0018503225610595597,0.0,shrink_mean:rule
2005-02,-0.0019088688243886153,-0.001969169886665392,0.03015053113838822,shrink_mean:rule
2005-03,0.00940505793928712,0.009333549124766926,0.035754407260097126,shrink_mean:rule
2005-04,0.004889364782441955,0.0048213763464575714,0.033994217992191725,shrink_mean:rule
2005-05,0.00398416836173906,0.003918701669729397,0.03273334600483108,shrink_mean:rule
2005-06,-0.0014206697917538242,-0.0014964575932736625,0.03789390075991914,shrink_mean:rule
2005-07,0.0019498699966006118,0.0018840929647067177,0.0328885159469472,shrink_mean:rule
2005-08,0.0004188327190522227,0.00035536143596741105,0.03173564154240576,shrink_mean:rule
2005-09,0.002341331268109386,0.0022721964739766116,0.03456739706638731,shrink_mean:rule
2005-10,0.0022295927902977073,0.0021666710940748957,0.031460848111405704,shrink_mean:rule
2005-11,-0.0008556313568113436,-0.0009241046192348305,0.03423663121174343,shrink_mean:rule
2005-12,0.0037125412841798647,0.003639046301580224,0.03674749129982032,shrink_mean:rule
2006-01,0.004203585162149357,0.00412958963916016,0.03699776149459836,shrink_mean:rule
2006-02,0.00466477715667182,0.004597584414425133,0.03359637112334278,shrink_mean:rule
2006-03,-0.0010877881726875532,-0.0011552893964078092,0.033750611860127934,shrink_mean:rule
2006-04,0.005515373461445543,0.005448542289891079,0.033415585777232165,shrink_mean:rule
2006-05,0.008261935082001227,0.008195412399442043,0.033261341279591725,shrink_mean:rule
2006-06,0.00402348438350912,0.003959412797588313,0.03203579296040345,shrink_mean:rule
2006-07,0.003644385477238935,0.0035735757463344854,0.03540486545222476,shrink_mean:rule
2006-08,0.006133222830869824,0.006068596081242314,0.03231337481375505,shrink_mean:rule
2006-09,0.0069080635747916334,0.006841876489519649,0.033093542635992436,shrink_mean:rule
2006-10,0.0022173026902275917,0.0021527859653421196,0.032258362442736,shrink_mean:rule
2006-11,-0.003714484526138112,-0.0037815364282309865,0.033525951046437,shrink_mean:rule
2006-12,0.007668674502982888,0.007602570337573692,0.033052082704597384,shrink_mean:rule
2007-01,0.0021876790063107302,0.002112383085058951,0.03764796062588946,shrink_mean:rule
2007-02,0.00021057485061883204,0.00014693589955220708,0.03181947553331241,shrink_mean:rule
2007-03,0.006507214798822726,0.006438118345571375,0.03454822662567547,shrink_mean:rule
2007-04,0.005642332129406014,0.005576527375091175,0.032902377157419636,shrink_mean:rule
2007-05,0.0029193851797408143,0.0028497996885306297,0.03479274560509223,shrink_mean:rule
2007-06,0.0038309313171616356,0.003770896770909268,0.03001727312618367,shrink_mean:rule
2007-07,0.007945473115663012,0.007877525376648766,0.0339738695071226,shrink_mean:rule
2007-08,0.002444159227761691,0.002382982221029527,0.030588503366081852,shrink_mean:rule
2007-09,0.008931617736168664,0.00887152828735686,0.030044724405901335,shrink_mean:rule
2007-10,0.000891079122249125,0.0008276327727634516,0.031723174742836806,shrink_mean:rule
2007-11,0.01088192970367138,0.010822063652508151,0.029933025581614207,shrink_mean:rule
2007-12,0.006430575000364384,0.006366736933672971,0.031919033345706394,shrink_mean:rule
2008-01,0.0010145374057489017,0.0009485811661114024,0.03297811981874963,shrink_mean:rule
2008-02,0.0033287495194938527,0.003269664569826524,0.02954247483366442,shrink_mean:rule
2008-03,0.002003831076792655,0.0019437207222700518,0.030055177261301316,shrink_mean:rule
2008-04,0.005552448007001899,0.005491695754192899,0.030376126404500266,shrink_mean:rule
2008-05,0.007145290383361414,0.007087130828398612,0.0290797774814013,shrink_mean:rule
2008-06,0.00397735824772184,0.003917440819827304,0.02995871394726787,shrink_mean:rule
2008-07,0.005686117497615097,0.00562799569077813,0.02906090341848336,shrink_mean:rule
2008-08,0.0017194280327776745,0.0016643530445218404,0.027537494127917082,shrink_mean:rule
2008-09,0.0015864844626210185,0.00152715802995004,0.029663216335489108,shrink_mean:rule
2008-10,0.004616525498827615,0.004561948485534947,0.027288506646334164,shrink_mean:rule
2008-11,0.0005610257976261925,0.0005031026451465417,0.028961576239825256,shrink_mean:rule
2008-12,0.005401849635609267,0.005345945956070736,0.027951839769265675,shrink_mean:rule
2009-01,0.00464201572912375,0.004584813522008162,0.02860110355779428,shrink_mean:rule
2009-02,0.0022670623923094478,0.0022078869760396493,0.029587708134899204,shrink_mean:rule
2009-03,0.005501131064477757,0.005443554220562385,0.028788421957685648,shrink_mean:rule
2009-04,0.0029902391822729797,0.0029264546440849817,0.03189226909399893,shrink_mean:rule
2009-05,0.00023673613712641285,0.00018100576692735315,0.027865185099529902,shrink_mean:rule
2009-06,0.0031266808712302743,0.0030687409818696025,0.028969944680335966,shrink_mean:rule
2009-07,0.0020911261990298304,0.0020334975248304465,0.028814337099691806,shrink_mean:rule
2009-08,0.00613228653076023,0.006083391469143724,0.02444753080825211,shrink_mean:rule
2009-09,0.00116146068990813,0.0011078784130978405,0.026791138405144736,shrink_mean:rule
2009-10,0.0038246543106511036,0.003766640537672559,0.029006886489272337,shrink_mean:rule
2009-11,0.0015322109853862847,0.0014728437354465662,0.029683624969859365,shrink_mean:rule
2009-12,0.002217919939811112,0.0021598574864898122,0.029031226660649903,shrink_mean:rule
2010-01,0.008752404715266414,0.008696246954397935,0.02807888043423983,shrink_mean:rule
2010-02,0.0012443049762291987,0.001191949661755037,0.026177657237080994,shrink_mean:rule
2010-03,0.0007729951102719274,0.0007135062835695323,0.02974441335119758,shrink_mean:rule
2010-04,0.010309768016006204,0.010252288931149172,0.028739542428516698,shrink_mean:rule
2010-05,-3.500032370556418e-05,-9.562246087475791e-05,0.030311068584596826,shrink_mean:rule
2010-06,-0.0009371974368883226,-0.0009967838366738558,0.029793199892766666,shrink_mean:rule
2010-07,0.0035378196708925366,0.003483708499750238,0.027055585571149413,shrink_mean:rule
2010-08,0.002409187254375379,0.0023527427623595805,0.028222246007899195,shrink_mean:rule
2010-09,0.0002644031876024121,0.00020982879974887543,0.027287193926768302,shrink_mean:rule
2010-10,0.0017372226032241697,0.0016840012863446013,0.026610658439784232,shrink_mean:rule
2010-11,0.005380558802995107,0.005326787902409641,0.026885450292732527,shrink_mean:rule
2010-12,0.00048776951040754033,0.0004307656711840641,0.028501919611738223,shrink_mean:rule
2011-01,0.01227617547376231,0.01222457050839028,0.025802482686015153,shrink_mean:rule
2011-02,0.0008039359333363335,0.0007548321302960242,0.024551901520154486,shrink_mean:rule
2011-03,0.006256885749907669,0.006198095706423561,0.029395021742054054,shrink_mean:rule
2011-04,0.009061382657702757,0.009008168111841446,0.026607272930655363,shrink_mean:rule
2011-05,0.0035662901548966287,0.0035103172950884933,0.027986429904067512,shrink_mean:rule
2011-06,0.0010353907225934356,0.000983957464325772,0.025716629133831798,shrink_mean:rule
2011-07,0.005519739747525272,0.005466706923267199,0.02651641212903611,shrink_mean:rule
2011-08,0.006353587903928959,0.006295873772666658,0.028857065631150952,shrink_mean:rule
2011-09,0.005039187714296994,0.004983758723726645,0.027714495285174143,shrink_mean:rule
2011-10,0.006049881581776109,0.005996947495694947,0.026467043040581267,shrink_mean:rule
2011-11,0.0067524087921755965,0.006700691291699519,0.025858750238038575,shrink_mean:rule
2011-12,0.0013973492633371958,0.0013402329093520774,0.028558176992559428,shrink_mean:rule
2012-01,0.00351215734806372,0.0034646967643178783,0.02373029187292093,shrink_mean:rule
2012-02,0.005772426795965146,0.005717741166846507,0.027342814559319164,shrink_mean:rule
2012-03,0.003931473485970326,0.0038823594618259895,0.024557012072167896,shrink_mean:rule
2012-04,0.004233187812452105,0.004182366486605206,0.025410662923449373,shrink_mean:rule
2012-05,0.001425995186571698,0.0013778473252597204,0.024073930655988972,shrink_mean:rule
2012-06,0.004191361319632796,0.004143790730225066,0.023785294703865006,shrink_mean:rule
2012-07,-0.006983036215489324,-0.007033378474655001,0.02517112958283851,shrink_mean:rule
2012-08,0.004795925786831331,0.004746860975291036,0.024532405770147488,shrink_mean:rule
2012-09,0.0034853132555460313,0.0034347045446831573,0.025304355431436963,shrink_mean:rule
2012-10,0.0030048434389627083,0.0029578116502168767,0.023515894372915763,shrink_mean:rule
2012-11,0.007471091930363832,0.00742285851961226,0.024116705375785644,shrink_mean:rule
2012-12,0.00043138883686201057,0.00038541567531739414,0.022986580772308227,shrink_mean:rule
2013-01,0.004907988020845868,0.004859070791289084,0.024458614778392018,shrink_mean:rule
2013-02,0.00199346630356987,0.0019414572910260207,0.026004506271924716,shrink_mean:rule
2013-03,0.003168353643304469,0.0031165354966084034,0.02590907334803288,shrink_mean:rule
2013-04,-0.0022904271609890444,-0.0023396910967191965,0.024631967865076227,shrink_mean:rule
2013-05,0.006602551721424774,0.006547853598688428,0.02734906136817318,shrink_mean:rule
2013-06,0.005461348636550702,0.005412791009797037,0.024278813376832804,shrink_mean:rule
2013-07,-0.006283063484704469,-0.0063335139327958525,0.025225224045691868,shrink_mean:rule
2013-08,0.0015002292675225383,0.0014471931466065568,0.02651806045799067,shrink_mean:rule
2013-09,0.002340745529566558,0.0022937251324529244,0.023510198556816884,shrink_mean:rule
2013-10,0.0011061010850735727,0.0010582669443165117,0.023917070378530508,shrink_mean:rule
2013-11,0.0025205773903130505,0.0024715225034296845,0.024527443441682728,shrink_mean:rule
2013-12,0.004427367944481573,0.004375928724466905,0.025719610007333492,shrink_mean:rule
2014-01,0.0061468842556495155,0.006092949039401343,0.026967608124086186,shrink_mean:rule
2014-02,0.006407718154023573,0.006359827780526155,0.023945186748708894,shrink_mean:rule
2014-03,0.004722176904600128,0.004674530616953363,0.02382314382338254,shrink_mean:rule
2014-04,0.004666184808728026,0.00461770718410885,0.024238812309588263,shrink_mean:rule
2014-05,0.009544762009316561,0.009495536553687086,0.024612727814737334,shrink_mean:rule
2014-06,0.004961225428102373,0.004910401287275056,0.02541207041365791,shrink_mean:rule
2014-07,-0.0004925182210327595,-0.0005421334478463189,0.024807613406779713,shrink_mean:rule
2014-08,0.001801246290494472,0.0017549194644992361,0.02316341299761809,shrink_mean:rule
2014-09,0.009780066893169376,0.009731680622859253,0.024193135155061593,shrink_mean:rule
2014-10,0.0029112958037416587,0.0028641995828723715,0.023548110434643468,shrink_mean:rule
2014-11,0.003818259753286564,0.0037748651754293183,0.021697288928623076,shrink_mean:rule
2014-12,0.009821723182923828,0.00977409779272769,0.023812695098069245,shrink_mean:rule
2015-01,0.006084398821156254,0.0060419528399417366,0.021222990607258675,shrink_mean:rule
2015-02,0.006415866571453262,0.006373273120054645,0.021296725699308402,shrink_mean:rule
2015-03,0.007085431465167023,0.007034764890099115,0.025333287533953874,shrink_mean:rule
2015-04,0.008528412887344156,0.008479244398818765,0.02458424426269552,shrink_mean:rule
2015-05,0.005809050792972091,0.005762838677508433,0.023106057731828816,shrink_mean:rule
2015-06,0.003758256998395177,0.0037094292664574687,0.02441386596885451,shrink_mean:rule
2015-07,0.003246767009403893,0.0031990713645342348,0.023847822434829132,shrink_mean:rule
2015-08,-0.001039022029460992,-0.0010836321027478946,0.022305036643451258,shrink_mean:rule
2015-09,0.0009794215155576613,0.0009287067892045306,0.025357363176565353,shrink_mean:rule
2015-10,0.008200985990390123,0.008155674210562963,0.022655889913580227,shrink_mean:rule
2015-11,0.0019329294245545917,0.0018866613488857473,0.023134037834422257,shrink_mean:rule
2015-12,0.000751781603260526,0.0007018329647203777,0.02497431927007421,shrink_mean:rule
2016-01,0.008781081795971762,0.00873088993660204,0.02509592968486176,shrink_mean:rule
2016-02,0.0063392584002175765,0.006291060678123647,0.024098861046964886,shrink_mean:rule
2016-03,0.01051260400504444,0.010466890308828634,0.022856848107903328,shrink_mean:rule
2016-04,0.008016656745203521,0.007976705854754846,0.01997544522433755,shrink_mean:rule
2016-05,0.0018885492273486612,0.0018455550766594137,0.021497075344623653,shrink_mean:rule
2016-06,-0.0018466353448002588,-0.0018883618667483893,0.02086326097406525,shrink_mean:rule
2016-07,0.003092975083305906,0.0030485687325946557,0.022203175355624865,shrink_mean:rule
2016-08,0.0058961761176503135,0.00585723823931048,0.01946893916991702,shrink_mean:rule
2016-09,0.004647046787473551,0.004605349410217407,0.020848688628071942,shrink_mean:rule
2016-10,0.003999437827902889,0.003954864659257823,0.022286584322533134,shrink_mean:rule
2016-11,0.003647609472271402,0.0036073101227921136,0.020149674739643894,shrink_mean:rule
2016-12,0.005529710799550881,0.005484463913464585,0.022623443043147864,shrink_mean:rule
2017-01,0.010939291648278478,0.010895363762640498,0.021963942818989904,shrink_mean:rule
2017-02,0.005009998790838941,0.004965544700943659,0.022227044947641484,shrink_mean:rule
2017-03,0.003987943971244627,0.003947320548235572,0.020311711504527655,shrink_mean:rule
2017-04,0.005487386372660835,0.005446669559533589,0.020358406563622602,shrink_mean:rule
2017-05,0.001438473094681716,0.0013965609950991507,0.02095604979128252,shrink_mean:rule
2017-06,-0.0007540638390780736,-0.0008035011052106237,0.024718633066275142,shrink_mean:rule
2017-07,0.002155776384779998,0.0021101713306306046,0.022802527074696523,shrink_mean:rule
2017-08,0.0014332959987727498,0.0013894738068573821,0.02191109595768365,shrink_mean:rule
2017-09,0.006728671258871932,0.0066840748293489766,0.02229821476147809,shrink_mean:rule
2017-10,0.00554553431072014,0.00550154578545258,0.02199426263378026,shrink_mean:rule
2017-11,0.007686447584555299,0.0076432616307568575,0.021592976899220573,shrink_mean:rule
2017-12,0.008718271799251954,0.008681369332061038,0.01845123359545763,shrink_mean:rule
2018-01,0.005971936683601125,0.005929297869068097,0.021319407266514358,shrink_mean:rule
2018-02,0.011324089145801398,0.011278922620043427,0.022583262878985037,shrink_mean:rule
2018-03,0.008889344916080828,0.008848253950276625,0.020545482902101436,shrink_mean:rule
2018-04,0.0017066259710508147,0.0016614845274964811,0.02257072177716658,shrink_mean:rule
2018-05,0.004988540118722313,0.00494965093420265,0.019444592259831712,shrink_mean:rule
2018-06,0.009513898096699468,0.009473679836357288,0.02010913017109078,shrink_mean:rule
2018-07,0.0006987985150259822,0.0006594303927877062,0.019684061119137824,shrink_mean:rule
2018-08,0.003862640339542181,0.0038231263733153067,0.01975698311343696,shrink_mean:rule
2018-09,0.004417371897492222,0.0043793195586061895,0.01902616944301645,shrink_mean:rule
2018-10,0.0018400680587335014,0.001800072850504708,0.019997604114396612,shrink_mean:rule
2018-11,-0.0018737976030688366,-0.0019149669382655717,0.020584667598367506,shrink_mean:rule
2018-12,-9.868273433714383e-05,-0.00013991928522787025,0.020618275445363293,shrink_mean:rule
2019-01,0.0058977974705921475,0.005858238399301124,0.01977953564551155,shrink_mean:rule
2019-02,0.003310550656046273,0.003265927285537698,0.022311685254287533,shrink_mean:rule
2019-03,0.0005060434741514233,0.00046294515522306355,0.021549159464179846,shrink_mean:rule
2019-04,0.0007830271878197551,0.0007426895377475667,0.02016882503609427,shrink_mean:rule
2019-05,0.002531108460686016,0.002490151487697794,0.020478486494110913,shrink_mean:rule
2019-06,0.00566874804958229,0.0056263169974225665,0.021215526079861897,shrink_mean:rule
2019-07,0.00763081186248366,0.00758837554939704,0.02121815654331033,shrink_mean:rule
2019-08,0.00479177832391714,0.004749110206004387,0.02133405895637633,shrink_mean:rule
2019-09,0.008375913093144316,0.008335716158870082,0.02009846713711743,shrink_mean:rule
2019-10,0.006267265092438469,0.006228164285794886,0.019550403321791834,shrink_mean:rule
2019-11,0.010223300214497506,0.010186998452315367,0.01815088109106945,shrink_mean:rule
2019-12,0.0032716690251895796,0.003235378075846077,0.018145474671751517,shrink_mean:rule
