target_month,gross,net,turnover,strategy
2000-01,0.010163220062482957,0.010163220062482957,0.0,enet:dm_only
2000-02,0.014830389767274523,0.013281109467116374,0.7746401500790744,enet:dm_only
2000-03,0.00116353135557955,-0.0005189280391809725,0.841229697380261,enet:dm_only
2000-04,-0.018285867363931934,-0.019873527029479213,0.7938298327736393,enet:dm_only
2000-05,-0.00023110094425797902,-0.0020617551729014746,0.9153271143217476,enet:dm_only
2000-06,-0.014177620985477136,-0.015945540884893025,0.8839599497079452,enet:dm_only
2000-07,-0.003230301904914007,-0.00503455516688669,0.9021266309863415,enet:dm_only
2000-08,-0.007490904722340954,-0.009101974726521887,0.8055350020904669,enet:dm_only
2000-09,0.0020579806522431398,0.00044699377024027664,0.8054934410014318,enet:dm_only
2000-10,-0.0005366267577679963,-0.0019751962255937206,0.7192847339128624,enet:dm_only
2000-11,0.006195849074269882,0.004779502302291501,0.7081733859891907,enet:dm_only
2000-12,-0.002504860966378994,-0.004061316216393746,0.7782276250073764,enet:dm_only
2001-01,-0.012045739064897058,-0.013839741277432316,0.8970011062676289,enet:dm_only
2001-02,0.004622173208298436,0.0026056935961412207,1.0082398060786082,enet:dm_only
2001-03,0.020296024790982848,0.01834764385822178,0.9741904663805354,enet:dm_only
2001-04,0.003083844520140626,0.0013783363325530658,0.8527540937937802,enet:dm_only
2001-05,0.008728211987694131,0.006936078948200401,0.8960665197468639,enet:dm_only
2001-06,-0.003581399231201911,-0.005068590636215886,0.7435957025069873,enet:dm_only
2001-07,0.014673674716463561,0.01307174895591442,0.800962880274571,enet:dm_only
2001-08,-0.007808567923980527,-0.009318192995613617,0.7548125358165447,enet:dm_only
2001-09,0.0094937261421555,0.007776144306282775,0.8587909179363631,enet:dm_only
2001-10,-0.01925249132043388,-0.021044958527680853,0.8962336036234856,enet:dm_only
2001-11,0.0008524546812813473,-0.0013160405620931794,1.0842476216872632,enet:dm_only
2001-12,0.011980828126549476,0.010191631075206676,0.8945985256714011,enet:dm_only
2002-01,0.001890941529645225,4.248679897934333e-06,0.9433464248736454,enet:dm_only
2002-02,0.006147268956677702,0.004694403157841488,0.7264328994181071,enet:dm_only
2002-03,0.010225702371397093,0.008931450440430318,0.6471259654833875,enet:dm_only
2002-04,0.006615377872434686,0.00547565255548537,0.5698626584746581,enet:dm_only
2002-05,0.005748277035386192,0.004465287418268918,0.6414948085586369,enet:dm_only
2002-06,0.007295430763576119,0.0060576443031522135,0.6188932302119524,enet:dm_only
2002-07,0.004952597111206159,0.003802355588045115,0.5751207615805219,enet:dm_only
2002-08,0.0022158851784390785,0.0010662132877105749,0.5748359453642521,enet:dm_only
2002-09,0.00442766041661435,0.00316624766173322,0.6307063774405651,enet:dm_only
2002-10,0.004075138046988587,0.0029601032184689018,0.5575174142598427,enet:dm_only
2002-11,0.004352138465474937,0.0029233499826603368,0.7143942414073,enet:dm_only
2002-12,0.0024903558816264226,0.0012818723756549818,0.60424175298572,enet:dm_only
2003-01,0.0008668398661074853,-0.00039918486803843054,0.6330123670729578,enet:dm_only
2003-02,-0.0002548960361947699,-0.0012196059665404509,0.4823549651728405,enet:dm_only
2003-03,0.009750462005853389,0.008759327982553737,0.49556701164982536,enet:dm_only
2003-04,-0.004428145889354262,-0.0051646750378850454,0.36826457426539194,enet:dm_only
2003-05,0.0026948199286886583,0.001439661978219469,0.6275789752345948,enet:dm_only
2003-06,0.0067588167027732085,0.005649574526655789,0.5546210880587098,enet:dm_only
2003-07,0.010751626630809471,0.009751017858082522,0.5003043863634739,enet:dm_only
2003-08,0.005458531591519728,0.0044875633033988945,0.4854841440604166,enet:dm_only
2003-09,-0.003971186652862508,-0.005098198178569119,0.5635057628533052,enet:dm_only
2003-10,0.012389466563373861,0.011379856673709738,0.5048049448320615,enet:dm_only
2003-11,0.0020603334914546913,0.0011190720948148344,0.4706306983199286,enet:dm_only
2003-12,0.0017221202388246508,0.000730697193916464,0.4957115224540931,enet:dm_only
2004-01,-0.00737694363838102,-0.008409409514892885,0.5162329382559321,enet:dm_only
2004-02,0.001876572743439901,0.000677184490812212,0.5996941263138444,enet:dm_only
2004-03,0.0029841803363729125,0.0019797054038275855,0.5022374662726636,enet:dm_only
2004-04,0.0010033425849291938,3.239151269255887e-05,0.4854755361183173,enet:dm_only
2004-05,-0.005255972963017729,-0.006229916184926708,0.4869716109544897,enet:dm_only
2004-06,0.003702294263485158,0.002782659551803529,0.4598173558408143,enet:dm_only
2004-07,0.004327367114467417,0.003462246949664766,0.43256008240132554,enet:dm_only
2004-08,0.0046014269048393446,0.0037909766755343664,0.4052251146524889,enet:dm_only
2004-09,0.0034605274387972495,0.002598480841080275,0.4310232988584872,enet:dm_only
2004-10,0.013491695230489964,0.012621917266439155,0.43488898202540444,enet:dm_only
2004-11,0.0030375416838921377,0.0022200551555574604,0.40874326416733897,enet:dm_only
2004-12,0.00814702050461211,0.007165821629020264,0.49059943779592297,enet:dm_only
2005-01,0.0007298134935847986,-0.0003021666273277923,0.5159900604562955,enet:dm_only
2005-02,0.009030039407131547,0.00806173617789067,0.4841516146204385,enet:dm_only
2005-03,0.010964052127415778,0.00997894562879263,0.4925532493115748,enet:dm_only
2005-04,0.01264417523419709,0.011697882010599086,0.4731466117990021,enet:dm_only
2005-05,-0.018989944972143166,-0.01979402110985655,0.4020380688566904,enet:dm_only
2005-06,0.0005958572717637466,-0.0006227790884529908,0.6093181801083687,enet:dm_only
2005-07,0.006310200547115804,0.005308661393662918,0.5007695767264434,enet:dm_only
2005-08,0.0026630689523052765,0.0017483402229946446,0.45736436465531594,enet:dm_only
2005-09,0.0038898664315266344,0.002837427988884648,0.5262192213209933,enet:dm_only
2005-10,-0.0007058696182365667,-0.0016377881118250109,0.4659592467942223,enet:dm_only
2005-11,-0.0011096197943420802,-0.0020673900093335852,0.4788851074957527,enet:dm_only
2005-12,-0.0010291409640929344,-0.001999519013526824,0.48518902471694475,enet:dm_only
2006-01,-0.0005465173092904524,-0.0016387749190267425,0.5461288048681451,enet:dm_only
2006-02,-0.0002924503199218772,-0.0017422724142317522,0.7249110471549378,enet:dm_only
2006-03,-0.013992191990218832,-0.015251711982042346,0.6297599959117562,enet:dm_only
2006-04,0.008320189184024631,0.00707166233527983,0.6242634243724003,enet:dm_only
2006-05,0.001324721055849468,0.00023266839208636801,0.5460263318815501,enet:dm_only
2006-06,0.014225003756044066,0.013199302520392711,0.5128506178256783,enet:dm_only
2006-07,-0.005459167072381825,-0.006568055281962931,0.5544441047905531,enet:dm_only
2006-08,-0.004666778215059487,-0.005927019737731845,0.6301207613361794,enet:dm_only
2006-09,0.002869983410037675,0.0016340699093992874,0.6179567503191938,enet:dm_only
2006-10,-0.0046360513667014335,-0.005670877658879989,0.5174131460892777,enet:dm_only
2006-11,0.00816297473607563,0.007027231622635381,0.5678715567201236,enet:dm_only
2006-12,0.0012208242632197035,0.00018520342656871923,0.5178104183254922,enet:dm_only
2007-01,0.0061291455757233795,0.004987596764489458,0.5707744056169604,enet:dm_only
2007-02,0.0015533789254649102,0.00037633320103697826,0.5885228622139659,enet:dm_only
2007-03,0.00826926246474145,0.007163849594527487,0.5527064351069814,enet:dm_only
2007-04,0.007490454533103329,0.0064264349909885195,0.5320097710574051,enet:dm_only
2007-05,0.0028905688147654296,0.0018114681730123283,0.5395503208765507,enet:dm_only
2007-06,-0.0030306831052896908,-0.004260574270337535,0.6149455825239224,enet:dm_only
2007-07,-0.000140297493664306,-0.0015110980659100517,0.6854002861228728,enet:dm_only
2007-08,0.0006909952476903661,-0.0006344423620514733,0.6627188048709195,enet:dm_only
2007-09,0.0011552572380030912,-0.0001684012065423959,0.6618292222727438,enet:dm_only
2007-10,0.012518892665019361,0.011277801966304206,0.620545349357578,enet:dm_only
2007-11,0.0010109874777636094,-0.000216969297581294,0.6139783876724516,enet:dm_only
2007-12,0.003990880055578847,0.0026127501059153074,0.6890649748317698,enet:dm_only
2008-01,0.002284063683121212,0.0011196117257761852,0.5822259786725136,enet:dm_only
2008-02,-0.0012912009921950598,-0.00265879888735075,0.683798947577845,enet:dm_only
2008-03,0.004563994533554998,0.0031904877260898017,0.6867534037325983,enet:dm_only
2008-04,0.0005859602673006793,-0.0007520355060534116,0.6689978866770454,enet:dm_only
2008-05,-0.001336817628177121,-0.0027867595546823467,0.724970963252613,enet:dm_only
2008-06,0.009417283826991887,0.008149069977541858,0.634106924725015,enet:dm_only
2008-07,-0.004821339790072286,-0.005924253018849327,0.5514566143885197,enet:dm_only
2008-08,0.00817227321331189,0.006687465178758071,0.7424040172769093,enet:dm_only
2008-09,0.01273146237551031,0.011605732973837437,0.5628647008364358,enet:dm_only
2008-10,0.032499199579140714,0.0313745260528613,0.5623367631397084,enet:dm_only
2008-11,0.019585982823261912,0.018464521057847346,0.5607308827072839,enet:dm_only
2008-12,-0.008863190886263295,-0.010090159666580098,0.6134843901584014,enet:dm_only
2009-01,0.00014629953692840215,-0.0013236670534102944,0.7349832951693482,enet:dm_only
2009-02,0.009385409348912533,0.007912393969359974,0.7365076897762793,enet:dm_only
2009-03,-0.0116869550687191,-0.01283924854798948,0.5761467396351897,enet:dm_only
2009-04,-0.019955942177749323,-0.021491231740651054,0.7676447814508648,enet:dm_only
2009-05,0.012861386066526544,0.010981131699925269,0.9401271833006379,enet:dm_only
2009-06,-0.003968342528649532,-0.005634864833661019,0.8332611525057438,enet:dm_only
2009-07,0.006491770151815069,0.004755872846247956,0.8679486527835568,enet:dm_only
2009-08,0.0036507381558968433,0.002332868129752767,0.6589350130720381,enet:dm_only
2009-09,0.0037789687169687987,0.0024074043735050994,0.6857821717318499,enet:dm_only
2009-10,0.0010944251827192408,-0.00016854654526733586,0.6314858639932882,enet:dm_only
2009-11,0.001033877180769078,-0.00027526687883906443,0.6545720298040711,enet:dm_only
2009-12,-0.0026643171221210704,-0.0038832100470013145,0.6094464624401219,enet:dm_only
2010-01,-0.00038733326869182504,-0.0018003065438308872,0.7064866375695309,enet:dm_only
2010-02,-0.00489692110818039,-0.006396810249467214,0.7499445706434124,enet:dm_only
2010-03,-0.0008529266616385343,-0.0024627514553504193,0.8049123968559421,enet:dm_only
2010-04,0.00606125933916733,0.004630152789797941,0.7155532746846945,enet:dm_only
2010-05,0.0037596252519509804,0.0024740162230689456,0.6428045144410175,enet:dm_only
2010-06,0.008453628228761202,0.007223340394028663,0.615143917366269,enet:dm_only
2010-07,-0.0016486039237732818,-0.0026981287781583253,0.5247624271925221,enet:dm_only
2010-08,0.001093716582718515,-0.0002854277110744384,0.6895721468964768,enet:dm_only
2010-09,0.0021535582679387834,0.0007635236676706784,0.6950173001340524,enet:dm_only
2010-10,0.00699208848791284,0.005613904460680004,0.6890920136164183,enet:dm_only
2010-11,0.00780836284874497,0.006523824392868619,0.6422692279381755,enet:dm_only
2010-12,0.007968168413564174,0.006637217622698824,0.6654753954326755,enet:dm_only
2011-01,0.0066245824800905025,0.005440394869524064,0.5920938052832189,enet:dm_only
2011-02,-0.0036198123662771046,-0.004869374955425584,0.6247812945742397,enet:dm_only
2011-03,-0.0013221168163840065,-0.0026216078840537596,0.6497455338348763,enet:dm_only
2011-04,0.009441615169712272,0.008172641120284058,0.6344870247141065,enet:dm_only
2011-05,0.0037252301015080003,0.002652993727586947,0.5361181869605268,enet:dm_only
2011-06,0.0031470791083315027,0.0020107302471261495,0.5681744306026765,enet:dm_only
2011-07,0.0051261238562259415,0.004103539836475447,0.5112920098752474,enet:dm_only
2011-08,0.007669570777113282,0.0066564178943059275,0.506576441403678,enet:dm_only
2011-09,0.011927093318075394,0.010882730166711546,0.5221815756819235,enet:dm_only
2011-10,-0.005541968616871094,-0.00663235178382038,0.5451915834746435,enet:dm_only
2011-11,0.003696104202411606,0.0023107508125320333,0.6926766949397863,enet:dm_only
2011-12,0.004752762919950007,0.0033975488173930376,0.6776070512784846,enet:dm_only
2012-01,-0.01751825326041551,-0.018409928698392215,0.4458377189883531,enet:dm_only
2012-02,-0.0011298759436906853,-0.002353652458597197,0.611888257453256,enet:dm_only
2012-03,0.009355716037374317,0.008153790472776569,0.6009627822988742,enet:dm_only
2012-04,0.008362639975756932,0.0073573590073998515,0.5026404841785396,enet:dm_only
2012-05,0.008334299136291481,0.007429599927682676,0.45234960430440285,enet:dm_only
2012-06,0.005712777806950403,0.004825668161418072,0.4435548227661655,enet:dm_only
2012-07,0.005900741832977368,0.004993394869519357,0.4536734817290057,enet:dm_only
2012-08,0.003000955392630932,0.0020960618191578273,0.45244678673655236,enet:dm_only
2012-09,-0.0022722593253997145,-0.0031756878990540603,0.45171428682717313,enet:dm_only
2012-10,0.001567992414073423,0.0005382199019467233,0.5148862560633498,enet:dm_only
2012-11,0.007649650426269548,0.006709286349561633,0.4701820383539578,enet:dm_only
2012-12,-0.0018884492719333271,-0.002783100200287252,0.4473254641769622,enet:dm_only
2013-01,0.0020331855910819293,0.0010275025476331164,0.5028415217244065,enet:dm_only
2013-02,0.003334802553413075,0.002297508716993347,0.5186469182098642,enet:dm_only
2013-03,0.0081704580278009,0.007252240471099532,0.4591087783506845,enet:dm_only
2013-04,0.007793180199434954,0.0069832456355613725,0.4049672819367909,enet:dm_only
2013-05,0.0022113538874064267,0.001366717143925111,0.42231837174065784,enet:dm_only
2013-06,0.0029530233355517313,0.0019007437287392704,0.5261398034062306,enet:dm_only
2013-07,0.007210636643630589,0.006161134835664463,0.5247509039830636,enet:dm_only
2013-08,-3.811653937640667e-05,-0.001110975144295396,0.5364293024594947,enet:dm_only
2013-09,-0.006303144592083491,-0.007468252543390653,0.5825539756535805,enet:dm_only
2013-10,0.0002982791219658207,-0.0007886163684632148,0.5434477452145177,enet:dm_only
2013-11,-0.001355712217804443,-0.0023381469735998125,0.4912173778976849,enet:dm_only
2013-12,0.0026139276239063682,0.0017357998403884772,0.4390638917589454,enet:dm_only
2014-01,-0.00027243928857804105,-0.0010392733204096399,0.3834170159157995,enet:dm_only
2014-02,0.005199779769806195,0.004286262569513046,0.4567586001465747,enet:dm_only
2014-03,0.00020966273144744526,-0.0006780583742386835,0.4438605528430644,enet:dm_only
2014-04,0.00242683752687388,0.0013708114677542472,0.5280130295598163,enet:dm_only
2014-05,-0.0022427670253726407,-0.003259716592275483,0.5084747834514214,enet:dm_only
2014-06,0.003256083675559597,0.0022234342916241214,0.5163246919677377,enet:dm_only
2014-07,0.0022829553703328496,0.00133161165172015,0.47567185930634986,enet:dm_only
2014-08,0.0017922460383457317,0.0008824162052065821,0.45491491656957467,enet:dm_only
2014-09,-0.0033619472159550894,-0.004264054740772911,0.4510537624089108,enet:dm_only
2014-10,0.0015963269353308357,0.0006962556397485668,0.4500356477911343,enet:dm_only
2014-11,0.010441392018049868,0.009482516854079855,0.47943758198500624,enet:dm_only
2014-12,0.014054967400316571,0.013245802304272502,0.40458254802203547,enet:dm_only
2015-01,0.004732589723044386,0.003914464058636887,0.40906283220374956,enet:dm_only
2015-02,0.0005801186024838936,-0.0004067806203710001,0.49344961142744703,enet:dm_only
2015-03,0.004000602353019766,0.002991800827464114,0.5044007627778262,enet:dm_only
2015-04,-0.011268300105365515,-0.012225039462278244,0.47836967845636524,enet:dm_only
2015-05,-0.0006105395504754824,-0.0018860590353944164,0.6377597424594672,enet:dm_only
2015-06,0.0031474375230641036,0.0019961552896812364,0.5756411166914335,enet:dm_only
2015-07,0.007958488402796273,0.007111206607330221,0.42364089773302654,enet:dm_only
2015-08,0.006475213466618098,0.005613682817095277,0.4307653247614106,enet:dm_only
2015-09,0.005114880514948285,0.004239003177862884,0.43793866854270086,enet:dm_only
2015-10,-0.0023814282277734794,-0.0032881408418084374,0.453356307017479,enet:dm_only
2015-11,0.004644194255828539,0.0035805752589537993,0.5318094984373696,enet:dm_only
2015-12,-0.0014279067246575547,-0.002434625779439458,0.5033595273909514,enet:dm_only
2016-01,0.0016164141099761088,0.0005884233135753,0.5139953982004045,enet:dm_only
2016-02,-0.0009309990736674067,-0.0020002402198675013,0.5346205731000475,enet:dm_only
2016-03,-0.004903774192896647,-0.0060105621777509265,0.5533939924271397,enet:dm_only
2016-04,0.0036297128541930754,0.002479260120801796,0.5752263666956396,enet:dm_only
2016-05,0.0005592272510194065,-0.0005040187941420784,0.5316230225807426,enet:dm_only
2016-06,-0.00020399015490644642,-0.0012369391388069649,0.5164744919502593,enet:dm_only
2016-07,0.0016373443863964682,0.000733316352567033,0.45201401691471765,enet:dm_only
2016-08,0.00571217925504754,0.004722306089880601,0.4949365825834693,enet:dm_only
2016-09,0.006433895004957794,0.00551127077667654,0.4613121141406271,enet:dm_only
2016-10,0.0024943408465514937,0.0018165174497576633,0.3389116983969151,enet:dm_only
2016-11,-0.0018036105905450365,-0.0026698561224234698,0.4331227659392167,enet:dm_only
2016-12,0.0012455059864962031,0.00020685649222009997,0.5193247471380517,enet:dm_only
2017-01,0.0040893097636059686,0.0031512402154417547,0.46903477408210636,enet:dm_only
2017-02,-0.0015335427225338359,-0.0025346638345681966,0.5005605560171802,enet:dm_only
2017-03,0.0018145865750068648,0.0008649463000224589,0.474820137492203,enet:dm_only
2017-04,0.0010552297771382318,0.00014301288301224292,0.45610844706299425,enet:dm_only
2017-05,0.0032411106200821095,0.0023771466688268634,0.4319819756276231,enet:dm_only
2017-06,0.0006064771138644389,-0.0003906628091517781,0.4985699615081086,enet:dm_only
2017-07,0.0020288973640346037,0.0010821375575587923,0.4733799032379057,enet:dm_only
2017-08,0.0026349912828914747,0.0016541910171112783,0.4904001328900981,enet:dm_only
2017-09,0.0020034498050060384,0.001173094083136014,0.4151778609350121,enet:dm_only
2017-10,0.004145928163585597,0.0033234630098184404,0.411232576883578,enet:dm_only
2017-11,0.0013220267658176905,0.00033663332902272245,0.49269671839748386,enet:dm_only
2017-12,0.004635165472587536,0.0036101579009787427,0.5125037858043965,enet:dm_only
2018-01,0.007016593826003917,0.006013877488451759,0.5013581687760792,enet:dm_only
2018-02,0.0026460150660715855,0.0015742881568795574,0.5358634545960141,enet:dm_only
2018-03,0.005043577859217943,0.004077607333730862,0.48298526274354026,enet:dm_only
2018-04,0.0027613450859856566,0.0018881497570201883,0.4365976644827342,enet:dm_only
2018-05,0.0023456053870088743,0.0013314693581578142,0.50706801442553,enet:dm_only
2018-06,0.0012699655923519451,0.0002324187238242884,0.5187734342638284,enet:dm_only
2018-07,0.002719875660190248,0.0017385646823458326,0.4906554889222077,enet:dm_only
2018-08,0.006641266617832026,0.005656026214079326,0.4926202018763496,enet:dm_only
2018-09,0.0161025789233463,0.015224878386876748,0.4388502682347768,enet:dm_only
2018-10,0.0009306925957370683,7.729033491898339e-05,0.426701130409042,enet:dm_only
2018-11,-0.005672206244790288,-0.006661069120629793,0.4944314379197529,enet:dm_only
2018-12,0.0047011118397876925,0.0034967851666412126,0.6021633365732404,enet:dm_only
2019-01,-0.0010755265402638491,-0.0019848831309586135,0.4546782953473823,enet:dm_only
2019-02,-0.006666889880122571,-0.0077701867972589135,0.551648458568171,enet:dm_only
2019-03,0.004900671234092553,0.0038409772886991754,0.5298469726966888,enet:dm_only
2019-04,0.0007917872318590771,-1.5932429981897516e-05,0.40385983092048716,enet:dm_only
2019-05,0.0005865562512928709,-0.0003246590669729501,0.4556076591329104,enet:dm_only
2019-06,0.0027714382723792908,0.0017746912735410755,0.49837349941910764,enet:dm_only
2019-07,0.0055426580472761645,0.004616649828816906,0.4630041092296293,enet:dm_only
2019-08,0.0033977224392186187,0.0025630516227782415,0.4173354082201888,enet:dm_only
2019-09,-0.0030729841283963066,-0.0039589407052290975,0.4429782884163955,enet:dm_only
2019-10,0.0029415815019537077,0.001911743769888645,0.5149188660325312,enet:dm_only
2019-11,0.001620411722953431,0.0007421021363792275,0.4391547932871017,enet:dm_only
2019-12,0.006036196158493281,0.0050977029705602675,0.4692465939665063,enet:dm_only
2020-01,0.005141118457476942,0.004365300194738049,0.38790913136944644,enet:dm_only
2020-02,0.008210416014727771,0.0073898312829174,0.41029236590518553,enet:dm_only
2020-03,0.017436677175207325,0.01659925499519019,0.41871109000856593,enet:dm_only
2020-04,-0.020100103490694087,-0.021338134285830798,0.6190153975683562,enet:dm_only
2020-05,-0.0018172426013409937,-0.003552334900312236,0.8675461494856215,enet:dm_only
2020-06,-0.0028157827003228043,-0.004162934389713152,0.6735758446951738,enet:dm_only
2020-07,0.005473354332959913,0.004234774129498347,0.6192901017307828,enet:dm_only
2020-08,-0.0008049448662608409,-0.0020072000574837155,0.6011275956114374,enet:dm_only
2020-09,-0.0024510463614174556,-0.0036343706601334094,0.5916621493579769,enet:dm_only
2020-10,0.002044126719984433,0.0008412339460945676,0.601446386944933,enet:dm_only
2020-11,-0.02325852486377783,-0.024293763676463787,0.5176194063429788,enet:dm_only
2020-12,0.0054700555639691836,0.0038332580393924008,0.8183987622883915,enet:dm_only
2021-01,0.002950335544148591,0.0015928425127062574,0.6787465157211667,enet:dm_only
2021-02,0.0014705025336478662,0.00030510644738530575,0.5826980431312802,enet:dm_only
2021-03,0.006747880286442018,0.005541105713157191,0.603387286642414,enet:dm_only
2021-04,0.007495569154791066,0.006467312721444046,0.5141282166735105,enet:dm_only
2021-05,0.005360073616139832,0.004219287990561809,0.570392812789011,enet:dm_only
2021-06,-0.004198781838503454,-0.0052644365723401865,0.5328273669183663,enet:dm_only
2021-07,0.006335654619204326,0.00528518077077472,0.5252369242148037,enet:dm_only
2021-08,0.0007110864535882385,-0.00025815133807519395,0.4846188958317162,enet:dm_only
2021-09,0.0042343517456288815,0.0031827555544676604,0.5257980955806106,enet:dm_only
2021-10,0.0026275416065487407,0.0016191703257553607,0.5041856403966897,enet:dm_only
2021-11,0.005137668225196617,0.00416222588038637,0.4877211724051238,enet:dm_only
2021-12,0.009760210690540106,0.008638047079826107,0.5610818053569993,enet:dm_only
2022-01,0.00951892138969088,0.008657068122484624,0.43092663360312833,enet:dm_only
2022-02,0.008327517510907111,0.007473225379074852,0.4271460659161296,enet:dm_only
2022-03,0.00992773947627374,0.00892317560763463,0.5022819343195549,enet:dm_only
2022-04,0.008172209068727914,0.0073210081125406855,0.4256004780936142,enet:dm_only
2022-05,0.005452946114786123,0.0045756392792786265,0.43865341775374794,enet:dm_only
2022-06,0.000939636513775272,-1.9561562189337077e-05,0.4795990379823046,enet:dm_only
2022-07,-0.007539849599860824,-0.00854041368325769,0.500282041698433,enet:dm_only
2022-08,-0.0015130769389088748,-0.0026159774869088936,0.5514502740000093,enet:dm_only
2022-09,0.0037639594732659597,0.0028039884986135067,0.4799854873262261,enet:dm_only
2022-10,0.006456232133882126,0.005477048551979521,0.4895917909513025,enet:dm_only
2022-11,-0.00956317255544324,-0.010602641158138588,0.5197343013476753,enet:dm_only
2022-12,0.005630177924514733,0.004395951234296112,0.6171133451093103,enet:dm_only
2023-01,0.0029260132968673943,0.0019448190185757874,0.49059713914580344,enet:dm_only
2023-02,0.006365422263794557,0.005401213982370479,0.48210414071203905,enet:dm_only
2023-03,0.002249003066931289,0.0014879316496802784,0.380535708625505,enet:dm_only
2023-04,-0.003164852079726258,-0.004050690014801791,0.4429189675377659,enet:dm_only
2023-05,-0.0018496346487129624,-0.0027638938290987956,0.4571295901929168,enet:dm_only
2023-06,0.0027065771074205364,0.0017717525832814144,0.4674122620695609,enet:dm_only
2023-07,0.0017187890380262563,0.0007951039272332219,0.46184255539651725,enet:dm_only
2023-08,0.0010307140728176315,0.00010112659519683239,0.4647937388103997,enet:dm_only
2023-09,0.011390765916811207,0.010484713483903887,0.4530262164536605,enet:dm_only
2023-10,0.0063854046276720176,0.005675220891452561,0.35509186810972854,enet:dm_only
2023-11,-0.008418123945517964,-0.009253112789119868,0.417494421800952,enet:dm_only
2023-12,0.0030380786130172056,0.00202221163089183,0.5079334910626877,enet:dm_only
2024-01,0.010065015243047312,0.009142838399889506,0.4610884215789024,enet:dm_only
2024-02,7.540886079034965e-06,-0.0008993078782716359,0.4534243821753353,enet:dm_only
2024-03,0.0054533295748569145,0.004501955873915768,0.4756868504705734,enet:dm_only
2024-04,-0.0013786879620933665,-0.0022852102546487307,0.45326114627768227,enet:dm_only
2024-05,-0.0005349605550453792,-0.0014671719869985454,0.4661057159765832,enet:dm_only
2024-06,-0.0003343664446933707,-0.0012750232838899282,0.47032841959827903,enet:dm_only
2024-07,0.0005695250966544553,-0.00037614200879850163,0.4728335527264784,enet:dm_only
2024-08,0.0017428626707308374,0.0008297240787482489,0.45656929599129426,enet:dm_only
2024-09,0.0011018362205390845,0.00020810748938980645,0.4468643655746391,enet:dm_only
2024-10,0.004265298949414817,0.003309304371795256,0.4779972888097802,enet:dm_only
2024-11,0.009100067950536913,0.008155848901917125,0.4721095243098945,enet:dm_only
2024-12,0.0013939678462484546,0.0004980250591055352,0.4479713935714596,enet:dm_only
2025-01,0.0012328078378818512,0.0004562213526438676,0.3882932426189918,enet:dm_only
2025-02,0.002651703375341936,0.0017597417963560109,0.44598078949296266,enet:dm_only
2025-03,0.005586330897862785,0.0047306288684963085,0.427851014683238,enet:dm_only
2025-04,-0.003681446785783811,-0.004442630301040724,0.38059175762845654,enet:dm_only
2025-05,-0.00015727631262326582,-0.0010810730329016726,0.46189836013920343,enet:dm_only
2025-06,-0.00017700836278541083,-0.001047145508706433,0.43506857296051127,enet:dm_only
2025-07,0.0006400921784743264,-0.00013842328546057828,0.38925773196745245,enet:dm_only
2025-08,0.0010212824180526733,0.00011743629087946317,0.451923063586605,enet:dm_only
2025-09,0.006072335359777952,0.0051514388416526394,0.46044825906265596,enet:dm_only
2025-10,0.014542014847677136,0.013632193241201455,0.45491080323783906,enet:dm_only
2025-11,0.00010676570424144324,-0.0008545783315349661,0.48067201788820474,enet:dm_only
2025-12,0.010969264451996264,0.010029575004138267,0.46984472392899784,enet:dm_only
2000-01,-0.008054232755489572,-0.008054232755489572,0.0,static_ew
2000-02,-0.0033224250097376286,-0.0033666082391189084,0.022091614690639496,static_ew
2000-03,0.008892573889751466,0.008858927596536996,0.016823146607234538,static_ew
2000-04,0.0005289522470916465,0.0004452440731528918,0.04185408696937716,static_ew
2000-05,0.004158441932185121,0.0037857160211154034,0.18636295553485913,static_ew
2000-06,0.01451296289947025,0.014329678269243308,0.09164231511347082,static_ew
2000-07,0.007599137193156239,0.007559953756623731,0.019591718266253874,static_ew
2000-08,-0.0012412275038434042,-0.001258098266167025,0.008435381161810512,static_ew
2000-09,0.008544395716599911,0.008518454561927291,0.012970577336309628,static_ew
2000-10,0.011788498242021793,0.011720856038357612,0.033821101832090604,static_ew
2000-11,0.0077375414142510784,0.007693453304911547,0.022044054669766257,static_ew
2000-12,0.004140834836902038,0.004015627329899836,0.06260375350110112,static_ew
2001-01,-0.0025130649566742964,-0.0025551553659535196,0.021045204639611702,static_ew
2001-02,0.013704187199424412,0.013700104954689676,0.0020411223673687078,static_ew
2001-03,0.020493751066945988,0.020438369665328734,0.02769070080862534,static_ew
2001-04,0.0020738502838620943,0.0020535893825667107,0.010130450647692033,static_ew
2001-05,0.00385528006810814,0.0035942420547688697,0.13051900666963534,static_ew
2001-06,0.008394479568144885,0.008360334971756912,0.01707229819398765,static_ew
2001-07,0.006429827616851843,0.006405435963881077,0.012195826485382732,static_ew
2001-08,0.006284348554110853,0.006185432281851857,0.049458136129498134,static_ew
2001-09,0.014556458799433455,0.014523646738217093,0.016406030608181136,static_ew
2001-10,-0.005216350543856921,-0.005425146233386556,0.10439784476481727,static_ew
2001-11,-0.014401651296053556,-0.014413799187148817,0.006073945547629763,static_ew
2001-12,0.0025425736545122493,0.00253112659568872,0.005723529411764706,static_ew
2002-01,-6.071701083025435e-05,-6.947474831121171e-05,0.004378868740478647,static_ew
2002-02,0.006854014431940433,0.006797754619377984,0.028129906281224314,static_ew
2002-03,0.006291680746301247,0.0062110824292780096,0.0402991585116188,static_ew
2002-04,0.0027912967817321807,0.002670497181844366,0.060399799943907644,static_ew
2002-05,0.0006053161381261549,0.0004903479294705311,0.0574841043278119,static_ew
2002-06,0.004878909018750908,0.004805476237917517,0.036716390416696214,static_ew
2002-07,0.0038615247682601875,0.0038615247682601875,0.0,static_ew
2002-08,0.004220614128423369,0.004151641817941625,0.034486155240872216,static_ew
2002-09,0.01113095533068184,0.01110418731518143,0.013384007750204933,static_ew
2002-10,0.00827216082526355,0.008266357384027038,0.002901720618256054,static_ew
2002-11,-5.1497626700951495e-05,-0.00017251734772067272,0.060509860509860514,static_ew
2002-12,0.009988369403307783,0.009935558471204815,0.026405466051483743,static_ew
2003-01,0.004832128547809238,0.004795234785479283,0.018446881164977762,static_ew
2003-02,0.004582269831331078,0.004532937595858361,0.024666117736358493,static_ew
2003-03,0.007585330036173581,0.007553048480652865,0.01614077776035817,static_ew
2003-04,-0.007418115221489537,-0.007494255290295784,0.038070034403123565,static_ew
2003-05,0.002811820668124157,0.0025702315301458405,0.12079456898915815,static_ew
2003-06,0.003006855357881476,0.0029494444273087807,0.028705465286347626,static_ew
2003-07,0.00039297076837285956,0.00035470233294490887,0.01913421771397525,static_ew
2003-08,0.004345342765710691,0.004299419081756605,0.022961841977043672,static_ew
2003-09,-0.005460241897133419,-0.005774462578075172,0.15711034047087685,static_ew
2003-10,0.0037893462292956917,0.0037652306958518,0.012057766721945829,static_ew
2003-11,0.0061928099225411325,0.006172353324166916,0.010228299187108323,static_ew
2003-12,-0.002919147535487063,-0.002956596595756332,0.01872453013463451,static_ew
2004-01,-0.010342618452577413,-0.01038881728298677,0.02309941520467837,static_ew
2004-02,0.004209504266051679,0.0041252579568053695,0.04212315462315461,static_ew
2004-03,0.0028970749152693754,0.0028538802342673174,0.021597340501029023,static_ew
2004-04,0.0020934314642214553,0.002063233146913763,0.015099158653846152,static_ew
2004-05,0.0015104905659376914,0.0014023912940094735,0.054049635964109013,static_ew
2004-06,0.0057102796058507935,0.005670696953790624,0.019791326030085005,static_ew
2004-07,0.0036449631052641552,0.0036212744697971927,0.011844317733481135,static_ew
2004-08,0.002948245277755671,0.0028940326984406325,0.027106289657519166,static_ew
2004-09,0.0016816160899072244,0.001598150021487795,0.04173303420971473,static_ew
2004-10,0.006248990356336952,0.006219708845498065,0.014640755419443936,static_ew
2004-11,0.0020671852578501623,0.0020003161380989067,0.03343455987562776,static_ew
2004-12,0.005565224955151374,0.0055353881470103965,0.014918404070488951,static_ew
2005-01,0.00038617518246813733,0.00020199719333770276,0.09208899456521738,static_ew
2005-02,0.002807046191365844,0.002785685888646154,0.010680151359844911,static_ew
2005-03,0.004094398036252496,0.004064654716630499,0.014871659810998411,static_ew
2005-04,0.0014005056032465055,0.0013782252640838133,0.011140169581346046,static_ew
2005-05,-0.004730814098126817,-0.004824375595633835,0.046780748753509065,static_ew
2005-06,0.0020335551688345638,0.0020180767236686187,0.007739222582972584,static_ew
2005-07,0.0015226250826939152,0.0015052098047808981,0.008707638956508508,static_ew
2005-08,0.0014673683288909194,0.001446344680490177,0.010511824200371285,static_ew
2005-09,-0.0027498854354131774,-0.0028375466852037625,0.043830624895292346,static_ew
2005-10,0.0018706936332236203,0.0018566351872645916,0.007029222979514402,static_ew
2005-11,-0.002844164416158255,-0.0028868259099976683,0.02133074691970666,static_ew
2005-12,-0.0037629167585936877,-0.003790942355740677,0.014012798573494675,static_ew
2006-01,0.0002714182677413323,0.0002617461858289846,0.004836040956173839,static_ew
2006-02,0.0034085139630548817,0.0032096011325007407,0.09945641527707018,static_ew
2006-03,0.004481387672276267,0.004475641640530235,0.0028730158730158706,static_ew
2006-04,0.0031756480898902494,0.00307117185903343,0.052238115428409886,static_ew
2006-05,0.004330611050939364,0.004273720409013745,0.028445320962809533,static_ew
2006-06,0.0029918862265939875,0.0029794469303707923,0.006219648111597565,static_ew
2006-07,0.0009897353255705927,0.0007390105648386572,0.12536238036596792,static_ew
2006-08,-0.005579905071801655,-0.005706201517598411,0.06314822289837835,static_ew
2006-09,-0.0019848022189704376,-0.0021478610377422998,0.08152940938593121,static_ew
2006-10,0.00023304446148612952,0.00015210337971342824,0.04047054088635069,static_ew
2006-11,0.007215567213143886,0.007174870009873403,0.020348601635241634,static_ew
2006-12,0.0014561272130665312,0.0014439579113636452,0.006084650851443113,static_ew
2007-01,0.0022035846270347485,0.002133954054176853,0.03481528642894777,static_ew
2007-02,-0.003351067325473097,-0.0036470123865042416,0.14797253051557252,static_ew
2007-03,0.0003157349452751711,0.00024110114532999028,0.03731689997259044,static_ew
2007-04,0.0014347193699937465,0.0013284909894069748,0.05311419029338576,static_ew
2007-05,-0.0048273945236089,-0.004969608045152322,0.07110676077171152,static_ew
2007-06,-0.0021936824243247613,-0.002233316789877548,0.019817182776393282,static_ew
2007-07,-0.002753779547640012,-0.002880284995230297,0.06325272379514275,static_ew
2007-08,0.006932146185573681,0.00683050503178649,0.05082057689359569,static_ew
2007-09,0.0023448063629001774,0.002278916497458691,0.032944932720742795,static_ew
2007-10,-0.0002862861615961196,-0.00046970875655770575,0.09171129748079303,static_ew
2007-11,0.005095242578010445,0.004983486084071729,0.05587824696935779,static_ew
2007-12,0.0011678959148501509,0.0010636942086623756,0.052100853093887824,static_ew
2008-01,0.008415719772298942,0.00828650671790228,0.06460652719833028,static_ew
2008-02,-0.000158288342923379,-0.00025716157729098406,0.04943661718380262,static_ew
2008-03,0.007533987054377487,0.007485112522233843,0.024437266071821576,static_ew
2008-04,0.0023876549440346767,0.0023445738639126497,0.021540540061013413,static_ew
2008-05,-0.0006871663758157012,-0.0007812979287303485,0.047065776457323835,static_ew
2008-06,0.00788331407383854,0.00785088838889537,0.016212842471585488,static_ew
2008-07,0.005199789486140103,0.00517873765750907,0.01052591431551664,static_ew
2008-08,0.008682850962698762,0.008656659964940359,0.013095498879201114,static_ew
2008-09,0.010016855419549126,0.009992118996430547,0.012368211559289872,static_ew
2008-10,0.020628895885673838,0.020593781484319135,0.01755720067735098,static_ew
2008-11,0.011584295103232755,0.011544801651522241,0.019746725855257642,static_ew
2008-12,-0.005224879049493699,-0.005261672693123317,0.018396821814808298,static_ew
2009-01,0.007831045936027643,0.007798458434088718,0.016293750969462048,static_ew
2009-02,0.0032121634013545907,0.0031475772483727797,0.03229307649090513,static_ew
2009-03,-0.0013738071365532718,-0.0014076307460345377,0.016911804740633,static_ew
2009-04,-0.019748019657093056,-0.01978209695575768,0.017038649332312045,static_ew
2009-05,-0.021310417470346125,-0.021369090559809435,0.02933654473165522,static_ew
2009-06,0.00805267082325658,0.008049179181078807,0.0017458210888867882,static_ew
2009-07,-0.0010585712281839135,-0.0011016091813480938,0.021518976582090177,static_ew
2009-08,0.00032282388262321114,0.0003011092423397125,0.010857320141749331,static_ew
2009-09,-0.0033939844359609215,-0.003407690830683443,0.0068531973612604635,static_ew
2009-10,0.0038350820589133413,0.003825555642532994,0.004763208190173451,static_ew
2009-11,0.0028642785119217585,0.002851467598910509,0.006405456505624612,static_ew
2009-12,0.0011936281671156648,0.0011792707042480302,0.007178731433817373,static_ew
2010-01,0.004108942417102467,0.004093743745871779,0.0075993356153435995,static_ew
2010-02,0.005870692708733999,0.005836224950225158,0.017233879254419934,static_ew
2010-03,-0.0012474803531702153,-0.0012775505415900024,0.015035094209893386,static_ew
2010-04,0.002753965679457075,0.002735692353064871,0.009136663196102124,static_ew
2010-05,0.006632023451707294,0.006596540195115946,0.01774162829567434,static_ew
2010-06,0.005081368231871966,0.00506896896325197,0.006199634309998528,static_ew
2010-07,0.0010998099427623692,0.0010910260404375,0.004391951162434457,static_ew
2010-08,0.006229624939641878,0.0061941796480742195,0.017722645783829385,static_ew
2010-09,-0.0007128325775939865,-0.0007351502936507672,0.01115885802839034,static_ew
2010-10,-0.0008688661615171198,-0.0008761600124773402,0.003646925480110154,static_ew
2010-11,0.006347012737415119,0.006336191343208803,0.005410697103157608,static_ew
2010-12,0.0007988338007927202,0.0007901610098824095,0.004336395455155419,static_ew
2011-01,0.00814817064642164,0.00813992483352942,0.00412290644610926,static_ew
2011-02,0.0008407905918670996,0.0008162742616183006,0.012258165124399352,static_ew
2011-03,0.0025707154821668953,0.0025202570982074467,0.025229191979724227,static_ew
2011-04,0.003261515444977579,0.0032450864093960716,0.008214517790753764,static_ew
2011-05,0.004419066142181828,0.0043882011775639865,0.015432482308921094,static_ew
2011-06,0.004285440637838563,0.004271304919860418,0.007067858989072069,static_ew
2011-07,0.005272132187960514,0.005255698731108939,0.008216728425787663,static_ew
2011-08,0.004797848614724586,0.004785639286548871,0.006104664087857355,static_ew
2011-09,0.008349604462113662,0.008332425127841079,0.008589667136291905,static_ew
2011-10,-0.0028143505874505155,-0.0028164669895669172,0.001058201058201055,static_ew
2011-11,0.009217478493674703,0.0092040473810814,0.006715556296651588,static_ew
2011-12,0.005048871971054323,0.005042431674137835,0.0032201484582436886,static_ew
2012-01,-0.009857515307656908,-0.010002067371778476,0.07227603206078435,static_ew
2012-02,0.002507350184132123,0.0025013841902969836,0.0029829969175698525,static_ew
2012-03,0.005615998208566737,0.005612884363347629,0.0015569226095541872,static_ew
2012-04,0.006865185613057145,0.006730885493417091,0.0671500598200271,static_ew
2012-05,0.005555477993027697,0.00549959577807152,0.027941107478088312,static_ew
2012-06,0.003998248142605773,0.0039887419893843805,0.00475307661069618,static_ew
2012-07,0.004037576600790938,0.00401390354121325,0.011836529788843954,static_ew
2012-08,0.002011360701124564,0.0019978067257397716,0.0067769876923960675,static_ew
2012-09,-0.003285752436406384,-0.003302124305385926,0.008185934489771056,static_ew
2012-10,0.0007474525609330305,0.0007440205575010269,0.0017160017160017197,static_ew
2012-11,0.0049877403919938975,0.004975594544643969,0.006072923674964497,static_ew
2012-12,-0.004447201834822033,-0.004462590690620559,0.007694427899262742,static_ew
2013-01,0.0029213702824139576,0.0029117881080006785,0.004791087206639632,static_ew
2013-02,0.000678620305690039,0.0006323705608918537,0.02312487239909266,static_ew
2013-03,0.00567272909443082,0.005635340724231064,0.018694185099878198,static_ew
2013-04,0.0036493902376035616,0.003601774706020198,0.02380776579168191,static_ew
2013-05,0.0007523732183391529,0.0007296208234932203,0.01137619742296642,static_ew
2013-06,0.004163159162570017,0.004141845587328748,0.010656787620634312,static_ew
2013-07,0.0068594450739525034,0.006825147155697505,0.017148959127499648,static_ew
2013-08,0.0014077314253624195,0.0013881361882067762,0.009797618577821654,static_ew
2013-09,-0.0006199307897740849,-0.0007161138434321722,0.04809152682904367,static_ew
2013-10,-0.0025186232724027625,-0.0025612636349719715,0.021320181284604375,static_ew
2013-11,0.000466226500821703,0.0004009580012599587,0.03263424978087218,static_ew
2013-12,0.000790029446087052,0.0007792405042541233,0.005394470916464232,static_ew
2014-01,0.00034660896847654287,0.0003266028927949208,0.010003037840811042,static_ew
2014-02,-0.00012300536003798378,-0.0001371269923355748,0.007060816148795523,static_ew
2014-03,-0.00037148043004159585,-0.0003841495214778107,0.006334545718107363,static_ew
2014-04,-0.0031445101297390694,-0.003206897848784893,0.03119385952291195,static_ew
2014-05,-0.0019058736349190136,-0.0019241918059465443,0.009159085513765312,static_ew
2014-06,0.0063354531304580155,0.0063354531304580155,0.0,static_ew
2014-07,0.0016562438818384746,0.0016529380967145076,0.0016528925619834697,static_ew
2014-08,-0.00018354284419266605,-0.00025138922990475043,0.03392319285604222,static_ew
2014-09,0.0013228115322083227,0.0013197189851157755,0.0015462735462735417,static_ew
2014-10,0.00043113089254049816,0.00041012017643896076,0.010505358050768706,static_ew
2014-11,0.002520013025020349,0.0025143053880309504,0.0028538184946993506,static_ew
2014-12,0.006058595296174158,0.0060492939677148075,0.004650664229675821,static_ew
2015-01,0.002382467261298095,0.00237485917474264,0.003804043277727485,static_ew
2015-02,-3.6589528090870815e-05,-6.203247786408453e-05,0.012721474886606883,static_ew
2015-03,0.003746562672585633,0.003709525366524066,0.01851865303078358,static_ew
2015-04,-0.0038612967496902215,-0.003932267113809166,0.03548518205947243,static_ew
2015-05,0.0033907079326232843,0.0033315568680645515,0.029575532279366355,static_ew
2015-06,0.004722631972005948,0.004718435070867871,0.002098450569038793,static_ew
2015-07,0.005648305186634815,0.005644116201451701,0.0020944925915571742,static_ew
2015-08,0.004826439802860118,0.004810578242753404,0.007930780053356576,static_ew
2015-09,0.00199816265131216,0.0019966745560740648,0.0007440476190476184,static_ew
2015-10,-0.0033042676835991053,-0.003319486755797337,0.007609536099115849,static_ew
2015-11,0.003241119485403613,0.003232663960867106,0.004227762268253475,static_ew
2015-12,-0.0007067662858683596,-0.0007170446322199819,0.005139173175811111,static_ew
2016-01,0.004815901968888455,0.004811375172662718,0.0022633981128683304,static_ew
2016-02,0.0011191402618685893,0.0011100419080409384,0.004549176913825397,static_ew
2016-03,-0.005698576867138182,-0.005707471142103885,0.0044471374828517615,static_ew
2016-04,0.002031947505450259,0.0020273930359495295,0.002277234750364657,static_ew
2016-05,0.0026970195214915255,0.0026766097534909224,0.010204884000301713,static_ew
2016-06,0.0007367177574340028,0.0007326192295814673,0.0020492639262677135,static_ew
2016-07,0.0005347355660886367,0.000533107564460635,0.0008140008140008087,static_ew
2016-08,0.0010219873570565569,0.0010061742986061275,0.007906529225214882,static_ew
2016-09,0.003436842086719183,0.0033987072482039773,0.01906741925760316,static_ew
2016-10,0.0009522471720260927,0.0009468886607731323,0.0026792556264801943,static_ew
2016-11,0.0007428409871268228,0.0007291064469454428,0.0068672700906900926,static_ew
2016-12,0.0012810734658094938,0.0011992312675727262,0.04092109911838379,static_ew
2017-01,0.002326311804488616,0.0022966547306851595,0.014828536901728489,static_ew
2017-02,-0.0006362808323237322,-0.0006481893547008614,0.005954261188564554,static_ew
2017-03,0.003582298190416968,0.0035732232545127645,0.004537467952102095,static_ew
2017-04,-0.0005385353976690465,-0.0005602882675183909,0.010876434924672197,static_ew
2017-05,0.0028614852573987056,0.002844533260933344,0.008475998232680946,static_ew
2017-06,-2.561758610449424e-05,-4.043251378915434e-05,0.007407463842330078,static_ew
2017-07,0.0018418631582497672,0.0018381717592095312,0.0018456995201181253,static_ew
2017-08,0.001133125437447525,0.0011303566855023024,0.0013843759726112604,static_ew
2017-09,0.0015244136069398082,0.001516396290922492,0.004008658008658005,static_ew
2017-10,0.001478651151791834,0.001458864816235544,0.009893167778144946,static_ew
2017-11,0.0018562480611969236,0.001842613827863097,0.006817116666913122,static_ew
2017-12,0.002439685470964855,0.0024302499494879637,0.004717760738445305,static_ew
2018-01,0.0034815471442058814,0.003476141743910818,0.002702700147531734,static_ew
2018-02,0.004001483112358044,0.004001483112358044,0.0,static_ew
2018-03,0.004303193057319348,0.004251286454387451,0.025953301465948077,static_ew
2018-04,0.000986033184133915,0.0009790226408754848,0.0035052716292150263,static_ew
2018-05,0.0036696150430215913,0.0036431541186874887,0.013230462167051166,static_ew
2018-06,0.0012059179346976972,0.0011879786299014638,0.00896965239811673,static_ew
2018-07,0.001842808470649604,0.0018207644946882464,0.011021987980678709,static_ew
2018-08,0.003560846024904089,0.00354784186408017,0.006502080411959332,static_ew
2018-09,0.006581899756991333,0.006569901833917698,0.005998961536817895,static_ew
2018-10,-0.00042436297707337513,-0.00043203780732885055,0.0038374151277377143,static_ew
2018-11,-0.004388008041590142,-0.004403430827989579,0.007711393199718791,static_ew
2018-12,-0.0020950081818933513,-0.002097551093527172,0.0012714558169103613,static_ew
2019-01,0.001583072256130508,0.001583072256130508,0.0,static_ew
2019-02,-0.0028421978980546565,-0.0028468515777083365,0.0023268398268398295,static_ew
2019-03,0.000498865982081411,0.000490807374022803,0.004029304029304032,static_ew
2019-04,-0.0003464813734668614,-0.00035105526672688604,0.0022869466300123246,static_ew
2019-05,0.0015703661020399244,0.0015618963918826638,0.004234855078630399,static_ew
2019-06,0.002743843834104281,0.0027400259111283343,0.0019089614879730765,static_ew
2019-07,0.00326457145383513,0.003259008492846949,0.0027814804940904697,static_ew
2019-08,-0.00027314355668584694,-0.0002920566499597503,0.00945654663695173,static_ew
2019-09,-0.0004538618792321271,-0.00045579611520891637,0.0009671179883945893,static_ew
2019-10,-0.00010215435256332872,-0.00010713368831993887,0.0024896678783050403,static_ew
2019-11,0.0014087229631067188,0.001402805067693025,0.0029589477068468636,static_ew
2019-12,-0.0008399526703863628,-0.0008559515237552658,0.007999426684451524,static_ew
2020-01,-0.0007939329063214995,-0.0007939329063214995,0.0,static_ew
2020-02,0.0028287368198168755,0.002824217912377786,0.002259453719544567,static_ew
2020-03,0.008924301784027155,0.008915985511977318,0.00415813602491825,static_ew
2020-04,-0.007461526637964732,-0.007483259887090917,0.01086662456309298,static_ew
2020-05,-0.0006874857989797774,-0.0007107656634808175,0.011639932250520141,static_ew
2020-06,-0.00574384167298194,-0.005746913013615648,0.0015356703168534944,static_ew
2020-07,0.0006441198548956202,0.0005924234031991684,0.025848225848225846,static_ew
2020-08,-0.003480503573849631,-0.003486350926350259,0.002923676250313964,static_ew
2020-09,0.0022504614286920637,0.002244735815866278,0.002862806412892725,static_ew
2020-10,0.002525559921224492,0.002520222817521515,0.0026685518514884482,static_ew
2020-11,-0.010266979792059585,-0.010280080504397745,0.006550356169079457,static_ew
2020-12,-0.0007243780709618334,-0.0007296342693089409,0.002628099173553713,static_ew
2021-01,0.002041801014568993,0.002035901225894085,0.002949894337454148,static_ew
2021-02,-0.0012342098374664872,-0.0012387188032713244,0.002254482902418675,static_ew
2021-03,0.0032546676224898745,0.0032328298084832725,0.010918907003301066,static_ew
2021-04,0.0007195862300767999,0.0007166936680933287,0.0014462809917355325,static_ew
2021-05,-0.0006567925528370179,-0.0006701803409922956,0.0066938940776388595,static_ew
2021-06,-0.0023491369554705464,-0.0023505355568691475,0.0006993006993006962,static_ew
2021-07,0.0006283468340451023,0.0006256020568899343,0.0013723885775839772,static_ew
2021-08,0.0007292249977207591,0.0007292249977207591,0.0,static_ew
2021-09,0.0021103547661178654,0.0021051182768919738,0.0026182446129458135,static_ew
2021-10,0.000124395423440632,0.00012317516718681867,0.000610128126906654,static_ew
2021-11,0.0069986012623130785,0.0069958254122089855,0.001387925052047198,static_ew
2021-12,0.00649526167631297,0.006493733792432146,0.0007639419404125304,static_ew
2022-01,0.0032563040252667945,0.0032491965872502655,0.0035537190082644585,static_ew
2022-02,0.0077146654535550675,0.007710476556650939,0.0020944484520643443,static_ew
2022-03,0.00025034203567265073,0.00025034203567265073,0.0,static_ew
2022-04,0.005880094121297235,0.005857625209649068,0.01123445582408371,static_ew
2022-05,0.001173559787865879,0.0011593039557109112,0.007127916077484074,static_ew
2022-06,0.0013763483313051475,0.0013684872822886487,0.003930524508249345,static_ew
2022-07,-0.005008165287432795,-0.005008165287432795,0.0,static_ew
2022-08,-0.004468467875042558,-0.004471997007351086,0.0017645661542638046,static_ew
2022-09,0.00802511527216806,0.008017950265974828,0.0035825030966162093,static_ew
2022-10,-0.0008440536043859904,-0.0008480257583581443,0.00198607698607698,static_ew
2022-11,-0.00120602174449673,-0.001212808347243916,0.003393301373593007,static_ew
2022-12,0.004628673799416152,0.004626160104110696,0.00125684765272866,static_ew
2023-01,0.000693621593871195,0.0006878343986103156,0.00289359763043974,static_ew
2023-02,0.00240195325125751,0.0023772464434945323,0.012353403881488801,static_ew
2023-03,0.003832202294751244,0.0038309737935227433,0.00061425061425061,static_ew
2023-04,-0.0008647925903217394,-0.0008696146336010812,0.002411021639670855,static_ew
2023-05,-0.0026765721026017967,-0.0027037712539741553,0.013599575686179434,static_ew
2023-06,0.0015666876159990115,0.0015639318637503585,0.0013778761243264262,static_ew
2023-07,-0.0007695657585980623,-0.0007768466209124817,0.0036404311572096793,static_ew
2023-08,0.003228586159277914,0.0032236136626781096,0.002486248299902217,static_ew
2023-09,0.006571092003921217,0.006567695434925474,0.0016982844978712741,static_ew
2023-10,0.004666394464122909,0.004666394464122909,0.0,static_ew
2023-11,-0.004364973052098113,-0.004416541810752267,0.0257843793270773,static_ew
2023-12,0.001684042097674876,0.001684042097674876,0.0,static_ew
2024-01,0.005332598381402403,0.005324743815134344,0.0039272831340288585,static_ew
2024-02,-0.0007570558727206929,-0.0007665004364019239,0.004722281840615517,static_ew
2024-03,0.00013386015866957772,0.00012850793513553594,0.0026761117670208614,static_ew
2024-04,0.000360165019109069,0.0003312704686834181,0.014447275212825454,static_ew
2024-05,0.004236267630739296,0.004188515986363952,0.023875822187672247,static_ew
2024-06,0.0026156580234241067,0.00259569482872407,0.0099815973500184,static_ew
2024-07,-5.9447330236313164e-05,-6.105634069488115e-05,0.0008045052292839885,static_ew
2024-08,0.0035917392010949662,0.003583396172304594,0.004171514395186035,static_ew
2024-09,-5.386898719462589e-05,-5.6801538514273966e-05,0.0014662756598240506,static_ew
2024-10,0.000611815815939404,0.0006087142427158796,0.0015507866117622214,static_ew
2024-11,0.0034863697236634864,0.003485061679189974,0.0006540222367560478,static_ew
2024-12,0.0010858377337583864,0.0010760279254229158,0.004904904167735354,static_ew
2025-01,0.004854193123337286,0.004846851283890184,0.003670919723551311,static_ew
2025-02,0.0031929814147199378,0.0031885803342430376,0.0022005402384500713,static_ew
2025-03,0.0025774673353983254,0.0025709331979550973,0.0032670687216141757,static_ew
2025-04,-0.00047364825536086886,-0.0004915391316695951,0.008945438154363104,static_ew
2025-05,-0.001853131142943605,-0.0018635965114049081,0.005232684230651754,static_ew
2025-06,-0.0012435561083850332,-0.0012572109740852744,0.0068274328501205205,static_ew
2025-07,0.00021544907810051815,0.00021422057687201697,0.0006142506142506102,static_ew
2025-08,-0.0012500305131398414,-0.0012529956547911146,0.0014825708256365174,static_ew
2025-09,-0.000249105570764605,-0.00025274225983175775,0.0018183445335763168,static_ew
2025-10,0.004644858770115445,0.0046382879599732064,0.0032854050711193603,static_ew
2025-11,0.004324425028712789,0.004322816018254221,0.0008045052292839885,static_ew
2025-12,0.003039233356342007,0.003037638460010268,0.0007974481658692203,static_ew
2000-01,0.0031551376616246905,0.0031551376616246905,0.0,enet:own
2000-02,-0.00016084766076179986,-0.0026825157998735163,1.2608340695558582,enet:own
2000-03,-0.0041434815536930195,-0.006408900158455352,1.1327093023811659,enet:own
2000-04,0.005620903325675801,0.002927776067653402,1.3465636290111993,enet:own
2000-05,0.007566103363456653,0.005470728670803605,1.0476873463265246,enet:own
2000-06,-0.015791281962601576,-0.01805626619692924,1.1324921171638325,enet:own
2000-07,-0.0023394515783169423,-0.004743032319978006,1.2017903708305315,enet:own
2000-08,-0.00788188499813121,-0.010073396149517692,1.0957555756932402,enet:own
2000-09,-0.0027689811613636406,-0.0051814614232107755,1.2062401309235677,enet:own
2000-10,0.00297206819958406,0.0007942201884215314,1.0889240055812643,enet:own
2000-11,0.008523322576915604,0.006609493005056741,0.9569147859294322,enet:own
2000-12,-0.004561033817198969,-0.0067207096058693565,1.0798378943351938,enet:own
2001-01,-0.016376283251016522,-0.018325161069050536,0.9744389090170054,enet:own
2001-02,0.0030023637868070675,0.001148294550175291,0.9270346183158883,enet:own
2001-03,0.0271957873137138,0.02537419190134514,0.9107977061843295,enet:own
2001-04,0.00722299987540048,0.005876433754355148,0.6732830605226663,enet:own
2001-05,0.010779299126160533,0.008968496390436361,0.9054013678620861,enet:own
2001-06,-0.0006155132592670606,-0.002060768355612551,0.7226275481727453,enet:own
2001-07,0.01790685481313925,0.016242396901948626,0.8322289555953107,enet:own
2001-08,-0.0028917605650357965,-0.004203132712964525,0.655686073964365,enet:own
2001-09,0.0041339170729102395,0.0025810449012800994,0.7764360858150702,enet:own
2001-10,-0.0035298920930925777,-0.005256958371835921,0.8635331393716715,enet:own
2001-11,0.008543006453453761,0.006704680565175658,0.9191629441390518,enet:own
2001-12,0.012946988352982244,0.011314680218002459,0.8161540674898929,enet:own
2002-01,0.0007618554105579376,-0.0010226601458104404,0.8922577781841886,enet:own
2002-02,0.00523457521565544,0.0039092504401816225,0.6626623877369086,enet:own
2002-03,0.007322522897113346,0.006041807183090354,0.6403578570114962,enet:own
2002-04,0.0025355949680342703,0.00146166890717193,0.5369630304311701,enet:own
2002-05,0.002035128543318796,0.0007602396689901874,0.637444437164304,enet:own
2002-06,0.0018904041039742648,0.0007000277019362309,0.5951882010190168,enet:own
2002-07,-0.0012162271943715697,-0.0024120624213975856,0.597917613513008,enet:own
2002-08,0.00597594634545012,0.0048289473604742564,0.5734994924879319,enet:own
2002-09,0.0053412100402541775,0.0041499741779760894,0.5956179311390443,enet:own
2002-10,0.00518330751844384,0.004068235773839031,0.5575358723024044,enet:own
2002-11,0.0050037653885058415,0.003630471584047924,0.6866469022289592,enet:own
2002-12,0.0035209855840027614,0.0023633211154029813,0.5788322342998901,enet:own
2003-01,0.0007053476033400429,-0.00046535663934074045,0.5853521213403915,enet:own
2003-02,0.0020254506045535724,0.0010264690780334032,0.4994907632600845,enet:own
2003-03,0.007522023635769039,0.006479249183269779,0.5213872262496302,enet:own
2003-04,-0.007283665596765086,-0.007982807913969384,0.3495711586021491,enet:own
2003-05,0.003909231266643316,0.0028217074350125066,0.5437619158154048,enet:own
2003-06,0.005420805978976177,0.004203624810119159,0.6085905844285093,enet:own
2003-07,0.006155562352907694,0.005239476117272345,0.45804311781767465,enet:own
2003-08,0.004005656652213285,0.0029267140816634256,0.5394712852749297,enet:own
2003-09,-6.877732703141509e-06,-0.001131583893385013,0.5623530803409357,enet:own
2003-10,0.00982999574323248,0.00880706408463413,0.511465829299175,enet:own
2003-11,0.0024670425924425365,0.0015697727188266847,0.44863493680792604,enet:own
2003-12,-0.0009278241157058433,-0.0019401303220990566,0.5061531031966068,enet:own
2004-01,-0.003208443862698602,-0.004144379863885315,0.4679680005933567,enet:own
2004-02,-0.00018866455365124926,-0.0012952096828954484,0.5532725646220993,enet:own
2004-03,0.0025829546263155855,0.0016447234699988344,0.46911557815837573,enet:own
2004-04,0.001984255820377384,0.001093976222604977,0.4451397988862033,enet:own
2004-05,-0.004650838822182589,-0.005557355038499275,0.45325810815834255,enet:own
2004-06,0.005284360546341916,0.004370978270124844,0.4566911381085365,enet:own
2004-07,0.004153003614852931,0.0034023501529232337,0.3753267309648487,enet:own
2004-08,0.0065595822969260744,0.005792413877578835,0.3835842096736197,enet:own
2004-09,0.0023159264807663597,0.0015473705745647434,0.38427795310080803,enet:own
2004-10,0.01178485793832049,0.010964254899290437,0.41030151951502614,enet:own
2004-11,0.0040553258431870794,0.003333407331163065,0.3609592560120075,enet:own
2004-12,0.00659305504251014,0.005635742834604875,0.4786561039526328,enet:own
2005-01,-0.0013588036067171047,-0.0023841276182883166,0.512662005785606,enet:own
2005-02,0.011941896357979315,0.011034044112429696,0.45392612277480937,enet:own
2005-03,0.010485218172683141,0.009666933735638154,0.4091422185224936,enet:own
2005-04,0.009942805915196942,0.00909102765050689,0.4258891323450261,enet:own
2005-05,-0.01142283507307349,-0.012204350203536479,0.3907575652314944,enet:own
2005-06,0.00029403968701453875,-0.0007705930416613884,0.5323163643379636,enet:own
2005-07,0.009988813127859826,0.008957826400930548,0.5154933634646396,enet:own
2005-08,-0.0008342263226337433,-0.0016069165600345508,0.3863451187004036,enet:own
2005-09,-8.980387955425263e-05,-0.0011414629517556654,0.5258295361007064,enet:own
2005-10,0.00032503591091662083,-0.0005265566531950028,0.4257962820558119,enet:own
2005-11,-0.0016824591151614443,-0.0025594872704447955,0.43851407764167566,enet:own
2005-12,-0.0022395212113462642,-0.0030898578465234955,0.42516831758861573,enet:own
2006-01,0.005757320176904392,0.00488966260579267,0.4338287855558611,enet:own
2006-02,-0.0013358178647790583,-0.0024794402485947436,0.5718111919078428,enet:own
2006-03,-0.011950283603708943,-0.013109384003531075,0.5795501999110659,enet:own
2006-04,0.0034543749847366625,0.002204308169806153,0.6250334074652545,enet:own
2006-05,0.0020963244626981746,0.000975982896293951,0.5601707832021117,enet:own
2006-06,0.02000231681821296,0.0190281156898989,0.48710056415702985,enet:own
2006-07,-0.002067991008925686,-0.0030341051354843716,0.483057063279343,enet:own
2006-08,-0.004359858760370716,-0.0055398828315931835,0.5900120356112333,enet:own
2006-09,0.0011372480178155437,0.00015213890337603529,0.4925545572197542,enet:own
2006-10,-0.005092076147042422,-0.00601494335520761,0.4614336040825942,enet:own
2006-11,0.007852351984462458,0.006902239548452862,0.4750562180047987,enet:own
2006-12,0.0015640216074423712,0.0007178054796116413,0.42310806391536515,enet:own
2007-01,0.004769271195833934,0.0037322549681346132,0.5185081138496603,enet:own
2007-02,0.0033901567987534562,0.0022926964248986687,0.5487301869273938,enet:own
2007-03,0.00819515350574539,0.007200424492370363,0.49736450668751353,enet:own
2007-04,0.0015330642327516923,0.00046303166583543174,0.5350162834581305,enet:own
2007-05,-0.001038706689150142,-0.0020426030107743107,0.5019481608120844,enet:own
2007-06,0.0006740708045993077,-0.00035274346744694994,0.5134071360231287,enet:own
2007-07,0.001198646483763375,-2.9709180051420618e-05,0.6141778319073979,enet:own
2007-08,0.001305700350170113,0.00023247370124984521,0.5366133244601339,enet:own
2007-09,-0.0012146044406703281,-0.0024636270888192154,0.6245113240744438,enet:own
2007-10,0.0075450936422029454,0.00646328447931139,0.540904581445778,enet:own
2007-11,-0.0013220206622584516,-0.0024170083472835925,0.5474938425125705,enet:own
2007-12,0.0017077039622986668,0.0003787915008758457,0.6644562307114106,enet:own
2008-01,0.0010406426537763371,-0.00012539806343070484,0.5830203586035211,enet:own
2008-02,0.0006218597199112019,-0.0005094331266122925,0.5656464232617473,enet:own
2008-03,0.0014847680237953036,0.0003816279624185148,0.5515700306883944,enet:own
2008-04,0.002789376181286861,0.001669651202260139,0.5598624895133608,enet:own
2008-05,-0.003634699077401699,-0.004843789603688831,0.604545263143566,enet:own
2008-06,0.0060776546937790455,0.004921615941617761,0.5780193760806425,enet:own
2008-07,0.0030714267956453737,0.0021353086053060074,0.4680590951696832,enet:own
2008-08,0.007982439245246166,0.006752030700383018,0.6152042724315749,enet:own
2008-09,0.006533750311601893,0.005424259052840152,0.5547456293808705,enet:own
2008-10,0.021661181359600195,0.02067558260955902,0.49279937502058774,enet:own
2008-11,0.015207814905653039,0.01417898294246338,0.514415981594831,enet:own
2008-12,-0.004470996996427288,-0.005660621050594234,0.5948120270834727,enet:own
2009-01,0.001839783857411794,0.0006117770445391818,0.6140034064363061,enet:own
2009-02,0.007437212322034922,0.0063220524374928335,0.557579942271044,enet:own
2009-03,-0.00762288041928593,-0.008444967054286032,0.4110433175000509,enet:own
2009-04,-0.01863628198115636,-0.01976323402833122,0.5634760235874311,enet:own
2009-05,-0.004461524484008973,-0.00574599610669026,0.6422358113406429,enet:own
2009-06,0.0011928529698185951,-8.541646999983814e-05,0.6391347199092166,enet:own
2009-07,0.0020778661368533228,0.000787378704063237,0.6452437163950431,enet:own
2009-08,0.002104036224693481,0.0011032053589580173,0.5004154328677317,enet:own
2009-09,0.002616595302529358,0.0015551231012034224,0.530736100662968,enet:own
2009-10,0.0026201544694729965,0.0016755207449456314,0.47231686226368236,enet:own
2009-11,0.0025008214892697335,0.0014281419839335112,0.5363397526681111,enet:own
2009-12,-0.0018595761884226535,-0.0027855299517589548,0.46297688166815065,enet:own
2010-01,-0.001463133974560058,-0.0025955225016587435,0.5661942635493429,enet:own
2010-02,-0.001134157479510598,-0.002123861149654309,0.49485183507185543,enet:own
2010-03,1.1346646081833066e-05,-0.001102899045525673,0.557122845803753,enet:own
2010-04,0.00609971983891534,0.00513787832294678,0.48092075798427986,enet:own
2010-05,0.004013805276415216,0.0031662771293439196,0.4237640735356484,enet:own
2010-06,0.0064217981926630195,0.005643374208512877,0.38921199207507196,enet:own
2010-07,0.00262809483997709,0.0019570989305595283,0.335497954708781,enet:own
2010-08,0.0005233281004602789,-0.00036229899355839473,0.4428135470093368,enet:own
2010-09,0.0021273339120906672,0.001211067381894179,0.45813326509824415,enet:own
2010-10,0.003618606404656821,0.002742084833954821,0.43826078535099994,enet:own
2010-11,0.006956137449813499,0.0061022050060300734,0.4269662218917131,enet:own
2010-12,0.004740663324589228,0.0038626911165748016,0.438986104007213,enet:own
2011-01,0.00703470447915082,0.006267788099678933,0.3834581897359435,enet:own
2011-02,-0.0020447062938743843,-0.002806278780646475,0.38078624338604533,enet:own
2011-03,0.0005508078722741441,-0.00026114491250346243,0.4059763923888034,enet:own
2011-04,0.007084855371448683,0.00633315350335237,0.3758509340481562,enet:own
2011-05,0.003611603851117691,0.002982671779865142,0.3144660356262744,enet:own
2011-06,0.0032800420701426564,0.0026035686719488743,0.33823669909689114,enet:own
2011-07,0.004602416931927007,0.004022807966521826,0.2898044827025903,enet:own
2011-08,0.004366160601361718,0.0037445892603416397,0.31078567051003914,enet:own
2011-09,0.010290040740190158,0.00963931405351496,0.32536334333759964,enet:own
2011-10,-0.0034852696560557887,-0.004148732117337738,0.3317312306409749,enet:own
2011-11,0.0052311757254197505,0.004416685347623697,0.40724518889802686,enet:own
2011-12,0.003330320298476939,0.002446236194524628,0.4420420519761553,enet:own
2012-01,-0.014145044027510883,-0.014747715931143698,0.30133595181640815,enet:own
2012-02,0.0010211138771599102,0.0003137286580798103,0.35369260954004966,enet:own
2012-03,0.009486313722342071,0.008766353375449605,0.35998017344623384,enet:own
2012-04,0.006986554086302318,0.006363807378834228,0.31137335373404396,enet:own
2012-05,0.006196693060787536,0.005634646698331761,0.2810231812278876,enet:own
2012-06,0.004989855944391918,0.004459568420609488,0.2651437618912149,enet:own
2012-07,0.005690710677682386,0.00520015950982048,0.24527558393095292,enet:own
2012-08,0.0036040390411112744,0.003083100069603178,0.2604694857540486,enet:own
2012-09,-0.002052775720262875,-0.0025484685930385674,0.24784643638784618,enet:own
2012-10,0.0011235486280257439,0.0005389977256168403,0.29227545120445175,enet:own
2012-11,0.006894237593884411,0.00638539658808792,0.25442050289824614,enet:own
2012-12,-0.0016002338734778141,-0.0020706519144119426,0.2352090204670644,enet:own
2013-01,0.00222237528958481,0.001635727736927424,0.29332377632869305,enet:own
2013-02,0.002897569789030273,0.002264147067605465,0.3167113607124041,enet:own
2013-03,0.006445282592983923,0.005881529233242493,0.28187667987071485,enet:own
2013-04,0.005978179692390797,0.0054886363066492735,0.24477169287076173,enet:own
2013-05,0.0012027014621904958,0.000708671696027074,0.2470148830817108,enet:own
2013-06,0.003279503005035494,0.0026720514842020447,0.3037257604167248,enet:own
2013-07,0.006690902108240143,0.006036833067873427,0.3270345201833584,enet:own
2013-08,0.0016612967198372955,0.0010291184908086603,0.31608911451431765,enet:own
2013-09,-0.005842791201894102,-0.006555804748947827,0.35650677352686233,enet:own
2013-10,0.0003359218779787646,-0.00030412603903779063,0.32002395850827753,enet:own
2013-11,-0.000723275208173481,-0.0012778830654678534,0.27730392864718617,enet:own
2013-12,0.0020727353421660577,0.0015491866349886829,0.2617743535886874,enet:own
2014-01,0.000645160101930432,0.00020645464619556192,0.21935272786743495,enet:own
2014-02,0.0045297434816132616,0.004022295098764029,0.2537241914246164,enet:own
2014-03,0.001464694713836919,0.0009576030423117675,0.25354583576257556,enet:own
2014-04,0.0011253697892334583,0.0005114404761867991,0.30696465652332966,enet:own
2014-05,-0.0037837403526509604,-0.004435940782857874,0.3261002151034569,enet:own
2014-06,0.004752493095358489,0.004097058184151681,0.3277174556034044,enet:own
2014-07,0.0028961526498732628,0.0023677521358761136,0.26420025699857475,enet:own
2014-08,0.0011415061788267215,0.0005975522703892299,0.2719769542187458,enet:own
2014-09,-0.002984068201307563,-0.0035230259615076417,0.2694788801000392,enet:own
2014-10,0.0021659822024647627,0.001645791201464663,0.26009550050005004,enet:own
2014-11,0.008219171989668601,0.007691280972279445,0.2639455086945789,enet:own
2014-12,0.010198575469161988,0.009746227830348857,0.2261738194065652,enet:own
2015-01,0.003944463494041929,0.0034403949557705346,0.25203426913569726,enet:own
2015-02,0.0012713934417042819,0.0006893322186742064,0.2910306115150376,enet:own
2015-03,0.004291431888470395,0.0037081305354580655,0.29165067650616483,enet:own
2015-04,-0.008430389855153882,-0.009027088024595209,0.298349084720663,enet:own
2015-05,-0.00012358200099769963,-0.000830258564482834,0.35333828174256704,enet:own
2015-06,0.004594101202094323,0.003947394840721018,0.3233531806866522,enet:own
2015-07,0.007734863416539428,0.0072620573747359555,0.23640302090173618,enet:own
2015-08,0.005547298286387317,0.0050713952171871435,0.23795153460008675,enet:own
2015-09,0.005594284524013955,0.00510428361674136,0.2450004536362976,enet:own
2015-10,-0.0013269592538265903,-0.0018337097976675156,0.25337527192046266,enet:own
2015-11,0.003776200851952859,0.0032142479884306164,0.2809764317611213,enet:own
2015-12,-0.00039524966524279436,-0.0009704686206115165,0.2876094776843612,enet:own
2016-01,0.004261377233572423,0.0037610660301075787,0.25015560173242196,enet:own
2016-02,-0.0005419806663777094,-0.0009991527233307771,0.22858602847653392,enet:own
2016-03,-0.008215273144782622,-0.008678175982344879,0.2314514187811276,enet:own
2016-04,0.002975164455975595,0.002482432526767336,0.24636596460412938,enet:own
2016-05,0.0038816845726632855,0.0034092930796654802,0.23619574649890285,enet:own
2016-06,-5.848917525969757e-05,-0.00048358445033895136,0.2125476375396268,enet:own
2016-07,0.0032119581546874317,0.0028112364370814144,0.20036085880300838,enet:own
2016-08,0.006150692563369051,0.005708861978780298,0.22091529229437665,enet:own
2016-09,0.005999500687405682,0.00557518363253955,0.21215852743306618,enet:own
2016-10,0.0028991666328950757,0.002600608520200828,0.14927905634712352,enet:own
2016-11,-0.002499906412538048,-0.0028962054946086915,0.19814954103532137,enet:own
2016-12,0.0015495934778555535,0.001080187994862017,0.23470274149676823,enet:own
2017-01,0.005296562641635143,0.004908291477889113,0.19413558187301502,enet:own
2017-02,-0.0024059022181360436,-0.0028263356220394375,0.21021670195169678,enet:own
2017-03,0.0034963081699273964,0.0030956809874975555,0.2003135912149205,enet:own
2017-04,0.0010015747900191442,0.0006284341988422728,0.18657029558843544,enet:own
2017-05,0.0039036935197926024,0.0035251101668467566,0.18929167647292303,enet:own
2017-06,0.0003287227804994175,-6.684414436259531e-05,0.19778346243100647,enet:own
2017-07,0.004237381835136392,0.0038611409070188024,0.18812046405879465,enet:own
2017-08,0.0024315545753251723,0.0020406468061863374,0.1954538845694173,enet:own
2017-09,0.002802181720396638,0.002458869891547698,0.1716559144244702,enet:own
2017-10,0.0034896097189166413,0.0031521973871988253,0.16870616585890813,enet:own
2017-11,0.0014150777536062818,0.0009919526694803934,0.2115625420629444,enet:own
2017-12,0.0027363848169426005,0.0023194216614828293,0.20848157772988551,enet:own
2018-01,0.007659159004320338,0.007240600756313077,0.20927912400363077,enet:own
2018-02,0.002694992029898862,0.002265771374644108,0.21461032762737703,enet:own
2018-03,0.0038536631844939217,0.003426421114454219,0.2136210350198511,enet:own
2018-04,0.003260829684235222,0.0029184395529699867,0.1711950656326174,enet:own
2018-05,0.003507853591046825,0.003088152532633358,0.20985052920673353,enet:own
2018-06,0.0016489204781395337,0.0012242795081577752,0.21232048499087933,enet:own
2018-07,0.005348982638020279,0.004959796624050829,0.19459300698472545,enet:own
2018-08,0.005980991640701386,0.005597571383438201,0.1917101286315922,enet:own
2018-09,0.015406327471837978,0.015037807552852101,0.18425995949293783,enet:own
2018-10,0.0002770210612739862,-6.787690105484415e-05,0.1724489811644153,enet:own
2018-11,-0.005076784182377453,-0.005497669602714739,0.21044271016864266,enet:own
2018-12,-0.0019154358904099602,-0.0023744715373528527,0.2295178234714464,enet:own
2019-01,0.002383707644218473,0.0019919026019470567,0.19590252113570808,enet:own
2019-02,-0.004736474909117505,-0.005196963438183607,0.2302442645330511,enet:own
2019-03,0.0036656706285877485,0.003232950782074924,0.2163599232564124,enet:own
2019-04,0.0011400640846469898,0.0007895159826414074,0.1752740510027913,enet:own
2019-05,0.00045603159293986455,4.875042184381263e-05,0.20364058554802564,enet:own
2019-06,0.004173790938367023,0.003729755274612147,0.22201783187743773,enet:own
2019-07,0.00506759121395224,0.004665260989918114,0.2011651120170633,enet:own
2019-08,0.0015002815740613247,0.0011091009516869235,0.19559031118720063,enet:own
2019-09,-0.0020223096209275827,-0.0024255502800449953,0.20162032955870626,enet:own
2019-10,0.0021202315367256884,0.0016754544021401452,0.22238856729277157,enet:own
2019-11,0.0017623648466376868,0.0013697185827137607,0.1963231319619632,enet:own
2019-12,0.004899651257575231,0.004476036718158358,0.2118072697084363,enet:own
2020-01,0.0028565013934587864,0.0025152302893066297,0.1706355520760783,enet:own
2020-02,0.005022064573597448,0.004661862667708239,0.18010095294460482,enet:own
2020-03,0.009611741111092344,0.009249516569539224,0.18111227077655878,enet:own
2020-04,-0.01313557647461382,-0.013758175872542844,0.3112996989645121,enet:own
2020-05,-0.0027923772236533115,-0.003629415918943313,0.41851934764500087,enet:own
2020-06,-0.004412704309498168,-0.005025115035004353,0.30620536275309224,enet:own
2020-07,0.003918746456939951,0.0033968914143385803,0.26092752130068536,enet:own
2020-08,-0.0033185297438457144,-0.0038958413212389974,0.2886557886966418,enet:own
2020-09,0.00034418464321297126,-0.00021420878692259248,0.2791967150677819,enet:own
2020-10,0.0036838060939822417,0.0031708188948596466,0.25649359956129714,enet:own
2020-11,-0.019733694184138076,-0.020186603130441762,0.22645447315184375,enet:own
2020-12,-0.00013219842269577786,-0.0008519994909898155,0.3599005341470187,enet:own
2021-01,0.005071927348159091,0.0044568645442663824,0.30753140194635425,enet:own
2021-02,-0.00030676106145889875,-0.0007965092924581314,0.24487411549961638,enet:own
2021-03,0.0039907390506115584,0.0034534204765487905,0.26865928703138414,enet:own
2021-04,0.00544528712582043,0.0049988965828037905,0.22319527150831941,enet:own
2021-05,0.004394911235665551,0.0038807391080902796,0.25708606378763527,enet:own
2021-06,-0.005509480726299037,-0.00597581378350884,0.2331665286049018,enet:own
2021-07,0.00401279676842103,0.003546559262540824,0.23311875294010298,enet:own
2021-08,0.0013917098629681692,0.0009603051106913593,0.2157023761384049,enet:own
2021-09,0.005052015525894401,0.004604083775147792,0.22396587537330478,enet:own
2021-10,0.0018556172148725444,0.001424071900026326,0.21577265742310886,enet:own
2021-11,0.006469954864172938,0.006051647083656348,0.20915389025829487,enet:own
2021-12,0.011003295866625655,0.01048668563334639,0.25830511663963196,enet:own
2022-01,0.010860945209778216,0.010438929134032382,0.21100803787291653,enet:own
2022-02,0.010405316044615153,0.009952056494314425,0.22662977515036412,enet:own
2022-03,0.008595094101282712,0.008071839842889152,0.2616271291967809,enet:own
2022-04,0.008972282750410858,0.008523690527134356,0.2242961116382514,enet:own
2022-05,0.005082677273134061,0.004649709977771338,0.21648364768136188,enet:own
2022-06,-0.002106071355560728,-0.002574034927542885,0.23398178599107833,enet:own
2022-07,-0.00489950980701541,-0.005380351521010802,0.24042085699769525,enet:own
2022-08,-0.002425800944279357,-0.0029358565371254215,0.25502779642303247,enet:own
2022-09,0.004741278423587889,0.0043003548436134215,0.220461789987234,enet:own
2022-10,0.0050158782834492715,0.004544135596187649,0.23587134363081103,enet:own
2022-11,-0.004577042974134319,-0.005094077568672923,0.2585172972693017,enet:own
2022-12,0.006421628794806223,0.005814614723010376,0.30350703589792366,enet:own
2023-01,0.0029878539462144453,0.002505722840362025,0.24106555292621004,enet:own
2023-02,0.004922792331231377,0.00441427293866573,0.25425969628282347,enet:own
2023-03,0.0038637249666446617,0.0034884527895534603,0.18763608854560054,enet:own
2023-04,-0.002939030085842642,-0.0034185815853814538,0.23977574976940577,enet:own
2023-05,-0.0020418594243987714,-0.0025107400197226064,0.23444029766191737,enet:own
2023-06,0.0037609051635768857,0.003304159068489947,0.2283730475434693,enet:own
2023-07,0.0015118655093854844,0.0010486243487269067,0.23162058032928856,enet:own
2023-08,0.0013637546239993958,0.0008872573184476995,0.23824865277584814,enet:own
2023-09,0.008968130862075312,0.008518132086139564,0.22499938796787486,enet:own
2023-10,0.005775709925397851,0.0054052559714368184,0.18522697698051604,enet:own
2023-11,-0.0055996569798456575,-0.006055562563208306,0.22795279168132396,enet:own
2023-12,0.0029108850766438486,0.0023948095516513218,0.25803776249626337,enet:own
2024-01,0.010432503282418591,0.009962371202564284,0.23506603992715275,enet:own
2024-02,-0.00016324306508993324,-0.0006165843646541537,0.2266706497821101,enet:own
2024-03,0.005603104363270715,0.005128498516649594,0.23730292331056038,enet:own
2024-04,-0.0006169745469659435,-0.0010806968239412762,0.23186113848766626,enet:own
2024-05,-0.0005143244681964248,-0.0010045473978197309,0.24511146481165308,enet:own
2024-06,0.0024104907883864967,0.0019649822385574387,0.222754274914529,enet:own
2024-07,0.0016906695209248513,0.0012471634730488546,0.22175302393799837,enet:own
2024-08,0.0015796524221711528,0.0011461364258992738,0.21675799813593957,enet:own
2024-09,0.001696209700626066,0.0012714768212218086,0.21236643970212868,enet:own
2024-10,0.0034964038544562093,0.003048782609959792,0.22381062224820844,enet:own
2024-11,0.008050441728943885,0.007607732783362822,0.2213544727905309,enet:own
2024-12,0.0017430201254796454,0.0012922044002966044,0.22540786259152057,enet:own
2025-01,0.002632734999179802,0.002260535699212573,0.18609964998361453,enet:own
2025-02,0.002395414905256408,0.001970741168781755,0.21233686823732656,enet:own
2025-03,0.004335265154945496,0.003907559983900446,0.21385258552252512,enet:own
2025-04,-0.001142538854803697,-0.0015098352168606574,0.18364818102848002,enet:own
2025-05,-5.223922008103421e-05,-0.0004840411432858018,0.2159009616023838,enet:own
2025-06,-0.0015067227637444737,-0.001913992135494358,0.20363468587494218,enet:own
2025-07,-0.0008727145894004052,-0.0012419629872537266,0.1846241989266608,enet:own
2025-08,-0.00039023583225108826,-0.0008242639994840152,0.21701408361646363,enet:own
2025-09,0.007117208054511954,0.006678577399137806,0.2193153276870742,enet:own
2025-10,0.012829801138993801,0.012381452170384543,0.22417448430462983,enet:own
2025-11,0.001511950568104147,0.001015118210881177,0.24841617861148474,enet:own
2025-12,0.010618178890819273,0.010157273842039606,0.23045252438983452,enet:own
2000-01,0.008433924134804902,0.008433924134804902,0.0,enet:pooled
2000-02,0.012202104559331201,0.010346299426378555,0.9279025664763227,enet:pooled
2000-03,0.0002230405698860382,-0.0017182067845435542,0.9706236772147964,enet:pooled
2000-04,-0.01361278540642549,-0.015604499492512315,0.995857043043412,enet:pooled
2000-05,0.001966554080035622,-4.517280820603379e-05,1.0058634441208274,enet:pooled
2000-06,-0.014600847880294171,-0.016516523992886445,0.9578380562961372,enet:pooled
2000-07,-0.0028244066517456976,-0.004828592784532163,1.0020930663932333,enet:pooled
2000-08,-0.007041873680063929,-0.00885245913551884,0.9052927277274544,enet:pooled
2000-09,0.0007037270797356732,-0.0011482264025626148,0.9259767411491443,enet:pooled
2000-10,0.0005256019347934691,-0.0011596971377354386,0.8426495362644542,enet:pooled
2000-11,0.006806116274469677,0.00526267007096783,0.7717231017509235,enet:pooled
2000-12,-0.0027070058751360593,-0.004389990017197571,0.8414920710307557,enet:pooled
2001-01,-0.012439908499383739,-0.014190164897200756,0.8751281989085079,enet:pooled
2001-02,0.005235686824054316,0.003293486514066881,0.9711001549937177,enet:pooled
2001-03,0.025473196265644607,0.02358283045630781,0.945182904668398,enet:pooled
2001-04,0.0044460818726256394,0.0028407677468533094,0.8026570628861645,enet:pooled
2001-05,0.009570941093707954,0.0077999589621112735,0.8854910657983402,enet:pooled
2001-06,-0.0020495700028643755,-0.0034908464827546042,0.7206382399451141,enet:pooled
2001-07,0.016686540222122168,0.015095945306456042,0.7952974578330623,enet:pooled
2001-08,-0.00610293544943279,-0.0075038715945219365,0.7004680725445722,enet:pooled
2001-09,0.0093459562839772,0.007690258711299009,0.8278487863390959,enet:pooled
2001-10,-0.015665106937144787,-0.017397316924359443,0.8661049936073278,enet:pooled
2001-11,0.0021353420488333737,8.455729179368451e-05,1.0253923785198444,enet:pooled
2001-12,0.012544274071069709,0.010810769198967342,0.8667524360511828,enet:pooled
2002-01,0.0015547985211500765,-0.0002468149601324855,0.9008067406412809,enet:pooled
2002-02,0.006330089370657008,0.004954187333386228,0.6879510186353903,enet:pooled
2002-03,0.009657799012132895,0.008411844515807931,0.6229772481624819,enet:pooled
2002-04,0.006526126174904463,0.005459473381527769,0.5333263966883469,enet:pooled
2002-05,0.005378151300205023,0.0041498355294640925,0.6141578853704648,enet:pooled
2002-06,0.006609811917052461,0.005424800967864535,0.5925054745939631,enet:pooled
2002-07,0.0037395795558543715,0.0026336074513930914,0.55298605223064,enet:pooled
2002-08,0.0031813995308357054,0.0020902665637647175,0.545566483535494,enet:pooled
2002-09,0.005243465863222324,0.004034686059086689,0.6043899020678172,enet:pooled
2002-10,0.004166015050352583,0.003102685246904005,0.5316649017242889,enet:pooled
2002-11,0.004276996041196952,0.0029070497695092494,0.6849731358438513,enet:pooled
2002-12,0.003089893219008871,0.001939899585431223,0.5749968167888241,enet:pooled
2003-01,0.0008263112967550112,-0.0003740423585464229,0.6001768276507171,enet:pooled
2003-02,0.0004902831310938851,-0.00044438591148679516,0.4673345212903402,enet:pooled
2003-03,0.009330390308000723,0.008367674852882357,0.48135772755918277,enet:pooled
2003-04,-0.005193730376321161,-0.005883382653667014,0.3448261386729266,enet:pooled
2003-05,0.00300135032777431,0.001821744113085526,0.5898031073443925,enet:pooled
2003-06,0.006446094578619837,0.005338118984388099,0.5539877971158693,enet:pooled
2003-07,0.009765704732925144,0.008811303256057668,0.4772007384337375,enet:pooled
2003-08,0.005384589182979776,0.0044150099968025425,0.4847895930886167,enet:pooled
2003-09,-0.002776155899791056,-0.0038834118472989804,0.5536279737539621,enet:pooled
2003-10,0.01193134019627007,0.010944894536094197,0.4932228300879374,enet:pooled
2003-11,0.002158849423685832,0.0012479405556606313,0.45545443401260044,enet:pooled
2003-12,0.001225924302884335,0.00024380928785735394,0.4910575075134902,enet:pooled
2004-01,-0.006298907162404716,-0.007280670456325641,0.49088164696046255,enet:pooled
2004-02,0.0016643316862386957,0.000512798984681002,0.575766350778847,enet:pooled
2004-03,0.0030539259439260075,0.0020862258679421176,0.48385003799194504,enet:pooled
2004-04,0.001376672079155064,0.0004587367995027695,0.458967639826147,enet:pooled
2004-05,-0.005189828010761682,-0.0061104244158798485,0.4602982025590833,enet:pooled
2004-06,0.004130447133011276,0.0032392594293907872,0.44559385181024425,enet:pooled
2004-07,0.00431035311099761,0.0035014498002735707,0.40445165536201927,enet:pooled
2004-08,0.005305846764103149,0.00454583351411045,0.38000662499634946,enet:pooled
2004-09,0.0032495484085216957,0.0024328706196889097,0.40833889441639326,enet:pooled
2004-10,0.01316570379217601,0.012332349209851847,0.41667729116208124,enet:pooled
2004-11,0.0034230813631237764,0.002650883796674215,0.38609878322478086,enet:pooled
2004-12,0.007976666412311971,0.007029327016121451,0.4736696980952605,enet:pooled
2005-01,0.0006371726411948473,-0.0003639537929979835,0.5005632170964155,enet:pooled
2005-02,0.01025865180941298,0.00933802098962661,0.4603154098931842,enet:pooled
2005-03,0.01104269485319862,0.010129087614916819,0.45680361914090123,enet:pooled
2005-04,0.01231145525686457,0.011423113488177868,0.4441708843433511,enet:pooled
2005-05,-0.01827473375172898,-0.01904214988225007,0.3837080652605461,enet:pooled
2005-06,0.0005181449803424555,-0.0006404895435609905,0.579317261951723,enet:pooled
2005-07,0.0075824546785766365,0.006606251335932201,0.4881016713222177,enet:pooled
2005-08,0.0017134922987118955,0.0008624139607391036,0.42553916898639604,enet:pooled
2005-09,0.003064730451654559,0.0020461600869678513,0.5092851823433536,enet:pooled
2005-10,-0.00047834282707042775,-0.0013661538090541487,0.44390549099186055,enet:pooled
2005-11,-0.001210929892921809,-0.0021152119011762843,0.4521410041272377,enet:pooled
2005-12,-0.0012766317871723705,-0.0021904146997739223,0.456891456300776,enet:pooled
2006-01,0.00012550029814267625,-0.0008806614198225158,0.503080858982596,enet:pooled
2006-02,-0.0004979972107774715,-0.0018579418994961842,0.6799723443593559,enet:pooled
2006-03,-0.013994175579107569,-0.015197463148036654,0.6016437844645417,enet:pooled
2006-04,0.00806389675514099,0.006865108644528687,0.5993940553061521,enet:pooled
2006-05,0.0016297344888182928,0.0005846340542690441,0.5225502172746244,enet:pooled
2006-06,0.016804825583611124,0.015821490883838236,0.4916673498864429,enet:pooled
2006-07,-0.004575025479140404,-0.005622002659514397,0.5234885901869967,enet:pooled
2006-08,-0.004533676321492982,-0.0057477970614111,0.6070603699590589,enet:pooled
2006-09,0.002620421964264939,0.001477417267078357,0.5715023485932909,enet:pooled
2006-10,-0.004821732406868183,-0.00578144317000452,0.4798553815681688,enet:pooled
2006-11,0.007903729700393996,0.00684815672398615,0.5277864882039219,enet:pooled
2006-12,0.0012296080894369243,0.0002748446150234797,0.4773817372067223,enet:pooled
2007-01,0.005839561230708486,0.004761295949564248,0.5391326405721192,enet:pooled
2007-02,0.0016145346606450603,0.0004728318646445505,0.570851398000255,enet:pooled
2007-03,0.008456290395067003,0.0074162761083859455,0.5200071433405292,enet:pooled
2007-04,0.006430381205577667,0.0054022542832366715,0.5140634611704977,enet:pooled
2007-05,0.0020962744150424153,0.0010732543762950538,0.5115100193736808,enet:pooled
2007-06,-0.002119198581685739,-0.003271120386627286,0.5759609024707734,enet:pooled
2007-07,0.0001624849374576037,-0.0011385906914189341,0.6505378144382689,enet:pooled
2007-08,0.0009030023715448038,-0.00031495925275804644,0.6089808121514252,enet:pooled
2007-09,0.0006632274574725977,-0.0005973065556670882,0.6302670065698431,enet:pooled
2007-10,0.011504960879931544,0.010330142218319275,0.5874093308061339,enet:pooled
2007-11,0.00045053482913621747,-0.0007019930438284016,0.5762639364823097,enet:pooled
2007-12,0.0035279646853460097,0.0021980090911339076,0.6649777971060511,enet:pooled
2008-01,0.0019796777413911408,0.0008620197810941443,0.5588289801484981,enet:pooled
2008-02,-0.0008274935642800237,-0.002092738762983143,0.6326225993515595,enet:pooled
2008-03,0.003924828246778396,0.0026464834266215127,0.6391724100784414,enet:pooled
2008-04,0.0012056007656226987,-4.8313113328123154e-05,0.626956939475411,enet:pooled
2008-05,-0.0018459704647774435,-0.003208917742053419,0.6814736386379876,enet:pooled
2008-06,0.008692409382712523,0.007490754066576829,0.6008276580678471,enet:pooled
2008-07,-0.0029683957835582083,-0.003997112666591863,0.5143584415168274,enet:pooled
2008-08,0.008098950660722097,0.006714220360841927,0.6923651499400845,enet:pooled
2008-09,0.011290968980208491,0.010211258398155997,0.5398552910262469,enet:pooled
2008-10,0.030380472115447265,0.029318754805954018,0.5308586547466249,enet:pooled
2008-11,0.01898061515298004,0.017915911670733583,0.5323517411232292,enet:pooled
2008-12,-0.008047684834726775,-0.009237210727921994,0.5947629465976098,enet:pooled
2009-01,0.0009329821802430061,-0.0004235171957624427,0.6782496880027244,enet:pooled
2009-02,0.008959610622473467,0.007629364471178235,0.665123075647616,enet:pooled
2009-03,-0.010829079166554166,-0.011858301571447478,0.5146112024466558,enet:pooled
2009-04,-0.020704011256582857,-0.022092422566745294,0.6942056550812192,enet:pooled
2009-05,0.007945618184520562,0.006232800792047258,0.8564086962366523,enet:pooled
2009-06,-0.002667398444133497,-0.004231849101580279,0.7822253287233912,enet:pooled
2009-07,0.00565185617905018,0.0040491760186447115,0.8013400802027344,enet:pooled
2009-08,0.003551370861692111,0.002345186513844425,0.6030921739238431,enet:pooled
2009-09,0.003291776790987078,0.0020420083137319893,0.6248842386275444,enet:pooled
2009-10,0.0014713345739260392,0.0003150776427430329,0.5781284655915031,enet:pooled
2009-11,0.0013425200689402615,0.0001304227218566997,0.6060486735417808,enet:pooled
2009-12,-0.0025071425180064476,-0.0036188362879217557,0.5558468849576539,enet:pooled
2010-01,-0.000857655531496693,-0.0021660083675516407,0.6541764180274742,enet:pooled
2010-02,-0.004010438056816128,-0.0053778292621168315,0.6836956026503512,enet:pooled
2010-03,-0.00039028642595951435,-0.0018746350086188454,0.7421742913296657,enet:pooled
2010-04,0.006102897320858278,0.0048033107600663925,0.6497932803959425,enet:pooled
2010-05,0.0038009745137416754,0.002635289769319448,0.5828423722111137,enet:pooled
2010-06,0.007952173497831956,0.006850342293560998,0.5509156021354792,enet:pooled
2010-07,-0.0003725109094145822,-0.0013071302865195502,0.4673096885524839,enet:pooled
2010-08,0.0008388800280759782,-0.0003979723407289367,0.6184261844024573,enet:pooled
2010-09,0.002229304896208649,0.0009731971301141046,0.6280538830472723,enet:pooled
2010-10,0.0060831759876512105,0.004848924816687582,0.6171255854818145,enet:pooled
2010-11,0.007668965603644732,0.006507734207649396,0.5806156979976687,enet:pooled
2010-12,0.007079031342826129,0.005876591324316844,0.6012200092546428,enet:pooled
2011-01,0.006731872289320099,0.005671536911161818,0.5301676890791404,enet:pooled
2011-02,-0.0032080015421103243,-0.004312050232551002,0.552024345220339,enet:pooled
2011-03,-0.0008009802912410149,-0.0019522500437957537,0.5756348762773695,enet:pooled
2011-04,0.008790009916915236,0.007683203621381456,0.5534031477668903,enet:pooled
2011-05,0.003738248988263392,0.002803438669089326,0.46740515958703305,enet:pooled
2011-06,0.003195184464077399,0.0021990816680562053,0.498051398010597,enet:pooled
2011-07,0.005060348510411704,0.004177875466062876,0.4412365221744145,enet:pooled
2011-08,0.0066954774403617315,0.005805751132829179,0.4448631537662762,enet:pooled
2011-09,0.01151576649376873,0.010587897802111893,0.4639343458284178,enet:pooled
2011-10,-0.0048150006752888715,-0.005779875126388453,0.48243722554979035,enet:pooled
2011-11,0.0042605669775574555,0.0030487678030711625,0.6058995872431465,enet:pooled
2011-12,0.004426516918136496,0.00321080071329471,0.6078581024208927,enet:pooled
2012-01,-0.01668178998601812,-0.017478760751584707,0.3984853827832944,enet:pooled
2012-02,-0.000745231302930133,-0.0018179009600994898,0.5363348285846787,enet:pooled
2012-03,0.009622283947572138,0.008557142917744034,0.5325705149140525,enet:pooled
2012-04,0.0080111531364131,0.007123777027978026,0.443688054217537,enet:pooled
2012-05,0.007829072215841728,0.007035605808336195,0.3967332037527669,enet:pooled
2012-06,0.005496906994436178,0.004727759715040919,0.3845736396976297,enet:pooled
2012-07,0.0059170749090106,0.005142146517022127,0.38746419599423665,enet:pooled
2012-08,0.003214240068897831,0.0024275597691613554,0.39334014986823784,enet:pooled
2012-09,-0.00227774295855642,-0.003056051053108933,0.38915404727625685,enet:pooled
2012-10,0.0014485407741678374,0.0005542426415114729,0.44714906632818213,enet:pooled
2012-11,0.00750819407078525,0.006701894978933388,0.40314954592593066,enet:pooled
2012-12,-0.001807529757199578,-0.002567847521936466,0.38015888236844414,enet:pooled
2013-01,0.0020902845969647662,0.0012174042566345132,0.4364401701651267,enet:pooled
2013-02,0.003307686336530361,0.002398265290442466,0.45471052304394777,enet:pooled
2013-03,0.007710048108956303,0.006905083763690349,0.4024821726329768,enet:pooled
2013-04,0.007336124418623195,0.0066291434110507174,0.3534905037862384,enet:pooled
2013-05,0.0018852458249200023,0.001151889138731275,0.3666783430943634,enet:pooled
2013-06,0.0029879032463137373,0.0020736863722241616,0.45710843704478776,enet:pooled
2013-07,0.0070854979663781785,0.006156227701817,0.4646351322805891,enet:pooled
2013-08,0.00044609463639775406,-0.0004873016918207894,0.4666981641092716,enet:pooled
2013-09,-0.006251714998727061,-0.007275872960096385,0.5120789806846622,enet:pooled
2013-10,0.00028316312036328494,-0.0006602069992489081,0.4716850598060965,enet:pooled
2013-11,-0.0010941118309946655,-0.0019378203767342556,0.42185427286979515,enet:pooled
2013-12,0.002512112476006764,0.0017453926127051795,0.3833599316507923,enet:pooled
2014-01,0.0002079168345698986,-0.00044978600305898544,0.3288514188144421,enet:pooled
2014-02,0.0050744935757328835,0.00429391976106053,0.3902869073361766,enet:pooled
2014-03,0.0005672993666455262,-0.00019953349289950092,0.38341642977251367,enet:pooled
2014-04,0.002134108325203807,0.0012164472529288487,0.45883053613747915,enet:pooled
2014-05,-0.002967254590892107,-0.0038762026066344675,0.45447400787118064,enet:pooled
2014-06,0.0037915661971473186,0.0028680206854923116,0.4617727558275035,enet:pooled
2014-07,0.002525290956467668,0.0017112367162049294,0.40702712013136916,enet:pooled
2014-08,0.0016096668405067537,0.0008221053290710469,0.39378075571785337,enet:pooled
2014-09,-0.0033425365771882656,-0.004131426022301178,0.39444472255645613,enet:pooled
2014-10,0.0018745562544205394,0.0010950134722794345,0.3897713910705524,enet:pooled
2014-11,0.009794569881573217,0.008976777406263329,0.40889623765494343,enet:pooled
2014-12,0.012864838427848519,0.012171384698865506,0.3467268644915071,enet:pooled
2015-01,0.004447547906331892,0.003727164995093729,0.36019145561908195,enet:pooled
2015-02,0.0008034965169619115,-5.963023710446847e-05,0.4315633770331901,enet:pooled
2015-03,0.004129401259118842,0.003253749848224402,0.4378257054472202,enet:pooled
2015-04,-0.010449533468228314,-0.01128898816683413,0.4197273493029074,enet:pooled
2015-05,-0.0005585140924707588,-0.0016502122941683716,0.5458491008488064,enet:pooled
2015-06,0.003586161426850633,0.002588462968683837,0.498849229083398,enet:pooled
2015-07,0.007986861246285223,0.007260734347536243,0.3630634493744901,enet:pooled
2015-08,0.006232784897972683,0.005501614965272993,0.3655849663498455,enet:pooled
2015-09,0.0053939019976496656,0.0046430100496678926,0.37544597399088664,enet:pooled
2015-10,-0.002037354306688335,-0.0028152165871689356,0.3889311402403006,enet:pooled
2015-11,0.004373336739265746,0.003475290391706446,0.44902317377965,enet:pooled
2015-12,-0.0011273602402788684,-0.0019965196761685114,0.4345797179448211,enet:pooled
2016-01,0.002705347912621075,0.0018508256830081908,0.42726111480644213,enet:pooled
2016-02,-0.0008011267182165972,-0.0016671677666654878,0.43302052422444554,enet:pooled
2016-03,-0.00612536520601395,-0.007021382306689357,0.4480085503377036,enet:pooled
2016-04,0.0034524737324686527,0.0025084747656037793,0.4719994834324367,enet:pooled
2016-05,0.0018135519411164207,0.0009327177944184555,0.4404170733489827,enet:pooled
2016-06,-0.00025867053701348605,-0.0010866323813037801,0.413980922145147,enet:pooled
2016-07,0.00225543874391838,0.0015174900080660964,0.36897436792614174,enet:pooled
2016-08,0.005941812272343747,0.005133396575417061,0.40420784846334296,enet:pooled
2016-09,0.006319236433271086,0.005563341307282619,0.3779475629942338,enet:pooled
2016-10,0.0025923559218601518,0.002042543351112598,0.27490628537377687,enet:pooled
2016-11,-0.0021535902110724164,-0.0028638237298769745,0.35511675940227877,enet:pooled
2016-12,0.00136689698694567,0.0005200208368915471,0.4234380750270614,enet:pooled
2017-01,0.004586830563491278,0.0038340152282953567,0.37640766759796046,enet:pooled
2017-02,-0.0019560961549104495,-0.0027660050314408345,0.40495443826519256,enet:pooled
2017-03,0.0024277045102776163,0.001651623451602143,0.3880405293377366,enet:pooled
2017-04,0.0010575829429082483,0.0003276730295214004,0.36495495669342404,enet:pooled
2017-05,0.0035189279952845647,0.0028227800003410228,0.34807399747177115,enet:pooled
2017-06,0.0005225042060808162,-0.00026843957293506873,0.3954718895079426,enet:pooled
2017-07,0.0028325591850411535,0.0020767370545751555,0.3779110652329993,enet:pooled
2017-08,0.0026078925304069134,0.0018265568407739663,0.3906678448164736,enet:pooled
2017-09,0.0023212791691521054,0.0016566106958490806,0.3323342366515125,enet:pooled
2017-10,0.0039801407197695695,0.0033209909242211933,0.329574897774188,enet:pooled
2017-11,0.0014381761677713662,0.0006342040756061448,0.40198604608261046,enet:pooled
2017-12,0.004003203874454617,0.0031806509292955816,0.4112764725795178,enet:pooled
2018-01,0.00742198959349603,0.006610757752111146,0.4056159206924414,enet:pooled
2018-02,0.002619887378151384,0.0017616177484196924,0.4291348148658457,enet:pooled
2018-03,0.0046590475789478345,0.0038703839858964316,0.3943317965257021,enet:pooled
2018-04,0.003009757973120519,0.0023215188584806397,0.34411955731993965,enet:pooled
2018-05,0.002810883472474054,0.001995781170398086,0.40755115103798384,enet:pooled
2018-06,0.0014091147723549228,0.0005751992564135191,0.4169577579707019,enet:pooled
2018-07,0.0036804187666050286,0.002897948919068839,0.391234923768095,enet:pooled
2018-08,0.006465704702464864,0.005683898853016442,0.3909029247242106,enet:pooled
2018-09,0.016090319905046273,0.015383769875967129,0.3532750145395726,enet:pooled
2018-10,0.0006572704359409495,-2.3932593831658746e-05,0.3406015148863042,enet:pooled
2018-11,-0.005462800119221215,-0.0062683138289894,0.40275685488409196,enet:pooled
2018-12,0.002584670525103425,0.0016242539179931784,0.48020830355512323,enet:pooled
2019-01,-3.556930191015242e-05,-0.0007708066193080166,0.367618658698932,enet:pooled
2019-02,-0.005851521455013453,-0.006738662508669258,0.4435705268279025,enet:pooled
2019-03,0.004561805657745838,0.00372506602980195,0.4183698139719443,enet:pooled
2019-04,0.0009209310684201586,0.0002779521162325622,0.3214894760937983,enet:pooled
2019-05,0.00038453085347082646,-0.0003521073205985616,0.36831908703469424,enet:pooled
2019-06,0.0033432238132574802,0.002533502341577505,0.4048607358399877,enet:pooled
2019-07,0.005321098102861097,0.004573278302918728,0.37390989997118457,enet:pooled
2019-08,0.002694869979022778,0.002008469629227534,0.34320017489762233,enet:pooled
2019-09,-0.0027368252604083043,-0.003462252338568975,0.3627135390803353,enet:pooled
2019-10,0.00272847476023906,0.0018954706793782123,0.41650204043042377,enet:pooled
2019-11,0.0017098208255123656,0.0009963373766174906,0.3567417244474375,enet:pooled
2019-12,0.005706714061669157,0.004943419877660051,0.38164709200455244,enet:pooled
2020-01,0.004395885853823863,0.003768223770944054,0.3138310414399046,enet:pooled
2020-02,0.007097510465818399,0.006441398723736236,0.3280558710410813,enet:pooled
2020-03,0.014669933920879842,0.013995291425301386,0.3373212477892282,enet:pooled
2020-04,-0.018214523483008036,-0.019270068292251873,0.5277724046219172,enet:pooled
2020-05,-0.00226493588541497,-0.0037394758447635125,0.7372699796742709,enet:pooled
2020-06,-0.0034055539157899603,-0.004525934123539212,0.5601901038746259,enet:pooled
2020-07,0.004985125752892985,0.003988204957138603,0.49846039787719026,enet:pooled
2020-08,-0.0017320886118410816,-0.002737657590044305,0.5027844891016119,enet:pooled
2020-09,-0.0015380626510978314,-0.0025270873459170683,0.49451234740961847,enet:pooled
2020-10,0.0026494688104315486,0.001674976282458932,0.48724626398630816,enet:pooled
2020-11,-0.02258936371985755,-0.023427431321124306,0.4190338006333811,enet:pooled
2020-12,0.0036293129305493966,0.0022759181761743854,0.6766973771875058,enet:pooled
2021-01,0.0037295770187440163,0.0026045397810518416,0.5625186188460869,enet:pooled
2021-02,0.000967333614907091,3.141520523618229e-05,0.4679592048354546,enet:pooled
2021-03,0.005860463900030149,0.00488427178126016,0.48809605938499473,enet:pooled
2021-04,0.0069779159755762096,0.006152675710909953,0.4126201323331276,enet:pooled
2021-05,0.005099527511419169,0.004172901817019156,0.46331284720000665,enet:pooled
2021-06,-0.004720616994155217,-0.00558310528378101,0.4312441448128967,enet:pooled
2021-07,0.0054859378646452,0.004635251389922572,0.4253432373613139,enet:pooled
2021-08,0.0010892653071566357,0.00030577027381806563,0.3917475166692848,enet:pooled
2021-09,0.0046118274583054515,0.003774429759278074,0.4186988495136887,enet:pooled
2021-10,0.0023228119510533716,0.0015194791990972816,0.4016663759780448,enet:pooled
2021-11,0.005706350477351551,0.0049240397979144574,0.3911553397185477,enet:pooled
2021-12,0.010313380680730538,0.009400266526060021,0.4565570773352592,enet:pooled
2022-01,0.010067523838567776,0.00936510688376962,0.3512084773990774,enet:pooled
2022-02,0.009126859206332607,0.008419569268829646,0.35364496875148027,enet:pooled
2022-03,0.009542534250571211,0.008707514359777662,0.417509945396775,enet:pooled
2022-04,0.008473959188964998,0.007765203391047579,0.3543778989587089,enet:pooled
2022-05,0.005343934093003047,0.0046269423029337625,0.35849589503464196,enet:pooled
2022-06,-0.0001295702826583001,-0.0009142615432238117,0.392345630282756,enet:pooled
2022-07,-0.006647616605915846,-0.007470952022307056,0.4116677081956039,enet:pooled
2022-08,-0.001904183776574391,-0.0027996811885204623,0.44774870597303557,enet:pooled
2022-09,0.004131284469523747,0.003362531457722122,0.38437650590081246,enet:pooled
2022-10,0.005998031347072678,0.005201153335770598,0.3984390056510403,enet:pooled
2022-11,-0.007823218495319688,-0.008677484804173415,0.42713315442686356,enet:pooled
2022-12,0.005911623634137838,0.004895461274805046,0.5080811796663958,enet:pooled
2023-01,0.002912940064533338,0.0021073961468108158,0.4027719588612609,enet:pooled
2023-02,0.005849387005033169,0.005048599668812433,0.4003936681103687,enet:pooled
2023-03,0.0028789388969035056,0.0022623273297164835,0.3083057835935111,enet:pooled
2023-04,-0.0031147650270988746,-0.0038487355971417087,0.36698528502141714,enet:pooled
2023-05,-0.001954121877349456,-0.002701832708689975,0.37385541567025915,enet:pooled
2023-06,0.0031621026468922953,0.002404135721382758,0.3789834627547688,enet:pooled
2023-07,0.0016615654467094718,0.0009078184980382854,0.37687347433559315,enet:pooled
2023-08,0.0011542572726459172,0.00038984454938235604,0.38220636163178057,enet:pooled
2023-09,0.010613660968986123,0.00987369560273831,0.36998268312390614,enet:pooled
2023-10,0.0062570962664739846,0.005672691393326581,0.2922024365737011,enet:pooled
2023-11,-0.007461241054701589,-0.008155145400132284,0.3469521727153473,enet:pooled
2023-12,0.002993404897200642,0.0021646466428053564,0.41437912719764286,enet:pooled
2024-01,0.0103971363725565,0.009641545996857157,0.3777951878496719,enet:pooled
2024-02,-7.403862710016433e-05,-0.0008133286989332167,0.3696450359165263,enet:pooled
2024-03,0.005572306054219791,0.004793953335110654,0.38917635955456853,enet:pooled
2024-04,-0.0010809806681587042,-0.0018257499638383889,0.37238464783984243,enet:pooled
2024-05,-0.0005828011997261626,-0.001350389924374192,0.38379436232401487,enet:pooled
2024-06,0.000657990480540664,-9.93252886095072e-05,0.3786578845750854,enet:pooled
2024-07,0.0010279137058338207,0.00026819029504963497,0.37986170539209296,enet:pooled
2024-08,0.0016986670818299769,0.0009675602426813238,0.36555341957432647,enet:pooled
2024-09,0.0013771166877667017,0.000660149078832523,0.3584838044670892,enet:pooled
2024-10,0.0040783623362543354,0.003314171129187858,0.382095603533239,enet:pooled
2024-11,0.00874503723086289,0.007992370233921828,0.37633349847053066,enet:pooled
2024-12,0.0015679014358803975,0.0008356590639372598,0.36612118597156873,enet:pooled
2025-01,0.001785034920989629,0.0011623525863284597,0.31134116733058464,enet:pooled
2025-02,0.002600472106893251,0.0018871742392359155,0.35664893382866797,enet:pooled
2025-03,0.005194032769255468,0.004503677011419804,0.3451778789178326,enet:pooled
2025-04,-0.0028622763887158594,-0.003473485377537264,0.3056044944107023,enet:pooled
2025-05,-0.00010080526380477629,-0.0008414144853793853,0.37030461078730426,enet:pooled
2025-06,-0.0007016117781762865,-0.001392344093743516,0.34536615778361474,enet:pooled
2025-07,6.754117974858963e-05,-0.0005521227615671634,0.30983197065787665,enet:pooled
2025-08,0.0005714787725606709,-0.00016198388760404816,0.36673133008235936,enet:pooled
2025-09,0.006556735632338611,0.005816775620115022,0.36998000611179455,enet:pooled
2025-10,0.014073394121536971,0.01333329568038148,0.3700492205777447,enet:pooled
2025-11,0.000568421532076802,-0.00022411790392755403,0.3962697180021781,enet:pooled
2025-12,0.010968370168994988,0.0102069355818678,0.3807172935635931,enet:pooled
2000-01,0.011219818728699968,0.011219818728699968,0.0,fmom:rule
2000-02,0.010599582824804518,0.01015517256820841,0.22220512829805456,fmom:rule
2000-03,0.0036735425247028846,0.0032780413324590488,0.19775059612191775,fmom:rule
2000-04,-0.019788730103172662,-0.020222395622422038,0.21683275962468768,fmom:rule
2000-05,0.0009564458666039676,0.00017917374006974952,0.3886360632671092,fmom:rule
2000-06,-0.003890156658470333,-0.004406601711824475,0.2582225266770709,fmom:rule
2000-07,0.003872990952524388,0.0033024977057764197,0.2852466233739838,fmom:rule
2000-08,-0.002171454481533628,-0.002560020067732869,0.1942827930996206,fmom:rule
2000-09,0.0019230416485908066,0.0014737189723780975,0.2246613381063546,fmom:rule
2000-10,-0.0015958638116745148,-0.002043954817733361,0.22404550302942303,fmom:rule
2000-11,0.006817867477467814,0.006364022948392021,0.2269222645378965,fmom:rule
2000-12,-0.0006964824710590865,-0.001309274639606178,0.3063960842735458,fmom:rule
2001-01,-0.005248125991725739,-0.006032258214031038,0.39206611115265005,fmom:rule
2001-02,0.004279463385695009,0.0036065004113529876,0.33648148717101034,fmom:rule
2001-03,0.012063572134852027,0.011361717328816577,0.3509274030177245,fmom:rule
2001-04,0.0015886398046203619,0.001112279571837068,0.2381801163916471,fmom:rule
2001-05,0.006675845965855497,0.006037243700230146,0.31930113281267575,fmom:rule
2001-06,0.003680297651625863,0.00311387120307579,0.28321322427503615,fmom:rule
2001-07,-0.0004532285412887492,-0.0008060900223124214,0.17643074051183627,fmom:rule
2001-08,-0.0016934397865337608,-0.0022222061841634744,0.2643831988148569,fmom:rule
2001-09,0.016683631766103272,0.016228518777230375,0.22755649443644896,fmom:rule
2001-10,-0.011066598272590416,-0.01163134588601475,0.282373806712167,fmom:rule
2001-11,-0.009140591486633083,-0.009688335113441643,0.2738718134042794,fmom:rule
2001-12,0.00547939137984846,0.004915621117518506,0.2818851311649773,fmom:rule
2002-01,0.0021370688428775865,0.001648864177395016,0.2441023327412853,fmom:rule
2002-02,0.009959811218869947,0.009367434726015415,0.2961882464272668,fmom:rule
2002-03,0.00889896151655805,0.008366415171444378,0.2662731725568354,fmom:rule
2002-04,0.005732448956489498,0.005038619816681334,0.3469145699040815,fmom:rule
2002-05,-0.0002195008158611122,-0.0008755034691941517,0.32800132666651977,fmom:rule
2002-06,0.011135164993969214,0.010477335688785472,0.3289146525918714,fmom:rule
2002-07,0.003144741831158605,0.0027968904356635927,0.17392569774750616,fmom:rule
2002-08,0.004965214446399391,0.004497080486365954,0.23406698001671883,fmom:rule
2002-09,0.0014433109750688214,0.0009504507389451623,0.24643011806182966,fmom:rule
2002-10,0.003969567302555799,0.003528497353862133,0.22053497434683297,fmom:rule
2002-11,0.002457987618082214,0.001858809988105494,0.2995888149883598,fmom:rule
2002-12,0.012422298594649984,0.011911598968780223,0.25534981293488,fmom:rule
2003-01,0.0017817496213155231,0.0013826227874691609,0.19956341692318086,fmom:rule
2003-02,0.0051093554127939495,0.0045164195990146355,0.2964679068896571,fmom:rule
2003-03,0.0077237572454315765,0.007384006596595625,0.16987532441797595,fmom:rule
2003-04,-0.009301948254089438,-0.009865968366574749,0.2820100562426555,fmom:rule
2003-05,0.0028937354449102637,0.0021456622312817446,0.3740366068142599,fmom:rule
2003-06,0.0032620803960689113,0.0027755151517156987,0.24328262217660632,fmom:rule
2003-07,0.0018199832586505206,0.0012239086532944234,0.2980373026780484,fmom:rule
2003-08,0.005145903266987902,0.004529567418996469,0.30816792399571635,fmom:rule
2003-09,-0.004158821210649613,-0.004866383544167672,0.35378116675902915,fmom:rule
2003-10,0.01050213350919289,0.010081006448769312,0.2105635302117884,fmom:rule
2003-11,0.009103644438732569,0.008659241552353529,0.22220144318951998,fmom:rule
2003-12,0.0030343141913606203,0.0026368309430113276,0.19874162417464622,fmom:rule
2004-01,-0.0009706488183863686,-0.0014794702300974566,0.25441070585554404,fmom:rule
2004-02,0.0030751460354551275,0.0025304928712174095,0.27232658211885924,fmom:rule
2004-03,0.0019388555963364682,0.001513622183068593,0.2126167066339377,fmom:rule
2004-04,0.002056447068636998,0.0016741256433333788,0.19116071265180962,fmom:rule
2004-05,-0.0008612088637323799,-0.0014171622435343464,0.27797668990098334,fmom:rule
2004-06,0.002607134261365902,0.0021372652635908967,0.23493449888750284,fmom:rule
2004-07,0.006301686754687494,0.00583398980623021,0.23384847422864194,fmom:rule
2004-08,0.0004100426771651857,-5.8016198356683436e-05,0.23402943776093463,fmom:rule
2004-09,0.005168761353712404,0.004655367257444086,0.2566970481341593,fmom:rule
2004-10,0.0031318923486916327,0.0026647037356639963,0.2335943065138183,fmom:rule
2004-11,0.0021886595647354536,0.0015796369866729041,0.3045112890312748,fmom:rule
2004-12,0.007664131498653946,0.0072134700303136,0.2253307341701723,fmom:rule
2005-01,0.0009932690665102417,0.00034466894171737315,0.3243000623964344,fmom:rule
2005-02,0.016564191885902465,0.016095953333351492,0.23411927627548626,fmom:rule
2005-03,0.0075429958216000365,0.007071589464785458,0.2357031784072892,fmom:rule
2005-04,0.011859987437919281,0.011491496604872918,0.18424541652318188,fmom:rule
2005-05,-0.019946279401587955,-0.02034153383520623,0.19762721680913697,fmom:rule
2005-06,0.0004309580947224546,7.483835350075295e-05,0.17805987061085082,fmom:rule
2005-07,0.01125946580447648,0.010842218263568144,0.20862377045416808,fmom:rule
2005-08,-0.0012105082300410343,-0.0015781632395165252,0.18382750473774537,fmom:rule
2005-09,0.0027327676286265684,0.002296254415178447,0.21825660672406033,fmom:rule
2005-10,-0.0009169796514894375,-0.0014281967243355799,0.2556085364230713,fmom:rule
2005-11,0.005417010763710715,0.004953464150169949,0.23177330677038313,fmom:rule
2005-12,-0.003654114181587074,-0.00415177996468652,0.248832891549723,fmom:rule
2006-01,-0.00725386924421863,-0.007719198654782095,0.23266470528173241,fmom:rule
2006-02,-0.008873787855175584,-0.009579483942579604,0.3528480437020096,fmom:rule
2006-03,-0.008111443769328132,-0.00889419830428589,0.3913772674788791,fmom:rule
2006-04,0.0023562184638359096,0.0016885826171991758,0.3338179233183669,fmom:rule
2006-05,9.343361721498896e-06,-0.0005209709726738376,0.2651571671976682,fmom:rule
2006-06,-0.0006937139808256514,-0.0011463333754221817,0.2263096972982652,fmom:rule
2006-07,0.0006708625979595399,-4.5452306471810384e-05,0.35815745221567513,fmom:rule
2006-08,0.0023533445984009276,0.001777135620069095,0.28810448916591624,fmom:rule
2006-09,-0.0005122101981530411,-0.0010677204658886,0.27775513386777956,fmom:rule
2006-10,-0.003435917579649636,-0.004095842420402412,0.32996242037638795,fmom:rule
2006-11,-0.0016962280667968282,-0.002231776674141454,0.26777430367231286,fmom:rule
2006-12,0.0010865351097910818,0.0004095488510408331,0.33849312937512455,fmom:rule
2007-01,0.003151325200311783,0.0025211411728587583,0.3150920137265123,fmom:rule
2007-02,0.001348864999236362,0.000424308717998277,0.4622781406190426,fmom:rule
2007-03,0.003470419629486084,0.0028250924866028526,0.32266357144161556,fmom:rule
2007-04,0.0030960975924330353,0.002472703560142239,0.3116970161453981,fmom:rule
2007-05,0.00200712470075015,0.0013462124262577885,0.33045613724618106,fmom:rule
2007-06,-0.0017915144872562554,-0.0024590555228984324,0.33377051782108835,fmom:rule
2007-07,-0.0015376133674613979,-0.0022415381464891645,0.35196238951388337,fmom:rule
2007-08,-0.003811729421146375,-0.004540968926366846,0.36461975261023566,fmom:rule
2007-09,0.0007749963345405934,0.00026320628189047487,0.2558950263250593,fmom:rule
2007-10,0.00935417026224511,0.008675222590856449,0.33947383569433043,fmom:rule
2007-11,-0.0008581237515432028,-0.0014531495415039148,0.2975128949803562,fmom:rule
2007-12,0.003727011985740594,0.0032028829911367653,0.26206449730191445,fmom:rule
2008-01,-0.002410361692717436,-0.002959596205434884,0.27461725635872397,fmom:rule
2008-02,0.006957763747366198,0.006394336004198013,0.2817138715840925,fmom:rule
2008-03,-0.0011085369562318132,-0.0016108829547197285,0.25117299924395764,fmom:rule
2008-04,-0.0017262228722393364,-0.0021965334306144634,0.2351552791875636,fmom:rule
2008-05,0.004015099837969728,0.0033587688990343364,0.32816546946769537,fmom:rule
2008-06,0.005496962274649646,0.005024592649575524,0.23618481253706122,fmom:rule
2008-07,-0.011684394272268452,-0.01205763005587902,0.1866178918052837,fmom:rule
2008-08,-0.0013842809452842008,-0.0019466734522096212,0.28119625346271,fmom:rule
2008-09,0.00360165105191227,0.003256721476877392,0.17246478751743882,fmom:rule
2008-10,0.015581886675003837,0.01494609617546788,0.3178952497679788,fmom:rule
2008-11,0.012793966110873354,0.01211129628108728,0.3413349148930363,fmom:rule
2008-12,-0.007222213201462443,-0.007762264750382978,0.2700257744602675,fmom:rule
2009-01,0.0029130262946129412,0.0024554188175258135,0.228803738543564,fmom:rule
2009-02,-0.0003318894508362431,-0.0008366646349739878,0.2523875920688724,fmom:rule
2009-03,-0.00783080299424044,-0.008305399632379796,0.23729831906967835,fmom:rule
2009-04,-0.029902973698860493,-0.030367904513776908,0.23246540745820682,fmom:rule
2009-05,-0.01586741326720688,-0.016614926190347726,0.3737564615704251,fmom:rule
2009-06,-0.002605792224242901,-0.0033484571090571552,0.3713324424071267,fmom:rule
2009-07,0.006862401119946163,0.0063550726988090495,0.253664210568557,fmom:rule
2009-08,0.002107413355905982,0.0015520037866235846,0.27770478464119885,fmom:rule
2009-09,-0.00014708188910613458,-0.0005775777117473835,0.2152479113206245,fmom:rule
2009-10,-0.0001655418343486533,-0.0006859449776953534,0.2602015716733501,fmom:rule
2009-11,0.002982878262003684,0.0024201488693585712,0.28136469632255623,fmom:rule
2009-12,-7.877133938596154e-05,-0.0005633487804002249,0.24228872050713177,fmom:rule
2010-01,0.0003587690936774435,-6.383401134356652e-05,0.2113015525105049,fmom:rule
2010-02,-0.0017868647003139732,-0.0022424100112452697,0.2277726554656483,fmom:rule
2010-03,0.003717510194809107,0.0032843005218309504,0.2166048364890784,fmom:rule
2010-04,-5.872910308730164e-05,-0.0005267813745777149,0.23402613574520667,fmom:rule
2010-05,0.0004269420567059382,-0.0001916369247016882,0.3092894907038132,fmom:rule
2010-06,0.00461070543242627,0.003924743814602934,0.34298080891166777,fmom:rule
2010-07,-0.0008856946097764662,-0.0012750986011866334,0.1947019957050836,fmom:rule
2010-08,0.0030288209104845534,0.002462510197227537,0.28315535662850827,fmom:rule
2010-09,0.003801998071538722,0.0032038792379819295,0.2990594167783966,fmom:rule
2010-10,0.0037606945358744023,0.0032387454111716773,0.2609745623513626,fmom:rule
2010-11,0.004306617150655016,0.0038335559087175615,0.23653062096872748,fmom:rule
2010-12,0.004536184120229492,0.004072432149141889,0.23187598554380184,fmom:rule
2011-01,0.0017713785992109362,0.0012979882131887493,0.23669519301109335,fmom:rule
2011-02,0.001411846181488094,0.0009289722185076205,0.2414369814902366,fmom:rule
2011-03,0.0004517413976086296,-3.66165100544346e-06,0.22770152430703675,fmom:rule
2011-04,0.006093889650570104,0.005666610633220459,0.21363950867482268,fmom:rule
2011-05,0.003047717080803853,0.002675924569768868,0.1858962555174926,fmom:rule
2011-06,0.0020963141007981872,0.0017485232636488936,0.17389541857464672,fmom:rule
2011-07,0.007610572232912979,0.00726767687966647,0.17144767662325436,fmom:rule
2011-08,0.004874344515604869,0.004441623222436048,0.2163606465844103,fmom:rule
2011-09,0.0012035924938589035,0.0007892422247824653,0.20717513453821934,fmom:rule
2011-10,-5.151784685426848e-05,-0.000549210613063908,0.24884638310481957,fmom:rule
2011-11,0.008157204881120842,0.007649904660472654,0.25365011032409446,fmom:rule
2011-12,0.007267003084530649,0.006785233146610307,0.24088496896017103,fmom:rule
2012-01,-0.01639093903153771,-0.016990165216313628,0.29961309238795875,fmom:rule
2012-02,0.0014458283573280713,0.0009636593447838049,0.241084506272133,fmom:rule
2012-03,0.012356160280193621,0.011834926746564386,0.2606167668146191,fmom:rule
2012-04,0.011307485001590012,0.010752951946748905,0.27726652742055324,fmom:rule
2012-05,0.004862106711681103,0.004400475783388019,0.2308154641465417,fmom:rule
2012-06,0.00048399820297266046,7.729673756001514e-05,0.20335073270632273,fmom:rule
2012-07,0.005103102359880587,0.0046816457786014705,0.21072829063955817,fmom:rule
2012-08,0.0028739334405200965,0.0024390926670310987,0.217420386744499,fmom:rule
2012-09,-0.0032443486006405917,-0.003687062883077037,0.22135714121822248,fmom:rule
2012-10,0.0037778077671488564,0.003331231841118192,0.22328796301533216,fmom:rule
2012-11,0.005230754038848046,0.004737760551120139,0.2464967438639537,fmom:rule
2012-12,0.00129868632300994,0.0008836832174339427,0.20750155278799862,fmom:rule
2013-01,0.002839895572067177,0.0024864162775575568,0.17673964725480995,fmom:rule
2013-02,0.00637329449089802,0.005813947679377003,0.279673405760508,fmom:rule
2013-03,0.005196913403109358,0.004609976938136585,0.29346823248638654,fmom:rule
2013-04,0.011071356900250715,0.010605354752460352,0.23300107389518182,fmom:rule
2013-05,0.0016497122968565363,0.0012197736091776855,0.21496934383942543,fmom:rule
2013-06,-0.0018502114669590858,-0.002284722467257948,0.21725550014943082,fmom:rule
2013-07,0.010527248465339336,0.010055900056882354,0.2356742042284906,fmom:rule
2013-08,-0.005730627681823416,-0.006220186723085761,0.24477952063117342,fmom:rule
2013-09,0.00025629123398073075,-0.0002360425186688002,0.2461668763247654,fmom:rule
2013-10,-0.004646969438672431,-0.005053050498786448,0.2030405300570087,fmom:rule
2013-11,0.001996945320420718,0.0015417615097933256,0.22759190531369633,fmom:rule
2013-12,0.004058240899213754,0.003620411522101906,0.21891468855592391,fmom:rule
2014-01,0.008514044171043952,0.008084648576392099,0.2146977973259265,fmom:rule
2014-02,0.005124524653593698,0.0047091535785239716,0.207685537534863,fmom:rule
2014-03,-0.00783075872697062,-0.00820370889432631,0.18647508367784485,fmom:rule
2014-04,-0.0022121045023673503,-0.002716434153262708,0.2521648254476788,fmom:rule
2014-05,-0.0027016768890832797,-0.0032655591084379885,0.2819411096773543,fmom:rule
2014-06,-0.001994111827688147,-0.0025825702546698535,0.29422921349085307,fmom:rule
2014-07,0.003186752084002346,0.002673954656096726,0.2563987139528104,fmom:rule
2014-08,0.001255660565173213,0.000683978982589485,0.28584079129186396,fmom:rule
2014-09,-0.00314593570139534,-0.003685684291436993,0.2698742950208262,fmom:rule
2014-10,0.005956229748699873,0.005434880159132915,0.2606747947834794,fmom:rule
2014-11,0.003422498207228083,0.002946506846212615,0.23799568050773398,fmom:rule
2014-12,0.004028828639828132,0.0035373279196386147,0.24575036009475867,fmom:rule
2015-01,0.006706765239654491,0.006210136653333373,0.24831429316055822,fmom:rule
2015-02,-0.001776889535193153,-0.002238337169800432,0.23072381730363975,fmom:rule
2015-03,0.007421210553338456,0.006963777983267897,0.22871628503528,fmom:rule
2015-04,-0.01122013126082811,-0.011769543960275398,0.2747063497236439,fmom:rule
2015-05,0.003721327514342635,0.0031337027041464997,0.29381240509806755,fmom:rule
2015-06,0.005904569074641338,0.005384768986622914,0.2599000440092116,fmom:rule
2015-07,0.0071871173286589115,0.006786795235583784,0.20016104653756356,fmom:rule
2015-08,0.008554487451967716,0.008080040827998175,0.23722331198477023,fmom:rule
2015-09,0.007463213714533451,0.007079286763199171,0.19196347566713987,fmom:rule
2015-10,-0.0065859937492365695,-0.006902798457969474,0.15840235436645228,fmom:rule
2015-11,0.009539013084473871,0.009099150223093284,0.21993143069029397,fmom:rule
2015-12,8.971839136420062e-05,-0.0003217650342575609,0.20574171281088074,fmom:rule
2016-01,0.0034060089897319894,0.0030374264460583163,0.18429127183683658,fmom:rule
2016-02,-0.00808136615541489,-0.008481468983730728,0.20005141415791897,fmom:rule
2016-03,-0.01349100568132767,-0.014011442438035922,0.2602183783541273,fmom:rule
2016-04,0.0018009686212357686,0.0011827810229108689,0.3090937991624497,fmom:rule
2016-05,0.0031170387066001707,0.0025485747565380697,0.28423197503105024,fmom:rule
2016-06,0.0010247650805314372,0.0005176894200558896,0.2535378302377737,fmom:rule
2016-07,0.002422464497288229,0.001981482514260772,0.22049099151372853,fmom:rule
2016-08,0.0028101008654961204,0.002271983171204004,0.269058847146058,fmom:rule
2016-09,0.003012883543993397,0.002486332809796928,0.2632753670982348,fmom:rule
2016-10,0.003871300558860509,0.00346110376903877,0.20509839491086976,fmom:rule
2016-11,-0.004073295990848129,-0.004616224414526814,0.27146421183934294,fmom:rule
2016-12,0.0003896720870162976,-0.00018597661168982075,0.2878243493530591,fmom:rule
2017-01,0.007372799828837691,0.006879787409086391,0.2465062098756501,fmom:rule
2017-02,-0.003024025752229805,-0.0035328137505426316,0.2543939991564134,fmom:rule
2017-03,1.4246314045025682e-05,-0.0005768428186706107,0.29554456635781823,fmom:rule
2017-04,-0.0017671829584244778,-0.0023744402473393333,0.30362864445742777,fmom:rule
2017-05,0.0011582817424908957,0.0006298153290595533,0.26423320671567124,fmom:rule
2017-06,-0.00020473963145784178,-0.0006345351993831661,0.21489778396266215,fmom:rule
2017-07,0.004879368630421379,0.004371840747255615,0.25376394158288235,fmom:rule
2017-08,0.00044764478067011636,-1.5112308287022353e-05,0.23137854447856937,fmom:rule
2017-09,-0.004107761521775878,-0.004537751109774881,0.2149947939995014,fmom:rule
2017-10,0.005641697360208823,0.005137128827410823,0.25228426639899953,fmom:rule
2017-11,0.0012272949281494007,0.0006157041394811723,0.3057953943341142,fmom:rule
2017-12,0.0008210606285628851,0.00027489148228710243,0.27308457313789125,fmom:rule
2018-01,0.0018142465882823317,0.001266224802781524,0.2740108927504034,fmom:rule
2018-02,0.002269774749521736,0.001650470718372263,0.3096520155747365,fmom:rule
2018-03,-9.841452413288138e-05,-0.0006666867553822881,0.28413611562470326,fmom:rule
2018-04,0.005740628637759659,0.005259529778547497,0.24054942960608106,fmom:rule
2018-05,0.0071395055368008945,0.006611264947394541,0.2641202947031773,fmom:rule
2018-06,0.0007579936397700812,0.0002545165203420051,0.251738559714038,fmom:rule
2018-07,0.0028808553218394786,0.002471343893192001,0.20475571432373887,fmom:rule
2018-08,0.007551059482384554,0.007129586672086728,0.2107364051489128,fmom:rule
2018-09,0.012096911552568423,0.011741723145935521,0.17759420331645093,fmom:rule
2018-10,-0.001729676714969526,-0.0021533496946469,0.21183648983868686,fmom:rule
2018-11,-0.00697865044581135,-0.00742651805038646,0.2239338022875545,fmom:rule
2018-12,-0.00038266908447247896,-0.0008200378411472296,0.2186843783373753,fmom:rule
2019-01,0.0006605418393176142,0.0002354504593496011,0.21254568998400633,fmom:rule
2019-02,-0.004923036984277693,-0.005456514145536196,0.26673858062925154,fmom:rule
2019-03,0.001657722372450615,0.0012396777824921746,0.20902229497922012,fmom:rule
2019-04,0.0009593834501750911,0.0005012063563019629,0.2290885469365641,fmom:rule
2019-05,-0.002349828716953496,-0.0028530445831590344,0.2516079331027694,fmom:rule
2019-06,0.0027479359833477083,0.0021776469085907353,0.2851445373784865,fmom:rule
2019-07,0.0014019874336702563,0.0009247802068949505,0.23860361338765285,fmom:rule
2019-08,0.0020155245311124638,0.0014159834580958616,0.2997705365083012,fmom:rule
2019-09,0.0012455081139013712,0.0006768392989971896,0.2843344074520908,fmom:rule
2019-10,0.0037350989390029436,0.0031876661520166922,0.27371639349312554,fmom:rule
2019-11,-2.0474932684059607e-05,-0.0004989361548725792,0.23923061109425978,fmom:rule
2019-12,0.006618667725425866,0.006106970343434506,0.25584869099567986,fmom:rule
2020-01,0.0064248757173377725,0.0060026557926543735,0.21110996234169965,fmom:rule
2020-02,0.0017553392842213863,0.001251384848051519,0.2519772180849341,fmom:rule
2020-03,0.004675175731703817,0.0042428682584467955,0.21615373662851053,fmom:rule
2020-04,-0.004848402398498596,-0.005540227543001745,0.3459125722515747,fmom:rule
2020-05,-0.0007239505626690501,-0.0013260636064989562,0.30105652191495297,fmom:rule
2020-06,-0.003266768447789283,-0.0037101168574082753,0.22167420480949618,fmom:rule
2020-07,0.01778827174289307,0.017330142749381383,0.22906449675584312,fmom:rule
2020-08,-0.0017474574556403445,-0.0022198515291338644,0.23619703674676,fmom:rule
2020-09,-0.002295742590353076,-0.0026963857007017943,0.20032155517435923,fmom:rule
2020-10,0.001405331849912553,0.0009887537339875639,0.20828905796249444,fmom:rule
2020-11,-0.019563393970157657,-0.01993676056064033,0.18668329524133645,fmom:rule
2020-12,-0.0033369922891725193,-0.003921347120898085,0.29217741586278306,fmom:rule
2021-01,0.0062461362765351865,0.005781298613490093,0.2324188315225474,fmom:rule
2021-02,-0.0009724598906171357,-0.0013776992556257077,0.20261968250428597,fmom:rule
2021-03,-0.0009317559630617063,-0.0014762552604540402,0.2722496486961668,fmom:rule
2021-04,0.00955041706761441,0.008944830449625574,0.30279330899441825,fmom:rule
2021-05,-0.00048188849892015967,-0.0010428197327401285,0.2804656169099843,fmom:rule
2021-06,0.002713822096832558,0.002273603521253473,0.22010928778954256,fmom:rule
2021-07,0.0025188417508296788,0.00211348530119368,0.2026782248179992,fmom:rule
2021-08,-0.002460168774994538,-0.0029493072428953106,0.24456923395038643,fmom:rule
2021-09,0.002646400724365623,0.002191247775907004,0.22757647422930977,fmom:rule
2021-10,0.0009996128153380722,0.0005402007234430753,0.22970604594749852,fmom:rule
2021-11,-0.0014194677168234784,-0.0017542504494023785,0.16739136628944998,fmom:rule
2021-12,0.003272246907426764,0.0026998584119477514,0.2861942477395064,fmom:rule
2022-01,0.006811905246738417,0.006207590165591866,0.30215754057327554,fmom:rule
2022-02,0.010107864869066223,0.009664108671619785,0.22187809872321926,fmom:rule
2022-03,0.005845933804460152,0.005380415222549672,0.23275929095524098,fmom:rule
2022-04,0.006797092894353454,0.0063377611335164044,0.2296658804185247,fmom:rule
2022-05,0.001878287985739654,0.001389676209443525,0.2443058881480642,fmom:rule
2022-06,-0.0011235716197781015,-0.001549662458812562,0.21304541951723008,fmom:rule
2022-07,-0.0042367987515805625,-0.004653643381484928,0.20842231495218266,fmom:rule
2022-08,-0.0008824623238253285,-0.0012495084293958057,0.1835230527852386,fmom:rule
2022-09,0.0006851032468363861,0.000244804605271866,0.2201493207822603,fmom:rule
2022-10,0.003338857987997379,0.0028660405951804243,0.23640869640847761,fmom:rule
2022-11,-0.005592105777158263,-0.006120971408658652,0.26443281575019423,fmom:rule
2022-12,0.007300784696988383,0.006780390234674028,0.2601972311571774,fmom:rule
2023-01,-0.0010343735676267595,-0.0015018252213315853,0.23372582685241297,fmom:rule
2023-02,0.00547266459167322,0.004978865059923041,0.2468997658750899,fmom:rule
2023-03,-4.1518919604349956e-05,-0.0005056483485421482,0.2320647144688993,fmom:rule
2023-04,-0.0035288400055754872,-0.004065992571113394,0.2685762827689533,fmom:rule
2023-05,-0.0031534634536002537,-0.003656648728365168,0.2515926373824572,fmom:rule
2023-06,-0.0003925158156197435,-0.000976886104521381,0.2921851444508187,fmom:rule
2023-07,0.003988560265868701,0.003460752420019894,0.2639039229244038,fmom:rule
2023-08,-0.0010547857089409406,-0.0015520982717973897,0.24865628142822443,fmom:rule
2023-09,-0.0022395401345958865,-0.0027558867879668133,0.25817332668546356,fmom:rule
2023-10,0.00542749400490133,0.004918692489023755,0.25440075793878747,fmom:rule
2023-11,-0.003776381978014021,-0.004326613709339461,0.2751158656627203,fmom:rule
2023-12,0.002749497887446907,0.0021644126493655944,0.29254261904065604,fmom:rule
2024-01,0.006082208909201736,0.005582348382050103,0.2499302635758158,fmom:rule
2024-02,-0.0013136607716409876,-0.001919275342565096,0.3028072854620541,fmom:rule
2024-03,0.0035511436087229675,0.0030604147486298044,0.24536443004658146,fmom:rule
2024-04,0.0020720789671328935,0.0015572811656294281,0.2573989007517329,fmom:rule
2024-05,0.0016221247593656604,0.0011159709773301363,0.2530768910177622,fmom:rule
2024-06,0.004202474954329531,0.0036512523311675567,0.275611311580987,fmom:rule
2024-07,0.001253810514027129,0.0008402326401249671,0.20678893695108086,fmom:rule
2024-08,-0.0005749479894715247,-0.0010440671447097824,0.23455957761912885,fmom:rule
2024-09,-0.0016367315700353802,-0.002095167774345619,0.2292181021551195,fmom:rule
2024-10,0.005445821261976556,0.004965391267331341,0.24021499732260734,fmom:rule
2024-11,0.0037483527797448997,0.0032780306811361053,0.23516104930439719,fmom:rule
2024-12,0.004366951154055706,0.003874443044261654,0.2462540548970256,fmom:rule
2025-01,-5.8749410385073766e-05,-0.0004670073254103395,0.2041289575126326,fmom:rule
2025-02,-0.0004868618572938865,-0.0010235693923156945,0.26835376751090406,fmom:rule
2025-03,-0.0024977318308059136,-0.003032273044789935,0.2672706069920108,fmom:rule
2025-04,0.0006849900483655217,0.00020053646193470126,0.24222679321541027,fmom:rule
2025-05,0.0005422722186668229,2.7268527864286014e-06,0.2697726829401973,fmom:rule
2025-06,0.00387592820052841,0.003364950440254777,0.2554888801368166,fmom:rule
2025-07,0.0019358191322244782,0.001480608193337888,0.22760546944329493,fmom:rule
2025-08,0.002926943050868058,0.0023509061612214323,0.2880184448233129,fmom:rule
2025-09,0.006958895190695269,0.006523506004874029,0.21769459291062052,fmom:rule
2025-10,0.013469168855820841,0.012984915607509286,0.24212662415577732,fmom:rule
2025-11,-0.0013840756977648101,-0.001798184622322824,0.20705446227900676,fmom:rule
2025-12,0.008128321550288168,0.007734156283417708,0.19708263343522994,fmom:rule
2000-01,0.016332031706772242,0.016332031706772242,0.0,gbrt:dm_only
2000-02,0.007141920626812235,0.005374723948801361,0.8835983390054364,gbrt:dm_only
2000-03,0.004912024936293722,0.0030234589815611537,0.9442829773662843,gbrt:dm_only
2000-04,-0.006587753207528215,-0.008369556950557673,0.8909018715147288,gbrt:dm_only
2000-05,0.005368625577090921,0.003475266336922094,0.9466796200844128,gbrt:dm_only
2000-06,-0.00942507276183231,-0.011233450592924934,0.9041889155463125,gbrt:dm_only
2000-07,-0.0006889092101021303,-0.0026348015263994245,0.9729461581486473,gbrt:dm_only
2000-08,-0.006149237426931126,-0.007829357312890306,0.8400599429795902,gbrt:dm_only
2000-09,0.004314909307388946,0.0024945600088674314,0.9101746492607576,gbrt:dm_only
2000-10,0.0009384414821681529,-0.0008187057715829883,0.8785736268755706,gbrt:dm_only
2000-11,0.0074260513603791965,0.005614169577099787,0.9059408916397056,gbrt:dm_only
2000-12,-0.00414923971612788,-0.005901602605998027,0.876181444935073,gbrt:dm_only
2001-01,-0.004154719035183229,-0.006108490849743622,0.9768859072801964,gbrt:dm_only
2001-02,0.01567513106951165,0.013413339513243742,1.1308957781339533,gbrt:dm_only
2001-03,0.012827190803405714,0.010639602399731432,1.0937942018371418,gbrt:dm_only
2001-04,0.005115567361456566,0.0031502695374231943,0.9826489120166859,gbrt:dm_only
2001-05,0.01418601711483309,0.01220504326249296,0.9904869261700643,gbrt:dm_only
2001-06,0.003554602736207738,0.0016922142016681416,0.9311942672697984,gbrt:dm_only
2001-07,0.017370488639156113,0.015655689775138742,0.8573994320086868,gbrt:dm_only
2001-08,-0.005881899658823874,-0.007607400324564528,0.8627503328703274,gbrt:dm_only
2001-09,0.0037829078801710127,0.0018909888859967067,0.9459594970871528,gbrt:dm_only
2001-10,3.776021567880571e-05,-0.0020415843312956076,1.0396722734872068,gbrt:dm_only
2001-11,0.00591143740946482,0.003769283513833101,1.0710769478158595,gbrt:dm_only
2001-12,0.011850153626540473,0.009882310366400887,0.9839216300697927,gbrt:dm_only
2002-01,0.001145180175913184,-0.000688275265084527,0.9167277204988553,gbrt:dm_only
2002-02,0.010281000845723729,0.008766653878405863,0.757173483658933,gbrt:dm_only
2002-03,0.009607947846039959,0.00831370799145947,0.6471199272902447,gbrt:dm_only
2002-04,0.005805114308974066,0.004595197142856688,0.6049585830586891,gbrt:dm_only
2002-05,0.013550096134617245,0.012138476435145162,0.7058098497360421,gbrt:dm_only
2002-06,0.009963511526476686,0.008783758667625914,0.5898764294253864,gbrt:dm_only
2002-07,0.005007201642677787,0.003919976072015767,0.5436127853310099,gbrt:dm_only
2002-08,-0.00047573299858890084,-0.0016322231745911694,0.5782450880011343,gbrt:dm_only
2002-09,0.005712681585731112,0.00449350117181445,0.609590206958331,gbrt:dm_only
2002-10,0.0006558618015835793,-0.0004402510780874123,0.548056439835496,gbrt:dm_only
2002-11,-0.0018735361454674238,-0.0033277667239483555,0.7271152892404658,gbrt:dm_only
2002-12,-0.0023689136842411037,-0.0036821370361621447,0.6566116759605207,gbrt:dm_only
2003-01,-0.00026597196334865713,-0.0014293352148986203,0.5816816257749815,gbrt:dm_only
2003-02,0.005371564668825118,0.004482804180372644,0.44438024422623695,gbrt:dm_only
2003-03,0.006635881090253232,0.005834327808266989,0.40077664099312166,gbrt:dm_only
2003-04,-0.001427639811057327,-0.002238387765481768,0.40537397721222046,gbrt:dm_only
2003-05,0.0015229829987549398,0.00044733045684267666,0.5378262709561318,gbrt:dm_only
2003-06,0.004785854830766013,0.0036949325899592964,0.5454611204033583,gbrt:dm_only
2003-07,0.011199704206027332,0.010213079503262983,0.49331235138217366,gbrt:dm_only
2003-08,0.005468966092447448,0.004559577381541055,0.45469435545319614,gbrt:dm_only
2003-09,-0.0017925499669845225,-0.002911812311473373,0.5596311722444253,gbrt:dm_only
2003-10,0.006853081986066904,0.005726239305937833,0.5634213400645356,gbrt:dm_only
2003-11,0.0011939633388023414,0.00018392050950742297,0.5050214146474592,gbrt:dm_only
2003-12,0.005133073617994518,0.0041946897226246395,0.4691919476849392,gbrt:dm_only
2004-01,-0.003597941680925627,-0.00463586024048413,0.5189592797792517,gbrt:dm_only
2004-02,-0.0007008202303453676,-0.0018782873928587407,0.5887335812566865,gbrt:dm_only
2004-03,0.0027705898306996184,0.0017497125394909073,0.5104386456043554,gbrt:dm_only
2004-04,0.004921425290690255,0.003964652822540715,0.4783862340747695,gbrt:dm_only
2004-05,-0.003965228658960038,-0.005091015568539183,0.5628934547895724,gbrt:dm_only
2004-06,0.0017683986042406896,0.0008148637760276734,0.4767674141065081,gbrt:dm_only
2004-07,0.005178157067250098,0.00430816971870694,0.4349936742715792,gbrt:dm_only
2004-08,0.00564082244682036,0.004892777738453513,0.3740223541834238,gbrt:dm_only
2004-09,0.004343284106600216,0.003531634346758277,0.40582487992096916,gbrt:dm_only
2004-10,0.011390439786192799,0.010463224751248845,0.46360751747197676,gbrt:dm_only
2004-11,0.0059635881717676545,0.005131995048429013,0.4157965616693213,gbrt:dm_only
2004-12,0.010618300399972327,0.009744269041871263,0.4370156790505324,gbrt:dm_only
2005-01,0.002959506426449484,0.001974533379201149,0.49248652362416745,gbrt:dm_only
2005-02,0.012292813759232251,0.011530484563037353,0.3811645980974496,gbrt:dm_only
2005-03,0.010452241173730142,0.009684987432991324,0.3836268703694081,gbrt:dm_only
2005-04,0.013704329248196185,0.01293177626452488,0.3862764918356529,gbrt:dm_only
2005-05,-0.02011242428475034,-0.020795129683841677,0.3413526995456685,gbrt:dm_only
2005-06,0.0010911888543496083,7.395017712333405e-05,0.5086193386131375,gbrt:dm_only
2005-07,0.007337664445924388,0.006557983791557814,0.3898403271832871,gbrt:dm_only
2005-08,0.0041617859033001945,0.0033361746786273678,0.4128056123364134,gbrt:dm_only
2005-09,0.005179259726226114,0.004300855853961452,0.43920193613233083,gbrt:dm_only
2005-10,-7.495185845784842e-05,-0.0008684731419831764,0.39676064176266396,gbrt:dm_only
2005-11,-7.141820617355768e-05,-0.000888646656357457,0.40861422509194967,gbrt:dm_only
2005-12,-0.0010452946866577272,-0.0019805726848222036,0.4676389990822382,gbrt:dm_only
2006-01,-0.01121484368856808,-0.012162304831269746,0.47373057135083424,gbrt:dm_only
2006-02,-0.0026261713119396673,-0.003953236939486789,0.6635328137735605,gbrt:dm_only
2006-03,-0.006267243441163439,-0.007295702991140253,0.5142297749884075,gbrt:dm_only
2006-04,0.006298308652266237,0.005116356126872265,0.590976262696986,gbrt:dm_only
2006-05,-0.0018814749496919416,-0.002975562488197286,0.5470437692526725,gbrt:dm_only
2006-06,0.010987847639966871,0.010151132375601335,0.41835763218276817,gbrt:dm_only
2006-07,-0.003983496881895743,-0.004977120301505617,0.49681170980493744,gbrt:dm_only
2006-08,-0.0023379373310282504,-0.003445801544751664,0.553932106861707,gbrt:dm_only
2006-09,0.0021896242805976417,0.001075865219643912,0.5568795304768649,gbrt:dm_only
2006-10,-0.004916011831319384,-0.005761196254475574,0.4225922115780946,gbrt:dm_only
2006-11,0.00844376093448601,0.007477407997259023,0.483176468613494,gbrt:dm_only
2006-12,0.00022452375535263633,-0.0006150669929902217,0.41979537417142887,gbrt:dm_only
2007-01,0.004818064292746389,0.0038263060026166892,0.49587914506484987,gbrt:dm_only
2007-02,-0.0010642329986791123,-0.0021101555634250634,0.5229612823729753,gbrt:dm_only
2007-03,0.008146208886158012,0.007140044630059551,0.5030821280492304,gbrt:dm_only
2007-04,0.008437172104222648,0.007531062775703847,0.45305466425940066,gbrt:dm_only
2007-05,0.00304003232596736,0.0021077904881810234,0.4661209188931687,gbrt:dm_only
2007-06,-0.005054268681318627,-0.006125035323864466,0.5353833212729191,gbrt:dm_only
2007-07,-0.001620584317159932,-0.0027550509627620903,0.5672333228010792,gbrt:dm_only
2007-08,0.0011150042197136656,-5.742716395299828e-05,0.5862156918333318,gbrt:dm_only
2007-09,0.0008740127753248635,-0.00033898570188957883,0.6064992386072213,gbrt:dm_only
2007-10,0.01374996381550671,0.012692250526003207,0.5288566447517516,gbrt:dm_only
2007-11,0.0020061395870237335,0.0010242627357499605,0.49093842563688644,gbrt:dm_only
2007-12,0.00265257531102025,0.0015499707277780762,0.5513022916210867,gbrt:dm_only
2008-01,0.003731373536993451,0.0027513417363483885,0.4900159003225311,gbrt:dm_only
2008-02,-0.002433667128321866,-0.003544089863974185,0.5552113678261595,gbrt:dm_only
2008-03,0.0014330132789586963,0.00030511714915959715,0.5639480648995495,gbrt:dm_only
2008-04,0.002279759810211036,0.0011939926327883513,0.5428835887113427,gbrt:dm_only
2008-05,0.0004032982318252789,-0.000874941853804157,0.639120042814718,gbrt:dm_only
2008-06,0.01101672729522958,0.009967677269270447,0.524525012979567,gbrt:dm_only
2008-07,-0.006438790073662737,-0.007360774163385326,0.46099204486129436,gbrt:dm_only
2008-08,0.008989709895912528,0.007648314275302077,0.670697810305225,gbrt:dm_only
2008-09,0.012250886317344768,0.011245749441220315,0.5025684380622271,gbrt:dm_only
2008-10,0.029759199939742367,0.02871019913407993,0.5245004028312195,gbrt:dm_only
2008-11,0.01898747925170462,0.017842186646455618,0.5726463026245003,gbrt:dm_only
2008-12,-0.003037109826878752,-0.004036335224987573,0.4996126990544105,gbrt:dm_only
2009-01,0.002888079978966615,0.0018122247444353895,0.5379276172656127,gbrt:dm_only
2009-02,0.009890762134243019,0.008741268826535357,0.574746653853831,gbrt:dm_only
2009-03,-0.008815582048877805,-0.009671598240123038,0.428008095622616,gbrt:dm_only
2009-04,-0.024992345357289406,-0.026110943861366073,0.5592992520383319,gbrt:dm_only
2009-05,0.006571879733600528,0.004897906650946261,0.8369865413271335,gbrt:dm_only
2009-06,-0.005514628084157137,-0.007204708225014559,0.8450400704287112,gbrt:dm_only
2009-07,0.012275958372715823,0.010639391660404866,0.8182833561554791,gbrt:dm_only
2009-08,0.004390590436144175,0.00307239116278918,0.6590996366774977,gbrt:dm_only
2009-09,0.002643933600933039,0.0013245896456304874,0.6596719776512754,gbrt:dm_only
2009-10,0.0019444569553994757,0.0006098164309622654,0.6673202622186054,gbrt:dm_only
2009-11,0.00011220075398768577,-0.0012908912269108176,0.7015459904492517,gbrt:dm_only
2009-12,-0.001661211191659049,-0.002937997806910972,0.6383933076259616,gbrt:dm_only
2010-01,0.0031156744719023064,0.0017518315623012391,0.6819214548005337,gbrt:dm_only
2010-02,-0.0025818195513041594,-0.0038431357205001935,0.6306580845980173,gbrt:dm_only
2010-03,-0.004126653619814531,-0.005417605701430071,0.6454760408077695,gbrt:dm_only
2010-04,0.005352203548445613,0.003967977434773848,0.6921130568358825,gbrt:dm_only
2010-05,0.0024873678810179416,0.0010104624574081322,0.7384527118049047,gbrt:dm_only
2010-06,0.007585030848049767,0.006457535093570885,0.5637478772394406,gbrt:dm_only
2010-07,0.0005129159190888411,-0.0003714484866844932,0.44218220288666715,gbrt:dm_only
2010-08,-1.1025879591056922e-05,-0.0011785418213524717,0.5837579708807074,gbrt:dm_only
2010-09,0.0027737135791660256,0.0015490668364253417,0.6123233713703422,gbrt:dm_only
2010-10,0.006616471022511805,0.005560557133687358,0.5279569444122237,gbrt:dm_only
2010-11,0.004763153065908459,0.003749812454723465,0.5066703055924973,gbrt:dm_only
2010-12,0.009341850214037441,0.008248815793167389,0.546517210435025,gbrt:dm_only
2011-01,0.006210297922002888,0.005261723409194742,0.4742872564040732,gbrt:dm_only
2011-02,-0.001626966065063285,-0.0025850397537710065,0.47903684435386057,gbrt:dm_only
2011-03,-0.0009847236777322942,-0.0019836957714145925,0.499486046841149,gbrt:dm_only
2011-04,0.009176624754046191,0.008229322710338547,0.473651021853822,gbrt:dm_only
2011-05,0.004285293050740971,0.0035165203289225116,0.38438636090923,gbrt:dm_only
2011-06,0.002732800580712434,0.0019387641283942472,0.3970182261590931,gbrt:dm_only
2011-07,0.00690667336716552,0.006173022534129551,0.3668254165179847,gbrt:dm_only
2011-08,0.006903640236357741,0.006056334608365228,0.4236528139962565,gbrt:dm_only
2011-09,0.009939853597675671,0.009129800192431616,0.4050267026220272,gbrt:dm_only
2011-10,-0.004452283920981795,-0.005293858885284085,0.4207874821511454,gbrt:dm_only
2011-11,0.013093576681299906,0.011966094107528665,0.5637412868856208,gbrt:dm_only
2011-12,0.005426476755443276,0.004443250512020554,0.49161312171136146,gbrt:dm_only
2012-01,-0.01851768488777635,-0.019296791143046672,0.38955312763516176,gbrt:dm_only
2012-02,-0.0013848917024424732,-0.00244521708516332,0.5301626913604236,gbrt:dm_only
2012-03,0.00935151464551524,0.008259809837105609,0.5458524042048162,gbrt:dm_only
2012-04,0.010514506499610487,0.009599447238445994,0.4575296305822461,gbrt:dm_only
2012-05,0.004531751023839421,0.0035888751890194933,0.4714379174099642,gbrt:dm_only
2012-06,0.004912822517649337,0.004186519205740101,0.36315165595461785,gbrt:dm_only
2012-07,0.00745176683382409,0.006653521775405057,0.3991225292095167,gbrt:dm_only
2012-08,0.002797630375766148,0.0020333598792156874,0.3821352482752301,gbrt:dm_only
2012-09,-0.0023117972961309314,-0.003157449378309712,0.4228260410893901,gbrt:dm_only
2012-10,0.0020903391281943936,0.001174210767259629,0.4580641804673822,gbrt:dm_only
2012-11,0.0069983568907028715,0.006147992672633169,0.4251821090348516,gbrt:dm_only
2012-12,-0.0016351838220978155,-0.0024736217656980064,0.4192189718000954,gbrt:dm_only
2013-01,0.001868566909914659,0.0009889560419650172,0.43980543397482075,gbrt:dm_only
2013-02,0.004713332408488933,0.003775406472813251,0.46896296783784086,gbrt:dm_only
2013-03,0.008303964454431765,0.007464059601771302,0.4199524263302316,gbrt:dm_only
2013-04,0.010445713423130797,0.009674551522058313,0.3855809505362415,gbrt:dm_only
2013-05,0.0024880261405733637,0.0016950828817578313,0.39647162940776615,gbrt:dm_only
2013-06,0.002206705024012241,0.001244998133841727,0.4808534450852571,gbrt:dm_only
2013-07,0.009279982731452703,0.008209571025245643,0.5352058531035297,gbrt:dm_only
2013-08,0.0009168747288659985,-0.00010242320232532309,0.5096489655956608,gbrt:dm_only
2013-09,-0.008271230456393644,-0.009308333711656647,0.5185516276315014,gbrt:dm_only
2013-10,0.0008817257072467683,-0.00011180839939366502,0.49676705332021653,gbrt:dm_only
2013-11,0.0006073791611195122,-0.00023414877370301972,0.420763967411266,gbrt:dm_only
2013-12,0.002791943486819344,0.0020707629619025956,0.3605902624583741,gbrt:dm_only
2014-01,0.002429976648845825,0.0016959047320091209,0.36703595841835224,gbrt:dm_only
2014-02,0.006203608884307988,0.0053848255651682934,0.4093916595698477,gbrt:dm_only
2014-03,-0.00020763833323538347,-0.0009843130145822424,0.38833734067342934,gbrt:dm_only
2014-04,0.002278751122963064,0.0013072020056598807,0.48577455865159175,gbrt:dm_only
2014-05,0.00672352113767253,0.005683779042095244,0.5198710477886431,gbrt:dm_only
2014-06,0.0038698785846372637,0.0030114387285814694,0.42921992802789716,gbrt:dm_only
2014-07,-0.0004723871052805782,-0.001356621960566034,0.44211742764272777,gbrt:dm_only
2014-08,0.0007370227608001614,-0.00017526396664157195,0.4561433637208667,gbrt:dm_only
2014-09,-0.003614297725112427,-0.004446673624384002,0.41618794963578765,gbrt:dm_only
2014-10,0.004452201838387402,0.0036028601164398498,0.42467086097377654,gbrt:dm_only
2014-11,0.010558279573295767,0.00969694131511543,0.43066912909016825,gbrt:dm_only
2014-12,0.014187374513536043,0.013446150570586186,0.37061197147492675,gbrt:dm_only
2015-01,0.006494488964975411,0.0056322885713544065,0.431100196810502,gbrt:dm_only
2015-02,3.573009603960642e-05,-0.000918436783670315,0.4770834398549608,gbrt:dm_only
2015-03,0.0046790595209252215,0.003701925638562706,0.4885669411812575,gbrt:dm_only
2015-04,-0.009151822755116584,-0.010120138485522,0.4841578652027083,gbrt:dm_only
2015-05,0.001939396554189522,0.0007505655212118247,0.5944155164888486,gbrt:dm_only
2015-06,0.0036862750390000945,0.002541512373046617,0.5723813329767385,gbrt:dm_only
2015-07,0.01029712944861622,0.009474251178983654,0.4114391348162825,gbrt:dm_only
2015-08,0.007801672664366394,0.0069652468608558645,0.4182129017552649,gbrt:dm_only
2015-09,0.008510201437943917,0.007737564622614629,0.38631840766464376,gbrt:dm_only
2015-10,-0.003815656385990828,-0.0046260603861122615,0.4052020000607165,gbrt:dm_only
2015-11,0.006628675802148891,0.005600574355087361,0.514050723530765,gbrt:dm_only
2015-12,-0.00035164282934096157,-0.0013357802194372363,0.4920686950481373,gbrt:dm_only
2016-01,0.0017761403682257952,0.0007840415911021003,0.4960493885618474,gbrt:dm_only
2016-02,-0.003363967105057499,-0.004367870368886131,0.5019516319143159,gbrt:dm_only
2016-03,-0.008762640245510137,-0.009841096833670692,0.5392282940802775,gbrt:dm_only
2016-04,0.0023800581059828965,0.00119332793527096,0.5933650853559682,gbrt:dm_only
2016-05,0.0024843556362549365,0.0014505642668367774,0.5168956847090794,gbrt:dm_only
2016-06,-0.0003715580202955826,-0.0013224104722596203,0.47542622598201884,gbrt:dm_only
2016-07,0.0006682595040519343,-0.00019463357606829817,0.4314465400601162,gbrt:dm_only
2016-08,0.0048496932684785376,0.0039040573790800497,0.4728179446992443,gbrt:dm_only
2016-09,0.006012944093173694,0.0050688968863554385,0.47202360340912697,gbrt:dm_only
2016-10,0.0032823679234102103,0.002532733125453592,0.37481739897830885,gbrt:dm_only
2016-11,-0.002715955097616676,-0.0035730428122247595,0.4285438573040418,gbrt:dm_only
2016-12,0.0011458093129285516,6.658510325724658e-05,0.5396121048356526,gbrt:dm_only
2017-01,0.005393352693591924,0.004449312684020836,0.47202000478554407,gbrt:dm_only
2017-02,-0.00024121279570212244,-0.0011473370113263754,0.4530621078121265,gbrt:dm_only
2017-03,0.0002726477298318347,-0.0006145556304850886,0.4436016801584617,gbrt:dm_only
2017-04,-0.0003989506486167593,-0.001178870967819055,0.389960159601148,gbrt:dm_only
2017-05,0.002506354461614256,0.0017013303940393242,0.402512033787466,gbrt:dm_only
2017-06,0.0011071661793021863,0.0002499143546383178,0.4286259123319344,gbrt:dm_only
2017-07,0.003541493492297312,0.002747451224471142,0.3970211339130851,gbrt:dm_only
2017-08,0.0023919367799230522,0.001583340072388864,0.4042983537670941,gbrt:dm_only
2017-09,0.0026763224303991396,0.0019735511829472585,0.3513856237259405,gbrt:dm_only
2017-10,0.004014316902077052,0.003337867926012015,0.3382244880325187,gbrt:dm_only
2017-11,0.0018475062234453391,0.0009620947945999563,0.44270571442269135,gbrt:dm_only
2017-12,0.004341624920172615,0.003511084526461491,0.41527019685556155,gbrt:dm_only
2018-01,0.006343951113864788,0.005408416500447887,0.46776730670845046,gbrt:dm_only
2018-02,0.004251452036155994,0.00327098472751475,0.4902336543206222,gbrt:dm_only
2018-03,0.0039005126689738243,0.003101797676050851,0.39935749646148666,gbrt:dm_only
2018-04,0.002664576717546898,0.001785154274875468,0.43971122133571466,gbrt:dm_only
2018-05,0.0029543130751157765,0.001935095579928315,0.5096087475937305,gbrt:dm_only
2018-06,0.001807102708324633,0.0008861993198234316,0.4604516942506008,gbrt:dm_only
2018-07,0.003568968578758498,0.002701922218854262,0.4335231799521182,gbrt:dm_only
2018-08,0.004823313099571047,0.003943150245978434,0.440081426796306,gbrt:dm_only
2018-09,0.013158108851228967,0.012398564975331745,0.37977193794861025,gbrt:dm_only
2018-10,0.0010579049204080067,0.00019180348722617577,0.43305071659091554,gbrt:dm_only
2018-11,-0.0002948754370157689,-0.0012094873179633473,0.457305940473789,gbrt:dm_only
2018-12,0.00797093344305321,0.006902364707028295,0.5342843680124569,gbrt:dm_only
2019-01,0.00041651603627529003,-0.0004723968103696802,0.4444564233224849,gbrt:dm_only
2019-02,-0.006112805099223361,-0.007183194479202615,0.5351946899896265,gbrt:dm_only
2019-03,0.004282342653613433,0.0032109030672431605,0.5357197931851364,gbrt:dm_only
2019-04,0.0012652375250350454,0.00037016944335195264,0.44753404084154624,gbrt:dm_only
2019-05,-0.000826412476315092,-0.0017292652637679211,0.45142639372641435,gbrt:dm_only
2019-06,0.0025600465176323912,0.0015256551380857116,0.5171956897733397,gbrt:dm_only
2019-07,0.006227346644603691,0.005333400530758332,0.4469730569226799,gbrt:dm_only
2019-08,0.0029683186777831718,0.002134100193134356,0.41710924232440794,gbrt:dm_only
2019-09,-0.002496497631411542,-0.0033050822732964237,0.404292320942441,gbrt:dm_only
2019-10,0.003178623197580786,0.002288684538221179,0.4449693296798036,gbrt:dm_only
2019-11,0.0015126430585629125,0.0006225498262153891,0.4450466161737616,gbrt:dm_only
2019-12,0.008135960944806652,0.007213614691160197,0.461173126823228,gbrt:dm_only
2020-01,0.006761595052946148,0.005978589050325589,0.3915030013102797,gbrt:dm_only
2020-02,0.007203075399175807,0.006388944859798045,0.4070652696888812,gbrt:dm_only
2020-03,0.014876433790219312,0.014097111287520569,0.3896612513493713,gbrt:dm_only
2020-04,-0.020708610207093848,-0.02197459922355272,0.6329945082294367,gbrt:dm_only
2020-05,-0.0018070176012730148,-0.0033487487379926075,0.7708655683597964,gbrt:dm_only
2020-06,-0.004215775844943232,-0.005446999672433083,0.6156119137449257,gbrt:dm_only
2020-07,0.004492824914387842,0.0033300793232159966,0.5813727955859225,gbrt:dm_only
2020-08,-0.0025010238234998224,-0.003619624329779163,0.5593002531396701,gbrt:dm_only
2020-09,-0.004203605287169226,-0.005343533977225231,0.569964345028003,gbrt:dm_only
2020-10,0.0007640698224107337,-0.0004586661286038868,0.6113679755073103,gbrt:dm_only
2020-11,-0.016643565567992506,-0.01769751332074502,0.5269738763762574,gbrt:dm_only
2020-12,0.011281198303883324,0.009590310531219668,0.8454438863318277,gbrt:dm_only
2021-01,0.0029736097344575806,0.0014426155828162217,0.7654970758206794,gbrt:dm_only
2021-02,0.00448207746455412,0.003209193336689484,0.6364420639323184,gbrt:dm_only
2021-03,0.007161460119662688,0.0058164704215644064,0.6724948490491411,gbrt:dm_only
2021-04,0.009818874685487046,0.008537729776738383,0.6405724543743312,gbrt:dm_only
2021-05,0.004713653557593609,0.0034762302412303784,0.6187116581816151,gbrt:dm_only
2021-06,-0.003597558189048639,-0.004737316198840506,0.5698790048959331,gbrt:dm_only
2021-07,-0.00019953496437096591,-0.001319697601694782,0.5600813186619081,gbrt:dm_only
2021-08,-0.0002838398687752035,-0.0012964008828724963,0.5062805070486462,gbrt:dm_only
2021-09,0.005044293059558829,0.003854908489353964,0.5946922851024331,gbrt:dm_only
2021-10,0.003083236031986901,0.0019645739149942343,0.5593310584963335,gbrt:dm_only
2021-11,0.004056535638142056,0.003053150917135289,0.5016923605033834,gbrt:dm_only
2021-12,0.009804543312210099,0.008525351452168763,0.6395959300206677,gbrt:dm_only
2022-01,0.010663808152909664,0.009739575972822394,0.46211609004363474,gbrt:dm_only
2022-02,0.007581818064191221,0.0067314490403493354,0.4251845119209428,gbrt:dm_only
2022-03,0.00954595196047348,0.008469224221183238,0.5383638696451207,gbrt:dm_only
2022-04,0.009366377557847246,0.008419128717585645,0.4736244201308006,gbrt:dm_only
2022-05,0.006607307527879683,0.005710369897441756,0.4484688152189633,gbrt:dm_only
2022-06,0.0004707141604047749,-0.0005366743398720077,0.5036942501383911,gbrt:dm_only
2022-07,-0.006107908345958039,-0.00712710439559401,0.5095980248179856,gbrt:dm_only
2022-08,0.002254199623719095,0.001297456473938108,0.47837157489049353,gbrt:dm_only
2022-09,0.004284194188574658,0.0032921320090992415,0.4960310897377083,gbrt:dm_only
2022-10,0.0077132321170441664,0.006739485470722698,0.48687332316073456,gbrt:dm_only
2022-11,-0.011310862740951931,-0.012329914977021945,0.5095261180350069,gbrt:dm_only
2022-12,0.0029469217471830384,0.0016686248478795852,0.6391484496517266,gbrt:dm_only
2023-01,0.003274307386137776,0.002099898993183816,0.5872041964769804,gbrt:dm_only
2023-02,0.005971325907982958,0.0049059857182448645,0.5326700948690468,gbrt:dm_only
2023-03,0.0017121784481102657,0.0008312311858450516,0.4404736311326067,gbrt:dm_only
2023-04,-0.0023200460409825443,-0.003294402237828416,0.487178098422936,gbrt:dm_only
2023-05,-0.0016882194071491865,-0.002650863140010173,0.4813218664304932,gbrt:dm_only
2023-06,0.0034263751804705822,0.002397415104297729,0.5144800380864264,gbrt:dm_only
2023-07,0.001497601075884332,0.0005106008315227491,0.49350012218079153,gbrt:dm_only
2023-08,-0.0001440666081667898,-0.001084340045816767,0.47013671882498864,gbrt:dm_only
2023-09,0.011001680740233387,0.010022413865304093,0.48963343746464577,gbrt:dm_only
2023-10,0.007279551232939052,0.0064679012240306645,0.4058250044541939,gbrt:dm_only
2023-11,-0.008338781210622228,-0.009238973898902512,0.45009634414014205,gbrt:dm_only
2023-12,0.003293022703296164,0.002259638986911643,0.5166918581922606,gbrt:dm_only
2024-01,0.010399230241705292,0.00943533713142593,0.48194655513968115,gbrt:dm_only
2024-02,0.00016037313748838426,-0.0007843917750588708,0.47238245627362746,gbrt:dm_only
2024-03,0.004368821445581824,0.0033686768260524896,0.5000723097646672,gbrt:dm_only
2024-04,-0.003850085940079351,-0.004753167700797023,0.4515408803588359,gbrt:dm_only
2024-05,0.0006808509742279665,-0.00019464054184535967,0.4377457580366635,gbrt:dm_only
2024-06,0.001134256308829969,0.00030236865414987724,0.4159438273400461,gbrt:dm_only
2024-07,-0.0015956123797936394,-0.0024373594658392683,0.4208735430228145,gbrt:dm_only
2024-08,0.0022482475994496584,0.001416513322821174,0.4158671383142422,gbrt:dm_only
2024-09,-0.0023743414858406653,-0.0031657828198386915,0.39572066699901304,gbrt:dm_only
2024-10,0.005945711210935667,0.005040807826863298,0.4524516920361839,gbrt:dm_only
2024-11,0.012548182447322842,0.011732327704249689,0.4079273715365774,gbrt:dm_only
2024-12,0.0024617963225180835,0.0016800787364089692,0.3908587930545572,gbrt:dm_only
2025-01,0.0020581040933573018,0.0012094218460774438,0.4243411236399288,gbrt:dm_only
2025-02,0.002463059710858846,0.0016780034375192315,0.39252813666980724,gbrt:dm_only
2025-03,0.005649595732640712,0.004835786954228612,0.4069043892060501,gbrt:dm_only
2025-04,-0.0027254073779357187,-0.00341074959317179,0.34267110761803615,gbrt:dm_only
2025-05,8.337989831579476e-05,-0.000764954939365722,0.4241674188407585,gbrt:dm_only
2025-06,0.000300673663370318,-0.00042316848438147864,0.3619210738758984,gbrt:dm_only
2025-07,0.00011340629209924315,-0.0005534255791633117,0.3334159356312773,gbrt:dm_only
2025-08,0.002579844976293189,0.0017202252183112748,0.4298098789909572,gbrt:dm_only
2025-09,0.007374175024296206,0.006531978042378497,0.421098490958854,gbrt:dm_only
2025-10,0.014064114286831979,0.013218292459006365,0.42291091391280666,gbrt:dm_only
2025-11,-0.00028915423464505113,-0.0012240313371453652,0.4674385512501569,gbrt:dm_only
2025-12,0.012765719240011582,0.011885295050367456,0.4402120948220633,gbrt:dm_only
2000-01,0.002514826026486462,0.002514826026486462,0.0,gbrt:own
2000-02,0.005285916430932144,0.003469686232642222,0.9081150991449609,gbrt:own
2000-03,-0.008225679472943528,-0.009974910396884935,0.8746154619707033,gbrt:own
2000-04,-0.0075214503803556,-0.009255146153497467,0.8668478865709333,gbrt:own
2000-05,0.002974995247777991,0.0013547820550733657,0.8101065963523126,gbrt:own
2000-06,-0.007716237331956348,-0.009317065482879286,0.8004140754614698,gbrt:own
2000-07,0.0010995240714190627,-0.0006541463499612219,0.8768352106901425,gbrt:own
2000-08,0.001448047656843939,-3.081033864272631e-05,0.7394289977433328,gbrt:own
2000-09,0.003757914778159981,0.0022193822052175368,0.7692662864712225,gbrt:own
2000-10,0.0003802983683797276,-0.0011968208432829152,0.7885596058313211,gbrt:own
2000-11,0.0002926631065437147,-0.001323271394154064,0.8079672503488896,gbrt:own
2000-12,-0.004590843488553074,-0.006422302780012171,0.9157296457295478,gbrt:own
2001-01,-0.010718619207949774,-0.012657700060099074,0.9695404260746496,gbrt:own
2001-02,0.008526661119036036,0.006842054334292698,0.8423033923716698,gbrt:own
2001-03,0.0037413298740513502,0.0017230096037483301,1.0091601351515098,gbrt:own
2001-04,-0.0004827995462682908,-0.0020411675458600937,0.7791839997959016,gbrt:own
2001-05,0.013574206319804338,0.011737793214834664,0.9182065524848364,gbrt:own
2001-06,0.0060980482379550125,0.004388701368918098,0.8546734345184575,gbrt:own
2001-07,0.008223273044353729,0.006403619682961257,0.9098266806962357,gbrt:own
2001-08,-0.007409736497429475,-0.00910378197629943,0.8470227394349774,gbrt:own
2001-09,0.0019159492809328626,0.00023039476708065128,0.8427772569261054,gbrt:own
2001-10,-0.0041747467903508065,-0.0060521414208760714,0.9386973152626324,gbrt:own
2001-11,0.005868869589667887,0.004058714324777213,0.9050776324453372,gbrt:own
2001-12,0.012224465956304387,0.010527635325630464,0.8484153153369609,gbrt:own
2002-01,-0.005892560408729664,-0.007291525887586172,0.6994827394282538,gbrt:own
2002-02,0.004746697971324372,0.0034728579791169154,0.6369199961037283,gbrt:own
2002-03,0.003580974716680189,0.002271567871287784,0.6547034226962025,gbrt:own
2002-04,0.0003284866915108209,-0.000988505991407322,0.6584963414590718,gbrt:own
2002-05,0.0014926318103055274,7.979031984296584e-05,0.7064207452312807,gbrt:own
2002-06,-0.0031172724564878227,-0.004269342263984264,0.5760349037482208,gbrt:own
2002-07,-0.003654564837761575,-0.004813267073309673,0.579351117774049,gbrt:own
2002-08,0.0066641919219856596,0.0054484977965748955,0.6078470627053822,gbrt:own
2002-09,0.007052410647831821,0.006035821661331525,0.5082944932501477,gbrt:own
2002-10,0.0069871274203653745,0.0060967077768639185,0.44520982175072743,gbrt:own
2002-11,0.003232742632377887,0.0022170619286737913,0.507840351852048,gbrt:own
2002-12,0.004322719667465698,0.003428262198412405,0.4472287345266468,gbrt:own
2003-01,0.002834721589809492,0.001825165663449008,0.5047779631802422,gbrt:own
2003-02,0.0018876338158183349,0.0010315279805368034,0.4280529176407656,gbrt:own
2003-03,0.011057217840979858,0.010279363408833005,0.38892721607342706,gbrt:own
2003-04,-0.006017892790267267,-0.00676169140439295,0.3718993070628417,gbrt:own
2003-05,0.005333215695572102,0.004363555091403249,0.4848303020844272,gbrt:own
2003-06,0.004479179326616454,0.003672054360403111,0.403562483106671,gbrt:own
2003-07,0.007723267042192962,0.006969041586121418,0.37711272803577145,gbrt:own
2003-08,0.006176329635404199,0.005504499340026532,0.3359151476888342,gbrt:own
2003-09,0.0003328871041944145,-0.0005258793788300305,0.42938324151222246,gbrt:own
2003-10,0.010498727551371314,0.009749623672480568,0.3745519394453729,gbrt:own
2003-11,0.0037214810323037517,0.0030625173727553486,0.32948182977420154,gbrt:own
2003-12,0.0033571698987565632,0.0026454982152120145,0.35583584177227456,gbrt:own
2004-01,-0.005457715969438379,-0.006232600806923471,0.3874424187425463,gbrt:own
2004-02,0.0019041304847328485,0.000902376115009571,0.5008771848616386,gbrt:own
2004-03,0.0031438758764727754,0.002249006081907107,0.44743489728283414,gbrt:own
2004-04,0.00042445818539963483,-0.00026581448104395517,0.34513633322179493,gbrt:own
2004-05,-0.0024078965427489873,-0.00331475651690653,0.4534299870787714,gbrt:own
2004-06,0.00345003891387789,0.002558215724699521,0.4459115945891848,gbrt:own
2004-07,0.004292730753037696,0.0035089001423227995,0.3919153053574486,gbrt:own
2004-08,0.005892112959290757,0.005146966109885079,0.37257342470283894,gbrt:own
2004-09,0.0036168292148324056,0.0028915539398394843,0.36263763749646083,gbrt:own
2004-10,0.008597366845319117,0.007884689289804226,0.3563387777574458,gbrt:own
2004-11,0.0057322780596711165,0.004985651789172864,0.3733131352491266,gbrt:own
2004-12,0.007511205136774835,0.006584889124938053,0.46315800591839146,gbrt:own
2005-01,0.00017589821363434856,-0.0008351308629268857,0.5055145382806171,gbrt:own
2005-02,0.013768477308243335,0.012908646470349804,0.4299154189467657,gbrt:own
2005-03,0.00792733602381288,0.007127452468479425,0.39994177766672767,gbrt:own
2005-04,0.0077733416971527865,0.0070228830009751156,0.3752293480888353,gbrt:own
2005-05,-0.010938037197878538,-0.011635330388656202,0.3486465953888321,gbrt:own
2005-06,0.0021938849632770017,0.001386174551810297,0.4038552057333523,gbrt:own
2005-07,0.010958232148565065,0.010184378343037342,0.38692690276386177,gbrt:own
2005-08,0.0019659218492894593,0.0013437002680560344,0.31111079061671254,gbrt:own
2005-09,0.0005401151077837557,-0.00021841820544940625,0.379266656616581,gbrt:own
2005-10,-0.0012932551737697476,-0.0019413207641652292,0.3240327951977407,gbrt:own
2005-11,-0.0007842577576775663,-0.0013951768508813792,0.3054595466019062,gbrt:own
2005-12,-0.0024252353869375757,-0.0031417783398990633,0.35827147648074387,gbrt:own
2006-01,-0.0013558927884491998,-0.0021190330642737515,0.38157013791227595,gbrt:own
2006-02,-0.010161683587005485,-0.011253323490412019,0.5458199517032658,gbrt:own
2006-03,-0.004195568416744446,-0.0050579565944259735,0.43119408884076416,gbrt:own
2006-04,0.005244870452692311,0.004220871585378661,0.5119994336568254,gbrt:own
2006-05,7.317380562504051e-05,-0.0010041312015002146,0.5386525035626277,gbrt:own
2006-06,0.012398472940361834,0.011516873736909808,0.44079960172601246,gbrt:own
2006-07,-0.000119649118478511,-0.001017153252982016,0.4487520672517526,gbrt:own
2006-08,0.0023991714118857927,0.00138165173835524,0.5087598367652764,gbrt:own
2006-09,-0.001182513169369603,-0.0021750970565430827,0.4962919435867399,gbrt:own
2006-10,-0.004008169242387419,-0.004821785849241949,0.4068083034272647,gbrt:own
2006-11,0.00865627640810372,0.007850292172753043,0.40299211767533827,gbrt:own
2006-12,0.0009246981802385906,7.532297564218589e-05,0.42468760229820224,gbrt:own
2007-01,0.0067539357375033995,0.0058343801307883395,0.45977780335752966,gbrt:own
2007-02,0.00028398207304457154,-0.0006385633686667695,0.46127272085567045,gbrt:own
2007-03,0.00900247846277935,0.008138666277421424,0.4319060926789632,gbrt:own
2007-04,0.0020292984058133913,0.0010607789473857296,0.4842597292138307,gbrt:own
2007-05,0.0006930093082329863,-0.00028150567565999484,0.48725749194649043,gbrt:own
2007-06,0.0020601712305265978,0.001107682430171377,0.47624440017761027,gbrt:own
2007-07,-0.0005541213564428842,-0.0015591889452292143,0.5025337943931649,gbrt:own
2007-08,0.0012670103524760872,0.00034320975883103433,0.4619002968225265,gbrt:own
2007-09,-0.0008509097893444122,-0.0017851652030978751,0.46712770687673144,gbrt:own
2007-10,0.008773380722211534,0.007863544371382395,0.4549181754145695,gbrt:own
2007-11,0.001884570342959034,0.0009472861360408924,0.46864210345907076,gbrt:own
2007-12,0.003799396091579006,0.002914166580331507,0.4426147556237495,gbrt:own
2008-01,0.0013612736657884084,0.0004668931512711372,0.4471902572586358,gbrt:own
2008-02,0.004099677547702597,0.003235589070342999,0.4320442386797994,gbrt:own
2008-03,0.00039434986135612114,-0.00040532020129611257,0.3998350313261168,gbrt:own
2008-04,0.004450000515248446,0.0034984981637085494,0.4757511757699485,gbrt:own
2008-05,-0.0012880880171130598,-0.002346123804288323,0.5290178935876314,gbrt:own
2008-06,0.006525342693938316,0.005539173820858823,0.49308443653974604,gbrt:own
2008-07,-0.0023919306442499386,-0.0032604262258234605,0.43424779078676073,gbrt:own
2008-08,0.005710682055934069,0.004490431851033403,0.610125102450333,gbrt:own
2008-09,0.007743242966442359,0.006728512212775901,0.5073653768332291,gbrt:own
2008-10,0.02444621803292798,0.023432571590164642,0.5068232213816679,gbrt:own
2008-11,0.016169357139912206,0.014967801996974884,0.6007775714686613,gbrt:own
2008-12,0.0038811154716884705,0.002385641992735377,0.7477367394765466,gbrt:own
2009-01,-0.006269151188813182,-0.007912908368992484,0.8218785900896513,gbrt:own
2009-02,0.006456023103289971,0.004868026312178834,0.7939983955555685,gbrt:own
2009-03,-0.0011216354813476258,-0.002399999849457521,0.6391821840549479,gbrt:own
2009-04,-0.007180690894662126,-0.008592563914345956,0.7059365098419145,gbrt:own
2009-05,0.0013669189523892776,-0.00021311618289677334,0.7900175676430258,gbrt:own
2009-06,0.00113531108454564,-0.00037455199270904814,0.7549315386273441,gbrt:own
2009-07,-0.0002743298402788299,-0.0016562059528169638,0.6909380562690669,gbrt:own
2009-08,0.001741022978073204,0.0005172770722968282,0.611872952888188,gbrt:own
2009-09,0.002385161261765518,0.0013925114425419381,0.4963249096117898,gbrt:own
2009-10,0.004267468454526334,0.003266853942542436,0.5003072559919489,gbrt:own
2009-11,0.004116381470505527,0.0030981443643544504,0.5091185530755385,gbrt:own
2009-12,-0.00032555902599419974,-0.0013038704812630376,0.48915572763441895,gbrt:own
2010-01,-0.0023322880558466442,-0.003429932674717808,0.5488223094355819,gbrt:own
2010-02,0.0018773109755484867,0.0008954095211788751,0.4909507271848058,gbrt:own
2010-03,0.00015544813879671027,-0.000937635118023896,0.5465416284103032,gbrt:own
2010-04,0.0057376494842686365,0.004583422684352597,0.5771133999580196,gbrt:own
2010-05,0.003751245982583004,0.0025698465981990105,0.5906996921919966,gbrt:own
2010-06,0.0066201075105106946,0.005672615518563952,0.4737459959733709,gbrt:own
2010-07,0.0024412753459788824,0.0016225169631064137,0.4093791914362343,gbrt:own
2010-08,0.0008929688776613726,-7.54246698257102e-05,0.4841967737435415,gbrt:own
2010-09,-0.0022954432175148008,-0.0033483697726317207,0.5264632775584596,gbrt:own
2010-10,0.005947131897992952,0.004929336089713775,0.5088979041395887,gbrt:own
2010-11,0.005144959668991487,0.004234825585563691,0.45506704171389833,gbrt:own
2010-12,0.006988261347719542,0.005987582858134124,0.5003392447927095,gbrt:own
2011-01,0.0063590876836660155,0.0054377512796325795,0.46066820201671776,gbrt:own
2011-02,0.0005856399500088092,-0.0002732632738609223,0.42945161193486553,gbrt:own
2011-03,0.002573622929943129,0.0017546539936133866,0.40948446816487083,gbrt:own
2011-04,0.006118662659442072,0.005267431018443274,0.42561582049939883,gbrt:own
2011-05,0.003083326563502186,0.0023388004307967063,0.37226306635273987,gbrt:own
2011-06,0.0043136453741159115,0.003568758647899985,0.37244336310796317,gbrt:own
2011-07,0.004815415878578936,0.004048221548584052,0.38359716499744223,gbrt:own
2011-08,0.006702507080683365,0.005846161380277871,0.4281728502027472,gbrt:own
2011-09,0.004070861803145736,0.0032858577988483318,0.39250200214870196,gbrt:own
2011-10,-0.00827713566369821,-0.009210684176315724,0.46677425630875713,gbrt:own
2011-11,0.009277987960568125,0.008219541994903773,0.5292229828321757,gbrt:own
2011-12,0.0003756705083378735,-0.0006200081224818231,0.4978393154098484,gbrt:own
2012-01,-0.01620870955086799,-0.017050877223716114,0.4210838364240629,gbrt:own
2012-02,-0.0008818008015167471,-0.0018459784660486704,0.4820888322659615,gbrt:own
2012-03,0.006498824452177751,0.005615036916234173,0.44189376797178925,gbrt:own
2012-04,0.005616453856762059,0.004815423393085811,0.40051523183812415,gbrt:own
2012-05,-0.0008571554585498037,-0.0016093042731417937,0.3760744072959952,gbrt:own
2012-06,0.005758519631563539,0.005079795632390398,0.33936199958657004,gbrt:own
2012-07,0.006546192434634325,0.005831433914230757,0.3573792602017845,gbrt:own
2012-08,0.0037083465708072044,0.0029792800449883684,0.36453326290941823,gbrt:own
2012-09,-0.0017648087865945437,-0.002481317782807838,0.35825449810664683,gbrt:own
2012-10,0.0018982976397293953,0.0011447844135147305,0.37675661310733244,gbrt:own
2012-11,0.007705685968197159,0.006988687494219217,0.35849923698897157,gbrt:own
2012-12,-0.001402508221988585,-0.0020839662252976946,0.3407290016545547,gbrt:own
2013-01,0.0029840559097075547,0.0021696944489203755,0.40718073039358976,gbrt:own
2013-02,0.004555239914522785,0.0037234283039107316,0.415905805306027,gbrt:own
2013-03,0.007875572796606231,0.007122222201535048,0.3766752975355918,gbrt:own
2013-04,0.009161037434108657,0.008534975735823552,0.31303084914255336,gbrt:own
2013-05,0.0014421966765438856,0.0007276301520363053,0.3572832622537901,gbrt:own
2013-06,0.0013997354293985211,0.0005680691118632642,0.4158331587676284,gbrt:own
2013-07,0.004849797063663789,0.00402707455955593,0.41136125205392915,gbrt:own
2013-08,0.006026504792734421,0.005198319308168637,0.4140927422828915,gbrt:own
2013-09,-0.0036898824107536063,-0.0045273820645643365,0.41874982690536505,gbrt:own
2013-10,-0.00034004836293875687,-0.0011931251324743826,0.4265383847678127,gbrt:own
2013-11,-0.00033848239130275775,-0.0011423685837310548,0.4019430962141486,gbrt:own
2013-12,0.00388399445152247,0.003205130540125413,0.3394319556985286,gbrt:own
2014-01,0.0021224043728993547,0.0014578097833487758,0.33229729477528913,gbrt:own
2014-02,0.00493382838209736,0.004240227558729519,0.3468004116839205,gbrt:own
2014-03,-0.0017014624064524862,-0.0023413528302904693,0.3199452119189917,gbrt:own
2014-04,-0.00019770141818757525,-0.0009751773308857108,0.38873795634906794,gbrt:own
2014-05,0.004625268202463866,0.003843040188973426,0.39111400674521984,gbrt:own
2014-06,0.0035894760320139803,0.002857641255523921,0.3659173882450297,gbrt:own
2014-07,0.0017844441977470378,0.0010310193246933631,0.3767124365268373,gbrt:own
2014-08,0.000600932698915074,-0.0001257724852922878,0.36335259210368104,gbrt:own
2014-09,-0.003264345691024104,-0.003965769382376819,0.3507118456763576,gbrt:own
2014-10,0.00448262378949905,0.0037643284445443357,0.3591476724773571,gbrt:own
2014-11,0.009108876914875757,0.00842781189496062,0.34053250995756756,gbrt:own
2014-12,0.012536469243252609,0.011901167397396818,0.31765092292789626,gbrt:own
2015-01,0.007246981816039421,0.006587046651032006,0.3299675825037072,gbrt:own
2015-02,0.0033834775370697287,0.002559497309244235,0.41199011391274704,gbrt:own
2015-03,0.004756452328490731,0.003964468881112671,0.39599172368903,gbrt:own
2015-04,-0.009588688051403196,-0.010369194750984386,0.3902533497905955,gbrt:own
2015-05,-0.0012906117997250775,-0.0022824566433105,0.4959224217927108,gbrt:own
2015-06,0.008389379995471962,0.0075067862673868025,0.44129686404258006,gbrt:own
2015-07,0.010371018974700769,0.009779373256401816,0.2958228591494759,gbrt:own
2015-08,0.0078110326071427535,0.007193317360825237,0.30885762315875853,gbrt:own
2015-09,0.008161197952622077,0.007544089431384402,0.3085542606188378,gbrt:own
2015-10,-0.0037293277797289213,-0.0043513481577479194,0.31101018900949867,gbrt:own
2015-11,0.006047134501963859,0.005224205098926062,0.41146470151889847,gbrt:own
2015-12,9.395535121663453e-05,-0.0007156059619185061,0.4047806565675705,gbrt:own
2016-01,0.0013526634073018286,0.0005378410620138789,0.4074111726439748,gbrt:own
2016-02,-0.0029677283852294883,-0.0038680295141368315,0.45015056445367174,gbrt:own
2016-03,-0.011669322371519967,-0.0125713541158223,0.45101587215116645,gbrt:own
2016-04,0.002509201254786028,0.0015846986593322464,0.4622512977268908,gbrt:own
2016-05,0.003751827818569681,0.002960941977089847,0.395442920739917,gbrt:own
2016-06,0.0005918451141959721,-0.00015060001127300675,0.37122256273448934,gbrt:own
2016-07,0.00190984277626697,0.001175939196051118,0.366951790107926,gbrt:own
2016-08,0.005559023233301591,0.004769487744989512,0.39476774415603927,gbrt:own
2016-09,0.004882995388611524,0.004075850456189944,0.4035724662107899,gbrt:own
2016-10,0.0031059745820940007,0.0024323438156789857,0.3368153832075074,gbrt:own
2016-11,-0.003386690692736666,-0.00416116486092527,0.3872370840943017,gbrt:own
2016-12,0.0013384204611652012,0.0004920390505420207,0.42319070531159036,gbrt:own
2017-01,0.007917282327034574,0.007166565177113771,0.37535857496040104,gbrt:own
2017-02,-0.0016512850432044781,-0.0023387093966844704,0.34371217673999643,gbrt:own
2017-03,0.0036550501547464183,0.0030204693658888787,0.31729039442876983,gbrt:own
2017-04,0.001499413110501717,0.0008759499832607657,0.3117315636204754,gbrt:own
2017-05,0.002980269591656827,0.002311196180176708,0.33453670574005934,gbrt:own
2017-06,3.825101465156553e-05,-0.0006628853560826192,0.35056818536709244,gbrt:own
2017-07,0.004509120800865231,0.0038687360400421274,0.3201923804115518,gbrt:own
2017-08,0.0019366140680360559,0.0013073413946262582,0.31463633670489877,gbrt:own
2017-09,0.002750996830479193,0.0021478316037757674,0.30158261335171277,gbrt:own
2017-10,0.004440493024364274,0.0038697166947973577,0.2853881647834578,gbrt:own
2017-11,0.0016270372726965836,0.0009216447518004803,0.35269626044805175,gbrt:own
2017-12,0.0030795331754909583,0.0024014842091049024,0.3390244831930281,gbrt:own
2018-01,0.005852988230379854,0.005162579208025193,0.3452045111773307,gbrt:own
2018-02,0.004118371095380915,0.003410980332110404,0.3536953816352556,gbrt:own
2018-03,0.0030247715248612893,0.0023656077905890864,0.3295818671361019,gbrt:own
2018-04,0.0012370460025627485,0.0005216675265450407,0.3576892380088538,gbrt:own
2018-05,0.005083679010032111,0.004302595269259665,0.3905418703862231,gbrt:own
2018-06,0.0015111057896153317,0.0007590629592789385,0.3760214151681966,gbrt:own
2018-07,0.004710388452541806,0.004017031117986057,0.3466786672778746,gbrt:own
2018-08,0.007259793311052099,0.006563026643125089,0.34838333396350424,gbrt:own
2018-09,0.007235121310791067,0.0065762585570055924,0.3294313768927371,gbrt:own
2018-10,0.0005117488374493167,-0.00015972882565911092,0.33573883155421425,gbrt:own
2018-11,-0.004293083683392437,-0.005075774766379045,0.3913455414933043,gbrt:own
2018-12,-0.0007332855155376176,-0.0015071462353909014,0.386930359926642,gbrt:own
2019-01,0.0022577501621864056,0.0015175921950776514,0.37007898355437713,gbrt:own
2019-02,-0.005275560837410613,-0.006068568287194307,0.3965037248918474,gbrt:own
2019-03,0.0030617495068764673,0.0023108416411665635,0.375453932854952,gbrt:own
2019-04,0.003384274945999618,0.0027213822251463083,0.3314463604266547,gbrt:own
2019-05,0.0013650862955030462,0.000721292951399528,0.32189667205175926,gbrt:own
2019-06,0.003785421402541733,0.003098088964951905,0.343666218794914,gbrt:own
2019-07,0.006748243076851737,0.0061852890176899026,0.2814770295809169,gbrt:own
2019-08,0.0028402163641615863,0.0022612303905909857,0.2894929867853003,gbrt:own
2019-09,-0.0006332328723651662,-0.0012402887091183855,0.3035279183766097,gbrt:own
2019-10,0.0015824691984420373,0.0009594206112462651,0.3115242935978859,gbrt:own
2019-11,0.001516553047011504,0.0009029438848014416,0.3068045811050311,gbrt:own
2019-12,0.006303057478138654,0.005619244607509199,0.34190643531472753,gbrt:own
2020-01,0.004249551509542981,0.0036176787431493867,0.315936383196797,gbrt:own
2020-02,0.007513288203357416,0.00685195411770187,0.3306670428277727,gbrt:own
2020-03,0.011315490678854815,0.010741869526458872,0.2868105761979712,gbrt:own
2020-04,-0.009366641835545959,-0.01032889663178479,0.4811273981194147,gbrt:own
2020-05,-0.0025094201404610183,-0.0035316605686072002,0.5111202140730909,gbrt:own
2020-06,-0.001532375385829239,-0.002440937957767011,0.4542812859688855,gbrt:own
2020-07,0.0024475192255272353,0.0016100126972498534,0.41875326413869113,gbrt:own
2020-08,-0.0031965540423217103,-0.0040392190712413715,0.42133251445983044,gbrt:own
2020-09,0.000944010920494417,3.902006942044849e-05,0.4524954255369842,gbrt:own
2020-10,0.00229330283409936,0.0013736975214613853,0.4598026563189876,gbrt:own
2020-11,-0.018872860791943804,-0.01963021749767125,0.3786783528637226,gbrt:own
2020-12,0.00650915216904294,0.0053841002299545105,0.5625259695442152,gbrt:own
2021-01,0.006275727461250468,0.005190359501763255,0.5426839797436068,gbrt:own
2021-02,0.0010799482681995906,0.0002581154576446851,0.4109164052774526,gbrt:own
2021-03,0.001833483508062607,0.0009552840541093744,0.4390997269766162,gbrt:own
2021-04,1.3095753939270921e-05,-0.0009560254146279469,0.48456058428360876,gbrt:own
2021-05,0.005916938110287499,0.00505971979992937,0.42860915517906445,gbrt:own
2021-06,-0.0059466524481700785,-0.006713945477960024,0.38364651489497253,gbrt:own
2021-07,0.0014102769590107291,0.0006486870694992606,0.38079494475573417,gbrt:own
2021-08,0.00086516638474191,1.9752826235667727e-06,0.4315955510591714,gbrt:own
2021-09,0.005565979757959636,0.0046638795914128615,0.45105008327338697,gbrt:own
2021-10,0.0014936673012426497,0.0005385509122362988,0.47755819450317516,gbrt:own
2021-11,0.006205596780186578,0.005331240748016186,0.4371780160851961,gbrt:own
2021-12,0.011034710248888142,0.009907964241725365,0.5633730035813893,gbrt:own
2022-01,0.010482603110612986,0.00965357032210555,0.4145163942537181,gbrt:own
2022-02,0.010360592781337578,0.009516537009794391,0.42202788577159306,gbrt:own
2022-03,0.00932594520244253,0.008311569355560709,0.5071879234409101,gbrt:own
2022-04,0.00977767842328532,0.008871625684060592,0.45302636961236364,gbrt:own
2022-05,0.006579861526146784,0.005740214799134085,0.41982336350634947,gbrt:own
2022-06,-0.0007380503157807871,-0.0016682775264396787,0.46511360532944546,gbrt:own
2022-07,-0.004870416486837485,-0.005828356868389086,0.4789701907758003,gbrt:own
2022-08,-0.002340310517822875,-0.0032512078286144833,0.4554486553958039,gbrt:own
2022-09,0.0045559484947672825,0.003652120932038464,0.45191378136440935,gbrt:own
2022-10,0.004704691304801689,0.003823103693695877,0.4407938055529057,gbrt:own
2022-11,-0.004102728899061442,-0.00503724154576792,0.46725632335323836,gbrt:own
2022-12,0.005711480622950352,0.004715149535640246,0.49816554365505233,gbrt:own
2023-01,0.0019136310822463426,0.0009552923187793852,0.4791693817334785,gbrt:own
2023-02,0.0018429800865425617,0.0009133946973492375,0.4647926945966621,gbrt:own
2023-03,0.004503475632950351,0.0036758194737418967,0.41382807960422663,gbrt:own
2023-04,-0.0031250721038709444,-0.00392556646887702,0.40024718250303787,gbrt:own
2023-05,-0.001504436508491694,-0.0023210456575134737,0.4083045745108898,gbrt:own
2023-06,0.0037836756017874907,0.002967319606241394,0.4081779977730485,gbrt:own
2023-07,0.0008052975674549479,-6.372629619570104e-05,0.43451193182532444,gbrt:own
2023-08,0.0005928923966740225,-0.00018773479235645413,0.39031359451523834,gbrt:own
2023-09,0.008846477088005043,0.008063161628966127,0.3916577295194578,gbrt:own
2023-10,0.007213824523075868,0.006480621119655833,0.36660170171001777,gbrt:own
2023-11,-0.00630696077456539,-0.00715969987378281,0.42636954960871126,gbrt:own
2023-12,0.0032563879291854256,0.0023655237668297425,0.44543208117784155,gbrt:own
2024-01,0.01010040520438183,0.009319647130115594,0.39037903713311795,gbrt:own
2024-02,-0.0005853508150904845,-0.0013566760597993,0.38566262235440757,gbrt:own
2024-03,0.004443131159151757,0.0036556449992552085,0.39374307994827457,gbrt:own
2024-04,3.09360009750631e-05,-0.0007782220685483004,0.4045790347616816,gbrt:own
2024-05,0.00027402773764979475,-0.0004411187172669336,0.3575732274583643,gbrt:own
2024-06,0.0035726868613321985,0.002905452788077729,0.3336170366272349,gbrt:own
2024-07,0.0021093294628564295,0.0014748763288077338,0.31722656702434787,gbrt:own
2024-08,0.0022029171544525506,0.001530270614614806,0.33632326991887235,gbrt:own
2024-09,0.0006972137048068104,7.798230670150428e-06,0.3447077370683299,gbrt:own
2024-10,0.004483964051277078,0.003742445939519039,0.3707590558790193,gbrt:own
2024-11,0.008302951785820141,0.007558898610971168,0.3720265874244863,gbrt:own
2024-12,0.00264790429439408,0.001884871818275182,0.38151623805944906,gbrt:own
2025-01,0.0018798567301712516,0.0011623907500429654,0.3587329900641431,gbrt:own
2025-02,0.0022682378380232057,0.0015159217426566505,0.3761580476832775,gbrt:own
2025-03,0.003652144825442017,0.0028988996609028263,0.3766225822695953,gbrt:own
2025-04,-0.0006806483867600767,-0.001403872992010067,0.36161230262499516,gbrt:own
2025-05,-0.0003243402717107997,-0.0010806998777030128,0.3781798029961065,gbrt:own
2025-06,-0.00019382629781068697,-0.0008856226562480078,0.3458981792186605,gbrt:own
2025-07,-0.0005367105243322146,-0.0011676224386747132,0.3154559571712493,gbrt:own
2025-08,-0.00010974108830200184,-0.0008298140093197236,0.3600364605088609,gbrt:own
2025-09,0.00859638450631229,0.007862897041589533,0.3667437323613784,gbrt:own
2025-10,0.01772455274901861,0.017021619433179987,0.3514666579193106,gbrt:own
2025-11,0.0011212973103276076,0.0003292973971736417,0.39599995657698306,gbrt:own
2025-12,0.009980515966310326,0.009224590300640375,0.37796283283497567,gbrt:own
2000-01,0.013441540557687143,0.013441540557687143,0.0,gbrt:pooled
2000-02,0.002211320624152139,0.0005511259970379342,0.8300973135571033,gbrt:pooled
2000-03,0.0031232625918686968,0.0012215682037549518,0.9508471940568731,gbrt:pooled
2000-04,-0.01810253563246602,-0.01985986577952135,0.8786650735276657,gbrt:pooled
2000-05,0.00571502378463346,0.0038396565434038786,0.9376836206147907,gbrt:pooled
2000-06,-0.011567872240117632,-0.013280133753319831,0.8561307566010993,gbrt:pooled
2000-07,0.002652028998204317,0.0007778458403156447,0.9370915789443363,gbrt:pooled
2000-08,-0.0037779930211333766,-0.005419608799730894,0.8208078892987581,gbrt:pooled
2000-09,0.004638342092690822,0.0027469776079941132,0.9456822423483546,gbrt:pooled
2000-10,0.0016329467381693105,-6.62252347307271e-05,0.8495859864500189,gbrt:pooled
2000-11,0.007718018762860098,0.006129904073766162,0.7940573445469679,gbrt:pooled
2000-12,-0.006026905433498532,-0.0077474335630558725,0.8602640647786708,gbrt:pooled
2001-01,-0.011016709877768368,-0.012985163101063488,0.9842266116475606,gbrt:pooled
2001-02,0.0077171831347535875,0.005563203576499217,1.0769897791271854,gbrt:pooled
2001-03,0.020925436447994612,0.018679079057125784,1.1231786954344152,gbrt:pooled
2001-04,-0.0019231527630920663,-0.003715092299614281,0.8959697682611075,gbrt:pooled
2001-05,0.013157074613649962,0.011068230084396672,1.0444222646266446,gbrt:pooled
2001-06,0.0007060924404029695,-0.0010946612108621576,0.9003768256325634,gbrt:pooled
2001-07,0.012276035139305296,0.01043313364659377,0.9214507463557619,gbrt:pooled
2001-08,-0.009958512063103763,-0.011648460747161594,0.8449743420289163,gbrt:pooled
2001-09,0.007082235244632698,0.005194744696676222,0.9437452739782378,gbrt:pooled
2001-10,-0.0047451368456792615,-0.006706406387403557,0.9806347708621473,gbrt:pooled
2001-11,0.0005615360172195813,-0.0016294492435692115,1.095492630394396,gbrt:pooled
2001-12,0.011734683275300478,0.009701173564393801,1.0167548554533377,gbrt:pooled
2002-01,-0.0019430616996675323,-0.003769859612452047,0.9133989563922572,gbrt:pooled
2002-02,0.005444570087794224,0.0039071621596422235,0.7687039640760006,gbrt:pooled
2002-03,0.01084665007936786,0.009495024896144486,0.6758125916116872,gbrt:pooled
2002-04,0.007898169130030453,0.006785827009990686,0.5561710600198834,gbrt:pooled
2002-05,0.00806986515777198,0.006790924507070361,0.6394703253508099,gbrt:pooled
2002-06,0.008890104645795632,0.00784858167494603,0.5207614854248014,gbrt:pooled
2002-07,0.004162145652268031,0.003119085011445918,0.5215303204110566,gbrt:pooled
2002-08,-0.00010050189624280631,-0.0012001147738076928,0.5498064387824431,gbrt:pooled
2002-09,0.007066263228629471,0.0058944980589562875,0.5858825848365917,gbrt:pooled
2002-10,0.0028008188250622534,0.0017960846568031486,0.5023670841295523,gbrt:pooled
2002-11,-0.0018592773585784028,-0.003236970306790299,0.6888464741059478,gbrt:pooled
2002-12,-0.0015318856021008687,-0.0027419258970809036,0.6050201474900175,gbrt:pooled
2003-01,0.0011126038976441216,3.633304541952465e-05,0.5381354261122981,gbrt:pooled
2003-02,0.006809186303629769,0.006029071602533842,0.39005735054796364,gbrt:pooled
2003-03,0.007146926590096802,0.006402750214665644,0.37208818771557867,gbrt:pooled
2003-04,-0.0022057733832984566,-0.0029243834079539727,0.3593050123277581,gbrt:pooled
2003-05,0.0025700953889669373,0.001556631436036938,0.5067319764649997,gbrt:pooled
2003-06,0.005492313276088796,0.004499159719276516,0.4965767784061403,gbrt:pooled
2003-07,0.009956965477099336,0.009053559842888215,0.45170281710555976,gbrt:pooled
2003-08,0.005453895301583746,0.004566684480219899,0.44360541068192366,gbrt:pooled
2003-09,-0.00031014161380253766,-0.0013597561562821805,0.5248072712398215,gbrt:pooled
2003-10,0.006320420295898901,0.005334865324924977,0.4927774854869619,gbrt:pooled
2003-11,0.002605210091065091,0.001602186997601764,0.5015115467316634,gbrt:pooled
2003-12,0.004484374771365366,0.00363982752179433,0.422273624785518,gbrt:pooled
2004-01,-0.005708805006871466,-0.006666856918704246,0.4790259559163898,gbrt:pooled
2004-02,-0.00019704304173346243,-0.0013310632049612883,0.5670100816139128,gbrt:pooled
2004-03,0.0035590643004746046,0.0025817963369675857,0.48863398175350947,gbrt:pooled
2004-04,0.0031970817273392488,0.002377035710076518,0.41002300863136565,gbrt:pooled
2004-05,-0.005110845131511708,-0.006024283736956037,0.4567193027221644,gbrt:pooled
2004-06,0.0028369421003852633,0.0019216214099859745,0.4576603451996443,gbrt:pooled
2004-07,0.00546445350677538,0.004549919783135639,0.45726686181987025,gbrt:pooled
2004-08,0.00578256534059802,0.00508883696957352,0.3468641855122503,gbrt:pooled
2004-09,0.003742817205676955,0.0029907367669109626,0.37604021938299625,gbrt:pooled
2004-10,0.01095026574808846,0.010158225790705534,0.39601997869146244,gbrt:pooled
2004-11,0.006640308182849436,0.0058658184039763455,0.38724488943654567,gbrt:pooled
2004-12,0.009988772015811883,0.009156026559366563,0.4163727282226596,gbrt:pooled
2005-01,0.0021488308642484163,0.0011881707174728892,0.4803300733877634,gbrt:pooled
2005-02,0.012613482643982104,0.011859393850623139,0.37704439667948286,gbrt:pooled
2005-03,0.010708289151421146,0.009966297412315233,0.3709958695529559,gbrt:pooled
2005-04,0.013738276847184762,0.013008772215535994,0.3647523158243845,gbrt:pooled
2005-05,-0.02000458974382657,-0.020681170007982447,0.3382901320779386,gbrt:pooled
2005-06,0.0011171517231890727,6.426341078244783e-05,0.5264441562033124,gbrt:pooled
2005-07,0.008552276339937643,0.0076979088267679265,0.4271837565848583,gbrt:pooled
2005-08,0.003445204672685737,0.0026481020151542436,0.39855132876574667,gbrt:pooled
2005-09,0.004813976663856795,0.003955032554405518,0.4294720547256384,gbrt:pooled
2005-10,9.403938814830191e-05,-0.0006915787723590482,0.39280908025367517,gbrt:pooled
2005-11,0.00034319375908829563,-0.000451021475427057,0.3971076172576763,gbrt:pooled
2005-12,-0.000945323361196838,-0.0018564423211239762,0.455559479963569,gbrt:pooled
2006-01,0.0009010059629231619,-7.287788316716959e-05,0.4869419230451657,gbrt:pooled
2006-02,-0.005423410006906378,-0.0066469370492954994,0.6117635211945602,gbrt:pooled
2006-03,-0.0054171944316360075,-0.006449533246147988,0.5161694072559903,gbrt:pooled
2006-04,0.005927199773936158,0.004767750417655766,0.5797246781401961,gbrt:pooled
2006-05,-0.0018052013005948142,-0.002887544162878545,0.5411714311418653,gbrt:pooled
2006-06,0.011836958020529795,0.011015072124578695,0.41094294797554953,gbrt:pooled
2006-07,-0.003943459365380214,-0.004934029540093723,0.49528508735675436,gbrt:pooled
2006-08,-0.004213863065938958,-0.005305007848618059,0.5455723913395502,gbrt:pooled
2006-09,0.001678833848460163,0.0006003568650861685,0.5392384916869971,gbrt:pooled
2006-10,-0.003604682437695525,-0.004462906061538441,0.4291118119214585,gbrt:pooled
2006-11,0.009410611026405839,0.008475533298722198,0.4675388638418193,gbrt:pooled
2006-12,0.0006807964002648139,-0.00018936074291834928,0.43507857159158175,gbrt:pooled
2007-01,0.005825217045674257,0.004872219357985609,0.47649884384432345,gbrt:pooled
2007-02,-0.00018804076842477097,-0.0012245873024116722,0.5182732669934508,gbrt:pooled
2007-03,0.00935384393496418,0.008411401322120359,0.4712213064219097,gbrt:pooled
2007-04,0.007082443459839428,0.00619914931446771,0.441647072685858,gbrt:pooled
2007-05,0.002783380170853439,0.001868478122694916,0.45745102407926114,gbrt:pooled
2007-06,-0.0018758298092705482,-0.0029166314296348037,0.5204008101821275,gbrt:pooled
2007-07,-0.0016355052921556072,-0.0027664242851228676,0.5654594964836299,gbrt:pooled
2007-08,0.0007164920751258705,-0.000340388853448795,0.5284404642873328,gbrt:pooled
2007-09,0.0008482413494387301,-0.0002303256860179879,0.5392835177283588,gbrt:pooled
2007-10,0.011798853499058879,0.010779001066299893,0.509926216379493,gbrt:pooled
2007-11,0.001956905609477543,0.0009575400894402704,0.49968276001863654,gbrt:pooled
2007-12,0.003911181964247451,0.002910983893152325,0.5000990355475627,gbrt:pooled
2008-01,0.002198055687903287,0.0011937221923924452,0.5021667477554208,gbrt:pooled
2008-02,-0.0008548482484559557,-0.0019630039952311653,0.5540778733876048,gbrt:pooled
2008-03,0.00047168925537572617,-0.0006283284501361758,0.550008852755951,gbrt:pooled
2008-04,0.0033761765471086937,0.002262724431463937,0.5567260578223785,gbrt:pooled
2008-05,-0.00046832424760507,-0.00173695193512086,0.6343138437578949,gbrt:pooled
2008-06,0.008968319992731698,0.00789323312045971,0.5375434361359944,gbrt:pooled
2008-07,-0.0056215394477497046,-0.006558320599397028,0.4683905758236618,gbrt:pooled
2008-08,0.008672636105081132,0.007367927273556269,0.6523544157624315,gbrt:pooled
2008-09,0.01101619132948705,0.010027144498721129,0.4945234153829604,gbrt:pooled
2008-10,0.03048281116375047,0.029472377738658052,0.5052167125462111,gbrt:pooled
2008-11,0.018380891969279858,0.01734676276978418,0.5170645997478386,gbrt:pooled
2008-12,-0.004232692652114626,-0.005239443943220445,0.5033756455529096,gbrt:pooled
2009-01,0.002292128763531139,0.0011675287453991859,0.5623000090659765,gbrt:pooled
2009-02,0.009418157135945982,0.00825320917916991,0.5824739783880357,gbrt:pooled
2009-03,-0.007071400290407482,-0.007976334148809354,0.4524669292009355,gbrt:pooled
2009-04,-0.021229770133261692,-0.02237316515162648,0.5716975091823931,gbrt:pooled
2009-05,0.0016221865009899757,5.110505777468797e-05,0.7855407216076437,gbrt:pooled
2009-06,-0.003478639320963649,-0.005046993364601262,0.7841770218188068,gbrt:pooled
2009-07,0.007786726191175586,0.006236491263718139,0.7751174637287233,gbrt:pooled
2009-08,0.003524223969141937,0.002293838434763474,0.6151927671892317,gbrt:pooled
2009-09,0.002241648600623219,0.0010412592140289563,0.600194693297131,gbrt:pooled
2009-10,0.0012314936625898235,3.061864947778241e-07,0.6155937380475229,gbrt:pooled
2009-11,0.0014554651051114744,0.00012832247417103956,0.6635713154702171,gbrt:pooled
2009-12,-0.0019789786401679015,-0.003161726420201202,0.5913738900166504,gbrt:pooled
2010-01,0.0014833986613088108,0.00024628912487721535,0.6185547682157976,gbrt:pooled
2010-02,-0.0026967418216907696,-0.0038178367292525882,0.5605474537809098,gbrt:pooled
2010-03,-0.002033062163044504,-0.003257572436860604,0.61225513690805,gbrt:pooled
2010-04,0.005655906355593565,0.00446815758311884,0.5938743862373623,gbrt:pooled
2010-05,0.002825741873633598,0.0015247954354230939,0.6504732191052521,gbrt:pooled
2010-06,0.0066233240264508995,0.005601031682326444,0.5111461720622276,gbrt:pooled
2010-07,0.0006710531270862886,-0.00013811846465096406,0.4045857958686264,gbrt:pooled
2010-08,0.00023514499203231088,-0.0008400764903035426,0.5376107411679266,gbrt:pooled
2010-09,0.002248125653313794,0.0011244324093160813,0.5618466219988562,gbrt:pooled
2010-10,0.006841632658361247,0.005816518076545052,0.5125572909080973,gbrt:pooled
2010-11,0.005687160467779812,0.004732798549632205,0.47718095907380387,gbrt:pooled
2010-12,0.009367269307801147,0.008381716461225245,0.4927764232879513,gbrt:pooled
2011-01,0.0053938523572568025,0.0044841744730338496,0.45483894211147663,gbrt:pooled
2011-02,-0.0017401581086477422,-0.0026478946298302878,0.4538682605912728,gbrt:pooled
2011-03,-0.0002562400294855883,-0.0011563846019165627,0.45007228621548706,gbrt:pooled
2011-04,0.007949499053768886,0.007023522797773669,0.4629881279976078,gbrt:pooled
2011-05,0.003559784014065524,0.0028006495151832256,0.3795672494411487,gbrt:pooled
2011-06,0.0031726303136533694,0.0023997192279265533,0.38645554286340816,gbrt:pooled
2011-07,0.007106059690183598,0.006374560174475952,0.3657497578538232,gbrt:pooled
2011-08,0.006635132591479394,0.005900677921861701,0.36722733480884756,gbrt:pooled
2011-09,0.008545619728402901,0.007807951448418184,0.36883413999235737,gbrt:pooled
2011-10,-0.004916340880403806,-0.005746666417032412,0.41516276831430343,gbrt:pooled
2011-11,0.010121049353492043,0.009070796231405255,0.5251265610433945,gbrt:pooled
2011-12,0.002587115249210658,0.0016258791662728583,0.48061804146889986,gbrt:pooled
2012-01,-0.01817529325006741,-0.018924159051109085,0.37443290052083883,gbrt:pooled
2012-02,-0.0030454898679211726,-0.004026278344993067,0.49039423853594744,gbrt:pooled
2012-03,0.010134574736688001,0.009123563335410978,0.5055057006385111,gbrt:pooled
2012-04,0.009606588242536613,0.00880372300383684,0.40143261934988655,gbrt:pooled
2012-05,0.00875939045718276,0.007973748165107951,0.3928211460374033,gbrt:pooled
2012-06,0.004907234751747672,0.004270858940720181,0.31818790551374504,gbrt:pooled
2012-07,0.007323345440609308,0.006622207177411258,0.35056913159902503,gbrt:pooled
2012-08,0.002837696601250663,0.002183060847100905,0.3273178770748791,gbrt:pooled
2012-09,-0.002411994565663059,-0.003142668966752496,0.3653372005447186,gbrt:pooled
2012-10,0.0022308566006531702,0.001443939747352333,0.3934584266504186,gbrt:pooled
2012-11,0.00784034502903326,0.007077320679691292,0.38151217467098403,gbrt:pooled
2012-12,-0.0012253406904245898,-0.0019414058541940078,0.358032581884709,gbrt:pooled
2013-01,0.0025602392296715758,0.0017664485289798082,0.3968953503458836,gbrt:pooled
2013-02,0.004947577651797351,0.004131038348712031,0.40826965154266004,gbrt:pooled
2013-03,0.007700697025548945,0.006960681044676719,0.3700079904361133,gbrt:pooled
2013-04,0.009934276734407823,0.009282969184570214,0.32565377491880465,gbrt:pooled
2013-05,0.0024811520185027505,0.0017912961786027775,0.34492791994998634,gbrt:pooled
2013-06,0.0020592978734943566,0.0012350710606242766,0.41211340643503985,gbrt:pooled
2013-07,0.0102616431638942,0.00944476915190038,0.40843700599691013,gbrt:pooled
2013-08,0.0004377599251736887,-0.00039358778940073996,0.41567385728721445,gbrt:pooled
2013-09,-0.007187291511991873,-0.008091188895757403,0.45194869188276526,gbrt:pooled
2013-10,-0.0013972829793212549,-0.002310079661907558,0.45639834129315154,gbrt:pooled
2013-11,0.000606829045993275,-0.0002224207314472877,0.41462488872028125,gbrt:pooled
2013-12,0.0032714223274196517,0.0025820491617783397,0.3446865828206561,gbrt:pooled
2014-01,0.002523680938259707,0.001781641048090286,0.3710199450847103,gbrt:pooled
2014-02,0.006126105817162147,0.005322137429696385,0.4019841937328809,gbrt:pooled
2014-03,-0.0009977387750149179,-0.0017661566148295662,0.38420891990732414,gbrt:pooled
2014-04,0.0004345731333089617,-0.0005449917489185736,0.48978244111376773,gbrt:pooled
2014-05,0.0024087918531445155,0.0014510053768676304,0.4788932381384426,gbrt:pooled
2014-06,0.004181758970112962,0.0032899978991679816,0.44588053547249024,gbrt:pooled
2014-07,0.0001121879339952146,-0.0007681050600109944,0.44014649700310443,gbrt:pooled
2014-08,0.0011867000326352731,0.00030912971872813734,0.43878515695356785,gbrt:pooled
2014-09,-0.0033178990344030035,-0.004138309012507288,0.4102049890521424,gbrt:pooled
2014-10,0.004107548154205121,0.003252467417436913,0.4275403683841041,gbrt:pooled
2014-11,0.010895303248386305,0.010035788863787936,0.42975719229918413,gbrt:pooled
2014-12,0.014362646737692119,0.013617902791014845,0.372371973338637,gbrt:pooled
2015-01,0.006108635095535078,0.005318661794278771,0.39498665062815363,gbrt:pooled
2015-02,0.0007953311705558194,-0.0001111827206464906,0.4532569456011551,gbrt:pooled
2015-03,0.00652554800261192,0.005622337786181397,0.4516051082152618,gbrt:pooled
2015-04,-0.009572539099857726,-0.010437544928029688,0.43250291408598096,gbrt:pooled
2015-05,0.0010695571930010729,-5.688564319353147e-05,0.5632214180973022,gbrt:pooled
2015-06,0.005214390960894197,0.004221226716089114,0.49658212240254135,gbrt:pooled
2015-07,0.010466933302777964,0.009727506256017166,0.36971352338039914,gbrt:pooled
2015-08,0.008291304464486803,0.007523181339581221,0.3840615624527911,gbrt:pooled
2015-09,0.007832604926018628,0.0071079877323901655,0.36230859681423083,gbrt:pooled
2015-10,-0.004048227526661942,-0.004803734845757556,0.3777536595478068,gbrt:pooled
2015-11,0.007171020212153824,0.006223355682290929,0.47383226493144726,gbrt:pooled
2015-12,-0.00022640800606099268,-0.0010863696940338254,0.42998084398641623,gbrt:pooled
2016-01,0.002530470813535239,0.001660313946615444,0.4350784334598974,gbrt:pooled
2016-02,-0.0032050056020409747,-0.004098236676401425,0.4466155371802255,gbrt:pooled
2016-03,-0.010443371974952008,-0.011383820218169787,0.47022412160888943,gbrt:pooled
2016-04,0.002709566195976524,0.00166953180085687,0.5200171975598271,gbrt:pooled
2016-05,0.0021344423437306775,0.0012315907275867234,0.4514258080719771,gbrt:pooled
2016-06,-0.00031801085303871435,-0.0011909613759315972,0.43647526144644144,gbrt:pooled
2016-07,0.0015535990897663637,0.0007477353407221688,0.4029318745220972,gbrt:pooled
2016-08,0.0052986552039943876,0.004458585616083045,0.420034793955671,gbrt:pooled
2016-09,0.006674331761931913,0.005865353822929897,0.40448896950100777,gbrt:pooled
2016-10,0.003379370014943468,0.002754099234944681,0.31263538999939333,gbrt:pooled
2016-11,-0.00349582541163517,-0.004268087663928555,0.3861311261466925,gbrt:pooled
2016-12,0.001365747045101764,0.0004272695302254237,0.46923875743817,gbrt:pooled
2017-01,0.0068165023636229,0.005934470043495308,0.4410161600637961,gbrt:pooled
2017-02,-0.0013083856753315305,-0.002179491926272655,0.4355531254705623,gbrt:pooled
2017-03,0.001791398264160155,0.000997600224620961,0.39689901976959696,gbrt:pooled
2017-04,0.0011925580662208927,0.000394075159688219,0.39924145326633703,gbrt:pooled
2017-05,0.003428388049454046,0.002633951377737234,0.397218335858406,gbrt:pooled
2017-06,0.0008851042527735526,5.139329329626509e-05,0.4168554797386438,gbrt:pooled
2017-07,0.003973636637648649,0.003172109862727627,0.40076338746051077,gbrt:pooled
2017-08,0.0021485338020622554,0.0013381006063552883,0.4052165978534835,gbrt:pooled
2017-09,0.00203880040553296,0.0013163681715339117,0.36121611699952416,gbrt:pooled
2017-10,0.004697670669408169,0.003966027155613143,0.3658217568975132,gbrt:pooled
2017-11,0.0016744960928706369,0.0008242297617729733,0.42513316554883174,gbrt:pooled
2017-12,0.003909267337175012,0.003086811506443605,0.41122791536570374,gbrt:pooled
2018-01,0.005809076684066316,0.004988606035708269,0.41023532417902303,gbrt:pooled
2018-02,0.004298875528748744,0.003492760078633514,0.403057725057615,gbrt:pooled
2018-03,0.0030046515520593536,0.0023316017483545307,0.33652490185241146,gbrt:pooled
2018-04,0.003004519245509853,0.002272483462464519,0.3660178915226673,gbrt:pooled
2018-05,0.003960870123452678,0.0032109402634357214,0.3749649300084785,gbrt:pooled
2018-06,0.0012664490588299158,0.0005303569282883248,0.3680460652707955,gbrt:pooled
2018-07,0.004751309339357878,0.004049102355484734,0.35110349193657253,gbrt:pooled
2018-08,0.007944916236367292,0.007272641368874241,0.3361374337465255,gbrt:pooled
2018-09,0.016195307874605016,0.01558164484537266,0.30683151461617697,gbrt:pooled
2018-10,0.000814025667682309,9.96461163679535e-05,0.35718977565717797,gbrt:pooled
2018-11,-0.004597184433881253,-0.005416825670239622,0.4098206181791845,gbrt:pooled
2018-12,0.006532122259151806,0.00562603069756154,0.4530457807951326,gbrt:pooled
2019-01,0.001320737893213745,0.0004965271675011915,0.41210536285627664,gbrt:pooled
2019-02,-0.005895768997798156,-0.006822987840175986,0.4636094211889157,gbrt:pooled
2019-03,0.0041127902575039165,0.0031898960865022084,0.46144708550085406,gbrt:pooled
2019-04,0.0019115611727233653,0.0011010800371375974,0.40524056779288387,gbrt:pooled
2019-05,-0.00016798423785247522,-0.0009536190314379907,0.39281739679275796,gbrt:pooled
2019-06,0.0030201068226962014,0.002136333604805568,0.4418866089453168,gbrt:pooled
2019-07,0.006114955870865037,0.0053558275490999015,0.37956416088256745,gbrt:pooled
2019-08,0.002792653845099476,0.0020572453227015886,0.3677042611989437,gbrt:pooled
2019-09,-0.002100673952058769,-0.002828668267273952,0.3639971576075915,gbrt:pooled
2019-10,0.002545386759372457,0.0017743749912246865,0.38550588407388536,gbrt:pooled
2019-11,0.001256574901694501,0.0005067589240358787,0.37490798882931103,gbrt:pooled
2019-12,0.00759061986696527,0.0068182846551358344,0.3861676059147173,gbrt:pooled
2020-01,0.006463377105590221,0.005745740838629387,0.35881813348041636,gbrt:pooled
2020-02,0.0074575141092213795,0.006709590131351584,0.37396198893489724,gbrt:pooled
2020-03,0.01614545024661682,0.015410566369084238,0.3674419387662924,gbrt:pooled
2020-04,-0.018050557727250168,-0.01922341502217328,0.5864286474615568,gbrt:pooled
2020-05,-0.0031579855019541916,-0.004600476870623183,0.7212456843344953,gbrt:pooled
2020-06,-0.001493017844949055,-0.0026757782781522124,0.5913802166015786,gbrt:pooled
2020-07,0.0010594275019511106,-5.6842422627853926e-05,0.5581349622894819,gbrt:pooled
2020-08,-0.0013862097213244676,-0.0024015966849377708,0.5076934818066519,gbrt:pooled
2020-09,-0.0019329782428953932,-0.0030659830119697685,0.5665023845371877,gbrt:pooled
2020-10,0.002151022646469773,0.0009113826883869636,0.6198199790414046,gbrt:pooled
2020-11,-0.01420200570053763,-0.015124140358433348,0.4610673289478591,gbrt:pooled
2020-12,0.010163340221009882,0.008564009944429143,0.7996651382903693,gbrt:pooled
2021-01,0.004013631182583543,0.0026375298537749973,0.6880506644042729,gbrt:pooled
2021-02,0.005710177214347848,0.00472090922896782,0.49463399269001446,gbrt:pooled
2021-03,0.004595774440764229,0.0035265332327354833,0.5346206040143731,gbrt:pooled
2021-04,0.0077276682754514455,0.00658005904956795,0.5738046129417473,gbrt:pooled
2021-05,0.00578851805655301,0.004778824548595434,0.5048467539787881,gbrt:pooled
2021-06,-0.0023106306841220235,-0.0032121263165429334,0.45074781621045523,gbrt:pooled
2021-07,0.0012044358683332519,0.0003294449496328373,0.43749545935020717,gbrt:pooled
2021-08,0.0011361299678888008,0.0002770605124563309,0.4295347277162351,gbrt:pooled
2021-09,0.0053938145046441436,0.004476440813396968,0.45868684562358764,gbrt:pooled
2021-10,0.0032318848388114703,0.002279103404424047,0.47639071719371145,gbrt:pooled
2021-11,0.0024081465390098345,0.0015879671945615349,0.4100896722241497,gbrt:pooled
2021-12,0.010499415254881869,0.00928656067765661,0.6064272886126291,gbrt:pooled
2022-01,0.010434946709248596,0.009607435334421637,0.41375568741347996,gbrt:pooled
2022-02,0.009854750459696833,0.009073191601822357,0.39077942893723827,gbrt:pooled
2022-03,0.010080729730985147,0.009194205568561147,0.44326208121200056,gbrt:pooled
2022-04,0.010608190419679104,0.00987106603984668,0.3685621899162124,gbrt:pooled
2022-05,0.006149990700215652,0.005453854255524828,0.34806822234541224,gbrt:pooled
2022-06,-0.001013944217061113,-0.0017914996107869783,0.38877769686293245,gbrt:pooled
2022-07,-0.005482060876965652,-0.006348016884236132,0.43297800363523997,gbrt:pooled
2022-08,0.0006548821365412609,-0.00020039940487427642,0.42764077070776846,gbrt:pooled
2022-09,0.004566493333644862,0.00369985768461029,0.4333178245172861,gbrt:pooled
2022-10,0.006320067105063309,0.005456180337480784,0.43194338379126174,gbrt:pooled
2022-11,-0.008077905457104314,-0.008931890548030685,0.42699254546318505,gbrt:pooled
2022-12,0.004532811680558746,0.0034793877716572715,0.5267119544507373,gbrt:pooled
2023-01,0.0023929996480177265,0.0013526239488047438,0.5201878496064913,gbrt:pooled
2023-02,0.005646164270419808,0.004688985823597468,0.4785892234111696,gbrt:pooled
2023-03,0.0027873519110031596,0.002042253185770013,0.3725493626165733,gbrt:pooled
2023-04,-0.002064112579275052,-0.0029206778928423036,0.428282656783626,gbrt:pooled
2023-05,-0.00240907033501548,-0.003244306489200713,0.4176180770926166,gbrt:pooled
2023-06,0.003214450739064038,0.002330246253066767,0.4421022429986355,gbrt:pooled
2023-07,0.0011899171522660032,0.0003581233430337174,0.4158969046161429,gbrt:pooled
2023-08,-0.0003869738340283269,-0.0012051592567731875,0.4090927113724302,gbrt:pooled
2023-09,0.009967568149160728,0.009116305306621008,0.42563142126986003,gbrt:pooled
2023-10,0.00720554587038144,0.00650861168006244,0.34846709515950036,gbrt:pooled
2023-11,-0.006884395837495167,-0.0076904336602613785,0.4030189113831055,gbrt:pooled
2023-12,0.003182980268375469,0.0022936215101101226,0.44467937913267336,gbrt:pooled
2024-01,0.011265037445712557,0.01034696892370063,0.4590342610059636,gbrt:pooled
2024-02,-0.0005030746780228517,-0.0013386277743788427,0.4177765481779956,gbrt:pooled
2024-03,0.00473966202165349,0.003894480909323084,0.4225905561652031,gbrt:pooled
2024-04,-0.0030389823979536617,-0.0038836595868377145,0.4223385944420261,gbrt:pooled
2024-05,-0.00020096260647882032,-0.0010427581741409382,0.4208977838310592,gbrt:pooled
2024-06,0.0021985421370048237,0.0014172653479155644,0.3906383945446294,gbrt:pooled
2024-07,-0.00021745776389331414,-0.0010208217143341093,0.40168197522039767,gbrt:pooled
2024-08,0.0020448866333473976,0.0012416887943448788,0.4015989195012596,gbrt:pooled
2024-09,-0.002245371636832476,-0.0030082578020100494,0.3814430825887868,gbrt:pooled
2024-10,0.006616219790846281,0.005746884316624192,0.43466773711104517,gbrt:pooled
2024-11,0.010641349830973559,0.009888383432214227,0.3764831993796652,gbrt:pooled
2024-12,0.0024926882604163676,0.001765949724960635,0.36336926772786615,gbrt:pooled
2025-01,0.001795104968885547,0.0010262029201446783,0.3844510243704343,gbrt:pooled
2025-02,0.0017839328178603465,0.0010784947533447218,0.35271903225781265,gbrt:pooled
2025-03,0.005086734609859664,0.0043426960772151154,0.37201926632227483,gbrt:pooled
2025-04,-0.002742513268048262,-0.003384841534451757,0.3211641332017476,gbrt:pooled
2025-05,-3.800540123753598e-05,-0.0007939308348343974,0.3779627167984307,gbrt:pooled
2025-06,-0.0003323816031949308,-0.001019731529587486,0.3436749631962776,gbrt:pooled
2025-07,-7.08771527034283e-05,-0.0007049154860168325,0.3170191666567019,gbrt:pooled
2025-08,0.0018604880112870993,0.001082301762550539,0.3890931243682801,gbrt:pooled
2025-09,0.00797250262451119,0.007250986146060986,0.36075823922510175,gbrt:pooled
2025-10,0.014680597399386203,0.013957277541230462,0.3616599290778708,gbrt:pooled
2025-11,-0.0005196249055781506,-0.0013121536459371767,0.3962643701795129,gbrt:pooled
2025-12,0.012744688634489638,0.011971838820330856,0.38642490707939087,gbrt:pooled
2000-01,0.012514006272385065,0.012514006272385065,0.0,hist_mean:rule
2000-02,0.002545064108518193,0.002257372000812775,0.1438460538527098,hist_mean:rule
2000-03,0.004764728816574481,0.004374359811845085,0.19518450236469795,hist_mean:rule
2000-04,-0.010820858556713858,-0.011102099922054492,0.14062068267031688,hist_mean:rule
2000-05,-0.00246759485233898,-0.0030635712871229866,0.29798821739200326,hist_mean:rule
2000-06,-0.00408813511707798,-0.0045201444723450696,0.2160046776335449,hist_mean:rule
2000-07,0.002172543624071657,0.0018911355382902327,0.14070404289071234,hist_mean:rule
2000-08,0.0015805264088128259,0.0013831421571560412,0.09869212582839258,hist_mean:rule
2000-09,0.0025392524113683986,0.0023383429722983904,0.1004547195350043,hist_mean:rule
2000-10,-0.0004009094508299995,-0.0005939891545819606,0.0965398518759806,hist_mean:rule
2000-11,0.007587298178762363,0.007332690028653321,0.1273040750545208,hist_mean:rule
2000-12,-0.010663347878460613,-0.011015670965528612,0.17616154353399946,hist_mean:rule
2001-01,-0.004639864399441243,-0.0048930057970994305,0.12657069882909375,hist_mean:rule
2001-02,0.0020660534838565577,0.0018068799797738113,0.1295867520413731,hist_mean:rule
2001-03,0.01496378935435803,0.014671644157926579,0.14607259821572546,hist_mean:rule
2001-04,0.007495367126972918,0.007185218495620311,0.15507431567630325,hist_mean:rule
2001-05,0.0016863344475313553,0.0011437160945517396,0.27130917648980774,hist_mean:rule
2001-06,0.0012374051488129013,0.001037744235015931,0.09983045689848528,hist_mean:rule
2001-07,0.012439597073739424,0.012270029502241004,0.08478378574921058,hist_mean:rule
2001-08,-0.00752390395024877,-0.007868058859182353,0.17207745446679226,hist_mean:rule
2001-09,-0.003309998915686588,-0.0035141448600543596,0.10207297218388632,hist_mean:rule
2001-10,0.0072037223268053615,0.00680575076211269,0.1989857823463367,hist_mean:rule
2001-11,0.004813954971592422,0.004612479484028419,0.10073774378200152,hist_mean:rule
2001-12,0.0090599607172677,0.008876144133847332,0.09190829171018344,hist_mean:rule
2002-01,-0.005210225362417248,-0.00538271068068478,0.08624265913376546,hist_mean:rule
2002-02,-0.004488412741937743,-0.004714754392314252,0.11317082518825529,hist_mean:rule
2002-03,0.003364196451838507,0.003179165994105531,0.09251522886648807,hist_mean:rule
2002-04,0.005023303890182464,0.004787321629627246,0.1179911302776092,hist_mean:rule
2002-05,0.00034490626532184253,0.00011142936938673005,0.11673844796755627,hist_mean:rule
2002-06,0.002758895126765537,0.0025798948100153943,0.08950015837507122,hist_mean:rule
2002-07,-0.0014106591791442657,-0.0015482367927868376,0.06878880682128599,hist_mean:rule
2002-08,0.006577478984367098,0.006400525937733727,0.08847652331668493,hist_mean:rule
2002-09,0.007629406042283267,0.007451336157099487,0.08903494259189014,hist_mean:rule
2002-10,0.0028388738650350896,0.0027086266498069418,0.06512360761407406,hist_mean:rule
2002-11,0.0068132512795789045,0.006610284731067817,0.1014832742555432,hist_mean:rule
2002-12,0.003967713324701862,0.003785212498228892,0.09125041323648476,hist_mean:rule
2003-01,-0.0030789462834165575,-0.003245734412593086,0.08339406458826436,hist_mean:rule
2003-02,0.0016984931393266595,0.0015355748423934738,0.0814591484665926,hist_mean:rule
2003-03,0.0044925721383482055,0.004370111261519069,0.06123043841456803,hist_mean:rule
2003-04,-0.006804901066559213,-0.006955010297436924,0.07505461543885532,hist_mean:rule
2003-05,0.005309601192627863,0.004948727351735682,0.18043692044609083,hist_mean:rule
2003-06,0.008695618394604606,0.0085544093123677,0.07060454111845363,hist_mean:rule
2003-07,0.009236428140989888,0.009079198863554941,0.07861463871747335,hist_mean:rule
2003-08,0.005357457351002999,0.005215168674310484,0.07114433834625697,hist_mean:rule
2003-09,0.0021286734380014287,0.0017433667813241858,0.19265332833862173,hist_mean:rule
2003-10,0.007605808410251751,0.007478997326348411,0.06340554195167017,hist_mean:rule
2003-11,0.004726561533693164,0.004582338708361056,0.072111412666054,hist_mean:rule
2003-12,0.0006013030309006922,0.00047795417651685804,0.061674427191917125,hist_mean:rule
2004-01,0.006312505033168937,0.006137211078535359,0.08764697731678905,hist_mean:rule
2004-02,0.005123105420249388,0.004932459291480962,0.09532306438421301,hist_mean:rule
2004-03,0.004723936330021213,0.004547281444969064,0.08832744252607472,hist_mean:rule
2004-04,0.009357766283544296,0.009218644852066587,0.06956071573885475,hist_mean:rule
2004-05,-0.001765820050510069,-0.001966779571553159,0.10047976052154496,hist_mean:rule
2004-06,0.001296909167236535,0.0011602923650338604,0.06830840110133718,hist_mean:rule
2004-07,0.0019764162490550907,0.0018591374911803927,0.05863937893734915,hist_mean:rule
2004-08,0.0066016136490876206,0.006455448858409488,0.07308239533906619,hist_mean:rule
2004-09,0.0020708652314058032,0.0019333265663826853,0.06876933251155888,hist_mean:rule
2004-10,0.002441828470887602,0.0022925758195296206,0.07462632567899044,hist_mean:rule
2004-11,0.0020925554505033667,0.0018974497134117115,0.09755286854582751,hist_mean:rule
2004-12,0.006133317893149041,0.005983613461415091,0.07485221586697531,hist_mean:rule
2005-01,0.0020815604333715774,0.0018261928887167555,0.12768377232741096,hist_mean:rule
2005-02,0.014464056174951948,0.014335827755658797,0.06411420964657594,hist_mean:rule
2005-03,0.008538442124250475,0.008380003596036877,0.0792192641067993,hist_mean:rule
2005-04,0.01032429579572853,0.010180132611004717,0.07208159236190748,hist_mean:rule
2005-05,-0.016917576090258634,-0.01710614406843522,0.09428398908829184,hist_mean:rule
2005-06,-0.003629587723391449,-0.0038033026373256945,0.08685745696712276,hist_mean:rule
2005-07,0.010863293267119859,0.010747834577695627,0.05772934471211536,hist_mean:rule
2005-08,0.003387038993048618,0.00325225647546535,0.06739125879163389,hist_mean:rule
2005-09,-0.0023095599517735034,-0.002504979204141605,0.09770962618405075,hist_mean:rule
2005-10,-0.002258559719961012,-0.0023978061002357188,0.06962319013735317,hist_mean:rule
2005-11,-0.002109148648730819,-0.002250179655868537,0.07051550356885886,hist_mean:rule
2005-12,-0.0008963159147708858,-0.0010445230844492877,0.0741035848392011,hist_mean:rule
2006-01,0.0035951604279632434,0.0034724501151406732,0.061355156411285056,hist_mean:rule
2006-02,-0.005799186533719582,-0.006199972789606603,0.20039312794351039,hist_mean:rule
2006-03,-0.013113899439651178,-0.013284127907334698,0.08511423384176078,hist_mean:rule
2006-04,-0.0024503400929893034,-0.002716811331437526,0.13323561922411106,hist_mean:rule
2006-05,-0.0017976881962030432,-0.0020133859846030505,0.10784889420000389,hist_mean:rule
2006-06,0.008395327043938866,0.008257470585603329,0.06892822916776738,hist_mean:rule
2006-07,0.0030371849996311717,0.00261416332561842,0.21151083700637585,hist_mean:rule
2006-08,0.0029024787474808775,0.0026839633187061385,0.10925771438736927,hist_mean:rule
2006-09,0.0003816671746767055,0.0001081855015399322,0.1367408365683866,hist_mean:rule
2006-10,-0.00241083517719656,-0.002558038729506188,0.07360177615481388,hist_mean:rule
2006-11,-0.00525811902116691,-0.005405826762321045,0.07385387057706734,hist_mean:rule
2006-12,-0.0015900376475833026,-0.001747525447983991,0.07874390020034411,hist_mean:rule
2007-01,-0.00175452079426663,-0.001954271813161906,0.09987550944763775,hist_mean:rule
2007-02,-0.0035275594920952426,-0.003909878713213756,0.19115961055925657,hist_mean:rule
2007-03,0.0055227594968286576,0.005323640025931276,0.09955973544869065,hist_mean:rule
2007-04,0.002293891340101626,0.0020507145460704856,0.12158839701557034,hist_mean:rule
2007-05,0.003229660745075556,0.0029577325590085155,0.13596409303352006,hist_mean:rule
2007-06,0.0007513692829996765,0.000559085242016023,0.09614202049182681,hist_mean:rule
2007-07,-0.003325961240632435,-0.00353779636430493,0.10591756183624777,hist_mean:rule
2007-08,0.004245875558796168,0.004001029184295521,0.12242318725032303,hist_mean:rule
2007-09,-0.001934728814690546,-0.0021378998486631683,0.10158551698631106,hist_mean:rule
2007-10,0.007042303161604687,0.0067061995607467575,0.16805180042896492,hist_mean:rule
2007-11,0.0004669934688024886,0.0001634268878661018,0.15178329046819336,hist_mean:rule
2007-12,0.0019455307207862699,0.0016967672462245861,0.12438173728084186,hist_mean:rule
2008-01,1.2567948388441991e-05,-0.00026109589403234916,0.13683192121039542,hist_mean:rule
2008-02,0.0027727775919089586,0.002547917695377996,0.11242994826548149,hist_mean:rule
2008-03,0.00116148844910624,0.0009669212647366085,0.09728359218481589,hist_mean:rule
2008-04,0.004071238800017858,0.0038611735933989175,0.10503260330947048,hist_mean:rule
2008-05,-0.0008163856885621419,-0.001096785464407791,0.1401998879228245,hist_mean:rule
2008-06,0.002714972533443657,0.002550598922047259,0.08218680569819883,hist_mean:rule
2008-07,0.006559470232966091,0.00640874945167543,0.07536039064533068,hist_mean:rule
2008-08,0.0022111120714602014,0.0020025076868285144,0.1043021923158435,hist_mean:rule
2008-09,0.0039340673454325865,0.0037771289162730555,0.07846921457976563,hist_mean:rule
2008-10,0.00632868383432614,0.006114246271404972,0.10721878146058353,hist_mean:rule
2008-11,0.007175209013313063,0.006904459941483602,0.1353745359147309,hist_mean:rule
2008-12,-0.002872347135131102,-0.0031579351836518656,0.14279402426038176,hist_mean:rule
2009-01,0.0013877044500741982,0.0011543139278719305,0.1166952611011341,hist_mean:rule
2009-02,-0.0012000760494466393,-0.0014325988242128293,0.11626138738309487,hist_mean:rule
2009-03,-0.002777805343606281,-0.002992968986616363,0.10758182150504109,hist_mean:rule
2009-04,-0.022446722442626663,-0.02270584817183401,0.12956286460367308,hist_mean:rule
2009-05,-0.005262430666328492,-0.0055836931295765516,0.1606312316240298,hist_mean:rule
2009-06,0.00176019694207589,0.001467007787862449,0.1465945771067203,hist_mean:rule
2009-07,0.004364149608300946,0.004163549398210565,0.10030010504519056,hist_mean:rule
2009-08,0.002727326734528865,0.002521790389153081,0.10276817268789186,hist_mean:rule
2009-09,-0.0022882943096216427,-0.002457579089429337,0.08464238990384704,hist_mean:rule
2009-10,0.0010194219184193885,0.0008216402135310586,0.09889085244416475,hist_mean:rule
2009-11,0.0024111208288058895,0.0022614930372219966,0.07481389579194646,hist_mean:rule
2009-12,-0.0020369340716477583,-0.0021955728389978744,0.07931938367505806,hist_mean:rule
2010-01,-0.0001142421934678456,-0.000275274115285969,0.08051596090906192,hist_mean:rule
2010-02,0.002471622142028255,0.0022639295083881827,0.1038463168200364,hist_mean:rule
2010-03,0.0017124422190952038,0.0015313238847189153,0.09055916718814423,hist_mean:rule
2010-04,0.0025205936910905214,0.0023629889099560097,0.07880239056725567,hist_mean:rule
2010-05,0.002600798777201353,0.0024666274204988726,0.06708567835124009,hist_mean:rule
2010-06,0.002623823588149069,0.002479891737246759,0.0719659254511551,hist_mean:rule
2010-07,0.002690056883012647,0.0025719935316087673,0.05903167570193994,hist_mean:rule
2010-08,0.000838682394403278,0.0006833869795689522,0.07764770741716273,hist_mean:rule
2010-09,0.0013077103773439936,0.00113337760069919,0.08716638832240205,hist_mean:rule
2010-10,0.0043875041884014615,0.004256355702822681,0.0655742427893906,hist_mean:rule
2010-11,0.005400398598819706,0.005254462591453654,0.07296800368302647,hist_mean:rule
2010-12,0.0008727077746969138,0.0007177225263702316,0.07749262416334095,hist_mean:rule
2011-01,0.002316507615405839,0.00217249278127026,0.0720074170677895,hist_mean:rule
2011-02,0.0007983093049501752,0.0006464020582393913,0.07595362335539194,hist_mean:rule
2011-03,5.974850148107774e-05,-0.00010533834978192813,0.0825434256315029,hist_mean:rule
2011-04,0.003682768209606753,0.003555519701206841,0.06362425419995604,hist_mean:rule
2011-05,0.0027112986526218992,0.0025874820012535874,0.061908325684155954,hist_mean:rule
2011-06,0.0008606598253727507,0.0007512725243269475,0.054693650522901587,hist_mean:rule
2011-07,0.004768029464628555,0.004663323041233828,0.05235321169736404,hist_mean:rule
2011-08,0.003467988847554687,0.0033553825679606708,0.05630313979700816,hist_mean:rule
2011-09,0.006279731408194852,0.006160496308022044,0.05961755008640438,hist_mean:rule
2011-10,0.0012843188247631558,0.0011723950473292366,0.05596188871695963,hist_mean:rule
2011-11,0.005292089697932488,0.005155730298826371,0.06817969955305896,hist_mean:rule
2011-12,0.00335369100123638,0.0032488972688851673,0.05239686617560626,hist_mean:rule
2012-01,-0.007464570494805819,-0.0076738420269128515,0.10463576605351617,hist_mean:rule
2012-02,0.002910028100048413,0.002768677322274643,0.07067538888688499,hist_mean:rule
2012-03,0.01037402226697567,0.010252987617121088,0.06051732492729195,hist_mean:rule
2012-04,0.004474343265665728,0.004261148164976556,0.10659755034458636,hist_mean:rule
2012-05,0.0019061823302374337,0.0017462687163604521,0.07995680693849079,hist_mean:rule
2012-06,0.0030584789038694987,0.0029690117941537247,0.04473355485788673,hist_mean:rule
2012-07,0.004343279331744694,0.004223029856313072,0.06012473771581045,hist_mean:rule
2012-08,0.0034585402178055552,0.00336221677235763,0.04816172272396263,hist_mean:rule
2012-09,-0.00028371534087067796,-0.0003850937416895726,0.05068920040944738,hist_mean:rule
2012-10,0.000958503628959158,0.0008642641361718456,0.04711974639365616,hist_mean:rule
2012-11,0.003836144125276507,0.003740035057797518,0.04805453373949428,hist_mean:rule
2012-12,-2.0430724456240697e-05,-0.00012904978245916582,0.05430952900146252,hist_mean:rule
2013-01,0.0005866262081743312,0.0004884477885581924,0.04908920980806946,hist_mean:rule
2013-02,0.0021958769323303868,0.002055765702437374,0.07005561494650635,hist_mean:rule
2013-03,0.002960321858132219,0.0028360230433014826,0.062149407415368195,hist_mean:rule
2013-04,0.004597914843248864,0.004457904844082879,0.07000499958299267,hist_mean:rule
2013-05,-0.0014480733909977683,-0.00157381792631274,0.06287226765748594,hist_mean:rule
2013-06,0.0028655617358409606,0.0027395925315113214,0.06298460216481955,hist_mean:rule
2013-07,0.00775529414578409,0.007613539718581447,0.0708772136013221,hist_mean:rule
2013-08,-0.0008834749450130678,-0.0010158493021051299,0.06618717854603094,hist_mean:rule
2013-09,-0.0022566369480181065,-0.002437248838304376,0.09030594514313445,hist_mean:rule
2013-10,-0.001056468498939268,-0.0011696449058952688,0.05658820347800057,hist_mean:rule
2013-11,-0.0006697987344470372,-0.0008020683166685157,0.06613479111073922,hist_mean:rule
2013-12,0.0017583254113060296,0.001672594661289408,0.04286537500831086,hist_mean:rule
2014-01,0.0021546584200140776,0.0020609081711667424,0.04687512442366764,hist_mean:rule
2014-02,0.005462222210166169,0.005361589865738621,0.05031617221377404,hist_mean:rule
2014-03,0.0020605935610409436,0.0019634691129509917,0.04856222404497583,hist_mean:rule
2014-04,-0.0017460092546067022,-0.0019039308849321812,0.07896081516274013,hist_mean:rule
2014-05,0.0006249630942310544,0.0004709756440367139,0.07699372509717019,hist_mean:rule
2014-06,0.0012356113983143303,0.0011269300257050537,0.054340686304638355,hist_mean:rule
2014-07,0.002320336003672427,0.002228765757468345,0.04578512310204088,hist_mean:rule
2014-08,0.00010863723644462604,-4.580096199168877e-05,0.07721909921815746,hist_mean:rule
2014-09,-0.0013681056600206782,-0.001454407468569683,0.04315090427450244,hist_mean:rule
2014-10,0.002613034193504489,0.002511376897155113,0.05082864817468801,hist_mean:rule
2014-11,0.007699856796750598,0.007601095489857861,0.04938065344636863,hist_mean:rule
2014-12,0.007315535824441718,0.007216124839037585,0.04970549270206586,hist_mean:rule
2015-01,0.006395888788988524,0.006278602877610156,0.05864295568918379,hist_mean:rule
2015-02,-0.000838919277061146,-0.0009651572331758735,0.06311897805736368,hist_mean:rule
2015-03,0.0074604988752385686,0.007353918102470022,0.05329038638427282,hist_mean:rule
2015-04,-0.006847042627280558,-0.0069784139417675825,0.06568565724351229,hist_mean:rule
2015-05,0.0002583016830107489,7.70091411329958e-05,0.09064627093887663,hist_mean:rule
2015-06,0.004259861472123276,0.004172598712501237,0.043631379811019194,hist_mean:rule
2015-07,0.00729682178868306,0.007214591119824217,0.04111533442942126,hist_mean:rule
2015-08,0.003137921432644012,0.0030427522601850394,0.047584586229486275,hist_mean:rule
2015-09,0.006630269767571904,0.006542086150826047,0.044091808372927595,hist_mean:rule
2015-10,-0.00026999094015044893,-0.0003741613695836762,0.05208521471661356,hist_mean:rule
2015-11,0.002128007128782961,0.0020211231963066464,0.05344196623815744,hist_mean:rule
2015-12,0.004424486570733573,0.004313679719576521,0.055403425578526226,hist_mean:rule
2016-01,0.0027787168294339006,0.002681255830954835,0.0487304992395326,hist_mean:rule
2016-02,-0.0016293172615641795,-0.0017345884473678318,0.052635592901826005,hist_mean:rule
2016-03,-0.007224026934126473,-0.007335049235383766,0.05551115062864701,hist_mean:rule
2016-04,0.0009681515216615348,0.0008535418062488284,0.057304857706353095,hist_mean:rule
2016-05,0.00393709179982459,0.003835626626018506,0.050732586903041416,hist_mean:rule
2016-06,1.6511201472354294e-05,-6.787693331729591e-05,0.042194067394825084,hist_mean:rule
2016-07,0.003962219257016334,0.0038816123401649674,0.0403034584256833,hist_mean:rule
2016-08,0.005605090361759534,0.005508585295374679,0.048252533192427546,hist_mean:rule
2016-09,0.0050714351737988625,0.004956447823229049,0.057493675284906814,hist_mean:rule
2016-10,0.0032851612684582404,0.00322943356862659,0.027863849915825113,hist_mean:rule
2016-11,-0.005010217544084442,-0.005103984585761703,0.04688352083863016,hist_mean:rule
2016-12,0.0009698022725233491,0.0008114557769633729,0.07917324777998806,hist_mean:rule
2017-01,0.0051197409628743204,0.005023509822310131,0.04811557028209498,hist_mean:rule
2017-02,-0.001833485748068173,-0.001927827382414626,0.04717081717322655,hist_mean:rule
2017-03,0.00394777788487971,0.003873382921826786,0.03719748152646183,hist_mean:rule
2017-04,-0.0004125486122235602,-0.0004909416578275048,0.03919652280197233,hist_mean:rule
2017-05,0.0028491564471855016,0.0027655127580179287,0.04182184458378675,hist_mean:rule
2017-06,0.0008096512177327168,0.0007158747145476597,0.046888251592528546,hist_mean:rule
2017-07,0.0036738980462926265,0.0036043097851689992,0.034794130561813554,hist_mean:rule
2017-08,0.0006346136815448475,0.0005553765966395722,0.039618542452637656,hist_mean:rule
2017-09,0.004490710188974781,0.0044282195184728755,0.031245335250952674,hist_mean:rule
2017-10,0.0024171327689892566,0.002340412744475598,0.03836001225682926,hist_mean:rule
2017-11,0.0001624496620418257,6.033614113756414e-05,0.05105676045213085,hist_mean:rule
2017-12,0.0005849869263975048,0.000508404001766693,0.03829146231540589,hist_mean:rule
2018-01,0.005355734368860642,0.00525332399726489,0.051205185797875856,hist_mean:rule
2018-02,0.001698971168446044,0.0016031301103705889,0.04792052903772747,hist_mean:rule
2018-03,0.002811635850538746,0.002685881323259518,0.06287726363961403,hist_mean:rule
2018-04,0.0025501966046061844,0.0024593545026252144,0.04542105099048528,hist_mean:rule
2018-05,0.003219914298918988,0.0031162343199309817,0.05183998949400335,hist_mean:rule
2018-06,0.001781905602299131,0.001683513862967649,0.04919586966574103,hist_mean:rule
2018-07,0.005808075714969316,0.005722806531469684,0.04263459174981568,hist_mean:rule
2018-08,0.005746505874645037,0.005660683991154484,0.04291094174527698,hist_mean:rule
2018-09,0.012599508707593493,0.012518174835802755,0.04066693589536897,hist_mean:rule
2018-10,0.002051710378584368,0.001961466228493337,0.04512207504551564,hist_mean:rule
2018-11,-0.0036530773143866953,-0.003751221111687317,0.049071898650310836,hist_mean:rule
2018-12,-0.0035988249985349054,-0.003690612466485649,0.04589373397537216,hist_mean:rule
2019-01,0.005287129488851107,0.005217083291466487,0.03502309869230991,hist_mean:rule
2019-02,-0.004709293027801188,-0.004803666671517526,0.04718682185816933,hist_mean:rule
2019-03,0.0028892562569905853,0.002819009772931782,0.03512324202940175,hist_mean:rule
2019-04,0.0009932139382241368,0.0009212548753358765,0.03597953144413011,hist_mean:rule
2019-05,-1.803726873024389e-05,-9.780100425500066e-05,0.03988186776237828,hist_mean:rule
2019-06,0.004537405901405735,0.004458493799700226,0.0394560508527542,hist_mean:rule
2019-07,0.004456021128077718,0.004395756196038097,0.030132466019809966,hist_mean:rule
2019-08,0.0011701244513311856,0.0010829235397043014,0.0436004558134421,hist_mean:rule
2019-09,-0.0011092439205531103,-0.0011820111131810806,0.036383596313985106,hist_mean:rule
2019-10,0.0021840060199843562,0.0021028321220690053,0.040586948957675305,hist_mean:rule
2019-11,0.0019781550216581897,0.0019092371699085864,0.03445892587480163,hist_mean:rule
2019-12,0.005017644551149226,0.004939810947952475,0.038916801598375704,hist_mean:rule
2020-01,0.0016498663861267806,0.0015890427456831423,0.030411820221819204,hist_mean:rule
2020-02,0.0036859423247742012,0.00360585053671369,0.04004589403025555,hist_mean:rule
2020-03,0.0041942087273111155,0.004113484539540388,0.040362093885364166,hist_mean:rule
2020-04,-0.006210108718460992,-0.006375579034718406,0.0827351581287068,hist_mean:rule
2020-05,-0.0012821547916212386,-0.0014268512039980411,0.07234820618840135,hist_mean:rule
2020-06,-0.005248249888198408,-0.005347919733750705,0.04983492277614847,hist_mean:rule
2020-07,0.005286761682095284,0.005160205778610382,0.06327795174245109,hist_mean:rule
2020-08,-0.0034487339329091022,-0.003573704379120057,0.06248522310547749,hist_mean:rule
2020-09,0.0021995194509348013,0.002105984051500341,0.046767699717230375,hist_mean:rule
2020-10,0.004526450238789532,0.004435385791172599,0.04553222380846647,hist_mean:rule
2020-11,-0.015778354447155748,-0.015864883347746186,0.043264450295219616,hist_mean:rule
2020-12,-0.003142836109988055,-0.003282695843273432,0.06992986664268852,hist_mean:rule
2021-01,0.005842107974958622,0.005733527356947482,0.0542903090055693,hist_mean:rule
2021-02,-0.0019076394443850958,-0.002006573068671679,0.04946681214329143,hist_mean:rule
2021-03,0.00046409179979297835,0.0003522392293690561,0.05592628521196105,hist_mean:rule
2021-04,0.0015422938563609317,0.0014476868658158122,0.047303495272559865,hist_mean:rule
2021-05,0.001509984104274774,0.0013925470781591233,0.05871851305782549,hist_mean:rule
2021-06,-0.004853903811202037,-0.004939264007931355,0.04268009836465887,hist_mean:rule
2021-07,0.003657580976729971,0.0035648753487885388,0.046352813970716465,hist_mean:rule
2021-08,-0.0007770598092056973,-0.0008519098000126489,0.03742499540347572,hist_mean:rule
2021-09,0.003799424075859534,0.003706137680858028,0.046643197500753214,hist_mean:rule
2021-10,-0.0002176598361155377,-0.00030232484239092744,0.04233250313769485,hist_mean:rule
2021-11,0.005970754068424214,0.005883518972769459,0.04361754782737798,hist_mean:rule
2021-12,0.008430488486668216,0.008327260230985024,0.051614127841595796,hist_mean:rule
2022-01,0.007906786393996473,0.007828453287085464,0.03916655345550526,hist_mean:rule
2022-02,0.009107126714062408,0.009025224275478099,0.04095121929215499,hist_mean:rule
2022-03,0.004901623789783441,0.004797270864558692,0.052176462612374346,hist_mean:rule
2022-04,0.007756842545557834,0.007651449118500861,0.052696713528485616,hist_mean:rule
2022-05,0.00543297902591646,0.005319934780675016,0.05652212262072179,hist_mean:rule
2022-06,-0.004047596389939243,-0.004147587612329729,0.04999561119524299,hist_mean:rule
2022-07,-0.0012708297092690187,-0.0013668658434044965,0.048018067067738965,hist_mean:rule
2022-08,-0.0020605132822476297,-0.0021408078643944265,0.0401472910733984,hist_mean:rule
2022-09,0.0004382112650229383,0.00034670131863852647,0.04575497319220616,hist_mean:rule
2022-10,0.003086331666039474,0.0029997510761683418,0.04329029493556606,hist_mean:rule
2022-11,-0.0017844239414709577,-0.0019004692195294507,0.058022639029246606,hist_mean:rule
2022-12,0.005389135596184098,0.005269669112890818,0.05973324164664014,hist_mean:rule
2023-01,0.0032979336700738964,0.003205260215911682,0.04633672708110698,hist_mean:rule
2023-02,0.0010814088000389618,0.0009804845628188267,0.050462118610067656,hist_mean:rule
2023-03,0.003059170625081757,0.002994668219704608,0.0322512026885745,hist_mean:rule
2023-04,-0.0020226783860721365,-0.0020990660747126637,0.038193844320263716,hist_mean:rule
2023-05,-0.001245684623107743,-0.0013352953670604701,0.04480537197636346,hist_mean:rule
2023-06,0.002914122822872342,0.0028328419154961125,0.04064045368811495,hist_mean:rule
2023-07,0.0011378142055322325,0.001062609347025823,0.03760242925320473,hist_mean:rule
2023-08,0.0004908462266707739,0.00039541542012825996,0.04771540327125696,hist_mean:rule
2023-09,0.004971879766582346,0.004897992521547595,0.03694362251737475,hist_mean:rule
2023-10,0.006106273764064273,0.006033275314193696,0.036499224935288524,hist_mean:rule
2023-11,-0.0030033579221757202,-0.0031393041381757307,0.06797310800000499,hist_mean:rule
2023-12,0.004008742118249196,0.003934034947036572,0.037353585606311863,hist_mean:rule
2024-01,0.011396263102580408,0.011319504481175448,0.03837931070247979,hist_mean:rule
2024-02,-0.0012886448377054987,-0.001378617688946613,0.044986425620557186,hist_mean:rule
2024-03,0.005092113273246589,0.005004637859613057,0.04373770681676627,hist_mean:rule
2024-04,0.000698585149287327,0.00059167963790683,0.05345275569024866,hist_mean:rule
2024-05,1.0030265256043659e-05,-9.745505712047257e-05,0.053742661188257886,hist_mean:rule
2024-06,0.0029986857082099643,0.002909913088081117,0.04438631006442395,hist_mean:rule
2024-07,0.0030111057653660275,0.002947156392737338,0.03197468631434473,hist_mean:rule
2024-08,0.0008580169738911114,0.0007873746474588238,0.035321163216143765,hist_mean:rule
2024-09,0.002525081037769791,0.002456837806662107,0.034121615553842494,hist_mean:rule
2024-10,0.0013185654583846478,0.00124806662047811,0.03524941895326902,hist_mean:rule
2024-11,0.007884377967621469,0.007810636635689336,0.03687066596606608,hist_mean:rule
2024-12,0.0008651958271376509,0.0007948569304299919,0.035169448353829444,hist_mean:rule
2025-01,0.0030415562999964525,0.0029812930881935695,0.030131605901441552,hist_mean:rule
2025-02,0.0010848832429432838,0.0010081149770908154,0.03838413292623408,hist_mean:rule
2025-03,0.0030784945002773813,0.003006341205435027,0.03607664742117711,hist_mean:rule
2025-04,0.00018566364673355438,0.00010963589339899239,0.038013876667280996,hist_mean:rule
2025-05,-0.00045189181857223826,-0.000532942745256005,0.040525463341883484,hist_mean:rule
2025-06,-0.0015702019208477817,-0.0016516165048140895,0.04070729198315379,hist_mean:rule
2025-07,-0.000281029684302135,-0.00034274904216775653,0.030859678932810882,hist_mean:rule
2025-08,-0.004372910493314789,-0.004456623681456807,0.04185659407100862,hist_mean:rule
2025-09,0.007143767461967559,0.007074360076201025,0.034703692883267474,hist_mean:rule
2025-10,0.011425639328515728,0.011340816470292354,0.04241142911168685,hist_mean:rule
2025-11,0.0016156933813986905,0.0015183667046111688,0.048663338393760844,hist_mean:rule
2025-12,0.008360516324257737,0.008294618592981725,0.032948865638005746,hist_mean:rule
2000-01,0.010129358665357375,0.010129358665357375,0.0,ols:dm_only
2000-02,0.014948291401060477,0.013362107358197942,0.7930920214312679,ols:dm_only
2000-03,0.0015827103967381842,-0.00014314163408866108,0.8629260154134228,ols:dm_only
2000-04,-0.018903940295110715,-0.020511929950933507,0.8039948279113962,ols:dm_only
2000-05,0.0016637852207345163,-0.00018550220187211856,0.9246437113033175,ols:dm_only
2000-06,-0.014623141417832808,-0.01638042052750447,0.8786395548358308,ols:dm_only
2000-07,-0.0034612913991918124,-0.005285986396189427,0.9123474984988069,ols:dm_only
2000-08,-0.007692273753618531,-0.009323522514405273,0.815624380393371,ols:dm_only
2000-09,0.0018140221280107188,0.00016805401777675614,0.8229840551169811,ols:dm_only
2000-10,-0.0009279804183449951,-0.002397307030891975,0.73466330627349,ols:dm_only
2000-11,0.006385991320812513,0.004952103688528407,0.7169438161420526,ols:dm_only
2000-12,-0.002592305509330055,-0.00419960055884834,0.8036475247591426,ols:dm_only
2001-01,-0.01236825266380199,-0.014201903274850674,0.9168253055243403,ols:dm_only
2001-02,0.004611382413558631,0.0025840975172641257,1.0136424481472521,ols:dm_only
2001-03,0.019703898008200417,0.017741751090118378,0.9810734590410188,ols:dm_only
2001-04,0.0030544913281643953,0.0013330177253341369,0.860736801415129,ols:dm_only
2001-05,0.008654498082377298,0.006853449572259567,0.9005242550588649,ols:dm_only
2001-06,-0.003930799151088083,-0.005431685129262191,0.7504429890870541,ols:dm_only
2001-07,0.014120895509844512,0.012504196122381236,0.8083496937316382,ols:dm_only
2001-08,-0.008056345546725331,-0.009588967238189824,0.766310845732247,ols:dm_only
2001-09,0.00996146010920262,0.00822079998229446,0.8703300634540788,ols:dm_only
2001-10,-0.019498290155294907,-0.02130371350244919,0.9027116735771402,ols:dm_only
2001-11,0.0007428606347108519,-0.001447436845327272,1.095148740019062,ols:dm_only
2001-12,0.011878409620449832,0.010071114867824844,0.9036473763124929,ols:dm_only
2002-01,0.0019489194491113186,3.5144585313898946e-05,0.9568874318987098,ols:dm_only
2002-02,0.0064894129388227174,0.005022403870495222,0.7335045341637481,ols:dm_only
2002-03,0.010437328350647394,0.009134519760433115,0.6514042951071392,ols:dm_only
2002-04,0.006377684629693189,0.005224087730326806,0.5767984496831919,ols:dm_only
2002-05,0.005711636076153497,0.00441199121835133,0.6498224289010839,ols:dm_only
2002-06,0.0073218140896364635,0.006065802662835876,0.6280057134002938,ols:dm_only
2002-07,0.004993231913152157,0.0038238411347595387,0.5846953891963091,ols:dm_only
2002-08,0.002050683104592218,0.000879583343961672,0.5855498803152729,ols:dm_only
2002-09,0.004157285833843191,0.002879075266687017,0.6391052835780874,ols:dm_only
2002-10,0.004052428712017677,0.002920592058534968,0.5659183267413539,ols:dm_only
2002-11,0.004337178199332278,0.00288516420771395,0.7260069958091637,ols:dm_only
2002-12,0.0025297284297520436,0.0013038484271766057,0.612940001287719,ols:dm_only
2003-01,0.0009284601929729238,-0.00035625216980695137,0.6423561813899376,ols:dm_only
2003-02,-0.0003386014004542592,-0.0013151098884488395,0.48825424399729006,ols:dm_only
2003-03,0.009863264868994154,0.008856591395883915,0.5033367365551186,ols:dm_only
2003-04,-0.004397471768515368,-0.005145048689560628,0.37378846052263087,ols:dm_only
2003-05,0.002532906711903445,0.001257393339577638,0.6377566861629036,ols:dm_only
2003-06,0.006733258690882565,0.005609758039343043,0.5617503257697607,ols:dm_only
2003-07,0.010839649697471775,0.009823211347241338,0.508219175115219,ols:dm_only
2003-08,0.005426367782412851,0.004442290889928617,0.49203844624211734,ols:dm_only
2003-09,-0.0042327772350552045,-0.005372389760915038,0.569806262929917,ols:dm_only
2003-10,0.012419492487829248,0.011393276269418625,0.513108109205311,ols:dm_only
2003-11,0.0019478553465197394,0.0009897724068009634,0.4790414698593878,ols:dm_only
2003-12,0.001807761666753374,0.0007983088481705768,0.5047264092913986,ols:dm_only
2004-01,-0.0075051445958699515,-0.008554286622643055,0.5245710133865517,ols:dm_only
2004-02,0.0018533107534161636,0.0006366743370235396,0.608318208196312,ols:dm_only
2004-03,0.002842073737606,0.0018208208200619343,0.5106264587720328,ols:dm_only
2004-04,0.0009182202286364275,-7.182491340563808e-05,0.49502257102103286,ols:dm_only
2004-05,-0.005386319389522624,-0.006378816089877884,0.4962483501776296,ols:dm_only
2004-06,0.003625769789352299,0.0026872627289151988,0.4692535302185502,ols:dm_only
2004-07,0.0043837814746082995,0.003500181822670765,0.4417998259687673,ols:dm_only
2004-08,0.0045208245864596965,0.003692192444594458,0.4143160709326191,ols:dm_only
2004-09,0.0035129073211838785,0.0026332537538324217,0.4398267836757284,ols:dm_only
2004-10,0.013643280177969595,0.012755274055100808,0.4440030614343933,ols:dm_only
2004-11,0.002947580893109443,0.0021159297951913554,0.41582554895904394,ols:dm_only
2004-12,0.008097508402458743,0.0070985814652856,0.49946346858657226,ols:dm_only
2005-01,0.0006384167132259888,-0.0004114722707382908,0.5249444919821401,ols:dm_only
2005-02,0.008787640115792982,0.0078011691796552015,0.4932354680688907,ols:dm_only
2005-03,0.01095938016025721,0.009957373560963993,0.5010032996466084,ols:dm_only
2005-04,0.01271934912612419,0.011757685428612226,0.48083184875598173,ols:dm_only
2005-05,-0.019033126933599643,-0.019849606177428387,0.4082396219143736,ols:dm_only
2005-06,0.0006142413826637193,-0.0006209521193300325,0.6175967509968759,ols:dm_only
2005-07,0.00615865544530671,0.005142829901139353,0.5079127720836785,ols:dm_only
2005-08,0.0026257686021945244,0.001696192067327327,0.46478826743359875,ols:dm_only
2005-09,0.003964311466900936,0.0028973670532379397,0.5334722068314985,ols:dm_only
2005-10,-0.0007436853846706228,-0.00168914626497375,0.4727304401515637,ols:dm_only
2005-11,-0.0010344413819502716,-0.0020073657181812364,0.48646216811548243,ols:dm_only
2005-12,-0.0010310418383511705,-0.0020167462538019446,0.4928522077253871,ols:dm_only
2006-01,-0.0006801702237832348,-0.0017883822178269507,0.5541059970218579,ols:dm_only
2006-02,-0.00035911373504970604,-0.0018224427225065228,0.7316644937284084,ols:dm_only
2006-03,-0.01392251751178359,-0.015194928055796472,0.6362052720064425,ols:dm_only
2006-04,0.008362480959796297,0.007093123852574363,0.6346785536109669,ols:dm_only
2006-05,0.0014853749227648225,0.00038238753421594815,0.5514936942744372,ols:dm_only
2006-06,0.014032337430080276,0.012995936119110275,0.5182006554850002,ols:dm_only
2006-07,-0.005621672085647533,-0.006741236858482209,0.5597823864173382,ols:dm_only
2006-08,-0.0048404776518453955,-0.006112073058436693,0.6357977032956483,ols:dm_only
2006-09,0.00278339293573482,0.0015214041524406082,0.6309943916471061,ols:dm_only
2006-10,-0.0047405451214027,-0.0057978602462559715,0.5286575624266356,ols:dm_only
2006-11,0.00831167015606224,0.007156701168272029,0.5774844938951061,ols:dm_only
2006-12,0.0012626998657345985,0.0002130558157788714,0.5248220249778633,ols:dm_only
2007-01,0.00637397364525106,0.005220519365725307,0.5767271397628765,ols:dm_only
2007-02,0.0017391830951923738,0.0005554975876940854,0.5918427537491443,ols:dm_only
2007-03,0.008296123760272224,0.007178039111205818,0.5590423245332024,ols:dm_only
2007-04,0.007535214596758384,0.006458321855119475,0.5384463708194549,ols:dm_only
2007-05,0.0028379890362129553,0.0017465536612948326,0.5457176874590615,ols:dm_only
2007-06,-0.0031033924563917577,-0.004348897694385505,0.6227526189968737,ols:dm_only
2007-07,-3.356736796175068e-05,-0.0014211276426577232,0.6937801373479862,ols:dm_only
2007-08,0.0005452164178835249,-0.0007957003161443574,0.6704583670139412,ols:dm_only
2007-09,0.0012098910375611593,-0.00012808716189480576,0.6689890997279827,ols:dm_only
2007-10,0.012589635972845707,0.011335377860659624,0.627129056093041,ols:dm_only
2007-11,0.0011222645561060572,-0.00011637110095806081,0.6193178285320587,ols:dm_only
2007-12,0.004059222434750308,0.002668214472437704,0.6955039811563022,ols:dm_only
2008-01,0.002326040495189384,0.0011527661142213485,0.5866371904840177,ols:dm_only
2008-02,-0.0012835176538791217,-0.002662638687267291,0.6895605166940845,ols:dm_only
2008-03,0.004562233068838258,0.003177694550950156,0.6922692589440513,ols:dm_only
2008-04,0.0005864163312757706,-0.0007639243408849144,0.6751703360803424,ols:dm_only
2008-05,-0.0012684640258520798,-0.002729435448583819,0.7304857113658697,ols:dm_only
2008-06,0.00958448467919433,0.008307487041994514,0.638498818599908,ols:dm_only
2008-07,-0.005168115796949722,-0.006277633706696872,0.5547589548735755,ols:dm_only
2008-08,0.008211001863215571,0.006716130052338556,0.7474359054385065,ols:dm_only
2008-09,0.012866127485122086,0.011734877609694279,0.565624937713903,ols:dm_only
2008-10,0.03284979084946653,0.031718431864124645,0.5656794926709418,ols:dm_only
2008-11,0.019691639353470073,0.018567512840022574,0.5620632567237521,ols:dm_only
2008-12,-0.008979756173746217,-0.0102056233119276,0.6129335690906915,ols:dm_only
2009-01,0.00024355386387041843,-0.0012253231120752917,0.7344384879728552,ols:dm_only
2009-02,0.009438484736914941,0.007965200516114405,0.736642110400268,ols:dm_only
2009-03,-0.011829233352971586,-0.012982124136667312,0.5764453918478638,ols:dm_only
2009-04,-0.020221806758662173,-0.021756546311829147,0.7673697765834869,ols:dm_only
2009-05,0.01256799816955924,0.010680247108436583,0.9438755305613283,ols:dm_only
2009-06,-0.004009377739995458,-0.00568176923807357,0.8361957490390559,ols:dm_only
2009-07,0.00654734361153678,0.0048067252579073495,0.8703091768147153,ols:dm_only
2009-08,0.0036722186321653237,0.0023482925235833534,0.6619630542909851,ols:dm_only
2009-09,0.0038911177341694556,0.002515156032295574,0.6879808509369408,ols:dm_only
2009-10,0.001116248923241209,-0.00015208841663308877,0.6341686699371488,ols:dm_only
2009-11,0.0010703959116102292,-0.00024629274795426564,0.6583443297822474,ols:dm_only
2009-12,-0.002676190750315756,-0.0039058107219022515,0.6148099857932476,ols:dm_only
2010-01,-0.0003854710668104493,-0.0018076604390063339,0.7110946860979424,ols:dm_only
2010-02,-0.0050646655196680155,-0.006575233398101629,0.7552839392168061,ols:dm_only
2010-03,-0.0007186774838888633,-0.002339013167596542,0.8101678418538395,ols:dm_only
2010-04,0.006077281714076935,0.004635512579860577,0.7208845671081795,ols:dm_only
2010-05,0.0037192325611517234,0.002418489439084195,0.650371561033764,ols:dm_only
2010-06,0.008455042928999117,0.007210478167033868,0.6222823809826239,ols:dm_only
2010-07,-0.0017861904350517806,-0.0028454491313442253,0.5296293481462222,ols:dm_only
2010-08,0.001135668959575057,-0.0002571066072492889,0.6963877834121731,ols:dm_only
2010-09,0.002136042596858942,0.0007327322873454128,0.7016551547567645,ols:dm_only
2010-10,0.007093250372543528,0.005703245122101774,0.695002625220877,ols:dm_only
2010-11,0.007880991480604414,0.006586458003184931,0.6472667387097419,ols:dm_only
2010-12,0.008142126503211923,0.0068023895138857975,0.6698684946630629,ols:dm_only
2011-01,0.0066127909598972774,0.005420023399270786,0.5963837803132458,ols:dm_only
2011-02,-0.0036651428925403447,-0.004925024796192096,0.6299409518258756,ols:dm_only
2011-03,-0.0013367161492649324,-0.0026464170838895185,0.6548504673122928,ols:dm_only
2011-04,0.00950480375112687,0.008224303472911169,0.64025013910785,ols:dm_only
2011-05,0.003743233241520604,0.0026601265462060657,0.5415533476572693,ols:dm_only
2011-06,0.0031634298860131974,0.002016691228181823,0.5733693289156869,ols:dm_only
2011-07,0.00521398892320328,0.004182707479426837,0.5156407218882215,ols:dm_only
2011-08,0.007767386843936667,0.006744828256772187,0.51127929358224,ols:dm_only
2011-09,0.01197280609695699,0.01091955003441827,0.5266280312693588,ols:dm_only
2011-10,-0.00569524828640255,-0.006795337447698861,0.5500445806481561,ols:dm_only
2011-11,0.0038773361860034365,0.002483110619724535,0.6971127831394509,ols:dm_only
2011-12,0.004949536952363542,0.0035873227310705288,0.6811071106465069,ols:dm_only
2012-01,-0.017893482966576762,-0.01879001561132666,0.44826632237494834,ols:dm_only
2012-02,-0.001173598653854188,-0.0024117102155552664,0.6190557808505393,ols:dm_only
2012-03,0.009434116911597457,0.008217406499373942,0.6083552061117581,ols:dm_only
2012-04,0.008550641146766154,0.0075329139897172435,0.5088635785244549,ols:dm_only
2012-05,0.008404022361864721,0.007486889012336974,0.45856667476387347,ols:dm_only
2012-06,0.005617408738815659,0.004713345655502669,0.452031541656495,ols:dm_only
2012-07,0.0059426865879065715,0.005019988548757686,0.461349019574443,ols:dm_only
2012-08,0.002964447760950897,0.002045406706192036,0.4595205273794308,ols:dm_only
2012-09,-0.0023301681838982127,-0.0032503975654459443,0.46011469077386585,ols:dm_only
2012-10,0.0015556652214011029,0.0005032662793168055,0.5261994710421487,ols:dm_only
2012-11,0.007626129144078186,0.006666527926215748,0.47980060893121906,ols:dm_only
2012-12,-0.0018385721474871402,-0.0027504340418757905,0.455930947194325,ols:dm_only
2013-01,0.002087331501194736,0.0010602422036514083,0.5135446487716636,ols:dm_only
2013-02,0.0034427765802949456,0.002381871221948318,0.5304526791733137,ols:dm_only
2013-03,0.008206306495763824,0.00727104592878144,0.4676302834911916,ols:dm_only
2013-04,0.007917595462735079,0.007095218108947898,0.4111886768935903,ols:dm_only
2013-05,0.002310113418705865,0.0014502465231483058,0.42993344777877995,ols:dm_only
2013-06,0.002761892282434602,0.0016917761796338472,0.5350580514003772,ols:dm_only
2013-07,0.007065132374834565,0.005998743586684743,0.5331943940749113,ols:dm_only
2013-08,-2.3981436629690204e-05,-0.0011189073701575395,0.5474629667639246,ols:dm_only
2013-09,-0.006360010749326225,-0.007545717378569913,0.5928533146218435,ols:dm_only
2013-10,0.0003217673446351703,-0.0007856280786472107,0.5536977116411907,ols:dm_only
2013-11,-0.001361083795686723,-0.002359758728089708,0.49933746620149244,ols:dm_only
2013-12,0.002677326390882905,0.0017839239869929474,0.446701201944979,ols:dm_only
2014-01,-0.0002707018870558289,-0.0010516383470722224,0.39046823000819675,ols:dm_only
2014-02,0.00516606940581618,0.004236375203084449,0.46484710136586505,ols:dm_only
2014-03,4.182119845157283e-05,-0.0008621146931511854,0.4519679458013793,ols:dm_only
2014-04,0.0026247495738582908,0.0015502645532208625,0.5372425103187141,ols:dm_only
2014-05,-0.0022530899518736092,-0.0032829106150350645,0.5149103315807272,ols:dm_only
2014-06,0.0031732658681167263,0.002125471014855341,0.5238974266306928,ols:dm_only
2014-07,0.002320067512853156,0.0013541368570406881,0.48296532790623364,ols:dm_only
2014-08,0.0018310988403710928,0.0009064611059859708,0.46231886719256093,ols:dm_only
2014-09,-0.003466690073629956,-0.004385205206398701,0.4592575663843725,ols:dm_only
2014-10,0.0015591381654407245,0.0006407115808814541,0.4592132922796352,ols:dm_only
2014-11,0.010381267756795425,0.009402768439744979,0.48924965852522234,ols:dm_only
2014-12,0.01406033728470567,0.013235307923690985,0.4125146805073418,ols:dm_only
2015-01,0.004677273067851913,0.0038451843033913153,0.41604438223029877,ols:dm_only
2015-02,0.000632069766792252,-0.0003689016013139559,0.5004856840531039,ols:dm_only
2015-03,0.003817624261687909,0.002792850748826757,0.5123867564305762,ols:dm_only
2015-04,-0.011308063212708072,-0.01228092391068325,0.4864303489875889,ols:dm_only
2015-05,-0.0005530358577495128,-0.0018455880011188925,0.6462760716846898,ols:dm_only
2015-06,0.0031304531986836564,0.001964499830687472,0.582976683998092,ols:dm_only
2015-07,0.00791249358857364,0.007051895149112179,0.43029921973073143,ols:dm_only
2015-08,0.006553311073519205,0.005677256147906414,0.4380274628063955,ols:dm_only
2015-09,0.005093753381478159,0.0042041504000775425,0.444801490700308,ols:dm_only
2015-10,-0.002458080535312278,-0.0033780263527510603,0.45997290871939145,ols:dm_only
2015-11,0.004705103725351937,0.0036251997434485093,0.5399519909517136,ols:dm_only
2015-12,-0.0015432488851711678,-0.00256422275535886,0.5104869350938462,ols:dm_only
2016-01,0.0015588012236803267,0.0005167621647616884,0.5210195294593191,ols:dm_only
2016-02,-0.0009250592463868281,-0.002012159668114827,0.5435502108639995,ols:dm_only
2016-03,-0.004938584370458047,-0.006061129054917253,0.561272342229603,ols:dm_only
2016-04,0.0036923101440869445,0.002525941981595011,0.5831840812459669,ols:dm_only
2016-05,0.0005028864036153468,-0.0005759436173711853,0.5394150104932661,ols:dm_only
2016-06,-0.0001368903912092808,-0.0011843985400805965,0.5237540744356577,ols:dm_only
2016-07,0.0015572470576234025,0.0006397510248540462,0.4587480163846783,ols:dm_only
2016-08,0.0057037384560048076,0.004696188520063365,0.5037749679707212,ols:dm_only
2016-09,0.006395700172036819,0.005457097414389434,0.46930137882369183,ols:dm_only
2016-10,0.0025457155709564944,0.0018569598254735758,0.34437787274145937,ols:dm_only
2016-11,-0.0017114096986489704,-0.0025923392120140126,0.4404647566825213,ols:dm_only
2016-12,0.001252371136407121,0.00019581039013583473,0.528280373135643,ols:dm_only
2017-01,0.004120541222130357,0.003167581145604632,0.4764800382628626,ols:dm_only
2017-02,-0.001487488308861848,-0.002505575893706566,0.5090437924223592,ols:dm_only
2017-03,0.0016124376609992909,0.000647644228842585,0.48239671607835294,ols:dm_only
2017-04,0.001165179331647612,0.00023482415964067688,0.46517758600346776,ols:dm_only
2017-05,0.0030747791746605505,0.0021927914633656084,0.4409938556474709,ols:dm_only
2017-06,0.0006103485091689295,-0.00040467977766113576,0.5075141434150326,ols:dm_only
2017-07,0.0020661615900846716,0.0011017973497169905,0.48218212018384066,ols:dm_only
2017-08,0.00265565081840466,0.001658029865403372,0.49881047650064386,ols:dm_only
2017-09,0.0017443709359951925,0.0008971902996730933,0.42359031816104964,ols:dm_only
2017-10,0.004189809469585262,0.003349777617869094,0.4200159258580839,ols:dm_only
2017-11,0.0012919099424645235,0.0002878220184516279,0.5020439620064477,ols:dm_only
2017-12,0.00471396264133887,0.0036694602968344162,0.5222511722522266,ols:dm_only
2018-01,0.006988526147103148,0.005966158467346506,0.5111838398783214,ols:dm_only
2018-02,0.0026615229175207663,0.0015684943439965742,0.5465142867620962,ols:dm_only
2018-03,0.004993625603594317,0.004011707870542073,0.49095886652612164,ols:dm_only
2018-04,0.002742913711120184,0.0018523674383888523,0.44527313636566584,ols:dm_only
2018-05,0.002257954525588645,0.0012247476358814553,0.5166034448535947,ols:dm_only
2018-06,0.001208408362081256,0.000151287386909688,0.528560487585784,ols:dm_only
2018-07,0.002653545825264514,0.001654253110988078,0.49964635713821787,ols:dm_only
2018-08,0.006672276429460237,0.005670226883876159,0.5010247727920389,ols:dm_only
2018-09,0.01618355751406095,0.015290729730332303,0.4464138918643247,ols:dm_only
2018-10,0.0007888495264826997,-8.003767650034814e-05,0.434443601491524,ols:dm_only
2018-11,-0.005808119571562162,-0.006815423336140617,0.5036518822892277,ols:dm_only
2018-12,0.004675469729818573,0.0034511274218657294,0.6121711539764214,ols:dm_only
2019-01,-0.0012595430967696592,-0.0021888640353392376,0.4646604692847891,ols:dm_only
2019-02,-0.006717740140449263,-0.00784009528762863,0.5611775735896832,ols:dm_only
2019-03,0.004894264447481539,0.0038157676869766395,0.5392483802524501,ols:dm_only
2019-04,0.0008080924335608319,-1.618004239222088e-05,0.4121362379765266,ols:dm_only
2019-05,0.000542142766094705,-0.00038814357269820356,0.4651431693964543,ols:dm_only
2019-06,0.002696647514661571,0.0016783525620559477,0.5091474763028118,ols:dm_only
2019-07,0.00557172946021844,0.004627598748524357,0.47206535584704096,ols:dm_only
2019-08,0.0035169700137535603,0.0026657422804588823,0.4256138666473387,ols:dm_only
2019-09,-0.003093136834570131,-0.003995485502768386,0.4511743340991275,ols:dm_only
2019-10,0.0029687878588644952,0.001919775441425683,0.5245062087194062,ols:dm_only
2019-11,0.0015180677034089636,0.0006221239838760847,0.44797185976643933,ols:dm_only
2019-12,0.006095060580886911,0.0051364122879236675,0.4793241464816215,ols:dm_only
2020-01,0.0053130253508059866,0.0045202444728335575,0.3963904389862145,ols:dm_only
2020-02,0.008299909448958196,0.007459423879403112,0.4202427847775422,ols:dm_only
2020-03,0.01775368655276924,0.016898117319294706,0.4277846167372649,ols:dm_only
2020-04,-0.02016342753468077,-0.021420294331201396,0.6284333982603137,ols:dm_only
2020-05,-0.0017992941646921543,-0.0035565207756703687,0.8786133054891073,ols:dm_only
2020-06,-0.0026615958461136038,-0.004028624747822388,0.6835144508543917,ols:dm_only
2020-07,0.005732248105950067,0.004474415132309648,0.6289164868202097,ols:dm_only
2020-08,-0.0007646571033529323,-0.001983947463882894,0.609645180264981,ols:dm_only
2020-09,-0.0025610952988190136,-0.0037635514447485335,0.60122807296476,ols:dm_only
2020-10,0.001953333010243748,0.0007296224060682976,0.6118553020877253,ols:dm_only
2020-11,-0.023601332675709893,-0.02465598876109715,0.5273280426936287,ols:dm_only
2020-12,0.005441216520012498,0.003773554832368939,0.8338308438217791,ols:dm_only
2021-01,0.00293181401621808,0.0015494886171378908,0.6911626995400943,ols:dm_only
2021-02,0.001573545871864116,0.0003871065753246868,0.5932196482697145,ols:dm_only
2021-03,0.006828012139222807,0.005597786788027515,0.6151126755976458,ols:dm_only
2021-04,0.00787277302958771,0.006824448442221726,0.5241622936829922,ols:dm_only
2021-05,0.005496024514086716,0.004338243942395798,0.5788902858454592,ols:dm_only
2021-06,-0.0041541368997425445,-0.005235336900534315,0.540600000395885,ols:dm_only
2021-07,0.006415585710145327,0.005349789155504778,0.5328982773202738,ols:dm_only
2021-08,0.0007667478907628843,-0.0002173954823938816,0.4920716865783829,ols:dm_only
2021-09,0.004289758976105446,0.0032226738540217415,0.5335425610418527,ols:dm_only
2021-10,0.0027637823888018295,0.0017394745677207528,0.5121539105405383,ols:dm_only
2021-11,0.004922938359886556,0.003935717659966206,0.49361034996017517,ols:dm_only
2021-12,0.00977815479403233,0.008634083786168305,0.5720355039320121,ols:dm_only
2022-01,0.009695426256482544,0.008821003044057018,0.43721160621276295,ols:dm_only
2022-02,0.008321615841238804,0.007454456178150027,0.433579831544388,ols:dm_only
2022-03,0.01004322589669055,0.009026392962438077,0.5084164671262363,ols:dm_only
2022-04,0.008168372035413094,0.007306553960423647,0.43090903749472437,ols:dm_only
2022-05,0.00530381522681676,0.004418512168122562,0.4426515293470988,ols:dm_only
2022-06,0.0009595281721108874,-1.1336076801870468e-05,0.4854321244563786,ols:dm_only
2022-07,-0.00765297420217871,-0.008663286571032493,0.5051561844268917,ols:dm_only
2022-08,-0.0016326703043027032,-0.0027451510857428086,0.5562403907200526,ols:dm_only
2022-09,0.004034000237305575,0.0030609894621824742,0.48650538756155,ols:dm_only
2022-10,0.006487975097796722,0.005497952810249367,0.4950111437736776,ols:dm_only
2022-11,-0.009681067035646083,-0.010731118107125535,0.5250255357397252,ols:dm_only
2022-12,0.005652571373299802,0.004405384626405635,0.623593373447083,ols:dm_only
2023-01,0.0028264396301048616,0.0018362955196915465,0.4950720552066575,ols:dm_only
2023-02,0.006499901081071995,0.005519615095275635,0.4901429928981797,ols:dm_only
2023-03,0.0022776025804293835,0.001503774179734313,0.38691420034753504,ols:dm_only
2023-04,-0.003250229113254405,-0.0041525659013636265,0.4511683940546111,ols:dm_only
2023-05,-0.001900578576077671,-0.0028293411565090084,0.4643812902156687,ols:dm_only
2023-06,0.0026810814970824725,0.001729799177742239,0.47564115967011633,ols:dm_only
2023-07,0.0017343178958727052,0.0007950466236605054,0.4696356361061001,ols:dm_only
2023-08,0.0009323148731298707,-1.3945876071060134e-05,0.4731303746004652,ols:dm_only
2023-09,0.011358264242902828,0.010437688571213998,0.4602878358444152,ols:dm_only
2023-10,0.006267462712708573,0.005545051986019132,0.36120536334472014,ols:dm_only
2023-11,-0.008498005982856261,-0.009346715685535224,0.42435485133948075,ols:dm_only
2023-12,0.0029643787384980415,0.0019291523227865565,0.5176132078557427,ols:dm_only
2024-01,0.009801532766290524,0.008861548905919803,0.46999193018536006,ols:dm_only
2024-02,3.562880719958667e-05,-0.0008899575194353536,0.4627931633174699,ols:dm_only
2024-03,0.005487745283524884,0.004519773273439207,0.48398600504283773,ols:dm_only
2024-04,-0.0014444939419448702,-0.002366533063100434,0.46101956057778215,ols:dm_only
2024-05,-0.0006114713377334785,-0.0015625557013826885,0.47554218182460506,ols:dm_only
2024-06,-0.00037308994740505545,-0.001328502302403578,0.4777061774992612,ols:dm_only
2024-07,0.0004996777900964932,-0.0004626461499834455,0.4811619700399694,ols:dm_only
2024-08,0.001757967596785509,0.0008255928780230589,0.46618735938122513,ols:dm_only
2024-09,0.0010352945234363429,0.00012286546203165536,0.45621453070234386,ols:dm_only
2024-10,0.004391122230609051,0.0034140190066350817,0.4885516119869846,ols:dm_only
2024-11,0.008897841307338812,0.007934104645832326,0.4818683307532435,ols:dm_only
2024-12,0.0014416500914573712,0.0005263659559577857,0.45764206774979266,ols:dm_only
2025-01,0.0011731805032160038,0.0003808796432002798,0.39615043000786215,ols:dm_only
2025-02,0.002649556311650385,0.001736639592842594,0.45645835940389573,ols:dm_only
2025-03,0.005555840406882324,0.004679312866086954,0.43826377039768544,ols:dm_only
2025-04,-0.0037161406170209436,-0.00449442468766366,0.38914203532135866,ols:dm_only
2025-05,-0.0001717133730951245,-0.0011139598672020657,0.47112324705347075,ols:dm_only
2025-06,-0.00011717886899767012,-0.0010050033693587738,0.44391225018055197,ols:dm_only
2025-07,0.0005453636023268429,-0.0002518345012517066,0.3985990517892748,ols:dm_only
2025-08,0.0013001786530599815,0.0003757449330492473,0.4622168600053671,ols:dm_only
2025-09,0.005960263792027385,0.005019420579492555,0.4704216062674154,ols:dm_only
2025-10,0.014491231879488824,0.013560888950110116,0.4651714646893541,ols:dm_only
2025-11,5.2735430259182065e-05,-0.000927976010826516,0.49035572054284915,ols:dm_only
2025-12,0.01108624083712343,0.010126914025278037,0.4796634059226973,ols:dm_only
2000-01,0.003391877466897817,0.003391877466897817,0.0,ols:own
2000-02,-0.0015332533786585239,-0.004070415192663216,1.2685809070023462,ols:own
2000-03,-0.0042653356985298315,-0.006549123091897633,1.1418936966839008,ols:own
2000-04,0.005469685242359905,0.0027470329843418996,1.3613261290090028,ols:own
2000-05,0.007569963683113807,0.0054608049476504265,1.0545793677316897,ols:own
2000-06,-0.016233437057697593,-0.018522945127795523,1.144754035048965,ols:own
2000-07,-0.0020024750901727023,-0.004422231122152369,1.2098780159898335,ols:own
2000-08,-0.008137534450697306,-0.010335851176368168,1.0991583628354307,ols:own
2000-09,-0.002841506908204047,-0.005264701011059724,1.211597051427839,ols:own
2000-10,0.002955557952035536,0.0007553645511745307,1.1000967004305024,ols:own
2000-11,0.008863937205298229,0.006927780606098944,0.968078299599642,ols:own
2000-12,-0.004652384026893554,-0.006846318674295368,1.0969673237009074,ols:own
2001-01,-0.01702823201847756,-0.019020764289688626,0.9962661356055328,ols:own
2001-02,0.0029683926432453505,0.0010843390672760319,0.9420267879846593,ols:own
2001-03,0.026893816955831193,0.025042210893922508,0.9258030309543429,ols:own
2001-04,0.007355476128040938,0.005990540679342496,0.6824677243492205,ols:own
2001-05,0.010785505854072605,0.008944960220148235,0.9202728169621861,ols:own
2001-06,-0.0008242825626579075,-0.0023040270527172287,0.7398722450296608,ols:own
2001-07,0.01758741948980956,0.01588144075793217,0.8529893659386953,ols:own
2001-08,-0.002824834294675913,-0.0041729344895546335,0.6740500974393602,ols:own
2001-09,0.004434997095274146,0.002847419665421258,0.7937887149264437,ols:own
2001-10,-0.0037536322961343846,-0.005509656362465077,0.8780120331653463,ols:own
2001-11,0.008983256068117595,0.007101937763310077,0.9406591524037593,ols:own
2001-12,0.012844056404687802,0.011171521413477674,0.836267495605064,ols:own
2002-01,0.0008175755070382271,-0.0010097496612052417,0.9136625841217345,ols:own
2002-02,0.0053400791901761216,0.003981591845462217,0.6792436723569524,ols:own
2002-03,0.007517649818675078,0.00619778677304922,0.6599315228129284,ols:own
2002-04,0.0023203595077522085,0.001209477253914898,0.5554411269186552,ols:own
2002-05,0.0018880600619134579,0.000568903071884366,0.6595784950145459,ols:own
2002-06,0.0017358323830245746,0.0005069741630056358,0.6144291100094695,ols:own
2002-07,-0.0014500766349116146,-0.002692600366151447,0.6212618656199164,ols:own
2002-08,0.0058242170958100695,0.0046316589767128775,0.5962790595485957,ols:own
2002-09,0.005035820184801176,0.0038050793488668814,0.6153704179671479,ols:own
2002-10,0.004916566204304284,0.0037626472053055343,0.5769594994993757,ols:own
2002-11,0.0050440913481682205,0.00362576098779771,0.7091651801852555,ols:own
2002-12,0.0035137291746199766,0.002315754731252941,0.5989872216835177,ols:own
2003-01,0.000799899696409503,-0.0004118017381069117,0.6058507172582075,ols:own
2003-02,0.0019750535213985255,0.0009371412923873195,0.518956114505603,ols:own
2003-03,0.007525339163496651,0.00643943276521847,0.5429531991390898,ols:own
2003-04,-0.007365524720687985,-0.008093060998669781,0.3637681389908983,ols:own
2003-05,0.0038319002635908124,0.0027086766275870953,0.5616118180018587,ols:own
2003-06,0.00532539467938222,0.004058677054424863,0.6333588124786784,ols:own
2003-07,0.006023643144297655,0.005073511348408911,0.4750658979443718,ols:own
2003-08,0.003930463583565153,0.0028089254994610982,0.5607690420520277,ols:own
2003-09,-1.0240742620594369e-05,-0.0011707892007194565,0.580274229049431,ols:own
2003-10,0.009836670628857859,0.00877334089785717,0.531664865500344,ols:own
2003-11,0.002437771424576173,0.00150573110698064,0.46602015879776604,ols:own
2003-12,-0.0009180021316288769,-0.001971815318732234,0.5269065935516783,ols:own
2004-01,-0.0031370168489862115,-0.004105134449507174,0.4840588002604811,ols:own
2004-02,-0.0003885499058215961,-0.0015363196981747766,0.5738848961765901,ols:own
2004-03,0.0024207637874144763,0.0014463653859657232,0.48719920072437667,ols:own
2004-04,0.001915606534843959,0.0009863005994434786,0.4646529677002401,ols:own
2004-05,-0.004809774528672634,-0.0057558650418849215,0.4730452566061438,ols:own
2004-06,0.005368471521985135,0.004411379369551218,0.4785460762169589,ols:own
2004-07,0.004301495174260835,0.003516004384597806,0.3927453948315146,ols:own
2004-08,0.006679299619680229,0.0058705526839513186,0.40437346786445544,ols:own
2004-09,0.0023723323709661836,0.00156559241496228,0.4033699780019518,ols:own
2004-10,0.011989382671407488,0.01112829362229537,0.4305445245560587,ols:own
2004-11,0.004059580462989758,0.0033035668129907632,0.3780068249994974,ols:own
2004-12,0.006439841513749942,0.00543758568413984,0.5011279148050506,ols:own
2005-01,-0.0016963821807297523,-0.0027664517897727876,0.5350348045215179,ols:own
2005-02,0.011973988132146954,0.011019771448297523,0.4771083419247155,ols:own
2005-03,0.010534016025591203,0.009680478143642432,0.4267689409743854,ols:own
2005-04,0.009971912470079235,0.009080963209563414,0.44547463025790957,ols:own
2005-05,-0.01107340582156265,-0.011892047525078327,0.4093208517578393,ols:own
2005-06,0.0002511915999909389,-0.0008488894516825811,0.5500405258367601,ols:own
2005-07,0.010111923917932695,0.009039156331972885,0.5363837929799049,ols:own
2005-08,-0.0010815649482885303,-0.0018835660948312205,0.4010005732713452,ols:own
2005-09,-0.00014582852921429335,-0.0012403715769975542,0.5472715238916306,ols:own
2005-10,0.000403957364814882,-0.0004845848791653209,0.44427112199010144,ols:own
2005-11,-0.0015276166465022917,-0.002446321352928716,0.45935235321321227,ols:own
2005-12,-0.0023231877680550284,-0.0032108963948875146,0.44385431341624304,ols:own
2006-01,0.0053624821001511756,0.004456218802892548,0.4531316486293138,ols:own
2006-02,-0.0015761473279673557,-0.002754255804595972,0.589054238314308,ols:own
2006-03,-0.011795123740094627,-0.01299601058927714,0.6004434245912568,ols:own
2006-04,0.003444441388495428,0.0021543685374334994,0.6450364255309641,ols:own
2006-05,0.0023189130703986077,0.0011588404443847828,0.5800363130069124,ols:own
2006-06,0.020012466946901942,0.018999699079699683,0.5063839336011302,ols:own
2006-07,-0.0022629743508286214,-0.0032549937290179977,0.49600968909468846,ols:own
2006-08,-0.004551488981117244,-0.0057848359027030125,0.6166734607928842,ols:own
2006-09,0.0009594498670422577,-7.369591176341266e-05,0.5165728894028352,ols:own
2006-10,-0.005310511233243385,-0.006284884629215098,0.4871866979858558,ols:own
2006-11,0.00820312971376479,0.0072109336435628125,0.4960980351009894,ols:own
2006-12,0.0016402831560578131,0.0007616725057263693,0.4393053251657219,ols:own
2007-01,0.005004688878922213,0.003930167366964472,0.5372607559788701,ols:own
2007-02,0.00391420526557988,0.002777788188688335,0.5682085384457723,ols:own
2007-03,0.008336848781312564,0.007297547649418686,0.5196505659469386,ols:own
2007-04,0.0012577688477065005,0.0001345989059902766,0.5615849708581119,ols:own
2007-05,-0.0012386397840296684,-0.0022898763996353384,0.5256183078028347,ols:own
2007-06,0.000817929019176747,-0.0002567805464533543,0.5373547828150506,ols:own
2007-07,0.001406897150196643,0.00012345267028505058,0.6417222399557962,ols:own
2007-08,0.0009721618010647413,-0.00014344520461598195,0.5578035028403614,ols:own
2007-09,-0.0012262484325503433,-0.0025307875274445885,0.6522695474471225,ols:own
2007-10,0.007522173523053348,0.006401148635747757,0.5605124436527953,ols:own
2007-11,-0.0015436627549815095,-0.00268279647916749,0.5695668620929903,ols:own
2007-12,0.0016916007071241554,0.0003041930294883224,0.6937038388179165,ols:own
2008-01,0.0008382810216912441,-0.0003797704889188332,0.6090257553050386,ols:own
2008-02,0.0007270332186789684,-0.0004550630877243515,0.5910481532016598,ols:own
2008-03,0.0012155403102542591,7.006969743223242e-05,0.5727353064110134,ols:own
2008-04,0.0028457066351792563,0.0016809594381467438,0.5823735985162564,ols:own
2008-05,-0.0036683141814996428,-0.0049200998179424645,0.6258928182214107,ols:own
2008-06,0.006160224855633771,0.00495548891056826,0.6023679725327559,ols:own
2008-07,0.0026689587513016024,0.0016932389969820361,0.48785987715978324,ols:own
2008-08,0.008049973485309732,0.0067746652317587615,0.6376541267754855,ols:own
2008-09,0.006384788822217053,0.005223814878747083,0.5804869717349854,ols:own
2008-10,0.021849414903566757,0.020823769924169015,0.5128224896988726,ols:own
2008-11,0.015364417938895796,0.0142987374795243,0.532840229685747,ols:own
2008-12,-0.004481863730441594,-0.005704493038303185,0.6113146539307952,ols:own
2009-01,0.0016744632368615037,0.0004051687702978422,0.6346472332818305,ols:own
2009-02,0.007614681147299311,0.0064544712030469515,0.5801049721261797,ols:own
2009-03,-0.00792472479137693,-0.008776707481337116,0.4259913449800925,ols:own
2009-04,-0.018839211041009597,-0.02000299687319637,0.5818929160933881,ols:own
2009-05,-0.0051771732336869805,-0.006498531318422904,0.660679042367961,ols:own
2009-06,0.0011646279191628046,-0.0001555366054540327,0.6600822623084187,ols:own
2009-07,0.0016030725979487943,0.0002776146645873384,0.662728966680728,ols:own
2009-08,0.0019824911940488073,0.0009388996912975022,0.5217957513756526,ols:own
2009-09,0.0030720737116714304,0.0019585111509779042,0.5567812803467629,ols:own
2009-10,0.002586720349558522,0.0016031694193376716,0.49177546511042536,ols:own
2009-11,0.0025721484774591376,0.0014378640020189946,0.5671422377200713,ols:own
2009-12,-0.0018746297395518274,-0.002851056461109251,0.488213360778712,ols:own
2010-01,-0.0015918889116326037,-0.002789351959384527,0.5987315238759616,ols:own
2010-02,-0.001474206787151651,-0.0025100545488167827,0.5179238808325659,ols:own
2010-03,0.00016865474550875858,-0.000995546007687769,0.5821003765982635,ols:own
2010-04,0.006117531254002109,0.005111446783740748,0.5030422351306807,ols:own
2010-05,0.0040314850525974425,0.0031265754630324665,0.45245479478248785,ols:own
2010-06,0.006611068580700816,0.005785242421939974,0.41291307938042104,ols:own
2010-07,0.0026593201297556834,0.001944733517750104,0.3572933060027897,ols:own
2010-08,0.0003556078041717963,-0.0005737723724080087,0.4646900882899025,ols:own
2010-09,0.0023006578378813552,0.001332843411950418,0.48390721296546874,ols:own
2010-10,0.0034063283847701035,0.0024832054438863565,0.46156147044187334,ols:own
2010-11,0.006972078685079402,0.006068078964254985,0.4519998604122082,ols:own
2010-12,0.004772525561915858,0.003850954629637364,0.46078546613924715,ols:own
2011-01,0.006967871448615506,0.006155092829162218,0.4063893097266434,ols:own
2011-02,-0.002165073171570222,-0.00297280449264613,0.40386566053795386,ols:own
2011-03,0.00044546580843546455,-0.00041387659674915663,0.4296712025923106,ols:own
2011-04,0.007250186280560571,0.006455380325034087,0.39740297776324174,ols:own
2011-05,0.003642959012315692,0.0029798070511402723,0.3315759805877102,ols:own
2011-06,0.0033580759680462663,0.0026400751327114876,0.35900041766738916,ols:own
2011-07,0.0046240293751379545,0.004011132923408739,0.3064482258646078,ols:own
2011-08,0.00418322874251535,0.003523760459166192,0.32973414167457915,ols:own
2011-09,0.010334550398644872,0.009642840263639202,0.3458550675028347,ols:own
2011-10,-0.003504508328727289,-0.004203831621969594,0.34966164662115246,ols:own
2011-11,0.004929303982885021,0.004073574543962505,0.42786471946125765,ols:own
2011-12,0.0032096301851377903,0.002270440347332737,0.46959491890252686,ols:own
2012-01,-0.01462996247952904,-0.015264726210711045,0.31738186559100307,ols:own
2012-02,0.0011922613297894718,0.00044271130889704134,0.3747750104462151,ols:own
2012-03,0.009848238179517719,0.009077307635893341,0.3854652718121882,ols:own
2012-04,0.007246863563487477,0.006581076211121737,0.3328936761828705,ols:own
2012-05,0.006383915105423674,0.005774539405378188,0.3046878500227433,ols:own
2012-06,0.004973828754414087,0.0043981042199364734,0.28786226723880654,ols:own
2012-07,0.005780412539154821,0.005257620047278647,0.2613962459380869,ols:own
2012-08,0.0036196916301949335,0.0030511352806506945,0.2842781747721198,ols:own
2012-09,-0.0022430070940721828,-0.0027780076795254896,0.2675002927266535,ols:own
2012-10,0.0011483205379358252,0.0005116787179731567,0.3183209099813342,ols:own
2012-11,0.0070729865789911014,0.0065182836066740735,0.27735148615851335,ols:own
2012-12,-0.001615689097623468,-0.0021217877692191046,0.2530493357978182,ols:own
2013-01,0.0021364162303325303,0.0014961985682313602,0.32010883105058496,ols:own
2013-02,0.0030369521626130475,0.0023466840524807007,0.34513405506617323,ols:own
2013-03,0.006609679097652898,0.0059971372663929,0.3062709156299994,ols:own
2013-04,0.006026754585421696,0.005500242504755705,0.26325604033299593,ols:own
2013-05,0.0012131363846306577,0.0006776930363394619,0.26772167414559794,ols:own
2013-06,0.0030318467437748724,0.0023779894568025316,0.32692864348617046,ols:own
2013-07,0.0066779796993134835,0.005973360824118399,0.35230943759754196,ols:own
2013-08,0.0017183370474387982,0.0010354463508526327,0.3414453482930826,ols:own
2013-09,-0.006208882930587926,-0.00697536371530441,0.3832403923582421,ols:own
2013-10,0.00047471177316951875,-0.0002189357299180036,0.34682375154376116,ols:own
2013-11,-0.0006992441272049594,-0.0012902813245313845,0.29551859866321256,ols:own
2013-12,0.0022267836401945454,0.001658961391524459,0.28391112433504306,ols:own
2014-01,0.0009065501738266877,0.0004316216365872353,0.23746426861972617,ols:own
2014-02,0.004510259899584204,0.003963004237312259,0.27362783113597244,ols:own
2014-03,0.0014053721013380603,0.0008508725798453264,0.2772497607463671,ols:own
2014-04,0.0016905397625802986,0.0010324285528503507,0.32905560486497387,ols:own
2014-05,-0.004198044313434539,-0.004899583432436632,0.35076955950104627,ols:own
2014-06,0.004928956911781476,0.004216967361491081,0.35599477514519723,ols:own
2014-07,0.0030872282629376135,0.002517203972935481,0.28501214500106636,ols:own
2014-08,0.0012123868271466344,0.0006194004295304094,0.29649319880811253,ols:own
2014-09,-0.003198596802695904,-0.003796959199677102,0.2991811984905988,ols:own
2014-10,0.0022202578892944647,0.0016499857947865936,0.28513604725393543,ols:own
2014-11,0.0082971117883614,0.007725312288154445,0.285899750103477,ols:own
2014-12,0.0099696284585076,0.009480151703964912,0.24473837727134437,ols:own
2015-01,0.003813635765944987,0.0032678274257268184,0.27290417010908463,ols:own
2015-02,0.0014745661029082575,0.00084945902613364,0.3125535383873088,ols:own
2015-03,0.0037784502531504225,0.003147150974797504,0.31564963917645894,ols:own
2015-04,-0.008452047528192582,-0.009109977482231617,0.328964977019518,ols:own
2015-05,-0.00026923942927754727,-0.0010195587586442172,0.375159664683335,ols:own
2015-06,0.004541252197912423,0.0038406405302252016,0.350305833843611,ols:own
2015-07,0.007759294650210368,0.007247450538112786,0.2559220560487911,ols:own
2015-08,0.005583115336979571,0.005068407257862684,0.2573540395584432,ols:own
2015-09,0.005578047476488701,0.005046496554283725,0.26577546110248845,ols:own
2015-10,-0.0012495286988751515,-0.0017945865651375265,0.2725289331311874,ols:own
2015-11,0.0038147871524691875,0.00320961863376622,0.30258425935148364,ols:own
2015-12,-0.0006943310048639637,-0.0013223449377848615,0.31400696646044896,ols:own
2016-01,0.004404924203366401,0.00385441845886619,0.27525287225010553,ols:own
2016-02,-0.00039784097424060404,-0.0009008941206017322,0.25152657318056404,ols:own
2016-03,-0.008189248564769772,-0.008697561594276,0.25415651475311374,ols:own
2016-04,0.002939002035829439,0.00239587531524428,0.27156336029257944,ols:own
2016-05,0.004210677485900579,0.0036773987221152445,0.2666393818926676,ols:own
2016-06,-0.00020667413779212402,-0.0006719734324655,0.23264964733668794,ols:own
2016-07,0.0031976849786710306,0.0027424791264043214,0.22760292613335467,ols:own
2016-08,0.006203760603191609,0.005714416873698315,0.24467186474664665,ols:own
2016-09,0.005933558269396663,0.00546377105904819,0.23489360517423608,ols:own
2016-10,0.0027623450092172704,0.0024204360081759926,0.17095450052063899,ols:own
2016-11,-0.002380240574055774,-0.002822290009909603,0.2210247179269148,ols:own
2016-12,0.0015519240382854934,0.0010391578961446558,0.25638307107041863,ols:own
2017-01,0.00539424370670331,0.004961959529772591,0.21614208846535954,ols:own
2017-02,-0.0024695738883745624,-0.0029389812186710793,0.23470366514825863,ols:own
2017-03,0.0033618955259883624,0.002907175649101907,0.22735993844322766,ols:own
2017-04,0.0011540774251495509,0.0007353750010692069,0.20935121204017187,ols:own
2017-05,0.003678612826115057,0.003250993087108024,0.21380986950351658,ols:own
2017-06,0.00027807105528993253,-0.00016155852515079683,0.2198147902203648,ols:own
2017-07,0.004302746853967478,0.0038752443831616096,0.21375123540293456,ols:own
2017-08,0.002536802248463858,0.0020971924196295584,0.21980491441715003,ols:own
2017-09,0.0026053829144037782,0.002214947137691109,0.19521788835633463,ols:own
2017-10,0.0034769137250477106,0.0030968014571854698,0.19005613393112034,ols:own
2017-11,0.0014616737166709766,0.000987346300025164,0.23716370832290612,ols:own
2017-12,0.0026686729157067734,0.0021978452962810903,0.2354138097128416,ols:own
2018-01,0.007552026560219844,0.0070854758248085166,0.23327536770566332,ols:own
2018-02,0.0025649011155563055,0.002077806379612594,0.24354736797185558,ols:own
2018-03,0.003773943442924327,0.0032885998221770145,0.24267181037365645,ols:own
2018-04,0.003235755598494695,0.0028521691847218328,0.19179320688643076,ols:own
2018-05,0.003299736282640676,0.0028197806465340186,0.23997781805332885,ols:own
2018-06,0.001625018070935947,0.0011445140954903432,0.24025198772280182,ols:own
2018-07,0.005261535678028999,0.0048197940039171544,0.22087083705592248,ols:own
2018-08,0.005945748555040736,0.005511007730862036,0.21737041208935046,ols:own
2018-09,0.015573982014683085,0.015150222883216885,0.21187956573309966,ols:own
2018-10,-2.7025744207683685e-05,-0.00041157329839096134,0.19227377709163881,ols:own
2018-11,-0.004914130314595341,-0.0053899868257878,0.23792825559622993,ols:own
2018-12,-0.001777881393099187,-0.0022905443936863863,0.2563315002935997,ols:own
2019-01,0.0023111654888678403,0.001862730740214913,0.22421737432646366,ols:own
2019-02,-0.00458384263474585,-0.005085838506725568,0.2509979359898591,ols:own
2019-03,0.003759506313448227,0.003272010365456817,0.24374797399570508,ols:own
2019-04,0.0011723040946865907,0.0007720686458603163,0.2001177244131371,ols:own
2019-05,0.000373871472164181,-8.923373245793671e-05,0.23155260231105892,ols:own
2019-06,0.004187049129955518,0.0036879502795939003,0.24954942518080864,ols:own
2019-07,0.004857393203226826,0.004400873411244955,0.22825989599093555,ols:own
2019-08,0.0014500503528250019,0.001008934980389468,0.22055768621776697,ols:own
2019-09,-0.0021411439612187715,-0.002597877433011386,0.22836673589630718,ols:own
2019-10,0.0021363802384704307,0.001638195008575223,0.24909261494760368,ols:own
2019-11,0.0016432491709779979,0.0011970429686991764,0.22310310113941076,ols:own
2019-12,0.004897411750854294,0.004430024421324057,0.2336936647651181,ols:own
2020-01,0.0030858232990071286,0.0027007022034022284,0.19256054780245002,ols:own
2020-02,0.005177068865526952,0.004774458345607679,0.20130525995963644,ols:own
2020-03,0.009763214718199084,0.009356703904603093,0.2032554067979958,ols:own
2020-04,-0.013307758972109125,-0.013977887990648514,0.33506450926969383,ols:own
2020-05,-0.0029499011876197136,-0.0038901633013490714,0.47013105686467876,ols:own
2020-06,-0.004231078942057775,-0.0049336282494659486,0.35127465370408695,ols:own
2020-07,0.003677023612244805,0.003106406587508596,0.28530851236810445,ols:own
2020-08,-0.0034987038625022447,-0.004142423392023042,0.321859764760399,ols:own
2020-09,0.00022415327273107055,-0.00040997218102199577,0.31706272687653314,ols:own
2020-10,0.0035969863815262615,0.0030215210720593716,0.28773265473344467,ols:own
2020-11,-0.020931611831867567,-0.021450281093868755,0.2593346310005945,ols:own
2020-12,-0.0005959552611993071,-0.0013995901022380007,0.4018174205193464,ols:own
2021-01,0.005115670635606555,0.0044395379109708885,0.33806636231783355,ols:own
2021-02,-0.0001595119113660913,-0.0006830774170476126,0.2617827528407608,ols:own
2021-03,0.004143095779659644,0.0035658733010890046,0.2886112392853196,ols:own
2021-04,0.005962277530771912,0.005477410837912494,0.24243334642970896,ols:own
2021-05,0.004615678462877776,0.00406617153205982,0.2747534654089776,ols:own
2021-06,-0.00549364715949972,-0.005992435126479739,0.24939398349000969,ols:own
2021-07,0.00408635510471031,0.003588724573737272,0.2488152654865189,ols:own
2021-08,0.0015168566762012961,0.001053767245259504,0.23154471547089625,ols:own
2021-09,0.005153923854203365,0.004676855321813657,0.23853426619485393,ols:own
2021-10,0.001993093145358324,0.001532467164674707,0.2303129903418082,ols:own
2021-11,0.006234688571222063,0.005790604289169077,0.22204214102649245,ols:own
2021-12,0.011050708368161837,0.010493766633092693,0.2784708675345718,ols:own
2022-01,0.011068747569812971,0.010621642194865338,0.22355268747381685,ols:own
2022-02,0.010397266727042774,0.009917569274414248,0.23984872631426224,ols:own
2022-03,0.008792572578441607,0.008242448155233867,0.27506221160387034,ols:own
2022-04,0.008956708081136383,0.008486062653374206,0.23532271388108802,ols:own
2022-05,0.004946654491729045,0.004492788032227789,0.22693322975062788,ols:own
2022-06,-0.0020314913424500226,-0.0025218355903646075,0.24517212395729285,ols:own
2022-07,-0.005086956922600733,-0.005591341612825848,0.25219234511255756,ols:own
2022-08,-0.002513170516339802,-0.0030471725129632937,0.2670009983117461,ols:own
2022-09,0.00498200173201506,0.00451775587166256,0.23212293017625027,ols:own
2022-10,0.005141241615269756,0.004645934779117723,0.247653418076017,ols:own
2022-11,-0.00481083039857482,-0.005352116261365673,0.27064293139542644,ols:own
2022-12,0.006463847185796837,0.005827123892004887,0.31836164689597535,ols:own
2023-01,0.0028426295056649346,0.0023379075210354094,0.25236099231476294,ols:own
2023-02,0.005090572219035642,0.0045525018076719515,0.2690352056818455,ols:own
2023-03,0.003893952992690795,0.003495046145843822,0.19945342342348607,ols:own
2023-04,-0.0030455671696018555,-0.0035541075302802246,0.2542701803391844,ols:own
2023-05,-0.002105994359741944,-0.0026021704928703925,0.24808806656422436,ols:own
2023-06,0.0037404812558456484,0.003253757858346846,0.2433616987494012,ols:own
2023-07,0.0015658263530789892,0.0010730791415670975,0.24637360575594605,ols:own
2023-08,0.0012496900946784575,0.0007441864157152551,0.25275183948160107,ols:own
2023-09,0.009026353219764157,0.008548831508028838,0.2387608558676595,ols:own
2023-10,0.005678297287943255,0.005285786843225604,0.19625522235882578,ols:own
2023-11,-0.00574381383212804,-0.006225011056872972,0.2405986123724664,ols:own
2023-12,0.002846055377989641,0.002297772760607603,0.27414130869101877,ols:own
2024-01,0.010223397945646811,0.009723976109304443,0.24971091817118396,ols:own
2024-02,-0.00010937731377991886,-0.0005921065131704775,0.2413645996952793,ols:own
2024-03,0.005659478777414437,0.005155682009276046,0.2518983840691957,ols:own
2024-04,-0.0006867488938116635,-0.0011786865681842065,0.24596883718627155,ols:own
2024-05,-0.0006380751567408419,-0.0011583238558877833,0.26012434957347064,ols:own
2024-06,0.002345122100733899,0.0018727949713635609,0.23616356468516891,ols:own
2024-07,0.0016407367287621217,0.0011703815207950762,0.23517760398352291,ols:own
2024-08,0.0016033498688651038,0.0011410897253900133,0.23113007173754516,ols:own
2024-09,0.0016528058431741757,0.0012003072785132297,0.2262492823304728,ols:own
2024-10,0.003703166006501868,0.003224459195856037,0.2393534053229157,ols:own
2024-11,0.00789250093882278,0.007420310225319208,0.2360953567517852,ols:own
2024-12,0.0018007892930753736,0.0013195856109892927,0.24060184104304042,ols:own
2025-01,0.002579758075749634,0.0021833285285588425,0.1982147735953956,ols:own
2025-02,0.0024112411037110915,0.001956119639541437,0.22756073208482694,ols:own
2025-03,0.004357792058796661,0.0038990778125146115,0.22935712314102516,ols:own
2025-04,-0.0012600738929416495,-0.0016525497614223819,0.1962379342403662,ols:own
2025-05,-5.1237136937967975e-05,-0.0005128955634040347,0.2308292132330332,ols:own
2025-06,-0.001427667083410717,-0.0018624057378852502,0.2173693272372665,ols:own
2025-07,-0.0009462352711509958,-0.0013422248997476134,0.19799481429830887,ols:own
2025-08,-6.16849948784733e-05,-0.0005272134775760356,0.2327642413487811,ols:own
2025-09,0.007111404873289373,0.006641262286420834,0.23507129343426889,ols:own
2025-10,0.012858598208048477,0.012378968630101784,0.23981478897334627,ols:own
2025-11,0.0013997421590856163,0.000871621300960369,0.2640604290626238,ols:own
2025-12,0.010818906246331908,0.010328499973594528,0.24520313636868932,ols:own
2000-01,0.00837471689922941,0.00837471689922941,0.0,ols:pooled
2000-02,0.011382052964415542,0.009472353925551976,0.9548495194317833,ols:pooled
2000-03,0.0003558476156092702,-0.001634776027676618,0.9953118216429446,ols:pooled
2000-04,-0.013749934724759456,-0.01578578222550412,1.0179237503723328,ols:pooled
2000-05,0.0027689334671922097,0.0007061326803303722,1.0314003934309186,ols:pooled
2000-06,-0.015184360096894849,-0.01713946356923702,0.9775517361710852,ols:pooled
2000-07,-0.0030401177412656055,-0.005064266933819378,1.0120745962768865,ols:pooled
2000-08,-0.007142056752502065,-0.00896804152868709,0.9129923880925127,ols:pooled
2000-09,0.0003109016147834259,-0.0015772684040292009,0.9440850094063135,ols:pooled
2000-10,0.00021161818436115536,-0.0015161921392633812,0.8639051618122683,ols:pooled
2000-11,0.0070240109300352994,0.005455186104885378,0.7844124125749606,ols:pooled
2000-12,-0.002890651005414103,-0.004628337937329996,0.8688434659579469,ols:pooled
2001-01,-0.012937264356065849,-0.014740747198123186,0.901741421028669,ols:pooled
2001-02,0.0052489415272810504,0.0032978271988485155,0.9755571642162673,ols:pooled
2001-03,0.024921169342152803,0.02300307591654335,0.9590467128047266,ols:pooled
2001-04,0.0044917918824137195,0.002863741603901694,0.8140251392560132,ols:pooled
2001-05,0.009527003437398979,0.00774134573191531,0.8928288527418349,ols:pooled
2001-06,-0.0024971292450878283,-0.003961738985769071,0.7323048703406214,ols:pooled
2001-07,0.01591037261747404,0.014295706841774997,0.8073328878495221,ols:pooled
2001-08,-0.00637420766109247,-0.007804843764768376,0.7153180518379527,ols:pooled
2001-09,0.010156802720095375,0.008468773984322506,0.8440143678864348,ols:pooled
2001-10,-0.016495027827185774,-0.01824704744106135,0.8760098069377863,ols:pooled
2001-11,0.001976417609396588,-0.00011308967482309233,1.04475364210984,ols:pooled
2001-12,0.012464278145587288,0.010703321161608536,0.8804784919893769,ols:pooled
2002-01,0.001557126849491821,-0.00030618549393639634,0.9316561717141084,ols:pooled
2002-02,0.006748783274467268,0.005338638461233865,0.705072406616702,ols:pooled
2002-03,0.00994567526225055,0.008661780432780113,0.6419474147352202,ols:pooled
2002-04,0.006124450777496676,0.005028196581765833,0.5481270978654208,ols:pooled
2002-05,0.005245426237578189,0.003972524723924392,0.6364507568268988,ols:pooled
2002-06,0.0064140727061400395,0.005181469314932905,0.6163016956035675,ols:pooled
2002-07,0.003481436310451139,0.0023260804701352397,0.5776779201579493,ols:pooled
2002-08,0.0030168858698369824,0.0018777321917437541,0.5695768390466139,ols:pooled
2002-09,0.00492743870346562,0.003673571897016912,0.626933403224354,ols:pooled
2002-10,0.0040257334132048255,0.002921484940483777,0.5521242363605244,ols:pooled
2002-11,0.004320060126523847,0.002894496335094376,0.7127818957147353,ols:pooled
2002-12,0.0031177346582460684,0.0019251027492310077,0.5963159545075306,ols:pooled
2003-01,0.0009434556168754981,-0.00030258230561273225,0.6230189612441155,ols:pooled
2003-02,0.00048594656471967316,-0.0004816713804509548,0.48380897258531397,ols:pooled
2003-03,0.009391357473512106,0.008387607894409475,0.5018747895513156,ols:pooled
2003-04,-0.005354955047751048,-0.006065567280136871,0.3553061161929116,ols:pooled
2003-05,0.0028386699768550433,0.001627481158885326,0.6055944089848584,ols:pooled
2003-06,0.006309326847170985,0.005150424347399625,0.5794512498856801,ols:pooled
2003-07,0.009601987224572468,0.008616116579697108,0.49293532243767935,ols:pooled
2003-08,0.005310883528937118,0.004296819432072518,0.5070320484323,ols:pooled
2003-09,-0.002827169124372764,-0.003970769611222923,0.5718002434250796,ols:pooled
2003-10,0.011860526092311,0.010831489321514636,0.5145183853981822,ols:pooled
2003-11,0.0020538007704200777,0.001103950924733731,0.47492492284317317,ols:pooled
2003-12,0.0012003639120669967,0.00016987070211877596,0.5152466049741101,ols:pooled
2004-01,-0.006141204784966098,-0.007156093724040095,0.5074444695369987,ols:pooled
2004-02,0.001526157447082393,0.00033947278522837457,0.5933423309270092,ols:pooled
2004-03,0.0028470632619248997,0.001844081793534534,0.5014907341951828,ols:pooled
2004-04,0.0013649560347390114,0.0004133236753905583,0.47581617967422646,ols:pooled
2004-05,-0.005438401971764068,-0.006391006713891399,0.4763023710636659,ols:pooled
2004-06,0.004131843452182817,0.0032008806270056086,0.4654814125886044,ols:pooled
2004-07,0.0044538617987461195,0.0036156678337571605,0.4190969824944796,ols:pooled
2004-08,0.005371734857026328,0.004580719485834758,0.395507685595785,ols:pooled
2004-09,0.003261467378896595,0.0024135635252431633,0.42395192682671595,ols:pooled
2004-10,0.013435217146489136,0.01256738839405308,0.433914376218028,ols:pooled
2004-11,0.0033895461411722217,0.0025946927329536977,0.3974267041092619,ols:pooled
2004-12,0.007863334541932901,0.0068800861208924684,0.49162421052021604,ols:pooled
2005-01,0.00032353072122714586,-0.0007215015898899987,0.5225161555585722,ols:pooled
2005-02,0.010142293694530194,0.009176675324705338,0.48280918491242747,ols:pooled
2005-03,0.011068169403493602,0.010124794130289078,0.4716876366022631,ols:pooled
2005-04,0.012352751621835903,0.011431551675882503,0.4605999729766999,ols:pooled
2005-05,-0.017958409746241716,-0.01875831905692083,0.3999546553395574,ols:pooled
2005-06,0.0005276285191950115,-0.0006662271939584094,0.5969278565767104,ols:pooled
2005-07,0.007722199041429026,0.0067019883747301235,0.510105333349451,ols:pooled
2005-08,0.0011996302299358687,0.0003193580165578012,0.44013610668903347,ols:pooled
2005-09,0.0029892443601721727,0.0019261451577045278,0.5315496012338222,ols:pooled
2005-10,-0.0003664459532991836,-0.0012899147472839624,0.46173439699238966,ols:pooled
2005-11,-0.0011010209334683066,-0.002041604093705657,0.47029158011867533,ols:pooled
2005-12,-0.0013851484181972562,-0.002332098263543303,0.47347492267302327,ols:pooled
2006-01,0.00035037797283377146,-0.0006858700465140113,0.5181240096738913,ols:pooled
2006-02,-0.0008840047620820544,-0.002269716075253422,0.6928556565856839,ols:pooled
2006-03,-0.01378074655745518,-0.015029000629816273,0.6241270361805469,ols:pooled
2006-04,0.008076770386005102,0.006834326277819327,0.621222054092887,ols:pooled
2006-05,0.0019610785384467275,0.0008730795074858531,0.5439995154804371,ols:pooled
2006-06,0.017523597586544454,0.01649645293858673,0.5135723239788598,ols:pooled
2006-07,-0.0047419669703225925,-0.0058114002475156395,0.5347166385965237,ols:pooled
2006-08,-0.004888421152076162,-0.006147486505821251,0.6295326768725443,ols:pooled
2006-09,0.002444527102056359,0.001254948194355555,0.5947894538504022,ols:pooled
2006-10,-0.005093343047130298,-0.006099619597079575,0.5031382749746385,ols:pooled
2006-11,0.008333971869511453,0.007237799449448079,0.5480862100316868,ols:pooled
2006-12,0.0013425009437158023,0.00036215180643182,0.490174568641991,ols:pooled
2007-01,0.006098774320353907,0.004984914825855708,0.5569297472490995,ols:pooled
2007-02,0.0021745269777402104,0.0010009231730081767,0.5868019023660167,ols:pooled
2007-03,0.008598939778849835,0.007519142286362322,0.5398987462437568,ols:pooled
2007-04,0.006074501308837533,0.0049948713298565124,0.5398149894905097,ols:pooled
2007-05,0.001863418344806851,0.0007985932509245569,0.5324125469411473,ols:pooled
2007-06,-0.0019070477827094422,-0.003098481583934348,0.5957169006124531,ols:pooled
2007-07,0.0004523790775871002,-0.0009025589087986445,0.6774689931928723,ols:pooled
2007-08,0.000664555020047034,-0.0005860099745766277,0.6252824973118309,ols:pooled
2007-09,0.0005556126942936414,-0.0007573018485501365,0.6564572714218888,ols:pooled
2007-10,0.011383655365620485,0.010172441829212973,0.6056067682037553,ols:pooled
2007-11,0.0002629070827429522,-0.0009229472333682509,0.5929271580556016,ols:pooled
2007-12,0.00348377030905384,0.0020970472363276466,0.6933615363630964,ols:pooled
2008-01,0.001916044239686968,0.0007566096924385004,0.5797172736242341,ols:pooled
2008-02,-0.0008159684115675062,-0.0021105029847696124,0.6472672866010531,ols:pooled
2008-03,0.003704756879054091,0.0023948910780579548,0.6549329004980683,ols:pooled
2008-04,0.001268639127758216,-1.9581388507842377e-05,0.6441102581330294,ols:pooled
2008-05,-0.001949482020830735,-0.0033449060730185907,0.6977120260939276,ols:pooled
2008-06,0.008759530654783151,0.007519685693348095,0.6199224807175275,ols:pooled
2008-07,-0.0032183323607404032,-0.0042722947962148955,0.5269812177372466,ols:pooled
2008-08,0.0082005201980014,0.006785504858875437,0.7075076695629812,ols:pooled
2008-09,0.011192090337955641,0.010076593935933086,0.557748201011278,ols:pooled
2008-10,0.030592272817576437,0.029506017313898916,0.5431277518387604,ols:pooled
2008-11,0.019019633024576738,0.017940310599410838,0.5396612125829505,ols:pooled
2008-12,-0.008015837423808351,-0.009228917452236744,0.6065400142141967,ols:pooled
2009-01,0.0007915270395649844,-0.0005969845779107296,0.6942558087378567,ols:pooled
2009-02,0.00913664586074835,0.007773847580534479,0.6813991401069356,ols:pooled
2009-03,-0.010999227888428194,-0.01204279946338255,0.5217857874771771,ols:pooled
2009-04,-0.020689816413327858,-0.022101181428533675,0.7056825076029083,ols:pooled
2009-05,0.007156239686749054,0.00542389644915619,0.8661716187964316,ols:pooled
2009-06,-0.0026841568846954276,-0.004282644552341396,0.7992438338229845,ols:pooled
2009-07,0.005103846266698579,0.00346737164374455,0.8182373114770137,ols:pooled
2009-08,0.0033907931560386,0.0021553035393682214,0.6177448083351892,ols:pooled
2009-09,0.0036221707512297126,0.002341838148743891,0.6401663012429107,ols:pooled
2009-10,0.0014665737856850978,0.0002849911488096661,0.5907913184377157,ols:pooled
2009-11,0.0014285237206924123,0.00017235671078385956,0.6280835049542763,ols:pooled
2009-12,-0.002534090978536997,-0.0036800794368216094,0.5729942291423062,ols:pooled
2010-01,-0.0008827440494172954,-0.0022101869864916456,0.6637214685371752,ols:pooled
2010-02,-0.0042232911275701885,-0.005605228704673947,0.6909687885518788,ols:pooled
2010-03,-0.00023544670783540687,-0.0017338873621712105,0.7492203271679018,ols:pooled
2010-04,0.006123315000007773,0.004810561050096748,0.6563769749555124,ols:pooled
2010-05,0.0037512657970101837,0.002567489127160933,0.5918883349246256,ols:pooled
2010-06,0.007963002682861988,0.00684412083351378,0.5594409246741046,ols:pooled
2010-07,-0.0005259569474069011,-0.0014725375363934838,0.47329029449329135,ols:pooled
2010-08,0.0008869355854573377,-0.0003658224449578992,0.6263790152076184,ols:pooled
2010-09,0.002223544333897766,0.000951301317872652,0.6361215080125566,ols:pooled
2010-10,0.00621887759594747,0.004969760299519217,0.6245586482141261,ols:pooled
2010-11,0.007764030250900969,0.006590022695364566,0.5870037777682019,ols:pooled
2010-12,0.0072711739231380865,0.006056765968583317,0.6072039772773847,ols:pooled
2011-01,0.0067031851292347734,0.00563200680593307,0.5355891616508524,ols:pooled
2011-02,-0.003268254207712633,-0.004384947171914359,0.5583464821008626,ols:pooled
2011-03,-0.0008316725387456187,-0.0019954341759649565,0.5818808186096688,ols:pooled
2011-04,0.00886903513683014,0.007748392758775692,0.5603211890272232,ols:pooled
2011-05,0.0037592761384122233,0.002811455866204936,0.47391013610364363,ols:pooled
2011-06,0.0032064315236682876,0.0021973194296602597,0.5045560470040138,ols:pooled
2011-07,0.0051573204796864095,0.004263423714000556,0.44694838284292665,ols:pooled
2011-08,0.00681097764434715,0.005909790306463226,0.4505936689419618,ols:pooled
2011-09,0.011576539019913777,0.010637911729205187,0.469313645354296,ols:pooled
2011-10,-0.004975664277164731,-0.005952711588224741,0.4885236555300058,ols:pooled
2011-11,0.004438844181211799,0.0032151645609242727,0.6118398101437631,ols:pooled
2011-12,0.004650360791860204,0.0034247920824518616,0.6127843547041711,ols:pooled
2012-01,-0.017088217310262898,-0.017892099633244368,0.4019411614907354,ols:pooled
2012-02,-0.0007667343019619806,-0.0018560916031804407,0.54467865060923,ols:pooled
2012-03,0.009710478686208014,0.00862869688464384,0.5408909007820865,ols:pooled
2012-04,0.008203588501513844,0.007301325931271859,0.45113128512099276,ols:pooled
2012-05,0.007921802173423335,0.007113544708469749,0.40412873247679215,ols:pooled
2012-06,0.005406269002145239,0.004618517136613368,0.39387593276593547,ols:pooled
2012-07,0.00596380882867766,0.005171982645924593,0.39591309137653385,ols:pooled
2012-08,0.003175870624924838,0.0023733736063696574,0.40124850927759004,ols:pooled
2012-09,-0.0023384161757368776,-0.003135223731780596,0.39840377802185917,ols:pooled
2012-10,0.0014401773485222184,0.0005216077926103135,0.45928477795595235,ols:pooled
2012-11,0.007491893216449287,0.006664088062670478,0.4139025768894046,ols:pooled
2012-12,-0.0017513749934330765,-0.0025307173300766544,0.389671168321789,ols:pooled
2013-01,0.002142551819253642,0.0012465923995756533,0.4479797098389943,ols:pooled
2013-02,0.00343128990950158,0.002496602138476709,0.4673438855124352,ols:pooled
2013-03,0.007758082285258074,0.006933881099789589,0.4121005927342422,ols:pooled
2013-04,0.007490387498330761,0.006769267470751905,0.3605600137894277,ols:pooled
2013-05,0.002005579652846384,0.0012552782577812077,0.37515069753258823,ols:pooled
2013-06,0.002787304378625712,0.0018531070404701126,0.4670986690777994,ols:pooled
2013-07,0.00693616049895318,0.005987785017090314,0.4741877409314325,ols:pooled
2013-08,0.0004379802178932581,-0.0005194778229323618,0.47872902041281,ols:pooled
2013-09,-0.006294580285806412,-0.00734108632282736,0.5232530185104737,ols:pooled
2013-10,0.00031368963974894037,-0.0006519014395651082,0.4827955396570243,ols:pooled
2013-11,-0.0010908593498951675,-0.0019531815273714304,0.43116108873813147,ols:pooled
2013-12,0.0025881468257259736,0.0018045594328186475,0.3917936964536631,ols:pooled
2014-01,0.00022357507272184553,-0.00044956927471128966,0.3365721737165675,ols:pooled
2014-02,0.005065108134220124,0.004266157055414993,0.39947553940256547,ols:pooled
2014-03,0.0003818842483580729,-0.0004031334450550522,0.39250884670656255,ols:pooled
2014-04,0.0023557007142969663,0.0014169278194735549,0.46938644741170565,ols:pooled
2014-05,-0.002974342124706327,-0.0038989511835004665,0.4623045293970696,ols:pooled
2014-06,0.003700293561754521,0.00275894909436956,0.47067223369248024,ols:pooled
2014-07,0.0025703989513624656,0.001738600805010644,0.41589907317591046,ols:pooled
2014-08,0.0016545066608828522,0.0008496150959167233,0.40244578248306434,ols:pooled
2014-09,-0.003462069675210061,-0.004269565719260032,0.4037480220249856,ols:pooled
2014-10,0.001850386291792165,0.0010500131677825127,0.400186562004826,ols:pooled
2014-11,0.009766631664417465,0.00892702487353368,0.41980339544189194,ols:pooled
2014-12,0.012900321938028925,0.012189210035746762,0.35555595114108113,ols:pooled
2015-01,0.004398231428209955,0.0036621516055866956,0.3680399113116295,ols:pooled
2015-02,0.0008497475482677112,-2.987760727278194e-05,0.43981257777024657,ols:pooled
2015-03,0.003977399699741126,0.0030837183848088077,0.4468406574661593,ols:pooled
2015-04,-0.010527053925085487,-0.011384502604692804,0.42872433980365904,ols:pooled
2015-05,-0.0005047534437462993,-0.0016183260231598844,0.5567862897067926,ols:pooled
2015-06,0.0035699476722292622,0.002553694255005655,0.5081267086118036,ols:pooled
2015-07,0.0079677912460713,0.007226363059817107,0.37071409312709686,ols:pooled
2015-08,0.006323230863941863,0.005575417603590923,0.37390663017547016,ols:pooled
2015-09,0.0053872027007274845,0.0046202251923866304,0.38348875417042694,ols:pooled
2015-10,-0.002119749533102346,-0.0029126630325246247,0.39645674971113914,ols:pooled
2015-11,0.004451065656321334,0.0035341323788439355,0.45846663873869875,ols:pooled
2015-12,-0.0012506556903613116,-0.0021365746362872863,0.4429594729629872,ols:pooled
2016-01,0.0026433050072580313,0.0017725436445830127,0.4353806813375094,ols:pooled
2016-02,-0.000820687521081825,-0.0017069461442868737,0.44312931160252456,ols:pooled
2016-03,-0.0061794567808655405,-0.007094706298402605,0.4576247587685329,ols:pooled
2016-04,0.003532771450716395,0.0025683766073010114,0.4821974217076915,ols:pooled
2016-05,0.0017470640217141945,0.000846959306655452,0.45005235752937117,ols:pooled
2016-06,-0.00019977279044281217,-0.001045650928212073,0.42293906888463056,ols:pooled
2016-07,0.0021687655762463033,0.0014145603267635867,0.3771026247413583,ols:pooled
2016-08,0.005939475376352358,0.005110275872328366,0.41459975201199584,ols:pooled
2016-09,0.006291558985436771,0.0055171728383603515,0.3871930735382106,ols:pooled
2016-10,0.002644622671728158,0.0020817697000196393,0.28142648585425956,ols:pooled
2016-11,-0.0020617392536292915,-0.0027893966713206167,0.36382870884566254,ols:pooled
2016-12,0.0013723420445070876,0.0005044459112529486,0.43394806662706953,ols:pooled
2017-01,0.004640694767431803,0.0038705762229469514,0.3850592722424256,ols:pooled
2017-02,-0.0019150829537747313,-0.0027459299277501495,0.41542348698770887,ols:pooled
2017-03,0.0022206205303894546,0.0014257122684770533,0.3974541309562006,ols:pooled
2017-04,0.001175036915833377,0.0004243695434667202,0.3753336861833284,ols:pooled
2017-05,0.0033666798909593614,0.0026504041365313495,0.3581378772140057,ols:pooled
2017-06,0.0005254165299552115,-0.00028626746630711634,0.4058419981311638,ols:pooled
2017-07,0.002868245355061356,0.002092171560266086,0.3880368973976348,ols:pooled
2017-08,0.002627371768928519,0.0018265097054992116,0.4004310317146535,ols:pooled
2017-09,0.0020876084038860183,0.001404523972356425,0.3415422157647967,ols:pooled
2017-10,0.004030039944852054,0.0033517788218116054,0.3391305615202246,ols:pooled
2017-11,0.0014176139193512512,0.0005917317300760435,0.41294109463760376,ols:pooled
2017-12,0.00409913511169638,0.0032547331031315043,0.42220100428243756,ols:pooled
2018-01,0.007397221015575957,0.006564078990133416,0.4165710127212705,ols:pooled
2018-02,0.0026363422404050677,0.0017542111867936562,0.44106552680570565,ols:pooled
2018-03,0.004614082113631093,0.0038070018010108587,0.4035401563101169,ols:pooled
2018-04,0.003010513256624371,0.0023031147281504555,0.3536992642369576,ols:pooled
2018-05,0.0027340555109543977,0.0018975799537403542,0.41823777860702144,ols:pooled
2018-06,0.001349595284816186,0.0004936125372778173,0.4279913737691843,ols:pooled
2018-07,0.0036104557058034307,0.0028076623653287,0.4013966702373653,ols:pooled
2018-08,0.006509103700476554,0.005707725228936575,0.4006892357699891,ols:pooled
2018-09,0.016176066574112156,0.015451823911174323,0.36212133146891606,ols:pooled
2018-10,0.0005130400165720802,-0.00018625772057373905,0.3496488685729097,ols:pooled
2018-11,-0.005591013462980716,-0.0064175515417318925,0.413269039375588,ols:pooled
2018-12,0.0025785737355400063,0.0015951878894161144,0.49169292306194595,ols:pooled
2019-01,-0.00024306732080951182,-0.0010007982080612124,0.3788654436258501,ols:pooled
2019-02,-0.005910202446214974,-0.006820092597455774,0.45494507562039993,ols:pooled
2019-03,0.004570111529754922,0.0037114103711959594,0.4293505792794814,ols:pooled
2019-04,0.000945002483640229,0.00028307942278854386,0.3309615304258428,ols:pooled
2019-05,0.00034527654756447124,-0.00041280372191069154,0.37904013473758147,ols:pooled
2019-06,0.0032678068371317826,0.0024333958474171526,0.4172054948573148,ols:pooled
2019-07,0.005357198197719019,0.004588453039946228,0.38437257888639514,ols:pooled
2019-08,0.0028280506456023315,0.0021220302427832306,0.35301020140955064,ols:pooled
2019-09,-0.0027617935740064862,-0.003506832140230612,0.3725192831120628,ols:pooled
2019-10,0.0027731615919364735,0.0019177780846358914,0.4276917536502909,ols:pooled
2019-11,0.0016084641416936162,0.0008748984403819885,0.3667828506558138,ols:pooled
2019-12,0.005787289213502589,0.00500074446281794,0.3932723753423248,ols:pooled
2020-01,0.00458540349199903,0.003938896637286638,0.3232534273561961,ols:pooled
2020-02,0.007221546831848897,0.006541863378027984,0.33984172691045667,ols:pooled
2020-03,0.015042498868692467,0.014346247055069842,0.3481259068113134,ols:pooled
2020-04,-0.018348961797486588,-0.01943050860368875,0.5407734031010822,ols:pooled
2020-05,-0.0022427380095717815,-0.003747523668749837,0.752392829589028,ols:pooled
2020-06,-0.0032495985498749796,-0.004396231900439661,0.5733166752823408,ols:pooled
2020-07,0.005343023929818841,0.004320832075982647,0.511095926918097,ols:pooled
2020-08,-0.0016705454837271081,-0.002698298333595849,0.5138764249343706,ols:pooled
2020-09,-0.0016715121281697847,-0.0026838176055081447,0.5061527386691801,ols:pooled
2020-10,0.0025558070150705115,0.0015554667267477355,0.5001701441613878,ols:pooled
2020-11,-0.02306037480995051,-0.023921713632611072,0.43066941133028114,ols:pooled
2020-12,0.003631856663612075,0.0022379754220178964,0.6969406207970895,ols:pooled
2021-01,0.0037190287002939497,0.002561954688878852,0.5785370057075488,ols:pooled
2021-02,0.001086865217178008,0.0001250485948190381,0.480908311179485,ols:pooled
2021-03,0.005967437044438969,0.0049616373676115546,0.5028998384137071,ols:pooled
2021-04,0.007400373115157428,0.006548306246371344,0.42603343439304225,ols:pooled
2021-05,0.005255013796596278,0.004304127846588606,0.47544297500383587,ols:pooled
2021-06,-0.004682604197695977,-0.005566648798463725,0.44202230038387474,ols:pooled
2021-07,0.005572219481261399,0.004700169722932894,0.43602487916425264,ols:pooled
2021-08,0.0011605931363586125,0.00035559608358892226,0.4024985263848452,ols:pooled
2021-09,0.004674121762419638,0.0038161009662122398,0.4290103981036989,ols:pooled
2021-10,0.002457711651567528,0.0016338053247326489,0.4119531634174398,ols:pooled
2021-11,0.005477967843548711,0.004678602788007167,0.3996825277707718,ols:pooled
2021-12,0.010332241825394774,0.009390207207279493,0.4710173090576408,ols:pooled
2022-01,0.010250773290427955,0.009531241848130477,0.3597657211487401,ols:pooled
2022-02,0.009112534652639252,0.008387908355468694,0.3623131485852793,ols:pooled
2022-03,0.009684961317006044,0.008832980406095198,0.4259904554554231,ols:pooled
2022-04,0.008464628094151053,0.007741552876994018,0.3615376085785178,ols:pooled
2022-05,0.005194399802981088,0.004465226374715892,0.36458671413259774,ols:pooled
2022-06,-9.863063207207157e-05,-0.0008985605594676117,0.39996496369777007,ols:pooled
2022-07,-0.006783543502985468,-0.0076209767582076015,0.41871662761106665,ols:pooled
2022-08,-0.0020079959573711618,-0.0029176737846408553,0.4548389136348465,ols:pooled
2022-09,0.004393901526139784,0.0036086614669266636,0.3926200296065598,ols:pooled
2022-10,0.0060570921226507845,0.005245149038769736,0.40597154194052415,ols:pooled
2022-11,-0.00797419462757115,-0.008843509986044485,0.4346576792366681,ols:pooled
2022-12,0.005943150486171386,0.004908609094733925,0.5172706957187299,ols:pooled
2023-01,0.0028036037632528416,0.0019847943775544528,0.40940469284919456,ols:pooled
2023-02,0.005999991886202697,0.005178442500788632,0.410774692707032,ols:pooled
2023-03,0.0029128016561253208,0.002279556022807747,0.31662281665878694,ols:pooled
2023-04,-0.003208100327954774,-0.003962892824352017,0.3773962481986215,ols:pooled
2023-05,-0.0020052301706874557,-0.0027722891269075195,0.3835294781100318,ols:pooled
2023-06,0.0031392678697044316,0.0023597425700099058,0.3897626498472629,ols:pooled
2023-07,0.0016964005345440657,0.0009222937914388215,0.38705337155262215,ols:pooled
2023-08,0.0010503666440653979,0.0002644803976834062,0.39294312319099584,ols:pooled
2023-09,0.010610277084941491,0.009851310135740315,0.37948347460058796,ols:pooled
2023-10,0.006139789341357932,0.005539839134194252,0.29997510358184043,ols:pooled
2023-11,-0.007561092715615215,-0.008272501984501326,0.35570463444305545,ols:pooled
2023-12,0.0029257671668997385,0.0020730015514768994,0.4263828077114194,ols:pooled
2024-01,0.010150997024825855,0.009373298640967588,0.3888491919291321,ols:pooled
2024-02,-3.0253439437306117e-05,-0.0007921802129782983,0.38096338677049624,ols:pooled
2024-03,0.005612110333513419,0.004812735130244829,0.39968760163429506,ols:pooled
2024-04,-0.0011551344487644283,-0.0019200390818339475,0.3824523165347596,ols:pooled
2024-05,-0.0006632109816735794,-0.0014543247230920826,0.3955568707092519,ols:pooled
2024-06,0.000609554658512381,-0.00016681816155436163,0.38818641003337145,ols:pooled
2024-07,0.0009649456964744743,0.0001846230434235423,0.39016132652546603,ols:pooled
2024-08,0.0017198501807700842,0.0009657251743546875,0.3770625032076982,ols:pooled
2024-09,0.0013167473777464017,0.0005775208982696465,0.3696132397383776,ols:pooled
2024-10,0.00422266050187847,0.003433793397117004,0.394433552380733,ols:pooled
2024-11,0.008554425738377733,0.007778078738426438,0.38817349997564804,ols:pooled
2024-12,0.001616056997353385,0.0008602098435768483,0.37792357688826855,ols:pooled
2025-01,0.0017266721782202698,0.001085056551134457,0.3208078135429063,ols:pooled
2025-02,0.0026089244518494124,0.001870593246796566,0.3691656025264232,ols:pooled
2025-03,0.00517450240983295,0.004459137636298572,0.35768238676718905,ols:pooled
2025-04,-0.0029259116233787737,-0.0035571616518233744,0.3156250142223004,ols:pooled
2025-05,-0.00010915821406553848,-0.0008726693550621518,0.3817555704983065,ols:pooled
2025-06,-0.000634046249832713,-0.0013463028528806025,0.3561283015239447,ols:pooled
2025-07,-2.26645927894988e-05,-0.000664347533516581,0.3208414703635411,ols:pooled
2025-08,0.0008681511248713153,0.00010989514308319117,0.37912799089406213,ols:pooled
2025-09,0.006487813016317753,0.005723243257109434,0.38228487960415924,ols:pooled
2025-10,0.014048696815791843,0.01328374235741641,0.38247722918771687,ols:pooled
2025-11,0.0004970055005808562,-0.0003189912319013149,0.4079983662410857,ols:pooled
2025-12,0.011112024340174416,0.010327664223714993,0.3921800582297123,ols:pooled
2000-01,0.004883669035234032,0.004883669035234032,0.0,shrink_mean:rule
2000-02,0.0010214555553423096,0.0007384772226294812,0.14148916635641373,shrink_mean:rule
2000-03,0.004185774132383822,0.0038391342304323903,0.17331995097571576,shrink_mean:rule
2000-04,-0.015358489288271377,-0.015605240476958248,0.1233755943434355,shrink_mean:rule
2000-05,-0.0011479611873313252,-0.0016490262819351354,0.2505325473019049,shrink_mean:rule
2000-06,0.007738267289175835,0.007304419620384949,0.21692383439544305,shrink_mean:rule
2000-07,0.0009302070179230497,0.0006354131015989884,0.1473969581620308,shrink_mean:rule
2000-08,0.0033815249685679415,0.0031792295066680842,0.10114773094992845,shrink_mean:rule
2000-09,0.0061799356905187066,0.005977558828870563,0.10118843082407145,shrink_mean:rule
2000-10,0.0028625167226623348,0.0026701196830651,0.09619851979861746,shrink_mean:rule
2000-11,0.007855617679491101,0.0076022864858397805,0.12666559682566064,shrink_mean:rule
2000-12,-0.005365882916589709,-0.005661164929921914,0.14764100666610255,shrink_mean:rule
2001-01,-0.0021459979874120317,-0.002352144951441026,0.10307348201449715,shrink_mean:rule
2001-02,0.004707699449782998,0.004442475536805234,0.1326119564888814,shrink_mean:rule
2001-03,0.020467640717318165,0.020238527619819046,0.11455654874955909,shrink_mean:rule
2001-04,0.007638878927704124,0.007404419449422244,0.11722973914093976,shrink_mean:rule
2001-05,0.004607987983928969,0.0041775370825016395,0.21522545071366456,shrink_mean:rule
2001-06,0.004344228012019408,0.00416843796214489,0.08789502493725848,shrink_mean:rule
2001-07,0.013528770349571999,0.013372392904715646,0.07818872242817614,shrink_mean:rule
2001-08,-0.0034237202283195016,-0.0036631396636409284,0.11970971766071334,shrink_mean:rule
2001-09,0.003862363734995961,0.0036903780564170783,0.0859928392894413,shrink_mean:rule
2001-10,0.005409365942205472,0.005042026568802332,0.18366968670157033,shrink_mean:rule
2001-11,-0.0029526022563703793,-0.0031443616611677994,0.09587970239870976,shrink_mean:rule
2001-12,0.009141571757759266,0.008954746575720273,0.09341259101949669,shrink_mean:rule
2002-01,0.00010057429721645368,-4.96293812237994e-05,0.07510183922012635,shrink_mean:rule
2002-02,-0.0008038364105788375,-0.0010073516468734672,0.10175761814731442,shrink_mean:rule
2002-03,0.0028070040527048363,0.0026351218763370184,0.08594108818390886,shrink_mean:rule
2002-04,0.008105678826213153,0.007911320114575357,0.09717935581889742,shrink_mean:rule
2002-05,0.00047249460022501336,0.0002549493271125156,0.10877263655624872,shrink_mean:rule
2002-06,0.005470698856342888,0.005310719039904988,0.07998990821894995,shrink_mean:rule
2002-07,0.0011833773624361232,0.001062691638792831,0.06034286182164616,shrink_mean:rule
2002-08,0.007608907651933649,0.007454975573463678,0.0769660392349862,shrink_mean:rule
2002-09,0.008969617200763395,0.008816925139861913,0.07634603045074112,shrink_mean:rule
2002-10,0.006993311037586252,0.006851613675043803,0.07084868127122415,shrink_mean:rule
2002-11,0.004695769963671075,0.004493316516292984,0.10122672368904505,shrink_mean:rule
2002-12,0.006763508778007928,0.00661150675137094,0.07600101331849413,shrink_mean:rule
2003-01,-0.0007963762829532055,-0.000958940785276595,0.08128225116169466,shrink_mean:rule
2003-02,0.003173237324487088,0.0030275782958371976,0.07282951432494511,shrink_mean:rule
2003-03,0.007168345489727668,0.007064662974512776,0.051841257607445616,shrink_mean:rule
2003-04,-0.006791474277459466,-0.006928057767248167,0.06829174489435098,shrink_mean:rule
2003-05,0.006575733062411751,0.006318496382089695,0.12861834016102816,shrink_mean:rule
2003-06,0.007703930941390942,0.007533186102177603,0.0853724196066692,shrink_mean:rule
2003-07,0.007778686456734371,0.0076277709537521665,0.075457751491102,shrink_mean:rule
2003-08,0.004869186100928045,0.004692932026344648,0.08812703729169806,shrink_mean:rule
2003-09,0.0013759490293147624,0.0009944627814681053,0.1907431239233286,shrink_mean:rule
2003-10,0.010438231699761623,0.010326535518675219,0.055848090543201785,shrink_mean:rule
2003-11,0.004152123075737556,0.004035068474457508,0.0585273006400235,shrink_mean:rule
2003-12,0.0013120547736388383,0.0012046544229334685,0.05370017535268473,shrink_mean:rule
2004-01,-0.0010700639413577422,-0.0012207529792797097,0.07534451896098386,shrink_mean:rule
2004-02,0.003681161278234614,0.0034996544962521,0.09075339099125722,shrink_mean:rule
2004-03,0.004508349459235897,0.0043537024406648745,0.077323509285511,shrink_mean:rule
2004-04,0.0031765308369956814,0.0030532829948145598,0.061623921090561064,shrink_mean:rule
2004-05,-0.0020794707652108373,-0.002242428131784344,0.08147868328675356,shrink_mean:rule
2004-06,0.004649877384160322,0.004529376867087825,0.06025025853624838,shrink_mean:rule
2004-07,0.0018562542867514432,0.0017531227152199848,0.05156578576572925,shrink_mean:rule
2004-08,0.006717733864506317,0.006597876845321449,0.059928509592433815,shrink_mean:rule
2004-09,0.002500955703722005,0.0023803578728300865,0.06029891544595955,shrink_mean:rule
2004-10,0.006279831383876648,0.00615618912714359,0.061821128366528734,shrink_mean:rule
2004-11,0.004036334525695937,0.003870302639507479,0.08301594309422917,shrink_mean:rule
2004-12,0.007863044323575869,0.0077378037739041046,0.06262027483588198,shrink_mean:rule
2005-01,0.0027633405392472198,0.0025327292430618736,0.11530564809267305,shrink_mean:rule
2005-02,0.0134070802803524,0.013313737436167159,0.04667142209261947,shrink_mean:rule
2005-03,0.008592084426225695,0.008456397346840512,0.06784353969259233,shrink_mean:rule
2005-04,0.008529350873349769,0.008409540788335626,0.05990504250707183,shrink_mean:rule
2005-05,-0.015852933841209896,-0.015997166915343305,0.07211653706670432,shrink_mean:rule
2005-06,-0.0002976413895428196,-0.00044841836423927314,0.07538848734822674,shrink_mean:rule
2005-07,0.010175592567426069,0.010080552407908781,0.04752007975864384,shrink_mean:rule
2005-08,0.003779664922234519,0.00367598573445925,0.05183959388763474,shrink_mean:rule
2005-09,-0.002010337465734196,-0.002169698215331842,0.07968037479882284,shrink_mean:rule
2005-10,-0.0027346182335471125,-0.0028555524057408393,0.06046708609686335,shrink_mean:rule
2005-11,-0.0031318540202205877,-0.0032600278011211802,0.06408689045029613,shrink_mean:rule
2005-12,-0.0010862052278951381,-0.0012131161900764695,0.06345548109066564,shrink_mean:rule
2006-01,0.013319811174689557,0.013211396179178093,0.0542074977557319,shrink_mean:rule
2006-02,-0.0025225733339110747,-0.002860663960147244,0.16904531311808466,shrink_mean:rule
2006-03,-0.011179445334794265,-0.011329615327332438,0.0750849962690875,shrink_mean:rule
2006-04,0.0016795041657384205,0.0014862681730588427,0.09661799633978918,shrink_mean:rule
2006-05,0.00044291562467413094,0.000277546108863507,0.08268475790531173,shrink_mean:rule
2006-06,0.011335488585290996,0.011216265844685462,0.059611370302766926,shrink_mean:rule
2006-07,0.00351008689645927,0.003105803719380948,0.2021415885391609,shrink_mean:rule
2006-08,0.000662036886380872,0.00045290769578278925,0.10456459529904143,shrink_mean:rule
2006-09,9.55568325810505e-05,-0.00013306594512785787,0.11431138885445424,shrink_mean:rule
2006-10,-0.0015838582709953627,-0.001712045512399331,0.06409362070198425,shrink_mean:rule
2006-11,-0.0031385664845442448,-0.0032438016814877626,0.05261759847175937,shrink_mean:rule
2006-12,-8.873943158975863e-05,-0.00021952744810567826,0.06539400825795984,shrink_mean:rule
2007-01,0.001728743662618481,0.0015721770311578106,0.07828331573033535,shrink_mean:rule
2007-02,-0.0041837667472888595,-0.004548080335041461,0.18215679387630107,shrink_mean:rule
2007-03,0.00562344883101625,0.005451225920307034,0.08611145535460828,shrink_mean:rule
2007-04,0.004500742972733722,0.004319497555493755,0.09062270861998357,shrink_mean:rule
2007-05,0.0009912626664744938,0.0007921477840797712,0.09955744119736128,shrink_mean:rule
2007-06,-6.315046981077262e-05,-0.000225008064402304,0.08092879729576567,shrink_mean:rule
2007-07,-0.0012122898584115195,-0.0013836991551451584,0.08570464836681932,shrink_mean:rule
2007-08,0.005303930978763975,0.005095845308531893,0.10404283511604132,shrink_mean:rule
2007-09,4.8119717039435255e-06,-0.00018455733518400803,0.0946846534439759,shrink_mean:rule
2007-10,0.008069199339589772,0.007788382181885809,0.14040857885198102,shrink_mean:rule
2007-11,0.0016432526825568149,0.001407761906876371,0.1177453878402219,shrink_mean:rule
2007-12,0.0019461258512550217,0.0017646672238576131,0.0907293136987042,shrink_mean:rule
2008-01,0.0018801748864223618,0.0016643814721720347,0.10789670712516353,shrink_mean:rule
2008-02,0.0026587804838208266,0.002446093933147018,0.10634327533690488,shrink_mean:rule
2008-03,0.0029597104224019515,0.0027936667747856547,0.08302182380814839,shrink_mean:rule
2008-04,0.0041455129591779815,0.0039737051970147146,0.0859038810816335,shrink_mean:rule
2008-05,-0.0017688896439510238,-0.001997845432713934,0.11447789438145493,shrink_mean:rule
2008-06,0.004800506159863075,0.004665250465197747,0.06762784733266455,shrink_mean:rule
2008-07,0.007725434214531816,0.0075954887267729206,0.06497274387944732,shrink_mean:rule
2008-08,0.004448131823553119,0.004262703166209128,0.09271432867199586,shrink_mean:rule
2008-09,0.005777533493561929,0.005648563417300186,0.06448503813087123,shrink_mean:rule
2008-10,0.012270897198284099,0.012088769616057697,0.09106379111320041,shrink_mean:rule
2008-11,0.00951894490132424,0.00926428995075573,0.12732747528425623,shrink_mean:rule
2008-12,-0.00391750499591494,-0.004147724227184471,0.11510961563476489,shrink_mean:rule
2009-01,0.0046111696249057236,0.004429471103897618,0.09084926050405252,shrink_mean:rule
2009-02,0.0012376705601213984,0.001054154881627984,0.09175783924670734,shrink_mean:rule
2009-03,-0.0018751431076688514,-0.0020491613055951367,0.08700909896314256,shrink_mean:rule
2009-04,-0.020599276748045972,-0.020809943656121762,0.10533345403789439,shrink_mean:rule
2009-05,-0.009618531643893157,-0.009912675367691746,0.1470718618992945,shrink_mean:rule
2009-06,0.006150652488342403,0.005850760950162,0.14994576909020127,shrink_mean:rule
2009-07,0.006139139327143325,0.0059848802995369245,0.0771295138031997,shrink_mean:rule
2009-08,0.004177212608662794,0.004016912275577977,0.08015016654240846,shrink_mean:rule
2009-09,-0.003600247707462147,-0.003728274827852901,0.06401356019537702,shrink_mean:rule
2009-10,0.003387772258837145,0.0032348056160804717,0.07648332137833694,shrink_mean:rule
2009-11,0.0031705588717744625,0.003058204353065587,0.05617725935443791,shrink_mean:rule
2009-12,-0.00028153062242410596,-0.00040198772160006786,0.06022854958798096,shrink_mean:rule
2010-01,-0.0017559089330012017,-0.0018808498596660922,0.06247046333244521,shrink_mean:rule
2010-02,0.005991984195095681,0.005824715605510522,0.08363429479257924,shrink_mean:rule
2010-03,0.0032775492971826715,0.0031311520313532445,0.07319863291471335,shrink_mean:rule
2010-04,0.004856441619682457,0.004725610022878296,0.06541579840208007,shrink_mean:rule
2010-05,0.003839309224207214,0.0037320528575321057,0.05362818333755419,shrink_mean:rule
2010-06,0.0032247678692788285,0.0031091333770256707,0.05781724612657875,shrink_mean:rule
2010-07,0.00531860446905771,0.005221693369368812,0.048455549844448775,shrink_mean:rule
2010-08,0.0024074265189753907,0.0022876099734074344,0.059908272783978006,shrink_mean:rule
2010-09,0.0018585330481261562,0.0017391444628480635,0.059694292639046416,shrink_mean:rule
2010-10,0.002923122967255787,0.002825113902884664,0.049004532185561285,shrink_mean:rule
2010-11,0.007080676111325109,0.006966930690337166,0.05687271049397135,shrink_mean:rule
2010-12,0.0014615232055645274,0.0013399352205829248,0.06079399249080149,shrink_mean:rule
2011-01,0.005880673393527416,0.0057729791791291145,0.05384710719915051,shrink_mean:rule
2011-02,0.0016815122473310135,0.0015626797544676183,0.05941624643169749,shrink_mean:rule
2011-03,0.0019648292214126256,0.0018361165497141566,0.06435633584923453,shrink_mean:rule
2011-04,0.005250816601438661,0.005156552968099241,0.047131816669709704,shrink_mean:rule
2011-05,0.003462781273903726,0.003363893049944124,0.04944411197980065,shrink_mean:rule
2011-06,0.002572083835692083,0.002489137112953984,0.04147336136904954,shrink_mean:rule
2011-07,0.005903388160049168,0.005824604182520628,0.03939198876427057,shrink_mean:rule
2011-08,0.0037302455872049787,0.0036405652042507675,0.044840191477105815,shrink_mean:rule
2011-09,0.007813221998077144,0.007711124795227432,0.05104860142485611,shrink_mean:rule
2011-10,0.001119480687138161,0.00102418958948448,0.04764554882684056,shrink_mean:rule
2011-11,0.007367136629119565,0.007254693886966639,0.05622137107646278,shrink_mean:rule
2011-12,0.004584184010165505,0.0044931522906579485,0.045515859753778934,shrink_mean:rule
2012-01,-0.008317306730179457,-0.008508396983774173,0.09554512679735845,shrink_mean:rule
2012-02,0.003754935202048712,0.003633688132361537,0.06062353484358746,shrink_mean:rule
2012-03,0.009871959411950867,0.009778565941482367,0.04669673523424932,shrink_mean:rule
2012-04,0.004289149220511396,0.004099963098267515,0.09459306112194098,shrink_mean:rule
2012-05,0.002765196110771482,0.0026288573505901668,0.0681693800906577,shrink_mean:rule
2012-06,0.005131981115301519,0.005057244828113281,0.03736814359411927,shrink_mean:rule
2012-07,0.005771487809360217,0.005674074274474548,0.04870676744283459,shrink_mean:rule
2012-08,0.0036511793189091925,0.003573725180375396,0.038727069266898465,shrink_mean:rule
2012-09,-0.0013055171623332926,-0.0013850715289247663,0.03977718329573693,shrink_mean:rule
2012-10,0.0017422379406025687,0.0016684822949260814,0.03687782283824363,shrink_mean:rule
2012-11,0.006406403241831938,0.006330867660049049,0.03776779089144451,shrink_mean:rule
2012-12,-0.0010117803600389241,-0.0010957562141852993,0.0419879270731875,shrink_mean:rule
2013-01,0.002152456732983873,0.0020732874452265137,0.039584643878679535,shrink_mean:rule
2013-02,0.002497122376419473,0.0023854306292349853,0.055845873592244,shrink_mean:rule
2013-03,0.004833216219293666,0.004738487980650692,0.04736411932148707,shrink_mean:rule
2013-04,0.005450308777780398,0.005333848669934968,0.05823005392271505,shrink_mean:rule
2013-05,-0.0007536675318214282,-0.0008467500488622248,0.04654125852039816,shrink_mean:rule
2013-06,0.00458162887760294,0.004484459853466654,0.04858451206814274,shrink_mean:rule
2013-07,0.008113125462304383,0.007991246364546685,0.060939548878849184,shrink_mean:rule
2013-08,0.0006446348514938284,0.0005446581710073281,0.04998834024325016,shrink_mean:rule
2013-09,-0.0021267891814169796,-0.002280206062662058,0.07670844062253895,shrink_mean:rule
2013-10,-0.001129321547960982,-0.0012249919537679198,0.04783520290346874,shrink_mean:rule
2013-11,-0.00016137674646590812,-0.00026970410993188874,0.05416368173299035,shrink_mean:rule
2013-12,0.0016715372891449689,0.0016074441315189383,0.03204657881301543,shrink_mean:rule
2014-01,0.001744569410473341,0.0016726928707286883,0.0359382698723263,shrink_mean:rule
2014-02,0.005024903391433962,0.004941478057725549,0.04171266685420612,shrink_mean:rule
2014-03,0.0024009385353718576,0.0023237265781002486,0.03860597863580452,shrink_mean:rule
2014-04,-0.0007994694813498461,-0.0009303990566427934,0.06546478764647376,shrink_mean:rule
2014-05,0.0004686578831021334,0.00034994317089748206,0.05935735610232571,shrink_mean:rule
2014-06,0.0036222652072859605,0.003540219604506416,0.04102280138977188,shrink_mean:rule
2014-07,0.003376303726914819,0.0033073562564236232,0.03447373524559794,shrink_mean:rule
2014-08,0.0005689679194448026,0.00043755100141677615,0.06570845901401318,shrink_mean:rule
2014-09,-0.0012473593500853793,-0.0013142175496822991,0.033429099798459906,shrink_mean:rule
2014-10,0.002889522058271426,0.0028124732626098573,0.03852439783078434,shrink_mean:rule
2014-11,0.0071999586771230506,0.007123897248903371,0.03803071410983966,shrink_mean:rule
2014-12,0.008158408517528831,0.008080855217254008,0.03877665013741138,shrink_mean:rule
2015-01,0.006092453239553804,0.006001445138248237,0.04550405065278335,shrink_mean:rule
2015-02,-0.00012832841830798627,-0.00022618690118485086,0.04892924143843232,shrink_mean:rule
2015-03,0.007607118102703501,0.007518961151103484,0.04407847580000867,shrink_mean:rule
2015-04,-0.006464481019606957,-0.0065803034916359585,0.05791123601450105,shrink_mean:rule
2015-05,0.0007498984408342316,0.0006033380180118654,0.07328021141118303,shrink_mean:rule
2015-06,0.005479740426525859,0.005408491153028267,0.0356246367487963,shrink_mean:rule
2015-07,0.007893669756097496,0.0078249866053944,0.03434157535154775,shrink_mean:rule
2015-08,0.004322475334621505,0.004243748195893219,0.03936356936414328,shrink_mean:rule
2015-09,0.007037817480360087,0.006967570964940927,0.035123257709580115,shrink_mean:rule
2015-10,-0.0013189709451745563,-0.001404165411074971,0.042597232950207314,shrink_mean:rule
2015-11,0.0031027817666278512,0.003023341137128022,0.03972031474991449,shrink_mean:rule
2015-12,0.0035055754630225703,0.003417728124965421,0.04392366902857431,shrink_mean:rule
2016-01,0.004532756239460042,0.0044589457798988345,0.036905229780603746,shrink_mean:rule
2016-02,-0.0013938214783167893,-0.0014766152783528266,0.04139690001801862,shrink_mean:rule
2016-03,-0.008470415057208884,-0.008557676522739135,0.04363073276512589,shrink_mean:rule
2016-04,0.0014195356926838979,0.0013204093990890388,0.049563146797429534,shrink_mean:rule
2016-05,0.004651694736130691,0.004568337188492118,0.04167877381928679,shrink_mean:rule
2016-06,-9.096015313366122e-05,-0.00016073883638911596,0.03488934162772742,shrink_mean:rule
2016-07,0.003913363569541746,0.003849758104603466,0.0318027324691399,shrink_mean:rule
2016-08,0.005843915432295074,0.005761219553504845,0.041347939395114414,shrink_mean:rule
2016-09,0.005823206024879082,0.005724456657305993,0.049374683786544686,shrink_mean:rule
2016-10,0.00323219454910046,0.003187858102935583,0.022168223082438567,shrink_mean:rule
2016-11,-0.004162737224689518,-0.004242044602478807,0.0396536888946442,shrink_mean:rule
2016-12,0.001466995033822298,0.001335402057226334,0.06579648829798222,shrink_mean:rule
2017-01,0.005180980433762904,0.005102517086924018,0.03923167341944261,shrink_mean:rule
2017-02,-0.0017867131441340776,-0.0018642627539370324,0.03877480490147739,shrink_mean:rule
2017-03,0.004758421480041551,0.004697195743774567,0.030612868133492628,shrink_mean:rule
2017-04,-0.00012691823014884576,-0.00019157409726216896,0.03232793355666147,shrink_mean:rule
2017-05,0.004884511073014601,0.004816931113014152,0.03378998000022397,shrink_mean:rule
2017-06,0.0006385193972689156,0.0005610515995064463,0.03873389888123458,shrink_mean:rule
2017-07,0.00435109004297536,0.004297844242634542,0.026622900170409358,shrink_mean:rule
2017-08,0.0017425736371951108,0.0016817705919061525,0.030401522644479068,shrink_mean:rule
2017-09,0.004163550367467561,0.004112337652892079,0.025606357287741147,shrink_mean:rule
2017-10,0.0028874997231197845,0.0028275971619736314,0.029951280573076715,shrink_mean:rule
2017-11,0.0009371226475536804,0.0008535218080776985,0.041800419737990833,shrink_mean:rule
2017-12,0.0010180391105746747,0.0009563495339541721,0.030844788310251423,shrink_mean:rule
2018-01,0.0058581176950684,0.0057737793643237514,0.04216916537232411,shrink_mean:rule
2018-02,0.002949631475892291,0.0028712190482526353,0.03920621381982809,shrink_mean:rule
2018-03,0.003395262107780865,0.0032900330561414625,0.052614525819701226,shrink_mean:rule
2018-04,0.0031623881773648623,0.0030886475830119147,0.03687029717647348,shrink_mean:rule
2018-05,0.004818589642074622,0.004736619256302948,0.040985192885836984,shrink_mean:rule
2018-06,0.0020472344007649466,0.001967201321110638,0.04001653982715416,shrink_mean:rule
2018-07,0.006511709596928887,0.006441724949604508,0.03499232366218889,shrink_mean:rule
2018-08,0.005845935378035675,0.0057767443891393435,0.0345954944481655,shrink_mean:rule
2018-09,0.013660931967016732,0.013596362197696388,0.03228488466017229,shrink_mean:rule
2018-10,0.00206642429383417,0.0019916975253913773,0.0373633842213964,shrink_mean:rule
2018-11,-0.004680354470997208,-0.004756584045475746,0.038114787239269414,shrink_mean:rule
2018-12,-0.003825744282812997,-0.003900409868018487,0.0373327926027452,shrink_mean:rule
2019-01,0.005349631358820651,0.005293396765756547,0.028117296532051892,shrink_mean:rule
2019-02,-0.004363262342791995,-0.004436786724354423,0.03676219078121351,shrink_mean:rule
2019-03,0.003180819030743541,0.0031227552645701233,0.029031883086708943,shrink_mean:rule
2019-04,0.0012596474666074313,0.0012021053833835289,0.02877104161195132,shrink_mean:rule
2019-05,0.0006162585824958448,0.0005488542112390242,0.03370218562841044,shrink_mean:rule
2019-06,0.0048813731325992845,0.004818367316078546,0.03150290826036959,shrink_mean:rule
2019-07,0.004725789160989368,0.004676826371742987,0.024481394623190298,shrink_mean:rule
2019-08,0.00048662319556559247,0.000414530367362837,0.03604641410137773,shrink_mean:rule
2019-09,-0.0009085175510047653,-0.0009691121642095732,0.03029730660240398,shrink_mean:rule
2019-10,0.0016579973895286947,0.0015979756357323897,0.030010876898152624,shrink_mean:rule
2019-11,0.002485577316899025,0.0024286000784284486,0.02848861923528814,shrink_mean:rule
2019-12,0.004523238910902321,0.004463110430311537,0.030064240295392244,shrink_mean:rule
2020-01,0.001089168489599175,0.0010386517239230793,0.02525838283804791,shrink_mean:rule
2020-02,0.0038419920819645834,0.003774221438185225,0.03388532188967906,shrink_mean:rule
2020-03,0.005045589112141071,0.00497589814402139,0.03484548405984072,shrink_mean:rule
2020-04,-0.006891694799955609,-0.007035324309301285,0.07181475467283732,shrink_mean:rule
2020-05,-0.0018254247834220095,-0.0019497456036340352,0.06216041010601292,shrink_mean:rule
2020-06,-0.006093349304437231,-0.0061749663987345,0.040808547148634584,shrink_mean:rule
2020-07,0.004208523208991487,0.004096709944565812,0.0559066322128374,shrink_mean:rule
2020-08,-0.004249409764186061,-0.004358705604958624,0.05464792038628146,shrink_mean:rule
2020-09,0.0014335607042625154,0.0013561069907647874,0.03872685674886403,shrink_mean:rule
2020-10,0.004966271011400323,0.004888948027939084,0.038661491730619474,shrink_mean:rule
2020-11,-0.01658515096934484,-0.016656274612318403,0.0355618214867826,shrink_mean:rule
2020-12,-0.002664418732047682,-0.0027922270406377844,0.06390415429505132,shrink_mean:rule
2021-01,0.006324521117503243,0.006231526465665795,0.04649732591872386,shrink_mean:rule
2021-02,-0.0015475258117120202,-0.0016296134977684398,0.041043843028209674,shrink_mean:rule
2021-03,0.0013398065090458266,0.001242279787455397,0.04876336079521497,shrink_mean:rule
2021-04,0.0020279376529073485,0.0019488522646577133,0.03954269412481781,shrink_mean:rule
2021-05,0.001089562173622815,0.0009889648526429985,0.050298660489908234,shrink_mean:rule
2021-06,-0.005224107983190492,-0.005294174607391281,0.03503331210039446,shrink_mean:rule
2021-07,0.0037499135483178734,0.0036707870485501244,0.039563249883874316,shrink_mean:rule
2021-08,-0.0005361375739379001,-0.0005996321234397239,0.03174727475091197,shrink_mean:rule
2021-09,0.003744530435283651,0.0036657917249968103,0.03936935514342004,shrink_mean:rule
2021-10,0.00039013505340693193,0.000319946233746761,0.0350944098300855,shrink_mean:rule
2021-11,0.007189244267398987,0.007116273293906339,0.03648548674632395,shrink_mean:rule
2021-12,0.009892198960481545,0.009804816955795213,0.04369100234316519,shrink_mean:rule
2022-01,0.008399216851556552,0.008334156494706636,0.032530178424957756,shrink_mean:rule
2022-02,0.010710157546136865,0.010637749858794572,0.036203843671146235,shrink_mean:rule
2022-03,0.0052066870967667515,0.005114451603179971,0.0461177467933898,shrink_mean:rule
2022-04,0.009117976883667363,0.009028614630653253,0.044681126507055614,shrink_mean:rule
2022-05,0.005893114001589741,0.005805640689606865,0.04373665599143827,shrink_mean:rule
2022-06,-0.004157311751803673,-0.004241604703496183,0.042146475846254756,shrink_mean:rule
2022-07,-0.00204305748217217,-0.002125990818284824,0.041466668056326955,shrink_mean:rule
2022-08,-0.0022271705590259337,-0.0022959719391021684,0.0344006900381174,shrink_mean:rule
2022-09,0.001956290579475328,0.0018815021608396183,0.037394209317854525,shrink_mean:rule
2022-10,0.0032381476872932234,0.0031614882544932017,0.038329716400010684,shrink_mean:rule
2022-11,-0.0014407238657238807,-0.0015391851410710004,0.04923063767355988,shrink_mean:rule
2022-12,0.006015204242373575,0.005924285189234863,0.04545952656935604,shrink_mean:rule
2023-01,0.0038014936220557988,0.003725254261131924,0.03811968046193707,shrink_mean:rule
2023-02,0.0023837103409591154,0.002296226501558376,0.04374191970036983,shrink_mean:rule
2023-03,0.003231227749463021,0.0031773260072825715,0.026950871090224506,shrink_mean:rule
2023-04,-0.0019038729979337075,-0.0019680192432724748,0.03207312266938365,shrink_mean:rule
2023-05,-0.0017311474123912233,-0.0018048663634883133,0.03685947554854513,shrink_mean:rule
2023-06,0.003925477442103696,0.003856246528322796,0.034615456890449654,shrink_mean:rule
2023-07,0.0016966461446288681,0.0016328303169903457,0.03190791381926128,shrink_mean:rule
2023-08,0.0019742734549595344,0.0018978352294904898,0.03821911273452217,shrink_mean:rule
2023-09,0.006410813285046734,0.0063461415347590665,0.03233587514383358,shrink_mean:rule
2023-10,0.006761249372844519,0.0066966346690851795,0.03230735187966987,shrink_mean:rule
2023-11,-0.0033592157258920934,-0.003466734188152662,0.05375923113028427,shrink_mean:rule
2023-12,0.004122087096439172,0.004057349412210567,0.03236884211430232,shrink_mean:rule
2024-01,0.012446196378142012,0.012378843504755427,0.033676436693292545,shrink_mean:rule
2024-02,-0.0012154019914248117,-0.0012918278448878872,0.038212926731537644,shrink_mean:rule
2024-03,0.005011938519374733,0.004938634263321476,0.036652128026628844,shrink_mean:rule
2024-04,0.0008830148271713353,0.0007908255046122056,0.046094661279564804,shrink_mean:rule
2024-05,0.0011271759025336698,0.001037113525004327,0.045031188764671416,shrink_mean:rule
2024-06,0.0037068984873822068,0.0036310150965618,0.03794169541020347,shrink_mean:rule
2024-07,0.002738011205872166,0.0026831154562889947,0.027447874791585513,shrink_mean:rule
2024-08,0.0013246764833533973,0.0012633731333515955,0.030651675000900866,shrink_mean:rule
2024-09,0.002066423147294927,0.0020099079973409377,0.028257574976994736,shrink_mean:rule
2024-10,0.0011859461258410513,0.0011252970199112126,0.03032455296491938,shrink_mean:rule
2024-11,0.00870286391739643,0.00863991449615137,0.031474710622530024,shrink_mean:rule
2024-12,0.0016087843287246604,0.001548437048986301,0.030173639869179515,shrink_mean:rule
2025-01,0.00400255537846697,0.003950179955292878,0.026187711587046178,shrink_mean:rule
2025-02,0.0019249391117813596,0.001859609701214661,0.0326647052833493,shrink_mean:rule
2025-03,0.0036210842518048236,0.003559698397435067,0.030692927184877802,shrink_mean:rule
2025-04,0.0001478966902413279,8.320590543379859e-05,0.03234539240376453,shrink_mean:rule
2025-05,-1.1512462565617577e-06,-7.17455337460593e-05,0.035297143744748766,shrink_mean:rule
2025-06,-0.0018320205982093587,-0.0018989673736146116,0.033473387702626284,shrink_mean:rule
2025-07,7.752183679862599e-05,2.49625552015006e-05,0.026279640798562705,shrink_mean:rule
2025-08,-0.003810040788422188,-0.0038797878177026933,0.03487351464025265,shrink_mean:rule
2025-09,0.00716818844090725,0.007108742307398141,0.029723066754554127,shrink_mean:rule
2025-10,0.011898852687187184,0.011825058863531157,0.03689691182801364,shrink_mean:rule
2025-11,0.002587101797978646,0.0025014261124301123,0.04283784277426661,shrink_mean:rule
2025-12,0.009108656869618585,0.009053007887968801,0.027824490824891582,shrink_mean:rule
