target_month,gross,net,turnover,strategy
2001-01,-0.013785635860138246,-0.013785635860138246,0.0,enet:dm_only
2001-02,0.005491152913250389,0.00336857954740656,1.061286682921915,enet:dm_only
2001-03,0.022223123536269165,0.020105394318552825,1.0588646088581704,enet:dm_only
2001-04,0.005471210505329856,0.003799526924135774,0.8358417905970411,enet:dm_only
2001-05,0.007872799064430192,0.006024690809765382,0.9240541273324047,enet:dm_only
2001-06,-0.004825091200350727,-0.006420816627528363,0.797862713588818,enet:dm_only
2001-07,0.018625530116619344,0.016776704830894124,0.9244126428626108,enet:dm_only
2001-08,-0.007971013077609529,-0.009582130977537932,0.8055589499642024,enet:dm_only
2001-09,0.0047107343723962565,0.0028560918678221764,0.9273212522870397,enet:dm_only
2001-10,-0.019346739204452974,-0.021286050993615097,0.9696558945810634,enet:dm_only
2001-11,0.00911912269767143,0.00681404389022444,1.1525394037234944,enet:dm_only
2001-12,0.012321784100969698,0.010427530402382904,0.9471268492933969,enet:dm_only
2002-01,0.00023121574355892868,-0.001958179886497558,1.0946978150282436,enet:dm_only
2002-02,0.006918724261045089,0.005409535980606676,0.754594140219207,enet:dm_only
2002-03,0.011362219683932955,0.010018623285039913,0.6717981994465216,enet:dm_only
2002-04,0.006335214590635043,0.005151326072458507,0.5919442590882681,enet:dm_only
2002-05,0.00464581628545836,0.0033373236331275345,0.6542463261654128,enet:dm_only
2002-06,0.005780777809685371,0.004481271049187147,0.6497533802491127,enet:dm_only
2002-07,0.004266801487351099,0.0030060326628549763,0.6303844122480612,enet:dm_only
2002-08,0.001480036674796544,0.00027297579626735257,0.6035304392645957,enet:dm_only
2002-09,0.0052997627366135,0.0040075110151108475,0.6461258607513256,enet:dm_only
2002-10,0.0016466323317928429,0.0004670907117434535,0.5897708100246943,enet:dm_only
2002-11,0.002724571951401642,0.0012064514220603696,0.7590602646706365,enet:dm_only
2002-12,0.002771346703367048,0.0014980813527287118,0.6366326753191682,enet:dm_only
2003-01,0.0019812317288569726,0.0006780175481290102,0.6516070903639812,enet:dm_only
2003-02,0.00034640372927062496,-0.000597020268011753,0.4717119986411888,enet:dm_only
2003-03,0.010438506946687295,0.009452912884323617,0.4927970311818391,enet:dm_only
2003-04,-0.004970468803287342,-0.0056506041514525806,0.3400676740826193,enet:dm_only
2003-05,0.003582217801555732,0.002381072786858854,0.6005725073484386,enet:dm_only
2003-06,0.005862556593096206,0.00472779643945118,0.5673800768225133,enet:dm_only
2003-07,0.008868777929544248,0.007835176209922703,0.5168008598107728,enet:dm_only
2003-08,0.005006010052177962,0.003951816166454422,0.5270969428617698,enet:dm_only
2003-09,-0.0034171572489812333,-0.00459267118069218,0.5877569658554738,enet:dm_only
2003-10,0.01120460172722617,0.010099622544165292,0.5524895915304389,enet:dm_only
2003-11,0.0010877911275225193,4.70403514119243e-05,0.5203753880552975,enet:dm_only
2003-12,0.0008160296610108778,-0.0003094473818441476,0.5627385214275125,enet:dm_only
2004-01,-0.00929052440528112,-0.01044699051764117,0.5782330561800251,enet:dm_only
2004-02,0.003059214846268439,0.0017153225665975658,0.6719461398354367,enet:dm_only
2004-03,0.0022502067178775723,0.0011368463102244945,0.5566802038265389,enet:dm_only
2004-04,0.002422919759815431,0.0013326194236031213,0.5451501681061551,enet:dm_only
2004-05,-0.006193905051841732,-0.007276460551253221,0.5412777497057442,enet:dm_only
2004-06,0.002346361211002297,0.001250022613858291,0.548169298572003,enet:dm_only
2004-07,0.005057298890767558,0.004049662014181127,0.5038184382932158,enet:dm_only
2004-08,0.0037466322157735277,0.0028186459663522238,0.4639931247106519,enet:dm_only
2004-09,0.004080010353396984,0.0031020026154251167,0.4890038689859333,enet:dm_only
2004-10,0.01069033855558744,0.009737931940254671,0.4762033076663847,enet:dm_only
2004-11,0.0040045880593775635,0.0031281420676849145,0.4382229958463245,enet:dm_only
2004-12,0.008183691244587152,0.0071044199923945145,0.5396356260963191,enet:dm_only
2005-01,-0.001983045769891581,-0.003126771429437654,0.5718628297730364,enet:dm_only
2005-02,0.003606033901683075,0.0025279754577639587,0.5390292219595579,enet:dm_only
2005-03,0.008548590986025237,0.00743489103807619,0.5568499739745236,enet:dm_only
2005-04,0.014212575804629477,0.013132290367022655,0.5401427188034118,enet:dm_only
2005-05,-0.01548855066405523,-0.016379027610265984,0.44523847310537795,enet:dm_only
2005-06,0.002794635521175718,0.0014920568490582712,0.6512893360587233,enet:dm_only
2005-07,0.0026685319264668425,0.00162323152820516,0.5226501991308411,enet:dm_only
2005-08,0.0014265006590483246,0.00036753274956217476,0.5294839547430751,enet:dm_only
2005-09,0.0033846521490020886,0.0021872072184212846,0.5987224652904021,enet:dm_only
2005-10,0.00023261029135791458,-0.0008253039796234799,0.5289571354906971,enet:dm_only
2005-11,-0.003667509921104065,-0.004717465593161516,0.5249778360287257,enet:dm_only
2005-12,-0.0009072199201925528,-0.0019954784707712546,0.5441292752893511,enet:dm_only
2006-01,0.003901654845746048,0.0027352121316199553,0.5832213570630465,enet:dm_only
2006-02,0.0052379762551022675,0.003773672693971568,0.7321517805653495,enet:dm_only
2006-03,-0.010536466760070216,-0.011816947026656406,0.6402401332930959,enet:dm_only
2006-04,0.008346308872652124,0.0070526841464494915,0.6468123631013158,enet:dm_only
2006-05,0.0004879201712113254,-0.0007405635174026439,0.6142418443069846,enet:dm_only
2006-06,0.013162310089581478,0.01200303400103594,0.5796380442727691,enet:dm_only
2006-07,-0.0057533281515664714,-0.006932320292018958,0.5894960702262432,enet:dm_only
2006-08,-0.006265322746718957,-0.007606068046688903,0.6703726499849736,enet:dm_only
2006-09,0.00258539922898294,0.0012781993307251062,0.653599949128917,enet:dm_only
2006-10,-0.0023220525026366144,-0.0034519962382241723,0.5649718677937793,enet:dm_only
2006-11,0.009232294838879829,0.008026223323969475,0.6030357574551765,enet:dm_only
2006-12,0.001636924461924036,0.0005290937237066329,0.5539153691087018,enet:dm_only
2007-01,0.005953940956536198,0.004715878389722889,0.6190312834066544,enet:dm_only
2007-02,0.0012000471567664536,-3.941484080762869e-05,0.6197309987870414,enet:dm_only
2007-03,0.005875197073354619,0.004743130930583859,0.5660330713853797,enet:dm_only
2007-04,0.006684151495963958,0.005577294907836932,0.5534282940635128,enet:dm_only
2007-05,0.0014071363345307577,0.00025109950578432134,0.5780184143732182,enet:dm_only
2007-06,-0.0026762727509566323,-0.0039860279697591814,0.6548776094012747,enet:dm_only
2007-07,-0.000333911299772009,-0.0017889369029588382,0.7275128015934146,enet:dm_only
2007-08,0.0015819355401658613,0.00020692550365049403,0.6875050182576836,enet:dm_only
2007-09,0.0031543436092553575,0.00179396864875376,0.6801874802507987,enet:dm_only
2007-10,0.012168246367894299,0.01089800657591716,0.6351198959885692,enet:dm_only
2007-11,0.0032233447847992,0.0019475169879275879,0.6379138984358063,enet:dm_only
2007-12,0.004574694321346544,0.0031307876421099714,0.721953339618286,enet:dm_only
2008-01,0.002060883188431623,0.000865870520156928,0.5975063341373474,enet:dm_only
2008-02,-0.0013434145111892331,-0.002814759963817918,0.7356727263143423,enet:dm_only
2008-03,0.00497603999033945,0.0035491944028765003,0.7134227937314748,enet:dm_only
2008-04,0.0023298361532300867,0.0009626373912962935,0.6835993809668969,enet:dm_only
2008-05,-0.0031477873665951284,-0.004579967651762802,0.7160901425838361,enet:dm_only
2008-06,0.009990837016625587,0.0086478774363502,0.6714797901376932,enet:dm_only
2008-07,-0.0042223352315685055,-0.0053798317195113835,0.578748243971439,enet:dm_only
2008-08,0.00916287519236378,0.007684880703951691,0.7389972442060454,enet:dm_only
2008-09,0.013803407103973197,0.01267187302036603,0.565767041803583,enet:dm_only
2008-10,0.03350326131685766,0.03239800211427806,0.552629601289801,enet:dm_only
2008-11,0.018679056531248316,0.01758248618660222,0.5482851723230465,enet:dm_only
2008-12,-0.004965907725107716,-0.006164270283839881,0.5991812793660821,enet:dm_only
2009-01,0.0009444576803209026,-0.0004594988994373755,0.701978289879139,enet:dm_only
2009-02,0.00649171369313176,0.005016574118843859,0.737569787143951,enet:dm_only
2009-03,-0.011368536130576421,-0.01257497334833434,0.6032186088789591,enet:dm_only
2009-04,-0.016308629697564414,-0.017863557303759405,0.777463803097496,enet:dm_only
2009-05,0.01188711175437797,0.010059141282411484,0.913985235983242,enet:dm_only
2009-06,-0.003522293978032494,-0.005169648284152,0.823677153059753,enet:dm_only
2009-07,0.004385166245958214,0.0026121366231877845,0.8865148113852149,enet:dm_only
2009-08,0.001580145441527032,0.00022586657214714503,0.6771394346899434,enet:dm_only
2009-09,0.0049922330436064375,0.0036262630453495603,0.6829849991284388,enet:dm_only
2009-10,0.0014450695006444961,0.00021071901915317067,0.6171752407456628,enet:dm_only
2009-11,0.0017426137192493557,0.0004516627857663052,0.6454754667415252,enet:dm_only
2009-12,-0.002116001918667922,-0.003332371635247096,0.6081848582895871,enet:dm_only
2010-01,-0.0016378303609303952,-0.003039652594201662,0.7009111166356337,enet:dm_only
2010-02,-0.002534441219845697,-0.004070220673546201,0.7678897268502518,enet:dm_only
2010-03,-0.003207523918662428,-0.004809083805178314,0.8007799432579429,enet:dm_only
2010-04,0.005245744655613645,0.0037875499755628153,0.7290973400254149,enet:dm_only
2010-05,0.004391107632258928,0.003033069582588209,0.6790190248353599,enet:dm_only
2010-06,0.007926924849380106,0.006657637933590701,0.6346434578947023,enet:dm_only
2010-07,-0.0017810392994356298,-0.002913512318551899,0.5662365095581344,enet:dm_only
2010-08,0.003621634653655385,0.0022084051115107846,0.7066147710722996,enet:dm_only
2010-09,0.0015237775666323082,0.00014254827186589028,0.6906146473832089,enet:dm_only
2010-10,0.006484543256902315,0.005053951815256292,0.715295720823012,enet:dm_only
2010-11,0.00873893016920614,0.007418717386428475,0.6601063913888319,enet:dm_only
2010-12,0.006018772087421947,0.004704241317749894,0.6572653848360267,enet:dm_only
2011-01,0.005128750578239478,0.0038507692175467887,0.6389906803463445,enet:dm_only
2011-02,-0.0017614862437763763,-0.003165322569112764,0.7019181626681936,enet:dm_only
2011-03,-0.0004538457550927942,-0.0018285221210558545,0.6873381829815302,enet:dm_only
2011-04,0.00770686537905051,0.006364160893356931,0.6713522428467901,enet:dm_only
2011-05,0.004274147318951656,0.0030835019387167326,0.5953226901174621,enet:dm_only
2011-06,0.004510628977574429,0.0033105119794657645,0.6000584990543325,enet:dm_only
2011-07,0.006335066021014127,0.005240942772236442,0.547061624388843,enet:dm_only
2011-08,0.00971945321926435,0.00866752454242515,0.5259643384195998,enet:dm_only
2011-09,0.012077375280933153,0.010992411121154724,0.5424820798892149,enet:dm_only
2011-10,-0.008076816407523706,-0.009273884313130707,0.5985339528035002,enet:dm_only
2011-11,0.0027770474321090984,0.0012400155249052138,0.7685159536019422,enet:dm_only
2011-12,0.004455588468647204,0.0029963101997974063,0.729639134424899,enet:dm_only
2012-01,-0.01907473977773708,-0.020086592358620318,0.5059262904416185,enet:dm_only
2012-02,-0.002162973528384552,-0.0035782085274817118,0.7076174995485796,enet:dm_only
2012-03,0.007890718476636457,0.006564131711568288,0.6632933825340849,enet:dm_only
2012-04,0.00535635129830482,0.0041995606386059205,0.5783953298494494,enet:dm_only
2012-05,0.010431476597699023,0.009379425084665383,0.5260257565168207,enet:dm_only
2012-06,0.005101666299239745,0.004071063892538728,0.5153012033505092,enet:dm_only
2012-07,0.006717086664262214,0.005636494404005057,0.5402961301285787,enet:dm_only
2012-08,0.005191579171613425,0.004152591360542678,0.5194939055353738,enet:dm_only
2012-09,-0.00119048765309115,-0.002202244339216066,0.5058783430624582,enet:dm_only
2012-10,0.002300863210625729,0.0011330701292993162,0.5838965406632062,enet:dm_only
2012-11,0.007272542560674659,0.00615262096784777,0.5599607964134444,enet:dm_only
2012-12,-0.0028774870006961495,-0.003910724114174381,0.5166185567391155,enet:dm_only
2013-01,0.0031779187620555494,0.0019598485796117567,0.6090350912218965,enet:dm_only
2013-02,0.003761807433520772,0.002580968351769583,0.5904195408755943,enet:dm_only
2013-03,0.008959305356731118,0.007901605898048664,0.5288497293412268,enet:dm_only
2013-04,0.009435959471008228,0.0085286367717081,0.45366134965006405,enet:dm_only
2013-05,0.0034865502020035473,0.002518274922942789,0.4841376395303789,enet:dm_only
2013-06,0.0034497692280922726,0.0022204989841151544,0.6146351219885591,enet:dm_only
2013-07,0.00919673335999626,0.007983058543709141,0.6068374081435594,enet:dm_only
2013-08,-0.0012378621944413972,-0.00247647159774787,0.6193047016532361,enet:dm_only
2013-09,-0.004932076256543087,-0.006285658364471412,0.6767910539641623,enet:dm_only
2013-10,-0.0008224598646663945,-0.0020733128793831764,0.6254265073583908,enet:dm_only
2013-11,-0.0005522758254799854,-0.001697471528095046,0.5725978513075305,enet:dm_only
2013-12,0.004121256269192159,0.003087099985953841,0.5170781416191591,enet:dm_only
2014-01,0.0004048922871205795,-0.0005088781832304141,0.4568852351754967,enet:dm_only
2014-02,0.004819869446768332,0.0037163519992710644,0.5517587237486331,enet:dm_only
2014-03,0.0012388474040029502,0.00016309973216272307,0.5378738359201135,enet:dm_only
2014-04,0.0011099979545009522,-4.4691235859938855e-05,0.5773445951804456,enet:dm_only
2014-05,-0.00012473359254800898,-0.001260650968784426,0.5679586881182086,enet:dm_only
2014-06,0.0029554635499080034,0.0017939305307622271,0.580766509572888,enet:dm_only
2014-07,0.0008283757085533696,-0.0003028182812390292,0.5655969948961993,enet:dm_only
2014-08,0.0029377311120213343,0.001826731955277968,0.5554995783716832,enet:dm_only
2014-09,-0.0018621143984787316,-0.002901422559282686,0.5196540804019771,enet:dm_only
2014-10,0.0026965960768011504,0.0016608513197267606,0.5178723785371948,enet:dm_only
2014-11,0.00870436319029746,0.007650419057384308,0.5269720664565761,enet:dm_only
2014-12,0.013158002474731433,0.0121781105995799,0.4899459375757663,enet:dm_only
2015-01,0.0054677428945245805,0.004513343684803643,0.4771996048604686,enet:dm_only
2015-02,-0.0004311380183990425,-0.0015699495919696508,0.5694057867853042,enet:dm_only
2015-03,0.0038605187723149566,0.0026641678334665075,0.5981754694242244,enet:dm_only
2015-04,-0.010625597262424792,-0.011779038579822832,0.5767206586990204,enet:dm_only
2015-05,-0.00010039392730212358,-0.0015703720230140293,0.7349890478559525,enet:dm_only
2015-06,0.002474845840277597,0.0010924977145392158,0.6911740628691905,enet:dm_only
2015-07,0.007968461818320411,0.006939811317194137,0.5143252505631368,enet:dm_only
2015-08,0.007523655156472074,0.006473353711516151,0.5251507224779617,enet:dm_only
2015-09,0.003596857144948445,0.0025219960040251525,0.5374305704616462,enet:dm_only
2015-10,-0.004149494787233267,-0.005278228242023641,0.5643667273951867,enet:dm_only
2015-11,0.0024138953253294774,0.0011736966803323494,0.6200993224985639,enet:dm_only
2015-12,-0.0001808793522397597,-0.0013961714141496483,0.6076460309549442,enet:dm_only
2016-01,0.0016451699681733324,0.0004494432976514094,0.5978633352609616,enet:dm_only
2016-02,-0.0002566515384272647,-0.0014577510544721516,0.6005497580224433,enet:dm_only
2016-03,-0.004923175251561943,-0.006211304857543135,0.6440648029905957,enet:dm_only
2016-04,0.0036609124595596235,0.0023071130627247824,0.6768996984174206,enet:dm_only
2016-05,0.0010841250839246834,-0.00015938022059783626,0.6217526522612598,enet:dm_only
2016-06,-0.0015009677422995022,-0.002741166331655343,0.6200992946779205,enet:dm_only
2016-07,-0.0007325011871136125,-0.0018173381900208935,0.5424185014536407,enet:dm_only
2016-08,0.0057088249864378285,0.004498248977185976,0.6052880046259262,enet:dm_only
2016-09,0.006138786639894961,0.005065108519629048,0.5368390601329568,enet:dm_only
2016-10,0.0014105181971406757,0.000562324883519521,0.4240966568105774,enet:dm_only
2016-11,-0.002457433208360943,-0.0035080105644593323,0.5252886780491949,enet:dm_only
2016-12,0.0006419280902863171,-0.0005886928976481739,0.6153104939672456,enet:dm_only
2017-01,0.002873778279478825,0.0017374140229500486,0.5681821282643882,enet:dm_only
2017-02,-0.0004122376781680219,-0.0015979601475709338,0.592861234701456,enet:dm_only
2017-03,0.002322475097947754,0.0012119034372137024,0.5552858303670257,enet:dm_only
2017-04,-0.00013983806661342586,-0.001238941833819245,0.5495518836029094,enet:dm_only
2017-05,0.004642827121130543,0.003602763499320948,0.5200318109047973,enet:dm_only
2017-06,0.0006264762893882143,-0.000535179312408675,0.5808278008984447,enet:dm_only
2017-07,0.0018597656116794664,0.0007888115281596502,0.5354770417599081,enet:dm_only
2017-08,0.003331193021894378,0.0021880414041864815,0.571575808853948,enet:dm_only
2017-09,0.0015026679210278031,0.0005233786321643242,0.4896446444317394,enet:dm_only
2017-10,0.0037634640306174697,0.00277615184025114,0.4936560951831648,enet:dm_only
2017-11,0.00205217677977717,0.0009239147865817569,0.5641309965977065,enet:dm_only
2017-12,0.003675353354963331,0.00248285556157699,0.5962488966931707,enet:dm_only
2018-01,0.004152041291414689,0.0029543877901369382,0.5988267506388757,enet:dm_only
2018-02,0.0023195673528216085,0.0010304792244961222,0.644544064162743,enet:dm_only
2018-03,0.004070871094198445,0.002908131073951552,0.5813700101234466,enet:dm_only
2018-04,0.0006769586706832875,-0.00038774824346471376,0.532353457074001,enet:dm_only
2018-05,0.0027648209544668604,0.0015482990721442749,0.6082609411612927,enet:dm_only
2018-06,0.0027589868263857746,0.0015198217403544663,0.6195825430156541,enet:dm_only
2018-07,0.0026726728966492944,0.0015557680729906325,0.558452411829331,enet:dm_only
2018-08,0.0043333877105264295,0.003215111453330718,0.5591381285978557,enet:dm_only
2018-09,0.01309610127261903,0.011991057445590753,0.552521913514139,enet:dm_only
2018-10,0.00411687209848368,0.0030878445302925713,0.5145137840955545,enet:dm_only
2018-11,-0.0031919326960715487,-0.004290742025060483,0.549404664494467,enet:dm_only
2018-12,0.004894290156325619,0.0035175749369753054,0.6883576096751572,enet:dm_only
2019-01,-0.0019185039715160002,-0.00302427416746084,0.5528850979724196,enet:dm_only
2019-02,-0.005628548882443519,-0.006905221322064703,0.6383362198105922,enet:dm_only
2019-03,0.005094470031137486,0.003859010709360806,0.61772966088834,enet:dm_only
2019-04,0.0017396007555406845,0.0007599807976226826,0.4898099789590011,enet:dm_only
2019-05,0.0021655975010652713,0.0011104782120403868,0.5275596445124424,enet:dm_only
2019-06,0.0026928262242900515,0.0015142651251229676,0.5892805495835421,enet:dm_only
2019-07,0.005859928195835528,0.004763421181071434,0.5482535073820466,enet:dm_only
2019-08,0.003995112526785715,0.0030177028112390067,0.4887048577733541,enet:dm_only
2019-09,-0.0026434727347520856,-0.0036966322531468048,0.5265797591973598,enet:dm_only
2019-10,0.002012072500357037,0.0008217607357512973,0.5951558823028699,enet:dm_only
2019-11,0.0013139129307481508,0.00025192570299849206,0.5309936138748295,enet:dm_only
2019-12,0.005213021945300013,0.004076865122845584,0.5680784112272141,enet:dm_only
2020-01,0.005335091233213212,0.004382618691343421,0.47623627093489523,enet:dm_only
2020-02,0.009431981310393725,0.008402604146562088,0.5146885819158182,enet:dm_only
2020-03,0.016340915861459804,0.015354968632047418,0.4929736147061934,enet:dm_only
2020-04,-0.01860478748903619,-0.02003428864724245,0.7147505791031319,enet:dm_only
2020-05,-0.0009052755694492818,-0.0028614013538274395,0.978062892189079,enet:dm_only
2020-06,-0.0035651509369768876,-0.005123100136233748,0.7789745996284299,enet:dm_only
2020-07,0.004824404405005212,0.003356108817364909,0.7341477938201515,enet:dm_only
2020-08,0.0017113611797735283,0.0003183174438671588,0.6965218679531848,enet:dm_only
2020-09,-0.0040226096299596885,-0.005407161319186315,0.6922758446133132,enet:dm_only
2020-10,0.001793145496945422,0.0003768891664481907,0.7081281652486155,enet:dm_only
2020-11,-0.023944113527556474,-0.025158807717111806,0.6073470947776634,enet:dm_only
2020-12,0.002325110922835591,0.00044188172758033613,0.9416145976276276,enet:dm_only
2021-01,0.0014362704657699043,-0.0001836688939241193,0.8099696798470117,enet:dm_only
2021-02,0.0013562649233476063,-2.5901661300481143e-05,0.6910832923240438,enet:dm_only
2021-03,0.006612795768831657,0.005182794116045445,0.7150008263931056,enet:dm_only
2021-04,0.0047755346986318266,0.003526455033202222,0.6245398327148024,enet:dm_only
2021-05,0.003523805048539233,0.0021834098202352364,0.6701976141519981,enet:dm_only
2021-06,-0.0036314897920156574,-0.004926220118028637,0.6473651630064893,enet:dm_only
2021-07,0.004371325321278086,0.0031319102011788573,0.6197075600496148,enet:dm_only
2021-08,-0.0015829521735141324,-0.0027545614175925747,0.5858046220392207,enet:dm_only
2021-09,0.007214619495255597,0.005944500854667472,0.6350593202940625,enet:dm_only
2021-10,0.0018560815261672804,0.0006881709779242715,0.5839552741215045,enet:dm_only
2021-11,0.004534938754031495,0.003390142380173036,0.5723981869292294,enet:dm_only
2021-12,0.008141290419792007,0.006814635606432268,0.6633274066798692,enet:dm_only
2022-01,0.011049052836155836,0.010001371756988344,0.5238405395837455,enet:dm_only
2022-02,0.007556817502499382,0.006584703382582488,0.48605705995844645,enet:dm_only
2022-03,0.009003205739747862,0.007943964281028794,0.5296207293595341,enet:dm_only
2022-04,0.010460834812997337,0.00949068845844931,0.48507317727401245,enet:dm_only
2022-05,0.003957432037174199,0.002983902250634642,0.48676489326977834,enet:dm_only
2022-06,0.0019934326472953387,0.0009257432475763568,0.5338446998594909,enet:dm_only
2022-07,-0.005498757237833502,-0.006595713357129319,0.548478059647909,enet:dm_only
2022-08,-0.0012997832785737052,-0.002459975203509922,0.5800959624681087,enet:dm_only
2022-09,0.006133845104340673,0.005075898114570305,0.528973494885184,enet:dm_only
2022-10,0.005063483213511395,0.004043884399091076,0.5097994072101593,enet:dm_only
2022-11,-0.006451063128786857,-0.007554147719923112,0.551542295568128,enet:dm_only
2022-12,0.004933602170034818,0.0036963468639027637,0.6186276530660277,enet:dm_only
2023-01,0.000791546524691488,-0.00027388104310498834,0.5327137838982382,enet:dm_only
2023-02,0.006961453076715682,0.005910226051731558,0.5256135124920616,enet:dm_only
2023-03,0.002951820933739781,0.0020754613779751306,0.4381797778823256,enet:dm_only
2023-04,-0.00036856555821231996,-0.0013832070186172872,0.5073207302024836,enet:dm_only
2023-05,-0.00170931980030005,-0.0026502311804984598,0.47045569009920496,enet:dm_only
2023-06,0.0013948884257283605,0.00039027580753151316,0.5023063090984237,enet:dm_only
2023-07,0.004096102638099012,0.003039477189433995,0.5283127243325089,enet:dm_only
2023-08,0.001589186155055935,0.0005333898792769802,0.5278981378894774,enet:dm_only
2023-09,0.010361632408995845,0.009348788558170713,0.506421925412566,enet:dm_only
2023-10,0.00791684354190701,0.00706749151598979,0.4246760129586102,enet:dm_only
2023-11,-0.009336750107838345,-0.01026337689998743,0.4633133960745426,enet:dm_only
2023-12,0.0033628038539558532,0.0021941625768002906,0.5843206385777809,enet:dm_only
2024-01,0.008451587969189307,0.007411747289400689,0.519920339894308,enet:dm_only
2024-02,7.427325854777633e-05,-0.0009855905139058096,0.5299318862267929,enet:dm_only
2024-03,0.0034539228808962417,0.00234954921173078,0.552186834582731,enet:dm_only
2024-04,-0.0004219464872542047,-0.0014914008750713025,0.5347271939085488,enet:dm_only
2024-05,0.001915762605944656,0.0008585942203704874,0.5285841927870845,enet:dm_only
2024-06,-0.000900655272273428,-0.001927281205120291,0.5133129664234315,enet:dm_only
2024-07,0.00023270894393243754,-0.0007848592626136078,0.5087841032730226,enet:dm_only
2024-08,0.0031367332642155484,0.0021077255102613375,0.5145038769771056,enet:dm_only
2024-09,0.00041362003027237886,-0.0005856270506700465,0.4996235404712126,enet:dm_only
2024-10,0.0045180684012032565,0.003455468452807951,0.5312999741976528,enet:dm_only
2024-11,0.009375812594813739,0.008327211729198742,0.5243004328074984,enet:dm_only
2024-12,0.001751361583984283,0.0007157404641274338,0.5178105599284246,enet:dm_only
2025-01,0.0009804876360211096,8.499762520727044e-05,0.4477450054069197,enet:dm_only
2025-02,0.004136191492563307,0.0031039714899928866,0.51611000128521,enet:dm_only
2025-03,0.005795602914204812,0.004837566777572209,0.4790180683163023,enet:dm_only
2025-04,-0.002951365828444776,-0.0038946673761252994,0.47165077384026155,enet:dm_only
2025-05,-0.0011706465108297988,-0.002227155112849033,0.528254301009617,enet:dm_only
2025-06,-0.0004121583287534421,-0.0014529599352270223,0.5204008032367902,enet:dm_only
2025-07,-4.2446416337364716e-05,-0.0009609513942579272,0.45925248896028115,enet:dm_only
2025-08,0.0024515589967932035,0.0014100401069083246,0.5207594449424394,enet:dm_only
2025-09,0.003583255283682303,0.0024889010595966665,0.5471771120428182,enet:dm_only
2025-10,0.008676913152312097,0.007603790650202202,0.536561251054947,enet:dm_only
2025-11,0.0013683055761722152,0.00023073280424696632,0.5687863859626248,enet:dm_only
2025-12,0.009758185264691225,0.008650291274370876,0.5539469951601744,enet:dm_only
2001-01,-0.0043613422706945135,-0.0043613422706945135,0.0,static_ew
2001-02,0.0137245586424633,0.013720476397728564,0.0020411223673687078,static_ew
2001-03,0.019669174994897363,0.019613793593280113,0.02769070080862534,static_ew
2001-04,0.002532724626062318,0.0025124637247669343,0.010130450647692033,static_ew
2001-05,0.003530599531347499,0.0032695615180082286,0.13051900666963534,static_ew
2001-06,0.008180838092928458,0.008146693496540482,0.01707229819398765,static_ew
2001-07,0.007668436090974679,0.0076440444380039135,0.012195826485382732,static_ew
2001-08,0.006444737899152219,0.006345821626893222,0.049458136129498134,static_ew
2001-09,0.014605106223526685,0.014572294162310323,0.016406030608181136,static_ew
2001-10,-0.005410537218567535,-0.00561933290809717,0.10439784476481727,static_ew
2001-11,-0.01488476349357051,-0.014896911384665767,0.006073945547629763,static_ew
2001-12,0.0024166257036852146,0.0024051786448616853,0.005723529411764706,static_ew
2002-01,-0.0001270474942816202,-0.00013580523176257755,0.004378868740478647,static_ew
2002-02,0.006962246729680716,0.006905986917118268,0.028129906281224314,static_ew
2002-03,0.006461168268242684,0.006380569951219447,0.0402991585116188,static_ew
2002-04,0.0030524775258939938,0.002931677926006178,0.060399799943907644,static_ew
2002-05,0.0007000701379270805,0.0005851019292714566,0.0574841043278119,static_ew
2002-06,0.005395744169403368,0.005322311388569975,0.036716390416696214,static_ew
2002-07,0.004568837362609699,0.004568837362609699,0.0,static_ew
2002-08,0.004353095373530568,0.004284123063048825,0.034486155240872216,static_ew
2002-09,0.01084896970679067,0.01082220169129026,0.013384007750204933,static_ew
2002-10,0.008617340119361862,0.008611536678125349,0.002901720618256054,static_ew
2002-11,-3.006821860233449e-05,-0.00015108793962205548,0.060509860509860514,static_ew
2002-12,0.009139937754823734,0.009087126822720766,0.026405466051483743,static_ew
2003-01,0.0047590049329955765,0.004722111170665621,0.018446881164977762,static_ew
2003-02,0.004752619469462278,0.004703287233989561,0.024666117736358493,static_ew
2003-03,0.007967190684429854,0.007934909128909136,0.01614077776035817,static_ew
2003-04,-0.007536544436834222,-0.0076126845056404685,0.038070034403123565,static_ew
2003-05,0.0030122719609414635,0.002770682822963147,0.12079456898915815,static_ew
2003-06,0.0032532922223780054,0.00319588129180531,0.028705465286347626,static_ew
2003-07,0.0010347602840586761,0.0009964918486307255,0.01913421771397525,static_ew
2003-08,0.003485467465019015,0.0034395437810649278,0.022961841977043672,static_ew
2003-09,-0.005429699221829456,-0.0057439199027712095,0.15711034047087685,static_ew
2003-10,0.0037943498821393223,0.003770234348695431,0.012057766721945829,static_ew
2003-11,0.005479239032350933,0.005458782433976716,0.010228299187108323,static_ew
2003-12,-0.0036536423473487105,-0.0036910914076179794,0.01872453013463451,static_ew
2004-01,-0.009737737914639569,-0.009783936745048927,0.02309941520467837,static_ew
2004-02,0.004630589708208525,0.004546343398962216,0.04212315462315461,static_ew
2004-03,0.0029348626989472927,0.0028916680179452347,0.021597340501029023,static_ew
2004-04,0.0015164298312843145,0.0014862315139766223,0.015099158653846152,static_ew
2004-05,0.0018381602487128764,0.0017300609767846582,0.054049635964109013,static_ew
2004-06,0.0054773955084024915,0.005437812856342322,0.019791326030085005,static_ew
2004-07,0.0037596263320666848,0.0037359376965997223,0.011844317733481135,static_ew
2004-08,0.0024880157929984305,0.002433803213683392,0.027106289657519166,static_ew
2004-09,0.0017259055221633681,0.0016424394537439386,0.04173303420971473,static_ew
2004-10,0.005528794183583043,0.005499512672744155,0.014640755419443936,static_ew
2004-11,0.001670261032431679,0.0016033919126804237,0.03343455987562776,static_ew
2004-12,0.006230465727258088,0.00620062891911711,0.014918404070488951,static_ew
2005-01,-0.00021238076589498087,-0.00039655875502541565,0.09208899456521738,static_ew
2005-02,0.002427265843355823,0.0024059055406361334,0.010680151359844911,static_ew
2005-03,0.0032541080240067527,0.0032243647043847558,0.014871659810998411,static_ew
2005-04,0.0014765119526268325,0.0014542316134641404,0.011140169581346046,static_ew
2005-05,-0.003852675983842858,-0.003946237481349877,0.046780748753509065,static_ew
2005-06,0.0017485461818437533,0.0017330677366778082,0.007739222582972584,static_ew
2005-07,0.0014218946420461185,0.0014044793641331014,0.008707638956508508,static_ew
2005-08,0.0017182847663283624,0.00169726111792762,0.010511824200371285,static_ew
2005-09,-0.002373017327745991,-0.002460678577536576,0.043830624895292346,static_ew
2005-10,0.002805632282674284,0.002791573836715255,0.007029222979514402,static_ew
2005-11,-0.002228131871371097,-0.002270793365210511,0.02133074691970666,static_ew
2005-12,-0.003689190865313265,-0.003717216462460254,0.014012798573494675,static_ew
2006-01,9.25738267957905e-05,8.29017448834427e-05,0.004836040956173839,static_ew
2006-02,0.005621705480834758,0.005422792650280618,0.09945641527707018,static_ew
2006-03,0.0018325600759912608,0.001826814044245229,0.0028730158730158706,static_ew
2006-04,0.0023760005995095076,0.0022715243686526874,0.052238115428409886,static_ew
2006-05,0.00511232806539048,0.00505543742346486,0.028445320962809533,static_ew
2006-06,0.004311242258689078,0.004298802962465882,0.006219648111597565,static_ew
2006-07,0.0016112933359611861,0.0013605685752292502,0.12536238036596792,static_ew
2006-08,-0.0049213010397469135,-0.0050475974855436695,0.06314822289837835,static_ew
2006-09,-0.001562209001671154,-0.0017252678204430164,0.08152940938593121,static_ew
2006-10,-8.95880837058614e-05,-0.0001705291654785627,0.04047054088635069,static_ew
2006-11,0.005666619432621639,0.005625922229351156,0.020348601635241634,static_ew
2006-12,0.001173319621346029,0.0011611503196431428,0.006084650851443113,static_ew
2007-01,0.002611960003552288,0.0025423294306943928,0.03481528642894777,static_ew
2007-02,-0.0023479037727364683,-0.0026438488337676134,0.14797253051557252,static_ew
2007-03,-0.0006023582092600905,-0.0006769920092052713,0.03731689997259044,static_ew
2007-04,0.0020107478559973696,0.0019045194754105977,0.05311419029338576,static_ew
2007-05,-0.0042842450726831675,-0.004426458594226591,0.07110676077171152,static_ew
2007-06,-0.0021385971080241056,-0.002178231473576892,0.019817182776393282,static_ew
2007-07,-0.0027575993533367027,-0.0028841048009269877,0.06325272379514275,static_ew
2007-08,0.007296414155664324,0.007194773001877132,0.05082057689359569,static_ew
2007-09,0.0022120427900499035,0.0021461529246084177,0.032944932720742795,static_ew
2007-10,-0.0015008548597556163,-0.0016842774547172026,0.09171129748079303,static_ew
2007-11,0.005076138168841041,0.004964381674902325,0.05587824696935779,static_ew
2007-12,0.0004679221897921199,0.00036372048360434434,0.052100853093887824,static_ew
2008-01,0.008442600056092533,0.008313387001695873,0.06460652719833028,static_ew
2008-02,0.0006647893898012512,0.0005659161554336461,0.04943661718380262,static_ew
2008-03,0.0071666575084383755,0.007117782976294733,0.024437266071821576,static_ew
2008-04,0.0014274879484017604,0.0013844068682797336,0.021540540061013413,static_ew
2008-05,-0.000586114726587144,-0.0006802462795017915,0.047065776457323835,static_ew
2008-06,0.008662626707498282,0.008630201022555111,0.016212842471585488,static_ew
2008-07,0.004242850886461106,0.004221799057830073,0.01052591431551664,static_ew
2008-08,0.008701277480643421,0.00867508648288502,0.013095498879201114,static_ew
2008-09,0.009909842766591745,0.009885106343473166,0.012368211559289872,static_ew
2008-10,0.020593094485664848,0.02055798008431015,0.01755720067735098,static_ew
2008-11,0.011105834014030314,0.011066340562319798,0.019746725855257642,static_ew
2008-12,-0.0041781587259673405,-0.004214952369596957,0.018396821814808298,static_ew
2009-01,0.00736090568940228,0.007328318187463356,0.016293750969462048,static_ew
2009-02,0.003455984152943699,0.003391397999961889,0.03229307649090513,static_ew
2009-03,-0.0011864242895024595,-0.0012202478989837252,0.016911804740633,static_ew
2009-04,-0.01773735235630576,-0.017771429654970382,0.017038649332312045,static_ew
2009-05,-0.021963332728203788,-0.022022005817667098,0.02933654473165522,static_ew
2009-06,0.008258920666306643,0.008255429024128869,0.0017458210888867882,static_ew
2009-07,-0.0013895754371024932,-0.0014326133902666737,0.021518976582090177,static_ew
2009-08,-0.00021867168720001343,-0.00024038632748351208,0.010857320141749331,static_ew
2009-09,-0.001967753125167047,-0.001981459519889568,0.0068531973612604635,static_ew
2009-10,0.005164840626257567,0.00515531420987722,0.004763208190173451,static_ew
2009-11,0.003321376542655746,0.003308565629644496,0.006405456505624612,static_ew
2009-12,0.0012566252694938196,0.0012422678066261847,0.007178731433817373,static_ew
2010-01,0.0048210416716298376,0.00480584300039915,0.0075993356153435995,static_ew
2010-02,0.005949349418329258,0.005914881659820418,0.017233879254419934,static_ew
2010-03,-0.0009248125559954617,-0.0009548827444152485,0.015035094209893386,static_ew
2010-04,0.003352099038089133,0.0033338257116969287,0.009136663196102124,static_ew
2010-05,0.007113934752838802,0.007078451496247453,0.01774162829567434,static_ew
2010-06,0.005215611375143068,0.005203212106523071,0.006199634309998528,static_ew
2010-07,0.0009651897146966896,0.0009564058123718209,0.004391951162434457,static_ew
2010-08,0.005981433793838604,0.0059459885022709455,0.017722645783829385,static_ew
2010-09,-0.0005776305033251129,-0.0005999482193818936,0.01115885802839034,static_ew
2010-10,-0.00014936758678557222,-0.00015666143774579236,0.003646925480110154,static_ew
2010-11,0.006144414040973509,0.006133592646767195,0.005410697103157608,static_ew
2010-12,0.0002085673026164368,0.000199894511706126,0.004336395455155419,static_ew
2011-01,0.00805666762355743,0.00804842181066521,0.00412290644610926,static_ew
2011-02,0.001567708856523757,0.0015431925262749582,0.012258165124399352,static_ew
2011-03,0.0028141318131334626,0.002763673429174014,0.025229191979724227,static_ew
2011-04,0.0035399628533305098,0.003523533817749002,0.008214517790753764,static_ew
2011-05,0.004960714021090834,0.004929849056472991,0.015432482308921094,static_ew
2011-06,0.0050565556883209115,0.0050424199703427664,0.007067858989072069,static_ew
2011-07,0.005159641675279285,0.00514320821842771,0.008216728425787663,static_ew
2011-08,0.0049609640253836535,0.004948754697207938,0.006104664087857355,static_ew
2011-09,0.009003536910915879,0.008986357576643294,0.008589667136291905,static_ew
2011-10,-0.0035712288609769005,-0.0035733452630933027,0.001058201058201055,static_ew
2011-11,0.008932453659111602,0.008919022546518298,0.006715556296651588,static_ew
2011-12,0.0050970346208061065,0.005090594323889619,0.0032201484582436886,static_ew
2012-01,-0.009648156142871305,-0.009792708206992873,0.07227603206078435,static_ew
2012-02,0.0017526480329161484,0.0017466820390810087,0.0029829969175698525,static_ew
2012-03,0.005246461644262157,0.0052433477990430485,0.0015569226095541872,static_ew
2012-04,0.006070210334905321,0.0059359102152652665,0.0671500598200271,static_ew
2012-05,0.0062723229870965645,0.006216440772140388,0.027941107478088312,static_ew
2012-06,0.0037126204151210034,0.0037031142618996113,0.00475307661069618,static_ew
2012-07,0.004215289821940871,0.0041916167623631834,0.011836529788843954,static_ew
2012-08,0.0031024711692715923,0.0030889171938868,0.0067769876923960675,static_ew
2012-09,-0.0026294459923524257,-0.002645817861331968,0.008185934489771056,static_ew
2012-10,0.001856403783205924,0.0018529717797739205,0.0017160017160017197,static_ew
2012-11,0.004340730728677062,0.004328584881327134,0.006072923674964497,static_ew
2012-12,-0.003324388433096299,-0.0033397772888948247,0.007694427899262742,static_ew
2013-01,0.002529427569262197,0.0025198453948489176,0.004791087206639632,static_ew
2013-02,0.001792719162260435,0.0017464694174622497,0.02312487239909266,static_ew
2013-03,0.006148481304446101,0.006111092934246345,0.018694185099878198,static_ew
2013-04,0.004296301036035093,0.004248685504451729,0.02380776579168191,static_ew
2013-05,0.0015839573824419956,0.001561204987596063,0.01137619742296642,static_ew
2013-06,0.004782082174109134,0.004760768598867865,0.010656787620634312,static_ew
2013-07,0.007868344280642299,0.0078340463623873,0.017148959127499648,static_ew
2013-08,0.0012858414662594107,0.0012662462291037678,0.009797618577821654,static_ew
2013-09,-0.0002713766576576765,-0.00036755971131576383,0.04809152682904367,static_ew
2013-10,-0.0029050654088565234,-0.002947705771425732,0.021320181284604375,static_ew
2013-11,0.0010188145704397903,0.000953546070878046,0.03263424978087218,static_ew
2013-12,0.0018343660526799256,0.0018235771108469972,0.005394470916464232,static_ew
2014-01,0.001030206175381015,0.0010102000996993926,0.010003037840811042,static_ew
2014-02,0.0005478970308816221,0.000533775398584031,0.007060816148795523,static_ew
2014-03,-0.000860620515800879,-0.0008732896072370937,0.006334545718107363,static_ew
2014-04,-0.003479284401768805,-0.003541672120814629,0.03119385952291195,static_ew
2014-05,-0.0014714533857305007,-0.0014897715567580314,0.009159085513765312,static_ew
2014-06,0.0066583122748617935,0.0066583122748617935,0.0,static_ew
2014-07,0.0013723806917303786,0.0013690749066064115,0.0016528925619834697,static_ew
2014-08,0.00020330203097774293,0.00013545564526565852,0.03392319285604222,static_ew
2014-09,0.0009235703942156153,0.0009204778471230683,0.0015462735462735417,static_ew
2014-10,0.0013050145557199297,0.0012840038396183923,0.010505358050768706,static_ew
2014-11,0.003255775021428223,0.0032500673844388247,0.0028538184946993506,static_ew
2014-12,0.0063903086813524995,0.006381007352893148,0.004650664229675821,static_ew
2015-01,0.0030852840210146347,0.00307767593445918,0.003804043277727485,static_ew
2015-02,-0.00033969144454362265,-0.0003651343943168364,0.012721474886606883,static_ew
2015-03,0.004762907684944645,0.004725870378883077,0.01851865303078358,static_ew
2015-04,-0.005232193728199112,-0.005303164092318057,0.03548518205947243,static_ew
2015-05,0.004413442571040383,0.004354291506481651,0.029575532279366355,static_ew
2015-06,0.004291901484814955,0.0042877045836768775,0.002098450569038793,static_ew
2015-07,0.005325447572409202,0.005321258587226088,0.0020944925915571742,static_ew
2015-08,0.004910118241782544,0.004894256681675831,0.007930780053356576,static_ew
2015-09,0.0018273058410746838,0.0018258177458365886,0.0007440476190476184,static_ew
2015-10,-0.00392814520101812,-0.003943364273216351,0.007609536099115849,static_ew
2015-11,0.002749520613953309,0.002741065089416802,0.004227762268253475,static_ew
2015-12,-9.085191164615383e-05,-0.00010113025799777605,0.005139173175811111,static_ew
2016-01,0.0037604698885241607,0.003755943092298424,0.0022633981128683304,static_ew
2016-02,0.001077993424428406,0.001068895070600755,0.004549176913825397,static_ew
2016-03,-0.005740511367129351,-0.005749405642095054,0.0044471374828517615,static_ew
2016-04,0.0015046974939594315,0.0015001430244587024,0.002277234750364657,static_ew
2016-05,0.0030512116492720435,0.0030308018812714404,0.010204884000301713,static_ew
2016-06,-0.0003582961675418332,-0.0003623946953943685,0.0020492639262677135,static_ew
2016-07,9.567505763024141e-05,9.404705600223973e-05,0.0008140008140008087,static_ew
2016-08,0.0009284041356467694,0.0009125910771963395,0.007906529225214882,static_ew
2016-09,0.003401768539369932,0.003363633700854726,0.01906741925760316,static_ew
2016-10,0.00071786607646438,0.0007125075652114198,0.0026792556264801943,static_ew
2016-11,-2.582614997221215e-05,-3.956069015359214e-05,0.0068672700906900926,static_ew
2016-12,0.001417807926141207,0.0013359657279044394,0.04092109911838379,static_ew
2017-01,0.0018053636018780276,0.0017757065280745706,0.014828536901728489,static_ew
2017-02,-0.0002291500615754589,-0.0002410585839525881,0.005954261188564554,static_ew
2017-03,0.003652452910460389,0.003643377974556184,0.004537467952102095,static_ew
2017-04,-0.0010081231444229715,-0.0010298760142723158,0.010876434924672197,static_ew
2017-05,0.0033468133787637167,0.0033298613822983552,0.008475998232680946,static_ew
2017-06,-0.0005331067037911762,-0.0005479216314758363,0.007407463842330078,static_ew
2017-07,0.0016858332678924913,0.0016821418688522552,0.0018456995201181253,static_ew
2017-08,0.0011264033733678906,0.0011236346214226682,0.0013843759726112604,static_ew
2017-09,0.001006621509938706,0.00099860419392139,0.004008658008658005,static_ew
2017-10,0.0011270559598729145,0.0011072696243166248,0.009893167778144946,static_ew
2017-11,0.002406296176795446,0.0023926619434616195,0.006817116666913122,static_ew
2017-12,0.0010505868046572474,0.0010411512831803567,0.004717760738445305,static_ew
2018-01,0.0030787682825252436,0.00307336288223018,0.002702700147531734,static_ew
2018-02,0.003751528407717996,0.003751528407717996,0.0,static_ew
2018-03,0.003607930828844296,0.0035560242259123995,0.025953301465948077,static_ew
2018-04,0.00020165369461945542,0.00019464315136102545,0.0035052716292150263,static_ew
2018-05,0.0037204973967643164,0.0036940364724302147,0.013230462167051166,static_ew
2018-06,0.002363213611129386,0.002345274306333153,0.00896965239811673,static_ew
2018-07,0.0010493982060194682,0.0010273542300581107,0.011021987980678709,static_ew
2018-08,0.0028821793957801416,0.0028691752349562227,0.006502080411959332,static_ew
2018-09,0.005368991512881361,0.005356993589807724,0.005998961536817895,static_ew
2018-10,7.693790191481423e-05,6.926307165933894e-05,0.0038374151277377143,static_ew
2018-11,-0.0023111644757148773,-0.0023265872621143144,0.007711393199718791,static_ew
2018-12,-0.0009639326084353469,-0.0009664755200691675,0.0012714558169103613,static_ew
2019-01,0.0012738593975746802,0.0012738593975746802,0.0,static_ew
2019-02,-0.002729501027316224,-0.0027341547069699036,0.0023268398268398295,static_ew
2019-03,0.0006634699405921302,0.000655411332533522,0.004029304029304032,static_ew
2019-04,-0.00037182781332738274,-0.00037640170658740735,0.0022869466300123246,static_ew
2019-05,0.002309565178135685,0.002301095467978424,0.004234855078630399,static_ew
2019-06,0.002124659540067401,0.002120841617091455,0.0019089614879730765,static_ew
2019-07,0.003527782013007467,0.003522219052019286,0.0027814804940904697,static_ew
2019-08,4.0232475627908834e-05,2.131938235400534e-05,0.00945654663695173,static_ew
2019-09,-0.0006411660978618074,-0.0006431003338385965,0.0009671179883945893,static_ew
2019-10,-0.0005912720534369617,-0.0005962513891935717,0.0024896678783050403,static_ew
2019-11,0.0016390659308432023,0.0016331480354295084,0.0029589477068468636,static_ew
2019-12,-0.0008985736854123648,-0.0009145725387812679,0.007999426684451524,static_ew
2020-01,-3.631191516238297e-05,-3.631191516238297e-05,0.0,static_ew
2020-02,0.002816634177325881,0.002812115269886792,0.002259453719544567,static_ew
2020-03,0.009554400989735144,0.009546084717685309,0.00415813602491825,static_ew
2020-04,-0.006459767533001695,-0.006481500782127881,0.01086662456309298,static_ew
2020-05,-0.00031988689952096354,-0.0003431667640220038,0.011639932250520141,static_ew
2020-06,-0.006399258904892274,-0.00640233024552598,0.0015356703168534944,static_ew
2020-07,0.00011617948824285176,6.448303654639998e-05,0.025848225848225846,static_ew
2020-08,-0.003239248203789035,-0.003245095556289663,0.002923676250313964,static_ew
2020-09,0.0009142099246840067,0.0009084843118582213,0.002862806412892725,static_ew
2020-10,0.0030708021216738005,0.003065465017970823,0.0026685518514884482,static_ew
2020-11,-0.012504387372218408,-0.012517488084556567,0.006550356169079457,static_ew
2020-12,-0.002455877980454853,-0.00246113417880196,0.002628099173553713,static_ew
2021-01,0.0020297659698182303,0.0020238661811433217,0.002949894337454148,static_ew
2021-02,-0.001378570188251629,-0.0013830791540564665,0.002254482902418675,static_ew
2021-03,0.002725466492771271,0.0027036286787646686,0.010918907003301066,static_ew
2021-04,0.0005529708142819058,0.0005500782522984347,0.0014462809917355325,static_ew
2021-05,-0.001484989954164511,-0.0014983777423197885,0.0066938940776388595,static_ew
2021-06,-0.00211092694869571,-0.0021123255500943116,0.0006993006993006962,static_ew
2021-07,0.0005348437878388529,0.000532099010683685,0.0013723885775839772,static_ew
2021-08,0.00041734618483180765,0.00041734618483180765,0.0,static_ew
2021-09,0.002529171199330355,0.0025239347101044638,0.0026182446129458135,static_ew
2021-10,0.00027532728742678085,0.0002741070311729675,0.000610128126906654,static_ew
2021-11,0.006115595575090866,0.006112819724986771,0.001387925052047198,static_ew
2021-12,0.005340267562052676,0.005338739678171851,0.0007639419404125304,static_ew
2022-01,0.0035438249077013565,0.003536717469684827,0.0035537190082644585,static_ew
2022-02,0.005319763260535491,0.005315574363631362,0.0020944484520643443,static_ew
2022-03,-0.0002940750544858455,-0.0002940750544858455,0.0,static_ew
2022-04,0.00671510361857344,0.006692634706925272,0.01123445582408371,static_ew
2022-05,0.00201887402968251,0.0020046181975275417,0.007127916077484074,static_ew
2022-06,0.004313906416984784,0.004306045367968286,0.003930524508249345,static_ew
2022-07,-0.004098413733367116,-0.004098413733367116,0.0,static_ew
2022-08,-0.00238188660089102,-0.0023854157331995476,0.0017645661542638046,static_ew
2022-09,0.006794536959750774,0.006787371953557542,0.0035825030966162093,static_ew
2022-10,-0.0011632418578191304,-0.0011672140117912843,0.00198607698607698,static_ew
2022-11,-0.0020353846005951564,-0.0020421712033423423,0.003393301373593007,static_ew
2022-12,0.005857290220724654,0.005854776525419197,0.00125684765272866,static_ew
2023-01,0.0008752141467955683,0.0008694269515346888,0.00289359763043974,static_ew
2023-02,0.002074470265672571,0.0020497634579095935,0.012353403881488801,static_ew
2023-03,0.004697199984184377,0.004695971482955876,0.00061425061425061,static_ew
2023-04,-0.001380855187309869,-0.0013856772305892108,0.002411021639670855,static_ew
2023-05,-0.0020366741048084137,-0.0020638732561807723,0.013599575686179434,static_ew
2023-06,0.0018762419133092302,0.0018734861610605771,0.0013778761243264262,static_ew
2023-07,-4.045831915107694e-06,-1.1326694229527192e-05,0.0036404311572096793,static_ew
2023-08,0.0024577257383591594,0.002452753241759355,0.002486248299902217,static_ew
2023-09,0.005887041032329759,0.0058836444633340165,0.0016982844978712741,static_ew
2023-10,0.005776026360927076,0.005776026360927076,0.0,static_ew
2023-11,-0.004598084481444971,-0.004649653240099126,0.0257843793270773,static_ew
2023-12,0.0023833594193462724,0.0023833594193462724,0.0,static_ew
2024-01,0.0066089875225079945,0.006601132956239938,0.0039272831340288585,static_ew
2024-02,0.00030057389119995823,0.00029112932751872725,0.004722281840615517,static_ew
2024-03,0.0005725152358675784,0.0005671630123335366,0.0026761117670208614,static_ew
2024-04,0.0015605947789924734,0.0015317002285668228,0.014447275212825454,static_ew
2024-05,0.005295310662279655,0.005247559017904311,0.023875822187672247,static_ew
2024-06,0.0026823898268647757,0.0026624266321647392,0.0099815973500184,static_ew
2024-07,0.00036397648956248144,0.00036236747910391344,0.0008045052292839885,static_ew
2024-08,0.003642110442315008,0.003633767413524636,0.004171514395186035,static_ew
2024-09,0.00061372738064644,0.0006107948293267919,0.0014662756598240506,static_ew
2024-10,0.0003375153654108637,0.00033441379218733937,0.0015507866117622214,static_ew
2024-11,0.00332021511597624,0.0033189070715027276,0.0006540222367560478,static_ew
2024-12,0.0013222404293821088,0.0013124306210466382,0.004904904167735354,static_ew
2025-01,0.00476977095052249,0.004762429111075387,0.003670919723551311,static_ew
2025-02,0.003585816102885775,0.003581415022408875,0.0022005402384500713,static_ew
2025-03,0.0028373914937569727,0.002830857356313744,0.0032670687216141757,static_ew
2025-04,-0.00019057568909329573,-0.00020846656540202187,0.008945438154363104,static_ew
2025-05,-0.0027337942482214485,-0.002744259616682752,0.005232684230651754,static_ew
2025-06,-0.0016775795680186577,-0.001691234433718899,0.0068274328501205205,static_ew
2025-07,-0.0011906521585972833,-0.0011918806598257845,0.0006142506142506102,static_ew
2025-08,-0.0006370880718419586,-0.0006400532134932316,0.0014825708256365174,static_ew
2025-09,-0.001117181024131396,-0.0011208177131985487,0.0018183445335763168,static_ew
2025-10,0.0023767001960692427,0.0023701293859270042,0.0032854050711193603,static_ew
2025-11,0.0040673519395995825,0.004065742929141015,0.0008045052292839885,static_ew
2025-12,0.002157357896138588,0.0021557629998068496,0.0007974481658692203,static_ew
2001-01,-0.02035074783623254,-0.02035074783623254,0.0,enet:own
2001-02,0.0023466303791298744,0.00035850930252221466,0.9940605383038298,enet:own
2001-03,0.028050368671843667,0.026066996747305463,0.9916859622691012,enet:own
2001-04,0.006353573001379007,0.004973511687067821,0.6900306571555928,enet:own
2001-05,0.010433428721373168,0.008507180793680623,0.9631239638462732,enet:own
2001-06,-0.00204195521293619,-0.0035516977175923947,0.7548712523281021,enet:own
2001-07,0.017074515603029198,0.01532586835392863,0.8743236245502828,enet:own
2001-08,-0.0038903339732014926,-0.00528521126255288,0.6974386446756932,enet:own
2001-09,0.006657070098181879,0.004989552424485037,0.8337588368484212,enet:own
2001-10,-0.004855810724755796,-0.006652425213923641,0.898307244583923,enet:own
2001-11,0.010376100743107571,0.00844704560441842,0.9645275693445765,enet:own
2001-12,0.013732510455540239,0.012019622571335983,0.8564439421021289,enet:own
2002-01,-0.0008222798980319454,-0.002701028851222794,0.9393744765954245,enet:own
2002-02,0.006614817749784275,0.0052158427962984534,0.6994874767429117,enet:own
2002-03,0.008696337439563145,0.0073138551124238785,0.6912411635696334,enet:own
2002-04,0.005063980760055721,0.0039014944612528937,0.5812431494014134,enet:own
2002-05,0.0030869269700416484,0.0017438682420622853,0.6715293639896817,enet:own
2002-06,0.0031295949931345827,0.0018311382448410022,0.6492283741467902,enet:own
2002-07,-0.000576218125004527,-0.0018678483703683077,0.6458151226818903,enet:own
2002-08,0.00637362346090942,0.005156466109675827,0.6085786756167967,enet:own
2002-09,0.005003254769140019,0.003796005102458597,0.6036248333407114,enet:own
2002-10,0.0030858119156027745,0.0018958102728269162,0.5950008213879289,enet:own
2002-11,0.0043847624931983,0.0029300033427936355,0.7273795752023322,enet:own
2002-12,0.0030694748979885724,0.001841708541653252,0.6138831781676598,enet:own
2003-01,0.0006937150796302788,-0.0005060289917535822,0.5998720356919306,enet:own
2003-02,0.0017752867725356863,0.0007330162281802503,0.521135272177718,enet:own
2003-03,0.007101502123239514,0.005977072819276099,0.562214651981708,enet:own
2003-04,-0.006643401434117589,-0.00740852622391695,0.3825623948996804,enet:own
2003-05,0.004188968654702141,0.0030283950431192813,0.5802868057914297,enet:own
2003-06,0.005763991493428134,0.0044709363476507225,0.6465275728887058,enet:own
2003-07,0.004975659177781896,0.003968898456238415,0.5033803607717406,enet:own
2003-08,0.0036823706871729938,0.0025402233151676145,0.5710736860026894,enet:own
2003-09,0.0003434241646536755,-0.0008036416085612101,0.5735328866074428,enet:own
2003-10,0.010303868148740762,0.009243643779165806,0.5301121847874782,enet:own
2003-11,0.0018311491643783397,0.0008972356393277671,0.4669567625252864,enet:own
2003-12,-0.001359941627840701,-0.0024084884122937632,0.5242733922265314,enet:own
2004-01,-0.002878921578480136,-0.0038799552197837403,0.500516820651802,enet:own
2004-02,-6.23296635974878e-05,-0.0012063110105937159,0.571990673498114,enet:own
2004-03,0.0022861294259228053,0.0013184029658413765,0.4838632300407144,enet:own
2004-04,0.0018851823010724521,0.0009540826493227362,0.4655498258748578,enet:own
2004-05,-0.005204274148736337,-0.006135325688281042,0.46552576977235266,enet:own
2004-06,0.005163171880385052,0.00418817104953158,0.4875004154267359,enet:own
2004-07,0.005332937658060959,0.004536118971260052,0.39840934340045375,enet:own
2004-08,0.005900703494585175,0.005121657190399783,0.3895231520926962,enet:own
2004-09,0.003344605425575421,0.0025333497757691207,0.40562782490314986,enet:own
2004-10,0.009681707203368207,0.008837432489098053,0.4221373571350774,enet:own
2004-11,0.0042044176073217625,0.003473383422464923,0.3655170924284199,enet:own
2004-12,0.008048519949445391,0.007093834547646593,0.47734270089939834,enet:own
2005-01,-0.0015963348808550812,-0.002633602221476668,0.5186336703107932,enet:own
2005-02,0.009076543742153765,0.008147238537493242,0.4646526023302612,enet:own
2005-03,0.008524227171638806,0.007644870025378373,0.43967857313021685,enet:own
2005-04,0.012693249781996726,0.011791639072978255,0.4508053545092357,enet:own
2005-05,-0.012362356539606892,-0.013182049578587948,0.4098465194905282,enet:own
2005-06,0.0026784715857839617,0.0015685237967370362,0.5549738945234628,enet:own
2005-07,0.007390662288073913,0.006405347488039447,0.4926574000172328,enet:own
2005-08,-0.0036975254746212834,-0.00457052021634312,0.4364973708609185,enet:own
2005-09,0.0010857842185425198,-4.348573189256338e-05,0.5646349752175417,enet:own
2005-10,0.0009554062674015051,4.7338883695089265e-05,0.45403369185320797,enet:own
2005-11,-0.002825566591043407,-0.003726887975937609,0.45066069244710094,enet:own
2005-12,-0.0013362607476315467,-0.0022363790216907626,0.4500591370296079,enet:own
2006-01,0.013144608401948997,0.012244517716243195,0.4500453428529014,enet:own
2006-02,0.002800119033228732,0.0017033175042938072,0.5484007644674626,enet:own
2006-03,-0.010126449298487616,-0.011197968213104238,0.5357594573083119,enet:own
2006-04,0.0065969839134241955,0.005584276211593488,0.5063538509153543,enet:own
2006-05,0.0028366440674660173,0.0017157215020096239,0.560461282728197,enet:own
2006-06,0.019692897110963656,0.018730383686553227,0.48125671220521365,enet:own
2006-07,-0.0015323567847999118,-0.0024832909225886894,0.47546706889438867,enet:own
2006-08,-0.004512219556595754,-0.005664483280529935,0.5761318619670908,enet:own
2006-09,0.0019147274523603523,0.0009229488555885125,0.49588929838592,enet:own
2006-10,-0.0034039102666024446,-0.0043057813773852895,0.45093555539142277,enet:own
2006-11,0.00808961292587102,0.007145360847884907,0.4721260389930565,enet:own
2006-12,0.0021177389914818112,0.0012859283586806889,0.4159053164005613,enet:own
2007-01,0.005809696588814291,0.004768527350444869,0.5205846191847108,enet:own
2007-02,0.002196917825374845,0.0010821949749516614,0.5573614252115917,enet:own
2007-03,0.006772814065147734,0.00573707578222417,0.5178691414617818,enet:own
2007-04,0.003382888854533634,0.0023094202876976994,0.5367342834179674,enet:own
2007-05,0.00017071363703802223,-0.0008398764619490615,0.5052950494935418,enet:own
2007-06,-8.229823444977894e-05,-0.0011519774565209213,0.5348396110355713,enet:own
2007-07,-0.0004248175555280914,-0.0016707019355134002,0.6229421899926545,enet:own
2007-08,0.002543749927264526,0.0014250467475832851,0.5593515898406205,enet:own
2007-09,0.0007609817775437946,-0.0004418928343575739,0.6014373059506841,enet:own
2007-10,0.007974093385947281,0.006851961486562903,0.5610659496921886,enet:own
2007-11,0.001171289174920908,7.225183238016673e-05,0.5495186712703708,enet:own
2007-12,0.002686058528992875,0.0013750011330868124,0.6555286979530313,enet:own
2008-01,0.0009083296742390566,-0.00022797451905110915,0.5681520966450827,enet:own
2008-02,0.0012323836434572138,1.5758098524375474e-05,0.6083127724664191,enet:own
2008-03,0.0010927233035125379,-8.138158246551038e-05,0.5870524429890241,enet:own
2008-04,0.004123776171537001,0.002976716086968341,0.5735300422843305,enet:own
2008-05,-0.00535579465765936,-0.006556294038990147,0.6002496906653931,enet:own
2008-06,0.0063300167855800905,0.0051398592144260465,0.595078785577022,enet:own
2008-07,0.0006472912293782717,-0.0003423986242798438,0.49484492682905795,enet:own
2008-08,0.007587155475736823,0.006306513869786834,0.6403208029749939,enet:own
2008-09,0.007969345839456287,0.006863169040614394,0.5530883994209468,enet:own
2008-10,0.023179722128780514,0.02215956103651631,0.5100805461321035,enet:own
2008-11,0.015965184801445056,0.014902430175663915,0.5313773128905693,enet:own
2008-12,-0.0013273846888518662,-0.0025631684128084,0.617891861978267,enet:own
2009-01,0.0021659284259476987,0.0009216078385047934,0.6221602937214525,enet:own
2009-02,0.004777373228545386,0.003613320680073753,0.5820262742358168,enet:own
2009-03,-0.007445553190523893,-0.008346485012533556,0.45046591100483085,enet:own
2009-04,-0.01534641788142243,-0.016537877328582962,0.5957297235802664,enet:own
2009-05,0.0007473293839427383,-0.000609255940774095,0.6782926623584165,enet:own
2009-06,-0.0008559212647651793,-0.002206149553025169,0.6751141441299952,enet:own
2009-07,0.0025233150806879736,0.0011257677243187488,0.6987736781846124,enet:own
2009-08,0.0007390538257712826,-0.00033664133507314213,0.5378475804222123,enet:own
2009-09,0.0036991056457342506,0.0025890707949868526,0.5550174253736995,enet:own
2009-10,0.0023980812066972446,0.0014161122622657841,0.49098447221573027,enet:own
2009-11,0.003600822744439636,0.0025338356798746135,0.5334935322825113,enet:own
2009-12,-0.0020414849139073483,-0.0029938830008718834,0.476199043482268,enet:own
2010-01,-0.00120806856739499,-0.002357830258075145,0.5748808453400774,enet:own
2010-02,-0.00025544553679780996,-0.0013144011400656555,0.5294778016339229,enet:own
2010-03,-0.002165495597379895,-0.0033271295531427745,0.5808169778814396,enet:own
2010-04,0.005935079904903499,0.004940934666879293,0.49707261901210253,enet:own
2010-05,0.004956090509009795,0.004088717829611305,0.43368633969924486,enet:own
2010-06,0.006716001382423462,0.005900115591508531,0.40794289545746615,enet:own
2010-07,0.00146971633964837,0.0007446737535020502,0.3625212930731598,enet:own
2010-08,0.00269716379465744,0.001772987444519371,0.4620881750690346,enet:own
2010-09,0.0022474238811144485,0.0013330161516976313,0.45720386470840835,enet:own
2010-10,0.004727707469292555,0.003822685838801238,0.45251081524565856,enet:own
2010-11,0.007900217630432709,0.007032028297063142,0.43409466668478364,enet:own
2010-12,0.0035465944535777974,0.0026896805491453436,0.4284569522162265,enet:own
2011-01,0.0055860298470884456,0.004777035134827074,0.40449735613068555,enet:own
2011-02,-0.00013846203414515242,-0.0009809732144578003,0.4212555901563239,enet:own
2011-03,0.0010760703688911044,0.00022664954061108706,0.42471041414000865,enet:own
2011-04,0.006620589194017097,0.005830956592248206,0.39481630088444525,enet:own
2011-05,0.004199804895827603,0.003509547129902121,0.34512888296274075,enet:own
2011-06,0.004384886102267867,0.0036856004286150786,0.34964283682639447,enet:own
2011-07,0.005456016188786187,0.004834925778415112,0.3105452051855371,enet:own
2011-08,0.006263159153623195,0.005626975517553342,0.31809181803492603,enet:own
2011-09,0.010789967279841607,0.010126081588259731,0.3319428457909382,enet:own
2011-10,-0.005124132355971911,-0.005843208765956154,0.35953820499212163,enet:own
2011-11,0.0043440203422053115,0.0034389530354329905,0.4525336533861606,enet:own
2011-12,0.0035015911023700474,0.0025896946706282045,0.4559482158709213,enet:own
2012-01,-0.015252633834382693,-0.015880531651866907,0.31394890874210857,enet:own
2012-02,-0.0012536602998825222,-0.0020488822791355117,0.3976109896264946,enet:own
2012-03,0.00828739890800635,0.007511951085406536,0.3877239112999075,enet:own
2012-04,0.00457887113328935,0.003907052671170905,0.33590923105922255,enet:own
2012-05,0.008324720997241956,0.007725393572889547,0.29966371217620424,enet:own
2012-06,0.005218989886444621,0.004673416937109745,0.27278647466743755,enet:own
2012-07,0.005895060463512753,0.005338193142846318,0.2784336603332175,enet:own
2012-08,0.005502364420528631,0.0049481783417436795,0.2770930393924755,enet:own
2012-09,-0.0010865173588960359,-0.0016075168120822246,0.2604997265930943,enet:own
2012-10,0.002522218868997014,0.0019138487222731392,0.30418507336193734,enet:own
2012-11,0.006537929530059576,0.005971068457339894,0.28343053635984095,enet:own
2012-12,-0.0019060599540740538,-0.0024132171376437883,0.25357859178486736,enet:own
2013-01,0.0030436405340621107,0.002431637521250426,0.30600150640584234,enet:own
2013-02,0.003922848854026188,0.00329199409106917,0.31542738147850913,enet:own
2013-03,0.007383110639651881,0.0068381913847998695,0.2724596274260058,enet:own
2013-04,0.007325798544108199,0.006852962634789235,0.2364179546594819,enet:own
2013-05,0.0022597990690182944,0.0017664356387477314,0.24668171513528137,enet:own
2013-06,0.004221079634987364,0.0035937495403827228,0.313665047302321,enet:own
2013-07,0.00910836959991256,0.0084452412764101,0.33156416175122955,enet:own
2013-08,0.0003294313626974852,-0.0003186215543811415,0.32402645853931317,enet:own
2013-09,-0.004054212791601934,-0.004787680962351173,0.36673408537461943,enet:own
2013-10,-0.001527560107129581,-0.0021745200576583604,0.32347997526438976,enet:own
2013-11,0.00036360036391028055,-0.0002204773587041387,0.2920388613072095,enet:own
2013-12,0.0034685972525310884,0.0029490621988881847,0.25976752682145166,enet:own
2014-01,0.0022145731058651297,0.001763210695393577,0.22568120523577626,enet:own
2014-02,0.004823419128998236,0.004278198808142189,0.2726101604280238,enet:own
2014-03,0.0013648582146387556,0.0008233410401008234,0.27075858726896596,enet:own
2014-04,-0.0008055738639881103,-0.001414063426165072,0.30424478108848124,enet:own
2014-05,-0.002084953169460975,-0.0027435280690442545,0.3292874497916396,enet:own
2014-06,0.004710521142211936,0.00405877233551288,0.32587440334952805,enet:own
2014-07,0.0020827715901225318,0.0015240058396243444,0.27938287524909367,enet:own
2014-08,0.00208659801052452,0.0015069938778940347,0.28980206631524247,enet:own
2014-09,-0.0018811082596482268,-0.0024069641752803286,0.26292795781605083,enet:own
2014-10,0.002754601723741692,0.002231817576183943,0.26139207377887447,enet:own
2014-11,0.007048411575849959,0.00653934317595857,0.2545341999456946,enet:own
2014-12,0.010182555128710276,0.009694132971160037,0.24421107877512077,enet:own
2015-01,0.005507622339338641,0.004998021655217556,0.25480034206054214,enet:own
2015-02,0.00012496588431247342,-0.000466400104689399,0.29568299450093627,enet:own
2015-03,0.005572711566885609,0.0049723367936609815,0.3001873866123139,enet:own
2015-04,-0.008700173928835628,-0.009308102534970629,0.3039643030675,enet:own
2015-05,0.0015449054914455696,0.0008166776566209825,0.3641139174122933,enet:own
2015-06,0.004329365322435227,0.0036588515123403787,0.33525690504742417,enet:own
2015-07,0.007950446050684725,0.007444800102468053,0.2528229741083365,enet:own
2015-08,0.006962251105615398,0.0064526730041299584,0.25478905074271996,enet:own
2015-09,0.004313802294164445,0.0037874663511780976,0.26316797149317384,enet:own
2015-10,-0.0031532056412992165,-0.003708264660500304,0.277529509600544,enet:own
2015-11,0.002606069233330755,0.0020260927566034762,0.2899882383636393,enet:own
2015-12,0.0007378755416028713,0.00014609051937126798,0.2958925111158016,enet:own
2016-01,0.0037671335953117662,0.0032447639683238065,0.2611848134939797,enet:own
2016-02,-6.659520610940333e-05,-0.0005336681320001092,0.23353646294535274,enet:own
2016-03,-0.00865358915689581,-0.00914332962272921,0.24487023291670026,enet:own
2016-04,0.002734047531185161,0.0021904349003020298,0.2718063154415656,enet:own
2016-05,0.0044194699961406314,0.003922592728546062,0.2484386337972851,enet:own
2016-06,-0.001290721191614946,-0.0017491001875909798,0.22918949798801674,enet:own
2016-07,0.0017250494121804666,0.0012984839751646032,0.21328271850793187,enet:own
2016-08,0.005840262805296392,0.005367218397201443,0.23652220404747465,enet:own
2016-09,0.005822762273538726,0.005386998887127891,0.2178816932054178,enet:own
2016-10,0.0021908712892665444,0.0018647092099051204,0.16308103968071183,enet:own
2016-11,-0.0031915140494468736,-0.0036135759739072083,0.21103096223016718,enet:own
2016-12,0.0012833692425357499,0.0007830406617972595,0.25016429036924515,enet:own
2017-01,0.004130926001298726,0.0037162262655953834,0.20734986785167128,enet:own
2017-02,-0.0015142230976653386,-0.0019629551341939465,0.22436601826430394,enet:own
2017-03,0.004163909095137024,0.0037372734478311556,0.21331782365293453,enet:own
2017-04,-0.0002935715310698578,-0.0006976089691263917,0.2020187190282668,enet:own
2017-05,0.006070162139733064,0.005677171919158101,0.19649511028748157,enet:own
2017-06,-0.00022464003180384245,-0.0006518981357000247,0.21362905194809118,enet:own
2017-07,0.004169722218054457,0.0037803460398311527,0.19468808911165233,enet:own
2017-08,0.002849429172484517,0.0024407366012473863,0.20434628561856524,enet:own
2017-09,0.00197143080638455,0.0016160147155333362,0.1777080454256068,enet:own
2017-10,0.003035427041044227,0.0026785241800751577,0.17845143048453438,enet:own
2017-11,0.002512404741128003,0.0020845710323277324,0.21391685440013503,enet:own
2017-12,0.0016898134929672318,0.0012600323203754576,0.21489058629588706,enet:own
2018-01,0.005623881732590278,0.005166359639356062,0.22876104661710828,enet:own
2018-02,0.003105333493193741,0.0026357642097185508,0.23478464173759495,enet:own
2018-03,0.003016273915325752,0.002554540978994887,0.2308664681654324,enet:own
2018-04,0.00155599697140329,0.0011729929987347866,0.19150198633425142,enet:own
2018-05,0.004636438933074018,0.004189706321419171,0.22336630582742362,enet:own
2018-06,0.003352527093563122,0.0028938942630664585,0.22931641524833193,enet:own
2018-07,0.004534044093286787,0.004125406468094593,0.20431881259609683,enet:own
2018-08,0.004335775635248568,0.00393748054689294,0.19914754417781425,enet:own
2018-09,0.01257915572520017,0.01216475013475096,0.20720279522460566,enet:own
2018-10,0.002306857419514447,0.0019254381660857962,0.19070962671432523,enet:own
2018-11,-0.0027308936083758613,-0.003150349538611758,0.20972796511794864,enet:own
2018-12,6.386904001705368e-05,-0.00043640592564436905,0.2501374828307114,enet:own
2019-01,0.002149048498013291,0.001724926216647559,0.2120611406828662,enet:own
2019-02,-0.004432216954427895,-0.004913356913438901,0.24056997950550274,enet:own
2019-03,0.0038933342839018153,0.003450993435000697,0.22117042445055893,enet:own
2019-04,0.0018009827656969713,0.0014367020345157422,0.18214036559061447,enet:own
2019-05,0.0019197544689122088,0.0015083256759698847,0.2057143964711621,enet:own
2019-06,0.0041438909674172625,0.0036784627524459046,0.2327141074856792,enet:own
2019-07,0.005710857535348579,0.0052928150954239415,0.20902121996231865,enet:own
2019-08,0.0020082760315827146,0.001604709678617141,0.20178317648278687,enet:own
2019-09,-0.0017700818683736997,-0.0021824111068128164,0.20616461921955825,enet:own
2019-10,0.00101054961752757,0.0005550264720060049,0.22776157276078257,enet:own
2019-11,0.0020293524531554024,0.00161809662101204,0.20562791607168115,enet:own
2019-12,0.004132334768765671,0.0036810505480482244,0.22564211035872317,enet:own
2020-01,0.0032230719162900452,0.0028499668081509925,0.18655255406952673,enet:own
2020-02,0.005755664854936373,0.005345635600168024,0.2050146273841741,enet:own
2020-03,0.009564355348412506,0.00917599537814304,0.1941799851347332,enet:own
2020-04,-0.010829995569842538,-0.011498754697953034,0.3343795640552471,enet:own
2020-05,-0.0022695285856073567,-0.0031730729936317926,0.45177220401221807,enet:own
2020-06,-0.005569746022965086,-0.006248931316816726,0.3395926469258197,enet:own
2020-07,0.0027169816522963834,0.0021264649252588697,0.2952583635187567,enet:own
2020-08,-0.0016928373160651523,-0.0023111395871662317,0.3091511355505396,enet:own
2020-09,-0.0017073650604103306,-0.0023073520715443494,0.2999935055670094,enet:own
2020-10,0.0039257910854623886,0.0033558624716855663,0.2849643068884109,enet:own
2020-11,-0.02146339550768141,-0.021965550364979426,0.25107742864900795,enet:own
2020-12,-0.0027443217194469505,-0.0035228405470614497,0.38925941380724977,enet:own
2021-01,0.0032770199855165928,0.0025950633955847,0.3409782949659465,enet:own
2021-02,0.00026585958887595827,-0.00029769954589730724,0.28177956738663285,enet:own
2021-03,0.004659445488663531,0.004072664239234331,0.29339062471459987,enet:own
2021-04,0.004006174557265914,0.0034868823081724894,0.2596461245467121,enet:own
2021-05,0.0025644802790214414,0.001981218101589797,0.2916310887158219,enet:own
2021-06,-0.004435789912625679,-0.004978037425215234,0.2711237562947775,enet:own
2021-07,0.0032231983554154233,0.002683688238893693,0.26975505826086515,enet:own
2021-08,0.00013809219291875216,-0.0003592310774723249,0.2486616351955386,enet:own
2021-09,0.006954924994376712,0.006428122525604165,0.2634012343862736,enet:own
2021-10,0.0014137807045990227,0.0009254849527370403,0.2441478759309913,enet:own
2021-11,0.006149191845741503,0.005667385367378934,0.24090323918128445,enet:own
2021-12,0.0099553257372258,0.009369809734378768,0.29275800142351605,enet:own
2022-01,0.011786401431918524,0.01130393017642408,0.24123562774722115,enet:own
2022-02,0.009139277896352311,0.008639081053550282,0.25009842140101474,enet:own
2022-03,0.008039502554892674,0.007499510706008569,0.2699959244420522,enet:own
2022-04,0.011121823287160975,0.010622148967773097,0.2498371596939383,enet:own
2022-05,0.004045142627108582,0.003567613714712269,0.23876445619815623,enet:own
2022-06,0.00036538386827603413,-0.00015808570363282472,0.26173478595442945,enet:own
2022-07,-0.003428494244487962,-0.003953703158121053,0.2626044568165456,enet:own
2022-08,-0.0012550428071200679,-0.001780276049541832,0.26261662121088203,enet:own
2022-09,0.005969471866332907,0.005491378891518175,0.23904648740736567,enet:own
2022-10,0.004954839677586574,0.004466680841907712,0.2440794178394314,enet:own
2022-11,-0.0041072519341146495,-0.004649046376259022,0.2708972210721857,enet:own
2022-12,0.006441081399514092,0.00583882500452686,0.3011281974936159,enet:own
2023-01,0.0015768030941845437,0.0010747650124995995,0.25101904084247206,enet:own
2023-02,0.005243560496849039,0.0047187360416855095,0.26241222758176447,enet:own
2023-03,0.00403871315469185,0.00362987106508397,0.20442104480393972,enet:own
2023-04,-0.0009760671015440488,-0.0014846841402354968,0.2543085193457239,enet:own
2023-05,-0.0022378280949527313,-0.0026960780463601976,0.22912497570373305,enet:own
2023-06,0.002725909136805539,0.00226836070425454,0.22877421627549935,enet:own
2023-07,0.003035991236705288,0.0025347236722082205,0.2506337822485339,enet:own
2023-08,0.0018069418924886035,0.001291389379701661,0.25777625639347124,enet:own
2023-09,0.00875101400891162,0.00827532882260473,0.23784259315344478,enet:own
2023-10,0.007066114506292135,0.006655941223222419,0.20508664153485834,enet:own
2023-11,-0.006515868706392009,-0.006995999093156805,0.24006519338239804,enet:own
2023-12,0.00375571215814423,0.003201480893597404,0.2771156322734132,enet:own
2024-01,0.009826719352327732,0.009340632221993835,0.2430435651669494,enet:own
2024-02,0.00014762536912643306,-0.00035426284103318075,0.2509441050798071,enet:own
2024-03,0.0038982087611728958,0.003371939726664984,0.263134517253956,enet:own
2024-04,0.0006019816084310829,8.041182271028121e-05,0.2607848928604008,enet:own
2024-05,0.00185442201001706,0.0013456158500452582,0.254403079985901,enet:own
2024-06,0.00156390727536794,0.0010852668737950995,0.23932020078642025,enet:own
2024-07,0.0008428281809034644,0.00037980755100523164,0.23151031494911634,enet:own
2024-08,0.002744139211527417,0.0022709208394138844,0.23660918605676626,enet:own
2024-09,0.00023036685440107097,-0.00023538344237119543,0.23287514838613327,enet:own
2024-10,0.002850827393163314,0.002374291940364726,0.2382677263992938,enet:own
2024-11,0.009807858118679751,0.009336639131365423,0.235609493657165,enet:own
2024-12,0.002002421169558093,0.00151378306832032,0.24431905061888662,enet:own
2025-01,0.002008907346619728,0.0016007187667363256,0.20409428994170123,enet:own
2025-02,0.004211883398736991,0.0037159103219161897,0.2479865384104002,enet:own
2025-03,0.005580274327292298,0.005119587860607638,0.23034323334232998,enet:own
2025-04,-0.0014709360959220866,-0.0019121074429914108,0.22058567353466207,enet:own
2025-05,-0.000883644944106041,-0.0013819280105238502,0.24914153320890453,enet:own
2025-06,-0.0026049015742609875,-0.00307716326806925,0.23613084690413155,enet:own
2025-07,-0.0018240740745498257,-0.0022390323488909554,0.20747913717056496,enet:own
2025-08,0.0013431857586711558,0.0008475732728508472,0.24780624291015438,enet:own
2025-09,0.004187705203221774,0.0036767483490372736,0.25547842709225066,enet:own
2025-10,0.008624489833746203,0.008118625805736359,0.25293201400492304,enet:own
2025-11,0.002901285375387731,0.0023497036607783503,0.27579085730469005,enet:own
2025-12,0.009065392623572352,0.008554609411883622,0.2553916058443643,enet:own
2001-01,-0.01611388696634559,-0.01611388696634559,0.0,enet:pooled
2001-02,0.0035483527455873742,0.0014271875688491374,1.0605825883691187,enet:pooled
2001-03,0.024854872804532722,0.022729081862603806,1.062895470964458,enet:pooled
2001-04,0.006001230258091888,0.004390936378497882,0.8051469397970029,enet:pooled
2001-05,0.009245721385364936,0.007363382614282189,0.9411693855413735,enet:pooled
2001-06,-0.004674124533766053,-0.006269629537824019,0.7977525020289827,enet:pooled
2001-07,0.018685844892569747,0.016815568856570696,0.9351380179995249,enet:pooled
2001-08,-0.007015341693695495,-0.008579569454121907,0.7821138802132076,enet:pooled
2001-09,0.005450036414872309,0.0035855915814224214,0.9322224167249441,enet:pooled
2001-10,-0.015292766293095646,-0.0172379193590405,0.9725765329724264,enet:pooled
2001-11,0.01054977271612065,0.008303366377945058,1.1232031690877955,enet:pooled
2001-12,0.013174244058122186,0.011301197920114922,0.9365230690036322,enet:pooled
2002-01,-0.00012740744154835903,-0.0022256870304601956,1.049139794455918,enet:pooled
2002-02,0.007185395420170232,0.005712255356026772,0.7365700320717302,enet:pooled
2002-03,0.010534318479968304,0.009184920858141956,0.6746988109131739,enet:pooled
2002-04,0.0073678816418515725,0.006199249991648451,0.5843158251015603,enet:pooled
2002-05,0.004825988359721032,0.003528986234273417,0.6485010627238074,enet:pooled
2002-06,0.0059800702728395405,0.0046891851897196725,0.6454425415599337,enet:pooled
2002-07,0.0030158708400548407,0.0017794268093294452,0.6182220153626978,enet:pooled
2002-08,0.003216257433421574,0.0020302383245136457,0.5930095544539639,enet:pooled
2002-09,0.0056832937946508545,0.004413026328093521,0.6351337332786672,enet:pooled
2002-10,0.0015986390013027325,0.0004327537563494799,0.5829426224766262,enet:pooled
2002-11,0.0032838904324019396,0.0017803838611546332,0.7517532856236533,enet:pooled
2002-12,0.003152579455858569,0.0019066791752189302,0.6229501403198195,enet:pooled
2003-01,0.0016499353570715136,0.00039213068610311586,0.6289023354841989,enet:pooled
2003-02,0.0008131451240248732,-0.00014700023607034732,0.48007268004761017,enet:pooled
2003-03,0.009681444240010634,0.008669618278981581,0.5059129805145256,enet:pooled
2003-04,-0.005339868812272978,-0.006029551727137972,0.3448414574324967,enet:pooled
2003-05,0.003868065614659724,0.002702947290513534,0.5825591620730945,enet:pooled
2003-06,0.005774537640491375,0.004615626614075931,0.5794555132077222,enet:pooled
2003-07,0.008078279925938205,0.007055448847109955,0.5114155394141254,enet:pooled
2003-08,0.005049328519572279,0.003978144666018489,0.5355919267768953,enet:pooled
2003-09,-0.0018966432145129633,-0.0030619866698968485,0.5826717276919424,enet:pooled
2003-10,0.01166774568604822,0.010581736492605385,0.5430045967214183,enet:pooled
2003-11,0.0012935273004239596,0.00028575229445036547,0.5038875029867972,enet:pooled
2003-12,0.0006250019876581388,-0.0004883733697464923,0.5566876787023152,enet:pooled
2004-01,-0.007613272719764276,-0.008705899128155706,0.5463132041957152,enet:pooled
2004-02,0.00227589359095729,0.001002166133571775,0.6368637286927574,enet:pooled
2004-03,0.002372637422746072,0.0013109668764922286,0.5308352731269218,enet:pooled
2004-04,0.002338482790675335,0.0013031447181201753,0.5176690362775799,enet:pooled
2004-05,-0.005904330756454294,-0.006925152318162816,0.5104107808542606,enet:pooled
2004-06,0.0033709253037900347,0.0023178258807891095,0.5265497115004626,enet:pooled
2004-07,0.005264417250040983,0.004324969584759895,0.4697238326405443,enet:pooled
2004-08,0.004864883572721678,0.003995166848715429,0.43485836200312433,enet:pooled
2004-09,0.004284364318806162,0.003355499175997919,0.46443257140412153,enet:pooled
2004-10,0.010273060575196922,0.00936402705156631,0.4545167618153049,enet:pooled
2004-11,0.004315000878915519,0.0034813593908721895,0.41682074402166464,enet:pooled
2004-12,0.008495864475910263,0.007453188460711496,0.5213380075993834,enet:pooled
2005-01,-0.0018765668430601715,-0.002991751584297149,0.5575923706184887,enet:pooled
2005-02,0.006222094095942727,0.005189626768264822,0.5162336638389524,enet:pooled
2005-03,0.008803882592492056,0.007774248378344352,0.514817107073852,enet:pooled
2005-04,0.014390616743544858,0.013382209837834561,0.5042034528551487,enet:pooled
2005-05,-0.015105344888868168,-0.015960627408895773,0.42764126001380187,enet:pooled
2005-06,0.0026736467283945816,0.0014338189615699453,0.6199138834123181,enet:pooled
2005-07,0.004749605814990896,0.003736984200335208,0.5063108073278437,enet:pooled
2005-08,-0.00045794321231687696,-0.0014568574616243596,0.4994571246537415,enet:pooled
2005-09,0.0031370420307574457,0.0019597037419178094,0.5886691444198185,enet:pooled
2005-10,0.0006446278523705258,-0.0003689580063035705,0.506792929337048,enet:pooled
2005-11,-0.003193701365711363,-0.0041880187498438476,0.4971586920662425,enet:pooled
2005-12,-0.0008112382769109123,-0.0018414108496970108,0.5150862863930494,enet:pooled
2006-01,0.00568697949348313,0.004613927396069785,0.5365260487066721,enet:pooled
2006-02,0.0053411138099048894,0.00397793143333436,0.6815911882852644,enet:pooled
2006-03,-0.011353035421858388,-0.012551593774935414,0.5992791765385124,enet:pooled
2006-04,0.007987312000576613,0.006794624796797672,0.5963436018894711,enet:pooled
2006-05,0.0007491966264330358,-0.00042157029346043474,0.5853834599467352,enet:pooled
2006-06,0.016162356712435683,0.01506534134022143,0.5485076861071252,enet:pooled
2006-07,-0.0045041040616451734,-0.005607568245435456,0.5517320918951413,enet:pooled
2006-08,-0.005558447947643816,-0.006840445509573822,0.6409987809650033,enet:pooled
2006-09,0.00283824438912448,0.0016417477564752698,0.598248316324605,enet:pooled
2006-10,-0.0028531196311822305,-0.003875840903906222,0.5113606363619958,enet:pooled
2006-11,0.00874876722715856,0.00763018036916656,0.5592934289960002,enet:pooled
2006-12,0.0015857361739336285,0.0005775239709316171,0.5041061015010055,enet:pooled
2007-01,0.0059735510267976185,0.004829079204583978,0.5722359111068203,enet:pooled
2007-02,0.0010924690027219696,-9.723197973376108e-05,0.5948504912278654,enet:pooled
2007-03,0.006371348517477752,0.005292300027390453,0.5395242450436497,enet:pooled
2007-04,0.006317962520422456,0.005252912219020328,0.5325251507010637,enet:pooled
2007-05,0.001338106542111629,0.00025363630838772563,0.5422351168619516,enet:pooled
2007-06,-0.0019123302382566983,-0.003134473840248264,0.611071800995783,enet:pooled
2007-07,-0.0004268360640619676,-0.0017911035860817888,0.6821337610099106,enet:pooled
2007-08,0.0016511958783173544,0.0003778212707092447,0.6366873038040547,enet:pooled
2007-09,0.0025465833487505678,0.001265683528903897,0.6404499099233355,enet:pooled
2007-10,0.011216910739696512,0.010006550599930886,0.6051800698828137,enet:pooled
2007-11,0.0025151236954816846,0.001317795465981809,0.5986641147499377,enet:pooled
2007-12,0.00427377758196512,0.0028923949493708887,0.6906913162971156,enet:pooled
2008-01,0.001445934028362156,0.00028494814224154394,0.5804929430603059,enet:pooled
2008-02,-0.0004818157963110477,-0.0018741199483215234,0.696152076005238,enet:pooled
2008-03,0.00349666099138941,0.002141652698320492,0.6775041465344589,enet:pooled
2008-04,0.0029011003574429366,0.0015993213299661405,0.6508895137383983,enet:pooled
2008-05,-0.0040135395740826954,-0.005380566690558874,0.6835135582380893,enet:pooled
2008-06,0.008872382822844107,0.007574192809944492,0.6490950064498078,enet:pooled
2008-07,-0.0031151940745451035,-0.004220852269649218,0.5528290975520574,enet:pooled
2008-08,0.008647404091339869,0.0072252228281533435,0.7110906315932625,enet:pooled
2008-09,0.01197501806595373,0.010855808772298333,0.5596046468276987,enet:pooled
2008-10,0.03080811382418206,0.02972642161549842,0.5408461043418202,enet:pooled
2008-11,0.01831029954833105,0.017242096695513378,0.5341014264088353,enet:pooled
2008-12,-0.003901654185978767,-0.005098791079257483,0.5985684466393578,enet:pooled
2009-01,0.001447747649871447,0.0001141700863859031,0.6667887817427719,enet:pooled
2009-02,0.006040417199999913,0.0046791589631578765,0.680629118421018,enet:pooled
2009-03,-0.0102277184124434,-0.011321515756814447,0.5468986721855227,enet:pooled
2009-04,-0.016834837361773238,-0.018259409072327024,0.7122858552768907,enet:pooled
2009-05,0.007896171311553428,0.006211048610938797,0.8425613503073148,enet:pooled
2009-06,-0.002849648693986297,-0.004428272210568751,0.7893117582912269,enet:pooled
2009-07,0.003938832873763856,0.0022715354921693143,0.833648690797271,enet:pooled
2009-08,0.0014240551039455826,0.00015144326594808375,0.6363059189987493,enet:pooled
2009-09,0.0046415300654937056,0.003361402835108199,0.6400636151927532,enet:pooled
2009-10,0.0016770718229797128,0.000509701405550483,0.5836852087146147,enet:pooled
2009-11,0.002369172444173394,0.001139679727192308,0.614746358490543,enet:pooled
2009-12,-0.0021352454735752706,-0.0032737968401559637,0.5692756832903466,enet:pooled
2010-01,-0.0018456605450575256,-0.003150619246864089,0.6524793509032816,enet:pooled
2010-02,-0.0020502497221014772,-0.0034558972691475943,0.7028237735230585,enet:pooled
2010-03,-0.0026812174596642603,-0.004167224949051655,0.7430037446936975,enet:pooled
2010-04,0.005577006615825284,0.004257328402575735,0.659839106624774,enet:pooled
2010-05,0.00447368633818535,0.0032707346409628145,0.6014758486112678,enet:pooled
2010-06,0.007604397779380697,0.006477021450010897,0.5636881646848996,enet:pooled
2010-07,-0.0006268662954514712,-0.0016258426710744787,0.49948818781150367,enet:pooled
2010-08,0.0033855763137165622,0.002132971802579249,0.6263022555686565,enet:pooled
2010-09,0.0018889484930154623,0.0006570185841745918,0.6159649544204352,enet:pooled
2010-10,0.006025310595056216,0.004767903392438695,0.6287036013087607,enet:pooled
2010-11,0.008664669244340022,0.0074937343013963395,0.5854674714718412,enet:pooled
2010-12,0.005298906965905128,0.004136791297065076,0.581057834420026,enet:pooled
2011-01,0.005195339215848815,0.004078469388717423,0.5584349135656956,enet:pooled
2011-02,-0.0013082250655091286,-0.00252352763965301,0.6076512870719407,enet:pooled
2011-03,5.8334723040519277e-05,-0.001136952615749531,0.5976436693950252,enet:pooled
2011-04,0.007356595762831971,0.006209834007854138,0.5733808774889165,enet:pooled
2011-05,0.00423481548275913,0.0032182699053625134,0.5082727886983078,enet:pooled
2011-06,0.004417788124881334,0.0033927214457930227,0.5125333395441556,enet:pooled
2011-07,0.006018326886606136,0.005090829783795622,0.463748551405257,enet:pooled
2011-08,0.008505333054604505,0.00760238883623486,0.4514721091848222,enet:pooled
2011-09,0.011668211392891443,0.010725962495420868,0.4711244487352868,enet:pooled
2011-10,-0.0070324313658287185,-0.008069010312064615,0.5182894731179495,enet:pooled
2011-11,0.0033155457633264607,0.0019973060626541188,0.6591198503361708,enet:pooled
2011-12,0.004134965184213884,0.0028663529244437624,0.6343061298850606,enet:pooled
2012-01,-0.017720782466719015,-0.018588768784436233,0.43399315885860756,enet:pooled
2012-02,-0.0020305076414725257,-0.0032234555984750842,0.5964739785012794,enet:pooled
2012-03,0.008148017228446127,0.007018675508185667,0.5646708601302293,enet:pooled
2012-04,0.004944469927801197,0.003967801735145179,0.4883340963280091,enet:pooled
2012-05,0.0096923880260571,0.008811541490340823,0.44042326785813973,enet:pooled
2012-06,0.005193029460374284,0.004345538729491551,0.4237453654413668,enet:pooled
2012-07,0.006469102174765403,0.005578479273738532,0.4453114505134354,enet:pooled
2012-08,0.005327172597469957,0.004467292819966221,0.4299398887518682,enet:pooled
2012-09,-0.0010985949951986245,-0.001929442046035302,0.4154235254183389,enet:pooled
2012-10,0.0024042346274857633,0.0014425048936582273,0.4808648669137682,enet:pooled
2012-11,0.00701024788080837,0.006095049148316217,0.45759936624607583,enet:pooled
2012-12,-0.002520538858328097,-0.003360481665945806,0.4199714038088545,enet:pooled
2013-01,0.003062374739404077,0.0020690240782289095,0.49667533058758384,enet:pooled
2013-02,0.0038710425135186875,0.0028942688009398437,0.4883868562894221,enet:pooled
2013-03,0.00841774184763057,0.007550608243098837,0.43356680226586647,enet:pooled
2013-04,0.008685972658952436,0.007940828810471952,0.37257192424024177,enet:pooled
2013-05,0.0030623047487113356,0.0022693348726306093,0.3964849380403633,enet:pooled
2013-06,0.0036876307589003,0.0026734374069678135,0.5070966759662433,enet:pooled
2013-07,0.009333142424612821,0.008316642618214923,0.508249903198949,enet:pooled
2013-08,-0.0007741121030314595,-0.0017985117300982137,0.5121998135333768,enet:pooled
2013-09,-0.004534006911605234,-0.005661202555950663,0.5635978221727143,enet:pooled
2013-10,-0.0009857943743854577,-0.002007872273627103,0.5110389496208225,enet:pooled
2013-11,-0.00019135386368682397,-0.0011288051996846088,0.4687256679988923,enet:pooled
2013-12,0.003925883963103957,0.0030851285270297236,0.4203777180371166,enet:pooled
2014-01,0.0012643123939516225,0.0005310621941434896,0.36662509990406655,enet:pooled
2014-02,0.004918168773028018,0.004026687262679583,0.4457407551742174,enet:pooled
2014-03,0.001247843777127969,0.0003735194512789506,0.4371621629245092,enet:pooled
2014-04,0.0005263850150565129,-0.0004272799202305876,0.4768324676435501,enet:pooled
2014-05,-0.0009799281411310113,-0.0019467876699256564,0.4834297643973225,enet:pooled
2014-06,0.0035739340889036765,0.002595610944189426,0.4891615723571254,enet:pooled
2014-07,0.0012698134521596112,0.000353991781853611,0.45791083515300013,enet:pooled
2014-08,0.002669546838809,0.0017577108530190905,0.455917992894955,enet:pooled
2014-09,-0.0019866073563571205,-0.002837631896374002,0.4255122700084408,enet:pooled
2014-10,0.002779952687769371,0.0019343097041330621,0.4228214918181544,enet:pooled
2014-11,0.008162552877976613,0.007314662270093183,0.42394530394171603,enet:pooled
2014-12,0.012188893829144603,0.011392449366789651,0.39822223117747535,enet:pooled
2015-01,0.005475999343013411,0.00468773977191033,0.39412978555154116,enet:pooled
2015-02,-0.00021521196574650662,-0.00115202929934349,0.46840866679849175,enet:pooled
2015-03,0.004707472569437706,0.0037344242318065666,0.4865241688155701,enet:pooled
2015-04,-0.01005192679821535,-0.011001254777,0.4746639893923241,enet:pooled
2015-05,0.0004060003508662027,-0.0007904330314388827,0.5982166911525427,enet:pooled
2015-06,0.0031412103924168063,0.0020156308533659374,0.5627897695254348,enet:pooled
2015-07,0.00813609455877177,0.007304123611688945,0.41598547354141224,enet:pooled
2015-08,0.007368562320184811,0.006525115525673364,0.421723397255724,enet:pooled
2015-09,0.004032254068412023,0.0031624659611245976,0.4348940536437127,enet:pooled
2015-10,-0.0037876197221034685,-0.004701185684850111,0.45678298137332135,enet:pooled
2015-11,0.0024598495032215526,0.0014693387282418617,0.4952553874898455,enet:pooled
2015-12,0.00017744969832715396,-0.0008065823268389636,0.492016012583059,enet:pooled
2016-01,0.002586704149299945,0.0016494301824867056,0.4686369834066196,enet:pooled
2016-02,-0.0003314427586338706,-0.0012496736169331137,0.4591154291496218,enet:pooled
2016-03,-0.0066208378278180165,-0.007607354924339169,0.4932585482605759,enet:pooled
2016-04,0.0034191221438622057,0.002355272321226345,0.5319249113179305,enet:pooled
2016-05,0.0024831855407085415,0.0015124727372989033,0.4853564017048192,enet:pooled
2016-06,-0.0014737527295739978,-0.002413094136465762,0.4696707034458818,enet:pooled
2016-07,0.000273687830278336,-0.0005572351403278055,0.41546148530307053,enet:pooled
2016-08,0.005852507468811951,0.004927123028691182,0.46269222006038485,enet:pooled
2016-09,0.00606387712352544,0.0052408140888560535,0.41153151733469345,enet:pooled
2016-10,0.0017092359224732485,0.0010643261466541808,0.32245488790953386,enet:pooled
2016-11,-0.002902802207469475,-0.0037120360060166864,0.40461689927360545,enet:pooled
2016-12,0.0009029419506614847,-4.532294347954051e-05,0.47413244707051255,enet:pooled
2017-01,0.0034640691230673677,0.0026077905589005313,0.42813928208341834,enet:pooled
2017-02,-0.0009523300935643513,-0.0018642001030423072,0.455935004738978,enet:pooled
2017-03,0.003048070497366778,0.0021844004220664946,0.4318350376501415,enet:pooled
2017-04,-0.0001335221512818736,-0.0009648233911326821,0.41565061992540436,enet:pooled
2017-05,0.005332501758894246,0.0045492049864753956,0.39164838620942544,enet:pooled
2017-06,0.0003131459654297129,-0.0005656549533301513,0.43940045937993205,enet:pooled
2017-07,0.002854879863917708,0.00204381469904569,0.4055325824360088,enet:pooled
2017-08,0.0032009670215150123,0.002341817115597542,0.42957495295873505,enet:pooled
2017-09,0.001724330103830443,0.0009901631597407294,0.3670834720448569,enet:pooled
2017-10,0.003556739797245562,0.002815241803010986,0.37074899711728776,enet:pooled
2017-11,0.0023031493494564494,0.0014376823178616231,0.4327335157974132,enet:pooled
2017-12,0.0029359831169111492,0.0020351294903966327,0.45042681325725825,enet:pooled
2018-01,0.004889218952841302,0.003973248593640554,0.45798517960037377,enet:pooled
2018-02,0.0025921024119664824,0.0016166756106082984,0.48771340067909175,enet:pooled
2018-03,0.003659939795469698,0.002767056583987966,0.4464416057408658,enet:pooled
2018-04,0.0010866926708446622,0.00029229891265165577,0.3971968790965031,enet:pooled
2018-05,0.0035665614894094966,0.002649370796693042,0.45859534635822746,enet:pooled
2018-06,0.003026286368114595,0.0020869259861966724,0.46968019095896096,enet:pooled
2018-07,0.0035176805146827366,0.0026742199123226365,0.4217303011800501,enet:pooled
2018-08,0.004409195058612855,0.0035706606946709074,0.4192671819709739,enet:pooled
2018-09,0.01305392446186496,0.012213798366850787,0.42006304750708645,enet:pooled
2018-10,0.003406565793711167,0.0026273047361916493,0.38963052875975906,enet:pooled
2018-11,-0.0030309135987968846,-0.0038743454559513548,0.42171592857723544,enet:pooled
2018-12,0.0033687489719365763,0.002320151569282907,0.5242987013268346,enet:pooled
2019-01,-0.0005839105950552412,-0.0014253432200959438,0.42071631252035124,enet:pooled
2019-02,-0.005096767239536746,-0.006068815807774098,0.48602428411867554,enet:pooled
2019-03,0.004744090466429853,0.0038286575876187276,0.45771643940556284,enet:pooled
2019-04,0.001823323223211172,0.0010972740714587364,0.3630245758762178,enet:pooled
2019-05,0.0019514193721263853,0.00115648332566157,0.39746802323240754,enet:pooled
2019-06,0.003351272559886502,0.0024504848327703142,0.4503938635580935,enet:pooled
2019-07,0.0058248370396058015,0.004996776745298414,0.414030147153694,enet:pooled
2019-08,0.0032540923478111953,0.0024995837704945333,0.377254288658331,enet:pooled
2019-09,-0.002283321572192855,-0.0030883814173192016,0.4025299225631734,enet:pooled
2019-10,0.0017566841854915458,0.0008536702873555847,0.45150694906798067,enet:pooled
2019-11,0.0016634711779278679,0.0008599207050735861,0.4017752364271408,enet:pooled
2019-12,0.004929906855950617,0.004064708614180092,0.4325991208852624,enet:pooled
2020-01,0.004604162434802488,0.003887451306597615,0.3583555641024365,enet:pooled
2020-02,0.008055772235489745,0.007277434718381057,0.3891687585543441,enet:pooled
2020-03,0.013802989821885818,0.013054380964191044,0.3743044288473855,enet:pooled
2020-04,-0.0162276875984511,-0.017402663228306022,0.5874878149274604,enet:pooled
2020-05,-0.00140123747505673,-0.0029974336849200576,0.7980981049316637,enet:pooled
2020-06,-0.004409057356326061,-0.005643102910272463,0.6170227769732013,enet:pooled
2020-07,0.004609543012661649,0.0034663325637528065,0.5716052244544213,enet:pooled
2020-08,0.0005465469193146398,-0.0005611545159109165,0.5538507176127782,enet:pooled
2020-09,-0.0032131600308641195,-0.004303664829533041,0.5452523993344605,enet:pooled
2020-10,0.002609231789558174,0.0015178719452777695,0.5456799221402023,enet:pooled
2020-11,-0.023650823278384484,-0.024587646256995888,0.4684114893057015,enet:pooled
2020-12,0.0007712948902840299,-0.0007331580666120022,0.7522264784480158,enet:pooled
2021-01,0.0021208214209956487,0.0008358262214315332,0.6424975997820576,enet:pooled
2021-02,0.0011301352293588973,5.6679911569593434e-05,0.5367276588946519,enet:pooled
2021-03,0.006021878417522567,0.004912382704012837,0.5547478567548655,enet:pooled
2021-04,0.004660864787552204,0.003692571363052037,0.4841467122500832,enet:pooled
2021-05,0.0032125660126634888,0.002156466308179671,0.5280498522419089,enet:pooled
2021-06,-0.0040571881690608606,-0.005069691660932366,0.5062517459357532,enet:pooled
2021-07,0.0038150171364356956,0.002836488786375964,0.48926417502986547,enet:pooled
2021-08,-0.0007603621313002933,-0.0016760233237835198,0.4578305962416136,enet:pooled
2021-09,0.00733589415771067,0.00635823312609162,0.48883051580952414,enet:pooled
2021-10,0.0016466093730556298,0.000745479590938737,0.4505648910584467,enet:pooled
2021-11,0.005125340078482445,0.004235684258710146,0.4448279098861491,enet:pooled
2021-12,0.009013112723640972,0.00796798590386933,0.5225634098858204,enet:pooled
2022-01,0.011454166563857964,0.010631652178345647,0.41125719275615824,enet:pooled
2022-02,0.008216358734323047,0.007432550966920069,0.39190388370148843,enet:pooled
2022-03,0.00874762594693579,0.007890455873472483,0.4285850367316529,enet:pooled
2022-04,0.010770692338622963,0.00998580733894715,0.3924424998379072,enet:pooled
2022-05,0.003966750267568439,0.0031911542323590845,0.38779801760467814,enet:pooled
2022-06,0.001365145204081957,0.0005106109160820944,0.4272671439999311,enet:pooled
2022-07,-0.004730804424664912,-0.005605584997935889,0.43739028663548846,enet:pooled
2022-08,-0.0012932398336879098,-0.0021978085369447078,0.4522843516283989,enet:pooled
2022-09,0.006124131541237755,0.005303841713214881,0.41014491401143705,enet:pooled
2022-10,0.005075392836071074,0.004271152533080174,0.40212015149544933,enet:pooled
2022-11,-0.005705513898756892,-0.006586937850087104,0.44071197566510545,enet:pooled
2022-12,0.005472603372686046,0.004481775194362431,0.49541408916180724,enet:pooled
2023-01,0.0010797537587824576,0.00023751224292197775,0.42112075793023995,enet:pooled
2023-02,0.006238182149300716,0.005400633201206632,0.418774474047042,enet:pooled
2023-03,0.0034226608156360558,0.002737794190189141,0.34243331272345817,enet:pooled
2023-04,-0.0006050304662544665,-0.0014138957858680424,0.40443265980678783,enet:pooled
2023-05,-0.0019023336091898461,-0.0026424459889673817,0.37005618988876776,enet:pooled
2023-06,0.001979933205291141,0.0012027446091164861,0.3885942980873272,enet:pooled
2023-07,0.003711301124774576,0.002881575007542175,0.4148630586162004,enet:pooled
2023-08,0.0016613626735550119,0.00081964755709729,0.42085755822886084,enet:pooled
2023-09,0.009792648081893111,0.00899747211531812,0.39758798328749534,enet:pooled
2023-10,0.007723735965401793,0.007055930061388149,0.3339029520068225,enet:pooled
2023-11,-0.008322584134401432,-0.009068127930234303,0.3727718979164349,enet:pooled
2023-12,0.00360230832474213,0.0026846176048205763,0.45884535996077697,enet:pooled
2024-01,0.009197269060864132,0.008389941933973634,0.4036635634452493,enet:pooled
2024-02,6.695013515670366e-05,-0.0007629981823062425,0.4149741587314729,enet:pooled
2024-03,0.0036859614532707076,0.002816047071302912,0.43495719098389823,enet:pooled
2024-04,7.195807138102693e-06,-0.0008387222696749481,0.42295903840652554,enet:pooled
2024-05,0.001843216845089747,0.0010156048735360287,0.4138059857768593,enet:pooled
2024-06,4.328660181870316e-05,-0.0007574391371453063,0.4003628694820048,enet:pooled
2024-07,0.000515094578512263,-0.0002731540077617084,0.3941242931369857,enet:pooled
2024-08,0.003020688339041369,0.0022248857419236885,0.3979012985588401,enet:pooled
2024-09,0.00038332700528501845,-0.000394949471912313,0.38913823859866575,enet:pooled
2024-10,0.0038982051234549868,0.0030794928188182928,0.4093561523183469,enet:pooled
2024-11,0.009700610610773121,0.008893270476552105,0.40367006711050846,enet:pooled
2024-12,0.0018946647165391404,0.0010835076344910854,0.4055785410240275,enet:pooled
2025-01,0.0014421184622056965,0.0007531882715039479,0.3444650953508745,enet:pooled
2025-02,0.0042054948344942686,0.003398266468684555,0.40361418290485657,enet:pooled
2025-03,0.005813887556199947,0.005068427209840364,0.3727301731797917,enet:pooled
2025-04,-0.0024960979238172307,-0.003228468731030394,0.36618540360658175,enet:pooled
2025-05,-0.0010381422228430764,-0.0018671046831346904,0.4144812301458071,enet:pooled
2025-06,-0.0013872870112983373,-0.002185682609776691,0.3991977992391767,enet:pooled
2025-07,-0.0007852931587729699,-0.00148852666204122,0.3516167516341249,enet:pooled
2025-08,0.0020618022230941757,0.0012421758349821252,0.4098131940560252,enet:pooled
2025-09,0.003974840716386243,0.003120679579640927,0.42708056837265806,enet:pooled
2025-10,0.008838211570216218,0.007997968167890552,0.42012170116283337,enet:pooled
2025-11,0.0019898293369406306,0.001094355302352979,0.44773701729382565,enet:pooled
2025-12,0.00962620559525811,0.00876731975955358,0.42944291785226535,enet:pooled
2001-01,-0.010171907595869372,-0.010171907595869372,0.0,gbrt:dm_only
2001-02,0.006846965755266387,0.0045255134459214665,1.1607261546724599,gbrt:dm_only
2001-03,0.023192179871945936,0.020957308725262552,1.1174355733416914,gbrt:dm_only
2001-04,0.0017742086966018081,-0.00018646867925917535,0.9803386879304916,gbrt:dm_only
2001-05,0.012435329455345258,0.010345984441196308,1.044672507074475,gbrt:dm_only
2001-06,-0.0048008959097099535,-0.006563669799068127,0.8813869446790867,gbrt:dm_only
2001-07,0.017594521164343315,0.01566464314115935,0.9649390115919826,gbrt:dm_only
2001-08,-0.005882573599938288,-0.007691742635875356,0.9045845179685348,gbrt:dm_only
2001-09,0.007380492778778005,0.005303114711360209,1.038689033708898,gbrt:dm_only
2001-10,-0.011044956324956052,-0.013024225931290578,0.989634803167264,gbrt:dm_only
2001-11,0.007476898008628933,0.005117948031436461,1.1794749885962363,gbrt:dm_only
2001-12,0.01049562854421549,0.00833760105597586,1.079013744119816,gbrt:dm_only
2002-01,0.0014811884237097431,-0.0006148226431115196,1.0480055334106313,gbrt:dm_only
2002-02,0.008720266051597765,0.007102189824090663,0.8090381137535514,gbrt:dm_only
2002-03,0.012399498472562184,0.010977731366026333,0.7108835532679253,gbrt:dm_only
2002-04,0.010676991153897605,0.009276306485156682,0.7003423343704616,gbrt:dm_only
2002-05,0.007489490086901281,0.006125534895986116,0.6819775954575831,gbrt:dm_only
2002-06,0.011800292091540685,0.010562923352278037,0.6186843696313247,gbrt:dm_only
2002-07,0.003911024798856202,0.002712103335559791,0.5994607316482051,gbrt:dm_only
2002-08,-0.0009634324226873208,-0.002314120541908543,0.6753440596106111,gbrt:dm_only
2002-09,0.013284464611013786,0.01188728222613717,0.6985911924383067,gbrt:dm_only
2002-10,-0.00013248196820297062,-0.0014106951955119144,0.6391066136544715,gbrt:dm_only
2002-11,-0.0022097963185875587,-0.003773892172492798,0.7820479269526196,gbrt:dm_only
2002-12,0.0010663821709360718,-0.0002809905093022836,0.6736863401191776,gbrt:dm_only
2003-01,-0.0013284423590055965,-0.0025919889608582727,0.6317733009263379,gbrt:dm_only
2003-02,0.0058454148818511634,0.004815538149940043,0.5149383659555594,gbrt:dm_only
2003-03,0.01078653535739776,0.009921484635612833,0.43252536089246346,gbrt:dm_only
2003-04,-0.004915070674073802,-0.005613772725009224,0.3493510254677112,gbrt:dm_only
2003-05,-0.0013269492996712136,-0.0024720566534469288,0.5725536768878579,gbrt:dm_only
2003-06,0.005303399451860246,0.004137000144308991,0.5831996537756272,gbrt:dm_only
2003-07,0.01023019927911469,0.009012530394048248,0.6088344425332213,gbrt:dm_only
2003-08,0.004234328172068741,0.0030183553609645026,0.6079864055521191,gbrt:dm_only
2003-09,0.0029496255611859063,0.0016558981688715247,0.6468636961571907,gbrt:dm_only
2003-10,0.013769368061020191,0.01249229768565344,0.6385351876833766,gbrt:dm_only
2003-11,0.0009078283943233826,-0.00035904989340892655,0.6334391438661546,gbrt:dm_only
2003-12,0.009011592034074407,0.007814337162511408,0.5986274357814996,gbrt:dm_only
2004-01,-0.007817962305997957,-0.009089898939890675,0.6359683169463589,gbrt:dm_only
2004-02,0.0025402235720953627,0.001123770149290423,0.70822671140247,gbrt:dm_only
2004-03,0.002202125875563658,0.0009806757434522079,0.6107250660557253,gbrt:dm_only
2004-04,0.0012892735083095683,-1.1110341325420341e-05,0.6501919248174944,gbrt:dm_only
2004-05,-0.0017279736617397603,-0.0030106270301964175,0.6413266842283286,gbrt:dm_only
2004-06,0.003530447812370989,0.0022740829511018502,0.6281824306345692,gbrt:dm_only
2004-07,0.0055959552577787355,0.004401810625655099,0.5970723160618185,gbrt:dm_only
2004-08,0.0038327437041334967,0.0028420943655345955,0.49532466929945057,gbrt:dm_only
2004-09,0.006074883296955419,0.005037404316694774,0.518739490130322,gbrt:dm_only
2004-10,0.012664351483258587,0.011496347925366992,0.5840017789457971,gbrt:dm_only
2004-11,0.005840447867916859,0.0048062545656876315,0.5170966511146138,gbrt:dm_only
2004-12,0.010049319054231426,0.008996166037904051,0.5265765081636874,gbrt:dm_only
2005-01,-0.0005047433687397615,-0.001584025277161013,0.5396409542106257,gbrt:dm_only
2005-02,0.009617012259133109,0.00869088758983332,0.46306233464989377,gbrt:dm_only
2005-03,0.009487408348000582,0.008527011683462427,0.4801983322690782,gbrt:dm_only
2005-04,0.0161544881543115,0.01518245872409841,0.48601471510654454,gbrt:dm_only
2005-05,-0.013405924514866916,-0.01422324768743769,0.4086615862853862,gbrt:dm_only
2005-06,0.004765432208836559,0.003588262433741809,0.5885848875473747,gbrt:dm_only
2005-07,0.005341319778571809,0.004412153480677159,0.464583148947325,gbrt:dm_only
2005-08,-0.0018302978679449492,-0.0028844462850287104,0.5270742085418805,gbrt:dm_only
2005-09,0.00626167193189495,0.005095839548555515,0.5829161916697178,gbrt:dm_only
2005-10,0.0005328500172127113,-0.00045807296505710705,0.49546149113490917,gbrt:dm_only
2005-11,-0.002001543801527732,-0.0029831304332786014,0.4907933158754348,gbrt:dm_only
2005-12,-0.0025434329007310783,-0.0037203699486449485,0.5884685239569354,gbrt:dm_only
2006-01,-0.003599850188039165,-0.0047268726960563645,0.5635112540085994,gbrt:dm_only
2006-02,0.004216293236829154,0.002758964462356767,0.7286643872361935,gbrt:dm_only
2006-03,0.012701859143247837,0.011433039521089207,0.6344098110793149,gbrt:dm_only
2006-04,0.009462910499313866,0.008208245140906146,0.6273326792038606,gbrt:dm_only
2006-05,-0.003441154908715329,-0.0047297063879995814,0.6442757396421265,gbrt:dm_only
2006-06,0.009688593477066226,0.008601689798027931,0.5434518395191472,gbrt:dm_only
2006-07,-0.0021732201585588583,-0.003487470067568138,0.65712495450464,gbrt:dm_only
2006-08,-0.007004787516118084,-0.008256167081514743,0.6256897826983284,gbrt:dm_only
2006-09,0.004786466449073206,0.003370766749935033,0.7078498495690869,gbrt:dm_only
2006-10,0.0007251647840063175,-0.00043673250840540155,0.5809486462058596,gbrt:dm_only
2006-11,0.009643835071327647,0.008469361197609927,0.5872369368588605,gbrt:dm_only
2006-12,-0.00017425552331153276,-0.0012819933804676974,0.5538689285780825,gbrt:dm_only
2007-01,0.00815161552071709,0.006870154105454763,0.6407307076311636,gbrt:dm_only
2007-02,-0.0004966189457813195,-0.0017374257552738694,0.620403404746275,gbrt:dm_only
2007-03,0.007027744145361634,0.005863634734060885,0.582054705650374,gbrt:dm_only
2007-04,0.008228963031679937,0.007144318119677422,0.5423224560012581,gbrt:dm_only
2007-05,0.004080516700418621,0.0029792383414535403,0.5506391794825403,gbrt:dm_only
2007-06,-0.004416838594728272,-0.005708765410638479,0.6459634079551032,gbrt:dm_only
2007-07,-0.001280162062787994,-0.0026161030337606937,0.66797048548635,gbrt:dm_only
2007-08,-0.0009081662411965346,-0.0023425429652790862,0.7171883620412758,gbrt:dm_only
2007-09,0.0026836315739166778,0.001353753342003745,0.6649391159564664,gbrt:dm_only
2007-10,0.014155222957555776,0.01288154961486013,0.6368366713478236,gbrt:dm_only
2007-11,0.0021621900141428193,0.0009239520018711169,0.619119006135851,gbrt:dm_only
2007-12,0.005530046936795226,0.00413868775682792,0.695679589983653,gbrt:dm_only
2008-01,0.0015397633771445127,0.0003304886557040438,0.6046373607202342,gbrt:dm_only
2008-02,-0.0014360204715651978,-0.0028232200928294485,0.6935998106321255,gbrt:dm_only
2008-03,0.002595609833458409,0.0013342735035975707,0.6306681649304193,gbrt:dm_only
2008-04,0.004667872827573,0.003425609376974112,0.6211317252994443,gbrt:dm_only
2008-05,-0.0005811501015769051,-0.0019624251301669877,0.6906375142950413,gbrt:dm_only
2008-06,0.010121991625534826,0.00890055478262627,0.6107184214542773,gbrt:dm_only
2008-07,-0.009035617237775016,-0.010165815582163375,0.5650991721941797,gbrt:dm_only
2008-08,0.00770800258224783,0.006216869729010092,0.7455664266188692,gbrt:dm_only
2008-09,0.012468655007046426,0.01140181587233776,0.5334195673543329,gbrt:dm_only
2008-10,0.031332648265067015,0.030132948773117063,0.599849745974975,gbrt:dm_only
2008-11,0.01874365228626334,0.017584829110935504,0.5794115876639173,gbrt:dm_only
2008-12,-0.00285169094880541,-0.0038877121777179877,0.5180106144562886,gbrt:dm_only
2009-01,0.002334091428395858,0.0011804587873245132,0.5768163205356728,gbrt:dm_only
2009-02,0.009347656760865257,0.008087814582246798,0.6299210893092284,gbrt:dm_only
2009-03,-0.008660474234562345,-0.009661821008071144,0.5006733867543995,gbrt:dm_only
2009-04,-0.02277097077885085,-0.024048224836988333,0.6386270290687404,gbrt:dm_only
2009-05,0.006082475341755312,0.004349806354336693,0.8663344937093096,gbrt:dm_only
2009-06,-0.004736010928550628,-0.006534659503514809,0.8993242874820911,gbrt:dm_only
2009-07,0.00681731626356285,0.00504066005185624,0.8883281058533048,gbrt:dm_only
2009-08,0.0020896820632521984,0.0004821549530183024,0.803763555116948,gbrt:dm_only
2009-09,0.006874743398034936,0.005302764708183011,0.7859893449259623,gbrt:dm_only
2009-10,0.00194151788686626,0.0004587880831314797,0.7413649018673901,gbrt:dm_only
2009-11,0.0015148869521517587,5.9939251070850914e-05,0.7274738505404539,gbrt:dm_only
2009-12,-0.0035754432090604918,-0.004914332708804239,0.6694447498718734,gbrt:dm_only
2010-01,0.0034606327531221666,0.0019377698729690813,0.7614314400765423,gbrt:dm_only
2010-02,-0.0009196583030011046,-0.002329518888843349,0.704930292921122,gbrt:dm_only
2010-03,-0.004199462072278116,-0.0057072386146273,0.7538882711745919,gbrt:dm_only
2010-04,0.004540839469707055,0.0030773803115397274,0.7317295790836634,gbrt:dm_only
2010-05,0.004015890287474896,0.0024780482634827773,0.7689210119960592,gbrt:dm_only
2010-06,0.006932911633635578,0.005741065901711579,0.5959228659619998,gbrt:dm_only
2010-07,-0.0004885404029749215,-0.001500176033695557,0.5058178153603177,gbrt:dm_only
2010-08,0.0030792738123017723,0.001825232028400089,0.6270208919508415,gbrt:dm_only
2010-09,0.0020530402475595327,0.0007953557268454979,0.6288422603570177,gbrt:dm_only
2010-10,0.006191713504433349,0.0050346903921062005,0.5785115561635741,gbrt:dm_only
2010-11,0.009139722978219317,0.008035402230063288,0.5521603740780147,gbrt:dm_only
2010-12,0.007850454963416393,0.006780468550461453,0.5349932064774697,gbrt:dm_only
2011-01,0.0028696755104856155,0.001809959199466151,0.529858155509732,gbrt:dm_only
2011-02,-0.0004421430474546525,-0.0016333052613485245,0.595581106946936,gbrt:dm_only
2011-03,0.00012313018549619094,-0.0009465769865131771,0.534853586004684,gbrt:dm_only
2011-04,0.008360535178141424,0.0072580639525790065,0.5512356127812081,gbrt:dm_only
2011-05,0.0044361285276166154,0.0035144409150628967,0.46084380627685917,gbrt:dm_only
2011-06,0.0043768310895921075,0.0034592108857584396,0.45881010191683413,gbrt:dm_only
2011-07,0.008004647160474887,0.007159927212531861,0.42235997397151287,gbrt:dm_only
2011-08,0.00996137889795487,0.009106511157219268,0.42743387036780073,gbrt:dm_only
2011-09,0.010197769621809608,0.009339975361804732,0.42889713000243856,gbrt:dm_only
2011-10,-0.008043275646811773,-0.009036027323154486,0.4963758381713561,gbrt:dm_only
2011-11,0.007838723075795102,0.006613486694417813,0.6126181906886443,gbrt:dm_only
2011-12,0.0033179028905556255,0.002207146301790101,0.555378294382762,gbrt:dm_only
2012-01,-0.018426871372796257,-0.019376289650072865,0.474709138638304,gbrt:dm_only
2012-02,-0.0028441084493827365,-0.0040691089598115645,0.6125002552144143,gbrt:dm_only
2012-03,0.0072695933165141495,0.006093298071543937,0.5881476224851069,gbrt:dm_only
2012-04,0.006586912124352706,0.005499957534122788,0.5434772951149587,gbrt:dm_only
2012-05,0.00539775753610404,0.004279876659654221,0.5589404382249096,gbrt:dm_only
2012-06,0.004973429493728107,0.004081751592682477,0.4458389505228151,gbrt:dm_only
2012-07,0.007970371773367813,0.0070277580330937025,0.4713068701370547,gbrt:dm_only
2012-08,0.005867481702609386,0.005025258479788307,0.4211116114105402,gbrt:dm_only
2012-09,-0.0001396215475497671,-0.001031792363198842,0.4460854078245375,gbrt:dm_only
2012-10,0.0024858054742429676,0.001468442040025777,0.5086817171085953,gbrt:dm_only
2012-11,0.007242526058220765,0.006260848630778153,0.4908387137213052,gbrt:dm_only
2012-12,-0.0023638420348698025,-0.003286262429916358,0.46121019752327785,gbrt:dm_only
2013-01,0.0030746699948103902,0.0020869585460192496,0.49385572439557024,gbrt:dm_only
2013-02,0.004766440614019697,0.003732989498832022,0.5167255575938376,gbrt:dm_only
2013-03,0.008427417834370227,0.007499498537188685,0.4639596485907708,gbrt:dm_only
2013-04,0.011352213837261723,0.010520725122174633,0.41574435754354555,gbrt:dm_only
2013-05,0.004104242298456126,0.003284799135693908,0.4097215813811091,gbrt:dm_only
2013-06,0.0032030012955073014,0.002163714890193409,0.519643202656946,gbrt:dm_only
2013-07,0.008209194734297372,0.007095086898475924,0.5570539179107237,gbrt:dm_only
2013-08,-0.00012849626605921334,-0.0012580994823578257,0.5648016081493062,gbrt:dm_only
2013-09,-0.005723021221077731,-0.006878464259961702,0.577721519441985,gbrt:dm_only
2013-10,0.004312846275089949,0.0032473266878279214,0.5327597936310134,gbrt:dm_only
2013-11,0.00010346506009759182,-0.0009058050766306354,0.5046350683641135,gbrt:dm_only
2013-12,0.004577992638738368,0.0037011656776322222,0.4384134805530728,gbrt:dm_only
2014-01,0.002577558485392651,0.001770413975499867,0.4035722549463921,gbrt:dm_only
2014-02,0.005426753277596056,0.004445945401745042,0.4904039379255064,gbrt:dm_only
2014-03,0.0003415920571840904,-0.0005977912483309193,0.4696916527575047,gbrt:dm_only
2014-04,0.000498032532046785,-0.0005774095404530135,0.5377210362498993,gbrt:dm_only
2014-05,0.003960860176073459,0.0028686655577798235,0.5460973091468174,gbrt:dm_only
2014-06,0.004731032138591624,0.0037389460175999882,0.49604306049581803,gbrt:dm_only
2014-07,-0.0014801447208116151,-0.0025182233714443085,0.5190393253163468,gbrt:dm_only
2014-08,0.002578834915778592,0.001450760859238891,0.5640370282698507,gbrt:dm_only
2014-09,-0.000968115404538843,-0.0019303819673346168,0.48113328139788686,gbrt:dm_only
2014-10,0.0039590973021882475,0.0030189273965482806,0.4700849528199832,gbrt:dm_only
2014-11,0.00979617659433905,0.008822897501050963,0.4866395466440435,gbrt:dm_only
2014-12,0.014454409975439895,0.013573385766154139,0.44051210464287766,gbrt:dm_only
2015-01,0.0064266346236484025,0.005517637004199305,0.4544988097245486,gbrt:dm_only
2015-02,3.7535374862294714e-05,-0.0010489884018526619,0.5432618883574784,gbrt:dm_only
2015-03,0.008574824771405936,0.007477843822680857,0.5484904743625388,gbrt:dm_only
2015-04,-0.012190699257078481,-0.013245927012095232,0.527613877508375,gbrt:dm_only
2015-05,0.0004350135913646453,-0.0009440694211566964,0.6895415062606708,gbrt:dm_only
2015-06,0.004416319549815722,0.00315418226712582,0.6310686413449511,gbrt:dm_only
2015-07,0.010058380363385407,0.009123826007023897,0.4672771781807561,gbrt:dm_only
2015-08,0.00902701365987604,0.008077115248953002,0.4749492054615187,gbrt:dm_only
2015-09,0.0055644834675972425,0.004647715086316774,0.45838419064023406,gbrt:dm_only
2015-10,-0.005979751019798133,-0.0069607555888814825,0.490502284541675,gbrt:dm_only
2015-11,0.00413117854791399,0.00297471469072149,0.5782319285962503,gbrt:dm_only
2015-12,0.00010123783733788736,-0.0010280283489062358,0.5646330931220616,gbrt:dm_only
2016-01,0.0011432166661364696,0.00010915076952670783,0.5170329483048809,gbrt:dm_only
2016-02,-0.002936793123372063,-0.003997164060468769,0.530185468548353,gbrt:dm_only
2016-03,-0.008037871295845708,-0.009245821721800215,0.603975212977253,gbrt:dm_only
2016-04,0.0034250295309506537,0.0021464658589533175,0.6392818359986683,gbrt:dm_only
2016-05,0.002876627484738379,0.00175854551719032,0.5590409837740294,gbrt:dm_only
2016-06,-0.0013133356800904136,-0.0024039887484207994,0.5453265341651929,gbrt:dm_only
2016-07,-0.0012010177633621773,-0.0021959752378789407,0.4974787372583819,gbrt:dm_only
2016-08,0.004860515110886278,0.003744795350249983,0.5578598803181477,gbrt:dm_only
2016-09,0.004513613428109161,0.0035300618544232792,0.4917757868429408,gbrt:dm_only
2016-10,0.002235738287859188,0.0014147985979755405,0.41046984494182354,gbrt:dm_only
2016-11,-0.003763421620231068,-0.0047590221603860125,0.4978002700774718,gbrt:dm_only
2016-12,0.0005313065425474763,-0.0006484726442156081,0.5898895933815421,gbrt:dm_only
2017-01,0.0039048150558785525,0.0027814856015533538,0.5616647271625996,gbrt:dm_only
2017-02,0.0001715473341804575,-0.0009923310055674397,0.5819391698739486,gbrt:dm_only
2017-03,0.0010214608779098118,-6.560891518673764e-05,0.5435348965482747,gbrt:dm_only
2017-04,0.00045822615259965156,-0.0006128412075435253,0.5355336800715887,gbrt:dm_only
2017-05,0.004354274347738733,0.003342915856932893,0.5056792454029198,gbrt:dm_only
2017-06,0.0010690699440900236,-3.787779324271461e-05,0.5534738686663692,gbrt:dm_only
2017-07,0.002565879223073143,0.001573203224081657,0.49633799949574275,gbrt:dm_only
2017-08,0.0031634606903307863,0.0021069296763516925,0.528265506989547,gbrt:dm_only
2017-09,0.0006031844809069482,-0.0003250285930465776,0.4641065369767629,gbrt:dm_only
2017-10,0.0033919319523302346,0.002458299416757568,0.46681626778633306,gbrt:dm_only
2017-11,0.002106375102146498,0.0009958022515493211,0.5552864252985884,gbrt:dm_only
2017-12,0.003641078504166075,0.002561427356563285,0.5398255738013953,gbrt:dm_only
2018-01,0.00393244475138986,0.002768218006099871,0.5821133726449945,gbrt:dm_only
2018-02,0.0031696659997964864,0.00199081106960425,0.5894274650961184,gbrt:dm_only
2018-03,0.0027282546647300235,0.0016946656876155196,0.516794488557252,gbrt:dm_only
2018-04,0.0021327870761659743,0.0010935972221838399,0.519594926991067,gbrt:dm_only
2018-05,0.0033870224212603477,0.0023188984971869906,0.5340619620366783,gbrt:dm_only
2018-06,0.0028485607515314547,0.0017764901802974473,0.5360352856170033,gbrt:dm_only
2018-07,0.004075154144869419,0.0031158271958849236,0.47966347449224744,gbrt:dm_only
2018-08,0.0056796356822137895,0.004700278930240143,0.4896783759868235,gbrt:dm_only
2018-09,0.013767960609872593,0.012823789466052816,0.47208557190988903,gbrt:dm_only
2018-10,0.004376825501134021,0.0033744640895220362,0.5011807058059928,gbrt:dm_only
2018-11,-0.003525010865769188,-0.004585379438757594,0.530184286494203,gbrt:dm_only
2018-12,0.0052515648688541625,0.003989326083315115,0.6311193927695238,gbrt:dm_only
2019-01,-0.000335775895182375,-0.0013674611591786771,0.5158426319981512,gbrt:dm_only
2019-02,-0.006441614621419642,-0.00767275276412148,0.6155690713509189,gbrt:dm_only
2019-03,0.004522370830952371,0.0032996026904791543,0.6113840702366079,gbrt:dm_only
2019-04,0.0026708315674549487,0.0016767209984107944,0.49705528452207726,gbrt:dm_only
2019-05,0.003832843201532259,0.002797265874507804,0.5177886635122279,gbrt:dm_only
2019-06,0.0015313144212595025,0.0003364554331205879,0.5974294940694573,gbrt:dm_only
2019-07,0.006837420781671966,0.0057771429410722365,0.5301389202998649,gbrt:dm_only
2019-08,0.004403156677594657,0.0034301966605885317,0.4864800085030625,gbrt:dm_only
2019-09,-0.0027356102025097636,-0.0037574610879029234,0.5109254426965798,gbrt:dm_only
2019-10,0.0026307588178859694,0.001551836265889145,0.5394612759984121,gbrt:dm_only
2019-11,0.0011702928794544594,0.00016584797583757484,0.5022224518084425,gbrt:dm_only
2019-12,0.006423906494141447,0.005292047809226256,0.5659293424575955,gbrt:dm_only
2020-01,0.006497449391540075,0.005576340450066491,0.46055447073679256,gbrt:dm_only
2020-02,0.009017761168399216,0.008055338421977655,0.4812113732107804,gbrt:dm_only
2020-03,0.01609745447345896,0.01519456138380913,0.45144654482491403,gbrt:dm_only
2020-04,-0.01779220966301637,-0.019176656147740265,0.6922232423619467,gbrt:dm_only
2020-05,-0.001728548724216089,-0.0035240162148045596,0.8977337452942358,gbrt:dm_only
2020-06,-0.0027485563881720397,-0.004233382093632389,0.7424128527301748,gbrt:dm_only
2020-07,0.004030191750161659,0.0025552740332161995,0.7374588584727303,gbrt:dm_only
2020-08,-0.001997231392304275,-0.003342649683737843,0.6727091457167838,gbrt:dm_only
2020-09,-0.00298179486615055,-0.0043020013700320195,0.6601032519407348,gbrt:dm_only
2020-10,0.0010424005972166025,-0.00039250522126104537,0.7174529092388239,gbrt:dm_only
2020-11,-0.015907312912036405,-0.017121331115512593,0.6070091017380937,gbrt:dm_only
2020-12,0.008115530635118148,0.006220172541307681,0.9476790469052333,gbrt:dm_only
2021-01,0.0005236714264205338,-0.0011165669850838227,0.8201192057521781,gbrt:dm_only
2021-02,0.005030979616307273,0.0036111060055065546,0.7099368054003592,gbrt:dm_only
2021-03,0.006363959500112892,0.0047785069412991385,0.7927262794068763,gbrt:dm_only
2021-04,0.003753303380063974,0.0023361058757983407,0.7085987521328169,gbrt:dm_only
2021-05,0.004504181384536201,0.0030618007602293148,0.7211903121534428,gbrt:dm_only
2021-06,-0.0014362262420471443,-0.002780989886027231,0.6723818219900433,gbrt:dm_only
2021-07,0.0037659605650080964,0.0024187299870843575,0.6736152889618697,gbrt:dm_only
2021-08,-0.00304224932275704,-0.004360208927296827,0.6589798022698933,gbrt:dm_only
2021-09,0.006460998776128319,0.005016328014150932,0.7223353809886934,gbrt:dm_only
2021-10,0.0022213945830019425,0.0008335609697177871,0.693916806642078,gbrt:dm_only
2021-11,0.0015432709214673658,0.00023893890142188436,0.6521660100227403,gbrt:dm_only
2021-12,0.008575211788417093,0.007078914449821658,0.7481486692977172,gbrt:dm_only
2022-01,0.010357800742257724,0.009242330271676645,0.5577352352905399,gbrt:dm_only
2022-02,0.006996983946399085,0.005913706593145802,0.5416386766266417,gbrt:dm_only
2022-03,0.009558059780775445,0.008424201868368727,0.5669289562033589,gbrt:dm_only
2022-04,0.011828188172414954,0.010838202255104503,0.49499295865522536,gbrt:dm_only
2022-05,0.004462904117559637,0.0034808047899847895,0.4910496637874236,gbrt:dm_only
2022-06,0.0026041301469127737,0.0015291817839011327,0.5374741815058204,gbrt:dm_only
2022-07,-0.005074720898304358,-0.006240941277596884,0.5831101896462626,gbrt:dm_only
2022-08,-0.001608918902482325,-0.0027948741928949515,0.5929776452063129,gbrt:dm_only
2022-09,0.005555688936123419,0.004367392568947168,0.594148183588125,gbrt:dm_only
2022-10,0.006237297294254662,0.005104127078634563,0.5665851078100487,gbrt:dm_only
2022-11,-0.0074218867402771165,-0.008599120742497336,0.5886170011101103,gbrt:dm_only
2022-12,0.002214129446938413,0.0008761744064153744,0.6689775202615195,gbrt:dm_only
2023-01,0.0005434190651978703,-0.0007057450379383425,0.6245820515681063,gbrt:dm_only
2023-02,0.0068322535510466735,0.005679305698998243,0.5764739260242152,gbrt:dm_only
2023-03,0.0024316040002393745,0.001475849387801667,0.4778773062188533,gbrt:dm_only
2023-04,0.0007853287343626843,-0.0002561314789989125,0.5207301066807983,gbrt:dm_only
2023-05,-0.0016731207909948629,-0.002611745623529213,0.4693124162671751,gbrt:dm_only
2023-06,0.00228483361044385,0.0012340246680391349,0.5254044712023578,gbrt:dm_only
2023-07,0.0033002566498987894,0.0022055390305477057,0.5473588096755417,gbrt:dm_only
2023-08,0.002110072535396199,0.0011117994882927273,0.49913652355173554,gbrt:dm_only
2023-09,0.010534032503533675,0.009562015199582512,0.4860086519755818,gbrt:dm_only
2023-10,0.007476633710780557,0.0065382960094084305,0.46916885068606357,gbrt:dm_only
2023-11,-0.00823145562683422,-0.009226086169642406,0.49731527140409215,gbrt:dm_only
2023-12,0.0038641175498198466,0.0027480510611904113,0.5580332443147177,gbrt:dm_only
2024-01,0.010123740706523313,0.00908014693849109,0.5217968840161118,gbrt:dm_only
2024-02,0.0010299648319790434,9.683920998653361e-06,0.510140455490195,gbrt:dm_only
2024-03,0.00330933374905,0.0022989902527192044,0.5051717481653977,gbrt:dm_only
2024-04,0.00028055152486816817,-0.000737515061994109,0.5090332934311385,gbrt:dm_only
2024-05,0.002187534783513709,0.0012003063497056674,0.4936142169040209,gbrt:dm_only
2024-06,-0.0007339493311847318,-0.0017289142375450496,0.49748245318015893,gbrt:dm_only
2024-07,0.00047741254129401154,-0.00045521533429769437,0.46631393779585295,gbrt:dm_only
2024-08,0.0033604695727868544,0.0023992216034780444,0.48062398465440487,gbrt:dm_only
2024-09,0.00035400866666612503,-0.0005846024997125588,0.4693055831893419,gbrt:dm_only
2024-10,0.004869660018644253,0.0038921136345934026,0.48877319202542524,gbrt:dm_only
2024-11,0.010062313421894283,0.009085487916302397,0.48841275279594354,gbrt:dm_only
2024-12,0.0021920960015584415,0.0012392712730185957,0.47641236426992273,gbrt:dm_only
2025-01,0.001181542786565322,0.00029514464044606457,0.44319907305962863,gbrt:dm_only
2025-02,0.004810235540598926,0.003851992183679131,0.47912167845989767,gbrt:dm_only
2025-03,0.005793631873662958,0.0049280429702877595,0.4327944516875999,gbrt:dm_only
2025-04,-0.0014342098173636198,-0.0022529862207020302,0.40938820166920525,gbrt:dm_only
2025-05,-0.0007497307651969373,-0.0016961681604262485,0.4732186976146554,gbrt:dm_only
2025-06,-0.0004360905348888203,-0.0013576589951086828,0.4607842301099314,gbrt:dm_only
2025-07,-0.0013925263830586747,-0.0022001784791895007,0.4038260480654128,gbrt:dm_only
2025-08,0.003819523925238969,0.0028325319185740247,0.4934960033324723,gbrt:dm_only
2025-09,0.005737595704170676,0.004724556686833961,0.5065195086683575,gbrt:dm_only
2025-10,0.010807739426623246,0.009828402078193632,0.4896686742148058,gbrt:dm_only
2025-11,0.0015551763256897388,0.00047513120020343505,0.5400225627431521,gbrt:dm_only
2025-12,0.010163582794053279,0.009128336238865071,0.5176232775941038,gbrt:dm_only
2001-01,-0.007586263708838318,-0.007586263708838318,0.0,gbrt:own
2001-02,0.020128471063860127,0.018052273259498673,1.0380989021807274,gbrt:own
2001-03,0.016087642939741097,0.0138938337022801,1.0969046187304992,gbrt:own
2001-04,-0.0060479460908280346,-0.007901560192596793,0.9268070508843792,gbrt:own
2001-05,0.007526327569304351,0.00567683588188464,0.9247458437098558,gbrt:own
2001-06,0.0016435271347427507,-1.1047283260502232e-05,0.8272872090016266,gbrt:own
2001-07,0.010858943001293912,0.008973607043399806,0.9426679789470531,gbrt:own
2001-08,-0.007616071660568008,-0.009284498606199605,0.8342134728157994,gbrt:own
2001-09,0.009900064598691773,0.008068177610421964,0.9159434941349043,gbrt:own
2001-10,-0.003199345037986564,-0.004992840790048815,0.8967478760311253,gbrt:own
2001-11,-0.0003612374287496329,-0.002180348104548825,0.9095553378995956,gbrt:own
2001-12,0.010727032172312908,0.008758960153912984,0.9840360091999615,gbrt:own
2002-01,-0.005300553039123165,-0.007273643044870778,0.9865450028738059,gbrt:own
2002-02,0.005242702448534498,0.003937441701646948,0.6526303734437744,gbrt:own
2002-03,0.004435693924946244,0.0030494432068910076,0.693125359027618,gbrt:own
2002-04,0.0066888970727024275,0.005189080295645976,0.7499083885282258,gbrt:own
2002-05,0.005619194355539456,0.004061121881279999,0.7790362371297285,gbrt:own
2002-06,0.00440518368515296,0.003099715920625379,0.6527338822637908,gbrt:own
2002-07,-0.003410790900932186,-0.004649834497507615,0.6195217982877146,gbrt:own
2002-08,0.004756613699734018,0.0034276014675285,0.6645061161027589,gbrt:own
2002-09,0.009451361005033965,0.008316991899156653,0.5671845529386561,gbrt:own
2002-10,0.004732793965302648,0.0036980896092373224,0.5173521780326633,gbrt:own
2002-11,-0.0014263649256730199,-0.002791380995783231,0.6825080350551057,gbrt:own
2002-12,-0.0007485377303791096,-0.001983227263362027,0.6173447664914585,gbrt:own
2003-01,2.194538910281534e-05,-0.0010484415764844596,0.5351934827936375,gbrt:own
2003-02,0.004343378010959514,0.0032757058633804503,0.5338360737895317,gbrt:own
2003-03,0.004672110668834054,0.0035982901694870326,0.5369102496735114,gbrt:own
2003-04,0.0049235983689319895,0.004010819910487613,0.4563892292221884,gbrt:own
2003-05,0.0035230958467600375,0.002317769892616966,0.6026629770715359,gbrt:own
2003-06,0.0060928650458175245,0.004969356105998197,0.561754469909664,gbrt:own
2003-07,0.0049946926515146445,0.003990199216026252,0.5022467177441959,gbrt:own
2003-08,0.0017187180606714897,0.0006923788046700478,0.5131696280007209,gbrt:own
2003-09,0.0062743783563922306,0.0050923895231234015,0.5909944166344142,gbrt:own
2003-10,0.007147741276967191,0.006099405113499565,0.5241680817338132,gbrt:own
2003-11,0.0011489001297773074,0.0001632460593581009,0.4928270352096033,gbrt:own
2003-12,0.0022715915970788524,0.0012365956286479788,0.5174979842154368,gbrt:own
2004-01,-0.004794105839459856,-0.005838150657408086,0.5220224089741152,gbrt:own
2004-02,0.0023397423641307773,0.0011537406543235974,0.5930008549035898,gbrt:own
2004-03,0.003402786307614581,0.0023712354516549307,0.5157754279798252,gbrt:own
2004-04,0.001956287530621065,0.0010087144897715648,0.4737865204247502,gbrt:own
2004-05,-0.0011525532445006252,-0.0022367850275983397,0.542115891548857,gbrt:own
2004-06,0.004177573966943553,0.0031500078505749423,0.5137830581843056,gbrt:own
2004-07,0.005518906950449753,0.00457949807136222,0.4697044395437666,gbrt:own
2004-08,0.005689916906910917,0.004784076215238483,0.4529203458362169,gbrt:own
2004-09,0.0045640350082981175,0.003568370393931802,0.49783230718315746,gbrt:own
2004-10,0.007320344263302122,0.006456660389968248,0.43184193666693715,gbrt:own
2004-11,0.004964993279561319,0.004174334887321947,0.3953291961196863,gbrt:own
2004-12,0.006341250210867944,0.005257305411104629,0.5419723998816578,gbrt:own
2005-01,-0.0013069945438840109,-0.0025457880933881295,0.6193967747520591,gbrt:own
2005-02,0.01042129709953288,0.009337653928432893,0.5418215855499928,gbrt:own
2005-03,0.008188837716709132,0.007187510159840656,0.5006637784342385,gbrt:own
2005-04,0.013702212508423735,0.012864581345187007,0.418815581618364,gbrt:own
2005-05,-0.012823659305054178,-0.013547810622224108,0.3620756585849653,gbrt:own
2005-06,0.0019283342569860423,0.0008164766816127305,0.5559287876866558,gbrt:own
2005-07,0.009250028139433408,0.008290087982992578,0.4799700782204146,gbrt:own
2005-08,-0.0021192634161472904,-0.0030470475941117773,0.4638920889822433,gbrt:own
2005-09,0.0015413550864702519,0.0005327643033634067,0.5042953915534225,gbrt:own
2005-10,-0.000994975878544478,-0.001857721369571716,0.43137274551361887,gbrt:own
2005-11,-0.0014501023230047757,-0.002305627583779376,0.4277626303873001,gbrt:own
2005-12,-0.0015556903649069055,-0.002453080282844835,0.44869495896896466,gbrt:own
2006-01,-0.006092279580813094,-0.00703251657792846,0.4701184985576833,gbrt:own
2006-02,-0.004733572175764222,-0.0057666523759016255,0.5165401000687015,gbrt:own
2006-03,0.0011607718429445264,0.00027972356983696646,0.4405241365537803,gbrt:own
2006-04,0.002304084362485038,0.0013312586024321474,0.48641288002644534,gbrt:own
2006-05,-0.003203418978373246,-0.004094342163235492,0.44546159243112293,gbrt:own
2006-06,0.010532228780139943,0.009743383291049942,0.394422744545001,gbrt:own
2006-07,0.0018767809286035892,0.0008590865818689892,0.5088471733673,gbrt:own
2006-08,-0.005714154269737799,-0.006596235028858097,0.4410403795601491,gbrt:own
2006-09,-0.0017124579958470955,-0.002597241395935059,0.4423917000439819,gbrt:own
2006-10,0.0002805100852598025,-0.0005445800626953253,0.4125450739775639,gbrt:own
2006-11,0.00941831787189793,0.008557001461586571,0.43065820515567815,gbrt:own
2006-12,0.0005073477836089644,-0.00041810753407659607,0.46272765884278017,gbrt:own
2007-01,0.008559500170789295,0.0076274405533654326,0.46602980871193145,gbrt:own
2007-02,-0.0006233457684948719,-0.0016281698500168083,0.5024120407609683,gbrt:own
2007-03,0.009214516250891262,0.008265428774149859,0.4745437383707009,gbrt:own
2007-04,0.0029111727366672954,0.0020256495708090337,0.44276158292913076,gbrt:own
2007-05,0.0004655594692331744,-0.0005408459931279305,0.5032027311805523,gbrt:own
2007-06,-0.0005280519807018267,-0.0015666620572199392,0.519305038259056,gbrt:own
2007-07,-0.0001385148390627679,-0.0011744535324905664,0.517969346713899,gbrt:own
2007-08,0.00015631073552575394,-0.0008358836285218918,0.4960971820238229,gbrt:own
2007-09,0.002660175210762856,0.0016385991567966723,0.5107880269830917,gbrt:own
2007-10,0.010964872776170878,0.009955865603565477,0.5045035863027013,gbrt:own
2007-11,0.0022985707490508307,0.001298909131420591,0.49983080881511976,gbrt:own
2007-12,0.003977870307658584,0.00298763142213531,0.4951194427616373,gbrt:own
2008-01,0.0006222728523702665,-0.00036367100062490235,0.4929719264975843,gbrt:own
2008-02,0.005178647775361385,0.004171415423576752,0.503616175892317,gbrt:own
2008-03,0.0005244423128026997,-0.0003187717440811318,0.42160702844191594,gbrt:own
2008-04,0.0037475473587574976,0.002743689303253367,0.5019290277520656,gbrt:own
2008-05,-0.000615759680931362,-0.0017804273753784625,0.5823338472235501,gbrt:own
2008-06,0.007920682573831337,0.006904792472875434,0.507945050477951,gbrt:own
2008-07,-0.00222380464131403,-0.0032165325284005284,0.4963639435432494,gbrt:own
2008-08,0.006803923123508637,0.005615413106421691,0.594255008543473,gbrt:own
2008-09,0.007486152487969324,0.0064518564322414125,0.5171480278639558,gbrt:own
2008-10,0.02195207085881609,0.020804248492344846,0.5739111832356206,gbrt:own
2008-11,0.017433892038955127,0.016071546719438605,0.681172659758261,gbrt:own
2008-12,0.0025962775657628,0.0010519052447396729,0.7721861605115637,gbrt:own
2009-01,-0.003167259736345636,-0.004580217676509082,0.7064789700817231,gbrt:own
2009-02,0.002483237761956204,0.0010843520137793529,0.6994428740884255,gbrt:own
2009-03,-0.0016216366052264934,-0.0028476420215279978,0.6130027081507525,gbrt:own
2009-04,-0.008106804729764648,-0.009427839473623474,0.6605173719294135,gbrt:own
2009-05,0.0017484563771481372,0.00017286904070963488,0.7877936682192512,gbrt:own
2009-06,0.002984890354195919,0.001465665524160602,0.7596124150176585,gbrt:own
2009-07,0.0006375875889243867,-0.000707266790234785,0.6724271895795859,gbrt:own
2009-08,0.0019032722164064703,0.0006447450466022579,0.6292635849021062,gbrt:own
2009-09,0.004168313957536869,0.00305124677162795,0.5585335929544594,gbrt:own
2009-10,0.00265187587583667,0.0015857431545075367,0.5330663606645666,gbrt:own
2009-11,0.004007306922532213,0.002944075549592844,0.5316156864696848,gbrt:own
2009-12,-0.0009576096416267708,-0.0019781551530893356,0.5102727557312823,gbrt:own
2010-01,-0.0021237333989322688,-0.0032934176119575943,0.5848421065126629,gbrt:own
2010-02,0.0006535968967743324,-0.0004308560278689583,0.5422264623216453,gbrt:own
2010-03,-0.00261811374562731,-0.0036859532635656975,0.5339197589691937,gbrt:own
2010-04,0.005172240396956314,0.004155426972497513,0.5084067122294006,gbrt:own
2010-05,0.004848048914614899,0.003774903448368408,0.5365727331232455,gbrt:own
2010-06,0.006256329071609491,0.005307028204239169,0.47465043368516097,gbrt:own
2010-07,0.001430929243974588,0.0006246332866289849,0.40314797867280155,gbrt:own
2010-08,0.0033368901541352526,0.0023536155593030434,0.4916372974161046,gbrt:own
2010-09,0.000983685702599012,2.6783167789636884e-06,0.4905036929100241,gbrt:own
2010-10,0.005268968847285211,0.004283075098298517,0.4929468744933473,gbrt:own
2010-11,0.0042275373902911475,0.003240954383215211,0.4932915035379681,gbrt:own
2010-12,0.005378332349938504,0.0043842775231873075,0.4970274133755985,gbrt:own
2011-01,0.003416981593127062,0.002466000644361103,0.4754904743829797,gbrt:own
2011-02,0.002079366106602657,0.0011469432988701668,0.466211403866245,gbrt:own
2011-03,0.0018977715793770061,0.0010291010378166634,0.4343352707801714,gbrt:own
2011-04,0.004131862955903416,0.0031414357418295628,0.4952136070369268,gbrt:own
2011-05,0.0037877222298030185,0.003050816825512278,0.36845270214536996,gbrt:own
2011-06,0.00655446390023686,0.005838534960156947,0.357964470039956,gbrt:own
2011-07,0.005995387805173886,0.00523888834379962,0.3782497306871325,gbrt:own
2011-08,0.006947336184911774,0.006126581599751513,0.41037729258013106,gbrt:own
2011-09,0.005023143416604762,0.004181858954811471,0.4206422308966449,gbrt:own
2011-10,-0.014403087493704761,-0.01530862506315799,0.45276878472661464,gbrt:own
2011-11,0.008401803812807033,0.007275194783310412,0.5633045147483102,gbrt:own
2011-12,0.0011620297249415065,0.00011780552625937923,0.5221120993410636,gbrt:own
2012-01,0.003678398712239006,0.002805927540853689,0.43623558569265825,gbrt:own
2012-02,-0.004380530016611009,-0.005260341885928253,0.4399059346586216,gbrt:own
2012-03,0.0011659520125268847,0.00034343334591701994,0.4112593333049321,gbrt:own
2012-04,0.0011361721352103583,0.00037531936165156096,0.3804263867793986,gbrt:own
2012-05,0.0009876313768659732,0.0002539668336501804,0.3668322716078963,gbrt:own
2012-06,0.005443439856472431,0.004747000639790702,0.348219608340864,gbrt:own
2012-07,0.007291822015498606,0.006530402373616449,0.3807098209410789,gbrt:own
2012-08,0.006038273428790876,0.005368436015061117,0.33491870686488,gbrt:own
2012-09,-0.001223784941665881,-0.0019180006707380005,0.34710786453605963,gbrt:own
2012-10,0.002310954521772768,0.001513479569875539,0.3987374759486143,gbrt:own
2012-11,0.0073402673013616675,0.006565801865820653,0.38723271777050716,gbrt:own
2012-12,-0.002057564855156344,-0.002728055775816498,0.3352454603300768,gbrt:own
2013-01,0.003563587753446648,0.002821360622661391,0.3711135653926284,gbrt:own
2013-02,0.005287610572913387,0.00449683625670325,0.39538715810506836,gbrt:own
2013-03,0.008532711987194309,0.00782958343114216,0.35156427802607454,gbrt:own
2013-04,0.010632547057690952,0.010038216941139868,0.29716505827554196,gbrt:own
2013-05,0.002916768805780203,0.002199927859398552,0.35842047319082526,gbrt:own
2013-06,0.002839855528579822,0.0019968600064001665,0.42149776108982745,gbrt:own
2013-07,0.01316206748518055,0.01228016083592352,0.4409533246285158,gbrt:own
2013-08,0.0008526766332860349,5.466841933301366e-05,0.39900410697651073,gbrt:own
2013-09,-0.0019649454126939485,-0.0028190508078572937,0.4270526975816725,gbrt:own
2013-10,-0.0018074197585522284,-0.0027365989929664064,0.4645896172070889,gbrt:own
2013-11,-0.00015910558793108358,-0.0009858039378259997,0.4133491749474581,gbrt:own
2013-12,0.004790589671409543,0.004102986973924996,0.3438013487422737,gbrt:own
2014-01,0.004377649551444192,0.0037546639603739276,0.31149279553513204,gbrt:own
2014-02,0.004269061280719237,0.0035691175406616514,0.34997187002879265,gbrt:own
2014-03,1.4817941922037769e-05,-0.0006747109103570709,0.34476442613955416,gbrt:own
2014-04,-0.0013218327758666092,-0.0020901045643536616,0.38413589424352634,gbrt:own
2014-05,0.00499929047006808,0.004260931060630302,0.36917970471888883,gbrt:own
2014-06,0.005989978850373448,0.005256962620463763,0.36650811495484226,gbrt:own
2014-07,0.0007657164442344106,4.596006826667979e-05,0.3598781879838654,gbrt:own
2014-08,0.0013237836875627624,0.0005910078866968572,0.3663879004329526,gbrt:own
2014-09,-0.0014624457942924995,-0.0021552540763129717,0.34640414101023603,gbrt:own
2014-10,0.00472346256401896,0.004040791550862041,0.34133550657845935,gbrt:own
2014-11,0.008530246038545786,0.00784222152253191,0.34401225800693824,gbrt:own
2014-12,0.01258839467123857,0.011968291691187176,0.31005149002569793,gbrt:own
2015-01,0.007266996463565893,0.006568811806356073,0.34909232860491035,gbrt:own
2015-02,0.002568426793092818,0.0016879423768402602,0.4402422081262791,gbrt:own
2015-03,0.006695278323478896,0.005850236065690456,0.42252112889422055,gbrt:own
2015-04,-0.0067984521567978915,-0.007692603776416201,0.44707580980915473,gbrt:own
2015-05,0.0005839123267385632,-0.0004818745490613042,0.5328934378999338,gbrt:own
2015-06,0.007041941417762895,0.006165973805034485,0.4379838063642047,gbrt:own
2015-07,0.010166213498702368,0.009483413222955714,0.34140013787332685,gbrt:own
2015-08,0.008897851300800683,0.008214919437766319,0.34146593151718196,gbrt:own
2015-09,0.006136250660319256,0.005430233361070273,0.35300864962449136,gbrt:own
2015-10,-0.005454046027943389,-0.006206521732734015,0.37623785239531343,gbrt:own
2015-11,0.00466710594548848,0.0037848818705693197,0.4411120374595807,gbrt:own
2015-12,0.0005067751458914157,-0.00033455975005263573,0.4206674479720259,gbrt:own
2016-01,0.0015981472449159901,0.0008585234041262985,0.36981192039484573,gbrt:own
2016-02,-0.002506892914727782,-0.0032592126719414257,0.37615987860682204,gbrt:own
2016-03,-0.011416255195477275,-0.012231395196396957,0.40757000045984093,gbrt:own
2016-04,0.0021226289309093154,0.0012649888629322052,0.4288200339885551,gbrt:own
2016-05,0.0038432218653514714,0.003089026778006529,0.3770975436724709,gbrt:own
2016-06,-0.0011002466371226056,-0.0018131105029409727,0.3564319329091836,gbrt:own
2016-07,-0.00010070643776016741,-0.0007941609637947607,0.34672726301729656,gbrt:own
2016-08,0.004641054995217217,0.003882372372707706,0.37934131125475556,gbrt:own
2016-09,0.004287809592125259,0.003570423021348704,0.35869328538827744,gbrt:own
2016-10,0.002798366494201381,0.0022044541913617283,0.29695615141982623,gbrt:own
2016-11,-0.0034446848929659754,-0.004122862403563288,0.33908875529865645,gbrt:own
2016-12,0.0014420364008880249,0.0006618601498835641,0.3900881255022304,gbrt:own
2017-01,0.006404745500691461,0.005668353709950693,0.36819589537038444,gbrt:own
2017-02,-0.0013810728197253997,-0.00209962936010926,0.3592782701919302,gbrt:own
2017-03,0.004508701933316828,0.0038556018141759074,0.32655005957046,gbrt:own
2017-04,0.0008654463804481416,0.0002088381057385676,0.32830413735478675,gbrt:own
2017-05,0.005261005363076098,0.0045759264210465545,0.34253947101477217,gbrt:own
2017-06,-0.0004391893264255794,-0.001136530098010782,0.3486703857926012,gbrt:own
2017-07,0.004864554130682477,0.004200735883406615,0.3319091236379309,gbrt:own
2017-08,0.0025481070711251587,0.0018628677753206476,0.3426196479022555,gbrt:own
2017-09,0.001823256065665151,0.0011966592197106209,0.313298422977265,gbrt:own
2017-10,0.0038175554075419575,0.003181505250923166,0.3180250783093953,gbrt:own
2017-11,0.0029906318714291286,0.002248443579560163,0.3710941459344828,gbrt:own
2017-12,0.0029212362071550876,0.0022227506998539334,0.349242753650577,gbrt:own
2018-01,0.0045470210054383104,0.003833908955920924,0.35655602475869325,gbrt:own
2018-02,0.0034493606328942256,0.002754515187953185,0.34742272247052003,gbrt:own
2018-03,0.003401394993549249,0.002750055994058007,0.3256694997456208,gbrt:own
2018-04,0.002246842585322423,0.00160094547402172,0.3229485556503516,gbrt:own
2018-05,0.005394944881869999,0.004657635815944621,0.36865453296268896,gbrt:own
2018-06,0.003698710314270034,0.003003715388590239,0.3474974628398974,gbrt:own
2018-07,0.004242939320057305,0.0035703151529713176,0.33631208354299336,gbrt:own
2018-08,0.005631622165335808,0.004976858113050271,0.3273820261427684,gbrt:own
2018-09,0.013173730599960704,0.012522077309151648,0.3258266454045288,gbrt:own
2018-10,0.0013829657110663108,0.0006933374124949422,0.3448141492856842,gbrt:own
2018-11,-7.62183189581816e-05,-0.0007717755002465191,0.34777859064416844,gbrt:own
2018-12,0.0017220050474004052,0.0009196188359738388,0.4011931057132831,gbrt:own
2019-01,0.0030760596960263263,0.0023380236845134766,0.3690180057564251,gbrt:own
2019-02,-0.005086053945968358,-0.0058911643691868685,0.402555211609255,gbrt:own
2019-03,0.0037059626182508252,0.0029659108971518827,0.3700258605494714,gbrt:own
2019-04,0.0031308240856107086,0.0024684494742278646,0.3311873056914219,gbrt:own
2019-05,0.0023751488356204093,0.001724535083674296,0.3253068759730567,gbrt:own
2019-06,0.003887581572773095,0.0031857757483243765,0.35090291222435954,gbrt:own
2019-07,0.006935048706945788,0.006349063367894225,0.29299266952578185,gbrt:own
2019-08,0.0034058200978840953,0.0028134354956414515,0.2961923011213217,gbrt:own
2019-09,-0.0015441589649579273,-0.002144996870274612,0.3004189526583423,gbrt:own
2019-10,0.0012435719996649664,0.0006132217431590385,0.315175128252964,gbrt:own
2019-11,0.0019624654583386618,0.0013417227396150878,0.3103713593617873,gbrt:own
2019-12,0.005348375239675059,0.004637372231691839,0.35550150399160985,gbrt:own
2020-01,0.00490907767636401,0.004267591562623941,0.32074305687003457,gbrt:own
2020-02,0.007599250584707427,0.006913889496722484,0.3426805439924719,gbrt:own
2020-03,0.010961561170875343,0.01035157505641095,0.30499305723219566,gbrt:own
2020-04,-0.010029065114592369,-0.0109614039196606,0.46616940253411465,gbrt:own
2020-05,-0.0020769311785609383,-0.0031210573383191596,0.5220630798791105,gbrt:own
2020-06,-0.003185826755904074,-0.004048346890226478,0.43126006716120224,gbrt:own
2020-07,-0.0005436846428940642,-0.0013782344508492233,0.4172749039775795,gbrt:own
2020-08,-0.006485946583673508,-0.007317158089026456,0.4156057526764736,gbrt:own
2020-09,0.0006827453098696026,-0.00014840464967045405,0.41557497977002844,gbrt:own
2020-10,0.0031928636678558693,0.0023928991953692147,0.39998223624332757,gbrt:own
2020-11,-0.017893327669609407,-0.018571065802714712,0.33886906655265253,gbrt:own
2020-12,-0.00044312078740928326,-0.0015006186317537884,0.5287489221722527,gbrt:own
2021-01,0.004849175115957102,0.0037888009130660973,0.5301871014455023,gbrt:own
2021-02,0.001031389042098957,0.00021884660704043655,0.40627121752926026,gbrt:own
2021-03,0.002373810419701106,0.0014850087081069894,0.44440085579705835,gbrt:own
2021-04,0.0032300891643650006,0.002309787175559072,0.4601509944029641,gbrt:own
2021-05,0.0035507687071892062,0.0027352555658267477,0.40775657068122945,gbrt:own
2021-06,-0.004415685090239736,-0.00521154120346974,0.3979280566150024,gbrt:own
2021-07,-0.00015650167824278992,-0.000914134811525355,0.37881656664128244,gbrt:own
2021-08,0.0011555695445955403,0.000340470997992238,0.407549273301651,gbrt:own
2021-09,0.006546775362257436,0.00574348508910762,0.4016451365749074,gbrt:own
2021-10,0.001645106850522418,0.0008503425948147969,0.3973821278538102,gbrt:own
2021-11,0.005411464080021523,0.004671416599068014,0.370023740476754,gbrt:own
2021-12,0.010874382608392104,0.009922579980049551,0.4759013141712765,gbrt:own
2022-01,0.012359392723650171,0.011612844238729875,0.37327424246014845,gbrt:own
2022-02,0.00799298328681457,0.007198074334190433,0.39745447631206904,gbrt:own
2022-03,0.008925707195223351,0.00807719879703578,0.4242541990937854,gbrt:own
2022-04,0.011835595222714405,0.011039478493331967,0.39805836469121747,gbrt:own
2022-05,0.003537997625001262,0.0027798015329073135,0.3790980460469742,gbrt:own
2022-06,0.0006881431267510417,-0.00011714258596120633,0.4026428563561238,gbrt:own
2022-07,-0.0022864105070997845,-0.0031420682507222924,0.4278288718112537,gbrt:own
2022-08,0.00039886059742078354,-0.000448989227511386,0.42392491246608477,gbrt:own
2022-09,0.007665884614905461,0.006858894857381859,0.40349487876180085,gbrt:own
2022-10,0.004263529646428,0.003453743181070852,0.4048932326785744,gbrt:own
2022-11,-0.0038175626841030095,-0.004678762248047367,0.4305997819721786,gbrt:own
2022-12,0.006211304468512643,0.005353111947772917,0.4290962603698626,gbrt:own
2023-01,0.0007500104380086321,-0.0001387184892837085,0.44436446364617005,gbrt:own
2023-02,0.0028292835972358456,0.0019104314712853337,0.45942606297525584,gbrt:own
2023-03,0.005493321960856657,0.004772593347166218,0.36036430684521953,gbrt:own
2023-04,-0.0010197515673967274,-0.0017961634953280014,0.388205963965637,gbrt:own
2023-05,-0.002211942726070369,-0.0029461529046678507,0.36710508929874097,gbrt:own
2023-06,0.004710070230519251,0.003991527461613898,0.3592713844526761,gbrt:own
2023-07,0.0030921377498244686,0.0023054282498936995,0.3933547499653846,gbrt:own
2023-08,0.0020737012703975852,0.0011898464639563274,0.44192740322062907,gbrt:own
2023-09,0.010216134167748131,0.009416279746920305,0.39992721041391344,gbrt:own
2023-10,0.007495208118824331,0.006851970343361559,0.32161888773138664,gbrt:own
2023-11,-0.00653055077247115,-0.007259943309621922,0.36469626857538684,gbrt:own
2023-12,0.0045063977516578415,0.003736115863117592,0.385140944270125,gbrt:own
2024-01,0.011698908965305567,0.010959280978709891,0.3698139932978382,gbrt:own
2024-02,0.001312353261993504,0.0005885134219191557,0.36191992003717416,gbrt:own
2024-03,0.003375975127376142,0.0026172932465147072,0.37934094043071714,gbrt:own
2024-04,0.001334896537054225,0.0005685991099161452,0.38314871356903973,gbrt:own
2024-05,0.003013229370854931,0.002335966799475471,0.33863128568972994,gbrt:own
2024-06,0.0011691197057382863,0.00041000766030223454,0.37955602271802574,gbrt:own
2024-07,0.0010945753412388737,0.00036016876965362616,0.36720328579262396,gbrt:own
2024-08,0.003350833856211058,0.002572229861975992,0.3893019971175331,gbrt:own
2024-09,-0.0004940971897449222,-0.0012174207615664805,0.3616617859107793,gbrt:own
2024-10,0.0040059796129623465,0.0032499888196224247,0.377995396669961,gbrt:own
2024-11,0.010000354911057385,0.009254153312115947,0.37310079947072006,gbrt:own
2024-12,0.0021179401965657004,0.0014047251490568202,0.3566075237544401,gbrt:own
2025-01,0.001585914730819156,0.0007741970380416806,0.40585884638873754,gbrt:own
2025-02,0.004121462095301189,0.0032637463666650556,0.4288578643180668,gbrt:own
2025-03,0.0060568600989326935,0.00527592008630784,0.3904700063124269,gbrt:own
2025-04,-0.001755027809440131,-0.0024875737522477392,0.36627297140380416,gbrt:own
2025-05,-0.0009159922511047525,-0.0016865351192361636,0.38527143406570546,gbrt:own
2025-06,-0.001950559366234702,-0.0026261880553572047,0.33781434456125176,gbrt:own
2025-07,-0.0017549922249047605,-0.0023987359413800507,0.32187185823764514,gbrt:own
2025-08,0.00202833630916685,0.001301372917466124,0.3634816958503629,gbrt:own
2025-09,0.005554158677828072,0.004830655582271104,0.361751547778484,gbrt:own
2025-10,0.012720593601164181,0.012002996839727971,0.3587983807181041,gbrt:own
2025-11,0.0026587027362630104,0.0019501081249748817,0.3542973056440642,gbrt:own
2025-12,0.007880990287291506,0.007165269305569765,0.3578604908608709,gbrt:own
2001-01,-0.009036629222976208,-0.009036629222976208,0.0,gbrt:pooled
2001-02,0.008415352133279307,0.006064514240643621,1.1754189463178424,gbrt:pooled
2001-03,0.021089242377885956,0.018834180814393187,1.1275307817463844,gbrt:pooled
2001-04,-0.0006301620660964333,-0.0025728245634332775,0.9713312486684224,gbrt:pooled
2001-05,0.009278348299955722,0.007304777720431567,0.9867852897620774,gbrt:pooled
2001-06,-0.0017819561220219307,-0.0034963926619264287,0.8572182699522491,gbrt:pooled
2001-07,0.012885408158814686,0.011042616643759173,0.9213957575277563,gbrt:pooled
2001-08,-0.007036887086948975,-0.008675981742093518,0.8195473275722714,gbrt:pooled
2001-09,0.00901605339117562,0.007045144034750098,0.9854546782127609,gbrt:pooled
2001-10,-0.009662528666758182,-0.01163501174276682,0.9862415380043184,gbrt:pooled
2001-11,-4.3875382140617e-05,-0.002263480176407932,1.1098023971336575,gbrt:pooled
2001-12,0.010547405397416968,0.008234454724820867,1.156475336298051,gbrt:pooled
2002-01,-0.00026070878086725753,-0.0023366997473939955,1.037995483263369,gbrt:pooled
2002-02,0.006706578208200146,0.005179873829500415,0.7633521893498663,gbrt:pooled
2002-03,0.010400999456547768,0.009047889926216147,0.6765547651658097,gbrt:pooled
2002-04,0.011448394226011854,0.01012397009439589,0.6622120658079816,gbrt:pooled
2002-05,0.006601447323263589,0.005226557532323572,0.6874448954700083,gbrt:pooled
2002-06,0.009130849011956411,0.007882309941616365,0.6242695351700233,gbrt:pooled
2002-07,0.00232242829754921,0.0010899025966393235,0.6162628504549431,gbrt:pooled
2002-08,0.00011451333499798514,-0.001158045029467263,0.6362791822326241,gbrt:pooled
2002-09,0.010875215923765492,0.009577084965140821,0.649065479312335,gbrt:pooled
2002-10,0.002858528006734118,0.0016708813551420422,0.5938233257960375,gbrt:pooled
2002-11,-0.0009010131356318878,-0.002453197105028985,0.7760919846985487,gbrt:pooled
2002-12,0.0008641889967411761,-0.0004890370551947262,0.6766130259679511,gbrt:pooled
2003-01,0.0007795378902915138,-0.0004977965438189516,0.6386672170552328,gbrt:pooled
2003-02,0.004479526841570966,0.003597811511530919,0.4408576650200236,gbrt:pooled
2003-03,0.010411244864217507,0.009544875863741217,0.43318450023814475,gbrt:pooled
2003-04,-0.004814652439536618,-0.0055399587631135274,0.36265316178845447,gbrt:pooled
2003-05,0.0010152077348024751,-6.387745866729463e-05,0.5395425967348848,gbrt:pooled
2003-06,0.005710563933856214,0.004614863603414062,0.5478501652210757,gbrt:pooled
2003-07,0.008162717418225418,0.007092892805049008,0.5349123065882051,gbrt:pooled
2003-08,0.0065997088432243455,0.0055211702422868466,0.5392693004687492,gbrt:pooled
2003-09,-0.0005168520511796518,-0.0017194844689506425,0.6013162088854953,gbrt:pooled
2003-10,0.013178267475919337,0.012035125695041416,0.5715708904389613,gbrt:pooled
2003-11,0.0009196242655824929,-0.00022166401060173252,0.5706441380921127,gbrt:pooled
2003-12,0.004961071584950984,0.0038608131179760164,0.5501292334874842,gbrt:pooled
2004-01,-0.005749376283025667,-0.006919673517671669,0.5851486173230007,gbrt:pooled
2004-02,0.004312002551487545,0.0030021470202367716,0.6549277656253868,gbrt:pooled
2004-03,0.0026922124608788943,0.0015718277161435143,0.5601923723676902,gbrt:pooled
2004-04,-0.001549470176883061,-0.0026864154070894235,0.5684726151031813,gbrt:pooled
2004-05,-0.0028891355578827796,-0.004035253969224743,0.5730592056709818,gbrt:pooled
2004-06,0.004035929512723204,0.002848958179422413,0.5934856666503956,gbrt:pooled
2004-07,0.005852935422971647,0.0047439929077232506,0.5544712576241982,gbrt:pooled
2004-08,0.005811611540303218,0.004854290452641728,0.47866054383074513,gbrt:pooled
2004-09,0.005376068310519604,0.0043509127103719975,0.5125778000738035,gbrt:pooled
2004-10,0.011902549990790186,0.01093251544820435,0.48501727129291833,gbrt:pooled
2004-11,0.00670126603673625,0.0058864325156975875,0.40741676051933134,gbrt:pooled
2004-12,0.011171269902440332,0.010168476644305341,0.5013966290674954,gbrt:pooled
2005-01,-0.001001772021365189,-0.0020448400712344363,0.5215340249346234,gbrt:pooled
2005-02,0.010355110424011466,0.009409630418803641,0.4727400026039119,gbrt:pooled
2005-03,0.00940155671127134,0.008439224274336854,0.4811662184672437,gbrt:pooled
2005-04,0.01649017753891134,0.015588905033757934,0.45063625257670387,gbrt:pooled
2005-05,-0.014838271908617456,-0.01563785581865638,0.3997919550194632,gbrt:pooled
2005-06,0.005342118994710996,0.004169587224460436,0.58626588512528,gbrt:pooled
2005-07,0.006206930936155763,0.005315380406815341,0.44577526467021134,gbrt:pooled
2005-08,-0.0013271153547366717,-0.002287359137796511,0.48012189152991963,gbrt:pooled
2005-09,0.006093388662853068,0.0049792918936612095,0.5570483845959294,gbrt:pooled
2005-10,0.0012205447787523613,0.00024409649725231651,0.4882241407500225,gbrt:pooled
2005-11,-0.0018184405972148897,-0.002902205395897201,0.5418823993411558,gbrt:pooled
2005-12,-0.0027951695561703287,-0.003838428975330153,0.5216297095799124,gbrt:pooled
2006-01,0.0035434434498649117,0.002487637937883766,0.5279027559905729,gbrt:pooled
2006-02,0.0029851182867091145,0.0016805730867841917,0.6522725999624613,gbrt:pooled
2006-03,0.004933803829001542,0.003759434994724986,0.5871844171382781,gbrt:pooled
2006-04,0.005561612391898932,0.004281905886731771,0.6398532525835802,gbrt:pooled
2006-05,-0.0021793585895344683,-0.0035219281869478436,0.6712847987066873,gbrt:pooled
2006-06,0.010923147786513399,0.009848928862551676,0.5371094619808618,gbrt:pooled
2006-07,-0.001738381417604043,-0.003000137359996615,0.6308779711962859,gbrt:pooled
2006-08,-0.006267113657780536,-0.007453395473349797,0.5931409077846306,gbrt:pooled
2006-09,0.0020582085819661157,0.0008037759349674494,0.6272163234993332,gbrt:pooled
2006-10,-0.0003954892575779736,-0.0014892287352170513,0.5468697388195388,gbrt:pooled
2006-11,0.010351472598809966,0.009226799736050633,0.5623364313796664,gbrt:pooled
2006-12,0.001308318008062914,0.00025637351673045455,0.5259722456662298,gbrt:pooled
2007-01,0.007483376145428089,0.006275974019184328,0.6037010631218799,gbrt:pooled
2007-02,-0.0003993909617317344,-0.0015803261587771808,0.5904675985227233,gbrt:pooled
2007-03,0.007603866681839294,0.006468310797333345,0.5677779422529746,gbrt:pooled
2007-04,0.0074252637186626325,0.006332751010859392,0.5462563539016205,gbrt:pooled
2007-05,0.0035919251509791174,0.002495316430730075,0.5483043601245209,gbrt:pooled
2007-06,-0.0026509059704018577,-0.0038976746329628907,0.6233843312805165,gbrt:pooled
2007-07,-0.0013248716053856364,-0.002706948111075427,0.6910382528448951,gbrt:pooled
2007-08,0.00013422009131872388,-0.0011772424108418126,0.6557312510802682,gbrt:pooled
2007-09,0.002385100489579202,0.0010760460395720158,0.6545272250035931,gbrt:pooled
2007-10,0.01409577020072494,0.012851581870968536,0.6220941648782032,gbrt:pooled
2007-11,0.0010502987706588825,-7.115355863997441e-05,0.5607261646494285,gbrt:pooled
2007-12,0.004329154302530273,0.0030961734073346424,0.6164904475978158,gbrt:pooled
2008-01,0.0017526844754414085,0.0007085960318024278,0.5220442218194905,gbrt:pooled
2008-02,7.708870144116354e-05,-0.0011703127283015343,0.6237007148713488,gbrt:pooled
2008-03,0.002201615655025653,0.0010888041321325292,0.556405761446562,gbrt:pooled
2008-04,0.004152874845624595,0.002988922163242457,0.5819763411910684,gbrt:pooled
2008-05,-0.0010996857361816085,-0.0023946383906207386,0.647476327219565,gbrt:pooled
2008-06,0.009318095922903561,0.008181521696921365,0.5682871129910987,gbrt:pooled
2008-07,-0.0086729904781067,-0.009671198210327915,0.4991038661106085,gbrt:pooled
2008-08,0.007933777370956498,0.00655703084179517,0.688373264580664,gbrt:pooled
2008-09,0.010601112431026247,0.009609849608244828,0.49563141139070976,gbrt:pooled
2008-10,0.0296915665836846,0.028595484322017094,0.5480411308337522,gbrt:pooled
2008-11,0.019685681195701403,0.01860459109872523,0.540545048488087,gbrt:pooled
2008-12,-0.002695579506764344,-0.003673725102645203,0.48907279794042924,gbrt:pooled
2009-01,0.0017854012966716697,0.0006242752072528238,0.580563044709423,gbrt:pooled
2009-02,0.0060962462347203825,0.004884134852178215,0.606055691271084,gbrt:pooled
2009-03,-0.007354511884949706,-0.008290508816568492,0.4679984658093923,gbrt:pooled
2009-04,-0.02045736864395402,-0.021669544470947866,0.6060879134969235,gbrt:pooled
2009-05,0.005357950457948873,0.0036994608771755495,0.829244790386661,gbrt:pooled
2009-06,-0.004044302863037841,-0.005692441915607461,0.82406952628481,gbrt:pooled
2009-07,0.00642326078039391,0.004851744791768591,0.7857579943126599,gbrt:pooled
2009-08,0.002325158706096831,0.0009612435044809158,0.6819576008079578,gbrt:pooled
2009-09,0.005222466241813812,0.003921895173751318,0.6502855340312469,gbrt:pooled
2009-10,0.002096571629757598,0.0008093153204997724,0.6436281546289128,gbrt:pooled
2009-11,0.0016924804333270692,0.0004276624476268791,0.6324089928500948,gbrt:pooled
2009-12,-0.0021920028699906106,-0.0033571656536452335,0.5825813918273117,gbrt:pooled
2010-01,-0.00034472788681548793,-0.001746490215554014,0.700881164369263,gbrt:pooled
2010-02,-0.0009351477072740567,-0.0021587431462472668,0.6117977194866051,gbrt:pooled
2010-03,-0.004054564365211947,-0.0053495606389719905,0.6474981368800219,gbrt:pooled
2010-04,0.0054250030316327115,0.004157484446436521,0.6337592925980954,gbrt:pooled
2010-05,0.0037257938084678806,0.002333646702986506,0.6960735527406873,gbrt:pooled
2010-06,0.006396118798391062,0.005310036030038489,0.543041384176287,gbrt:pooled
2010-07,0.00041661017085856274,-0.00048420280013605386,0.4504064854973083,gbrt:pooled
2010-08,0.003330348042710979,0.0022158173057238916,0.5572653684935438,gbrt:pooled
2010-09,0.002004099817328188,0.0009022421960170767,0.5509288106555557,gbrt:pooled
2010-10,0.006418557158844446,0.005404130025343726,0.5072135667503607,gbrt:pooled
2010-11,0.008551628529023966,0.007575721645526607,0.48795344174867883,gbrt:pooled
2010-12,0.006709824025953904,0.005751852844867039,0.47898559054343237,gbrt:pooled
2011-01,0.003265691146462508,0.0022897386148096866,0.4879762658264106,gbrt:pooled
2011-02,-0.0003640078748829046,-0.0014313865928266714,0.5336893589718834,gbrt:pooled
2011-03,0.0010925169502425673,0.00013299945572576032,0.4797587472584035,gbrt:pooled
2011-04,0.008169740138550636,0.007178101687888577,0.4958192253310295,gbrt:pooled
2011-05,0.004511742356160881,0.003636158831426212,0.4377917623673344,gbrt:pooled
2011-06,0.004842214703543994,0.00399819246410412,0.422011119719937,gbrt:pooled
2011-07,0.00789204582862433,0.007110997269684452,0.39052427946993906,gbrt:pooled
2011-08,0.008993681168454285,0.008229242718127524,0.38221922516338125,gbrt:pooled
2011-09,0.00935479784133212,0.008597516166391803,0.3786408374701582,gbrt:pooled
2011-10,-0.008629376347084005,-0.009544140393359043,0.4573820231375199,gbrt:pooled
2011-11,0.00896093634132473,0.007844887549497564,0.5580243959135821,gbrt:pooled
2011-12,0.0023700979072957427,0.0013544733440390795,0.5078122816283314,gbrt:pooled
2012-01,-0.016553437217218008,-0.01739924123917322,0.42290201097760366,gbrt:pooled
2012-02,-0.004824818121774577,-0.005905698181181606,0.5404400297035148,gbrt:pooled
2012-03,0.00790928278562654,0.006864505888264934,0.522388448680803,gbrt:pooled
2012-04,0.006108243891536902,0.005177298246374149,0.4654728225813761,gbrt:pooled
2012-05,0.007677689210975825,0.006752738579205472,0.46247531588517626,gbrt:pooled
2012-06,0.0051511391867597785,0.004378522090378893,0.3863085481904427,gbrt:pooled
2012-07,0.0077612268290551956,0.0069265862477517915,0.4173202906517018,gbrt:pooled
2012-08,0.005890714258022256,0.005149213179566742,0.3707505392277571,gbrt:pooled
2012-09,-0.0006135414779251447,-0.0013901853144655384,0.3883219182701967,gbrt:pooled
2012-10,0.003257147576982388,0.00238347054730356,0.4368385148394139,gbrt:pooled
2012-11,0.007042273924542793,0.006195961703065465,0.4231561107386632,gbrt:pooled
2012-12,-0.002242318356100492,-0.0030665410066081636,0.41211132525383604,gbrt:pooled
2013-01,0.0032188626323540444,0.0022465211225381927,0.4861707549079258,gbrt:pooled
2013-02,0.004922024832442649,0.003917216299518607,0.502404266462021,gbrt:pooled
2013-03,0.00878586406347103,0.007911808027187228,0.4370280181419011,gbrt:pooled
2013-04,0.011410030590267907,0.010664213458937945,0.3729085656649803,gbrt:pooled
2013-05,0.004123811467563058,0.0033669394727765347,0.3784359973932619,gbrt:pooled
2013-06,0.0032211961847421733,0.002271845835492576,0.4746751746247988,gbrt:pooled
2013-07,0.01158155465850133,0.010590898976642706,0.49532784092931337,gbrt:pooled
2013-08,0.0007905377454589976,-0.00022378881870353554,0.5071632820812666,gbrt:pooled
2013-09,-0.006994376405799796,-0.008078242979100177,0.5419332866501907,gbrt:pooled
2013-10,0.0010137901353578526,-3.527569394602627e-05,0.5245329146519394,gbrt:pooled
2013-11,0.00034808535040253206,-0.0005894966428983244,0.4687909966504282,gbrt:pooled
2013-12,0.003828943725018005,0.0030009127352645815,0.4140154948767115,gbrt:pooled
2014-01,0.003574655099637244,0.0027687752126842723,0.4029399434764858,gbrt:pooled
2014-02,0.005745145728810713,0.004828696534345762,0.4582245972324758,gbrt:pooled
2014-03,0.00023958439358845357,-0.0006580283564664323,0.44880637502744297,gbrt:pooled
2014-04,0.00022032730961932983,-0.0007976370562902281,0.5089821829547794,gbrt:pooled
2014-05,0.0055488091866510636,0.00458829394845632,0.4802576190973719,gbrt:pooled
2014-06,0.005514465990711386,0.004511581692498446,0.5014421491064699,gbrt:pooled
2014-07,-0.0011227387452640084,-0.002106247093485604,0.4917541741107981,gbrt:pooled
2014-08,0.0018561235427096616,0.000874299017806432,0.49091226245161484,gbrt:pooled
2014-09,-0.0012832020396029377,-0.002121253995599173,0.4190259779981175,gbrt:pooled
2014-10,0.004285077174374587,0.003443420054690061,0.4208285598422627,gbrt:pooled
2014-11,0.009406046792014176,0.008517769659967443,0.44413856602336604,gbrt:pooled
2014-12,0.014330686563665264,0.013517172700939299,0.40675693136298374,gbrt:pooled
2015-01,0.007458023292818241,0.006602656820681437,0.42768323606840214,gbrt:pooled
2015-02,-0.00035670446142747463,-0.001308786203383711,0.47604087097811837,gbrt:pooled
2015-03,0.007910166890815296,0.006943622728020512,0.48327208139739264,gbrt:pooled
2015-04,-0.011880382617305285,-0.012831478985612555,0.4755481841536364,gbrt:pooled
2015-05,0.001069378243408522,-0.00014320150801746016,0.6062898757129912,gbrt:pooled
2015-06,0.005693159994411266,0.004591856306256855,0.5506518440772056,gbrt:pooled
2015-07,0.010276374808782088,0.009463469384349553,0.40645271221626766,gbrt:pooled
2015-08,0.009461236357092624,0.008623698804119995,0.41876877648631444,gbrt:pooled
2015-09,0.006517036770341221,0.005724619132925225,0.3962088187079974,gbrt:pooled
2015-10,-0.005996376633548345,-0.006827848761581543,0.41573606401659857,gbrt:pooled
2015-11,0.004577656982637347,0.00357070943297435,0.5034737748314984,gbrt:pooled
2015-12,0.0005524546865495027,-0.000423373010571317,0.4879138485604099,gbrt:pooled
2016-01,0.0016001932786556426,0.0006634233104033006,0.46838498412617097,gbrt:pooled
2016-02,-0.00272114013167055,-0.003690330936671114,0.48459540250028227,gbrt:pooled
2016-03,-0.008742316111076535,-0.009823556244451057,0.540620066687261,gbrt:pooled
2016-04,0.0033944619923027405,0.0022444260556076573,0.5750179683475419,gbrt:pooled
2016-05,0.0024510111406108727,0.001433541831243185,0.5087346546838438,gbrt:pooled
2016-06,-0.0011929709258700963,-0.0022091115580533853,0.5080703160916442,gbrt:pooled
2016-07,-0.0006370424033702598,-0.0015474816315266965,0.45521961407821804,gbrt:pooled
2016-08,0.004687950428843381,0.0037108857087904254,0.48853236002647754,gbrt:pooled
2016-09,0.0049649340808203025,0.004062314720554746,0.4513096801327779,gbrt:pooled
2016-10,0.0023236730400680024,0.0015379402386459817,0.3928664007110104,gbrt:pooled
2016-11,-0.0032411929420431847,-0.0040927765422044725,0.42579180008064393,gbrt:pooled
2016-12,0.00065501221255276,-0.0003369347904388644,0.4959735014958122,gbrt:pooled
2017-01,0.005499219224279531,0.004540494254294917,0.47936248499230705,gbrt:pooled
2017-02,-0.0009015939779453217,-0.0018384897183410173,0.46844787019784767,gbrt:pooled
2017-03,0.0019668599921717055,0.0010753497388332918,0.4457551266692071,gbrt:pooled
2017-04,0.0004726508606320468,-0.0004237641082747125,0.4482074844533796,gbrt:pooled
2017-05,0.005065028588283954,0.004210956559661995,0.4270360143109795,gbrt:pooled
2017-06,0.0007392367793200563,-0.00016763249669406288,0.4534346380070597,gbrt:pooled
2017-07,0.0036810745323745376,0.0028758577248828654,0.40260840374583634,gbrt:pooled
2017-08,0.003027504625590486,0.0021697354290652407,0.42888459826262265,gbrt:pooled
2017-09,0.0008344859280014838,8.311242072748288e-05,0.3756867536370004,gbrt:pooled
2017-10,0.004003500917054646,0.003240776949285923,0.38136198388436165,gbrt:pooled
2017-11,0.0022935553837022888,0.0013685966740455981,0.4624793548283452,gbrt:pooled
2017-12,0.0031322917966946718,0.0022327092570025263,0.44979126984607315,gbrt:pooled
2018-01,0.004437982919866257,0.0034646720562561857,0.4866554318050356,gbrt:pooled
2018-02,0.0031901002675169647,0.0021872599797850894,0.5014201438659377,gbrt:pooled
2018-03,0.0032672853448294705,0.002386382017128693,0.4404516638503889,gbrt:pooled
2018-04,0.0022904308539555113,0.00143829127756072,0.42606978819739555,gbrt:pooled
2018-05,0.004357501879004783,0.0034726405488879537,0.4424306650584144,gbrt:pooled
2018-06,0.00271589317046448,0.0017883368319262254,0.4637781692691271,gbrt:pooled
2018-07,0.0037476846873208108,0.00289248115669918,0.4276017653108152,gbrt:pooled
2018-08,0.0058098742175587085,0.004949301053497379,0.4302865820306651,gbrt:pooled
2018-09,0.013543314926909135,0.012713169820728641,0.4150725530902482,gbrt:pooled
2018-10,0.0029062351157020864,0.0020774647189678182,0.41438519836713417,gbrt:pooled
2018-11,-0.0035198667459759745,-0.004390646813995507,0.4353900340097665,gbrt:pooled
2018-12,0.002201859587429982,0.0011787563157278419,0.51155163585107,gbrt:pooled
2019-01,0.0005557554125063557,-0.0003999296091475396,0.4778425108269478,gbrt:pooled
2019-02,-0.00563234254721831,-0.006759507076293896,0.5635822645377931,gbrt:pooled
2019-03,0.005021887111322259,0.0039478193281838264,0.5370338915692157,gbrt:pooled
2019-04,0.002492287337200465,0.0015984736102752411,0.4469068634626122,gbrt:pooled
2019-05,0.0010779785670513781,0.00015847908265792887,0.45974974219672454,gbrt:pooled
2019-06,0.0026793490491415816,0.001622850171558206,0.5282494387916877,gbrt:pooled
2019-07,0.006756686587982031,0.005850095629417587,0.45329547928222186,gbrt:pooled
2019-08,0.004110679090650692,0.003240190520175655,0.4352442852375184,gbrt:pooled
2019-09,-0.0025326508917518664,-0.003412349917622118,0.4398495129351259,gbrt:pooled
2019-10,0.0021231736491814325,0.0011473291456625368,0.4879222517594479,gbrt:pooled
2019-11,0.0007148975656065187,-0.0002112199179855636,0.4630587417960413,gbrt:pooled
2019-12,0.006103595143614333,0.005076393110800204,0.5136010164070646,gbrt:pooled
2020-01,0.006234306594692456,0.005435293196686387,0.399506699003034,gbrt:pooled
2020-02,0.007331358778745845,0.006485849117499289,0.42275483062327857,gbrt:pooled
2020-03,0.014458212000011976,0.013675217562932019,0.39149721853997915,gbrt:pooled
2020-04,-0.015390546491519268,-0.01655054022087796,0.5799968646793469,gbrt:pooled
2020-05,-0.0017465130104788174,-0.0032374597580812304,0.7454733738012067,gbrt:pooled
2020-06,-0.003561371781625298,-0.004780544765046791,0.6095864917107463,gbrt:pooled
2020-07,0.0041774728289517,0.0029286646420456936,0.6244040934530033,gbrt:pooled
2020-08,-0.00306450908672945,-0.004149536062014626,0.5425134876425878,gbrt:pooled
2020-09,-0.0025174743365742654,-0.003641578915523666,0.5620522894747003,gbrt:pooled
2020-10,0.0027122888393946473,0.0015183757025789885,0.5969565684078293,gbrt:pooled
2020-11,-0.01892277743388067,-0.01995561931465923,0.5164209403892799,gbrt:pooled
2020-12,0.005546832264937218,0.0038990980842846523,0.8238670903262821,gbrt:pooled
2021-01,0.0007005869383430226,-0.0007244079413819681,0.7124974398624955,gbrt:pooled
2021-02,0.006435365584670017,0.005253159423771924,0.5911030804490468,gbrt:pooled
2021-03,0.00407111343904505,0.00288510820314215,0.5930026179514497,gbrt:pooled
2021-04,0.0022928828348276757,0.0010213556079577855,0.6357636134349449,gbrt:pooled
2021-05,0.0039631851291430775,0.0027529214230883415,0.6051318530273678,gbrt:pooled
2021-06,-0.0019658058140536085,-0.003034308942817303,0.5342515643818468,gbrt:pooled
2021-07,0.00045341318923244276,-0.0006548101616418139,0.5541116754371281,gbrt:pooled
2021-08,-0.0013915300310358475,-0.002390407402759039,0.4994386858615959,gbrt:pooled
2021-09,0.006534291737593369,0.0054076941531780035,0.5632987922076823,gbrt:pooled
2021-10,0.003102497448181382,0.002066281522584194,0.5181079627985942,gbrt:pooled
2021-11,0.0032896186883461256,0.0023233733445957136,0.48312267187520597,gbrt:pooled
2021-12,0.00985078396766619,0.008663884816932877,0.5934495753666561,gbrt:pooled
2022-01,0.011154957226094248,0.010283056797869377,0.4359502141124359,gbrt:pooled
2022-02,0.007111532620076918,0.006267189065171932,0.42217177745249274,gbrt:pooled
2022-03,0.009055949500451056,0.008159365617161025,0.4482919416450152,gbrt:pooled
2022-04,0.012130230221192789,0.011325521723666394,0.4023542487631984,gbrt:pooled
2022-05,0.004482395568834621,0.003692377654274028,0.3950089572802961,gbrt:pooled
2022-06,0.0025856398204559742,0.001735932247430935,0.42485378651251937,gbrt:pooled
2022-07,-0.0038965816563874493,-0.004808439651899117,0.455928997755834,gbrt:pooled
2022-08,-0.0018388709671230653,-0.0027165771783498553,0.4388531056133951,gbrt:pooled
2022-09,0.0058202196166786315,0.004872894406275031,0.47366260520180004,gbrt:pooled
2022-10,0.004848586519183667,0.003958392790257886,0.44509686446289093,gbrt:pooled
2022-11,-0.004567444848929773,-0.005503763126843624,0.46815913895692546,gbrt:pooled
2022-12,0.00402566908749297,0.0029918959267703424,0.5168865803613143,gbrt:pooled
2023-01,0.0007416271064886712,-0.00023386861842055072,0.48774786245461094,gbrt:pooled
2023-02,0.004997295204105287,0.004056677628881746,0.47030878761177064,gbrt:pooled
2023-03,0.0036656832406472546,0.002901517466195223,0.38208288722601574,gbrt:pooled
2023-04,-0.0002467665167572454,-0.0010704082783605327,0.41182088080164375,gbrt:pooled
2023-05,-0.001519591786501326,-0.0022900521604161217,0.385230186957398,gbrt:pooled
2023-06,0.0027502805984922422,0.001919206276243323,0.41553716112445965,gbrt:pooled
2023-07,0.0033338140782084792,0.002448953383002254,0.44243034760311273,gbrt:pooled
2023-08,0.0025386845246026203,0.0016605938803131751,0.4390453221447224,gbrt:pooled
2023-09,0.00963967008351503,0.008816572013744075,0.4115490348854775,gbrt:pooled
2023-10,0.007695984563033594,0.006951438332119297,0.37227311545714853,gbrt:pooled
2023-11,-0.007235875794368841,-0.008019871278433469,0.39199774203231397,gbrt:pooled
2023-12,0.004254088965606016,0.003370628307153252,0.4417303292263817,gbrt:pooled
2024-01,0.010267704075725699,0.009353148368600284,0.4572778535627071,gbrt:pooled
2024-02,0.0007710008016308847,-0.00011995750086946751,0.44547915125017623,gbrt:pooled
2024-03,0.003206591664631732,0.002283262089358425,0.4616647876366536,gbrt:pooled
2024-04,0.00021821150945935125,-0.0007398965297404906,0.4790540195999208,gbrt:pooled
2024-05,0.002817732616052331,0.001924033772051114,0.44684942200060845,gbrt:pooled
2024-06,-0.0002628474079725315,-0.0011730531542898165,0.4551028731586424,gbrt:pooled
2024-07,0.0008502019759113567,-1.7120607696152245e-05,0.43366129180375435,gbrt:pooled
2024-08,0.0037992131179309064,0.002903221025033245,0.4479960464488306,gbrt:pooled
2024-09,-0.00018354394153150162,-0.0010572419996827435,0.436849029075621,gbrt:pooled
2024-10,0.005000699539871364,0.004057931006437866,0.4713842667167487,gbrt:pooled
2024-11,0.009944521635964735,0.009039599261703774,0.452461187130481,gbrt:pooled
2024-12,0.001953166767418699,0.0010667713996544723,0.4431976838821136,gbrt:pooled
2025-01,0.0012164478264787666,0.00034876620270355156,0.4338408118876074,gbrt:pooled
2025-02,0.004290260583130483,0.0034059216076176885,0.44216948775639725,gbrt:pooled
2025-03,0.006162402189145824,0.005366998593994169,0.3977017975758271,gbrt:pooled
2025-04,-0.0015698308146935235,-0.002329911328771783,0.3800402570391293,gbrt:pooled
2025-05,-0.0007341118242652696,-0.0015941834248883755,0.4300358003115528,gbrt:pooled
2025-06,-0.0007193115476842091,-0.0015105960239974112,0.39564223815660093,gbrt:pooled
2025-07,-0.0010869297553705048,-0.0018478579804098007,0.3804641125196479,gbrt:pooled
2025-08,0.004093199313184064,0.0032236081090121775,0.434795602085943,gbrt:pooled
2025-09,0.005675159930467273,0.0048046919834803786,0.43523397349344745,gbrt:pooled
2025-10,0.01162496326080261,0.010754329842215336,0.4353167092936374,gbrt:pooled
2025-11,0.001831810311032205,0.0008942931597705477,0.4687585756308286,gbrt:pooled
2025-12,0.010437247307687629,0.00952584804864518,0.4556996295212247,gbrt:pooled
2001-01,-0.005501372375145279,-0.005501372375145279,0.0,hist_mean:rule
2001-02,0.004556812992188774,0.004292931173049875,0.1319409095694494,hist_mean:rule
2001-03,0.015589054641628516,0.015287880056389463,0.15058729261952614,hist_mean:rule
2001-04,0.006350176610321088,0.006036977725880551,0.1565994422202687,hist_mean:rule
2001-05,0.0003819171198440488,-0.00014134564769387582,0.26163138376896233,hist_mean:rule
2001-06,0.002057820592043868,0.0018660515371173932,0.09588452746323718,hist_mean:rule
2001-07,0.011248721713309375,0.011078168079095866,0.08527681710675399,hist_mean:rule
2001-08,-0.007098986363594759,-0.007438473380732123,0.1697435085686817,hist_mean:rule
2001-09,-0.0014263632245582092,-0.0016331806106668545,0.10340869305432246,hist_mean:rule
2001-10,0.004614861627704712,0.004212790061107657,0.2010357832985274,hist_mean:rule
2001-11,0.0038131968647399967,0.003611263806614071,0.10096652906296316,hist_mean:rule
2001-12,0.010631307407272646,0.01044001014937574,0.09564862894845333,hist_mean:rule
2002-01,-0.004622505445664396,-0.004795651834059849,0.0865731941977262,hist_mean:rule
2002-02,-0.0029219384695084337,-0.003151360498044084,0.11471101426782494,hist_mean:rule
2002-03,0.003435114168680208,0.0032419055320467055,0.09660431831675145,hist_mean:rule
2002-04,0.004671559953732686,0.004428011010574296,0.12177447157919556,hist_mean:rule
2002-05,0.0007694080971352162,0.0005368764608833487,0.11626581812593348,hist_mean:rule
2002-06,0.002825554951929735,0.0026433951011680715,0.09107992538083189,hist_mean:rule
2002-07,-0.0015677218742144617,-0.001711984786701603,0.07213145624357058,hist_mean:rule
2002-08,0.006851468663430512,0.006685110284863755,0.08317918928337795,hist_mean:rule
2002-09,0.008643299280870577,0.00845725621444434,0.09302153321311893,hist_mean:rule
2002-10,0.0008299270216906294,0.0006964936885672986,0.06671666656166547,hist_mean:rule
2002-11,0.0048338332400911215,0.004627939876616887,0.10294668173711696,hist_mean:rule
2002-12,0.0049975884694553364,0.004812834955725887,0.0923767568647254,hist_mean:rule
2003-01,-0.0026121820675723906,-0.0027769207651655837,0.08236934879659635,hist_mean:rule
2003-02,0.002375159996870645,0.0022114231628929167,0.0818684169888644,hist_mean:rule
2003-03,0.004166845504988623,0.0040415568275750284,0.0626443387067973,hist_mean:rule
2003-04,-0.006669739326542619,-0.0068203304906474605,0.0752955820524203,hist_mean:rule
2003-05,0.0057094230444343095,0.0053491978951599375,0.1801125746371861,hist_mean:rule
2003-06,0.007662980792943365,0.007517362681406311,0.07280905576852759,hist_mean:rule
2003-07,0.0077203737306375695,0.007559717393431085,0.08032816860324253,hist_mean:rule
2003-08,0.005602498129101868,0.00545964820976144,0.07142495967021416,hist_mean:rule
2003-09,0.002728126184393089,0.002343016513119567,0.1925548356367607,hist_mean:rule
2003-10,0.00689794743153941,0.006767927377533625,0.06501002700289256,hist_mean:rule
2003-11,0.004780622656484676,0.004637260963467188,0.07168084650874385,hist_mean:rule
2003-12,0.0013355899224945442,0.0012152132296546123,0.06018834641996605,hist_mean:rule
2004-01,0.005199965251823944,0.005016618478953579,0.091673386435182,hist_mean:rule
2004-02,0.004808596594297645,0.004614099869774522,0.09724836226156144,hist_mean:rule
2004-03,0.004385090624053843,0.004206055792552578,0.08951741575063232,hist_mean:rule
2004-04,0.011888724770940055,0.01174715646923363,0.07078415085321275,hist_mean:rule
2004-05,-0.002517160458840159,-0.002726953956581005,0.10489674887042272,hist_mean:rule
2004-06,0.0015694442473591294,0.0014322249669523992,0.06860964020336514,hist_mean:rule
2004-07,0.002784849069421299,0.0026662947693128153,0.059277150054241654,hist_mean:rule
2004-08,0.006783209680694525,0.0066316083995603325,0.07580064056709608,hist_mean:rule
2004-09,0.0026673153926813223,0.0025284086580454647,0.06945336731792892,hist_mean:rule
2004-10,0.000244451730313532,9.57690856092559e-05,0.07434132235213804,hist_mean:rule
2004-11,0.0021602839780762505,0.0019827315611723553,0.08877620845194763,hist_mean:rule
2004-12,0.006068461189951235,0.005915040949096622,0.07671012042730635,hist_mean:rule
2005-01,0.00048184804752615304,0.00022016946245237353,0.13083929253688975,hist_mean:rule
2005-02,0.012481570489174061,0.012359029272523572,0.061270608325244585,hist_mean:rule
2005-03,0.005960174596362439,0.005805125988977254,0.07752430369259188,hist_mean:rule
2005-04,0.012444959654360824,0.012288841266741858,0.07805919380948405,hist_mean:rule
2005-05,-0.009548151668859512,-0.009738168705950857,0.0950085185456718,hist_mean:rule
2005-06,-0.004809962908395158,-0.004965357712009878,0.0776974018073602,hist_mean:rule
2005-07,0.010867884715367163,0.010758334543525903,0.05477508592062956,hist_mean:rule
2005-08,0.0023347607947062465,0.0021993844522503526,0.06768817122794714,hist_mean:rule
2005-09,-0.001265091798860268,-0.001460518398312773,0.09771329972625242,hist_mean:rule
2005-10,-0.0012453994161025794,-0.0013783956275260107,0.06649810571171566,hist_mean:rule
2005-11,-0.0015264092422326667,-0.0016641350099690405,0.06886288386818674,hist_mean:rule
2005-12,-0.0002236193152723875,-0.0003686016602493326,0.07249117248847242,hist_mean:rule
2006-01,0.010805488975982368,0.010678825944446869,0.06333151576775034,hist_mean:rule
2006-02,-0.0007424181045478575,-0.001084937957352107,0.17125992640212462,hist_mean:rule
2006-03,-0.015092042290840697,-0.0152270633629477,0.06751053605349966,hist_mean:rule
2006-04,-0.0007148589872408032,-0.0009574667332498127,0.12130387300450468,hist_mean:rule
2006-05,0.0010695790006248077,0.0008544940164196169,0.1075424921025955,hist_mean:rule
2006-06,0.008706643267340292,0.008595528685664072,0.0555572908381102,hist_mean:rule
2006-07,0.0028884259905984167,0.0024804335553816888,0.20399621760836406,hist_mean:rule
2006-08,0.0031989801725389047,0.0029803898689023897,0.10929515181825744,hist_mean:rule
2006-09,0.00018698558028621253,-5.3701701511233536e-05,0.12034364089872297,hist_mean:rule
2006-10,-0.0019380651428502428,-0.0020788163363021387,0.0703755967259479,hist_mean:rule
2006-11,-0.006585393326671949,-0.006724041505793086,0.06932408956056876,hist_mean:rule
2006-12,-0.0007910737126688297,-0.0009524873055206903,0.08070679642593019,hist_mean:rule
2007-01,0.00032312106403672986,0.0001349837789320224,0.09406864255235364,hist_mean:rule
2007-02,-0.003718210831455202,-0.004115703773931058,0.19874647123792813,hist_mean:rule
2007-03,0.0049386547212373535,0.004746612971350319,0.09602087494351765,hist_mean:rule
2007-04,0.0035158781072819043,0.0032852051291503374,0.11533648906578364,hist_mean:rule
2007-05,0.0033048019312352747,0.0030395493148087697,0.1326263082132526,hist_mean:rule
2007-06,-1.3950472633367388e-06,-0.00018594058110303784,0.09227276691985059,hist_mean:rule
2007-07,-0.002007180497704583,-0.002224805343699514,0.10881242299746556,hist_mean:rule
2007-08,0.0035591664975462164,0.0033226551710975175,0.11825566322434951,hist_mean:rule
2007-09,-0.000651415060654586,-0.000841095341601317,0.09484014047336564,hist_mean:rule
2007-10,0.00794852570529554,0.007600085043356034,0.17422033096975267,hist_mean:rule
2007-11,0.0019668119172974513,0.0016670860755904088,0.14986292085352088,hist_mean:rule
2007-12,0.001470585644582621,0.0012244240703567148,0.12308078711295305,hist_mean:rule
2008-01,-0.0003862598882944338,-0.0006502890799341945,0.1320145958198803,hist_mean:rule
2008-02,0.0035777250719907605,0.0033591335429562323,0.10929576451726393,hist_mean:rule
2008-03,-0.0003282780788704333,-0.0005022672153636056,0.0869945682465863,hist_mean:rule
2008-04,0.003257717580517002,0.003051889969575475,0.1029138054707636,hist_mean:rule
2008-05,-0.0013884903045545808,-0.0016467004476926226,0.12910507156902098,hist_mean:rule
2008-06,0.0035237050002491534,0.0033643301125199495,0.07968744386460183,hist_mean:rule
2008-07,0.005185245515630854,0.005035427081414786,0.0749092171080335,hist_mean:rule
2008-08,0.0016650601822310455,0.0014705615772345531,0.09724930249824605,hist_mean:rule
2008-09,0.003723558621650141,0.0035711341306529335,0.07621224549860398,hist_mean:rule
2008-10,0.005758678102674455,0.005545098919529806,0.10678959157232416,hist_mean:rule
2008-11,0.007735034897390635,0.007475508350897566,0.12976327324653436,hist_mean:rule
2008-12,0.0008785197440805561,0.000612301004861939,0.13310936960930855,hist_mean:rule
2009-01,0.0016734557319955023,0.001443540702480879,0.11495751475731178,hist_mean:rule
2009-02,-0.002912549601483974,-0.003138694545455408,0.1130724719857173,hist_mean:rule
2009-03,-0.003425136933717372,-0.003633166209392764,0.10401463783769586,hist_mean:rule
2009-04,-0.019795828132083894,-0.020054817323491122,0.12949459570361332,hist_mean:rule
2009-05,-0.0047940986674826274,-0.005099996531486087,0.1529489320017296,hist_mean:rule
2009-06,0.0009201189724994216,0.0006431243298908881,0.1384973213042668,hist_mean:rule
2009-07,0.0029895242457479575,0.002795790563038249,0.0968668413548543,hist_mean:rule
2009-08,0.0024714450099561414,0.0022614825317778652,0.1049812390891382,hist_mean:rule
2009-09,-0.0009870802985769036,-0.0011512475397443605,0.08208362058372853,hist_mean:rule
2009-10,0.0011144944785100987,0.0009196028411394248,0.09744581868533694,hist_mean:rule
2009-11,0.003322306836359855,0.0031661054301356313,0.0781007031121117,hist_mean:rule
2009-12,-0.0019080064046336576,-0.0020653270047634046,0.07866030006487376,hist_mean:rule
2010-01,-0.0002235486783464146,-0.00037566957419021515,0.07606044792190017,hist_mean:rule
2010-02,0.0010050525833236019,0.0007901965831555835,0.10742800008400934,hist_mean:rule
2010-03,0.0006623717216412123,0.0004883273804195769,0.0870221706108178,hist_mean:rule
2010-04,0.0025185830665351624,0.002370599008367592,0.07399202908378523,hist_mean:rule
2010-05,0.0028355010319334258,0.002697539664553613,0.06898068368990617,hist_mean:rule
2010-06,0.0025295162838942656,0.002388711100885215,0.07040259150452545,hist_mean:rule
2010-07,0.0021704503188129383,0.0020561397792578083,0.05715526977756504,hist_mean:rule
2010-08,0.0021003184182815226,0.001950449748226963,0.07493433502727992,hist_mean:rule
2010-09,0.0015819430247718577,0.0014267677843445598,0.07758762021364887,hist_mean:rule
2010-10,0.00374726318395104,0.0036163605745599195,0.06545130469556042,hist_mean:rule
2010-11,0.006129902506863632,0.005994204303705827,0.06784910157890255,hist_mean:rule
2010-12,-0.00035553769120034783,-0.0004987130041838793,0.07158765649176557,hist_mean:rule
2011-01,0.0011370149241107241,0.0009963538180685655,0.07033055302107917,hist_mean:rule
2011-02,0.0021902908593489554,0.002039825904582182,0.07523247738338654,hist_mean:rule
2011-03,0.0011090860354818193,0.0009401889207544347,0.08444855736369233,hist_mean:rule
2011-04,0.004042198081515828,0.0039109669011619524,0.06561559017693795,hist_mean:rule
2011-05,0.002629969594881955,0.002513981878313313,0.05799385828432097,hist_mean:rule
2011-06,0.00175834603250123,0.0016509423961566113,0.05370181817230927,hist_mean:rule
2011-07,0.0051884953201782056,0.005078897260213499,0.054799029982352886,hist_mean:rule
2011-08,0.003704104510260016,0.0035958402356100773,0.054132137324968944,hist_mean:rule
2011-09,0.006528148949307928,0.006408641070341352,0.059753939483287916,hist_mean:rule
2011-10,2.9823898586031232e-05,-8.44239628160986e-05,0.05712393070106524,hist_mean:rule
2011-11,0.003726567325397387,0.0035923284564328,0.06711943448229343,hist_mean:rule
2011-12,0.0034385058542032343,0.0033392060312153133,0.0496499114939606,hist_mean:rule
2012-01,-0.008475380584319939,-0.008689577863324124,0.10709863950209379,hist_mean:rule
2012-02,0.0016676876566074697,0.0015296807790608263,0.06900343877332163,hist_mean:rule
2012-03,0.009508333112371897,0.009390460155420123,0.05893647847588725,hist_mean:rule
2012-04,0.002085924362040271,0.0018694062384584974,0.10825906179088655,hist_mean:rule
2012-05,0.0032458280565272417,0.0030889884450567336,0.07841980573525427,hist_mean:rule
2012-06,0.004447828108155647,0.004354392971880692,0.046717568137477544,hist_mean:rule
2012-07,0.0038851890452695306,0.0037645319386697064,0.060328553299912234,hist_mean:rule
2012-08,0.004439464713772938,0.004341006266910912,0.049229223431012506,hist_mean:rule
2012-09,0.0003367442210309906,0.00023853888867788098,0.04910266617655491,hist_mean:rule
2012-10,0.002354827197708529,0.0022566640334087604,0.049081582149884374,hist_mean:rule
2012-11,0.0030001229137650845,0.002900497044311574,0.049812934726755194,hist_mean:rule
2012-12,-0.00034399042913924185,-0.0004495438741930559,0.05277672252690705,hist_mean:rule
2013-01,0.0006066480802177864,0.0005087255976763979,0.04896124127069426,hist_mean:rule
2013-02,0.002911428417824853,0.002767144247171809,0.07214208532652217,hist_mean:rule
2013-03,0.0037673688835964756,0.003647586305125553,0.059891289235461276,hist_mean:rule
2013-04,0.0051243764357211535,0.004984293668171975,0.07004138377458957,hist_mean:rule
2013-05,0.00017785817467433983,5.3933105648829624e-05,0.061962534512755095,hist_mean:rule
2013-06,0.003538815931709092,0.003414423277446413,0.06219632713133963,hist_mean:rule
2013-07,0.009290303164568893,0.00914978394649841,0.07025960903524094,hist_mean:rule
2013-08,-0.001546885418386481,-0.0016762235625594217,0.06466907208647024,hist_mean:rule
2013-09,-0.001191102731718091,-0.0013729579151325268,0.09092759170721801,hist_mean:rule
2013-10,-0.0019398937985661453,-0.002052603909115369,0.05635505527461189,hist_mean:rule
2013-11,0.0005294884201460023,0.00040126154464527385,0.06411343775036431,hist_mean:rule
2013-12,0.003162183516958218,0.0030813465759771566,0.04041847049053013,hist_mean:rule
2014-01,0.003239068986268544,0.0031488095183162704,0.045129733976136906,hist_mean:rule
2014-02,0.0051381060090997825,0.005035231195128466,0.051437406985658664,hist_mean:rule
2014-03,0.0017740588207469563,0.0016783417099737253,0.04785855538661554,hist_mean:rule
2014-04,-0.0020616209217362356,-0.0022173184174824963,0.07784874787313045,hist_mean:rule
2014-05,0.0009574545953201286,0.000806388015579089,0.07553328987051983,hist_mean:rule
2014-06,0.0021136202503012837,0.00200921723495504,0.05220150767312197,hist_mean:rule
2014-07,0.0032748633733480845,0.0031838024850083598,0.045530444169862364,hist_mean:rule
2014-08,0.0011414129721923846,0.000992986088667243,0.07421344176257083,hist_mean:rule
2014-09,-0.0009902099162580618,-0.0010780737994184183,0.0439319415801782,hist_mean:rule
2014-10,0.0016953460633269718,0.0015949908011293674,0.05017763109880213,hist_mean:rule
2014-11,0.006453941690494173,0.006366753884190718,0.043593903151726926,hist_mean:rule
2014-12,0.006462696541767824,0.006368452088569382,0.047122226599220635,hist_mean:rule
2015-01,0.007326941604075383,0.00721368959831474,0.05662600288032083,hist_mean:rule
2015-02,-0.0008841884863508104,-0.0010074912290698932,0.06165137135954142,hist_mean:rule
2015-03,0.008022038980953654,0.007915726305661057,0.053156337646299394,hist_mean:rule
2015-04,-0.006423169042957244,-0.006554495696619676,0.06566332683121595,hist_mean:rule
2015-05,0.0016242116950993958,0.001453743317919945,0.0852341885897251,hist_mean:rule
2015-06,0.004428293100583521,0.004340042279860331,0.0441254103615956,hist_mean:rule
2015-07,0.0071157200374940294,0.007032502818439973,0.04160860952702751,hist_mean:rule
2015-08,0.004652585083440144,0.0045567566831419245,0.04791420014911007,hist_mean:rule
2015-09,0.00482086339183571,0.004731332044049826,0.04476567389294183,hist_mean:rule
2015-10,-0.0015788844995601066,-0.0016826553657188102,0.05188543307935178,hist_mean:rule
2015-11,0.0018645087876303437,0.0017685417485149744,0.04798351955768484,hist_mean:rule
2015-12,0.003789126496713009,0.0036804715968465945,0.05432744993320754,hist_mean:rule
2016-01,0.002234110475958121,0.0021365880376752605,0.048761219141430466,hist_mean:rule
2016-02,-0.0009402907592869087,-0.0010416436109497464,0.0506764258314188,hist_mean:rule
2016-03,-0.008173953953636074,-0.008284687858516758,0.0553669524403429,hist_mean:rule
2016-04,0.0012962310293432703,0.0011813035714773796,0.05746372893294534,hist_mean:rule
2016-05,0.0045014287839525114,0.004401631264178564,0.04989875988697365,hist_mean:rule
2016-06,-0.0008269904880608714,-0.0009119799972375072,0.042494754588317814,hist_mean:rule
2016-07,0.0030371139282517148,0.002957300489218061,0.03990671951682687,hist_mean:rule
2016-08,0.004740910522082512,0.004647832637849279,0.046538942116616897,hist_mean:rule
2016-09,0.004880574548667762,0.004768477499113125,0.05604852477731806,hist_mean:rule
2016-10,0.002714568460840236,0.002656330050361988,0.029119205239123723,hist_mean:rule
2016-11,-0.00515629313778698,-0.005249025272825141,0.046366067519080484,hist_mean:rule
2016-12,0.0007593224412260276,0.000601682793638539,0.07881982379374426,hist_mean:rule
2017-01,0.004140516773084119,0.004044338031014146,0.048089371034986055,hist_mean:rule
2017-02,-0.001223788681925821,-0.0013167144077076993,0.04646286289093943,hist_mean:rule
2017-03,0.004264054660824622,0.004187611062293877,0.038221799265372655,hist_mean:rule
2017-04,-0.001142303931266844,-0.0012234481273159519,0.040572098024553846,hist_mean:rule
2017-05,0.004833074638649199,0.004750336354961741,0.04136914184372838,hist_mean:rule
2017-06,0.000486584954709784,0.0003917366616701821,0.047424146519800904,hist_mean:rule
2017-07,0.0035312052764922626,0.0034601446252467256,0.03553032562276842,hist_mean:rule
2017-08,0.001223801194026407,0.0011456298102697291,0.0390856918783389,hist_mean:rule
2017-09,0.0033264870036813915,0.003261546497120918,0.03247025328023666,hist_mean:rule
2017-10,0.0015339592891631792,0.001459386637920578,0.03728632562130064,hist_mean:rule
2017-11,0.0013645793160098727,0.0012643783732880264,0.05010047136092328,hist_mean:rule
2017-12,-0.00025790296249296994,-0.00033397974471381984,0.038038391110425056,hist_mean:rule
2018-01,0.003644328253341045,0.003539606857933238,0.0523606977039036,hist_mean:rule
2018-02,0.002228418460110357,0.0021343660025691024,0.0470262287706272,hist_mean:rule
2018-03,0.0018787566481227218,0.001749446344658969,0.06465515173187643,hist_mean:rule
2018-04,0.0009548536560986241,0.0008665501507315599,0.04415175268353199,hist_mean:rule
2018-05,0.003991230140249051,0.003891845973911898,0.04969208316857672,hist_mean:rule
2018-06,0.0030803995418799313,0.002986426133280262,0.046986704299834425,hist_mean:rule
2018-07,0.004745311888923688,0.004661795597560982,0.04175814568135312,hist_mean:rule
2018-08,0.0038950736582872513,0.0038105261828050075,0.04227373774112152,hist_mean:rule
2018-09,0.0105247567154472,0.010442199779229177,0.04127846810901155,hist_mean:rule
2018-10,0.002522833687587202,0.002434377264024166,0.044228211781518006,hist_mean:rule
2018-11,-0.0010837312130737146,-0.0011756487971125,0.045958792019393103,hist_mean:rule
2018-12,-0.001671521346028213,-0.0017647724209039004,0.04662553743784393,hist_mean:rule
2019-01,0.004842472502533907,0.004772907523274325,0.034782489629791365,hist_mean:rule
2019-02,-0.00440644220585184,-0.004497795984939679,0.045676889543919026,hist_mean:rule
2019-03,0.003076955074245553,0.003004402763391578,0.036276155426987346,hist_mean:rule
2019-04,0.00169446005246347,0.00162437346621582,0.035043293123824926,hist_mean:rule
2019-05,0.0014202172789602294,0.0013421226006755658,0.0390473391423319,hist_mean:rule
2019-06,0.004245153297302986,0.004164169052262307,0.040492122520339305,hist_mean:rule
2019-07,0.005140757918650158,0.005082133463472707,0.029312227588725082,hist_mean:rule
2019-08,0.0017953634721358752,0.0017100493163340932,0.04265707790089103,hist_mean:rule
2019-09,-0.0015468333193606942,-0.0016188668103621442,0.03601674550072514,hist_mean:rule
2019-10,0.00028560072351425226,0.0002068053253180306,0.03939769909811065,hist_mean:rule
2019-11,0.002055241777682411,0.0019870600501377886,0.0340908637723111,hist_mean:rule
2019-12,0.003816498074034971,0.003738510531264015,0.03899377138547803,hist_mean:rule
2020-01,0.0021874603728261675,0.002127869139540547,0.029795616642810174,hist_mean:rule
2020-02,0.004001655030488845,0.003922659509367139,0.039497760560853086,hist_mean:rule
2020-03,0.0047658529988681714,0.00468890750691335,0.03847274597741099,hist_mean:rule
2020-04,-0.004280286892631082,-0.004440154686796292,0.07993389708260543,hist_mean:rule
2020-05,-0.000662749486864374,-0.0008033902406914754,0.07032037691355063,hist_mean:rule
2020-06,-0.005859406683389564,-0.005958132213658789,0.0493627651346126,hist_mean:rule
2020-07,0.0034567657274472124,0.0033286741522902227,0.06404578757849444,hist_mean:rule
2020-08,-0.0028124635340511725,-0.002931954841065912,0.05974565350736969,hist_mean:rule
2020-09,0.0009232090006220367,0.000827363706628387,0.04792264699682487,hist_mean:rule
2020-10,0.004412370489792449,0.0043200988309814005,0.04613582940552437,hist_mean:rule
2020-11,-0.018043097572602966,-0.018130791380467113,0.04384690393207257,hist_mean:rule
2020-12,-0.0055948923174597796,-0.005730848333477276,0.06797800800874855,hist_mean:rule
2021-01,0.00426666676020951,0.004162238232904049,0.05221426365273029,hist_mean:rule
2021-02,-0.002301255680607402,-0.002398901224491381,0.04882277194198961,hist_mean:rule
2021-03,0.001902930729636299,0.001792398266405866,0.055266231615216446,hist_mean:rule
2021-04,0.0011336110152773118,0.0010402446171407856,0.046683199068263105,hist_mean:rule
2021-05,0.0005984612752219329,0.0004865456077566074,0.0559578337326627,hist_mean:rule
2021-06,-0.004209227049619105,-0.004295796159531081,0.043284554955987486,hist_mean:rule
2021-07,0.0037199595290126255,0.0036243790175659635,0.04779025572333076,hist_mean:rule
2021-08,-0.0009614130775924712,-0.0010332225122860147,0.03590471734677185,hist_mean:rule
2021-09,0.00415269431898286,0.004061101966203049,0.045796176389905824,hist_mean:rule
2021-10,0.00011675249386592917,3.0229159624460417e-05,0.04326166712073414,hist_mean:rule
2021-11,0.005834062104220995,0.005750910659332199,0.041575722444398194,hist_mean:rule
2021-12,0.00785670659118828,0.0077515243728713355,0.05259110915847229,hist_mean:rule
2022-01,0.007511861783902936,0.007433588248595127,0.039136767653904274,hist_mean:rule
2022-02,0.007962194341738003,0.007875407858480558,0.043393241628723274,hist_mean:rule
2022-03,0.0047544206456142804,0.00465926445635071,0.047578094631785285,hist_mean:rule
2022-04,0.009041041160270689,0.008935011729815588,0.053014715227549906,hist_mean:rule
2022-05,0.004689992119178357,0.004575056453817606,0.057467832680375565,hist_mean:rule
2022-06,-0.0013599911124281068,-0.0014547058150889871,0.04735735133044008,hist_mean:rule
2022-07,-0.000978793350655271,-0.0010707679207202473,0.04598728503248823,hist_mean:rule
2022-08,-0.002486676653459197,-0.0025635570414034078,0.038440193972105206,hist_mean:rule
2022-09,0.0027590272757369028,0.002670367855597829,0.04432971006953666,hist_mean:rule
2022-10,0.0030048479968208964,0.002920090357787666,0.04237881951661503,hist_mean:rule
2022-11,-0.0014885284846127258,-0.001596153264142859,0.05381238976506661,hist_mean:rule
2022-12,0.0056287558364008705,0.005515959673052084,0.05639808167439366,hist_mean:rule
2023-01,0.0017132221859932145,0.001626917349515257,0.04315241823897863,hist_mean:rule
2023-02,0.001922348453706881,0.0018255181692650793,0.04841514222090058,hist_mean:rule
2023-03,0.0018941003744781333,0.0018260188228343779,0.03404077582187782,hist_mean:rule
2023-04,-0.0005117282042936618,-0.0005916598649997618,0.03996583035305007,hist_mean:rule
2023-05,-0.0022919701081790607,-0.002374123846150034,0.04107686898548651,hist_mean:rule
2023-06,0.0026380615670032847,0.0025614617023145946,0.03829993234434519,hist_mean:rule
2023-07,0.0015410440841281613,0.0014642611961091956,0.03839144400948268,hist_mean:rule
2023-08,0.0011746518361603995,0.001079761301208485,0.047445267475957315,hist_mean:rule
2023-09,0.005777500971009344,0.0057061475756747275,0.035676697667307605,hist_mean:rule
2023-10,0.005247932685495368,0.005175884344109792,0.03602417069278808,hist_mean:rule
2023-11,-0.0030145867134826793,-0.0031532310661038193,0.06932217631056978,hist_mean:rule
2023-12,0.0037407922411433676,0.00366684488820329,0.03697367647003887,hist_mean:rule
2024-01,0.010211384508225637,0.01013758667926017,0.036898914482734066,hist_mean:rule
2024-02,-0.0016677494482437937,-0.0017576588891563534,0.04495472045627983,hist_mean:rule
2024-03,0.00370179613157997,0.0036154694850522263,0.04316332326387204,hist_mean:rule
2024-04,0.0017007732970907906,0.0015939600021006766,0.05340664749505677,hist_mean:rule
2024-05,0.0014191699182760618,0.0013127899537204067,0.05318998227782765,hist_mean:rule
2024-06,0.002431926109506726,0.0023402096634892637,0.04585822300873084,hist_mean:rule
2024-07,0.0017429653506938934,0.0016847776180166653,0.029093866338614195,hist_mean:rule
2024-08,0.002035242164716789,0.0019690051517358043,0.033118506490492264,hist_mean:rule
2024-09,8.0483425078999e-05,1.254869440825005e-05,0.03396736533537441,hist_mean:rule
2024-10,-0.0003948419226528398,-0.00045831497964811445,0.03173652849763738,hist_mean:rule
2024-11,0.009991781643614788,0.009917161932195663,0.037309855709561836,hist_mean:rule
2024-12,0.000994735681094432,0.0009268236734343775,0.0339560038300273,hist_mean:rule
2025-01,0.0023260221330640585,0.0022646576526239768,0.03068224022004112,hist_mean:rule
2025-02,0.0029095388186587624,0.002833366052589679,0.03808638303454183,hist_mean:rule
2025-03,0.0045327505066765,0.004461971335770875,0.03538958545281255,hist_mean:rule
2025-04,-0.00020766617660326837,-0.00028387611248669847,0.03810496794171492,hist_mean:rule
2025-05,-0.00047463861270105335,-0.0005553890161627982,0.04037520173087234,hist_mean:rule
2025-06,-0.003406667618794705,-0.0034934584352791145,0.04339540824220431,hist_mean:rule
2025-07,-0.0016283056830460273,-0.0016873558828518263,0.029525099902899546,hist_mean:rule
2025-08,-0.002087344897356478,-0.0021663557677067836,0.03950543517515305,hist_mean:rule
2025-09,0.0036071569453896483,0.003534995534487201,0.036080705451223424,hist_mean:rule
2025-10,0.007452497077137493,0.007375402287248812,0.03854739494434048,hist_mean:rule
2025-11,0.003924233507515018,0.00383081915624017,0.04670717563742372,hist_mean:rule
2025-12,0.006178147882459223,0.00611448052143912,0.0318336805100518,hist_mean:rule
2001-01,-0.01369092832746634,-0.01369092832746634,0.0,ols:dm_only
2001-02,0.005701825884436681,0.003573053363135917,1.0643862606503827,ols:dm_only
2001-03,0.021702796181011178,0.019576625982443863,1.0630850992836574,ols:dm_only
2001-04,0.005435018668813787,0.003758647519658421,0.8381855745776831,ols:dm_only
2001-05,0.007673385953839136,0.005826963939866319,0.9232110069864082,ols:dm_only
2001-06,-0.005053071802263733,-0.0066515766534093355,0.799252425572801,ols:dm_only
2001-07,0.018428452597688376,0.016575901399778086,0.9262755989551449,ols:dm_only
2001-08,-0.008171410315627091,-0.009790200079311744,0.8093948818423254,ols:dm_only
2001-09,0.004372556531763734,0.0025157406543369785,0.9284079387133777,ols:dm_only
2001-10,-0.019525000172696986,-0.021466164494397463,0.9705821608502384,ols:dm_only
2001-11,0.009270873675960824,0.0069593847111504925,1.1557444824051661,ols:dm_only
2001-12,0.012142424888221598,0.01024449229866668,0.9489662947774579,ols:dm_only
2002-01,0.0003205505889493165,-0.0018984534075554686,1.1095019982523928,ols:dm_only
2002-02,0.007135675456360186,0.005623741478577115,0.7559669888915351,ols:dm_only
2002-03,0.011503841178585992,0.010160735251584034,0.6715529635009797,ols:dm_only
2002-04,0.006192797400312146,0.005005897635638545,0.5934498823368011,ols:dm_only
2002-05,0.004616623645092632,0.0033009254237451424,0.6578491106737446,ols:dm_only
2002-06,0.00569324775431182,0.004384938598684034,0.6541545778138925,ols:dm_only
2002-07,0.004328950721163232,0.00305617353264057,0.6363885942613314,ols:dm_only
2002-08,0.0012774894568741498,5.6989692882783205e-05,0.6102498819956832,ols:dm_only
2002-09,0.0050839086559690775,0.0037822776366273118,0.6508155096708824,ols:dm_only
2002-10,0.0016294198695702513,0.0004407970816147327,0.594311393977759,ols:dm_only
2002-11,0.0027266137320960267,0.001195075714440486,0.7657690088277703,ols:dm_only
2002-12,0.002771680993626969,0.0014911483182156542,0.6402663377056569,ols:dm_only
2003-01,0.0020321175194771245,0.0007206691173622099,0.6557242010574575,ols:dm_only
2003-02,0.0002499283423820088,-0.0007043256353627596,0.47712698887238403,ols:dm_only
2003-03,0.010516233776330037,0.009516747140437709,0.4997433179461645,ols:dm_only
2003-04,-0.004923720079559505,-0.005613604833373911,0.3449423769072024,ols:dm_only
2003-05,0.0033739693755138103,0.0021518257870681125,0.6110717942228486,ols:dm_only
2003-06,0.005849955914226964,0.004701125822347747,0.5744150459396088,ols:dm_only
2003-07,0.00896640889252539,0.007916033673221072,0.5251876096521594,ols:dm_only
2003-08,0.004930051740470997,0.0038621313906319573,0.5339601749195204,ols:dm_only
2003-09,-0.00372187772373092,-0.0049108541706511695,0.5944882234601251,ols:dm_only
2003-10,0.011237584970464034,0.01011322704092449,0.5621789647697719,ols:dm_only
2003-11,0.0009599480458699507,-9.780451815624948e-05,0.5288762820131,ols:dm_only
2003-12,0.0008846563251466828,-0.00025933835226985545,0.5719973387082689,ols:dm_only
2004-01,-0.00939334659220096,-0.010565871993717417,0.5862627007582283,ols:dm_only
2004-02,0.003017430340685576,0.0016560698900102444,0.6806802253376659,ols:dm_only
2004-03,0.0021026183095702736,0.0009736129053751376,0.5645027020975681,ols:dm_only
2004-04,0.002367503371055884,0.0012601691852770253,0.5536670928894293,ols:dm_only
2004-05,-0.006309274019295648,-0.007408018583361276,0.5493722820328139,ols:dm_only
2004-06,0.0022350290139019585,0.0011200118017637597,0.5575086060690992,ols:dm_only
2004-07,0.005106559335954365,0.00408128164139205,0.512638847281158,ols:dm_only
2004-08,0.003663615662186176,0.002719727387871239,0.4719441371574687,ols:dm_only
2004-09,0.004124516581858281,0.003131633796060056,0.49644139289911277,ols:dm_only
2004-10,0.010846576793336143,0.009876552360801951,0.485012216267096,ols:dm_only
2004-11,0.003926536830427537,0.0030366999065141956,0.4449184619566705,ols:dm_only
2004-12,0.008085853230377056,0.006990739195233152,0.5475570175719523,ols:dm_only
2005-01,-0.0020608281778509633,-0.003219440251778485,0.5793060369637609,ols:dm_only
2005-02,0.003366651674319494,0.0022721399592090705,0.5472558575552116,ols:dm_only
2005-03,0.00860396050261632,0.007474006077487664,0.5649772125643288,ols:dm_only
2005-04,0.014289725505715301,0.01319452451147194,0.54760049712168,ols:dm_only
2005-05,-0.015608056951744265,-0.01650928063922013,0.45061184373793184,ols:dm_only
2005-06,0.002803248485974756,0.0014846637159473676,0.6592923850136939,ols:dm_only
2005-07,0.002508004213002394,0.0014480616540002169,0.5299712795010886,ols:dm_only
2005-08,0.0013171695691606277,0.00024373807013314968,0.5367157495137391,ols:dm_only
2005-09,0.003421835512106512,0.002210146748258568,0.6058443819239719,ols:dm_only
2005-10,0.0002128690114041403,-0.0008577502266292818,0.535309619016711,ols:dm_only
2005-11,-0.00362190991802232,-0.004684749193904251,0.5314196379409655,ols:dm_only
2005-12,-0.0009221534105873076,-0.0020258753487614224,0.5518609690870577,ols:dm_only
2006-01,0.0037569604879210063,0.00257431598191292,0.5913222530040433,ols:dm_only
2006-02,0.005151207592810811,0.003672507842069939,0.739349875370436,ols:dm_only
2006-03,-0.010491795650154515,-0.011786422746719802,0.6473135482826424,ols:dm_only
2006-04,0.008385640790864193,0.007079513280103599,0.6530637553802974,ols:dm_only
2006-05,0.000593334604208117,-0.0006457178786315269,0.6195262414198219,ols:dm_only
2006-06,0.01296312343102888,0.011793463986262239,0.5848297223833212,ols:dm_only
2006-07,-0.005857353847146578,-0.007046282274939802,0.5944642138966121,ols:dm_only
2006-08,-0.006462223137328481,-0.00781320607201691,0.6754914673442144,ols:dm_only
2006-09,0.00244592499301234,0.001110998223885533,0.6674633845634032,ols:dm_only
2006-10,-0.0023847204709449552,-0.0035372964740574865,0.576288001556266,ols:dm_only
2006-11,0.009443918023776693,0.008219416557658489,0.612250733059103,ols:dm_only
2006-12,0.0016594674007914454,0.0005382766552713748,0.5605953727600353,ols:dm_only
2007-01,0.0060711734226484215,0.004822128561480665,0.6245224305838781,ols:dm_only
2007-02,0.0013649910408856185,0.00011926798604425719,0.6228615274206806,ols:dm_only
2007-03,0.005879340361044786,0.004733444536828731,0.5729479121080278,ols:dm_only
2007-04,0.00670180930292288,0.005580365687251853,0.5607218078355136,ols:dm_only
2007-05,0.0013417666638049068,0.00017310074148006808,0.5843329611624194,ols:dm_only
2007-06,-0.002743511576208587,-0.004066780772154317,0.6616345979728646,ols:dm_only
2007-07,-0.0002492825045857793,-0.0017220352537969624,0.7363763746055915,ols:dm_only
2007-08,0.001483452086322432,9.474147956818103e-05,0.6943553033771254,ols:dm_only
2007-09,0.0031898651390842104,0.0018170567540318685,0.6864041925261711,ols:dm_only
2007-10,0.012208959800653936,0.010927606705743796,0.6406765474550692,ols:dm_only
2007-11,0.0033213724246143857,0.002036589418019809,0.642391503297288,ols:dm_only
2007-12,0.004675068525938413,0.003219618794072566,0.7277248659329236,ols:dm_only
2008-01,0.002086297997147759,0.0008837291335850232,0.6012844317813679,ols:dm_only
2008-02,-0.0013881946510211844,-0.002869554855666974,0.7406801023228952,ols:dm_only
2008-03,0.005037043977637902,0.0036010703075393747,0.7179868350492634,ols:dm_only
2008-04,0.0023445209102274135,0.0009663326364282479,0.6890941368995828,ols:dm_only
2008-05,-0.003091722029366273,-0.004533231455843642,0.7207547132386841,ols:dm_only
2008-06,0.010139957996347919,0.008788876456586627,0.6755407698806458,ols:dm_only
2008-07,-0.004433653378085939,-0.005596728679542553,0.5815376507283064,ols:dm_only
2008-08,0.009222788756858185,0.007737220623730209,0.7427840665639871,ols:dm_only
2008-09,0.01390385874500713,0.012768946394380433,0.5674561753133496,ols:dm_only
2008-10,0.033813422540062296,0.03270331938028332,0.5550515798894868,ols:dm_only
2008-11,0.018757408744121375,0.017659014626410053,0.54919705885566,ols:dm_only
2008-12,-0.005061259631533583,-0.0062583792709936135,0.5985598197300156,ols:dm_only
2009-01,0.000977135536286529,-0.00042576329376913126,0.7014494150278302,ols:dm_only
2009-02,0.0065209273392892045,0.005045129303476948,0.737899017906128,ols:dm_only
2009-03,-0.011490113996391922,-0.012697233436300056,0.6035597199540673,ols:dm_only
2009-04,-0.016497295212365246,-0.018052266649860763,0.7774857187477603,ols:dm_only
2009-05,0.011630501225428696,0.009798458924394541,0.9160211505170778,ols:dm_only
2009-06,-0.0035259534670869512,-0.00517740379177167,0.8257251623423595,ols:dm_only
2009-07,0.0044431476901028956,0.0026682702705586136,0.887438709772141,ols:dm_only
2009-08,0.0015687413874100533,0.00021012976115604862,0.6793058131270022,ols:dm_only
2009-09,0.005072107158696924,0.003702585815595377,0.6847606715507742,ols:dm_only
2009-10,0.0014488739275950906,0.00020923212175198342,0.6198209029215535,ols:dm_only
2009-11,0.0017813325219293483,0.00048397789028692265,0.6486773158212129,ols:dm_only
2009-12,-0.0021491204181972546,-0.0033732904487080006,0.6120850152553727,ols:dm_only
2010-01,-0.001872105624635072,-0.0032974528743273655,0.712673624846147,ols:dm_only
2010-02,-0.002557828842169419,-0.00409902340811584,0.7705972829732101,ols:dm_only
2010-03,-0.0033032737683167377,-0.004909364214424638,0.8030452230539497,ols:dm_only
2010-04,0.005189738044482027,0.0037259796997217262,0.7318791723801499,ols:dm_only
2010-05,0.0042536002559908715,0.00288200091098655,0.6857996725021607,ols:dm_only
2010-06,0.007814513035061333,0.006536703827678587,0.6389046036913727,ols:dm_only
2010-07,-0.0019084795982611637,-0.003047923175298577,0.5697217885187068,ols:dm_only
2010-08,0.003596881685871262,0.0021746402005514923,0.7111207426598848,ols:dm_only
2010-09,0.0013706159227047853,-1.5996199834426835e-05,0.693306061269606,ols:dm_only
2010-10,0.006522660384024482,0.005082854163294104,0.7199031103651887,ols:dm_only
2010-11,0.008685544005305114,0.007360136099169703,0.6627039530677057,ols:dm_only
2010-12,0.006079493145267114,0.004756080682179923,0.6617062315435954,ols:dm_only
2011-01,0.005143205004444107,0.0038572262764000487,0.6429893640220288,ols:dm_only
2011-02,-0.0018280067702172854,-0.0032422890221654533,0.7071411259740842,ols:dm_only
2011-03,-0.0004579891246280746,-0.001843392587149546,0.6927017312607356,ols:dm_only
2011-04,0.0075927736018485984,0.006236269452827403,0.6782520745105974,ols:dm_only
2011-05,0.0042313041152901324,0.0030286584696375975,0.6013228228262674,ols:dm_only
2011-06,0.004463251250440448,0.0032519623816699237,0.605644434385262,ols:dm_only
2011-07,0.006185501729265786,0.005082015329390612,0.5517431999375871,ols:dm_only
2011-08,0.009829021914346757,0.008768203112346917,0.53040940099992,ols:dm_only
2011-09,0.012097463717140872,0.011006216225563371,0.5456237457887506,ols:dm_only
2011-10,-0.008254537090598117,-0.00945893126302956,0.6021970862157218,ols:dm_only
2011-11,0.0027874795532708166,0.0012400820334474963,0.7736987599116599,ols:dm_only
2011-12,0.0043915730983102395,0.002922903359382658,0.7343348694637909,ols:dm_only
2012-01,-0.01922755280553648,-0.02024776932446511,0.5101082594643138,ols:dm_only
2012-02,-0.0022345332814277773,-0.0036605039773348375,0.7129853479535304,ols:dm_only
2012-03,0.007755920458268296,0.006419808804653422,0.668055826807437,ols:dm_only
2012-04,0.005366990261560029,0.004199483340918326,0.5837534603208513,ols:dm_only
2012-05,0.010500219862967964,0.009436905778306701,0.5316570423306316,ols:dm_only
2012-06,0.0050377378719281595,0.003993571568321324,0.5220831518034179,ols:dm_only
2012-07,0.006764264008048039,0.005670209246380367,0.5470273808338357,ols:dm_only
2012-08,0.005106040756625405,0.004056380602170347,0.5248300772275291,ols:dm_only
2012-09,-0.0011938975851123834,-0.0022204136356601236,0.5132580252738703,ols:dm_only
2012-10,0.002169722724958425,0.0009822721998957043,0.5937252625313606,ols:dm_only
2012-11,0.007212009205416872,0.006073481632818608,0.5692637862991324,ols:dm_only
2012-12,-0.002868570982853628,-0.003920613561317236,0.5260212892318036,ols:dm_only
2013-01,0.0031822241655917473,0.0019441899045762416,0.6190171305077528,ols:dm_only
2013-02,0.0036106312505823582,0.002414063503024785,0.5982838737787864,ols:dm_only
2013-03,0.008894022008839712,0.007820010932045342,0.5370055383971842,ols:dm_only
2013-04,0.009331239739189446,0.008410784348473201,0.4602276953581229,ols:dm_only
2013-05,0.0035404067985642476,0.002556248175991058,0.49207931128659477,ols:dm_only
2013-06,0.003354153198150559,0.002106982162773209,0.623585517688675,ols:dm_only
2013-07,0.009040829062543948,0.007812179233158822,0.6143249146925621,ols:dm_only
2013-08,-0.0011875163055610882,-0.0024462852360060514,0.6293844652224814,ols:dm_only
2013-09,-0.004927993056736444,-0.006299062399348296,0.6855346713059256,ols:dm_only
2013-10,-0.0005917645042406423,-0.001857550354666069,0.6328929252127131,ols:dm_only
2013-11,-0.0006561976077954731,-0.0018120129378795245,0.5779076650420257,ols:dm_only
2013-12,0.004101664531733751,0.0030563232244505915,0.5226706536415797,ols:dm_only
2014-01,0.00041669282419053047,-0.0005070676227376371,0.46188022346408375,ols:dm_only
2014-02,0.0047600226954035586,0.003640975848833459,0.55952342328505,ols:dm_only
2014-03,0.0011377571485319893,4.694601484967346e-05,0.5454055668411577,ols:dm_only
2014-04,0.0012323367090078966,6.184476640283045e-05,0.5852459713025331,ols:dm_only
2014-05,-0.00013992379558780331,-0.0012881560461570922,0.5741161252846445,ols:dm_only
2014-06,0.0028568794845188652,0.0016813185270341793,0.5877804787423427,ols:dm_only
2014-07,0.0008552638533927252,-0.00028983622648206983,0.5725500399373975,ols:dm_only
2014-08,0.002941841159373028,0.0018158607064275958,0.5629902264727163,ols:dm_only
2014-09,-0.0019242352911332244,-0.002979122220623383,0.5274434647450795,ols:dm_only
2014-10,0.002654427035743257,0.001602772553320448,0.5258272412114043,ols:dm_only
2014-11,0.008595156738660552,0.007522351555819678,0.5364025914204378,ols:dm_only
2014-12,0.013125546157827217,0.012129450752935202,0.49804770244600755,ols:dm_only
2015-01,0.005367224643657595,0.00439881232608159,0.48420615878800227,ols:dm_only
2015-02,-0.00039942997595214096,-0.001551007164253451,0.5757885941506546,ols:dm_only
2015-03,0.003687826478605277,0.0024773723200155525,0.605227079294862,ols:dm_only
2015-04,-0.0105949401149938,-0.011761312257350165,0.5831860711781817,ols:dm_only
2015-05,-0.00010182701609223396,-0.001588132584721149,0.7431527843144575,ols:dm_only
2015-06,0.002416710459381464,0.0010205594302990834,0.6980755145411904,ols:dm_only
2015-07,0.0078704206230824,0.00682909216824469,0.5206642274188548,ols:dm_only
2015-08,0.007525455998926222,0.006460510354304427,0.532472822310897,ols:dm_only
2015-09,0.0035285831088808545,0.002440378883371694,0.5441021127545805,ols:dm_only
2015-10,-0.004187825333275157,-0.005329727178490039,0.5709509226074413,ols:dm_only
2015-11,0.0024040648691796493,0.0011468341741919113,0.6286153474938688,ols:dm_only
2015-12,-0.00021311184007113306,-0.0014425623984749055,0.614725279201886,ols:dm_only
2016-01,0.0015956505254177643,0.0003874619281421126,0.6040942986378257,ols:dm_only
2016-02,-0.0002463495713319215,-0.0014640131411965311,0.6088317849323049,ols:dm_only
2016-03,-0.004941880791199741,-0.006244215538294245,0.6511673735472522,ols:dm_only
2016-04,0.0037235593888674495,0.0023544465108915084,0.6845564389879707,ols:dm_only
2016-05,0.0010313666455950134,-0.00022677721109675772,0.6290719283458854,ols:dm_only
2016-06,-0.0014619636152542876,-0.002717366164814417,0.6277012747800645,ols:dm_only
2016-07,-0.0008228435604251834,-0.0019212937365112519,0.5492250880430343,ols:dm_only
2016-08,0.005721073759696523,0.004492154819364,0.614459470166261,ols:dm_only
2016-09,0.006082023518055839,0.004992106767491361,0.5449583752822391,ols:dm_only
2016-10,0.0014214038122268324,0.0005608705477420097,0.43026663224241113,ols:dm_only
2016-11,-0.002373670750624128,-0.0034391862625522615,0.5327577559640667,ols:dm_only
2016-12,0.0006420439703630245,-0.0006058452377958053,0.6239446040794149,ols:dm_only
2017-01,0.002910793084026837,0.0017600900543113258,0.5753515148577557,ols:dm_only
2017-02,-0.00036260919328731905,-0.0015643166842329668,0.6008537454728238,ols:dm_only
2017-03,0.0021547200560565033,0.001029582819913804,0.5625686180713496,ols:dm_only
2017-04,-3.0742373696379666e-05,-0.0011483248862645204,0.5587912562840701,ols:dm_only
2017-05,0.004496190595617075,0.003438944770072788,0.5286229127721436,ols:dm_only
2017-06,0.000600713892252376,-0.0005779635594087526,0.5893387258305643,ols:dm_only
2017-07,0.0019195882978155303,0.0008306463244440706,0.54447098668573,ols:dm_only
2017-08,0.003342331352179114,0.00218300229117669,0.5796645305012119,ols:dm_only
2017-09,0.001232248795747116,0.00023693689955137754,0.4976559480978692,ols:dm_only
2017-10,0.003838458051368935,0.0028327168002880826,0.5028706255404266,ols:dm_only
2017-11,0.0020223077145578396,0.0008763544404287117,0.5729766370645641,ols:dm_only
2017-12,0.0037633079511066305,0.00255264476875742,0.6053315911746062,ols:dm_only
2018-01,0.004123248697192035,0.0029070772061600076,0.608085745516014,ols:dm_only
2018-02,0.0023299695661223594,0.0010215322077530705,0.6542186791846445,ols:dm_only
2018-03,0.004028976692856876,0.0028509785006327853,0.5889990961120454,ols:dm_only
2018-04,0.000652262123067866,-0.00042944495509224397,0.540853539080055,ols:dm_only
2018-05,0.0027134708286299875,0.0014777657108230632,0.6178525589034621,ols:dm_only
2018-06,0.0026981735889053445,0.001440679242313176,0.628747173296084,ols:dm_only
2018-07,0.002624634689330923,0.0014916809295522353,0.5664768798893438,ols:dm_only
2018-08,0.004379867421901433,0.003246925982274687,0.566470719813373,ols:dm_only
2018-09,0.013153892354255221,0.01203371762773615,0.5600873632595355,ols:dm_only
2018-10,0.004050379362210741,0.0030079195667005866,0.5212298977550774,ols:dm_only
2018-11,-0.003339196797850191,-0.004452905621845423,0.5568544119976166,ols:dm_only
2018-12,0.004852793921768735,0.0034580621217375584,0.6973659000155885,ols:dm_only
2019-01,-0.002057880873689091,-0.003181349168012504,0.5617341471617064,ols:dm_only
2019-02,-0.005653623811038958,-0.006945781788298916,0.6460789886299795,ols:dm_only
2019-03,0.005082905306322647,0.00383267670039204,0.6251143029653039,ols:dm_only
2019-04,0.001732947181223736,0.0007387983929164223,0.4970743941536568,ols:dm_only
2019-05,0.002125227872949683,0.0010530058820547464,0.5361109954474682,ols:dm_only
2019-06,0.0026360846012163093,0.0014387018046291265,0.5986913982935913,ols:dm_only
2019-07,0.005861112110771973,0.004748944563502772,0.5560837736346005,ols:dm_only
2019-08,0.004104250874125879,0.0031118099222891367,0.49622047591837143,ols:dm_only
2019-09,-0.0026330864141147336,-0.003700014057243692,0.5334638215644795,ols:dm_only
2019-10,0.002045573573244512,0.0008388607590638382,0.6033564070903368,ols:dm_only
2019-11,0.0011859409281988963,0.00010775799642868687,0.5390914658851048,ols:dm_only
2019-12,0.005271164112319584,0.0041154199827900025,0.5778720647647909,ols:dm_only
2020-01,0.005452907319975238,0.004484092691630065,0.4844073141725863,ols:dm_only
2020-02,0.00952157190424665,0.008473207708780583,0.5241820977330334,ols:dm_only
2020-03,0.016591497578418532,0.015590575481090824,0.5004610486638538,ols:dm_only
2020-04,-0.018656726932618356,-0.020101856856336683,0.7225649618591626,ols:dm_only
2020-05,-0.0008775896222979592,-0.0028508359473670168,0.9866231625345285,ols:dm_only
2020-06,-0.003417476867836638,-0.0049901635204760205,0.7863433263196911,ols:dm_only
2020-07,0.005065047571255143,0.00358149585127048,0.7417758599923311,ols:dm_only
2020-08,0.0017304481034250822,0.000323723613432019,0.7033622449965317,ols:dm_only
2020-09,-0.00407051059983157,-0.005471009042781471,0.7002492214749506,ols:dm_only
2020-10,0.001716716511834653,0.0002822967130744365,0.7172098993801084,ols:dm_only
2020-11,-0.024209537020458596,-0.025441552822452196,0.6160079009967988,ols:dm_only
2020-12,0.0022972136538190243,0.00038642541717717104,0.9553941183209264,ols:dm_only
2021-01,0.0014279213118015876,-0.00021424734443543445,0.821084328118511,ols:dm_only
2021-02,0.0014465017335164676,4.50448779215756e-05,0.700728427797446,ols:dm_only
2021-03,0.006599395973714394,0.005147542943077478,0.7259265153184579,ols:dm_only
2021-04,0.005056010160628113,0.003788861894833416,0.6335741328973488,ols:dm_only
2021-05,0.0036551805749444875,0.002299009988501706,0.6780852932213908,ols:dm_only
2021-06,-0.003604310587243143,-0.004911641070784483,0.6536652417706698,ols:dm_only
2021-07,0.00433364413785947,0.00308198411152507,0.6258300131672,ols:dm_only
2021-08,-0.0015098575223784323,-0.002694402207239455,0.5922723424305114,ols:dm_only
2021-09,0.007330404970621068,0.006046689228534807,0.6418578710431304,ols:dm_only
2021-10,0.0020130878576840056,0.0008331749379847842,0.5899564598496106,ols:dm_only
2021-11,0.004291463135039748,0.003139411976206971,0.5760255794163887,ols:dm_only
2021-12,0.008169168613048748,0.006822611349439778,0.6732786318044853,ols:dm_only
2022-01,0.01132285928455688,0.010264914736565833,0.5289722739955234,ols:dm_only
2022-02,0.007498072044645385,0.006517635276434152,0.4902183841056166,ols:dm_only
2022-03,0.00907842185704937,0.008011627898587809,0.5333969792307811,ols:dm_only
2022-04,0.010461017949044466,0.009483037298787566,0.488990325128451,ols:dm_only
2022-05,0.0038462445807642964,0.0028685095219948328,0.48886752938473194,ols:dm_only
2022-06,0.0020755822967054166,0.0010008819533909473,0.5373501716572343,ols:dm_only
2022-07,-0.005552889048284744,-0.0066543106758054716,0.5507108137603631,ols:dm_only
2022-08,-0.0012866442340579163,-0.0024491804596287734,0.5812681127854286,ols:dm_only
2022-09,0.006353452686151978,0.0052904857031709695,0.5314834914905043,ols:dm_only
2022-10,0.005126044796393452,0.004101539450225313,0.5122526730840697,ols:dm_only
2022-11,-0.0065046332648247265,-0.007611963373823179,0.5536650544992263,ols:dm_only
2022-12,0.005002097540054321,0.003758734116986773,0.621681711533774,ols:dm_only
2023-01,0.0007397718059453165,-0.0003310279694548796,0.5353998877000982,ols:dm_only
2023-02,0.007076826609089772,0.0060124226885919455,0.5322019602489134,ols:dm_only
2023-03,0.003035457831657111,0.002148912222347597,0.44327280465475716,ols:dm_only
2023-04,-0.0004209041045248563,-0.0014484234522206152,0.5137596738478796,ols:dm_only
2023-05,-0.0017057561790557489,-0.0026574912163977457,0.4758675186709986,ols:dm_only
2023-06,0.0012751868282109677,0.00025792525770193373,0.508630785254517,ols:dm_only
2023-07,0.0041791702388492774,0.0031074622150095116,0.535854011919883,ols:dm_only
2023-08,0.0015045781761056547,0.0004354779842035497,0.5345500959510523,ols:dm_only
2023-09,0.010264423825193068,0.009240026489014667,0.5121986680892003,ols:dm_only
2023-10,0.007814994543714421,0.006954593637929654,0.43020045289238396,ols:dm_only
2023-11,-0.00940210959896409,-0.010341295966343166,0.4695931836895376,ols:dm_only
2023-12,0.003283152115230646,0.002096477838964098,0.593337138133274,ols:dm_only
2024-01,0.008136063524647165,0.007080180977852645,0.5279412733972599,ols:dm_only
2024-02,0.00016256178757788974,-0.0009163371943535336,0.5394494909657116,ols:dm_only
2024-03,0.0034478950221354695,0.0023286629804449856,0.5596160208452422,ols:dm_only
2024-04,-0.00048573309272170913,-0.0015698351713200269,0.5420510392991589,ols:dm_only
2024-05,0.0019067558890805954,0.0008328116932260539,0.5369720979272707,ols:dm_only
2024-06,-0.0009564138270542282,-0.001995521969437462,0.5195540711916169,ols:dm_only
2024-07,0.0002057899580823536,-0.0008249538948037549,0.5153719264430543,ols:dm_only
2024-08,0.0031600674841903956,0.002114895957195844,0.5225857634972755,ols:dm_only
2024-09,0.0003638092641588406,-0.0006509286169776404,0.5073689405682403,ols:dm_only
2024-10,0.0046909919581614975,0.0036104175936238023,0.5402871822688469,ols:dm_only
2024-11,0.009157237485805585,0.008092036379487397,0.5326005531590938,ols:dm_only
2024-12,0.0017687432695972641,0.0007167393719092721,0.5260019488439961,ols:dm_only
2025-01,0.000927383701449334,1.8660074167761784e-05,0.4543618136407861,ols:dm_only
2025-02,0.00412000321412142,0.003069181455340607,0.5254108793904066,ols:dm_only
2025-03,0.005732760306449248,0.004756266889956401,0.48824670824642347,ols:dm_only
2025-04,-0.0029528519321471033,-0.003912522649135125,0.47983535849401093,ols:dm_only
2025-05,-0.0012353593368131211,-0.0023073742916910394,0.5360074774389593,ols:dm_only
2025-06,-0.00033222050525045404,-0.0013892578955470832,0.5285186951483146,ols:dm_only
2025-07,-0.0001462738607312703,-0.0010822323606156385,0.46797924994218415,ols:dm_only
2025-08,0.002711077576838415,0.001650006487886694,0.5305355444758604,ols:dm_only
2025-09,0.0035378428435092276,0.002426029565893684,0.5559066388077715,ols:dm_only
2025-10,0.008518684809692402,0.007427238840450651,0.545722984620876,ols:dm_only
2025-11,0.0012379294574195688,8.113088329735842e-05,0.5783992870611055,ols:dm_only
2025-12,0.009906757589737546,0.008779882007322805,0.5634377912073704,ols:dm_only
2001-01,-0.02117406837272813,-0.02117406837272813,0.0,ols:own
2001-02,0.0021293143718189543,0.00011036945006575542,1.0094724608765995,ols:own
2001-03,0.0277291596849276,0.02571610905569569,1.0065253146159563,ols:own
2001-04,0.006370989606045351,0.004981618150462014,0.6946857277916687,ols:own
2001-05,0.010424164358914922,0.008469898148049621,0.9771331054326502,ols:own
2001-06,-0.0023868947076925184,-0.003928133731485395,0.7706195118964383,ols:own
2001-07,0.016801254872012585,0.01501105313203757,0.8951008699875086,ols:own
2001-08,-0.0038095942321919114,-0.005238675893077164,0.7145408304426254,ols:own
2001-09,0.006705660322506527,0.005009910558530021,0.8478748819882529,ols:own
2001-10,-0.004704219845327745,-0.006525175489320586,0.9104778219964208,ols:own
2001-11,0.010969758794565188,0.009007365869077945,0.9811964627436212,ols:own
2001-12,0.01356885577220728,0.011823716217260784,0.872569777473248,ols:own
2002-01,-0.0008716522068237478,-0.002792778333449299,0.9605630633127755,ols:own
2002-02,0.006697545321322935,0.005272680063877447,0.7124326287227437,ols:own
2002-03,0.008877461309859138,0.007457636204761505,0.7099125525488161,ols:own
2002-04,0.004921478362522328,0.003723846588178077,0.598815887172126,ols:own
2002-05,0.0029530376975521956,0.0015695524402159424,0.6917426286681266,ols:own
2002-06,0.002918497917789296,0.00158251991829683,0.6679889997462328,ols:own
2002-07,-0.0008233699448948103,-0.0021576859664047747,0.667158010754982,ols:own
2002-08,0.0062289700385192975,0.0049678397590835815,0.6305651397178578,ols:own
2002-09,0.004687903924869996,0.0034469174838351224,0.6204932205174372,ols:own
2002-10,0.002793266514541318,0.0015676158417206355,0.6128253364103411,ols:own
2002-11,0.004471343811046113,0.0029758418919804417,0.7477509595328355,ols:own
2002-12,0.0030264206694159005,0.0017615779288291885,0.6324213702933557,ols:own
2003-01,0.0007490044517049534,-0.00048622485050635875,0.6176146511056558,ols:own
2003-02,0.0017336836340918578,0.0006528931203940362,0.5403952568489108,ols:own
2003-03,0.007028710068764125,0.005861383646693124,0.5836632110355006,ols:own
2003-04,-0.006669649129510855,-0.007463976973588515,0.3971639220388299,ols:own
2003-05,0.0041263792342622575,0.0029309447710080174,0.5977172316271202,ols:own
2003-06,0.005652680562470336,0.004312115317564225,0.6702826224530551,ols:own
2003-07,0.0048154271221536645,0.0037755462021831897,0.5199404599852373,ols:own
2003-08,0.0036095908715959857,0.0024277842874849504,0.5909032920555173,ols:own
2003-09,0.00033953487796599125,-0.0008410285052355305,0.5902816916007607,ols:own
2003-10,0.010414308361483101,0.009320443227500927,0.5469325669910868,ols:own
2003-11,0.0018250032223354723,0.0008624753559075049,0.4812639332139836,ols:own
2003-12,-0.0013638262353396688,-0.002449284587633125,0.5427291761467281,ols:own
2004-01,-0.0028379870726272004,-0.003871077126203265,0.5165450267880324,ols:own
2004-02,-0.0002787397474122992,-0.0014627713724491029,0.5920158125184019,ols:own
2004-03,0.0020875006266675277,0.0010841332892635655,0.501683668701981,ols:own
2004-04,0.001815126201963006,0.0008444056942708826,0.48536025384606174,ols:own
2004-05,-0.005368766269187169,-0.0063393218771642225,0.4852778039885268,ols:own
2004-06,0.005233483625060664,0.0042132061536479075,0.5101387357063782,ols:own
2004-07,0.0054904401483751265,0.004658354481308286,0.4160428335334208,ols:own
2004-08,0.006054979242039456,0.005234447439938115,0.41026590105067023,ols:own
2004-09,0.003401244974540972,0.0025509863177463846,0.4251293283972936,ols:own
2004-10,0.009896971815774699,0.009011463560534875,0.44275412761991184,ols:own
2004-11,0.004155671791298153,0.0033906035017653127,0.3825341447664204,ols:own
2004-12,0.007919013994794303,0.006920431148923078,0.4992914229356128,ols:own
2005-01,-0.001839103548861316,-0.002921633058610332,0.5412647548745081,ols:own
2005-02,0.009107183325818238,0.008131753890282695,0.48771471776777164,ols:own
2005-03,0.008599466788839692,0.007683205839339722,0.4581304747499847,ols:own
2005-04,0.012770575202713796,0.011830051326481258,0.470261938116269,ols:own
2005-05,-0.012361404732261015,-0.0132189779864362,0.42878662708759185,ols:own
2005-06,0.002664044096308554,0.0015159866099702592,0.5740287431691473,ols:own
2005-07,0.007536296119887448,0.006506206605164353,0.5150447573615471,ols:own
2005-08,-0.004087736218598948,-0.0049901482643701835,0.4512060228856184,ols:own
2005-09,0.0009772240831070955,-0.00019343246246420853,0.5853282727856519,ols:own
2005-10,0.0009961248988067618,5.073064746717515e-05,0.4726971256697933,ols:own
2005-11,-0.0027322743757838665,-0.00367236679108492,0.470046207650527,ols:own
2005-12,-0.001351890030498672,-0.0022898361097592494,0.46897303963028847,ols:own
2006-01,0.013247574711791329,0.012311361540540178,0.4681065856255744,ols:own
2006-02,0.0030175853783346953,0.0018797903773347484,0.5688975004999738,ols:own
2006-03,-0.009922445358001726,-0.011041528491768208,0.5595415668832406,ols:own
2006-04,0.006541265634478579,0.005502778409838251,0.5192436123201639,ols:own
2006-05,0.003156118288605437,0.0020016418576325914,0.5772382154864226,ols:own
2006-06,0.019777008595839606,0.018776369111359926,0.5003197422398397,ols:own
2006-07,-0.0016785563645935007,-0.0026570185568984698,0.48923109615248445,ols:own
2006-08,-0.004700627597224282,-0.005906079738373932,0.602726070574825,ols:own
2006-09,0.001771738428106006,0.0007320129784597945,0.5198627248231058,ols:own
2006-10,-0.0036096922111495794,-0.00455895821326943,0.4746330010599257,ols:own
2006-11,0.008617523573135817,0.0076326795288032545,0.49242202216628117,ols:own
2006-12,0.002214816700444094,0.0013508573594721194,0.4319796704859873,ols:own
2007-01,0.006022451228585475,0.004939650348094296,0.541400440245589,ols:own
2007-02,0.002688249500307092,0.001535527122721345,0.5763611887928735,ols:own
2007-03,0.0068973347788969285,0.005815714397147419,0.5408101908747548,ols:own
2007-04,0.003058074182655917,0.0019298284669772758,0.5641228578393208,ols:own
2007-05,7.397311315680572e-05,-0.000984745114795707,0.5293591139762563,ols:own
2007-06,0.00012069212824001246,-0.0009969808117542632,0.5588364699971379,ols:own
2007-07,-0.0003500085322439302,-0.0016524271293695413,0.6512092985628055,ols:own
2007-08,0.0023024086031026964,0.001140777105541262,0.5808157487807171,ols:own
2007-09,0.0007463465627869333,-0.0005119310320911739,0.6291387974390537,ols:own
2007-10,0.007870323805698671,0.0067053218280664975,0.5825009888160877,ols:own
2007-11,0.000956281160477636,-0.00018675152628121108,0.5715163433794236,ols:own
2007-12,0.00276221802807038,0.0013901616559270653,0.6860281860716574,ols:own
2008-01,0.000686948737006429,-0.0005025921292151067,0.5947704331107679,ols:own
2008-02,0.001298746064989916,3.3143849852458275e-05,0.6328011075687289,ols:own
2008-03,0.0008721649089774988,-0.00034663527401161773,0.6094000914945581,ols:own
2008-04,0.004284670338375941,0.0030941920006135643,0.595239168881188,ols:own
2008-05,-0.00550951822080545,-0.006750128350321206,0.6203050647578786,ols:own
2008-06,0.006365869613060286,0.005125992013807351,0.6199387996264681,ols:own
2008-07,0.0003000423386610007,-0.0007284933961717124,0.5142678674163565,ols:own
2008-08,0.007647643026332882,0.0063227043526208945,0.6624693368559936,ols:own
2008-09,0.00788624837164642,0.0067307460837658225,0.5777511439402994,ols:own
2008-10,0.023444320784122154,0.022385777666320536,0.5292715589008093,ols:own
2008-11,0.016090354946604254,0.014992573506038453,0.5488907202829002,ols:own
2008-12,-0.0014176789598093391,-0.0026864212520363176,0.6343711461134895,ols:own
2009-01,0.0020764521285918116,0.0007902084816270772,0.6431218234823671,ols:own
2009-02,0.005039219183174629,0.0038310742273466843,0.6040724779139724,ols:own
2009-03,-0.007736552863437205,-0.008664446888762129,0.4639470126624616,ols:own
2009-04,-0.015599401006869816,-0.016824030842209486,0.6123149176698354,ols:own
2009-05,3.617594455886298e-06,-0.0013834259492583696,0.6935217718571276,ols:own
2009-06,-0.0008389596791705049,-0.0022291972222633813,0.6951187715464381,ols:own
2009-07,0.0020529144475109977,0.0006197268294174114,0.7165938090467935,ols:own
2009-08,0.0005338263138030458,-0.0005824105184909779,0.5581184161470119,ols:own
2009-09,0.004047383901275906,0.0028852027420571916,0.5810905796093576,ols:own
2009-10,0.0023780316868231995,0.0013576920419014601,0.5101698224608694,ols:own
2009-11,0.0037180448609662794,0.002594248954275366,0.5618979533454564,ols:own
2009-12,-0.002099362274037907,-0.0030997249000637456,0.5001813130129196,ols:own
2010-01,-0.0012520705111756139,-0.002469071730592673,0.6085006097085296,ols:own
2010-02,-0.0005297587062167775,-0.0016282369207501314,0.5492391072666769,ols:own
2010-03,-0.002144707620837054,-0.0033570045867963986,0.6061484829796724,ols:own
2010-04,0.00601104412925183,0.004974821101252576,0.5181115139996272,ols:own
2010-05,0.004993407904722427,0.004080160074143504,0.45662391528946134,ols:own
2010-06,0.006872410992563649,0.006012688893455861,0.42986104955389465,ols:own
2010-07,0.0014947737456477575,0.0007302434818460164,0.38226513190087047,ols:own
2010-08,0.0026748653027478023,0.0017109379494609938,0.4819636766434043,ols:own
2010-09,0.002390786616668875,0.0014287045226952866,0.48104104698679423,ols:own
2010-10,0.004632203723048318,0.003684444898040616,0.47387941250385057,ols:own
2010-11,0.00791832105297769,0.007003395362169723,0.4574628454039837,ols:own
2010-12,0.003513913989095323,0.002617290535407079,0.4483117268441218,ols:own
2011-01,0.005549745325115759,0.0046973407228437965,0.42620230113598084,ols:own
2011-02,-0.00028889257689843604,-0.0011756289112037186,0.4433681671526412,ols:own
2011-03,0.0009948663247281915,9.850702105861505e-05,0.44817965183478803,ols:own
2011-04,0.006712262878905972,0.005885406277134216,0.413428300885878,ols:own
2011-05,0.004215209148828391,0.003493152813330565,0.36102816774891294,ols:own
2011-06,0.004437697268490548,0.0037013930633400527,0.3681521025752477,ols:own
2011-07,0.005494372085687022,0.004842886509960637,0.3257427878631923,ols:own
2011-08,0.00611062654230201,0.005440887600348283,0.33486947097686376,ols:own
2011-09,0.010803395875596348,0.010101141667064098,0.35112710426612415,ols:own
2011-10,-0.005152547801535624,-0.00590455937727596,0.37600578787016775,ols:own
2011-11,0.004035435664754309,0.0030877858415341484,0.4738249116100806,ols:own
2011-12,0.0033252645823405717,0.0023585172565457114,0.4833736628974301,ols:own
2012-01,-0.015693976235038737,-0.016341952160961983,0.32398796296162397,ols:own
2012-02,-0.0011216456845172759,-0.0019403312841876643,0.40934279983519417,ols:own
2012-03,0.008444601262103672,0.007645329390206252,0.39963593594871,ols:own
2012-04,0.00476350420720081,0.0040692842242846805,0.34710999145806476,ols:own
2012-05,0.008445853534691489,0.007822446562820475,0.3117034859355062,ols:own
2012-06,0.005099659696722781,0.0045277228640151984,0.28596841635379117,ols:own
2012-07,0.005925044751910828,0.0053448552413343006,0.29009475528826334,ols:own
2012-08,0.005519720063328233,0.004940453907187286,0.2896330780704731,ols:own
2012-09,-0.0011298794913175976,-0.0016743248385830438,0.27222267363272296,ols:own
2012-10,0.002504498809157151,0.0018653850327050865,0.31955688822603223,ols:own
2012-11,0.00654815877410298,0.0059537112585539564,0.2972237577745121,ols:own
2012-12,-0.0018796751195050202,-0.00241010364615512,0.26521426332505016,ols:own
2013-01,0.0029870145876530396,0.002323815092098292,0.3315997477773737,ols:own
2013-02,0.004042955075179557,0.00335781199560494,0.3425715397873084,ols:own
2013-03,0.007585134866940548,0.006996209714148471,0.294462576396039,ols:own
2013-04,0.00731705801093217,0.006812411102808185,0.2523234540619919,ols:own
2013-05,0.0022043978813216774,0.0016753106918708874,0.26454359472539507,ols:own
2013-06,0.003991901381456665,0.0033210787830724856,0.33541129919208945,ols:own
2013-07,0.009051963362185673,0.008341985466310486,0.35498894793759395,ols:own
2013-08,0.000349583730557886,-0.0003445365483478717,0.3470601394528788,ols:own
2013-09,-0.004541251305461517,-0.005323776116744696,0.39126240564158954,ols:own
2013-10,-0.0013539452652859057,-0.0020514361077793373,0.34874542124671587,ols:own
2013-11,0.0003570887196655428,-0.00025842557213581594,0.3077571459006793,ols:own
2013-12,0.0035263834462440913,0.0029672050826934763,0.2795891817753073,ols:own
2014-01,0.0024466600099231055,0.0019628605087592785,0.24189975058191351,ols:own
2014-02,0.004787416473163588,0.004208421210122077,0.28949763152075625,ols:own
2014-03,0.0013885005354671437,0.0008035869962264721,0.29245676962033584,ols:own
2014-04,-0.0004873405689571192,-0.0011352442755974577,0.3239518533201691,ols:own
2014-05,-0.0024241023261572445,-0.0031287249803541046,0.3523113270984303,ols:own
2014-06,0.004850225639481221,0.004150168209408319,0.3500287150364514,ols:own
2014-07,0.0022591282454976036,0.0016642406512659665,0.2974437971158187,ols:own
2014-08,0.0022004571346920386,0.0015780126287507678,0.31122225297063544,ols:own
2014-09,-0.0020467184522600526,-0.0026214876064572837,0.2873845770986153,ols:own
2014-10,0.0028105652326310777,0.002239907465196414,0.2853288837173318,ols:own
2014-11,0.007002503712101188,0.006454340929958367,0.2740813910714104,ols:own
2014-12,0.010000952759098604,0.009478761325028354,0.2610957170351249,ols:own
2015-01,0.005397783094356013,0.0048499509237088945,0.27391608532355866,ols:own
2015-02,0.00028397684193311645,-0.00034955752197792823,0.3167671819555225,ols:own
2015-03,0.005063206830522237,0.004417367748964915,0.3229195407786611,ols:own
2015-04,-0.00870777112482176,-0.009370774612704282,0.3315017439412615,ols:own
2015-05,0.0014128503471595077,0.0006440960745173616,0.3843771363210731,ols:own
2015-06,0.004256912031418484,0.00353806512372581,0.35942345384633695,ols:own
2015-07,0.008012754606047428,0.007469267712718628,0.27174344666439987,ols:own
2015-08,0.006984771965734245,0.006440948965829686,0.2719114999522789,ols:own
2015-09,0.0043161889848720705,0.003748315817229367,0.2839365838213518,ols:own
2015-10,-0.003108117937876091,-0.0036995491380325857,0.2957156000782476,ols:own
2015-11,0.0026238783673104104,0.0020033942381194724,0.31024206459546866,ols:own
2015-12,0.0005660024914144349,-7.211776879631215e-05,0.3190601301053736,ols:own
2016-01,0.0038236876823308998,0.0032636522861623153,0.28001769808429205,ols:own
2016-02,-9.066347070031479e-07,-0.0005041891379988572,0.25164125164592693,ols:own
2016-03,-0.00874320003020936,-0.009267297421308336,0.2620486955494881,ols:own
2016-04,0.002740157220236018,0.002156217212865312,0.29197000368535303,ols:own
2016-05,0.00463645098747172,0.0040944508623686855,0.27100006255151765,ols:own
2016-06,-0.0013759468567149872,-0.0018652689289719152,0.24466103612846407,ols:own
2016-07,0.0016586187842662075,0.0011910443374460377,0.2337872234100848,ols:own
2016-08,0.005930010396203099,0.005416530918690714,0.25673973875619227,ols:own
2016-09,0.0057442573697737975,0.005273114104296164,0.23557163273881682,ols:own
2016-10,0.0021217365937979075,0.0017635265736102438,0.17910501009383184,ols:own
2016-11,-0.003135715241979979,-0.0035935494049796415,0.22891708149983145,ols:own
2016-12,0.001283932901686193,0.0007478325300839307,0.26805018580113116,ols:own
2017-01,0.004228167152582505,0.00377134577832219,0.2284106871301578,ols:own
2017-02,-0.0015676069982197911,-0.0020636453936114358,0.24801919769582212,ols:own
2017-03,0.004070977432115383,0.0035925145949581455,0.23923141857861907,ols:own
2017-04,-0.0001604953667400668,-0.0006096336513042336,0.22456914228208344,ols:own
2017-05,0.005916233936571349,0.005476744511432578,0.2197447125693858,ols:own
2017-06,-0.000284979113242954,-0.000751659575471625,0.23334023111433547,ols:own
2017-07,0.004314748254325658,0.00387757372548911,0.2185872644182735,ols:own
2017-08,0.0029434326470936458,0.0024895911889022317,0.22692072909570707,ols:own
2017-09,0.0017887077595243879,0.0013897913142921635,0.19945822261611226,ols:own
2017-10,0.003057156251920873,0.0026610692025786148,0.1980435246711293,ols:own
2017-11,0.0025075510504007983,0.0020369283383123334,0.23531135604423276,ols:own
2017-12,0.0016664766417503216,0.00118833446445411,0.23907108864810586,ols:own
2018-01,0.005568706099873467,0.005068355401622699,0.25017534912538386,ols:own
2018-02,0.002988564388115049,0.0024664550323417493,0.26105467788665004,ols:own
2018-03,0.0030306188766096157,0.002514568632941722,0.25802512183394694,ols:own
2018-04,0.0015010357195241709,0.001081628102951906,0.2097038082861326,ols:own
2018-05,0.004441784374736805,0.0039383452740428876,0.2517195503469583,ols:own
2018-06,0.003277900603908922,0.0027669482300233797,0.25547618694277113,ols:own
2018-07,0.004502116324334474,0.004046775302224024,0.2276705110552248,ols:own
2018-08,0.0043160414738095875,0.0038720364269138473,0.2220025234478701,ols:own
2018-09,0.012673988483753885,0.012208587825805618,0.23270032897413298,ols:own
2018-10,0.0021599223404952695,0.0017423233065021145,0.20879951699657734,ols:own
2018-11,-0.0027206939760443427,-0.0031862846568232145,0.23279534038943595,ols:own
2018-12,0.00013909847524710677,-0.00040928429720357983,0.2741913862253434,ols:own
2019-01,0.0020268793022210295,0.0015567494521695631,0.2350649250257333,ols:own
2019-02,-0.00437502696108454,-0.004888173130205401,0.25657308456043065,ols:own
2019-03,0.003960264295326931,0.0034823792558431516,0.2389425197418897,ols:own
2019-04,0.0018369975196624968,0.0014394884852786173,0.19875451719193968,ols:own
2019-05,0.0018590447716027607,0.001411663579733695,0.2236905959345327,ols:own
2019-06,0.004131559348234903,0.0036281854590971495,0.2516869445688763,ols:own
2019-07,0.005643505912410789,0.00518941452735335,0.22704569252871962,ols:own
2019-08,0.002072247409805465,0.0016353950479511584,0.21842618092715327,ols:own
2019-09,-0.0017932803716444574,-0.0022397014895042503,0.22321055892989625,ols:own
2019-10,0.001082260962919528,0.0005894609312747113,0.24640001582240834,ols:own
2019-11,0.0019164574723756903,0.0014686308636053748,0.22391330438515766,ols:own
2019-12,0.004210401935957161,0.0037239454284200293,0.24322825376856577,ols:own
2020-01,0.003408003880024882,0.003009761273381092,0.19912130332189484,ols:own
2020-02,0.005941209307122649,0.005501176602626837,0.2200163522479053,ols:own
2020-03,0.009912933219217697,0.0094992536318665,0.20683979367559857,ols:own
2020-04,-0.01116189263547403,-0.01187190582590803,0.35500659521699895,ols:own
2020-05,-0.002195562432743384,-0.003147897484696845,0.4761675259767306,ols:own
2020-06,-0.0054297320591363595,-0.006145567460715869,0.3579177007897552,ols:own
2020-07,0.003245765651046385,0.0026215539862420134,0.3121058324021857,ols:own
2020-08,-0.001567497704074995,-0.002219415989956681,0.3259591429408432,ols:own
2020-09,-0.0018256793781316989,-0.0024588478711786315,0.31658424652346634,ols:own
2020-10,0.0038315973419199203,0.0032279504404776472,0.30182345072113625,ols:own
2020-11,-0.02219108077533944,-0.022722590793327342,0.2657550089939512,ols:own
2020-12,-0.002692685267953927,-0.0035279498542723498,0.4176322931592114,ols:own
2021-01,0.0033435495561661087,0.0026179638388223766,0.3627928586718662,ols:own
2021-02,0.0004270548121320043,-0.00017190074723458218,0.29947777968329314,ols:own
2021-03,0.004727860530661921,0.004100880530572152,0.31349000004488486,ols:own
2021-04,0.0043672832598702785,0.0038107626233911105,0.27826031823958425,ols:own
2021-05,0.0027455013333045793,0.0021244259999021915,0.3105376667011937,ols:own
2021-06,-0.0044521521814074655,-0.005028953205246686,0.2884005119196101,ols:own
2021-07,0.0031577520909471246,0.002586017423154698,0.2858673338962134,ols:own
2021-08,0.0002517948910540767,-0.0002779436162078606,0.2648692536309687,ols:own
2021-09,0.0071662916430965265,0.006609256024335186,0.2785178093806705,ols:own
2021-10,0.0015485441564919609,0.001031487513654075,0.25852832141894305,ols:own
2021-11,0.005852562083245711,0.005345912982438157,0.2533245504037773,ols:own
2021-12,0.010003506577742712,0.009377501861486308,0.3130023581282024,ols:own
2022-01,0.012111224414529899,0.011603664727135622,0.25377984369713874,ols:own
2022-02,0.009059267214739907,0.008533859604249409,0.2627038052452492,ols:own
2022-03,0.00820753650947815,0.007643132409145529,0.28220205016631106,ols:own
2022-04,0.011137225608086535,0.010616265945964761,0.260479831060887,ols:own
2022-05,0.003926962553966984,0.003430252758159784,0.2483548979035998,ols:own
2022-06,0.00048063419284235127,-6.375015155083569e-05,0.27219217219659364,ols:own
2022-07,-0.003545550867683788,-0.004091930965416844,0.2731900488665283,ols:own
2022-08,-0.001236324470093706,-0.0017816224957748975,0.27264901284059556,ols:own
2022-09,0.006186917655528862,0.0056890943739627544,0.24891164078305428,ols:own
2022-10,0.005087792904452235,0.004579715775402494,0.25403856452487106,ols:own
2022-11,-0.004262293381097625,-0.004824336727310288,0.28102167310633136,ols:own
2022-12,0.006497782747200975,0.005871125841255201,0.3133284529728872,ols:own
2023-01,0.0014758348666600494,0.0009534530861961442,0.26119089023195236,ols:own
2023-02,0.00537570163444861,0.004822921484028793,0.27639007520990905,ols:own
2023-03,0.0041072990532167765,0.003676372512362634,0.21546327042707167,ols:own
2023-04,-0.0009994133134386873,-0.0015360389857172433,0.2683128361392782,ols:own
2023-05,-0.00220462420495409,-0.002687364842297849,0.24137031867187966,ols:own
2023-06,0.00260448360387326,0.002120660881257995,0.24191136130763236,ols:own
2023-07,0.003174923922392722,0.0026427406607008696,0.26609163084592624,ols:own
2023-08,0.0017080650185131365,0.0011638012783143558,0.2721318700993904,ols:own
2023-09,0.00871879670313735,0.008217238562008643,0.25077907056435333,ols:own
2023-10,0.007010538808551636,0.006578309709067723,0.2161145497419561,ols:own
2023-11,-0.006646382934998632,-0.007151371812349727,0.25249443867554744,ols:own
2023-12,0.0037019295318827224,0.0031158298330175678,0.29304984943257706,ols:own
2024-01,0.009588337622067967,0.009074184820262012,0.2570764009029768,ols:own
2024-02,0.0002530774619729101,-0.00027886415024034434,0.26597080610662727,ols:own
2024-03,0.003892950571340564,0.0033389079225861697,0.27702132437719706,ols:own
2024-04,0.0005232700225185021,-2.715699665256521e-05,0.2752135095855337,ols:own
2024-05,0.0018159495664104076,0.0012797435948820484,0.26810298576417957,ols:own
2024-06,0.0014802260500915996,0.0009776225307667821,0.2513017596624088,ols:own
2024-07,0.0008233110626831182,0.0003362713050251925,0.24351987882896287,ols:own
2024-08,0.0027833897080430446,0.002282444095029672,0.2504728065066864,ols:own
2024-09,0.00021041714661926544,-0.0002822269700330641,0.2463220583261647,ols:own
2024-10,0.0031039037337481997,0.002598203114189168,0.2528503097795158,ols:own
2024-11,0.009683633146444185,0.009183479771515998,0.25007668746409323,ols:own
2024-12,0.0020366217632509375,0.001519015458442917,0.25880315240401025,ols:own
2025-01,0.00195869343591828,0.0015280512946790287,0.21532107061962558,ols:own
2025-02,0.004226104104027427,0.0037013010673959605,0.26240151831573316,ols:own
2025-03,0.0055701153684041054,0.005081073268429858,0.24452104998712335,ols:own
2025-04,-0.001538869028653668,-0.002005388996572061,0.2332599839591963,ols:own
2025-05,-0.0009359888677538522,-0.0014616668984327207,0.26283901533943416,ols:own
2025-06,-0.0025020100001803343,-0.0030012228170504126,0.24960640843503937,ols:own
2025-07,-0.0018713470042733304,-0.0023122083437987677,0.22043066976271863,ols:own
2025-08,0.0016372148853869423,0.001110939724078331,0.26313758065430554,ols:own
2025-09,0.004242805704210535,0.0037013319640920527,0.27073687005924113,ols:own
2025-10,0.00855490046256515,0.008019006917740854,0.2679467724121469,ols:own
2025-11,0.002734433659711047,0.0021520048896881204,0.2912143850114633,ols:own
2025-12,0.009275501716626784,0.008736039047536143,0.26973133454532056,ols:own
2001-01,-0.015867666318043358,-0.015867666318043358,0.0,ols:pooled
2001-02,0.0036294404564190834,0.0015145236359354517,1.0574584102418154,ols:pooled
2001-03,0.02458983455550965,0.02247715553027676,1.0563395126164448,ols:pooled
2001-04,0.006022370079932817,0.00441937599631435,0.8014970418092334,ols:pooled
2001-05,0.009045659537240139,0.007179410425547196,0.9331245558464711,ols:pooled
2001-06,-0.004628408812492461,-0.006216394246190209,0.793992716848874,ols:pooled
2001-07,0.018672844434566505,0.0168107906563507,0.931026889107905,ols:pooled
2001-08,-0.00707652513496689,-0.008639961742108583,0.7817183035708467,ols:pooled
2001-09,0.005267813282243938,0.003414541571448779,0.9266358553975792,ols:pooled
2001-10,-0.015463088994362793,-0.017398423719171663,0.9676673624044344,ols:pooled
2001-11,0.010518126955813297,0.008275350786624879,1.121388084594209,ols:pooled
2001-12,0.012955894453340534,0.011082562841053844,0.936665806143346,ols:pooled
2002-01,-0.00012389776373110387,-0.0022745634810635595,1.0753328586662276,ols:pooled
2002-02,0.007642563905223688,0.006148359780766796,0.747102062228446,ols:pooled
2002-03,0.010751779140874223,0.009373240447957768,0.6892693464582281,ols:pooled
2002-04,0.007194966796225538,0.00600461022391204,0.5951782861567491,ols:pooled
2002-05,0.004789692848371504,0.0034574777078080618,0.6661075702817206,ols:pooled
2002-06,0.005783362411757397,0.004453073350275937,0.6651445307407298,ols:pooled
2002-07,0.0027723869457572637,0.0014894812299910928,0.6414528578830854,ols:pooled
2002-08,0.0030799901044294867,0.001855550484019082,0.6122198102052026,ols:pooled
2002-09,0.005447176778014667,0.004143685354839288,0.6517457115876897,ols:pooled
2002-10,0.0013872072011538832,0.0001889443782930611,0.5991314114304112,ols:pooled
2002-11,0.0033052192564333176,0.0017533587422847257,0.7759302570742961,ols:pooled
2002-12,0.003182264705699062,0.0019027848432819276,0.6397399312085671,ols:pooled
2003-01,0.001719484730145999,0.0004243669556070832,0.6475588872694578,ols:pooled
2003-02,0.0008176564540696033,-0.00017373272652416143,0.49569459029688223,ols:pooled
2003-03,0.00969576777382302,0.008644331181021156,0.5257182964009305,ols:pooled
2003-04,-0.00546458695406008,-0.006176774320594725,0.3560936832673227,ols:pooled
2003-05,0.0036812159474013204,0.0024852841473960207,0.5979659000026495,ols:pooled
2003-06,0.005634665122577748,0.004427317823760952,0.603673649408398,ols:pooled
2003-07,0.007873371709034804,0.006816409628360606,0.5284810403370988,ols:pooled
2003-08,0.00492834746211732,0.003810253075982194,0.5590471930675629,ols:pooled
2003-09,-0.0019460608448232403,-0.003150371395065462,0.6021552751211108,ols:pooled
2003-10,0.011627622686189786,0.010496137705507695,0.5657424903410455,ols:pooled
2003-11,0.0011837000411786033,0.00013591785980085954,0.5238910906888716,ols:pooled
2003-12,0.0005602722717516353,-0.0006024635667716802,0.5813679192616577,ols:pooled
2004-01,-0.007385209020489221,-0.0085126284619149,0.5637097207128394,ols:pooled
2004-02,0.002107250788498807,0.0007941430594551229,0.6565538645218422,ols:pooled
2004-03,0.0021051243671666,0.0010039316944268973,0.5505963363698512,ols:pooled
2004-04,0.0023362791067957677,0.0012614407320379853,0.5374191873788912,ols:pooled
2004-05,-0.006182454296207465,-0.007239588040378207,0.5285668720853709,ols:pooled
2004-06,0.003370272717664509,0.002269551983645793,0.550360367009358,ols:pooled
2004-07,0.0054505585313948755,0.004477694034610678,0.4864322483920984,ols:pooled
2004-08,0.004990966219185683,0.004088018567963406,0.4514738256111383,ols:pooled
2004-09,0.004295344415573698,0.0033293576816324317,0.48299336697063294,ols:pooled
2004-10,0.010643381012560498,0.00969474358074662,0.4743187159069397,ols:pooled
2004-11,0.004278479024842374,0.0034206229734055045,0.4289280257184347,ols:pooled
2004-12,0.008357236988854053,0.007274705429089241,0.5412657798824061,ols:pooled
2005-01,-0.0020741113172962193,-0.0032270753250318585,0.5764820038678198,ols:pooled
2005-02,0.006045047448219884,0.004976102833829378,0.5344723071952533,ols:pooled
2005-03,0.008854201924998828,0.007797721230260977,0.5282403473689256,ols:pooled
2005-04,0.014448314370577843,0.01341224765861735,0.5180333559802456,ols:pooled
2005-05,-0.015158472413480326,-0.01603985224907286,0.44068991779626726,ols:pooled
2005-06,0.0027029158062425503,0.0014307580236340403,0.636078891304255,ols:pooled
2005-07,0.004769904698217942,0.0037224315653346255,0.5237365664416582,ols:pooled
2005-08,-0.0009647341262728115,-0.00198949489148768,0.5123803826074345,ols:pooled
2005-09,0.0030881560459407554,0.0018742276045156064,0.6069642207125744,ols:pooled
2005-10,0.0006660581573654557,-0.0003773807467798725,0.5217194520726641,ols:pooled
2005-11,-0.0031505633464786013,-0.00417410984113981,0.5117732473306046,ols:pooled
2005-12,-0.0008395127486411586,-0.001897349605933706,0.5289184286462737,ols:pooled
2006-01,0.0057250113332313664,0.004624168885127337,0.5504212240520144,ols:pooled
2006-02,0.005128792503836321,0.003736494161745511,0.6961491710454046,ols:pooled
2006-03,-0.011174023481099533,-0.012412670338041354,0.6193234284709118,ols:pooled
2006-04,0.008000814649840053,0.006779365308258038,0.610724670791008,ols:pooled
2006-05,0.0009474835889888356,-0.0002611536115655437,0.6043186002771898,ols:pooled
2006-06,0.016551633868541457,0.015415742011297511,0.5679459286219725,ols:pooled
2006-07,-0.00461891062879772,-0.005742633975415576,0.5618616733089279,ols:pooled
2006-08,-0.005804875949332036,-0.007125991472663705,0.6605577616658342,ols:pooled
2006-09,0.0026815562605244383,0.0014425491109309955,0.6195035747967211,ols:pooled
2006-10,-0.003037507938169469,-0.0041067931291611705,0.5346425954958508,ols:pooled
2006-11,0.009258075496375986,0.008101827867986655,0.5781238141946644,ols:pooled
2006-12,0.0016874536091983083,0.0006539020077939189,0.5167758007021945,ols:pooled
2007-01,0.006179488227405352,0.0049955515793498155,0.5919683240277683,ols:pooled
2007-02,0.0015743662527322626,0.0003512291163702611,0.6115685681810007,ols:pooled
2007-03,0.006513362131207743,0.00539231376346808,0.5605241838698317,ols:pooled
2007-04,0.005987776639718097,0.0048700764612067005,0.5588500892556987,ols:pooled
2007-05,0.0011735441586093482,4.67667499990642e-05,0.563388704305142,ols:pooled
2007-06,-0.0016610891835352882,-0.002923359648577446,0.6311352325210791,ols:pooled
2007-07,-0.0002631558349613839,-0.0016802878340624705,0.7085659995505433,ols:pooled
2007-08,0.0014913376843170342,0.00018411847720874885,0.6536096035541428,ols:pooled
2007-09,0.0024630660343732086,0.0011328747854287978,0.6650956244722053,ols:pooled
2007-10,0.011148197473178613,0.009900374136281467,0.6239116684485724,ols:pooled
2007-11,0.0023123582945803003,0.0010833573458619407,0.6145004743591795,ols:pooled
2007-12,0.004342800188963608,0.0029023450841755357,0.720227552394036,ols:pooled
2008-01,0.001395797406587401,0.0002110975569897828,0.5923499247988092,ols:pooled
2008-02,-0.0005078796923798286,-0.0019200651069544734,0.7060927072873225,ols:pooled
2008-03,0.0034970684045080016,0.002122797672105728,0.6871353662011369,ols:pooled
2008-04,0.002944569526038519,0.0016231603294748153,0.6607045982818521,ols:pooled
2008-05,-0.004023344371131388,-0.005407665876960133,0.6921607529143726,ols:pooled
2008-06,0.009033071120083785,0.00771646243651676,0.6583043417835126,ols:pooled
2008-07,-0.003411726912319256,-0.004529670347146401,0.5589717174135722,ols:pooled
2008-08,0.008717200444913052,0.007278309113507623,0.7194456657027142,ols:pooled
2008-09,0.012062292808024089,0.01093039241625854,0.5659501958827742,ols:pooled
2008-10,0.031190031296627816,0.030096238835561926,0.5468962305329437,ols:pooled
2008-11,0.01843011565012033,0.017355319851774104,0.5373978991731132,ols:pooled
2008-12,-0.004013864286799397,-0.00521596015686463,0.601047935032616,ols:pooled
2009-01,0.0014755096100558295,0.00014079264245980426,0.6673584837980127,ols:pooled
2009-02,0.006081843926518152,0.004718242607024129,0.681800659747012,ols:pooled
2009-03,-0.010398135871733787,-0.011494596029171977,0.5482300787190939,ols:pooled
2009-04,-0.01710287112211729,-0.018529949551838273,0.7135392148604901,ols:pooled
2009-05,0.007676593633772869,0.005983504168678588,0.8465447325471408,ols:pooled
2009-06,-0.0028771355785190936,-0.004462907085052331,0.7928857532666185,ols:pooled
2009-07,0.004024977732879401,0.0023529781173600665,0.8359998077596678,ols:pooled
2009-08,0.0014330449387373269,0.0001527143526429443,0.6401652930471914,ols:pooled
2009-09,0.004733447963593944,0.0034474176349244645,0.6430151643347395,ols:pooled
2009-10,0.0016709550564421249,0.0004956827969205561,0.5876361297607844,ols:pooled
2009-11,0.0024080399267473436,0.0011692328570619382,0.6194035348427026,ols:pooled
2009-12,-0.0021656224626878913,-0.0033143140556836787,0.5743457964978935,ols:pooled
2010-01,-0.0020540904276379482,-0.0033857746169328575,0.6658420946474544,ols:pooled
2010-02,-0.002134710320842253,-0.003553398031784248,0.7093438554709978,ols:pooled
2010-03,-0.0027626321698263185,-0.00426076476757737,0.7490662988755257,ols:pooled
2010-04,0.005550825717865667,0.004219233450527369,0.665796133669149,ols:pooled
2010-05,0.004358710580207709,0.0031395932864156147,0.6095586468960472,ols:pooled
2010-06,0.007525816301497463,0.006386425728780455,0.5696952863585033,ols:pooled
2010-07,-0.0007717926073325163,-0.0017816063213801955,0.50490685702384,ols:pooled
2010-08,0.0033981187942764015,0.0021320155535306307,0.6330516203728853,ols:pooled
2010-09,0.0017626350709715423,0.0005209223079148953,0.6208563815283233,ols:pooled
2010-10,0.006097689736475149,0.004826575116687397,0.6355573098938757,ols:pooled
2010-11,0.008641431751736166,0.007461209534273348,0.5901111087314092,ols:pooled
2010-12,0.005405463284868405,0.004231222197353034,0.5871205437576855,ols:pooled
2011-01,0.005152597129500068,0.004025544509511976,0.5635263099940461,ols:pooled
2011-02,-0.0013559679280479627,-0.002584980112580986,0.6145060922665115,ols:pooled
2011-03,2.7420432620445147e-06,-0.0012048130211326214,0.603777532197333,ols:pooled
2011-04,0.007398696996129267,0.006238789217731143,0.5799538891990622,ols:pooled
2011-05,0.004257073569860367,0.0032281823143700504,0.5144456277451582,ols:pooled
2011-06,0.004444098363783868,0.003406945828767914,0.5185762675079771,ols:pooled
2011-07,0.006103905525978108,0.005165241082796669,0.46933222159071974,ols:pooled
2011-08,0.008644747389633509,0.007730551083604433,0.4570981530145378,ols:pooled
2011-09,0.01171912783084016,0.010766628158954003,0.47624983594307874,ols:pooled
2011-10,-0.007205270885868914,-0.00825411904192162,0.5244240780263526,ols:pooled
2011-11,0.0035134117852964586,0.0021841716943977736,0.6646200454493427,ols:pooled
2011-12,0.004335253973833932,0.0030582565378781466,0.6384987179778924,ols:pooled
2012-01,-0.0181587774602101,-0.019033568599471192,0.43739556963054727,ols:pooled
2012-02,-0.0020712031123831043,-0.0032802319728971775,0.6045144302570368,ols:pooled
2012-03,0.008214710208305673,0.007070243047934956,0.5722335801853584,ols:pooled
2012-04,0.005111868382981818,0.00412101054837424,0.4954289173037886,ols:pooled
2012-05,0.009792362289139593,0.008897301429023756,0.4475304300579188,ols:pooled
2012-06,0.005059054740654792,0.004193445056985288,0.4328048418347524,ols:pooled
2012-07,0.006525892971803906,0.005617314461521099,0.45428925514140334,ols:pooled
2012-08,0.005312535401125516,0.004435927843781678,0.4383037786719185,ols:pooled
2012-09,-0.0011378422470461236,-0.001987249885552176,0.4247038192530263,ols:pooled
2012-10,0.0023591781690408373,0.0013721908064635861,0.4934936812886257,ols:pooled
2012-11,0.006985474860756629,0.006048993889488381,0.4682404856341242,ols:pooled
2012-12,-0.00248651077340312,-0.003346060967500446,0.42977509704866323,ols:pooled
2013-01,0.0031562858935861356,0.0021393871009018216,0.5084493963421571,ols:pooled
2013-02,0.0038783162250120747,0.0028758819362363266,0.5012171443878739,ols:pooled
2013-03,0.008449745263556494,0.007562794435292379,0.44347541413205754,ols:pooled
2013-04,0.008774669443499635,0.008014297214059796,0.38018611471991914,ols:pooled
2013-05,0.0031357167545229196,0.002325802362568363,0.4049571959772783,ols:pooled
2013-06,0.0035213551479200537,0.0024868959437879708,0.5172296020660416,ols:pooled
2013-07,0.009216673232656807,0.008180765260822228,0.5179539859172887,ols:pooled
2013-08,-0.0008039145684638998,-0.0018504997186711155,0.5232925751036078,ols:pooled
2013-09,-0.00458090056712464,-0.005729973043537732,0.574536238206546,ols:pooled
2013-10,-0.0009218469001572248,-0.0019655852621035465,0.5218691809731605,ols:pooled
2013-11,-0.00023442891700520098,-0.0011888590912142506,0.4772150871045247,ols:pooled
2013-12,0.0039656872682845784,0.0031068471878971144,0.4294200401937324,ols:pooled
2014-01,0.001292477698738379,0.0005436715309467471,0.374403083895816,ols:pooled
2014-02,0.0048780770853988995,0.0039680139938838505,0.45503154575752447,ols:pooled
2014-03,0.0011372853734504082,0.00024493316571064325,0.44617610386988243,ols:pooled
2014-04,0.0006684271134838582,-0.0003044824452033782,0.4864547793436181,ols:pooled
2014-05,-0.000982869446616442,-0.001965507972108387,0.4913192627459727,ols:pooled
2014-06,0.003447032052180372,0.002451434514231304,0.49779876897453385,ols:pooled
2014-07,0.0012914452908388088,0.00035784861420756883,0.46679833831561984,ols:pooled
2014-08,0.0026870031792707474,0.0017562826688565852,0.46536025520708096,ols:pooled
2014-09,-0.002071803194365235,-0.0029426365494944567,0.435416677564611,ols:pooled
2014-10,0.0027505444678378745,0.0018842125242675611,0.43316597178515664,ols:pooled
2014-11,0.008089979173213215,0.007219944340214099,0.4350174164995583,ols:pooled
2014-12,0.012195674053260526,0.011380622669059681,0.4075256921004237,ols:pooled
2015-01,0.005417456814525163,0.004613091793518534,0.4021825105033148,ols:pooled
2015-02,-0.00018077273718075518,-0.0011341441752706952,0.4766857190449701,ols:pooled
2015-03,0.004534405796664153,0.0035426011000955033,0.49590234828432483,ols:pooled
2015-04,-0.010045826006355417,-0.011013631175754286,0.48390258469943465,ols:pooled
2015-05,0.00043799330367915807,-0.0007794083700545519,0.6087008368668549,ols:pooled
2015-06,0.0031343798296543882,0.0019890790295945026,0.5726504000299427,ols:pooled
2015-07,0.008106744500445722,0.00725932686813546,0.423708816155131,ols:pooled
2015-08,0.007446009109508141,0.0065852618738413875,0.4303736178333765,ols:pooled
2015-09,0.004032143277823046,0.00314608957159374,0.44302685311465334,ols:pooled
2015-10,-0.003886807718723395,-0.0048153974628478485,0.4642948720622267,ols:pooled
2015-11,0.0024937795485977738,0.0014845741833542333,0.5046026826217702,ols:pooled
2015-12,0.0001367700380601015,-0.0008651162329034646,0.5009431354817829,ols:pooled
2016-01,0.002533205178817452,0.0015792327242995874,0.47698622725893225,ols:pooled
2016-02,-0.00035596928203028333,-0.0012939378910141576,0.46898430449193707,ols:pooled
2016-03,-0.006665022048518975,-0.007671009967549448,0.5029939595152358,ols:pooled
2016-04,0.0034918371825197443,0.002406441018881169,0.5426980818192874,ols:pooled
2016-05,0.002425004220756054,0.0014348028671809562,0.495100676787549,ols:pooled
2016-06,-0.00143903424347465,-0.0023977953814036195,0.4793805689644849,ols:pooled
2016-07,0.0001784105154600226,-0.0006707233434077671,0.4245669294338947,ols:pooled
2016-08,0.005876557368597333,0.0049277054673527495,0.4744259506222921,ols:pooled
2016-09,0.006011806590668565,0.005168717827292522,0.4215443816880218,ols:pooled
2016-10,0.001724081779572425,0.001063905412192997,0.3300881836897141,ols:pooled
2016-11,-0.0028271858136801466,-0.0036555050296275993,0.4141596079737264,ols:pooled
2016-12,0.0008971782937371962,-7.285282993667232e-05,0.4850155618369343,ols:pooled
2017-01,0.00351623487881345,0.0026412917848521434,0.43747154698065316,ols:pooled
2017-02,-0.0009100321548172398,-0.0018435620324961655,0.46676493883946274,ols:pooled
2017-03,0.002882866882562675,0.0019993849244346086,0.4417409790640329,ols:pooled
2017-04,-1.9201533135153027e-05,-0.00087297435187874,0.4268864093717933,ols:pooled
2017-05,0.005209631005500286,0.004405522846018117,0.4020540797410847,ols:pooled
2017-06,0.00029813099856969917,-0.0006017827599845362,0.44995687927711747,ols:pooled
2017-07,0.0029122188550896474,0.002080448794638897,0.4158850302253751,ols:pooled
2017-08,0.003217700093209598,0.002338653146711888,0.43952347324885477,ols:pooled
2017-09,0.001486397545042479,0.000733427685566011,0.376484929738234,ols:pooled
2017-10,0.0036340134368451965,0.0028717143682933295,0.3811495342759337,ols:pooled
2017-11,0.002279234765942397,0.0013919974314763179,0.44361866723303983,ols:pooled
2017-12,0.0030308750408290295,0.002107721744120827,0.46157664835410167,ols:pooled
2018-01,0.004865940636937465,0.003927673804451863,0.4691334162428007,ols:pooled
2018-02,0.0026016335283220956,0.0016028666600132154,0.49938343415444014,ols:pooled
2018-03,0.0036219920964618057,0.002710104601042659,0.45594374770957324,ols:pooled
2018-04,0.0010782181506225799,0.00026391365453204977,0.40715224804526484,ols:pooled
2018-05,0.003518800996976007,0.0025790615843562094,0.46986970630989844,ols:pooled
2018-06,0.002968927544258968,0.0020074251297394203,0.4807512072597739,ols:pooled
2018-07,0.003477970403778491,0.0026150814313924188,0.43144448619303605,ols:pooled
2018-08,0.004465343426434436,0.0036085902033689723,0.42837661153273154,ols:pooled
2018-09,0.013120440775184207,0.01226139881175415,0.429520981715028,ols:pooled
2018-10,0.003354404991092612,0.0025577400806136292,0.3983324552394914,ols:pooled
2018-11,-0.003180795841362562,-0.004043204424144951,0.4312042913911949,ols:pooled
2018-12,0.0033531877458827476,0.0022820352012373345,0.5355762723227063,ols:pooled
2019-01,-0.0007564933653467848,-0.0016199463090680757,0.4317264718606453,ols:pooled
2019-02,-0.005126689162040281,-0.006119877504635549,0.4965941712976344,ols:pooled
2019-03,0.004755777017636817,0.003819852371716016,0.4679623229604004,ols:pooled
2019-04,0.0018339134233673338,0.0010890863943156205,0.3724135145258567,ols:pooled
2019-05,0.0019190275084630464,0.0011031595030412593,0.4079340027108937,ols:pooled
2019-06,0.0032918565344298278,0.0023670660450241005,0.4623952447028636,ols:pooled
2019-07,0.005830701559877191,0.0049825453838050595,0.424078088036066,ols:pooled
2019-08,0.0033844178348268806,0.0026102609656909674,0.38707843456795654,ols:pooled
2019-09,-0.0022787919707920995,-0.0031023893776209624,0.41179870341443137,ols:pooled
2019-10,0.001815545967795467,0.0008912395256952204,0.46215322105012324,ols:pooled
2019-11,0.0015405257713806825,0.0007165540679677628,0.41198585170645985,ols:pooled
2019-12,0.005017595138200537,0.004127971869249161,0.4448116344756878,ols:pooled
2020-01,0.004750743224173321,0.004014105989786642,0.3683186171933395,ols:pooled
2020-02,0.00820591835105884,0.007403057583209399,0.40143038392472064,ols:pooled
2020-03,0.01409718260168137,0.013328124032654355,0.3845292845135066,ols:pooled
2020-04,-0.01635211302826956,-0.017552838880535913,0.6003629261331773,ols:pooled
2020-05,-0.001352636323159576,-0.0029773153066127195,0.8123394917265717,ols:pooled
2020-06,-0.004249238373646356,-0.0055068576354897775,0.6288096309217116,ols:pooled
2020-07,0.004978124766712277,0.0038109866119325373,0.5835690773898697,ols:pooled
2020-08,0.000590467716089162,-0.0005383093828026596,0.5643885494459107,ols:pooled
2020-09,-0.003276605423426279,-0.004389642081447143,0.5565183290104323,ols:pooled
2020-10,0.0025140799628798676,0.0013977555861127483,0.5581621883835598,ols:pooled
2020-11,-0.024084387019906898,-0.02504469253994205,0.480152760017577,ols:pooled
2020-12,0.0007724336835779169,-0.0007742286075368483,0.7733311455573826,ols:pooled
2021-01,0.002133113478026781,0.0008148326487572454,0.6591404146347678,ols:pooled
2021-02,0.0012452407969232961,0.00014496767903510456,0.5501365589440957,ols:pooled
2021-03,0.006034961637089515,0.004894636000477266,0.5701628183061249,ols:pooled
2021-04,0.004964751617210635,0.003969738123379483,0.497506746915576,ols:pooled
2021-05,0.0033589876033519703,0.002277221777755478,0.5408829127982461,ols:pooled
2021-06,-0.0040414963785013365,-0.005076252938580489,0.5173782800395762,ols:pooled
2021-07,0.003778667142116211,0.0027796386149305775,0.4995142635928168,ols:pooled
2021-08,-0.0006892382388872103,-0.00162519396281842,0.46797786196560515,ols:pooled
2021-09,0.007477499306513005,0.006479214822491503,0.4991422420107506,ols:pooled
2021-10,0.0017928276715431597,0.0008722829570003462,0.46027235727140686,ols:pooled
2021-11,0.004844712648712134,0.0039401035634088685,0.45230454265163245,ols:pooled
2021-12,0.009039689289077729,0.007965750840178656,0.5369692244495363,ols:pooled
2022-01,0.011743975881870823,0.01090512581121877,0.4194250353260266,ols:pooled
2022-02,0.008144124636572644,0.007345661499117062,0.3992315687277912,ols:pooled
2022-03,0.008858262600535967,0.007987311208898498,0.43547569581873447,ols:pooled
2022-04,0.010772662634561848,0.009975044544988926,0.3988090447864604,ols:pooled
2022-05,0.0038498035090723903,0.0030646691658086393,0.39256717163187604,ols:pooled
2022-06,0.0014574960896084432,0.0005906663972099403,0.4334148461992513,ols:pooled
2022-07,-0.004805598426393932,-0.00569097069713376,0.4426861353699143,ols:pooled
2022-08,-0.001278313728843324,-0.0021923268762919844,0.4570065737243299,ols:pooled
2022-09,0.006342565668895065,0.005511289682024644,0.41563799343521074,ols:pooled
2022-10,0.005167622186652601,0.004352221890353816,0.4077001481493925,ols:pooled
2022-11,-0.005792133029748986,-0.006684148521280727,0.4460077457658699,ols:pooled
2022-12,0.005537302590991227,0.004533709623405379,0.5017964837929242,ols:pooled
2023-01,0.001007917211043662,0.000154736968840805,0.4265901211014288,ols:pooled
2023-02,0.006365449156566103,0.005508718202294926,0.428365477135589,ols:pooled
2023-03,0.0034973906301634505,0.002797170447349555,0.35011009140694765,ols:pooled
2023-04,-0.0006422331830564179,-0.0014705145108890503,0.414140663916316,ols:pooled
2023-05,-0.0018841114326253435,-0.0026410622318457015,0.378475399610179,ols:pooled
2023-06,0.001859584138080799,0.001063677590599803,0.397953273740498,ols:pooled
2023-07,0.0038274153262379397,0.002975912881222432,0.4257512225077537,ols:pooled
2023-08,0.0015708402892177767,0.0007088987413752626,0.4309707739212571,ols:pooled
2023-09,0.009712765048727867,0.008899932880315422,0.40641608420622255,ols:pooled
2023-10,0.007633192702516234,0.006950039579595769,0.3415765614602327,ols:pooled
2023-11,-0.008412028187248866,-0.009175000265918394,0.3814860393347645,ols:pooled
2023-12,0.0035318945710491197,0.0025903507469695495,0.47077191203978525,ols:pooled
2024-01,0.008906120683686038,0.008077601928496686,0.4142593775946757,ols:pooled
2024-02,0.0001681044728172092,-0.0006857258776313792,0.4269151752242941,ols:pooled
2024-03,0.0036752899205642286,0.002785226566475212,0.4450316770445087,ols:pooled
2024-04,-6.677740810835977e-05,-0.0009335175548883099,0.433370073389975,ols:pooled
2024-05,0.0018249688785894084,0.0009754017754059113,0.42478355159174863,ols:pooled
2024-06,-2.1969394495454826e-05,-0.0008403095932155262,0.40917009936003557,ols:pooled
2024-07,0.0004919219584392632,-0.0003142996487520034,0.4031108035956333,ols:pooled
2024-08,0.0030512618912318544,0.002233967191288745,0.4086473499715544,ols:pooled
2024-09,0.00034168068900896644,-0.00045721046621236466,0.3994455776106655,ols:pooled
2024-10,0.004096690754133634,0.0032548064252393497,0.4209421644471422,ols:pooled
2024-11,0.009516716302971113,0.008686328128296034,0.41519408733754,ols:pooled
2024-12,0.0019161678309261396,0.0010827914434393974,0.41668819374337124,ols:pooled
2025-01,0.0013907669311554827,0.0006850157793373137,0.3528755759090844,ols:pooled
2025-02,0.004200388795949512,0.0033705226611124464,0.4149330674185325,ols:pooled
2025-03,0.005770425813881556,0.005002262022661199,0.3840818956101785,ols:pooled
2025-04,-0.0025169486796020263,-0.0032695351950802892,0.3762932577391314,ols:pooled
2025-05,-0.0011018332931510303,-0.0019510522617356028,0.424609484292286,ols:pooled
2025-06,-0.0012924175477225823,-0.0021117029664423467,0.4096427093598822,ols:pooled
2025-07,-0.0008639573718040864,-0.001588856293364411,0.3624494607801622,ols:pooled
2025-08,0.002337582271722471,0.001493368055207265,0.42210710825760267,ols:pooled
2025-09,0.003966654769659603,0.003089249591997649,0.4387025888309775,ols:pooled
2025-10,0.008716977651984585,0.007853107345635922,0.4319351531743312,ols:pooled
2025-11,0.0018386190101026066,0.0009189076011364625,0.45985570448307206,ols:pooled
2025-12,0.00980363531337534,0.008921427468243936,0.4411039225657019,ols:pooled
2001-01,-0.0035828878718174952,-0.0035828878718174952,0.0,shrink_mean:rule
2001-02,0.0071051323123551705,0.006834603269832744,0.13526452126121358,shrink_mean:rule
2001-03,0.019769617498919215,0.019543709663545454,0.1129539176868792,shrink_mean:rule
2001-04,0.006560370174469164,0.006322233901753642,0.11906813635776119,shrink_mean:rule
2001-05,0.003739515331548339,0.0033148230749984117,0.21234612827496363,shrink_mean:rule
2001-06,0.005053118488703972,0.0048891861001787735,0.08196619426259912,shrink_mean:rule
2001-07,0.012592723089535457,0.012437894658854174,0.07741421534064105,shrink_mean:rule
2001-08,-0.0030752968199604267,-0.0033017983115180825,0.11325074577882731,shrink_mean:rule
2001-09,0.00586774752589638,0.005693053680638504,0.08734692262893828,shrink_mean:rule
2001-10,0.0026271228187346157,0.0022585263957545843,0.1842982114900155,shrink_mean:rule
2001-11,-0.0041584353513846335,-0.004349039585894548,0.09530211725495678,shrink_mean:rule
2001-12,0.010470040295247295,0.01027588309559545,0.09707859982592419,shrink_mean:rule
2002-01,0.0006472169309234585,0.0004952715060449695,0.07597271243924439,shrink_mean:rule
2002-02,0.0008594883589010365,0.0006560351698584909,0.10172659452127257,shrink_mean:rule
2002-03,0.0028417650010036082,0.0026632699053949294,0.08924754780433894,shrink_mean:rule
2002-04,0.008375734010176253,0.008178446302232927,0.09864385397166411,shrink_mean:rule
2002-05,0.0009251993183464226,0.0007032825946564731,0.11095836184497461,shrink_mean:rule
2002-06,0.005960819462687687,0.005799597121566207,0.0806111705607402,shrink_mean:rule
2002-07,0.001403360371659138,0.0012772285724889562,0.063065899585091,shrink_mean:rule
2002-08,0.008297165480980933,0.008159827143785716,0.06866916859760869,shrink_mean:rule
2002-09,0.009535966231972209,0.009380335643542305,0.0778152942149511,shrink_mean:rule
2002-10,0.005699905955117487,0.005555216515203441,0.0723447199570232,shrink_mean:rule
2002-11,0.0032409549644746155,0.003038115251540663,0.1014198564669763,shrink_mean:rule
2002-12,0.007599146078201837,0.0074489388104507235,0.07510363387555694,shrink_mean:rule
2003-01,-4.9399458525412517e-05,-0.00020980335503811102,0.08020194825634912,shrink_mean:rule
2003-02,0.0038281455497067565,0.003681802019830731,0.07317176493801288,shrink_mean:rule
2003-03,0.007267182610405328,0.007160421080050514,0.05338076517740649,shrink_mean:rule
2003-04,-0.006736308894734099,-0.00687081408787361,0.06725259656975514,shrink_mean:rule
2003-05,0.007407601950472468,0.007158788804918812,0.12440657277682753,shrink_mean:rule
2003-06,0.0073623791819309465,0.007185700967875113,0.08833910702791686,shrink_mean:rule
2003-07,0.006579413254451227,0.006423219559432711,0.0780968475092582,shrink_mean:rule
2003-08,0.004675133112308556,0.004497969332181297,0.08858189006363001,shrink_mean:rule
2003-09,0.001965458625436246,0.0015889959988156818,0.18823131331028198,shrink_mean:rule
2003-10,0.010061468626525658,0.00994667054149856,0.057399042513549034,shrink_mean:rule
2003-11,0.003661502134855066,0.0035440992497612132,0.05870144254692657,shrink_mean:rule
2003-12,0.0018203988941134757,0.0017081387430931821,0.0561300755101468,shrink_mean:rule
2004-01,-0.0018679715480089086,-0.002022152762055793,0.07709060702344224,shrink_mean:rule
2004-02,0.0038390854170275647,0.0036553949819666596,0.0918452175304526,shrink_mean:rule
2004-03,0.004379481965649428,0.004224927888759665,0.07727703844488155,shrink_mean:rule
2004-04,0.003436607480558605,0.0033153012771497364,0.0606531017044345,shrink_mean:rule
2004-05,-0.002445037371169204,-0.002612475524451277,0.0837190766410365,shrink_mean:rule
2004-06,0.00464105351563067,0.004519248554056018,0.06090248078732591,shrink_mean:rule
2004-07,0.002705166487067764,0.002599509156246575,0.052828665410594444,shrink_mean:rule
2004-08,0.006371858194235092,0.0062481217948711365,0.061868199681977876,shrink_mean:rule
2004-09,0.0031842992471231724,0.0030630507809325663,0.06062423309530312,shrink_mean:rule
2004-10,0.003067202722345816,0.0029445866251364495,0.0613080486046833,shrink_mean:rule
2004-11,0.004112952151498256,0.003955529474451217,0.07871133852351997,shrink_mean:rule
2004-12,0.008126156939664208,0.00799770658579043,0.06422517693688895,shrink_mean:rule
2005-01,0.0010704343526707005,0.0008349787458564511,0.11772780340712474,shrink_mean:rule
2005-02,0.011248464621641474,0.011159586035090627,0.044439293275423265,shrink_mean:rule
2005-03,0.0062280449090300165,0.006099567346397706,0.06423878131615611,shrink_mean:rule
2005-04,0.010451273775588823,0.010324165940638274,0.06355391747527399,shrink_mean:rule
2005-05,-0.010009535358296257,-0.010149963384817858,0.0702140132608001,shrink_mean:rule
2005-06,-0.001706623559131527,-0.001840644915719346,0.0670106782939096,shrink_mean:rule
2005-07,0.00936301108025619,0.009272270390336308,0.04537034495994069,shrink_mean:rule
2005-08,0.0030278540168619545,0.002924245800803385,0.05180410802928444,shrink_mean:rule
2005-09,-0.0010172966959180756,-0.0011830968493105262,0.08290007669622558,shrink_mean:rule
2005-10,-0.0012044704874452738,-0.0013233661079556894,0.059447810255207935,shrink_mean:rule
2005-11,-0.0024268248386467624,-0.0025543181896882207,0.06374667552072927,shrink_mean:rule
2005-12,-0.0005410265039126656,-0.0006646084738363097,0.06179098496182213,shrink_mean:rule
2006-01,0.012094626382084852,0.011980354877125763,0.05713575247954469,shrink_mean:rule
2006-02,0.0007644908577967718,0.00046445065569036093,0.1500201010532055,shrink_mean:rule
2006-03,-0.012671790575920857,-0.012787903943692976,0.0580566838860593,shrink_mean:rule
2006-04,0.0024422848469571215,0.0022608191886977253,0.09073282912969804,shrink_mean:rule
2006-05,0.001899860595751781,0.0017402744070708855,0.07979309434044775,shrink_mean:rule
2006-06,0.012489989211891003,0.012387091992618643,0.051448609636180045,shrink_mean:rule
2006-07,0.003972707183752274,0.003585712573585532,0.19349730508337087,shrink_mean:rule
2006-08,0.0008677494632800723,0.0006512284983208829,0.1082604824795945,shrink_mean:rule
2006-09,1.5212110305837072e-05,-0.00018659994729635499,0.10090602880109607,shrink_mean:rule
2006-10,-0.0008427185257516767,-0.000966229406218932,0.061755440233627834,shrink_mean:rule
2006-11,-0.004132049387139215,-0.004233866151765761,0.05090838231327268,shrink_mean:rule
2006-12,0.00023884627099655516,0.00010553959214409726,0.06665333942622892,shrink_mean:rule
2007-01,0.003742510211718787,0.0035966765628616224,0.07291682442858237,shrink_mean:rule
2007-02,-0.003999089420944415,-0.0043688620877059105,0.18488633338074809,shrink_mean:rule
2007-03,0.004823478178879279,0.004659876136918768,0.08180102098025571,shrink_mean:rule
2007-04,0.00579563241387168,0.005623213849111298,0.08620928238019161,shrink_mean:rule
2007-05,0.0010143003687738694,0.0008192531303946742,0.09752361918959769,shrink_mean:rule
2007-06,-0.0006158253712250367,-0.0007678707186719392,0.07602267372345119,shrink_mean:rule
2007-07,-0.0002724513818513542,-0.0004463514173922607,0.0869500177704533,shrink_mean:rule
2007-08,0.004939709513730807,0.004736898689158782,0.10140541228601246,shrink_mean:rule
2007-09,0.0012405124684785284,0.0010614829870269269,0.08951474072580086,shrink_mean:rule
2007-10,0.008119147498139186,0.007835712442778335,0.14171752768042492,shrink_mean:rule
2007-11,0.002982382112955932,0.0027552558375229428,0.11356313771649465,shrink_mean:rule
2007-12,0.001203957488458073,0.0010279935724326445,0.08798195801271425,shrink_mean:rule
2008-01,0.0020682749723246745,0.0018624883311920352,0.1028933205663195,shrink_mean:rule
2008-02,0.0037505740083767568,0.003541765043368608,0.10440448250407448,shrink_mean:rule
2008-03,0.0020314810794872947,0.0018816489628019943,0.07491605834265018,shrink_mean:rule
2008-04,0.0038426181192795497,0.0036732434783258057,0.08468732047687222,shrink_mean:rule
2008-05,-0.0018523185629773617,-0.0020645690715460664,0.10612525428435239,shrink_mean:rule
2008-06,0.005389970627769426,0.005259018532845548,0.06547604746193912,shrink_mean:rule
2008-07,0.0063163364664528985,0.006186245635810883,0.0650454153210074,shrink_mean:rule
2008-08,0.004117589485603941,0.003942545287883378,0.08752209886028149,shrink_mean:rule
2008-09,0.005312298764971575,0.005188114921620955,0.06209192167531041,shrink_mean:rule
2008-10,0.011916999206696215,0.01173521646081428,0.0908913729409671,shrink_mean:rule
2008-11,0.010415357011421973,0.010168850554303466,0.12325322855925323,shrink_mean:rule
2008-12,-0.0007258016975062919,-0.0009381219225605492,0.10616011252712866,shrink_mean:rule
2009-01,0.0048304701016968895,0.004654621294442459,0.08792440362721514,shrink_mean:rule
2009-02,-0.00010406720324407899,-0.0002809368195872939,0.08843480817160737,shrink_mean:rule
2009-03,-0.0025059825634067574,-0.00266918627576707,0.08160185618015615,shrink_mean:rule
2009-04,-0.01851484232453833,-0.01872183411461688,0.10349589503927614,shrink_mean:rule
2009-05,-0.00986127298270168,-0.010139317964094459,0.13902249069638992,shrink_mean:rule
2009-06,0.005265246555472564,0.004980834829131996,0.14220586317028402,shrink_mean:rule
2009-07,0.005289735891190066,0.005139040249336754,0.07534782092665597,shrink_mean:rule
2009-08,0.0032569591789645244,0.0030954059138967927,0.08077663253386552,shrink_mean:rule
2009-09,-0.002409598786813268,-0.002531067665548249,0.060734439367490144,shrink_mean:rule
2009-10,0.004011441199223878,0.003864694217364246,0.07337349092981592,shrink_mean:rule
2009-11,0.004559168066068416,0.004442325445495923,0.05842131028624642,shrink_mean:rule
2009-12,-0.0003070588042463719,-0.00042255808552368824,0.05774964063865818,shrink_mean:rule
2010-01,-0.0016275677331192189,-0.0017450438944255576,0.058738080653169274,shrink_mean:rule
2010-02,0.005002074847644456,0.0048307967753469455,0.08563903614875511,shrink_mean:rule
2010-03,0.00214895989701583,0.002010434934275151,0.06926248137033943,shrink_mean:rule
2010-04,0.0050718192166691115,0.004952637704897567,0.05959075588577239,shrink_mean:rule
2010-05,0.004628208083033462,0.004520175081780176,0.054016500626642656,shrink_mean:rule
2010-06,0.003388352323512141,0.003273278390253979,0.057536966629081206,shrink_mean:rule
2010-07,0.004675855070827205,0.004579975046857068,0.04794001198506886,shrink_mean:rule
2010-08,0.0039391337453539375,0.0038223003312018206,0.058416707076058644,shrink_mean:rule
2010-09,0.0019651110582019067,0.0018615828486352238,0.051764104783341175,shrink_mean:rule
2010-10,0.0033173840748851966,0.0032219618797388024,0.04771109757319732,shrink_mean:rule
2010-11,0.007261193091466612,0.007159452501497315,0.05087029498464837,shrink_mean:rule
2010-12,0.00048029336099934074,0.0003676845933394318,0.05630438382995467,shrink_mean:rule
2011-01,0.005190380641735887,0.0050877843940725495,0.05129812383166905,shrink_mean:rule
2011-02,0.0032145230212800337,0.0030995903919490784,0.057466314665477504,shrink_mean:rule
2011-03,0.0030621025406248475,0.002931787317266052,0.06515761167939788,shrink_mean:rule
2011-04,0.005833130793995868,0.005740514963452724,0.04630791527157174,shrink_mean:rule
2011-05,0.0039799226339330045,0.003886640254145603,0.04664118989370068,shrink_mean:rule
2011-06,0.003728601598222221,0.0036490032844007647,0.03979915691072807,shrink_mean:rule
2011-07,0.006422281943752997,0.006343500883843757,0.039390529954620626,shrink_mean:rule
2011-08,0.004260634413281351,0.004174038342125337,0.04329803557800742,shrink_mean:rule
2011-09,0.008406431211074376,0.008303920324555797,0.05125544325929023,shrink_mean:rule
2011-10,-0.0004005531607818813,-0.000493521394102592,0.04648411666035537,shrink_mean:rule
2011-11,0.006389167638062609,0.006282124291557138,0.053521673252735505,shrink_mean:rule
2011-12,0.004671550769692292,0.0045896913632222005,0.04092970323504594,shrink_mean:rule
2012-01,-0.008948452584770176,-0.00914006787478476,0.09580764500729226,shrink_mean:rule
2012-02,0.0023543627711698567,0.002239784312670731,0.057289229249562756,shrink_mean:rule
2012-03,0.009046688944436849,0.008960766970233399,0.04296098710172504,shrink_mean:rule
2012-04,0.002194193274334525,0.0020036164220149986,0.09528842615976311,shrink_mean:rule
2012-05,0.00450767592638248,0.004379241352215134,0.06421728708367315,shrink_mean:rule
2012-06,0.006281140867879213,0.006205253869203054,0.037943499338079535,shrink_mean:rule
2012-07,0.005568232146051021,0.005475344112154469,0.046444016948276295,shrink_mean:rule
2012-08,0.005200441592185687,0.005122796237659062,0.03882267726331206,shrink_mean:rule
2012-09,-0.00047724812140842395,-0.0005510549064539352,0.03690339252275573,shrink_mean:rule
2012-10,0.0034313366053863557,0.003358378388134391,0.036479108625982616,shrink_mean:rule
2012-11,0.005759744172738135,0.005683603840160341,0.03807016628889695,shrink_mean:rule
2012-12,-0.0009670115644710721,-0.0010458385723386837,0.039413503933805695,shrink_mean:rule
2013-01,0.0021517464636175094,0.002077361975607135,0.03719224400518714,shrink_mean:rule
2013-02,0.003912962209547126,0.0038001506441758914,0.05640578268561718,shrink_mean:rule
2013-03,0.005835098049539812,0.00574521695105839,0.044940549240710836,shrink_mean:rule
2013-04,0.0063992768482809366,0.006284856557480657,0.05721014540014021,shrink_mean:rule
2013-05,0.0010161610759951538,0.0009264651775649183,0.044847949215117686,shrink_mean:rule
2013-06,0.005364321218362323,0.005272645310272673,0.04583795404482441,shrink_mean:rule
2013-07,0.009922026915423173,0.009804681680289872,0.058672617566650945,shrink_mean:rule
2013-08,1.8467767910058293e-05,-7.838136492312426e-05,0.04842456641659147,shrink_mean:rule
2013-09,-0.0010028649127270842,-0.0011557732701041835,0.0764541786885496,shrink_mean:rule
2013-10,-0.0023082129379733405,-0.0024003736779853162,0.046080370005987976,shrink_mean:rule
2013-11,0.001031304638520531,0.0009267665895208554,0.05226902449983788,shrink_mean:rule
2013-12,0.0032349679204566524,0.00317753304477061,0.028717437843021,shrink_mean:rule
2014-01,0.002932797580160938,0.0028669431094202826,0.032927235370327684,shrink_mean:rule
2014-02,0.004947844511452907,0.004864866834780678,0.0414888383361142,shrink_mean:rule
2014-03,0.002033700142623705,0.001959740583982593,0.03697977932055621,shrink_mean:rule
2014-04,-0.0018728241351354793,-0.002000143042220453,0.06365945354248707,shrink_mean:rule
2014-05,0.0009106272526944057,0.0007990387983693478,0.055794227162528916,shrink_mean:rule
2014-06,0.0045744140869294035,0.004498893390059564,0.03776034843491934,shrink_mean:rule
2014-07,0.003823394515883592,0.003757254679486677,0.033069918198457254,shrink_mean:rule
2014-08,0.001520932182391866,0.001398417897765041,0.06125714231341251,shrink_mean:rule
2014-09,-0.0008336112669292788,-0.0008993314453093752,0.032860089190048125,shrink_mean:rule
2014-10,0.0025842102778113416,0.0025103974874956924,0.03690639515782468,shrink_mean:rule
2014-11,0.006581269704671882,0.006516433089323637,0.03241830767412241,shrink_mean:rule
2014-12,0.007678943118494285,0.0076088869258951345,0.03502809629957555,shrink_mean:rule
2015-01,0.007047503113435965,0.006964244219856772,0.041629446789596125,shrink_mean:rule
2015-02,-0.00027448500404381524,-0.0003669588628663564,0.04623692941127073,shrink_mean:rule
2015-03,0.008594179228150409,0.008508958332002924,0.042610448073742584,shrink_mean:rule
2015-04,-0.006881244216254919,-0.006996680990394549,0.05771838706981451,shrink_mean:rule
2015-05,0.002428531452769666,0.0022912991473558104,0.06861615270692802,shrink_mean:rule
2015-06,0.005485967056661944,0.005416321808712069,0.03482262397493738,shrink_mean:rule
2015-07,0.00785816648371171,0.007791044135650975,0.0335611740303673,shrink_mean:rule
2015-08,0.005779391129428806,0.0057020959912160146,0.03864756910639623,shrink_mean:rule
2015-09,0.005192419603513598,0.0051236695779284264,0.03437501279258623,shrink_mean:rule
2015-10,-0.002667508450328659,-0.0027492711280837348,0.04088133887753772,shrink_mean:rule
2015-11,0.0025852081450145384,0.0025133022891813987,0.035952927916569934,shrink_mean:rule
2015-12,0.0029068803470950863,0.002823681944098498,0.04159920149829433,shrink_mean:rule
2016-01,0.0037466345147708587,0.003675303406505222,0.035665554132818605,shrink_mean:rule
2016-02,-0.0008590779328046088,-0.0009370618786087066,0.03899197290204905,shrink_mean:rule
2016-03,-0.009204479856199169,-0.009289543270279019,0.042531707039925204,shrink_mean:rule
2016-04,0.0012905090706422863,0.0011931886447189535,0.048660212961666394,shrink_mean:rule
2016-05,0.005214012537655873,0.005133295326114447,0.0403586057707132,shrink_mean:rule
2016-06,-0.0010894689660167853,-0.0011576147669270693,0.03407290045514207,shrink_mean:rule
2016-07,0.002720061776763765,0.002658455213594241,0.03080328158476218,shrink_mean:rule
2016-08,0.00506291869538137,0.004984167054588735,0.0393758203963175,shrink_mean:rule
2016-09,0.005702047159463602,0.00560637742986056,0.047834864801521035,shrink_mean:rule
2016-10,0.002698345713523398,0.0026528554036810365,0.0227451549211808,shrink_mean:rule
2016-11,-0.0042279387414618196,-0.004305262466004293,0.038661862271236754,shrink_mean:rule
2016-12,0.0013511429381141296,0.0012210250598324703,0.06505893914082969,shrink_mean:rule
2017-01,0.004202219409270482,0.00412534290438708,0.03843825244170099,shrink_mean:rule
2017-02,-0.0011630237045633489,-0.0012382221883446554,0.037599241890653286,shrink_mean:rule
2017-03,0.005132258182689321,0.005071352523531385,0.03045282957896777,shrink_mean:rule
2017-04,-0.0009573155394469242,-0.0010222395844185844,0.03246202248582989,shrink_mean:rule
2017-05,0.006720860376993919,0.006655323818280318,0.03276827935680087,shrink_mean:rule
2017-06,0.00011443583707452158,3.901616701885247e-05,0.03770983502783455,shrink_mean:rule
2017-07,0.004230237857157865,0.004177072593921245,0.026582631618310155,shrink_mean:rule
2017-08,0.0022884258442310242,0.00223039176377087,0.029017040230077347,shrink_mean:rule
2017-09,0.003110369693730167,0.0030586363830328337,0.0258666553486666,shrink_mean:rule
2017-10,0.002135902435047435,0.002077693647183336,0.029104393932049555,shrink_mean:rule
2017-11,0.002313185805363697,0.002233335602121563,0.03992510162106697,shrink_mean:rule
2017-12,4.2213059746055926e-05,-1.7576920644214106e-05,0.029894990195135085,shrink_mean:rule
2018-01,0.004537971500718498,0.00445572033987268,0.041125580422908356,shrink_mean:rule
2018-02,0.003388332978498631,0.0033144389223933386,0.036947028052646304,shrink_mean:rule
2018-03,0.0023862820798394384,0.0022795408614345865,0.05337060920242611,shrink_mean:rule
2018-04,0.0015800031533520049,0.0015103857832272462,0.03480868506237941,shrink_mean:rule
2018-05,0.0054849829733346145,0.005407807602269992,0.03858768553231125,shrink_mean:rule
2018-06,0.003536382780111902,0.0034608539565782514,0.037764411766825295,shrink_mean:rule
2018-07,0.005327634465903747,0.005260371566920382,0.033631449491682903,shrink_mean:rule
2018-08,0.003960198709771633,0.003893719208285375,0.03323975074312904,shrink_mean:rule
2018-09,0.011101123924421008,0.01103777003629483,0.03167694406308888,shrink_mean:rule
2018-10,0.0025026791253189395,0.0024321187867194925,0.03528016929972339,shrink_mean:rule
2018-11,-0.0017254979839123779,-0.0017960460983433091,0.03527405721546569,shrink_mean:rule
2018-12,-0.0016652128211182844,-0.0017381552900193884,0.03647123445055214,shrink_mean:rule
2019-01,0.005084094624240724,0.005030168936009425,0.026962844115649386,shrink_mean:rule
2019-02,-0.004201472488869748,-0.004271711619444257,0.03511956528725447,shrink_mean:rule
2019-03,0.0033289117112674307,0.0032711513802515025,0.028880165507963917,shrink_mean:rule
2019-04,0.0019330932154063634,0.0018791346641343501,0.026979275636006595,shrink_mean:rule
2019-05,0.002103975120510062,0.0020398129555231283,0.0320810824934668,shrink_mean:rule
2019-06,0.0044846068706909025,0.00442128900498088,0.03165893285501061,shrink_mean:rule
2019-07,0.005443866395436954,0.005397457605870109,0.023204394783422986,shrink_mean:rule
2019-08,0.0010115201877225098,0.0009425268576357652,0.03449666504337227,shrink_mean:rule
2019-09,-0.0012707604317242138,-0.0013291988203450575,0.029219194310421814,shrink_mean:rule
2019-10,0.00011458347616361462,5.7776848772451544e-05,0.02840331369558152,shrink_mean:rule
2019-11,0.0027499391625919654,0.0026949410968812233,0.02749903285537089,shrink_mean:rule
2019-12,0.0034724570951333027,0.003414285199550726,0.029085947791288494,shrink_mean:rule
2020-01,0.0017964123713347067,0.0017481439398058145,0.024134215764446135,shrink_mean:rule
2020-02,0.004085044547855759,0.004018441038400729,0.033301754727515114,shrink_mean:rule
2020-03,0.005800216702095003,0.0057349220298940655,0.032647336100468466,shrink_mean:rule
2020-04,-0.004862542578337534,-0.00499740599226502,0.0674317069637428,shrink_mean:rule
2020-05,-0.0011195238341537095,-0.0012380461460712974,0.059261155958794005,shrink_mean:rule
2020-06,-0.007097643116687461,-0.00717696180910816,0.03965934621034961,shrink_mean:rule
2020-07,0.0022992826919824793,0.0021875005915868804,0.055891050197799205,shrink_mean:rule
2020-08,-0.003759123078074125,-0.0038615979271099036,0.05123742451788926,shrink_mean:rule
2020-09,-0.00033376171868216794,-0.00041143559681087197,0.03883693906435195,shrink_mean:rule
2020-10,0.005137652540354817,0.0050616211531302234,0.03801569361229658,shrink_mean:rule
2020-11,-0.018997838589101118,-0.01906812853894219,0.03514497492053545,shrink_mean:rule
2020-12,-0.0050237211849889505,-0.0051476695266925295,0.06197417085178955,shrink_mean:rule
2021-01,0.004833768881463684,0.004745354852948148,0.0442070142577681,shrink_mean:rule
2021-02,-0.0018039313900389245,-0.0018823925425883318,0.039230576274703596,shrink_mean:rule
2021-03,0.002645806576782234,0.002551946152472292,0.046930212154971035,shrink_mean:rule
2021-04,0.0018009995674867947,0.001725030662823791,0.03798445233150195,shrink_mean:rule
2021-05,6.54663833665439e-05,-2.7996774767810066e-05,0.04673157906717702,shrink_mean:rule
2021-06,-0.00442636890179012,-0.00449650933362398,0.03507021591693039,shrink_mean:rule
2021-07,0.003829180075595014,0.0037509480244381156,0.03911602557844873,shrink_mean:rule
2021-08,-0.0007162843939113112,-0.0007761734621010127,0.029944534094850875,shrink_mean:rule
2021-09,0.004461854403112944,0.004385819927644336,0.03801723773430379,shrink_mean:rule
2021-10,0.0006832382301195566,0.0006132164228071968,0.03501090365617994,shrink_mean:rule
2021-11,0.006884424626136185,0.006816041022418409,0.03419180185888759,shrink_mean:rule
2021-12,0.008995999537949948,0.008908470100603102,0.04376471867342288,shrink_mean:rule
2022-01,0.008348629381351223,0.0082853563140096,0.031636533670812435,shrink_mean:rule
2022-02,0.009276224460714999,0.00920045240100298,0.037886029856009085,shrink_mean:rule
2022-03,0.004898568911238905,0.004818120099147158,0.04022440604587391,shrink_mean:rule
2022-04,0.010606871190957294,0.01051953566145481,0.043667764751242594,shrink_mean:rule
2022-05,0.005140960275940807,0.005054194929353609,0.04338267329359816,shrink_mean:rule
2022-06,-0.001112137405304851,-0.0011896281371090397,0.038745365902094514,shrink_mean:rule
2022-07,-0.0012164394557205027,-0.0012938683499837543,0.03871444713162578,shrink_mean:rule
2022-08,-0.001876700385697775,-0.0019408662746718873,0.032082944487056134,shrink_mean:rule
2022-09,0.003737666909163661,0.003667773289725358,0.034946809719151456,shrink_mean:rule
2022-10,0.003309818071527844,0.0032369852909632556,0.0364163902822941,shrink_mean:rule
2022-11,-0.0012726763117017253,-0.0013621689663121908,0.04474632730523261,shrink_mean:rule
2022-12,0.00650055070876506,0.00641842397274836,0.041063368008350136,shrink_mean:rule
2023-01,0.0023949516797835274,0.002326203048204928,0.03437431578929983,shrink_mean:rule
2023-02,0.0031384052805424846,0.0030576689335488007,0.0403681734968419,shrink_mean:rule
2023-03,0.0029910823787369927,0.0029360340718584104,0.027524153439291474,shrink_mean:rule
2023-04,-0.0005898598817853662,-0.0006549110009687922,0.03252555959171308,shrink_mean:rule
2023-05,-0.0026270704189256147,-0.002692572867707571,0.03275122439097836,shrink_mean:rule
2023-06,0.004009936460073345,0.003946348884554018,0.031793787759663,shrink_mean:rule
2023-07,0.0025102950681367693,0.0024471602346920213,0.03156741672237406,shrink_mean:rule
2023-08,0.0023376893412166548,0.002263560292448101,0.03706452438427707,shrink_mean:rule
2023-09,0.007013113971295759,0.006952883471373377,0.03011524996119136,shrink_mean:rule
2023-10,0.006483388706778808,0.006421887331479898,0.030750687649454676,shrink_mean:rule
2023-11,-0.003561741260865656,-0.0036684372933593586,0.05334801624685127,shrink_mean:rule
2023-12,0.0043901597342982214,0.004328400730287132,0.030879502005545203,shrink_mean:rule
2024-01,0.01167166203531188,0.011609206765217438,0.031227635047220828,shrink_mean:rule
2024-02,-0.0011634178939486557,-0.0012369454861032479,0.036763796077295845,shrink_mean:rule
2024-03,0.0038480314216800715,0.003777599710542567,0.03521585556875227,shrink_mean:rule
2024-04,0.0019965989743654013,0.0019071389057168458,0.04473003432427778,shrink_mean:rule
2024-05,0.002899215025565914,0.0028125137570761986,0.043350634244857585,shrink_mean:rule
2024-06,0.0032900635947057193,0.0032151004026271936,0.03748159603926298,shrink_mean:rule
2024-07,0.001755689825667862,0.001707440723510682,0.024124551078589938,shrink_mean:rule
2024-08,0.002423116185548526,0.0023674037492412855,0.027856218153620414,shrink_mean:rule
2024-09,-1.2670675386628069e-05,-6.704727973480364e-05,0.027188302174087756,shrink_mean:rule
2024-10,-0.0004550802232684538,-0.0005072011510376238,0.026060463884584863,shrink_mean:rule
2024-11,0.01059095442111576,0.010528666788771289,0.031143816172235418,shrink_mean:rule
2024-12,0.0018709947266290889,0.0018145774709717177,0.028208627828685596,shrink_mean:rule
2025-01,0.003496713053202939,0.003445079411920024,0.025816820641457475,shrink_mean:rule
2025-02,0.0036438314090958437,0.003580628055762479,0.0316016766666823,shrink_mean:rule
2025-03,0.005035000636511444,0.004976626961659321,0.02918683742606133,shrink_mean:rule
2025-04,-0.00021666796282442398,-0.00027951503152209763,0.03142353434883678,shrink_mean:rule
2025-05,-0.0003078167264733123,-0.0003760640665087699,0.034123670017728785,shrink_mean:rule
2025-06,-0.003844394643493147,-0.0039116513080356,0.03362833227122658,shrink_mean:rule
2025-07,-0.0015210082916695033,-0.0015700548451274895,0.024523276728993057,shrink_mean:rule
2025-08,-0.0015859276280962451,-0.0016502464801237454,0.03215942601375021,shrink_mean:rule
2025-09,0.0034405074285632086,0.003380773827561639,0.02986680050078495,shrink_mean:rule
2025-10,0.007500143362976084,0.0074348505028732975,0.03264643005139279,shrink_mean:rule
2025-11,0.004952816877285008,0.004873590484383948,0.03961319645052979,shrink_mean:rule
2025-12,0.006942318375091447,0.006889555514045326,0.02638143052306038,shrink_mean:rule
