target_month,gross,net,turnover,strategy
2000-01,0.00533078611375814,0.00533078611375814,0.0,enet:dm_only
2000-02,0.017275536659053972,0.015324585144009849,0.9754757575220612,enet:dm_only
2000-03,-0.0021975460124568345,-0.004125823542586423,0.9641387650647946,enet:dm_only
2000-04,-0.017536696581704106,-0.019492333672535014,0.9778185454154545,enet:dm_only
2000-05,-0.004315944304299529,-0.006417265092933242,1.0506603943168564,enet:dm_only
2000-06,-0.007098534236979074,-0.009061749071236361,0.9816074171286446,enet:dm_only
2000-07,-0.001760212588745977,-0.0037635422811935146,1.001664846223769,enet:dm_only
2000-08,-0.006574352281970899,-0.008401894667873108,0.9137711929511038,enet:dm_only
2000-09,0.0009267042461985317,-0.0009737803846810811,0.9502423154398063,enet:dm_only
2000-10,0.0009133269580656096,-0.0008175356003366898,0.8654312792011496,enet:dm_only
2000-11,0.00787649467956752,0.006284362735706619,0.7960659719304511,enet:dm_only
2000-12,0.0012960086743380901,-0.0003599279346865091,0.8279683045122996,enet:dm_only
2001-01,-0.014213376999572992,-0.01605072755395968,0.9186752771933447,enet:dm_only
2001-02,0.006694514947690213,0.004531637912628915,1.0814385175306493,enet:dm_only
2001-03,0.0279864477613523,0.025882459300687565,1.051994230332367,enet:dm_only
2001-04,0.004786590792337995,0.0030682396825977413,0.859175554870127,enet:dm_only
2001-05,0.009941088189250763,0.007991995573822349,0.9745463077142072,enet:dm_only
2001-06,-0.0017765215344643093,-0.00340643218854435,0.8149553270400202,enet:dm_only
2001-07,0.01805366929394365,0.016225025778042603,0.9143217579505216,enet:dm_only
2001-08,-0.005645791777711253,-0.007211342395143279,0.7827753087160136,enet:dm_only
2001-09,0.012497896001429764,0.01061012868777772,0.9438836568260228,enet:dm_only
2001-10,-0.01937027207366211,-0.021241045356433483,0.9353866413856866,enet:dm_only
2001-11,0.0032027747725853375,0.0009352932125420265,1.1337407800216561,enet:dm_only
2001-12,0.013354367414915302,0.011406720540012204,0.973823437451549,enet:dm_only
2002-01,0.00037533564760933933,-0.0016370316944279686,1.0061836710186542,enet:dm_only
2002-02,0.007758975282774724,0.00623034737581458,0.7643139534800725,enet:dm_only
2002-03,0.011512365079497397,0.010139179909845177,0.6865925848261095,enet:dm_only
2002-04,0.006795553908775927,0.005594182319700323,0.6006857945378024,enet:dm_only
2002-05,0.005466562623336442,0.00412304178324988,0.6717604200432808,enet:dm_only
2002-06,0.006259719766230144,0.004930096839124821,0.6648114635526612,enet:dm_only
2002-07,0.0037886380845653053,0.002505603126269713,0.6415174791477961,enet:dm_only
2002-08,0.0021476045537094095,0.0009141917355220385,0.6167064090936855,enet:dm_only
2002-09,0.00550798166697641,0.004195611554790957,0.6561850560927259,enet:dm_only
2002-10,0.0014310176363369724,0.00022675349039131716,0.6021320729728274,enet:dm_only
2002-11,0.0029244701796009385,0.001371001274456622,0.7767344525721579,enet:dm_only
2002-12,0.003261948890530177,0.001973401217936313,0.644273836296932,enet:dm_only
2003-01,0.001890988265384848,0.0006006635189102325,0.6451623732373076,enet:dm_only
2003-02,0.0003411888579068155,-0.0006380274179183821,0.48960813791259894,enet:dm_only
2003-03,0.010201860947162217,0.009168226086735506,0.5168174302133554,enet:dm_only
2003-04,-0.005009307283537796,-0.0057151013118995906,0.35289701418089764,enet:dm_only
2003-05,0.0035659144689667824,0.0023434280739697794,0.6112431974985018,enet:dm_only
2003-06,0.005853270769922683,0.004673525601362405,0.5898725842801388,enet:dm_only
2003-07,0.008651493379382943,0.007590569729763341,0.5304618248098006,enet:dm_only
2003-08,0.005048213893585723,0.003958472976666475,0.5448704584596241,enet:dm_only
2003-09,-0.003009948333455056,-0.004211516878621299,0.6007842725831221,enet:dm_only
2003-10,0.011444762066947016,0.010313342506954006,0.5657097799965055,enet:dm_only
2003-11,0.0011228281960777805,6.64830482776331e-05,0.5281725739000739,enet:dm_only
2003-12,0.0006120280364398783,-0.0005416606726600509,0.5768443545499649,enet:dm_only
2004-01,-0.008230038980940269,-0.009404678540904229,0.58731977998198,enet:dm_only
2004-02,0.002375683377776333,0.0010059318250595977,0.6848757763583679,enet:dm_only
2004-03,0.0021711738805299365,0.0010260735997773924,0.5725501403762718,enet:dm_only
2004-04,0.0023462240092237754,0.0012306311251260678,0.5577964420488539,enet:dm_only
2004-05,-0.006223426190399144,-0.007323881196986222,0.5502275032935389,enet:dm_only
2004-06,0.002849727255143184,0.0017184409147983693,0.5656431701724075,enet:dm_only
2004-07,0.005249396542204967,0.0042348620849151685,0.5072672286448991,enet:dm_only
2004-08,0.004115866453471261,0.003180821128464727,0.46752266250326713,enet:dm_only
2004-09,0.004009566093909244,0.003010951441977535,0.49930732596585437,enet:dm_only
2004-10,0.011186437185608761,0.010212180788005537,0.48712819880161173,enet:dm_only
2004-11,0.003970911657825238,0.003089909008248487,0.4405013247883752,enet:dm_only
2004-12,0.008302989276281694,0.00719534665654495,0.5538213098683715,enet:dm_only
2005-01,-0.002019548342299123,-0.0031921845441859626,0.5863181009434197,enet:dm_only
2005-02,0.004173792229017912,0.003070537911901815,0.5516271585580487,enet:dm_only
2005-03,0.008752775070735205,0.0076349810065118855,0.5588970321116593,enet:dm_only
2005-04,0.014190728207377802,0.013099307786264277,0.5457102105567628,enet:dm_only
2005-05,-0.015179064605603875,-0.016092079355875265,0.45650737513569606,enet:dm_only
2005-06,0.002915968634286119,0.0015906649616375945,0.6626518363242624,enet:dm_only
2005-07,0.003138967864407345,0.0020622158915561367,0.5383759864256041,enet:dm_only
2005-08,0.00035288670106487744,-0.0007223994224294374,0.5376430617471574,enet:dm_only
2005-09,0.003343356757639141,0.002103426451931439,0.6199651528538509,enet:dm_only
2005-10,0.0005962970637906854,-0.0004836730981498051,0.5399850809702452,enet:dm_only
2005-11,-0.003637571326613225,-0.004708692305742787,0.535560489564781,enet:dm_only
2005-12,-0.0010563445462294558,-0.0021601751173917017,0.5519152855811227,enet:dm_only
2006-01,0.004217785351303776,0.003047234711417631,0.5852753199430727,enet:dm_only
2006-02,0.004898972058287073,0.0034173174820473317,0.7408272881198703,enet:dm_only
2006-03,-0.01029875561138569,-0.011614230275310397,0.6577373319623545,enet:dm_only
2006-04,0.008049191642957575,0.006741745235240087,0.6537232038587438,enet:dm_only
2006-05,0.0006530368843366332,-0.0006107606602209899,0.6318987722788115,enet:dm_only
2006-06,0.01467108345964439,0.01348015948825375,0.5954619856953186,enet:dm_only
2006-07,-0.005563131453367093,-0.006743670645024659,0.5902695958287826,enet:dm_only
2006-08,-0.006168470289287624,-0.007543995096170698,0.6877624034415375,enet:dm_only
2006-09,0.002808348324499895,0.0014883993787046044,0.659974472897645,enet:dm_only
2006-10,-0.0027185412780101584,-0.003864695133492196,0.5730769277410188,enet:dm_only
2006-11,0.009540237572061946,0.008314994609917891,0.612621481072027,enet:dm_only
2006-12,0.0018548632607071683,0.0007487722123737835,0.5530455241666924,enet:dm_only
2007-01,0.005873133330574231,0.004622865641378059,0.6251338445980862,enet:dm_only
2007-02,0.0015747034689999146,0.0003094785429745829,0.6326124630126659,enet:dm_only
2007-03,0.006064912661558282,0.00490540185254175,0.5797554045082665,enet:dm_only
2007-04,0.0062680167527517745,0.005121588623330285,0.5732140647107447,enet:dm_only
2007-05,0.001123011243339053,-5.83239204618095e-05,0.5906675819004311,enet:dm_only
2007-06,-0.002412355075594648,-0.0037404929083720913,0.6640689163887215,enet:dm_only
2007-07,-0.00040376255744276784,-0.0018910613099929624,0.7436493762750971,enet:dm_only
2007-08,0.0018162501501895877,0.00042362315424877996,0.6963134979704039,enet:dm_only
2007-09,0.0027496617667537387,0.0013631007124104203,0.6932805271716592,enet:dm_only
2007-10,0.011667049061125206,0.010378218367668085,0.6444153467285605,enet:dm_only
2007-11,0.0029522906894450577,0.0016573333485128878,0.6474786704660849,enet:dm_only
2007-12,0.004452637178088743,0.0029625937616170974,0.7450217082358231,enet:dm_only
2008-01,0.0020517871957923066,0.0008284793365608265,0.6116539296157399,enet:dm_only
2008-02,-0.0012347380514839024,-0.002716265019349954,0.7407634839330259,enet:dm_only
2008-03,0.0045902077184740995,0.003139434227156985,0.7253867456585574,enet:dm_only
2008-04,0.002437779631178174,0.001051718627877422,0.6930305016503763,enet:dm_only
2008-05,-0.003702218944444689,-0.005155104729847347,0.7264428927013284,enet:dm_only
2008-06,0.00978256975302617,0.008401606218712184,0.690481767156993,enet:dm_only
2008-07,-0.003951705066162486,-0.005128588262120647,0.5884415979790804,enet:dm_only
2008-08,0.009235929944140615,0.007735274793989181,0.7503275750757165,enet:dm_only
2008-09,0.013539640639856266,0.012368072628252047,0.5857840058021088,enet:dm_only
2008-10,0.0330691713602072,0.0319429481850507,0.5631115875782483,enet:dm_only
2008-11,0.018571808047770588,0.0174608572711028,0.5554753883338948,enet:dm_only
2008-12,-0.004594748843257088,-0.005837240104096388,0.6212456304196489,enet:dm_only
2009-01,0.0006069355353373692,-0.0008530238735647219,0.7299797044510457,enet:dm_only
2009-02,0.0064650290507414915,0.00493838864532692,0.7633202027072857,enet:dm_only
2009-03,-0.010994247703246075,-0.01222781137533966,0.6167818360467928,enet:dm_only
2009-04,-0.015143435451135697,-0.01673712246687632,0.796843507870311,enet:dm_only
2009-05,0.012074357451964546,0.010229423922825708,0.9224667645694195,enet:dm_only
2009-06,-0.003736482893281035,-0.005423618095063535,0.8435676008912499,enet:dm_only
2009-07,0.003769574534026722,0.001948480428138888,0.9105470529439167,enet:dm_only
2009-08,0.0012983157063576134,-8.757693006525122e-05,0.6929463182114323,enet:dm_only
2009-09,0.005227974849567407,0.00382119615317766,0.7033893481948732,enet:dm_only
2009-10,0.001394275906939078,0.0001282904026658865,0.6329927521365956,enet:dm_only
2009-11,0.0019060535750550897,0.0005749690577424206,0.6655422586563347,enet:dm_only
2009-12,-0.002216071406752791,-0.003463372639048398,0.6236506161478036,enet:dm_only
2010-01,-0.0015794601780397168,-0.0029838059403281478,0.702172881144215,enet:dm_only
2010-02,-0.0024886701663058186,-0.004028322503543826,0.7698261686190037,enet:dm_only
2010-03,-0.002926994125039385,-0.004545938169872501,0.809472022416558,enet:dm_only
2010-04,0.005309711332832581,0.0038472776797854884,0.7312168265235464,enet:dm_only
2010-05,0.004422983081531296,0.0030610177586496744,0.6809826614408108,enet:dm_only
2010-06,0.008148975050907852,0.006874539682311989,0.6372176842979315,enet:dm_only
2010-07,-0.001431307835084373,-0.0025608943248061167,0.5647932448608721,enet:dm_only
2010-08,0.0034301187868623615,0.002019013852481683,0.7055524671903391,enet:dm_only
2010-09,0.0016512315827658614,0.00026080659830141545,0.6952124922322228,enet:dm_only
2010-10,0.006268338901142309,0.00483834604366093,0.7149964287406894,enet:dm_only
2010-11,0.008830696398327465,0.007502471314067244,0.6641125421301104,enet:dm_only
2010-12,0.005706107380965011,0.004392958386825377,0.6565744970698165,enet:dm_only
2011-01,0.005262442083727794,0.003976431292384959,0.6430053956714171,enet:dm_only
2011-02,-0.0016734921711332995,-0.003077387947089862,0.7019478879782809,enet:dm_only
2011-03,-0.00035750473621881657,-0.0017383747232490952,0.690434993515139,enet:dm_only
2011-04,0.007755023433605244,0.006420053491114196,0.6674849712455239,enet:dm_only
2011-05,0.004350900327023749,0.0031642875031226703,0.5933064119505393,enet:dm_only
2011-06,0.00460666025599291,0.0034065375858765958,0.6000613350581576,enet:dm_only
2011-07,0.006280647717579922,0.005189525046498525,0.5455613355406983,enet:dm_only
2011-08,0.009546457935114295,0.008495622408496491,0.5254177633089012,enet:dm_only
2011-09,0.01211898253581247,0.011029704556321594,0.5446389897454373,enet:dm_only
2011-10,-0.007935263554695291,-0.009126674836151118,0.5957056407279137,enet:dm_only
2011-11,0.0025312703632592577,0.0009939087956943235,0.7686807837824672,enet:dm_only
2011-12,0.004065109518508169,0.002590505517933975,0.737302000287097,enet:dm_only
2012-01,-0.01879057976524027,-0.019802918397173627,0.5061693159666796,enet:dm_only
2012-02,-0.002066923813499862,-0.0034860488406813555,0.709562513590747,enet:dm_only
2012-03,0.007996614666415618,0.006653900958571081,0.671356853922269,enet:dm_only
2012-04,0.0053925319723745,0.004227661810440334,0.5824350809670832,enet:dm_only
2012-05,0.01054089814819496,0.009485184285555254,0.5278569313198527,enet:dm_only
2012-06,0.005245323698565479,0.004218329330763684,0.5134971839008977,enet:dm_only
2012-07,0.006688473148583484,0.005611924633582357,0.538274257500564,enet:dm_only
2012-08,0.005221051352397784,0.004175089452728813,0.5229809498344855,enet:dm_only
2012-09,-0.0012624209077642095,-0.0022764487968996833,0.5070139445677371,enet:dm_only
2012-10,0.0023112319989823517,0.0011422641009563629,0.5844839490129944,enet:dm_only
2012-11,0.0074841444509417265,0.006359536072611489,0.5623041891651188,enet:dm_only
2012-12,-0.0029447307542841204,-0.003971316955458974,0.5132931005874267,enet:dm_only
2013-01,0.0029825377978069363,0.0017604093480145775,0.6110642248961796,enet:dm_only
2013-02,0.0037987626851304344,0.0026127231408233217,0.5930197721535563,enet:dm_only
2013-03,0.009132469597065592,0.00807232287722527,0.530073359920162,enet:dm_only
2013-04,0.009269515671805877,0.008366937857547965,0.4512889071289558,enet:dm_only
2013-05,0.0033027405095356634,0.002333510928495483,0.48461479052009004,enet:dm_only
2013-06,0.0035132805014445375,0.002277585396081863,0.6178475526813373,enet:dm_only
2013-07,0.009218645322096961,0.007996169524600853,0.6112378987480548,enet:dm_only
2013-08,-0.0010691871219991067,-0.0023077485948421145,0.619280736421504,enet:dm_only
2013-09,-0.005352147907810752,-0.006713721773314257,0.6807869327517526,enet:dm_only
2013-10,-0.0007622745886915885,-0.0020230524140113612,0.6303889126598865,enet:dm_only
2013-11,-0.0004942223661592841,-0.00163791442829994,0.571846031070328,enet:dm_only
2013-12,0.004062270503571309,0.0030245838251393158,0.5188433392159968,enet:dm_only
2014-01,0.0006850118908878825,-0.00022838946174816188,0.4567006763180222,enet:dm_only
2014-02,0.004861552383757367,0.003759183409687672,0.5511844870348475,enet:dm_only
2014-03,0.0013664693730826704,0.00028180716792478705,0.5423311025789416,enet:dm_only
2014-04,0.0011105634319207225,-4.641458960943331e-05,0.5784890107650781,enet:dm_only
2014-05,-0.00048324944671027434,-0.0016327798004450666,0.5747651768673959,enet:dm_only
2014-06,0.003313060720400767,0.0021379035996738458,0.5875785603634603,enet:dm_only
2014-07,0.000966539607310806,-0.00016122314649947244,0.5638813769051393,enet:dm_only
2014-08,0.0029953147037729473,0.0018873052770557327,0.5540047133586075,enet:dm_only
2014-09,-0.001901892714913201,-0.0029498486775650316,0.5239779813259154,enet:dm_only
2014-10,0.002762279857806142,0.0017173602926000711,0.5224597826030353,enet:dm_only
2014-11,0.008691668252133251,0.007638749536882198,0.5264593576255261,enet:dm_only
2014-12,0.01294166366664546,0.011961777923488,0.4899428715787296,enet:dm_only
2015-01,0.005436871133876769,0.004477856320460972,0.47950740670789843,enet:dm_only
2015-02,-0.00036608633106674726,-0.0015093273263450358,0.5716204976391445,enet:dm_only
2015-03,0.0035167516477613518,0.002314496011952379,0.6011278179044865,enet:dm_only
2015-04,-0.010594908320800227,-0.011757713963472055,0.5814028213359145,enet:dm_only
2015-05,-0.00014065072491507784,-0.0016062690961063982,0.7328091855956604,enet:dm_only
2015-06,0.0023914207841957396,0.001002882318926148,0.694269232634796,enet:dm_only
2015-07,0.008077083342632288,0.007047239284840859,0.5149220288957145,enet:dm_only
2015-08,0.007435904439248533,0.006391219442882615,0.5223424981829592,enet:dm_only
2015-09,0.0035292413642425036,0.0024520050544252717,0.5386181549086162,enet:dm_only
2015-10,-0.003971081320292565,-0.005104668891390806,0.5667937855491211,enet:dm_only
2015-11,0.0023624943083821594,0.0011202233828268061,0.6211354627776766,enet:dm_only
2015-12,-0.0003011322874868829,-0.0015223765523789583,0.6106221324460376,enet:dm_only
2016-01,0.001863798066962021,0.0006640092685380591,0.599894399211981,enet:dm_only
2016-02,6.003078328418613e-05,-0.0011412797254860651,0.6006552543851258,enet:dm_only
2016-03,-0.004862375522892167,-0.006148205505605835,0.6429149913568346,enet:dm_only
2016-04,0.0035907250504806265,0.00223641407989096,0.6771554852948334,enet:dm_only
2016-05,0.001454231917338714,0.00019629982975486268,0.6289660437919256,enet:dm_only
2016-06,-0.0016206188296598355,-0.0028512875143731986,0.6153343423566815,enet:dm_only
2016-07,-0.0005583136905111751,-0.0016522497483310167,0.5469680289099207,enet:dm_only
2016-08,0.005800025590498186,0.004587352674132074,0.6063364581830565,enet:dm_only
2016-09,0.006131828294086029,0.005057137861701225,0.5373452161924018,enet:dm_only
2016-10,0.0013101552505844958,0.0004564146264647868,0.42687031205985426,enet:dm_only
2016-11,-0.0024482464652935466,-0.003500634028078885,0.5261937813926694,enet:dm_only
2016-12,0.0006715687491801506,-0.0005586922127956968,0.6151304809879238,enet:dm_only
2017-01,0.00287617006518045,0.0017360405683686652,0.5700647484058927,enet:dm_only
2017-02,-0.0004961106028053951,-0.001678554651577164,0.5912220243858844,enet:dm_only
2017-03,0.002394222569807774,0.00127593972995976,0.559141419924007,enet:dm_only
2017-04,-0.00023290652795224508,-0.0013318146746515293,0.5494540733496422,enet:dm_only
2017-05,0.004644870265361006,0.00360020471867171,0.5223327733446481,enet:dm_only
2017-06,0.0005625281126139187,-0.000596552727536022,0.5795404200749702,enet:dm_only
2017-07,0.0019382184455818737,0.000862785939786962,0.5377162528974557,enet:dm_only
2017-08,0.003402132928984954,0.002260247869826847,0.5709425295790537,enet:dm_only
2017-09,0.0015290348232176415,0.000548409210730495,0.49031280624357315,enet:dm_only
2017-10,0.0037127346536234562,0.0027248210141951027,0.4939568197141767,enet:dm_only
2017-11,0.0021173916333796137,0.0009913549607443737,0.5630183363176201,enet:dm_only
2017-12,0.003556176655303588,0.0023624325806910966,0.5968720373062459,enet:dm_only
2018-01,0.004228498867419035,0.003029875322981692,0.5993117722186714,enet:dm_only
2018-02,0.0022564727468996756,0.0009635893770826258,0.6464416849085248,enet:dm_only
2018-03,0.004192646362576259,0.0030163826817166182,0.5881318404298205,enet:dm_only
2018-04,0.0006495312765614908,-0.0004096122939669178,0.5295717852642045,enet:dm_only
2018-05,0.0026455046531951546,0.0014186780970290357,0.6134132780830592,enet:dm_only
2018-06,0.002791834912689036,0.001544518827797047,0.6236580424459944,enet:dm_only
2018-07,0.002676987315627506,0.001554357294414454,0.5613150106065259,enet:dm_only
2018-08,0.0043283229323109445,0.0032042560709528082,0.5620334306790681,enet:dm_only
2018-09,0.013176755441020942,0.012062091377522188,0.5573320317493764,enet:dm_only
2018-10,0.004074945070146621,0.0030468177460281436,0.5140636620592388,enet:dm_only
2018-11,-0.003065636735128151,-0.004168654113562676,0.5515086892172619,enet:dm_only
2018-12,0.00488730420812697,0.0035059215405287155,0.6906913337991275,enet:dm_only
2019-01,-0.0017614781683317439,-0.0028792097358842183,0.5588657837762375,enet:dm_only
2019-02,-0.0054515712851561015,-0.006726265761264685,0.6373472380542905,enet:dm_only
2019-03,0.0051140433700668855,0.003876104218613825,0.6189695757265304,enet:dm_only
2019-04,0.0016995526928787793,0.0007128049525173094,0.49337387018073486,enet:dm_only
2019-05,0.0020248575859487554,0.0009625594241304533,0.531149080909151,enet:dm_only
2019-06,0.0027777549183494636,0.001594585463791111,0.5915847272791764,enet:dm_only
2019-07,0.005744045800405496,0.004637193369135459,0.553426215635019,enet:dm_only
2019-08,0.0038044764470591425,0.002820799304698027,0.49183857118055785,enet:dm_only
2019-09,-0.002686846549076561,-0.003749656932957095,0.5314051919402671,enet:dm_only
2019-10,0.0019373610903319594,0.0007370374963775037,0.6001617969772279,enet:dm_only
2019-11,0.0013557763160322639,0.0002846359094654381,0.535570203283413,enet:dm_only
2019-12,0.005100258432293257,0.003966270120262512,0.5669941560153722,enet:dm_only
2020-01,0.005292805951538141,0.004333516977258839,0.47964448713965063,enet:dm_only
2020-02,0.009469282305968356,0.008437596505598052,0.5158429001851513,enet:dm_only
2020-03,0.01636125913956209,0.01537109522106721,0.49508195924744136,enet:dm_only
2020-04,-0.018505941563863062,-0.01993375203453879,0.7139052353378654,enet:dm_only
2020-05,-0.0010975756655789205,-0.003084708198460356,0.9935662664407175,enet:dm_only
2020-06,-0.0036120695373182852,-0.005204905652814362,0.7964180577480385,enet:dm_only
2020-07,0.0042183193689632114,0.0027514218951135783,0.7334487369248159,enet:dm_only
2020-08,0.0014020762854128352,-5.7575612125178404e-06,0.7039169233126764,enet:dm_only
2020-09,-0.003984345337014591,-0.005391417634203827,0.7035361485946174,enet:dm_only
2020-10,0.0018242033394630984,0.0003922931709542197,0.7159550842544393,enet:dm_only
2020-11,-0.024330562334633436,-0.02555868051222021,0.6140590887933868,enet:dm_only
2020-12,0.0020183462704473783,0.00012091647561704665,0.9487148974151658,enet:dm_only
2021-01,0.001733772762304707,7.088362820194717e-05,0.8314445670513798,enet:dm_only
2021-02,0.00049105860640907,-0.000913115443472879,0.7020870249409745,enet:dm_only
2021-03,0.006930265971133233,0.005465333766880985,0.7324661021261236,enet:dm_only
2021-04,0.004799475223779719,0.003551034576024452,0.6242203238776335,enet:dm_only
2021-05,0.003529477702315131,0.002164017984231285,0.6827298590419228,enet:dm_only
2021-06,-0.0038242415138935557,-0.00514656458418862,0.6611615351475324,enet:dm_only
2021-07,0.004282209624630388,0.0030227446304895668,0.6297324970704111,enet:dm_only
2021-08,-0.0015560126357924394,-0.002746002738358924,0.594995051283242,enet:dm_only
2021-09,0.007399853059643896,0.0061201025559742125,0.639875251834842,enet:dm_only
2021-10,0.0018174768155308954,0.0006372687111132224,0.5901040522088364,enet:dm_only
2021-11,0.004758905005829642,0.003595115279215195,0.5818948633072234,enet:dm_only
2021-12,0.00808664916451221,0.006745937124388523,0.6703560200618437,enet:dm_only
2022-01,0.011094532936175657,0.010019838046985648,0.537347444595004,enet:dm_only
2022-02,0.007689983279296109,0.0067021590280049535,0.49391212564557724,enet:dm_only
2022-03,0.008852283433536277,0.007771385207216821,0.5404491131597271,enet:dm_only
2022-04,0.010442805621666162,0.009447153354192757,0.4978261337367027,enet:dm_only
2022-05,0.003990135719647807,0.0029918527421950282,0.49914148872638947,enet:dm_only
2022-06,0.0018859935140001678,0.000800229570092938,0.5428819719536148,enet:dm_only
2022-07,-0.005528203534507982,-0.006636593761711368,0.5541951136016933,enet:dm_only
2022-08,-0.0012066495937170395,-0.0023913990434818824,0.5923747248824214,enet:dm_only
2022-09,0.005955237829132145,0.004893152024483232,0.5310429023244565,enet:dm_only
2022-10,0.005086818366292245,0.004043696926005694,0.5215607201432753,enet:dm_only
2022-11,-0.00628893743926661,-0.0074080261353462965,0.5595443480398437,enet:dm_only
2022-12,0.00503792546265187,0.0037791846869042215,0.6293703878738242,enet:dm_only
2023-01,0.0006534223307944928,-0.0004391218422074158,0.5462720865009542,enet:dm_only
2023-02,0.007108684650412995,0.006041422275804177,0.5336311873044092,enet:dm_only
2023-03,0.0030137285307592783,0.00212866228592646,0.44253312241640913,enet:dm_only
2023-04,-0.0002952155080519724,-0.001320845823528176,0.5128151577381019,enet:dm_only
2023-05,-0.001738130064901738,-0.0026996195203476377,0.4807447277229499,enet:dm_only
2023-06,0.0013718169741946727,0.0003528009914807435,0.5095079913569646,enet:dm_only
2023-07,0.004172638357354191,0.003096418245483008,0.5381100559355909,enet:dm_only
2023-08,0.0016648362140195211,0.0005944930869108943,0.5351715635543136,enet:dm_only
2023-09,0.010510414472328318,0.00947140870459643,0.5195028838659433,enet:dm_only
2023-10,0.008053507833575098,0.007195616652105152,0.42894559073497346,enet:dm_only
2023-11,-0.009225672784034621,-0.010154582294707972,0.46445475533667474,enet:dm_only
2023-12,0.003267755820694475,0.002079091876430624,0.5943319721319255,enet:dm_only
2024-01,0.00860893001626919,0.0075443367185820875,0.5322966488435512,enet:dm_only
2024-02,5.3621674919571525e-05,-0.0010192034970300109,0.5364125859747912,enet:dm_only
2024-03,0.003453787180967563,0.002323855449271071,0.5649658658482459,enet:dm_only
2024-04,-0.00035859819090593956,-0.0014529050830505623,0.5471534460723112,enet:dm_only
2024-05,0.002017557915908155,0.00093995370993776,0.5388021029851976,enet:dm_only
2024-06,-0.0006853705760171872,-0.0017213587905139612,0.517994107248387,enet:dm_only
2024-07,0.00016670704754261277,-0.0008704784845329834,0.518592766037798,enet:dm_only
2024-08,0.003075953810337947,0.002033893542878795,0.521030133729576,enet:dm_only
2024-09,0.0004696388484522945,-0.00054210098489072,0.5058699166715074,enet:dm_only
2024-10,0.004378818521689968,0.0033047552129907053,0.5370316543496308,enet:dm_only
2024-11,0.009456784833257873,0.008392030088796078,0.5323773722308974,enet:dm_only
2024-12,0.0018675517084234226,0.0008133286115359322,0.5271115484437451,enet:dm_only
2025-01,0.0010241533339526456,0.00012072726249283027,0.45171303572990756,enet:dm_only
2025-02,0.004215489156626045,0.0031678036587277805,0.5238427489491323,enet:dm_only
2025-03,0.005765158835030006,0.004788657821214068,0.48825050690796895,enet:dm_only
2025-04,-0.0028526323819666956,-0.0038129657922309837,0.48016670513214427,enet:dm_only
2025-05,-0.0011373975935871311,-0.002210820632913257,0.5367115196630629,enet:dm_only
2025-06,-0.000403266952332634,-0.0014613396931786142,0.5290363704229902,enet:dm_only
2025-07,-5.669691494346429e-05,-0.0009915405488447437,0.4674218169506395,enet:dm_only
2025-08,0.0023827900569146094,0.0013271908946635733,0.5277995811255183,enet:dm_only
2025-09,0.0036014451680717696,0.0024828781788519398,0.559283494609915,enet:dm_only
2025-10,0.008694256084410705,0.007600274591849771,0.5469907462804667,enet:dm_only
2025-11,0.0014235030885734192,0.00026407597734222994,0.5797135556155948,enet:dm_only
2025-12,0.009504895631834242,0.008373936375800695,0.5654796280167739,enet:dm_only
2000-01,-0.009294174616525095,-0.009294174616525095,0.0,static_ew
2000-02,-0.0050977782652694426,-0.005141961494650721,0.022091614690639496,static_ew
2000-03,0.00795507788372919,0.007921431590514722,0.016823146607234538,static_ew
2000-04,0.0015812496011815978,0.0014975414272428438,0.04185408696937716,static_ew
2000-05,0.004936737707911596,0.004564011796841877,0.18636295553485913,static_ew
2000-06,0.013893549598272582,0.013710264968045642,0.09164231511347082,static_ew
2000-07,0.008285551336551277,0.008246367900018769,0.019591718266253874,static_ew
2000-08,-0.0013067448124274314,-0.0013236155747510523,0.008435381161810512,static_ew
2000-09,0.009663159550909144,0.009637218396236526,0.012970577336309628,static_ew
2000-10,0.012059560442535035,0.011991918238870854,0.033821101832090604,static_ew
2000-11,0.007810859721965218,0.007766771612625687,0.022044054669766257,static_ew
2000-12,0.0053917288665442185,0.005266521359542016,0.06260375350110112,static_ew
2001-01,-0.0043613422706945135,-0.004403432679973737,0.021045204639611702,static_ew
2001-02,0.013724558642463303,0.013720476397728564,0.0020411223673687078,static_ew
2001-03,0.019669174994897363,0.019613793593280113,0.02769070080862534,static_ew
2001-04,0.002532724626062318,0.0025124637247669343,0.010130450647692033,static_ew
2001-05,0.0035305995313474996,0.003269561518008229,0.13051900666963534,static_ew
2001-06,0.008180838092928458,0.008146693496540482,0.01707229819398765,static_ew
2001-07,0.007668436090974678,0.007644044438003913,0.012195826485382732,static_ew
2001-08,0.006444737899152218,0.006345821626893222,0.049458136129498134,static_ew
2001-09,0.014605106223526685,0.014572294162310323,0.016406030608181136,static_ew
2001-10,-0.005410537218567535,-0.00561933290809717,0.10439784476481727,static_ew
2001-11,-0.01488476349357051,-0.014896911384665767,0.006073945547629763,static_ew
2001-12,0.0024166257036852146,0.0024051786448616853,0.005723529411764706,static_ew
2002-01,-0.00012704749428162006,-0.00013580523176257744,0.004378868740478647,static_ew
2002-02,0.006962246729680718,0.006905986917118269,0.028129906281224314,static_ew
2002-03,0.006461168268242685,0.006380569951219447,0.0402991585116188,static_ew
2002-04,0.0030524775258939938,0.002931677926006179,0.060399799943907644,static_ew
2002-05,0.0007000701379270802,0.0005851019292714564,0.0574841043278119,static_ew
2002-06,0.005395744169403368,0.005322311388569975,0.036716390416696214,static_ew
2002-07,0.004568837362609699,0.004568837362609699,0.0,static_ew
2002-08,0.004353095373530568,0.004284123063048823,0.034486155240872216,static_ew
2002-09,0.01084896970679067,0.01082220169129026,0.013384007750204933,static_ew
2002-10,0.008617340119361862,0.008611536678125349,0.002901720618256054,static_ew
2002-11,-3.006821860233449e-05,-0.00015108793962205548,0.060509860509860514,static_ew
2002-12,0.009139937754823734,0.009087126822720766,0.026405466051483743,static_ew
2003-01,0.004759004932995577,0.004722111170665621,0.018446881164977762,static_ew
2003-02,0.004752619469462278,0.004703287233989561,0.024666117736358493,static_ew
2003-03,0.007967190684429852,0.007934909128909136,0.01614077776035817,static_ew
2003-04,-0.007536544436834222,-0.0076126845056404685,0.038070034403123565,static_ew
2003-05,0.003012271960941463,0.0027706828229631464,0.12079456898915815,static_ew
2003-06,0.0032532922223780054,0.00319588129180531,0.028705465286347626,static_ew
2003-07,0.001034760284058676,0.0009964918486307253,0.01913421771397525,static_ew
2003-08,0.003485467465019015,0.0034395437810649278,0.022961841977043672,static_ew
2003-09,-0.005429699221829456,-0.0057439199027712095,0.15711034047087685,static_ew
2003-10,0.003794349882139323,0.0037702343486954314,0.012057766721945829,static_ew
2003-11,0.005479239032350933,0.005458782433976717,0.010228299187108323,static_ew
2003-12,-0.0036536423473487096,-0.003691091407617979,0.01872453013463451,static_ew
2004-01,-0.009737737914639569,-0.009783936745048927,0.02309941520467837,static_ew
2004-02,0.004630589708208525,0.004546343398962216,0.04212315462315461,static_ew
2004-03,0.0029348626989472927,0.0028916680179452347,0.021597340501029023,static_ew
2004-04,0.001516429831284314,0.0014862315139766219,0.015099158653846152,static_ew
2004-05,0.0018381602487128764,0.0017300609767846582,0.054049635964109013,static_ew
2004-06,0.0054773955084024915,0.005437812856342322,0.019791326030085005,static_ew
2004-07,0.0037596263320666848,0.0037359376965997227,0.011844317733481135,static_ew
2004-08,0.0024880157929984305,0.002433803213683392,0.027106289657519166,static_ew
2004-09,0.001725905522163369,0.0016424394537439394,0.04173303420971473,static_ew
2004-10,0.005528794183583043,0.0054995126727441545,0.014640755419443936,static_ew
2004-11,0.0016702610324316792,0.0016033919126804239,0.03343455987562776,static_ew
2004-12,0.006230465727258088,0.00620062891911711,0.014918404070488951,static_ew
2005-01,-0.0002123807658949806,-0.0003965587550254155,0.09208899456521738,static_ew
2005-02,0.0024272658433558227,0.002405905540636133,0.010680151359844911,static_ew
2005-03,0.0032541080240067527,0.0032243647043847558,0.014871659810998411,static_ew
2005-04,0.0014765119526268325,0.0014542316134641404,0.011140169581346046,static_ew
2005-05,-0.0038526759838428586,-0.003946237481349877,0.046780748753509065,static_ew
2005-06,0.0017485461818437533,0.001733067736677808,0.007739222582972584,static_ew
2005-07,0.0014218946420461182,0.0014044793641331014,0.008707638956508508,static_ew
2005-08,0.0017182847663283624,0.00169726111792762,0.010511824200371285,static_ew
2005-09,-0.0023730173277459916,-0.002460678577536576,0.043830624895292346,static_ew
2005-10,0.002805632282674283,0.0027915738367152543,0.007029222979514402,static_ew
2005-11,-0.0022281318713710968,-0.0022707933652105104,0.02133074691970666,static_ew
2005-12,-0.003689190865313265,-0.003717216462460254,0.014012798573494675,static_ew
2006-01,9.25738267957905e-05,8.290174488344281e-05,0.004836040956173839,static_ew
2006-02,0.005621705480834758,0.005422792650280618,0.09945641527707018,static_ew
2006-03,0.0018325600759912612,0.0018268140442452296,0.0028730158730158706,static_ew
2006-04,0.0023760005995095076,0.002271524368652688,0.052238115428409886,static_ew
2006-05,0.00511232806539048,0.00505543742346486,0.028445320962809533,static_ew
2006-06,0.004311242258689078,0.004298802962465882,0.006219648111597565,static_ew
2006-07,0.0016112933359611861,0.0013605685752292502,0.12536238036596792,static_ew
2006-08,-0.0049213010397469135,-0.00504759748554367,0.06314822289837835,static_ew
2006-09,-0.001562209001671154,-0.0017252678204430164,0.08152940938593121,static_ew
2006-10,-8.958808370586092e-05,-0.00017052916547856222,0.04047054088635069,static_ew
2006-11,0.005666619432621639,0.005625922229351156,0.020348601635241634,static_ew
2006-12,0.0011733196213460292,0.0011611503196431432,0.006084650851443113,static_ew
2007-01,0.0026119600035522886,0.0025423294306943936,0.03481528642894777,static_ew
2007-02,-0.0023479037727364687,-0.0026438488337676134,0.14797253051557252,static_ew
2007-03,-0.0006023582092600908,-0.0006769920092052716,0.03731689997259044,static_ew
2007-04,0.0020107478559973696,0.0019045194754105975,0.05311419029338576,static_ew
2007-05,-0.004284245072683168,-0.004426458594226591,0.07110676077171152,static_ew
2007-06,-0.0021385971080241056,-0.002178231473576892,0.019817182776393282,static_ew
2007-07,-0.0027575993533367027,-0.0028841048009269877,0.06325272379514275,static_ew
2007-08,0.007296414155664324,0.007194773001877132,0.05082057689359569,static_ew
2007-09,0.0022120427900499035,0.0021461529246084177,0.032944932720742795,static_ew
2007-10,-0.0015008548597556168,-0.001684277454717203,0.09171129748079303,static_ew
2007-11,0.005076138168841042,0.004964381674902326,0.05587824696935779,static_ew
2007-12,0.00046792218979212024,0.00036372048360434466,0.052100853093887824,static_ew
2008-01,0.008442600056092533,0.008313387001695873,0.06460652719833028,static_ew
2008-02,0.0006647893898012508,0.000565916155433646,0.04943661718380262,static_ew
2008-03,0.0071666575084383755,0.007117782976294733,0.024437266071821576,static_ew
2008-04,0.0014274879484017606,0.0013844068682797338,0.021540540061013413,static_ew
2008-05,-0.0005861147265871439,-0.0006802462795017916,0.047065776457323835,static_ew
2008-06,0.008662626707498282,0.008630201022555111,0.016212842471585488,static_ew
2008-07,0.004242850886461106,0.004221799057830073,0.01052591431551664,static_ew
2008-08,0.008701277480643421,0.00867508648288502,0.013095498879201114,static_ew
2008-09,0.009909842766591745,0.009885106343473164,0.012368211559289872,static_ew
2008-10,0.02059309448566485,0.02055798008431015,0.01755720067735098,static_ew
2008-11,0.011105834014030314,0.011066340562319798,0.019746725855257642,static_ew
2008-12,-0.0041781587259673405,-0.004214952369596957,0.018396821814808298,static_ew
2009-01,0.00736090568940228,0.007328318187463356,0.016293750969462048,static_ew
2009-02,0.0034559841529437,0.003391397999961889,0.03229307649090513,static_ew
2009-03,-0.0011864242895024593,-0.0012202478989837252,0.016911804740633,static_ew
2009-04,-0.01773735235630576,-0.017771429654970382,0.017038649332312045,static_ew
2009-05,-0.021963332728203784,-0.022022005817667098,0.02933654473165522,static_ew
2009-06,0.008258920666306643,0.008255429024128869,0.0017458210888867882,static_ew
2009-07,-0.0013895754371024934,-0.0014326133902666737,0.021518976582090177,static_ew
2009-08,-0.00021867168720001343,-0.00024038632748351192,0.010857320141749331,static_ew
2009-09,-0.0019677531251670473,-0.001981459519889568,0.0068531973612604635,static_ew
2009-10,0.005164840626257567,0.00515531420987722,0.004763208190173451,static_ew
2009-11,0.003321376542655746,0.003308565629644496,0.006405456505624612,static_ew
2009-12,0.0012566252694938198,0.0012422678066261851,0.007178731433817373,static_ew
2010-01,0.0048210416716298376,0.00480584300039915,0.0075993356153435995,static_ew
2010-02,0.005949349418329259,0.005914881659820418,0.017233879254419934,static_ew
2010-03,-0.0009248125559954616,-0.0009548827444152484,0.015035094209893386,static_ew
2010-04,0.0033520990380891333,0.003333825711696929,0.009136663196102124,static_ew
2010-05,0.007113934752838802,0.007078451496247454,0.01774162829567434,static_ew
2010-06,0.005215611375143068,0.005203212106523071,0.006199634309998528,static_ew
2010-07,0.0009651897146966897,0.0009564058123718209,0.004391951162434457,static_ew
2010-08,0.005981433793838604,0.0059459885022709455,0.017722645783829385,static_ew
2010-09,-0.0005776305033251129,-0.0005999482193818936,0.01115885802839034,static_ew
2010-10,-0.00014936758678557206,-0.0001566614377457922,0.003646925480110154,static_ew
2010-11,0.006144414040973509,0.006133592646767195,0.005410697103157608,static_ew
2010-12,0.0002085673026164365,0.00019989451170612587,0.004336395455155419,static_ew
2011-01,0.00805666762355743,0.008048421810665209,0.00412290644610926,static_ew
2011-02,0.001567708856523757,0.0015431925262749582,0.012258165124399352,static_ew
2011-03,0.0028141318131334626,0.002763673429174014,0.025229191979724227,static_ew
2011-04,0.0035399628533305098,0.003523533817749002,0.008214517790753764,static_ew
2011-05,0.004960714021090834,0.004929849056472991,0.015432482308921094,static_ew
2011-06,0.0050565556883209115,0.0050424199703427664,0.007067858989072069,static_ew
2011-07,0.005159641675279285,0.00514320821842771,0.008216728425787663,static_ew
2011-08,0.0049609640253836535,0.004948754697207938,0.006104664087857355,static_ew
2011-09,0.009003536910915879,0.008986357576643294,0.008589667136291905,static_ew
2011-10,-0.0035712288609769005,-0.0035733452630933027,0.001058201058201055,static_ew
2011-11,0.008932453659111602,0.008919022546518298,0.006715556296651588,static_ew
2011-12,0.0050970346208061065,0.0050905943238896195,0.0032201484582436886,static_ew
2012-01,-0.009648156142871305,-0.009792708206992875,0.07227603206078435,static_ew
2012-02,0.0017526480329161478,0.0017466820390810082,0.0029829969175698525,static_ew
2012-03,0.0052464616442621575,0.0052433477990430485,0.0015569226095541872,static_ew
2012-04,0.006070210334905321,0.0059359102152652665,0.0671500598200271,static_ew
2012-05,0.0062723229870965645,0.0062164407721403865,0.027941107478088312,static_ew
2012-06,0.0037126204151210034,0.0037031142618996113,0.00475307661069618,static_ew
2012-07,0.004215289821940871,0.0041916167623631834,0.011836529788843954,static_ew
2012-08,0.0031024711692715923,0.0030889171938868,0.0067769876923960675,static_ew
2012-09,-0.0026294459923524257,-0.002645817861331968,0.008185934489771056,static_ew
2012-10,0.001856403783205924,0.0018529717797739205,0.0017160017160017197,static_ew
2012-11,0.004340730728677062,0.004328584881327134,0.006072923674964497,static_ew
2012-12,-0.003324388433096299,-0.0033397772888948247,0.007694427899262742,static_ew
2013-01,0.002529427569262197,0.002519845394848918,0.004791087206639632,static_ew
2013-02,0.001792719162260435,0.0017464694174622497,0.02312487239909266,static_ew
2013-03,0.006148481304446101,0.006111092934246345,0.018694185099878198,static_ew
2013-04,0.004296301036035093,0.00424868550445173,0.02380776579168191,static_ew
2013-05,0.0015839573824419956,0.001561204987596063,0.01137619742296642,static_ew
2013-06,0.004782082174109133,0.004760768598867865,0.010656787620634312,static_ew
2013-07,0.007868344280642299,0.0078340463623873,0.017148959127499648,static_ew
2013-08,0.001285841466259411,0.0012662462291037678,0.009797618577821654,static_ew
2013-09,-0.00027137665765767646,-0.0003675597113157637,0.04809152682904367,static_ew
2013-10,-0.0029050654088565234,-0.002947705771425732,0.021320181284604375,static_ew
2013-11,0.0010188145704397903,0.0009535460708780459,0.03263424978087218,static_ew
2013-12,0.0018343660526799253,0.0018235771108469968,0.005394470916464232,static_ew
2014-01,0.0010302061753810147,0.0010102000996993926,0.010003037840811042,static_ew
2014-02,0.0005478970308816221,0.0005337753985840309,0.007060816148795523,static_ew
2014-03,-0.000860620515800879,-0.0008732896072370937,0.006334545718107363,static_ew
2014-04,-0.0034792844017688044,-0.0035416721208146287,0.03119385952291195,static_ew
2014-05,-0.0014714533857305007,-0.0014897715567580314,0.009159085513765312,static_ew
2014-06,0.0066583122748617935,0.0066583122748617935,0.0,static_ew
2014-07,0.0013723806917303786,0.0013690749066064115,0.0016528925619834697,static_ew
2014-08,0.00020330203097774293,0.00013545564526565835,0.03392319285604222,static_ew
2014-09,0.0009235703942156154,0.0009204778471230684,0.0015462735462735417,static_ew
2014-10,0.0013050145557199299,0.0012840038396183923,0.010505358050768706,static_ew
2014-11,0.003255775021428223,0.003250067384438825,0.0028538184946993506,static_ew
2014-12,0.0063903086813524995,0.006381007352893147,0.004650664229675821,static_ew
2015-01,0.0030852840210146347,0.00307767593445918,0.003804043277727485,static_ew
2015-02,-0.00033969144454362276,-0.00036513439431683654,0.012721474886606883,static_ew
2015-03,0.004762907684944645,0.004725870378883077,0.01851865303078358,static_ew
2015-04,-0.005232193728199112,-0.005303164092318057,0.03548518205947243,static_ew
2015-05,0.004413442571040383,0.004354291506481651,0.029575532279366355,static_ew
2015-06,0.004291901484814955,0.0042877045836768775,0.002098450569038793,static_ew
2015-07,0.005325447572409202,0.005321258587226088,0.0020944925915571742,static_ew
2015-08,0.004910118241782545,0.004894256681675831,0.007930780053356576,static_ew
2015-09,0.0018273058410746838,0.0018258177458365884,0.0007440476190476184,static_ew
2015-10,-0.00392814520101812,-0.003943364273216351,0.007609536099115849,static_ew
2015-11,0.002749520613953309,0.002741065089416802,0.004227762268253475,static_ew
2015-12,-9.085191164615394e-05,-0.00010113025799777622,0.005139173175811111,static_ew
2016-01,0.0037604698885241607,0.003755943092298424,0.0022633981128683304,static_ew
2016-02,0.001077993424428406,0.001068895070600755,0.004549176913825397,static_ew
2016-03,-0.005740511367129351,-0.005749405642095054,0.0044471374828517615,static_ew
2016-04,0.0015046974939594319,0.0015001430244587024,0.002277234750364657,static_ew
2016-05,0.0030512116492720435,0.0030308018812714404,0.010204884000301713,static_ew
2016-06,-0.00035829616754183346,-0.0003623946953943688,0.0020492639262677135,static_ew
2016-07,9.567505763024129e-05,9.404705600223959e-05,0.0008140008140008087,static_ew
2016-08,0.0009284041356467692,0.0009125910771963394,0.007906529225214882,static_ew
2016-09,0.003401768539369932,0.003363633700854726,0.01906741925760316,static_ew
2016-10,0.0007178660764643802,0.00071250756521142,0.0026792556264801943,static_ew
2016-11,-2.582614997221199e-05,-3.9560690153592296e-05,0.0068672700906900926,static_ew
2016-12,0.001417807926141207,0.0013359657279044394,0.04092109911838379,static_ew
2017-01,0.0018053636018780276,0.0017757065280745706,0.014828536901728489,static_ew
2017-02,-0.00022915006157545894,-0.00024105858395258813,0.005954261188564554,static_ew
2017-03,0.003652452910460389,0.003643377974556184,0.004537467952102095,static_ew
2017-04,-0.0010081231444229715,-0.0010298760142723158,0.010876434924672197,static_ew
2017-05,0.0033468133787637167,0.0033298613822983552,0.008475998232680946,static_ew
2017-06,-0.000533106703791176,-0.0005479216314758362,0.007407463842330078,static_ew
2017-07,0.0016858332678924917,0.0016821418688522554,0.0018456995201181253,static_ew
2017-08,0.0011264033733678906,0.0011236346214226682,0.0013843759726112604,static_ew
2017-09,0.0010066215099387057,0.0009986041939213897,0.004008658008658005,static_ew
2017-10,0.0011270559598729145,0.0011072696243166248,0.009893167778144946,static_ew
2017-11,0.002406296176795446,0.0023926619434616195,0.006817116666913122,static_ew
2017-12,0.0010505868046572474,0.001041151283180357,0.004717760738445305,static_ew
2018-01,0.0030787682825252427,0.003073362882230179,0.002702700147531734,static_ew
2018-02,0.003751528407717997,0.003751528407717997,0.0,static_ew
2018-03,0.003607930828844296,0.0035560242259123995,0.025953301465948077,static_ew
2018-04,0.00020165369461945542,0.00019464315136102545,0.0035052716292150263,static_ew
2018-05,0.0037204973967643164,0.003694036472430214,0.013230462167051166,static_ew
2018-06,0.002363213611129386,0.002345274306333153,0.00896965239811673,static_ew
2018-07,0.0010493982060194682,0.0010273542300581107,0.011021987980678709,static_ew
2018-08,0.0028821793957801416,0.0028691752349562227,0.006502080411959332,static_ew
2018-09,0.00536899151288136,0.005356993589807724,0.005998961536817895,static_ew
2018-10,7.693790191481423e-05,6.926307165933879e-05,0.0038374151277377143,static_ew
2018-11,-0.0023111644757148773,-0.002326587262114315,0.007711393199718791,static_ew
2018-12,-0.0009639326084353469,-0.0009664755200691678,0.0012714558169103613,static_ew
2019-01,0.00127385939757468,0.00127385939757468,0.0,static_ew
2019-02,-0.002729501027316224,-0.0027341547069699036,0.0023268398268398295,static_ew
2019-03,0.0006634699405921301,0.000655411332533522,0.004029304029304032,static_ew
2019-04,-0.00037182781332738263,-0.0003764017065874073,0.0022869466300123246,static_ew
2019-05,0.002309565178135685,0.002301095467978424,0.004234855078630399,static_ew
2019-06,0.002124659540067401,0.0021208416170914552,0.0019089614879730765,static_ew
2019-07,0.003527782013007467,0.0035222190520192865,0.0027814804940904697,static_ew
2019-08,4.023247562790899e-05,2.1319382354005577e-05,0.00945654663695173,static_ew
2019-09,-0.0006411660978618075,-0.0006431003338385967,0.0009671179883945893,static_ew
2019-10,-0.0005912720534369616,-0.0005962513891935717,0.0024896678783050403,static_ew
2019-11,0.0016390659308432023,0.0016331480354295084,0.0029589477068468636,static_ew
2019-12,-0.0008985736854123648,-0.0009145725387812679,0.007999426684451524,static_ew
2020-01,-3.6311915162382865e-05,-3.6311915162382865e-05,0.0,static_ew
2020-02,0.002816634177325881,0.002812115269886792,0.002259453719544567,static_ew
2020-03,0.009554400989735144,0.009546084717685309,0.00415813602491825,static_ew
2020-04,-0.006459767533001695,-0.006481500782127881,0.01086662456309298,static_ew
2020-05,-0.00031988689952096354,-0.00034316676402200365,0.011639932250520141,static_ew
2020-06,-0.006399258904892274,-0.00640233024552598,0.0015356703168534944,static_ew
2020-07,0.00011617948824285168,6.448303654639991e-05,0.025848225848225846,static_ew
2020-08,-0.003239248203789035,-0.003245095556289663,0.002923676250313964,static_ew
2020-09,0.000914209924684007,0.0009084843118582216,0.002862806412892725,static_ew
2020-10,0.0030708021216738005,0.003065465017970823,0.0026685518514884482,static_ew
2020-11,-0.012504387372218408,-0.012517488084556567,0.006550356169079457,static_ew
2020-12,-0.002455877980454853,-0.0024611341788019605,0.002628099173553713,static_ew
2021-01,0.0020297659698182303,0.002023866181143322,0.002949894337454148,static_ew
2021-02,-0.001378570188251629,-0.0013830791540564663,0.002254482902418675,static_ew
2021-03,0.0027254664927712706,0.0027036286787646686,0.010918907003301066,static_ew
2021-04,0.0005529708142819055,0.0005500782522984345,0.0014462809917355325,static_ew
2021-05,-0.001484989954164511,-0.0014983777423197885,0.0066938940776388595,static_ew
2021-06,-0.00211092694869571,-0.0021123255500943116,0.0006993006993006962,static_ew
2021-07,0.000534843787838853,0.000532099010683685,0.0013723885775839772,static_ew
2021-08,0.00041734618483180776,0.00041734618483180776,0.0,static_ew
2021-09,0.002529171199330355,0.0025239347101044633,0.0026182446129458135,static_ew
2021-10,0.00027532728742678047,0.00027410703117296714,0.000610128126906654,static_ew
2021-11,0.006115595575090866,0.006112819724986771,0.001387925052047198,static_ew
2021-12,0.005340267562052677,0.0053387396781718515,0.0007639419404125304,static_ew
2022-01,0.0035438249077013556,0.0035367174696848275,0.0035537190082644585,static_ew
2022-02,0.005319763260535491,0.005315574363631362,0.0020944484520643443,static_ew
2022-03,-0.00029407505448584556,-0.00029407505448584556,0.0,static_ew
2022-04,0.00671510361857344,0.006692634706925272,0.01123445582408371,static_ew
2022-05,0.0020188740296825094,0.0020046181975275413,0.007127916077484074,static_ew
2022-06,0.004313906416984784,0.004306045367968286,0.003930524508249345,static_ew
2022-07,-0.004098413733367116,-0.004098413733367116,0.0,static_ew
2022-08,-0.00238188660089102,-0.0023854157331995476,0.0017645661542638046,static_ew
2022-09,0.006794536959750774,0.0067873719535575415,0.0035825030966162093,static_ew
2022-10,-0.0011632418578191308,-0.0011672140117912847,0.00198607698607698,static_ew
2022-11,-0.0020353846005951564,-0.0020421712033423423,0.003393301373593007,static_ew
2022-12,0.005857290220724654,0.005854776525419197,0.00125684765272866,static_ew
2023-01,0.0008752141467955682,0.0008694269515346887,0.00289359763043974,static_ew
2023-02,0.002074470265672571,0.0020497634579095935,0.012353403881488801,static_ew
2023-03,0.004697199984184377,0.004695971482955876,0.00061425061425061,static_ew
2023-04,-0.001380855187309869,-0.0013856772305892108,0.002411021639670855,static_ew
2023-05,-0.0020366741048084137,-0.0020638732561807723,0.013599575686179434,static_ew
2023-06,0.0018762419133092302,0.0018734861610605771,0.0013778761243264262,static_ew
2023-07,-4.045831915107576e-06,-1.1326694229527231e-05,0.0036404311572096793,static_ew
2023-08,0.00245772573835916,0.002452753241759355,0.002486248299902217,static_ew
2023-09,0.005887041032329759,0.0058836444633340165,0.0016982844978712741,static_ew
2023-10,0.005776026360927076,0.005776026360927076,0.0,static_ew
2023-11,-0.004598084481444971,-0.004649653240099126,0.0257843793270773,static_ew
2023-12,0.002383359419346272,0.002383359419346272,0.0,static_ew
2024-01,0.0066089875225079945,0.006601132956239938,0.0039272831340288585,static_ew
2024-02,0.00030057389119995823,0.00029112932751872725,0.004722281840615517,static_ew
2024-03,0.000572515235867578,0.000567163012333536,0.0026761117670208614,static_ew
2024-04,0.0015605947789924738,0.001531700228566823,0.014447275212825454,static_ew
2024-05,0.005295310662279655,0.005247559017904311,0.023875822187672247,static_ew
2024-06,0.0026823898268647757,0.0026624266321647392,0.0099815973500184,static_ew
2024-07,0.00036397648956248144,0.00036236747910391344,0.0008045052292839885,static_ew
2024-08,0.003642110442315008,0.003633767413524636,0.004171514395186035,static_ew
2024-09,0.0006137273806464401,0.0006107948293267921,0.0014662756598240506,static_ew
2024-10,0.00033751536541086377,0.00033441379218733937,0.0015507866117622214,static_ew
2024-11,0.00332021511597624,0.0033189070715027276,0.0006540222367560478,static_ew
2024-12,0.0013222404293821086,0.0013124306210466378,0.004904904167735354,static_ew
2025-01,0.00476977095052249,0.004762429111075387,0.003670919723551311,static_ew
2025-02,0.003585816102885775,0.003581415022408875,0.0022005402384500713,static_ew
2025-03,0.0028373914937569727,0.0028308573563137446,0.0032670687216141757,static_ew
2025-04,-0.00019057568909329565,-0.00020846656540202178,0.008945438154363104,static_ew
2025-05,-0.0027337942482214485,-0.002744259616682752,0.005232684230651754,static_ew
2025-06,-0.0016775795680186577,-0.001691234433718899,0.0068274328501205205,static_ew
2025-07,-0.001190652158597283,-0.0011918806598257843,0.0006142506142506102,static_ew
2025-08,-0.000637088071841959,-0.0006400532134932319,0.0014825708256365174,static_ew
2025-09,-0.0011171810241313964,-0.0011208177131985487,0.0018183445335763168,static_ew
2025-10,0.0023767001960692423,0.002370129385927004,0.0032854050711193603,static_ew
2025-11,0.004067351939599583,0.004065742929141015,0.0008045052292839885,static_ew
2025-12,0.0021573578961385878,0.0021557629998068496,0.0007974481658692203,static_ew
2000-01,0.0005945696228846799,0.0005945696228846799,0.0,enet:own
2000-02,-0.0029896872733923517,-0.005538083553760554,1.2741981401841016,enet:own
2000-03,-0.003649291505000351,-0.005887081307327216,1.1188949011634326,enet:own
2000-04,0.007287925302869256,0.004700052102308925,1.2939366002801662,enet:own
2000-05,0.004841696311751881,0.002778960679759462,1.0313678159962096,enet:own
2000-06,-0.009470164991087557,-0.01179586631634291,1.162850662627677,enet:own
2000-07,-0.0004054988378570699,-0.00272320143242554,1.1588512972842349,enet:own
2000-08,-0.007035574957118594,-0.00916661653764896,1.065520790265183,enet:own
2000-09,-0.0020780900343696437,-0.004388134301203866,1.155022133417111,enet:own
2000-10,0.005557906373408639,0.0034684766259628925,1.0447148737228729,enet:own
2000-11,0.009541119562957088,0.00762045359345807,0.9603329847495089,enet:own
2000-12,-0.00676676019582966,-0.008982868875258437,1.108054339714388,enet:own
2001-01,-0.020473999505818557,-0.02250327397863343,1.0146372364074367,enet:own
2001-02,0.002293435328113113,0.00030119037432407327,0.9961224768945195,enet:own
2001-03,0.027755610469324614,0.02576776215024082,0.9939241595418964,enet:own
2001-04,0.0064128093761284385,0.005033981846377842,0.6894137648752982,enet:own
2001-05,0.010390592129956484,0.008465178170651382,0.9627069796525509,enet:own
2001-06,-0.0022616719043315595,-0.0037758544346540835,0.757091265161262,enet:own
2001-07,0.017034528928143788,0.015276794258238451,0.8788673349526683,enet:own
2001-08,-0.003950066918773484,-0.00535350262846621,0.7017178548463642,enet:own
2001-09,0.0064853056402476685,0.0048107664988050166,0.8372695707213266,enet:own
2001-10,-0.0048694870920315235,-0.0066728066034708305,0.901659755719654,enet:own
2001-11,0.01068935945950475,0.00874892604345037,0.9702167080271892,enet:own
2001-12,0.013667986976914234,0.011947362762644369,0.8603121071349329,enet:own
2002-01,-0.0008470308383700999,-0.002738183517702232,0.945576339666066,enet:own
2002-02,0.006587933173132957,0.005182388924267258,0.7027721244328496,enet:own
2002-03,0.008707826467390122,0.007318976530893406,0.6944249682483571,enet:own
2002-04,0.005038987371149908,0.003871155074072998,0.5839161485384546,enet:own
2002-05,0.0030684996312738727,0.001719755828796069,0.6743719012389012,enet:own
2002-06,0.0030503931336067305,0.0017456705238961716,0.6523613048552794,enet:own
2002-07,-0.0006039033637562229,-0.0019019873901629579,0.6490420132033675,enet:own
2002-08,0.00633555005866033,0.005111218684782589,0.6121656869388702,enet:own
2002-09,0.004916910998876429,0.003703843067349681,0.6065339657633738,enet:own
2002-10,0.003077037547789337,0.0018821051204296173,0.5974662136798595,enet:own
2002-11,0.004419105897270184,0.0029573196858068743,0.7308931057316551,enet:own
2002-12,0.002999300676301589,0.0017660213818673448,0.616639647217122,enet:own
2003-01,0.0006860677045536622,-0.0005199080184033409,0.6029878614785018,enet:own
2003-02,0.0017334547231443356,0.0006863268325115475,0.5235639453163939,enet:own
2003-03,0.007089373848797518,0.005959988306903258,0.5646927709471298,enet:own
2003-04,-0.006594467396519383,-0.007362572400248431,0.384052501864524,enet:own
2003-05,0.00415182304237585,0.0029866907155628184,0.5825661634065159,enet:own
2003-06,0.005763514063920028,0.00446565794433397,0.6489280597930289,enet:own
2003-07,0.005000439276979974,0.003990187941449704,0.5051256677651351,enet:own
2003-08,0.003670935251138274,0.002526248263938591,0.5723434935998413,enet:own
2003-09,0.00031616523460355596,-0.0008337920251481814,0.5749786298758687,enet:own
2003-10,0.010321932366118114,0.009259412036573038,0.5312601647725376,enet:own
2003-11,0.0018131954511067716,0.0008776464360923165,0.4677745075072275,enet:own
2003-12,-0.001365766989916042,-0.0024170331640791807,0.5256330870815693,enet:own
2004-01,-0.00293500546977567,-0.003938582656297982,0.5017885932611555,enet:own
2004-02,-0.00012327449995483148,-0.0012711601749131375,0.573942837479153,enet:own
2004-03,0.0022669346862003352,0.0012962488334784415,0.4853429263609468,enet:own
2004-04,0.0018240138284897694,0.0008900261406021568,0.46699384394380616,enet:own
2004-05,-0.00518621999710081,-0.006120542615565041,0.46716130923211574,enet:own
2004-06,0.005162648479838727,0.004184488093405303,0.4890801932167116,enet:own
2004-07,0.005336322100557444,0.004536930519372555,0.3996957905924444,enet:own
2004-08,0.0058653681292514664,0.00508363913851291,0.39086449536927786,enet:own
2004-09,0.003340803882821845,0.002525973124033479,0.4074153793941829,enet:own
2004-10,0.009712302497326785,0.008864935952122326,0.42368327260222943,enet:own
2004-11,0.004182697894809987,0.0034493593883481175,0.36666925323093474,enet:own
2004-12,0.008036424273047873,0.007078305433962833,0.47905941954252024,enet:own
2005-01,-0.0016074852144373033,-0.002648146336758921,0.5203305611608089,enet:own
2005-02,0.009049300147664883,0.008116877279932972,0.46621143386595487,enet:own
2005-03,0.008549656448795746,0.007667499410430893,0.4410785191824267,enet:own
2005-04,0.012700531775998272,0.011796057574945385,0.45223710052644334,enet:own
2005-05,-0.012368605172813957,-0.013190806983149773,0.4111009051679077,enet:own
2005-06,0.0026844389454289924,0.0015714838273204507,0.5564775590542708,enet:own
2005-07,0.007348483103034799,0.006360964070500506,0.49375951626714637,enet:own
2005-08,-0.0037108744241719444,-0.00458678651943513,0.4379560476315928,enet:own
2005-09,0.00109778961984623,-3.4664347027622356e-05,0.5662269834369261,enet:own
2005-10,0.0009775643342050423,6.7256422914476e-05,0.45515395564528316,enet:own
2005-11,-0.002824199250251075,-0.003727992881587318,0.45189681566812123,enet:own
2005-12,-0.0013480834045336086,-0.0022509508316015505,0.451433713533971,enet:own
2006-01,0.013124902093999259,0.012221516145856516,0.4516929740713716,enet:own
2006-02,0.0028440244804087697,0.0017431382797516348,0.5504431003285675,enet:own
2006-03,-0.010116905768469481,-0.011191914401895865,0.5375043167131917,enet:own
2006-04,0.0065542034639767465,0.005536310097829062,0.5089466830738425,enet:own
2006-05,0.0028574623225533662,0.0017311541713189078,0.5631540756172292,enet:own
2006-06,0.019726308842964585,0.01876181541035244,0.48224671630607385,enet:own
2006-07,-0.0015777080276358842,-0.0025302497086300813,0.47627084049709856,enet:own
2006-08,-0.004526925111454362,-0.00568295353609383,0.5780142123197345,enet:own
2006-09,0.001937049229061959,0.0009410147685044851,0.4980172302787369,enet:own
2006-10,-0.0034353366560279652,-0.004339948613432875,0.45230597870245487,enet:own
2006-11,0.008144176934965816,0.0071969433820116,0.4736167764771085,enet:own
2006-12,0.0021229386416216794,0.0012889687610898373,0.41698494026592114,enet:own
2007-01,0.005842492141110531,0.004798755281021088,0.5218684300447214,enet:own
2007-02,0.0022202992637396384,0.0011034501435826442,0.558424560078497,enet:own
2007-03,0.00677764901452481,0.005739773749493896,0.5189376325154569,enet:own
2007-04,0.003391017048966365,0.00231527525028608,0.5378708993401424,enet:own
2007-05,0.00014618227138531555,-0.0008665123213325127,0.5063472963589141,enet:own
2007-06,-8.85895294227277e-05,-0.0011617120930912884,0.5365612818342802,enet:own
2007-07,-0.00041632976092826913,-0.0016661026827374348,0.6248864609045829,enet:own
2007-08,0.0025330827438595246,0.0014117276403570853,0.5606775517512198,enet:own
2007-09,0.000767272780523689,-0.0004384742557085168,0.6028735181161028,enet:own
2007-10,0.007969852929964057,0.006845506617952279,0.5621731560058886,enet:own
2007-11,0.0011875335882642788,8.621455021630874e-05,0.550659519023985,enet:own
2007-12,0.002700813654146384,0.0013861326399976458,0.6573405070743694,enet:own
2008-01,0.0009196406884893441,-0.00021915932138255145,0.5694000049359477,enet:own
2008-02,0.0012101966397304387,-9.657128430100848e-06,0.6099268840802698,enet:own
2008-03,0.0010993417584454167,-7.816807646182777e-05,0.5887549174536223,enet:own
2008-04,0.004110627610395369,0.0029604159552279333,0.5751058275837186,enet:own
2008-05,-0.00536215742162047,-0.006565668209710387,0.6017553940449587,enet:own
2008-06,0.006324931936839569,0.005131956304270542,0.5964878162845137,enet:own
2008-07,0.0006801101530853239,-0.00031177926738001406,0.49594471023266884,enet:own
2008-08,0.007609483561910575,0.006326103547170009,0.6416900073702829,enet:own
2008-09,0.007982152253770365,0.006873662755446688,0.5542447491618385,enet:own
2008-10,0.023189474032482785,0.022166794741723367,0.5113396453797102,enet:own
2008-11,0.015961464468652424,0.014896912166148796,0.5322761512518146,enet:own
2008-12,-0.0013034026877880363,-0.002541787657301567,0.6191924847567657,enet:own
2009-01,0.0021610614995157813,0.000914072174231122,0.6234946626423294,enet:own
2009-02,0.0047517068798369755,0.0035847914732682067,0.583457703284384,enet:own
2009-03,-0.007381690953148157,-0.008284927517945599,0.4516182823987201,enet:own
2009-04,-0.01522407666895982,-0.01641773137349606,0.5968273522681199,enet:own
2009-05,0.0008252827541549758,-0.0005337687430091042,0.67952574858204,enet:own
2009-06,-0.0009003217118737865,-0.002254120203390239,0.6768992457582262,enet:own
2009-07,0.00252290028980402,0.0011211820858709122,0.7008591019665539,enet:own
2009-08,0.0007171069949940504,-0.0003612181263260242,0.5391625606600374,enet:own
2009-09,0.0037128935703558017,0.002599759521058986,0.5565670246484076,enet:own
2009-10,0.0023980556159879838,0.001413056247802371,0.4924996840928065,enet:own
2009-11,0.0036147174509144507,0.0025445477394304083,0.535084855742021,enet:own
2009-12,-0.002050704739282638,-0.003006228582342209,0.4777619215297855,enet:own
2010-01,-0.0012250262489126261,-0.002376678798196832,0.5758262746421032,enet:own
2010-02,-0.00028083276657761444,-0.0013422515424458457,0.5307093879341157,enet:own
2010-03,-0.0021880255828434867,-0.003352565498450741,0.5822699578036272,enet:own
2010-04,0.0059448334805530904,0.004947993325301434,0.4984200776258282,enet:own
2010-05,0.004968176598526206,0.004098811086188574,0.4346827561688171,enet:own
2010-06,0.006722296077317285,0.005904508215223625,0.4088939310468303,enet:own
2010-07,0.0014516845855743732,0.0007248265769277205,0.3634290043233263,enet:own
2010-08,0.002704409021036966,0.0017781430102033625,0.4631330054168019,enet:own
2010-09,0.0022464721249889764,0.0013301486262852478,0.45816174935186393,enet:own
2010-10,0.004724407949464022,0.003817301993111226,0.45355297817639806,enet:own
2010-11,0.007902802157080195,0.007032707450800193,0.4350473531400011,enet:own
2010-12,0.00356340727673624,0.0027048924715159703,0.429257402610135,enet:own
2011-01,0.0055755797911648895,0.004765055470319141,0.405262160422874,enet:own
2011-02,-0.0001520051285691885,-0.0009964657411199542,0.422230306275383,enet:own
2011-03,0.0010640264658791088,0.00021290476514951456,0.42556085036479707,enet:own
2011-04,0.006617913652215616,0.005826543888430749,0.3956848818924342,enet:own
2011-05,0.004198216046443599,0.003506522128813843,0.3458469588148782,enet:own
2011-06,0.004385288677178497,0.0036843822121478786,0.35045323251530874,enet:own
2011-07,0.005444622834602886,0.004822237129570113,0.3111928525163864,enet:own
2011-08,0.006255345576009829,0.005617677586399584,0.318833994805123,enet:own
2011-09,0.010788181977656457,0.010122981889941367,0.33260004385754494,enet:own
2011-10,-0.005136330942377265,-0.0058569029950258445,0.3602860263242898,enet:own
2011-11,0.004341402775734206,0.003434864152707365,0.45326931151342104,enet:own
2011-12,0.0034918960245748634,0.0025783370851327155,0.4567794697210739,enet:own
2012-01,-0.015271486740526655,-0.015900440249688935,0.3144767545811395,enet:own
2012-02,-0.0012593394314508758,-0.00205636196332113,0.39851126593512715,enet:own
2012-03,0.008280395438057494,0.007502921949321292,0.38873674436810063,enet:own
2012-04,0.004584223569456398,0.003910678583052257,0.3367724932020704,enet:own
2012-05,0.008327313791804286,0.007726147542484943,0.3005831246596714,enet:own
2012-06,0.005207683665249027,0.004660075454499849,0.2738041053745891,enet:own
2012-07,0.005893223025446308,0.005334691031548127,0.2792659969490903,enet:own
2012-08,0.005500849008661235,0.004944872594864707,0.2779882068982642,enet:own
2012-09,-0.0010845503781798113,-0.0016071832493521445,0.26131643558616663,enet:own
2012-10,0.0025097395037797544,0.0018992282907118697,0.30525560653394235,enet:own
2012-11,0.00653106092152366,0.005962214731460949,0.28442309503135604,enet:own
2012-12,-0.0019031657424057238,-0.002412008528814292,0.2544213932042839,enet:own
2013-01,0.0030472701611928394,0.0024334660189480307,0.30690207112240425,enet:own
2013-02,0.003912114248057826,0.00327915963164022,0.31647730820880315,enet:own
2013-03,0.007373580139479264,0.006827122872502581,0.2732286334883413,enet:own
2013-04,0.007315383009816114,0.006841020231421093,0.23718138919751064,enet:own
2013-05,0.002264134484615603,0.0017693568099583072,0.2473888373286478,enet:own
2013-06,0.004220825319995655,0.0035917460856766162,0.31453961715951956,enet:own
2013-07,0.009088386844488726,0.008423478141895131,0.3324543512967975,enet:own
2013-08,0.0003376876829923002,-0.00031227014987571293,0.3249789164340063,enet:own
2013-09,-0.004074994569978427,-0.004810521850055979,0.36776364003877576,enet:own
2013-10,-0.0015218886144996425,-0.002170748802097586,0.3244300937989717,enet:own
2013-11,0.00035973339385717533,-0.00022607565978468,0.29290452682092777,enet:own
2013-12,0.003463797105780805,0.0029426345524392354,0.2605812766707847,enet:own
2014-01,0.002199900927405112,0.0017470169186937598,0.22644200435567602,enet:own
2014-02,0.004814936875612281,0.00426813842625414,0.2733992246790709,enet:own
2014-03,0.0013662983749872153,0.0008231718839937202,0.2715632454967477,enet:own
2014-04,-0.0008127549442816678,-0.0014228513732002157,0.3050482144592736,enet:own
2014-05,-0.002093684775002674,-0.0027540951640674357,0.330205194532381,enet:own
2014-06,0.004709574511127724,0.004055909818234477,0.32683234644662346,enet:own
2014-07,0.002072949647231328,0.0015123681419843581,0.2802907526234851,enet:own
2014-08,0.0020889997198891654,0.0015075592763039792,0.2907202217925932,enet:own
2014-09,-0.001887315818966611,-0.0024148789571282908,0.26378156908083983,enet:own
2014-10,0.002750567802184851,0.0022259314077750737,0.2623181972048887,enet:own
2014-11,0.007039617741011287,0.0065287004475565544,0.2554586467273663,enet:own
2014-12,0.010175232627129452,0.009685141342724298,0.2450456422025767,enet:own
2015-01,0.00549341257563373,0.0049823036859973,0.2555544448182148,enet:own
2015-02,0.00013357819377894764,-0.00045961233301303786,0.2965952633959927,enet:own
2015-03,0.005526946619840382,0.004924608516195018,0.30116905182268205,enet:own
2015-04,-0.008687824954002766,-0.009297636529331204,0.30490578766421905,enet:own
2015-05,0.0015390174621067983,0.000808608365349409,0.36520454837869476,enet:own
2015-06,0.004313419546578001,0.003640787493212177,0.33631602668291216,enet:own
2015-07,0.007934048232045247,0.007426896039269231,0.25357609638800777,enet:own
2015-08,0.006955879490488641,0.006444770640610277,0.25555442493918196,enet:own
2015-09,0.0042963033499034235,0.0037683917710315375,0.2639557894359432,enet:own
2015-10,-0.00314417044401792,-0.0037009011718193824,0.2783653639007313,enet:own
2015-11,0.002591374709752252,0.00200974595022935,0.29081437976145097,enet:own
2015-12,0.0007284380512444214,0.00013493631258247344,0.29675086933097405,enet:own
2016-01,0.0037686629130687594,0.0032443019302500964,0.2621804914093319,enet:own
2016-02,-3.96936200114222e-05,-0.0005085984556355333,0.23445241781205567,enet:own
2016-03,-0.008604446529677958,-0.009096308738231949,0.24593110427699513,enet:own
2016-04,0.00274280765287036,0.0021970851805272955,0.2728612361715323,enet:own
2016-05,0.004400348659264976,0.0039012002550844836,0.24957420209024614,enet:own
2016-06,-0.001286805896591989,-0.0017470162908205,0.23010519711425542,enet:own
2016-07,0.0017355193743105973,0.001307059587128718,0.2142298935909398,enet:own
2016-08,0.005851348336177282,0.0053764319747438526,0.23745818071671457,enet:own
2016-09,0.005819050257250141,0.0053815592915194286,0.21874548286535608,enet:own
2016-10,0.002190615270163489,0.0018629495386682528,0.16383286574761857,enet:own
2016-11,-0.003182033076465567,-0.0036056514516218,0.21180918757811673,enet:own
2016-12,0.0012820133139550246,0.0007799005291650022,0.25105639239501104,enet:own
2017-01,0.004117782253231445,0.003701406295947542,0.2081879786419514,enet:own
2017-02,-0.0015177663639186648,-0.0019682345356573407,0.22523408586933794,enet:own
2017-03,0.004155298406733803,0.0037267162503553967,0.21429107818920357,enet:own
2017-04,-0.0002900114920968529,-0.0006956971912858521,0.2028428495944993,enet:own
2017-05,0.006064120632001409,0.005669346179478575,0.19738722626141716,enet:own
2017-06,-0.00022562417400792694,-0.0006547188129658918,0.21454731947898237,enet:own
2017-07,0.00416469665754596,0.0037737669700047306,0.1954648437706147,enet:own
2017-08,0.0028507779058316294,0.0024405370554784374,0.2051204251765962,enet:own
2017-09,0.001963302426154021,0.0016064985979907503,0.17840191408163525,enet:own
2017-10,0.0030405431559367207,0.0026821177718346087,0.17921269205105594,enet:own
2017-11,0.0025131947089326347,0.002083890054806898,0.2146523270628682,enet:own
2017-12,0.0017009583713852754,0.0012695350683130143,0.21571165153613067,enet:own
2018-01,0.005624460285934008,0.005165231284764363,0.2296145005848221,enet:own
2018-02,0.003103364745949794,0.002631881013398742,0.23574186627552587,enet:own
2018-03,0.003015067205269319,0.002551753522348532,0.23165684146039356,enet:own
2018-04,0.001549358925506881,0.0011649344021813313,0.19221226166277502,enet:own
2018-05,0.0046282327228829336,0.00417988729251916,0.2241727151818866,enet:own
2018-06,0.0033523259590660785,0.002892004782429298,0.23016058831839015,enet:own
2018-07,0.004525604542733385,0.004115381195307971,0.205111673712707,enet:own
2018-08,0.004330948687833705,0.003931101965120192,0.19992336135675634,enet:own
2018-09,0.012574137970104975,0.012158272895572458,0.20793253726625907,enet:own
2018-10,0.0023080661088130364,0.0019253362738722358,0.1913649174704001,enet:own
2018-11,-0.002728694615859226,-0.003149662629203101,0.21048400667193767,enet:own
2018-12,7.338966971670154e-05,-0.0004288829287476696,0.25113629923218556,enet:own
2019-01,0.0021390665492889483,0.0017133106152652574,0.2128779670118454,enet:own
2019-02,-0.004431147512439868,-0.004913946327711079,0.2413994076356062,enet:own
2019-03,0.003893678375894076,0.003449481002212805,0.22209868684063555,enet:own
2019-04,0.0017961974795865684,0.0014304379516251362,0.18287976398071581,enet:own
2019-05,0.0019158501786031997,0.0015028562368509782,0.20649697087611066,enet:own
2019-06,0.0041414237882174505,0.0036742500887419092,0.23358684973777066,enet:own
2019-07,0.005707436015731169,0.005287699231405863,0.20986839216265316,enet:own
2019-08,0.0020082839879228737,0.0016033167199051347,0.20248363400886937,enet:own
2019-09,-0.0017764466054204474,-0.002190339980800628,0.2069466876900906,enet:own
2019-10,0.0010119066148045594,0.0005546393219836404,0.22863364641045958,enet:own
2019-11,0.0020220913127469054,0.0016092933610303373,0.20639897585828423,enet:own
2019-12,0.004128976252814487,0.0036757864038765645,0.2265949244689611,enet:own
2020-01,0.003217352860914791,0.0028428339217859548,0.18725946956441833,enet:own
2020-02,0.005744752892614772,0.005333434920715398,0.2056589859496871,enet:own
2020-03,0.00956213572251473,0.009172191615856175,0.19497205332927717,enet:own
2020-04,-0.010845892366175489,-0.011516467560345035,0.3352875970847728,enet:own
2020-05,-0.0022981157182690665,-0.0032049822984123555,0.4534332900716445,enet:own
2020-06,-0.005552840905663222,-0.006234903437252134,0.34103126579445536,enet:own
2020-07,0.0026653654438409404,0.002072651632121825,0.29635690585955793,enet:own
2020-08,-0.0016808734169202865,-0.002301463484953813,0.3102950340167631,enet:own
2020-09,-0.0017132455331543303,-0.0023155772641658915,0.30116586550578056,enet:own
2020-10,0.003914529958567809,0.003342446998002184,0.28604148028281234,enet:own
2020-11,-0.02137229802855515,-0.021876465467985703,0.252083719715277,enet:own
2020-12,-0.0027172096464400334,-0.003497309497599298,0.39004992557963225,enet:own
2021-01,0.0032485196808280654,0.002564113796596409,0.3422029421158283,enet:own
2021-02,0.000264344982585276,-0.0003013326422963034,0.28283881244078973,enet:own
2021-03,0.00467255179694396,0.004084032976609084,0.2942594101674383,enet:own
2021-04,0.003999624484125448,0.003478718302804104,0.2604530906606722,enet:own
2021-05,0.0025697204603175334,0.0019842526372604243,0.2927339115285545,enet:own
2021-06,-0.004435197283464697,-0.004979573383568105,0.27218805005170393,enet:own
2021-07,0.003228773706539054,0.002687157997855717,0.27080785434166876,enet:own
2021-08,0.0001339848951171758,-0.0003651466503638325,0.24956577274050404,enet:own
2021-09,0.006962460850176707,0.006433679855716232,0.2643904972302377,enet:own
2021-10,0.0014114371223407092,0.0009214483844736378,0.2449943689335356,enet:own
2021-11,0.006152747644247408,0.005669144270671278,0.2418016867880648,enet:own
2021-12,0.00995324181696018,0.009366413205188174,0.293414305886003,enet:own
2022-01,0.011791533587963358,0.011307215898282246,0.24215884484055594,enet:own
2022-02,0.009144591985460696,0.008643405262609906,0.2505933614253952,enet:own
2022-03,0.008049030096868507,0.0075076564050175565,0.2706868459254759,enet:own
2022-04,0.0111129258465827,0.010611598657048743,0.25066359476697864,enet:own
2022-05,0.0040392472200590016,0.00356020599115273,0.2395206144531359,enet:own
2022-06,0.0003710870401823348,-0.00015422223120961168,0.2626546356959733,enet:own
2022-07,-0.0034347588383581156,-0.003961581911609568,0.2634115366257259,enet:own
2022-08,-0.0012558585622328604,-0.0017828141437564332,0.26347779076178657,enet:own
2022-09,0.005980235580567191,0.005500632763182462,0.2398014086923645,enet:own
2022-10,0.004954124118898085,0.004464415396195643,0.244854361351221,enet:own
2022-11,-0.004114460941803723,-0.004657951394797049,0.27174522649666283,enet:own
2022-12,0.006440232781414367,0.00583585292787362,0.30218992677037343,enet:own
2023-01,0.0015750899535504292,0.0010712098079097235,0.25194007282035247,enet:own
2023-02,0.005256621723048193,0.004730407613708997,0.26310705466959783,enet:own
2023-03,0.0040477768424931814,0.003637663081616445,0.205056880438368,enet:own
2023-04,-0.0009767671330819792,-0.0014869163001981463,0.2550745835580837,enet:own
2023-05,-0.00223483631793883,-0.0026946616260143832,0.2299126540377766,enet:own
2023-06,0.0027172020620020872,0.00225830447616057,0.22944879292075865,enet:own
2023-07,0.0030336786725623376,0.002530933484128916,0.2513725942167108,enet:own
2023-08,0.0018036790478016423,0.0012863915175255615,0.25864376513804044,enet:own
2023-09,0.008751063292461198,0.008273604358130826,0.23872946716518612,enet:own
2023-10,0.007062128154319202,0.00665071262965228,0.20570776233346083,enet:own
2023-11,-0.006525967819248752,-0.007007371362892923,0.24070177182208596,enet:own
2023-12,0.003749884257819738,0.003193568767087195,0.27815774536627114,enet:own
2024-01,0.009811663810563736,0.009323858193600832,0.2439028084814516,enet:own
2024-02,0.000153066921367712,-0.0003503552267946493,0.25171107408118076,enet:own
2024-03,0.0038975222304328287,0.003369519444957886,0.2640013927374713,enet:own
2024-04,0.0005952987508132885,7.194558541557465e-05,0.2616765826988568,enet:own
2024-05,0.0018547824636886221,0.0013441274141922518,0.2553275247481854,enet:own
2024-06,0.0015535551369384325,0.0010733413907778372,0.2401068730802974,enet:own
2024-07,0.0008355326098071936,0.0003709154416417305,0.23230858408273153,enet:own
2024-08,0.002744070824646164,0.0022693109751219477,0.23737992476210812,enet:own
2024-09,0.00023267715628877788,-0.00023468498225624748,0.2336810692725127,enet:own
2024-10,0.0028563465852469282,0.0023782755985120403,0.23903549336744395,enet:own
2024-11,0.0097974716710044,0.009324696413700715,0.23638762865184254,enet:own
2024-12,0.001998369604741031,0.0015080935816352168,0.24513801155290685,enet:own
2025-01,0.0020013717944012974,0.001591797844210205,0.20478697509554616,enet:own
2025-02,0.004209195480263782,0.0037114293366750863,0.24888307179434735,enet:own
2025-03,0.005575414106788654,0.00511321592479922,0.2310990909947173,enet:own
2025-04,-0.0014772118941891934,-0.001920037761421179,0.22141293361599287,enet:own
2025-05,-0.0008895417322706385,-0.0013893983020327899,0.24992828488107574,enet:own
2025-06,-0.0026024642070930516,-0.0030764167077154433,0.2369762503111958,enet:own
2025-07,-0.001825969234036636,-0.0022425632681961835,0.20829701707977366,enet:own
2025-08,0.001353998651967832,0.0008566104406701723,0.24869410564883,enet:own
2025-09,0.004181075474866153,0.0036680840765142245,0.25649569917596415,enet:own
2025-10,0.00861741726443893,0.008109609095975573,0.2539040842316773,enet:own
2025-11,0.0028998271034625777,0.0023462353470714934,0.2767958781955419,enet:own
2025-12,0.009062341701127559,0.008549683109520617,0.2563292958034713,enet:own
2000-01,0.004264510507882091,0.004264510507882091,0.0,enet:pooled
2000-02,0.01350604119334678,0.01128052172227445,1.1127597355361651,enet:pooled
2000-03,-0.0027520309097751982,-0.004871407269359264,1.0596881797920332,enet:pooled
2000-04,-0.012266206089471949,-0.014568846860323104,1.1513203854255771,enet:pooled
2000-05,-0.0017738562748142797,-0.003978141900341618,1.1021428127636692,enet:pooled
2000-06,-0.008454711705669565,-0.010580208920696619,1.0627486075135277,enet:pooled
2000-07,-0.0013352837714021564,-0.0034764707502926233,1.070593489445233,enet:pooled
2000-08,-0.006358386662739418,-0.008322844010751087,0.982228674005835,enet:pooled
2000-09,-0.0007209391869425867,-0.0028190239732065617,1.0490423931319872,enet:pooled
2000-10,0.0018394698465032445,-6.0331124801876355e-05,0.9499004856525605,enet:pooled
2000-11,0.008006770174219344,0.006328580354599517,0.8390949098099134,enet:pooled
2000-12,-0.0005172620043243422,-0.0023144984079997524,0.8986182018377045,enet:pooled
2001-01,-0.015336788823154557,-0.01717314552353787,0.9181783501916578,enet:pooled
2001-02,0.00519941102552373,0.003105309648740142,1.0470506883917938,enet:pooled
2001-03,0.028697667779544335,0.026636199737734047,1.0307340209051454,enet:pooled
2001-04,0.005440445655735632,0.003805540587021498,0.8174525343570669,enet:pooled
2001-05,0.01012115087861199,0.008213023537072942,0.954063670769524,enet:pooled
2001-06,-0.001808753939679009,-0.0033904269752803445,0.7908365178006674,enet:pooled
2001-07,0.017790362407982485,0.016012958845871887,0.888701781055299,enet:pooled
2001-08,-0.005416088111313789,-0.00691756155382164,0.7507367212539245,enet:pooled
2001-09,0.012115968063419514,0.010290346397004138,0.9128108332076871,enet:pooled
2001-10,-0.0167014425790841,-0.018528890939079487,0.9137241799976938,enet:pooled
2001-11,0.004421333134900557,0.0022405370865702426,1.0903980241651574,enet:pooled
2001-12,0.013523554434477317,0.01164624702788711,0.9386537032951037,enet:pooled
2002-01,2.5864164800937604e-05,-0.0019272533840966018,0.9765587744487699,enet:pooled
2002-02,0.0077008200440629076,0.006215357978575433,0.7427310327437374,enet:pooled
2002-03,0.010744037896128399,0.00937824868927598,0.6828946034262093,enet:pooled
2002-04,0.0074974225290621145,0.006316885066233281,0.5902687314144165,enet:pooled
2002-05,0.005194469084955971,0.0038728803286409855,0.6607943781574926,enet:pooled
2002-06,0.006241106349423335,0.004928462245660019,0.6563220518816573,enet:pooled
2002-07,0.002851094720926616,0.0015969250930525374,0.6270848139370389,enet:pooled
2002-08,0.0034563992789707707,0.002251852036341009,0.6022736213148808,enet:pooled
2002-09,0.005712187185701073,0.0044260794687067725,0.6430538584971501,enet:pooled
2002-10,0.0015367339126326665,0.0003544938106288265,0.5911200510019203,enet:pooled
2002-11,0.003372396351428305,0.0018455541694812122,0.7634210909735466,enet:pooled
2002-12,0.0034827644258255547,0.0022251537671071154,0.6288053293592195,enet:pooled
2003-01,0.0016146355606140583,0.000346823562976776,0.6339059988186414,enet:pooled
2003-02,0.0008055357495978757,-0.000186382516139338,0.4959591328686068,enet:pooled
2003-03,0.009521885318953269,0.008468702826611257,0.5265912461710062,enet:pooled
2003-04,-0.005424548641153271,-0.006137475340286097,0.35646334956641307,enet:pooled
2003-05,0.003779890259209994,0.002589448216132559,0.5952210215387174,enet:pooled
2003-06,0.005756454131581896,0.004550787339375961,0.6028333961029678,enet:pooled
2003-07,0.007863243616624023,0.006812835916304061,0.5252038501599812,enet:pooled
2003-08,0.0049834583014896645,0.0038765072816040426,0.5534755099428111,enet:pooled
2003-09,-0.0017249103730970325,-0.0029165949936233644,0.595842310263166,enet:pooled
2003-10,0.011649215268656168,0.010535542586005591,0.5568363413252878,enet:pooled
2003-11,0.0012857572718910097,0.0002570185029619653,0.5143693844645221,enet:pooled
2003-12,0.00040958203166198523,-0.0007326296644156049,0.571105848038795,enet:pooled
2004-01,-0.007011557460842222,-0.008123643731244393,0.5560431352010856,enet:pooled
2004-02,0.001919149572708497,0.0006257332726616285,0.6467081500234343,enet:pooled
2004-03,0.00231414423965329,0.0012320346073500723,0.5410548161516088,enet:pooled
2004-04,0.002299050485828952,0.0012470924644768437,0.5259790106760539,enet:pooled
2004-05,-0.005959674899755451,-0.006994720365962002,0.5175227331032761,enet:pooled
2004-06,0.0035809553939808256,0.0025081014636940124,0.5364269651434064,enet:pooled
2004-07,0.0053618843841067515,0.00441531457961927,0.4732849022437405,enet:pooled
2004-08,0.004934674848287225,0.004059101770887882,0.4377865386996716,enet:pooled
2004-09,0.004200509029138394,0.0032623694064744728,0.46906981133196035,enet:pooled
2004-10,0.010587976829632802,0.009664177610338968,0.4618996096469177,enet:pooled
2004-11,0.0042629664530019675,0.003423899040682977,0.4195337061594948,enet:pooled
2004-12,0.00851569359242309,0.0074579120780163335,0.5288907572033783,enet:pooled
2005-01,-0.0018146929644602702,-0.002936305942301899,0.5608064889208143,enet:pooled
2005-02,0.006344409520455011,0.00530574266209814,0.5193334291784355,enet:pooled
2005-03,0.008894727731246955,0.007863629272300752,0.5155492294731027,enet:pooled
2005-04,0.014344319291340096,0.013331925570646275,0.5061968603469097,enet:pooled
2005-05,-0.014988599887858983,-0.015851605229268522,0.4315026707047691,enet:pooled
2005-06,0.002753928741358582,0.001506436271748551,0.6237462348050153,enet:pooled
2005-07,0.004793018370542441,0.0037715544544756644,0.5107319580333883,enet:pooled
2005-08,-0.0008059875396112698,-0.0018120534703988957,0.5030329653938133,enet:pooled
2005-09,0.0031640101392363977,0.0019731422842498626,0.5954339274932675,enet:pooled
2005-10,0.000797169560648845,-0.00022190025776847497,0.5095349092086598,enet:pooled
2005-11,-0.0031867637580378022,-0.0041876887165711585,0.5004624792666782,enet:pooled
2005-12,-0.0009114763070123173,-0.0019466825192286014,0.5176031061081422,enet:pooled
2006-01,0.0058411282128403965,0.004764655439564266,0.5382363866380654,enet:pooled
2006-02,0.005085793374756798,0.003713285743723608,0.6862538155165955,enet:pooled
2006-03,-0.01111480961305817,-0.012331306178476586,0.6082482827092077,enet:pooled
2006-04,0.007831222131450745,0.006632364052322369,0.599429039564188,enet:pooled
2006-05,0.0008963032005835246,-0.0002909306926979775,0.5936169466407512,enet:pooled
2006-06,0.01672892795103851,0.01562069520009249,0.5541163754730105,enet:pooled
2006-07,-0.004415878819450415,-0.005518054406773359,0.5510877936614719,enet:pooled
2006-08,-0.005533532507196572,-0.006828697169467975,0.6475823311357024,enet:pooled
2006-09,0.0029199383783627855,0.0017174016744197287,0.6012683519715284,enet:pooled
2006-10,-0.003012757046390527,-0.0040454093098219335,0.5163261317157029,enet:pooled
2006-11,0.008892435381386487,0.0077664031660467665,0.5630161076698601,enet:pooled
2006-12,0.0016991849895359665,0.0006898136261214977,0.5046856817072346,enet:pooled
2007-01,0.005939373144765866,0.0047850980589277045,0.5771375429190809,enet:pooled
2007-02,0.0013143577903304998,0.00010880327483464202,0.6027772577479287,enet:pooled
2007-03,0.006430628911128901,0.005332123509546288,0.5492527007913065,enet:pooled
2007-04,0.0060721571752595386,0.004983234293916664,0.5444614406714374,enet:pooled
2007-05,0.0011317347536877885,3.107480471447229e-05,0.5503299744866582,enet:pooled
2007-06,-0.0018790198397659811,-0.003113469078129707,0.6172246191818628,enet:pooled
2007-07,-0.00044537267711577494,-0.0018317281711056374,0.6931777469949312,enet:pooled
2007-08,0.001853345138503798,0.0005679772971757606,0.6426839206640187,enet:pooled
2007-09,0.002348581328124675,0.0010502402555419353,0.6491705362913699,enet:pooled
2007-10,0.010912125522310075,0.009689584085560721,0.611270718374677,enet:pooled
2007-11,0.0024627920293863377,0.0012515340678749761,0.6056289807556807,enet:pooled
2007-12,0.004184764529751537,0.0027782182637790783,0.7032731329862291,enet:pooled
2008-01,0.0015830700891641932,0.00042156781501560624,0.5807511370742933,enet:pooled
2008-02,-0.0004641860976789493,-0.001851658792448523,0.6937363473847867,enet:pooled
2008-03,0.0035721045990067357,0.00222093295301209,0.6755858229973228,enet:pooled
2008-04,0.0028499279552954217,0.0015515502981552844,0.649188828570069,enet:pooled
2008-05,-0.004054116385836688,-0.005419941746143438,0.6829126801533745,enet:pooled
2008-06,0.008926542313631462,0.0076295196611997525,0.6485113262158546,enet:pooled
2008-07,-0.0030551738819123682,-0.004158073733899425,0.551449925993528,enet:pooled
2008-08,0.008701265776658003,0.007279205680317732,0.711030048170135,enet:pooled
2008-09,0.012046649209425971,0.01092685026179205,0.5598994738169608,enet:pooled
2008-10,0.030795365949711197,0.02971259567843165,0.5413851356397744,enet:pooled
2008-11,0.0183391090128897,0.017269193026141563,0.5349579933740684,enet:pooled
2008-12,-0.003819607620001114,-0.005023927972601925,0.6021601763004055,enet:pooled
2009-01,0.001244787326832725,-0.00011547371988181003,0.6801305233572675,enet:pooled
2009-02,0.0059741493006554595,0.004585559404616888,0.694294948019285,enet:pooled
2009-03,-0.010080457826643841,-0.011192423267206921,0.5559827202815403,enet:pooled
2009-04,-0.016109961955953767,-0.01755901159021425,0.7245248171302402,enet:pooled
2009-05,0.00841646894782448,0.006718121559750941,0.8491736940367695,enet:pooled
2009-06,-0.0030022580620819614,-0.004596811481545986,0.7972767097320124,enet:pooled
2009-07,0.0037789902626526746,0.002090170749507057,0.8444097565728086,enet:pooled
2009-08,0.001331316158971278,4.451944726075424e-05,0.6433983558552618,enet:pooled
2009-09,0.004744651206804778,0.003443949109235824,0.6503510487844768,enet:pooled
2009-10,0.0016469461633657463,0.00046654011432530426,0.5902030245202209,enet:pooled
2009-11,0.0024081878709620638,0.0011634521114055314,0.622367879778266,enet:pooled
2009-12,-0.0021859428363265837,-0.0033370178718334395,0.575537517753428,enet:pooled
2010-01,-0.0018751200402285844,-0.003179633972814942,0.652256966293179,enet:pooled
2010-02,-0.001981380302640994,-0.0033920338796276815,0.7053267884933437,enet:pooled
2010-03,-0.0025564469574324692,-0.004053857587259389,0.7487053149134599,enet:pooled
2010-04,0.005565583254449919,0.004241569409141487,0.6620069226542161,enet:pooled
2010-05,0.004435769546746836,0.003223324213804053,0.6062226664713918,enet:pooled
2010-06,0.0077151807133423326,0.006580425596026213,0.5673775586580596,enet:pooled
2010-07,-0.00044846259098135695,-0.0014495603313652294,0.5005488701919363,enet:pooled
2010-08,0.0032251484680130105,0.0019692894407395464,0.627929513636732,enet:pooled
2010-09,0.001900030033035631,0.0006597525318143017,0.6201387506106646,enet:pooled
2010-10,0.005893562218456253,0.004632485906515675,0.6305381559702895,enet:pooled
2010-11,0.008691897271703875,0.00751307376600373,0.5894117528500729,enet:pooled
2010-12,0.005101856448977939,0.003936185103318757,0.5828356728295909,enet:pooled
2011-01,0.005291144585500889,0.004165343019724346,0.5629007828882719,enet:pooled
2011-02,-0.0012433186953154302,-0.0024641318914220534,0.6104065980533114,enet:pooled
2011-03,9.039243881487784e-05,-0.001115028555906149,0.6027104973605132,enet:pooled
2011-04,0.007428981879475889,0.006280178354824863,0.5744017623255127,enet:pooled
2011-05,0.004307730835458263,0.0032884122350830395,0.5096593001876121,enet:pooled
2011-06,0.004505533575864494,0.0034754117791465458,0.5150608983589741,enet:pooled
2011-07,0.00604929488027058,0.005118475775270947,0.465409552499816,enet:pooled
2011-08,0.008483740489099367,0.007575671174062062,0.4540346575186528,enet:pooled
2011-09,0.011713496707767466,0.01076387874488345,0.4748089814420086,enet:pooled
2011-10,-0.0069983280642190145,-0.008036217447166615,0.5189446914738006,enet:pooled
2011-11,0.0032273563880061465,0.001902772169771556,0.662292109117295,enet:pooled
2011-12,0.0039514934996941874,0.0026680588005534127,0.6417173495703876,enet:pooled
2012-01,-0.017767382457725998,-0.018639663373382142,0.4361404578280731,enet:pooled
2012-02,-0.0020316748913375665,-0.0032371440693714374,0.6027345890169352,enet:pooled
2012-03,0.008267800777088689,0.0071194221633138054,0.574189306887442,enet:pooled
2012-04,0.005070968047731877,0.004082700707497319,0.4941336701172791,enet:pooled
2012-05,0.009837083168708832,0.008946122856425693,0.44548015614156883,enet:pooled
2012-06,0.005242785596058721,0.004390013382119404,0.42638610696965895,enet:pooled
2012-07,0.006475882189665822,0.005580082682677031,0.4478997534943952,enet:pooled
2012-08,0.00535560763580946,0.004483897246423081,0.4358551946931892,enet:pooled
2012-09,-0.0011809396606435906,-0.0020202547425999385,0.4196575409781739,enet:pooled
2012-10,0.0024358124918509236,0.0014641560665982147,0.4858282126263545,enet:pooled
2012-11,0.007161922153277529,0.006235595166907838,0.46316349318484595,enet:pooled
2012-12,-0.0025549550861909734,-0.0033974286880925054,0.4212368009507658,enet:pooled
2013-01,0.0029856642422711466,0.001982006208372839,0.5018290169491536,enet:pooled
2013-02,0.0039302074759703706,0.002941710234591621,0.494248620689375,enet:pooled
2013-03,0.008563718199075263,0.007687901234349401,0.43790848236293073,enet:pooled
2013-04,0.008656661418225792,0.00790867692729141,0.37399224546719056,enet:pooled
2013-05,0.0029634065977477394,0.002163545356145505,0.3999306208011174,enet:pooled
2013-06,0.003688571370697203,0.0026639122703956625,0.5123295501507703,enet:pooled
2013-07,0.009361756770041734,0.008332120133084325,0.5148183184787042,enet:pooled
2013-08,-0.000707757721662578,-0.0017404614407915263,0.5163518595644742,enet:pooled
2013-09,-0.004841021341574365,-0.005981306045943501,0.5701423521845679,enet:pooled
2013-10,-0.0009891423214499768,-0.002027721044649338,0.5192893615996806,enet:pooled
2013-11,-0.00015667059013249078,-0.001100804989581876,0.47206719972469263,enet:pooled
2013-12,0.003909491934919301,0.0030584880332565276,0.4255019508313866,enet:pooled
2014-01,0.0014144295112655137,0.0006735536546792928,0.37043792829311056,enet:pooled
2014-02,0.004936895016044859,0.004038755590030142,0.4490697130073587,enet:pooled
2014-03,0.001312919176002092,0.00042593222091541727,0.44349347754333746,enet:pooled
2014-04,0.0005520411390557372,-0.0004107571860404129,0.48139916254807535,enet:pooled
2014-05,-0.0011787081977855391,-0.002159885451104394,0.49058862665942743,enet:pooled
2014-06,0.003768830816517019,0.00277632627483357,0.4962522708417245,enet:pooled
2014-07,0.001340678614118424,0.0004192734720500276,0.4607025710341981,enet:pooled
2014-08,0.0027086279364388734,0.0017907860435852866,0.4589209464267935,enet:pooled
2014-09,-0.0020064251518232845,-0.00286959199650724,0.4315834223419777,enet:pooled
2014-10,0.002815429172904135,0.0019578517315061304,0.42878872069900215,enet:pooled
2014-11,0.008154920404367237,0.007300610537667679,0.42715493334977894,enet:pooled
2014-12,0.01206860193479583,0.011265989550942797,0.4013061919265157,enet:pooled
2015-01,0.00547683687116254,0.004680267788492788,0.39828454133487656,enet:pooled
2015-02,-0.00017391480968069584,-0.0011203367841229415,0.47321098722112287,enet:pooled
2015-03,0.0044402200989975315,0.0034548897481602374,0.4926651754186473,enet:pooled
2015-04,-0.010042445513517463,-0.01100628597022496,0.4819202283537481,enet:pooled
2015-05,0.00038776176652445917,-0.0008142260943071602,0.6009939304158098,enet:pooled
2015-06,0.0031003907730688327,0.0019629778829951925,0.5687064450368201,enet:pooled
2015-07,0.008192151825371856,0.007353095696345624,0.4195280645131162,enet:pooled
2015-08,0.007361504837175096,0.00651441767150362,0.4235435828357386,enet:pooled
2015-09,0.003991648773929687,0.0031135609071334747,0.4390439333981061,enet:pooled
2015-10,-0.003725382264336388,-0.004647937235460055,0.4612774855618332,enet:pooled
2015-11,0.0024513912797288935,0.0014519728262062206,0.4997092267613366,enet:pooled
2015-12,7.920717454340087e-05,-0.0009157047175135875,0.4974559460284941,enet:pooled
2016-01,0.002685585908967771,0.0017364996701751767,0.4745431193962974,enet:pooled
2016-02,-0.00013597754536567665,-0.0010643140386096173,0.4641682466219702,enet:pooled
2016-03,-0.006521372746547294,-0.007516906301495337,0.4977667774740214,enet:pooled
2016-04,0.0033661008200573253,0.0022925733835106573,0.5367637182733341,enet:pooled
2016-05,0.0026670760847973575,0.0016787850284012656,0.494145528198046,enet:pooled
2016-06,-0.001550258159132164,-0.002494126330987532,0.47193408592768404,enet:pooled
2016-07,0.00033454399446849374,-0.0005105326110299635,0.4225383027492286,enet:pooled
2016-08,0.005897934815490256,0.004961966517180043,0.46798414915510617,enet:pooled
2016-09,0.006058385247582698,0.005225884385556522,0.41625043101308806,enet:pooled
2016-10,0.0016320985343183444,0.0009771318793266256,0.3274833274958595,enet:pooled
2016-11,-0.0028765167552748817,-0.003694974978193767,0.40922911145944296,enet:pooled
2016-12,0.000913380327398939,-4.3928916033248926e-05,0.47865462171609396,enet:pooled
2017-01,0.003451879265024503,0.0025845548702843487,0.4336621973700772,enet:pooled
2017-02,-0.0009738704490320084,-0.001892962671506573,0.45954611123728223,enet:pooled
2017-03,0.003063255126273496,0.0021873010306615267,0.4379770478059845,enet:pooled
2017-04,-0.0001896957269897706,-0.001029632654699254,0.4199684638547416,enet:pooled
2017-05,0.00530675297553886,0.004511615245480901,0.39756886502897953,enet:pooled
2017-06,0.0002782338154307897,-0.0006083047806711987,0.4432692980509943,enet:pooled
2017-07,0.0028720988953821395,0.002049736145410445,0.41118137498584756,enet:pooled
2017-08,0.0032486224422827005,0.002380253954633791,0.43418424382445503,enet:pooled
2017-09,0.001716954162368229,0.0009732860371894686,0.3718340625893803,enet:pooled
2017-10,0.003527498202010932,0.0027779743352534412,0.37476193337874547,enet:pooled
2017-11,0.0023339175140626037,0.0014614920182125424,0.43621274792503073,enet:pooled
2017-12,0.002887406055727764,0.0019763950473292045,0.45550550419927965,enet:pooled
2018-01,0.004898264931351853,0.003972880250829079,0.462692340261387,enet:pooled
2018-02,0.002551852920344119,0.001563737363682859,0.4940577783306301,enet:pooled
2018-03,0.0037425915352693904,0.002833035850417829,0.4547778424257806,enet:pooled
2018-04,0.0010535360169534691,0.0002532121241682669,0.400161946392601,enet:pooled
2018-05,0.0034564099089592322,0.0025229601764981987,0.4667248662305166,enet:pooled
2018-06,0.003032400239132031,0.0020782652562392856,0.4770674914463727,enet:pooled
2018-07,0.0034876529266684897,0.0026321591670955624,0.4277468797864636,enet:pooled
2018-08,0.004402508228473125,0.003551612852820142,0.4254476878264914,enet:pooled
2018-09,0.013100241119017853,0.012245521417065343,0.4273598509762548,enet:pooled
2018-10,0.0033968399610197907,0.0026098290849288293,0.39350543804548094,enet:pooled
2018-11,-0.002975879072002348,-0.003830708208293718,0.4274145681456853,enet:pooled
2018-12,0.003442237866343494,0.0023794664584783592,0.5313857039325672,enet:pooled
2019-01,-0.0005191327199855089,-0.0013762317385728334,0.428549509293662,enet:pooled
2019-02,-0.005022464643989422,-0.006002002603475069,0.48976897974282374,enet:pooled
2019-03,0.004759465307931186,0.003832135555027319,0.4636648764519334,enet:pooled
2019-04,0.0017955634812936647,0.001057599758540546,0.36898186137655953,enet:pooled
2019-05,0.0018917625502449006,0.0010840468372648752,0.40385785649001243,enet:pooled
2019-06,0.003373498543415472,0.00246138767582766,0.45605543379390595,enet:pooled
2019-07,0.005757823834148411,0.00491520515233236,0.4213093409080253,enet:pooled
2019-08,0.003161547637966114,0.0023962423963486456,0.3826526208087342,enet:pooled
2019-09,-0.0023200673527575127,-0.003138004222795455,0.40896843501897107,enet:pooled
2019-10,0.0017253422013769435,0.0008080093194807202,0.4586664409481116,enet:pooled
2019-11,0.0016652764727137068,0.0008481068190979573,0.40858482680787483,enet:pooled
2019-12,0.004865772826285997,0.00399321505142028,0.43627888743285853,enet:pooled
2020-01,0.004602396548577677,0.0038749374206502054,0.3637295639637361,enet:pooled
2020-02,0.008124337705784666,0.007337258206763459,0.3935397495106035,enet:pooled
2020-03,0.013913749253541994,0.013155572523028758,0.37908836525661743,enet:pooled
2020-04,-0.016224297404677887,-0.01740461503509057,0.5901588152063428,enet:pooled
2020-05,-0.0014966939661775617,-0.003123240235073065,0.813273134447752,enet:pooled
2020-06,-0.004416138748681366,-0.005681221679127325,0.6325414652229799,enet:pooled
2020-07,0.00427599003679081,0.003125002350171467,0.5754938433096718,enet:pooled
2020-08,0.0004082358784565687,-0.0007161864568177828,0.5622111676371757,enet:pooled
2020-09,-0.003239124289208062,-0.004350966941102563,0.5559213259472503,enet:pooled
2020-10,0.0026068468651537537,0.0014956467339905543,0.5556000655815997,enet:pooled
2020-11,-0.023929179332725845,-0.02488365254394914,0.47723660561164655,enet:pooled
2020-12,0.0006389560241652683,-0.0008882322687913721,0.7635941464783204,enet:pooled
2021-01,0.002293829900856752,0.0009734538366018314,0.6601880321274601,enet:pooled
2021-02,0.0006068984815870705,-0.0004883163307963878,0.5476074061917289,enet:pooled
2021-03,0.006208551833640893,0.0050689082117299075,0.5698218109554922,enet:pooled
2021-04,0.004697103066188003,0.0037228504155020254,0.4871263253429888,enet:pooled
2021-05,0.003239927049375821,0.002162201265567829,0.5388628919039959,enet:pooled
2021-06,-0.004160389032771729,-0.005196550888395586,0.5180809278119279,enet:pooled
2021-07,0.003762936146743011,0.0027663540634367653,0.4982910416531231,enet:pooled
2021-08,-0.0007536227975940744,-0.0016857036273347737,0.4660404148703497,enet:pooled
2021-09,0.007448631539697298,0.0064579774371115485,0.4953270512928745,enet:pooled
2021-10,0.0016348798703572922,0.0007205011913817207,0.45718933948778595,enet:pooled
2021-11,0.005228912329022277,0.004322420457881135,0.4532459355705712,enet:pooled
2021-12,0.008955931555642267,0.007895171675819372,0.530379939911446,enet:pooled
2022-01,0.011463515269507885,0.010619144352781761,0.4221854583630625,enet:pooled
2022-02,0.008280403374180838,0.00748234765112698,0.3990278615269281,enet:pooled
2022-03,0.008659496553377223,0.007784424799768125,0.4375358768045492,enet:pooled
2022-04,0.010754845153783131,0.0099502590471455,0.4022930533188143,enet:pooled
2022-05,0.003999438815101452,0.0032044434443645677,0.39749768536844154,enet:pooled
2022-06,0.001318162652472301,0.00044790979206759947,0.4351264302023505,enet:pooled
2022-07,-0.004772779610389006,-0.005659069396452378,0.44314489303168575,enet:pooled
2022-08,-0.0012472658558854422,-0.0021715645731790125,0.46214935864678525,enet:pooled
2022-09,0.006023059708780253,0.005194169692539736,0.41444500812025886,enet:pooled
2022-10,0.005083095528102968,0.004259312736309937,0.411891395896515,enet:pooled
2022-11,-0.005630996856332772,-0.006528072522226316,0.44853783294677146,enet:pooled
2022-12,0.005510006924132092,0.00449965534241984,0.5051757908561259,enet:pooled
2023-01,0.0009982989661843826,0.0001338098952711945,0.43224453545659397,enet:pooled
2023-02,0.00635292329541683,0.0055005472024925095,0.42618804646215996,enet:pooled
2023-03,0.0034443224469270037,0.002750535273488807,0.34689358671909853,enet:pooled
2023-04,-0.0005526110012981464,-0.001373057785452274,0.4102233920770638,enet:pooled
2023-05,-0.0019165066959022888,-0.0026734736899134224,0.3784834970055668,enet:pooled
2023-06,0.0019577030026668146,0.0011672706466617875,0.39521617800251363,enet:pooled
2023-07,0.0037646337001042726,0.002918451896497323,0.4230909018034751,enet:pooled
2023-08,0.0017056605521630164,0.0008505091679787435,0.4275756920921365,enet:pooled
2023-09,0.009896006969177633,0.009080686987514906,0.40765999083136334,enet:pooled
2023-10,0.007802316823594769,0.00712551139549772,0.3384027140485242,enet:pooled
2023-11,-0.008267174018743693,-0.009018327868307047,0.3755769247816779,enet:pooled
2023-12,0.003537416457577644,0.002601610805553336,0.46790282601215394,enet:pooled
2024-01,0.009255487248614497,0.008428463432453947,0.41351190808027494,enet:pooled
2024-02,5.539322457972967e-05,-0.000788169076539768,0.4217811505597488,enet:pooled
2024-03,0.0036847270819478774,0.0027932976375044925,0.44571472222169234,enet:pooled
2024-04,2.865648849889641e-05,-0.0008373896742761588,0.43302308138752754,enet:pooled
2024-05,0.001893615558720277,0.0010486422380199954,0.4224866603501409,enet:pooled
2024-06,0.00014296490017084464,-0.0006684527824747905,0.4057088413228177,enet:pooled
2024-07,0.0004588321602374021,-0.00034609823658745257,0.4024651984124273,enet:pooled
2024-08,0.0029928369319339758,0.002184056198915096,0.4043903665094399,enet:pooled
2024-09,0.0004135281937320132,-0.0003770044782914466,0.39526633601172995,enet:pooled
2024-10,0.0038301579324413,0.0029993395972739436,0.4154091675836782,enet:pooled
2024-11,0.009725205677136129,0.008903301959500398,0.41095185881786533,enet:pooled
2024-12,0.0019509883685920445,0.001124364873187636,0.4133117477022042,enet:pooled
2025-01,0.001450762668650126,0.0007521763881942103,0.34929314022795777,enet:pooled
2025-02,0.004258962129604307,0.0034372614519755013,0.41085033881440275,enet:pooled
2025-03,0.005791685282881576,0.0050298646162974785,0.3809103332920488,enet:pooled
2025-04,-0.0024334026719160253,-0.0031806239441428408,0.373610636113408,enet:pooled
2025-05,-0.0010348190954270276,-0.0018787395634911506,0.42196023403206157,enet:pooled
2025-06,-0.0013581088963816222,-0.00217251849265986,0.4072047981391188,enet:pooled
2025-07,-0.0007836880656963631,-0.0015012759005001988,0.35879391740191785,enet:pooled
2025-08,0.0020369851041334344,0.0012042481467814496,0.41636847867599247,enet:pooled
2025-09,0.003975825319519364,0.003101649247700208,0.437088035909578,enet:pooled
2025-10,0.008843537514723741,0.00798613900809786,0.42869925331294123,enet:pooled
2025-11,0.002008083382097708,0.001094283259597353,0.4569000612501775,enet:pooled
2025-12,0.009481795619119134,0.008603727379019023,0.4390341200500554,enet:pooled
2000-01,0.006616122853055451,0.006616122853055451,0.0,fmom:rule
2000-02,0.009673046726230209,0.009241030423590734,0.21600815131973766,fmom:rule
2000-03,0.00426293907792182,0.003883866392827551,0.18953634254713475,fmom:rule
2000-04,-0.01904572397915564,-0.019497428753858157,0.22585238735125907,fmom:rule
2000-05,0.0011793356299068932,0.00037608386952837057,0.4016258801892611,fmom:rule
2000-06,-0.0032462057859887587,-0.0037915383926939044,0.27266630335257286,fmom:rule
2000-07,0.004878622508693365,0.0042812626590859205,0.2986799248037221,fmom:rule
2000-08,-0.0007180657988032753,-0.001113526247774153,0.19773022448543898,fmom:rule
2000-09,0.00280700090492071,0.002402523859500543,0.2022385227100836,fmom:rule
2000-10,-0.0034276646410003695,-0.00385865168328901,0.21549352114432024,fmom:rule
2000-11,0.006848214873607216,0.006393867317239885,0.22717377818366558,fmom:rule
2000-12,0.0004707424240609889,-0.00019151057056537944,0.331126497313184,fmom:rule
2001-01,-0.0058081913866513245,-0.006601549922639387,0.396679267994031,fmom:rule
2001-02,0.007209302477589986,0.006555435329162684,0.3269335742136506,fmom:rule
2001-03,0.011500500340405437,0.010856607099039052,0.3219466206831925,fmom:rule
2001-04,0.0010741903625343437,0.000610828173949931,0.23168109429220649,fmom:rule
2001-05,0.006269745763105831,0.00561334116078193,0.3282023011619507,fmom:rule
2001-06,0.004248787336437502,0.0037787336820350034,0.23502682720124932,fmom:rule
2001-07,0.002171683142838607,0.001830784454137411,0.17044934435059822,fmom:rule
2001-08,0.000395668417714945,-9.275300447254843e-05,0.2442107110937468,fmom:rule
2001-09,0.017154651048987866,0.016705761403242012,0.2244448228729252,fmom:rule
2001-10,-0.012579224832046482,-0.013112990943374099,0.26688305566380915,fmom:rule
2001-11,-0.01255770323454378,-0.013090014311127544,0.2661555382918823,fmom:rule
2001-12,0.0035404826952914635,0.0028981821529626083,0.3211502711644274,fmom:rule
2002-01,0.0020324541149288186,0.0015159955206407569,0.25822929714403065,fmom:rule
2002-02,0.010818066660683747,0.010214915892065872,0.30157538430893793,fmom:rule
2002-03,0.007704067143167933,0.007176897207843471,0.2635849676622304,fmom:rule
2002-04,0.006694081078923569,0.0060291355862679774,0.332472746327796,fmom:rule
2002-05,-0.00014138920167309834,-0.0007629361606528731,0.31077347948988726,fmom:rule
2002-06,0.01229136484439066,0.011712969582664193,0.28919763086323325,fmom:rule
2002-07,0.0012724332870071432,0.0009611993578988076,0.1556169645541678,fmom:rule
2002-08,0.005538369764646211,0.005089791237355602,0.22428926364530502,fmom:rule
2002-09,0.0018132900067536822,0.0012952228170959308,0.2590335948288761,fmom:rule
2002-10,0.003580533066321294,0.003142884754624496,0.2188241558483987,fmom:rule
2002-11,0.002415876683126333,0.0018491360169715014,0.28337033307741577,fmom:rule
2002-12,0.012316553399566912,0.011754556202317417,0.28099859862474685,fmom:rule
2003-01,0.003123795062311006,0.002713471758475856,0.20516165191757477,fmom:rule
2003-02,0.005701202519753086,0.00511520796045581,0.29299727964863814,fmom:rule
2003-03,0.006894612200047767,0.006538794834114919,0.17790868296642376,fmom:rule
2003-04,-0.007394579012175882,-0.007966406781596016,0.28591388471006746,fmom:rule
2003-05,0.002777114149561992,0.002044167607131267,0.36647327121536266,fmom:rule
2003-06,0.0022118208479671568,0.0017308099601637706,0.24050544390169326,fmom:rule
2003-07,0.0006100694700490418,4.323491069183104e-05,0.2834172796786054,fmom:rule
2003-08,0.005560263483089943,0.004943468410830761,0.3083975361295909,fmom:rule
2003-09,-0.00407929436781766,-0.0047849551525630946,0.3528303923727171,fmom:rule
2003-10,0.01062797471773024,0.010202312245558546,0.2128312360858471,fmom:rule
2003-11,0.008310284531743973,0.007871892870416742,0.21919583066361534,fmom:rule
2003-12,0.0034340386252408642,0.0030121002650746577,0.21096918008310345,fmom:rule
2004-01,-0.0014798850171611826,-0.001993012909796985,0.2565639463179014,fmom:rule
2004-02,0.0022372428929782985,0.001737214106875331,0.2500143930514838,fmom:rule
2004-03,0.0010148688089118925,0.0005788068427057685,0.21803098310306201,fmom:rule
2004-04,0.003627810205818355,0.0032379441121118983,0.1949330468532282,fmom:rule
2004-05,-0.0014178660587071228,-0.0019901375703800773,0.2861357558364771,fmom:rule
2004-06,0.002665124834057392,0.0022000138662074138,0.23255548392498923,fmom:rule
2004-07,0.0062789573765415505,0.005801262105139718,0.23884763570091624,fmom:rule
2004-08,0.0010691461169318392,0.000624817036468414,0.22216454023171225,fmom:rule
2004-09,0.004712433547140539,0.004240486609987059,0.23597346857673965,fmom:rule
2004-10,0.0009075016310237014,0.0004295426332974431,0.23897949886312897,fmom:rule
2004-11,0.0008018842414769661,0.0002111907713255915,0.29534673507568737,fmom:rule
2004-12,0.007248536473784455,0.006761174415477092,0.24368102915368137,fmom:rule
2005-01,-0.000708799528602005,-0.001367565132038681,0.329382801718338,fmom:rule
2005-02,0.013761188989371982,0.01327369840507676,0.24374529214761068,fmom:rule
2005-03,0.00634147301880505,0.005845319931196682,0.24807654380418312,fmom:rule
2005-04,0.013245071793668392,0.012881795124074653,0.18163833479686878,fmom:rule
2005-05,-0.014959661609422343,-0.01535565014500651,0.19799426779208448,fmom:rule
2005-06,-0.002122976059474579,-0.002472758756272753,0.17489134839908707,fmom:rule
2005-07,0.01168415435249549,0.011239170342829653,0.222492004832918,fmom:rule
2005-08,-0.0038700955541701126,-0.0042526617473096105,0.19128309656974865,fmom:rule
2005-09,0.0025788226010807895,0.002097382744617342,0.24071992823172372,fmom:rule
2005-10,8.064761878022616e-05,-0.0004255820436792957,0.253114831229761,fmom:rule
2005-11,0.004970585223287738,0.004517583346145378,0.2265009385711797,fmom:rule
2005-12,-0.002078491903833772,-0.00260638241402368,0.2639452550949538,fmom:rule
2006-01,0.0011525846514056682,0.0006718206438984132,0.24038200375362742,fmom:rule
2006-02,-0.0031289065825722308,-0.0038306518134609935,0.35087261544438136,fmom:rule
2006-03,-0.007414760953952154,-0.008047679024002262,0.31645903502505335,fmom:rule
2006-04,0.0025506737879743284,0.00188462652879077,0.33302362959177917,fmom:rule
2006-05,-0.0007562175443655003,-0.0013049859073610988,0.27438418149779953,fmom:rule
2006-06,-0.0003025179852638018,-0.0007180160519674082,0.2077490333518032,fmom:rule
2006-07,0.0016533210857627354,0.0008765251358935874,0.38839797493457395,fmom:rule
2006-08,-0.0026960970069137007,-0.003218436046426147,0.2611695197562234,fmom:rule
2006-09,-0.0018476124873752432,-0.002482368734420904,0.3173781235228303,fmom:rule
2006-10,-0.003780299744397503,-0.004395928619857937,0.30781443773021716,fmom:rule
2006-11,-0.0005398081091020992,-0.0010964562684632505,0.27832407968057565,fmom:rule
2006-12,0.0014598340558983017,0.0007472243279667825,0.35630486396575956,fmom:rule
2007-01,0.0038962217183416597,0.003254985880895455,0.32061791872310225,fmom:rule
2007-02,0.000592509578386837,-0.00027050831014897674,0.43150894426790676,fmom:rule
2007-03,0.0016745828145692853,0.0010951502820631721,0.28971626625305646,fmom:rule
2007-04,0.0022613838324967,0.0016354874012508268,0.3129482156229368,fmom:rule
2007-05,0.00015448916808244987,-0.0005289788959237434,0.3417340320030967,fmom:rule
2007-06,-0.0019988251867110807,-0.0026964411944972295,0.3488080038930742,fmom:rule
2007-07,1.4805121268085685e-05,-0.0006944422418753776,0.3546236815717315,fmom:rule
2007-08,-0.0038076117034526774,-0.004462264033794385,0.327326165170854,fmom:rule
2007-09,0.0006502276679839044,9.918321767860006e-05,0.2755222251526521,fmom:rule
2007-10,0.006854141238921603,0.006141992021424201,0.3560746087487009,fmom:rule
2007-11,0.0001583447613352541,-0.000456148519782503,0.30724664055887857,fmom:rule
2007-12,0.0031603138384738486,0.0026070160269362065,0.27664890576882084,fmom:rule
2008-01,-0.002326514297352126,-0.002886860826208087,0.2801732644279803,fmom:rule
2008-02,0.004709595245028624,0.004127503484626573,0.2910458802010256,fmom:rule
2008-03,-0.0007657003486061142,-0.0012859036280519747,0.26010163972293043,fmom:rule
2008-04,-0.00043674748434086106,-0.0009032414672613717,0.2332469914602553,fmom:rule
2008-05,0.002491441478291096,0.001893684860687239,0.2988783088019286,fmom:rule
2008-06,0.005527916684596028,0.005053810162127154,0.2370532612344372,fmom:rule
2008-07,-0.011861014602989923,-0.01227853662696345,0.20876101198676308,fmom:rule
2008-08,-0.0007701940008510739,-0.0013447350453816376,0.28727052226528166,fmom:rule
2008-09,0.0036978820308571133,0.0033291742376013313,0.18435389662789092,fmom:rule
2008-10,0.01591320153760661,0.015254224387874861,0.3294885748658731,fmom:rule
2008-11,0.013391351178177554,0.012743298614015873,0.32402628208084017,fmom:rule
2008-12,-0.0036004825680671874,-0.004116332336372798,0.257924884152805,fmom:rule
2009-01,0.0020952413224678518,0.0016793229788642958,0.20795917180177803,fmom:rule
2009-02,-0.0023413163353196136,-0.002850473382775561,0.25457852372797396,fmom:rule
2009-03,-0.007766833116204692,-0.008238290181597337,0.2357285326963227,fmom:rule
2009-04,-0.0263485499233136,-0.02679802606166318,0.22473806917478906,fmom:rule
2009-05,-0.011218405023981885,-0.01189500820424494,0.33830159013152855,fmom:rule
2009-06,-0.002322463268230115,-0.002990595573053989,0.3340661524119371,fmom:rule
2009-07,0.006209054819025858,0.00572090933423085,0.24407274239750407,fmom:rule
2009-08,5.009334521870379e-05,-0.0005222529743434931,0.2861731597810984,fmom:rule
2009-09,-0.0005575020865525239,-0.0010241942803348948,0.23334609689118543,fmom:rule
2009-10,-0.0019837083209265365,-0.002500541550648869,0.2584166148611664,fmom:rule
2009-11,0.003487206202722827,0.0029809250617795716,0.25314057047162775,fmom:rule
2009-12,-0.0010248058563237057,-0.001513002547602922,0.24409834563960828,fmom:rule
2010-01,0.0009395154383325587,0.0004960357479617569,0.22173984518540088,fmom:rule
2010-02,-0.0023141288877408517,-0.0028015672195308965,0.24371916589502243,fmom:rule
2010-03,0.003197428714339382,0.0027428286445210035,0.22730003490918935,fmom:rule
2010-04,0.0003076907935398832,-0.00016954988062440306,0.2386203370821433,fmom:rule
2010-05,0.0017099145269646372,0.00109245295673769,0.30873078511347374,fmom:rule
2010-06,0.004806180362452294,0.004065349676559405,0.3704153429464449,fmom:rule
2010-07,-0.00023432844745225622,-0.0006147557081318951,0.19021363033981942,fmom:rule
2010-08,0.004720288762699788,0.004160412202241789,0.27993828022899975,fmom:rule
2010-09,0.0028575808936644725,0.0023256652642254243,0.2659578147195241,fmom:rule
2010-10,0.002774829985343746,0.0022614016859788264,0.2567141496824597,fmom:rule
2010-11,0.006212650574279768,0.0057584364508355464,0.2271070617221109,fmom:rule
2010-12,0.003217934300475173,0.002778677859783485,0.2196282203458442,fmom:rule
2011-01,0.0015255050451147291,0.0010566462715730814,0.23442938677082406,fmom:rule
2011-02,0.0021904004112751375,0.0017235379086242269,0.2334312513254552,fmom:rule
2011-03,0.000655862551714192,0.00021922878117289495,0.21831688527064844,fmom:rule
2011-04,0.005981941037540116,0.005594283063141131,0.19382898719949296,fmom:rule
2011-05,0.0035255653434483163,0.0031506212086954595,0.18747206737642866,fmom:rule
2011-06,0.0030089768945726477,0.002687934719081667,0.16052108774549034,fmom:rule
2011-07,0.007596904453465343,0.007242332873080707,0.17728579019231697,fmom:rule
2011-08,0.00587803942640093,0.005462335892060326,0.20785176717030177,fmom:rule
2011-09,0.0034663538578823907,0.003045289222793867,0.2105323175442618,fmom:rule
2011-10,-0.001758926601370182,-0.0022171514967868817,0.22911244770835,fmom:rule
2011-11,0.006149924168796615,0.00565000275519595,0.2499607068003321,fmom:rule
2011-12,0.0059041959888806155,0.005447162356534804,0.22851681617290595,fmom:rule
2012-01,-0.018331698485569838,-0.01893555823350072,0.3019298739654418,fmom:rule
2012-02,-0.00018006185466188708,-0.000691901888562539,0.25592001695032557,fmom:rule
2012-03,0.009887760940865273,0.009343312999023868,0.27222397092070205,fmom:rule
2012-04,0.008721798292903614,0.008103311837741834,0.30924322758089046,fmom:rule
2012-05,0.006311371333250204,0.005832316637189547,0.23952734803032813,fmom:rule
2012-06,0.0019085659106304232,0.0014769140056489663,0.21582595249072867,fmom:rule
2012-07,0.005251676887584831,0.004784204477191991,0.2337362051964202,fmom:rule
2012-08,0.0037355830167899325,0.003316119764006699,0.2097316263916167,fmom:rule
2012-09,-0.002339768223069101,-0.00275883356073817,0.20953266883453445,fmom:rule
2012-10,0.00534005489835709,0.004882931174001924,0.22856186217758243,fmom:rule
2012-11,0.003806139478405433,0.003322486399299959,0.2418265395527371,fmom:rule
2012-12,-0.00010603126861644979,-0.0005402085832115002,0.2170886572975251,fmom:rule
2013-01,0.002712347136035453,0.002321863953163642,0.19524159143590508,fmom:rule
2013-02,0.007260096759113445,0.00665592275190945,0.30208700360199703,fmom:rule
2013-03,0.006672085666791028,0.006153935295444142,0.25907518567344295,fmom:rule
2013-04,0.010655105904564931,0.010216043227401325,0.2195313385818042,fmom:rule
2013-05,0.0016026592366288062,0.0011819436540665828,0.21035779128111157,fmom:rule
2013-06,0.0007039779879153686,0.00024638354050788967,0.22879722370373962,fmom:rule
2013-07,0.010953913872086898,0.010465548020803786,0.24418292564155586,fmom:rule
2013-08,-0.0056291818178809535,-0.00608047455859663,0.22564637035783788,fmom:rule
2013-09,0.0012450501742614858,0.0007847775406473817,0.23013631680705188,fmom:rule
2013-10,-0.00474149076022791,-0.005139161436130112,0.19883533795110084,fmom:rule
2013-11,0.0013876881948511647,0.0009103105911863814,0.23868880183239163,fmom:rule
2013-12,0.002217543716982152,0.0018297409259830227,0.19390139549956456,fmom:rule
2014-01,0.008588039577624653,0.008175424143075646,0.20630771727450384,fmom:rule
2014-02,0.004140630431204248,0.0037486043393353753,0.196013045934436,fmom:rule
2014-03,-0.00458417166650157,-0.004940529979335633,0.17817915641703205,fmom:rule
2014-04,-0.003924264197051191,-0.004380274424201197,0.2280051135750025,fmom:rule
2014-05,-0.0021450133929632694,-0.002727852830844911,0.2914197189408207,fmom:rule
2014-06,-0.0027562139727993202,-0.003362777161758146,0.3032815944794127,fmom:rule
2014-07,0.0021402398250829013,0.001638018410604152,0.2511107072393747,fmom:rule
2014-08,0.0008374553904661725,0.0002289407241280551,0.3042573331690588,fmom:rule
2014-09,-0.0004741030203596206,-0.000998308161854652,0.2621025707475156,fmom:rule
2014-10,0.0038088913708412566,0.00331520620813143,0.24684258135491358,fmom:rule
2014-11,0.0015884768493426684,0.0011557864563972427,0.2163451964727128,fmom:rule
2014-12,0.003387276550589968,0.0029426591279340083,0.2223087113279796,fmom:rule
2015-01,0.005419942192198823,0.004936202350306145,0.24186992094633888,fmom:rule
2015-02,-0.0009909489492759974,-0.0014743405074459765,0.24169577908498968,fmom:rule
2015-03,0.007395623241048044,0.006980313468836223,0.20765488610591062,fmom:rule
2015-04,-0.009154631751864144,-0.009696994240164776,0.27118124415031536,fmom:rule
2015-05,0.0031695182366292874,0.0025910337209083794,0.2892422578604539,fmom:rule
2015-06,0.005477912883323428,0.0049772040383692815,0.2503544224770728,fmom:rule
2015-07,0.0070460173680676075,0.006586243405857341,0.22988698110513375,fmom:rule
2015-08,0.008706382228094804,0.00823470799567669,0.23583711620905762,fmom:rule
2015-09,0.004755506578520506,0.0043785510335382265,0.18847777249113942,fmom:rule
2015-10,-0.007145055604792862,-0.007502330981224307,0.17863768821572223,fmom:rule
2015-11,0.007788687604349844,0.007384321493759056,0.20218305529539404,fmom:rule
2015-12,0.0008694151447602184,0.0004753663239832775,0.19702441038847024,fmom:rule
2016-01,0.000876708512331326,0.00048575758046591775,0.19547546593270404,fmom:rule
2016-02,-0.006645460450649142,-0.0070831850382993755,0.2188622938251168,fmom:rule
2016-03,-0.01322563550487296,-0.013748951434877598,0.26165796500231864,fmom:rule
2016-04,0.0029055964914219377,0.0022380882770764734,0.33375410717273213,fmom:rule
2016-05,0.0023822251262839342,0.0018450931408298022,0.26856599272706605,fmom:rule
2016-06,0.0011068687506150562,0.0006526170036178306,0.2271258734986127,fmom:rule
2016-07,0.0009950238111238409,0.0005220514356818072,0.23648618772101684,fmom:rule
2016-08,0.0015637611609017293,0.0009685903825201651,0.2975853891907819,fmom:rule
2016-09,0.0017100720446935386,0.0011365858635558003,0.2867430905688692,fmom:rule
2016-10,0.003346017670905319,0.0029092889830128017,0.21836434394625878,fmom:rule
2016-11,-0.004160563745705109,-0.0047247340217526435,0.2820851380237675,fmom:rule
2016-12,0.0002739719572208433,-0.0003233367379177694,0.2986543475693064,fmom:rule
2017-01,0.006523178619178738,0.006045149543653397,0.23901453776267048,fmom:rule
2017-02,-0.001719896566851194,-0.0022575054458002933,0.26880443947454974,fmom:rule
2017-03,-4.9213909282946075e-05,-0.0006594324104519678,0.3051092505845109,fmom:rule
2017-04,-0.0027999641793377095,-0.003414195232284329,0.30711552647331,fmom:rule
2017-05,0.0015618303614877193,0.0010575440829285775,0.2521431392795709,fmom:rule
2017-06,-0.00015449933993966287,-0.0006462459438586409,0.24587330195948898,fmom:rule
2017-07,0.00396414660323728,0.003442325259851833,0.2609106716927236,fmom:rule
2017-08,0.000870003154645644,0.00043518446338226526,0.21740934563168932,fmom:rule
2017-09,-0.004958187053113916,-0.00539787534077784,0.2198441438319616,fmom:rule
2017-10,0.0030480917775311408,0.0025881618595008614,0.22996495901513977,fmom:rule
2017-11,0.002263396126739753,0.0016545271064044443,0.3044345101676542,fmom:rule
2017-12,0.0012743561327089646,0.0007086754980875483,0.2828403173107084,fmom:rule
2018-01,0.001813006647483348,0.0012394219123326368,0.28679236757535564,fmom:rule
2018-02,0.0021335951741051087,0.0015699388563004415,0.2818281589023333,fmom:rule
2018-03,0.00022916540641987305,-0.00032712971623497736,0.2781475613274251,fmom:rule
2018-04,0.004715681217002701,0.004257931695961661,0.2288747605205198,fmom:rule
2018-05,0.0057756551851786304,0.005281336584661375,0.24715930025862767,fmom:rule
2018-06,0.00041772661608757667,-4.630936250355176e-05,0.23201798929556422,fmom:rule
2018-07,0.0032273137622411117,0.002802737093651147,0.21228833429498215,fmom:rule
2018-08,0.006027062721913709,0.005617793242999239,0.20463473945723526,fmom:rule
2018-09,0.00949411515206982,0.009095002617274493,0.19955626739766316,fmom:rule
2018-10,-0.0002072381618958917,-0.0006409414376130334,0.21685163785857098,fmom:rule
2018-11,-0.005281803310560901,-0.005706023936464524,0.21211031295181176,fmom:rule
2018-12,0.000225514913685043,-0.00023021700315502071,0.22786595842003213,fmom:rule
2019-01,0.0021877736052225024,0.001761386372332128,0.21319361644518706,fmom:rule
2019-02,-0.004739763261288344,-0.005211130930483034,0.23568383459734496,fmom:rule
2019-03,0.0015369617884117759,0.0011653855457586567,0.1857881213265595,fmom:rule
2019-04,0.0011513299468513124,0.000688276572413465,0.23152668721892394,fmom:rule
2019-05,-0.00021802679405080437,-0.000706229374869312,0.24410129040925407,fmom:rule
2019-06,0.0023874926891821785,0.0018545042285821216,0.26649423030002856,fmom:rule
2019-07,0.0006888308960327617,0.00026487398107685533,0.21197845747795319,fmom:rule
2019-08,0.0020290137766857163,0.0014531539285593108,0.28792992406320267,fmom:rule
2019-09,0.0011928078975888372,0.0006576441656273856,0.26758186598072586,fmom:rule
2019-10,0.0033107257326275147,0.0027330198823548816,0.28885292513631655,fmom:rule
2019-11,7.363032931611063e-05,-0.0004498453409650422,0.26173783514057636,fmom:rule
2019-12,0.005417928927937208,0.004860554274063344,0.2786873269369324,fmom:rule
2020-01,0.005211325673852549,0.004780521797156765,0.21540193834789137,fmom:rule
2020-02,0.0020167088168384782,0.0014742096563057914,0.27124958026634355,fmom:rule
2020-03,0.0045199716917492016,0.004062450655898318,0.22876051792544194,fmom:rule
2020-04,-0.001429297534948934,-0.002097454464866094,0.3340784649585794,fmom:rule
2020-05,0.0023842520160890644,0.0017957956192250948,0.2942281984319849,fmom:rule
2020-06,-0.0029381125779252104,-0.003375272365762829,0.21857989391880953,fmom:rule
2020-07,0.017780758027593883,0.017344901558272344,0.21792823466076838,fmom:rule
2020-08,-0.001456326082070598,-0.0018808438098143131,0.21225886387185744,fmom:rule
2020-09,-0.0006066400128252271,-0.0009891697282673022,0.1912648577210376,fmom:rule
2020-10,0.0008000703570373827,0.0004231040274253408,0.188483164806021,fmom:rule
2020-11,-0.018552230266286072,-0.018908715596625623,0.1782426651697753,fmom:rule
2020-12,-0.0032303704842580844,-0.0037849786456376003,0.27730408068975804,fmom:rule
2021-01,0.004786048289308163,0.004352431338959623,0.21680847517427004,fmom:rule
2021-02,-0.0008133688401981165,-0.0012045079925527974,0.1955695761773404,fmom:rule
2021-03,-0.00023196842504589465,-0.0007595713642305935,0.2638014695923494,fmom:rule
2021-04,0.00665400017406915,0.0060515981850416236,0.30120099451376353,fmom:rule
2021-05,-0.0017130639466967886,-0.0022915118445907823,0.2892239489469968,fmom:rule
2021-06,0.0021029768004611673,0.0016878484889399346,0.20756415576061632,fmom:rule
2021-07,0.0017592385580243938,0.0013247749140004787,0.21723182201195748,fmom:rule
2021-08,-0.002127339061960575,-0.002607276117079436,0.23996852755943035,fmom:rule
2021-09,0.003981088885332854,0.0035193308773289367,0.23087900400195832,fmom:rule
2021-10,0.001780077816866564,0.0012908655788460939,0.24460611901023485,fmom:rule
2021-11,-0.0016305785446691604,-0.0019969298431368014,0.18317564923382054,fmom:rule
2021-12,0.0027326674636067353,0.002121280181732525,0.305693640937105,fmom:rule
2022-01,0.007471534807113363,0.006899540429480442,0.28599718881646113,fmom:rule
2022-02,0.007248404049045845,0.006802428767703586,0.22298764067112956,fmom:rule
2022-03,0.005086892167705485,0.004688072156631468,0.19941000553700883,fmom:rule
2022-04,0.007704919730137463,0.0072773690346649815,0.21377534773624063,fmom:rule
2022-05,-0.0005424133890842455,-0.0009944470472775283,0.22601682909664111,fmom:rule
2022-06,0.0007011261910711118,0.0002685850560547204,0.21627056750819573,fmom:rule
2022-07,-0.0023333458237362794,-0.0027589823041649676,0.2128182402143442,fmom:rule
2022-08,-0.0010562814483489752,-0.0014339045080817249,0.1888115298663747,fmom:rule
2022-09,0.0017044448634703445,0.0012970281971000108,0.20370833318516676,fmom:rule
2022-10,0.00369666070862941,0.0031864378433601004,0.2551114326346548,fmom:rule
2022-11,-0.0026020542875170474,-0.003119880404543401,0.2589130585131768,fmom:rule
2022-12,0.005810562669211213,0.005327325664169866,0.24161850252067352,fmom:rule
2023-01,-0.001151665672804545,-0.0015700316232399856,0.2091829752177203,fmom:rule
2023-02,0.004219702228981757,0.0037561999935847436,0.23175111769850698,fmom:rule
2023-03,-0.0014530193386524672,-0.0019529525733718175,0.24996661735967524,fmom:rule
2023-04,-0.0003096271793564004,-0.0008288375356309149,0.2596051781372572,fmom:rule
2023-05,-0.002147062019150325,-0.0026618890640818424,0.2574135224657587,fmom:rule
2023-06,-2.7272824341579473e-05,-0.0005094416967637727,0.24108443621109651,fmom:rule
2023-07,0.006959231482414546,0.006423311791399659,0.2679598455074439,fmom:rule
2023-08,0.0011196219962816608,0.0006479862447986162,0.23581787574152235,fmom:rule
2023-09,-0.001086888190714832,-0.0015385241656367282,0.2258179874609481,fmom:rule
2023-10,0.0056315146219749704,0.005153038484249935,0.23923806886251756,fmom:rule
2023-11,-0.002683708793237061,-0.0031988084384588417,0.25754982261089054,fmom:rule
2023-12,0.0032543346988965867,0.002738764543068925,0.2577850779138306,fmom:rule
2024-01,0.006087710380859229,0.00565889996618586,0.21440520733668525,fmom:rule
2024-02,-0.00027450175767873385,-0.0007880142982416412,0.2567562702814536,fmom:rule
2024-03,0.0012296295590621797,0.0007862012426397822,0.2217141582111987,fmom:rule
2024-04,0.0013327545405381657,0.0008240083133139089,0.2543731136121285,fmom:rule
2024-05,0.003154646342722346,0.002653503136140019,0.25057160329116324,fmom:rule
2024-06,0.003717812041017381,0.0032205628679429564,0.2486245865372122,fmom:rule
2024-07,0.000656493337259494,0.00029495945924292013,0.18076693900828683,fmom:rule
2024-08,0.0020408425753149495,0.0015850240649108796,0.227909255202035,fmom:rule
2024-09,-0.0023660566130749845,-0.0027767550644203685,0.20534922567269207,fmom:rule
2024-10,0.0037487383863247514,0.003267175387352962,0.24078149948589464,fmom:rule
2024-11,0.005849497236306681,0.005374300396618777,0.23759841984395252,fmom:rule
2024-12,0.003381354573938174,0.002878612758631626,0.2513709076532739,fmom:rule
2025-01,-0.0009174502965640677,-0.0013248086752851533,0.20367918936054277,fmom:rule
2025-02,0.0026746896848172147,0.0021158990007955607,0.2793953420108269,fmom:rule
2025-03,0.0004364478894069981,-0.00010554936432309497,0.27099862686504644,fmom:rule
2025-04,-0.00035400837999926567,-0.0008691573975278731,0.25757450876430377,fmom:rule
2025-05,-0.0002152307724653032,-0.0007426711229321279,0.26372017523341224,fmom:rule
2025-06,0.002655775943851736,0.002112243080224343,0.2717664318136966,fmom:rule
2025-07,0.002360834992715213,0.0019105362618351016,0.2251493654400557,fmom:rule
2025-08,0.003886094352448095,0.0033329044806179207,0.276594935915087,fmom:rule
2025-09,0.006381540868936636,0.005932754298865131,0.2243932850357526,fmom:rule
2025-10,0.009136386976381076,0.008693344945012973,0.2215210156840519,fmom:rule
2025-11,0.00038329380960068585,-5.078129012745479e-05,0.2170375498640702,fmom:rule
2025-12,0.0067511302683204025,0.006367086885785528,0.19202169126743715,fmom:rule
2000-01,0.008245988202617188,0.008245988202617188,0.0,gbrt:dm_only
2000-02,0.011381132269851742,0.00914287453982605,1.1191288650128468,gbrt:dm_only
2000-03,-0.00409748114414337,-0.006073253527861751,0.98788619185919,gbrt:dm_only
2000-04,0.013165203453308546,0.011009491014902747,1.0778562192028993,gbrt:dm_only
2000-05,0.0010212949405383634,-0.0008901422077423214,0.955718574140342,gbrt:dm_only
2000-06,0.004608952925396251,0.002711323466871123,0.9488147292625637,gbrt:dm_only
2000-07,-0.0006629000706839457,-0.002674275310901541,1.0056876201087974,gbrt:dm_only
2000-08,-0.00593852375745009,-0.007847363917712288,0.954420080131099,gbrt:dm_only
2000-09,0.002750990377315962,0.0007393508204572427,1.0058197784293597,gbrt:dm_only
2000-10,0.004514843029902824,0.0027340261714228382,0.890408429239993,gbrt:dm_only
2000-11,0.008839522479857235,0.007144835971905633,0.8473432539758009,gbrt:dm_only
2000-12,0.004166080999364406,0.0022187619546041835,0.9736595223801111,gbrt:dm_only
2001-01,-0.010715306344887873,-0.012719668754859038,1.0021812049855832,gbrt:dm_only
2001-02,0.009429254076608396,0.007152641832498927,1.1383061220547348,gbrt:dm_only
2001-03,0.017086462826290737,0.014767931400207032,1.1592657130418524,gbrt:dm_only
2001-04,0.0018622347573931195,-0.00017593752243046698,1.0190861399117932,gbrt:dm_only
2001-05,0.013096221710423534,0.011079790410145677,1.0082156501389286,gbrt:dm_only
2001-06,-0.0012333654192990117,-0.0029608420564379945,0.8637383185694912,gbrt:dm_only
2001-07,0.01775626617018134,0.015785745697229858,0.9852602364757419,gbrt:dm_only
2001-08,-0.00489018930287216,-0.0066729692687895565,0.8913899829586983,gbrt:dm_only
2001-09,0.007683471479251803,0.0055770716461473035,1.0531999165522496,gbrt:dm_only
2001-10,-0.0030496394595610557,-0.005021051615005168,0.9857060777220562,gbrt:dm_only
2001-11,0.005312471093850478,0.0031381312831934177,1.087169905328529,gbrt:dm_only
2001-12,0.011426925912569896,0.009281453893001272,1.0727360097843126,gbrt:dm_only
2002-01,3.120978465406933e-05,-0.0019625394290327417,0.9968746068434056,gbrt:dm_only
2002-02,0.008487052525597281,0.006798001064530315,0.8445257305334825,gbrt:dm_only
2002-03,0.011712795602840748,0.010231734029386725,0.7405307867270116,gbrt:dm_only
2002-04,0.010572017454305882,0.009169773822377785,0.701121815964049,gbrt:dm_only
2002-05,0.007128825050455028,0.0057528842190706355,0.6879704156921963,gbrt:dm_only
2002-06,0.009733876567226352,0.008441042799737867,0.6464168837442423,gbrt:dm_only
2002-07,0.0030696312055172414,0.0017405045940487042,0.6645633057342687,gbrt:dm_only
2002-08,-0.0015646546343493592,-0.002956946161599138,0.6961457636248892,gbrt:dm_only
2002-09,0.012175851255574188,0.010725476878686463,0.7251871884438627,gbrt:dm_only
2002-10,0.00023016224538688416,-0.0010564303703135848,0.6432963078502348,gbrt:dm_only
2002-11,-0.0012397519779369223,-0.00287980973374975,0.8200288779064135,gbrt:dm_only
2002-12,0.0016135783483660062,0.00017121943535599777,0.7211794565050045,gbrt:dm_only
2003-01,-0.0011480598079147983,-0.0025486711885792076,0.7003056903322044,gbrt:dm_only
2003-02,0.0050842092974913485,0.004046597284369916,0.5188060065607166,gbrt:dm_only
2003-03,0.010741232551422222,0.009847000342416963,0.4471161045026285,gbrt:dm_only
2003-04,-0.003761860447520103,-0.004523248802544523,0.38069417751220935,gbrt:dm_only
2003-05,-0.0017594408640356355,-0.0029290939744629476,0.5848265552136561,gbrt:dm_only
2003-06,0.0064504636989114765,0.005250018259018339,0.6002227199465685,gbrt:dm_only
2003-07,0.010592806187498301,0.00943622043479454,0.5782928763518815,gbrt:dm_only
2003-08,0.0065408301491911135,0.00537534004836186,0.5827450504146264,gbrt:dm_only
2003-09,0.0006571163349910849,-0.0006618677971371509,0.6594920660641178,gbrt:dm_only
2003-10,0.013241024604120893,0.011988210290091929,0.6264071570144819,gbrt:dm_only
2003-11,0.001158988889809486,-8.405638556545174e-05,0.6215226376874687,gbrt:dm_only
2003-12,0.007884281547889279,0.0065956771763872515,0.6443021857510134,gbrt:dm_only
2004-01,-0.006857394974504313,-0.008179402984393108,0.6610040049443973,gbrt:dm_only
2004-02,0.001014787038069005,-0.000404666975204477,0.7097270066367409,gbrt:dm_only
2004-03,0.0026010399765071385,0.00133467435923681,0.6331828086351644,gbrt:dm_only
2004-04,0.0019299350956363459,0.0005815504617543031,0.6741923169410212,gbrt:dm_only
2004-05,-0.0013972966624190965,-0.0027229258405544227,0.6628145890676632,gbrt:dm_only
2004-06,0.0037836339941954185,0.002508253138467638,0.6376904278638902,gbrt:dm_only
2004-07,0.0058282045953507175,0.004574677872474221,0.626763361438248,gbrt:dm_only
2004-08,0.0045787700719828045,0.00354398527232476,0.5173923998290224,gbrt:dm_only
2004-09,0.004562889806344887,0.003486982058717966,0.5379538738134606,gbrt:dm_only
2004-10,0.01156897604104521,0.010468567536128471,0.5502042524583695,gbrt:dm_only
2004-11,0.006397988632924172,0.005399025131904085,0.4994817505100435,gbrt:dm_only
2004-12,0.009528611913747664,0.008375242163024727,0.5766848753614677,gbrt:dm_only
2005-01,-0.0002668583437578304,-0.0014033602617923805,0.568250959017275,gbrt:dm_only
2005-02,0.008790341517048446,0.007846189246780424,0.4720761351340109,gbrt:dm_only
2005-03,0.009194346030538886,0.008219851711502772,0.4872471595180577,gbrt:dm_only
2005-04,0.01565123620773297,0.014655068776071256,0.49808371583085537,gbrt:dm_only
2005-05,-0.011026174952225642,-0.01188311563820114,0.42847034298774855,gbrt:dm_only
2005-06,0.00536083157038485,0.004177522421253681,0.5916545745655847,gbrt:dm_only
2005-07,0.005073801739863914,0.00418620411067541,0.4437988145942522,gbrt:dm_only
2005-08,-0.0008905143927747253,-0.0019218392142846626,0.5156624107549688,gbrt:dm_only
2005-09,0.005943895805756019,0.004794346182827289,0.574774811464365,gbrt:dm_only
2005-10,0.0008012746210184945,-0.00020955063578344637,0.5054126284009705,gbrt:dm_only
2005-11,-0.0023490014994883603,-0.0033580703177246442,0.5045344091181421,gbrt:dm_only
2005-12,-0.0024492710641099325,-0.00369415826601449,0.6224436009522788,gbrt:dm_only
2006-01,-0.0063333200354014465,-0.00749193908762878,0.5793095261136672,gbrt:dm_only
2006-02,0.0026301438982801965,0.0010873316634865094,0.7714061173968437,gbrt:dm_only
2006-03,0.012802457596844891,0.011466111251060472,0.6681731728922091,gbrt:dm_only
2006-04,0.009334410841842316,0.00804891594796753,0.642747446937393,gbrt:dm_only
2006-05,-0.0031589314591039547,-0.004466864915802313,0.6539667283491792,gbrt:dm_only
2006-06,0.011306287535298894,0.010106037909165396,0.6001248130667488,gbrt:dm_only
2006-07,-0.0021174960433863253,-0.003478022373741421,0.680263165177548,gbrt:dm_only
2006-08,-0.00727280468118447,-0.008613508917251437,0.6703521180334832,gbrt:dm_only
2006-09,0.0029447936390545864,0.0014511142591236037,0.7468396899654911,gbrt:dm_only
2006-10,-0.0031512763339303367,-0.004378978503126579,0.6138510845981213,gbrt:dm_only
2006-11,0.010224614425732354,0.008901631696493545,0.6614913646194042,gbrt:dm_only
2006-12,-7.026208820988617e-05,-0.0012328231075223568,0.5812805096562353,gbrt:dm_only
2007-01,0.007742065823014301,0.006475613215015476,0.633226303999412,gbrt:dm_only
2007-02,-0.0012356377692653712,-0.002492956144672472,0.6286591877035503,gbrt:dm_only
2007-03,0.0069867098315588,0.005788165565915039,0.5992721328218802,gbrt:dm_only
2007-04,0.007808217395142392,0.0067095632979304294,0.5493270486059816,gbrt:dm_only
2007-05,0.003694432774725553,0.00257839013559459,0.5580213195654814,gbrt:dm_only
2007-06,-0.002447922128002644,-0.003705578497146881,0.6288281845721183,gbrt:dm_only
2007-07,-0.0009034061458334958,-0.0023394894594802227,0.7180416568233634,gbrt:dm_only
2007-08,6.065174525819959e-05,-0.0012998578440993616,0.6802547946787805,gbrt:dm_only
2007-09,0.0027194317896663263,0.0014004352954510985,0.6594982471076142,gbrt:dm_only
2007-10,0.014134347367552511,0.012874848639567536,0.6297493639924882,gbrt:dm_only
2007-11,0.002851692877092634,0.0016340373108600786,0.6088277831162773,gbrt:dm_only
2007-12,0.00427791894259557,0.0030307896651812043,0.6235646387071828,gbrt:dm_only
2008-01,0.0008758502790487865,-0.0003074454199145819,0.5916478494816844,gbrt:dm_only
2008-02,-0.00025575680741102096,-0.001729271436692668,0.7367573146408232,gbrt:dm_only
2008-03,0.0027884184453962286,0.0014641503447796527,0.662134050308288,gbrt:dm_only
2008-04,0.0036114724673033736,0.0023047431803548397,0.6533646434742669,gbrt:dm_only
2008-05,-0.00020513472099982434,-0.0016422404520253654,0.7185528655127706,gbrt:dm_only
2008-06,0.010952781352673704,0.009719760628088974,0.6165103622923644,gbrt:dm_only
2008-07,-0.008803241371175463,-0.009925924917159256,0.5613417729918958,gbrt:dm_only
2008-08,0.008681037319299924,0.007148220240533073,0.7664085393834257,gbrt:dm_only
2008-09,0.01250092960375538,0.011352746077882088,0.5740917629366469,gbrt:dm_only
2008-10,0.03188035565844178,0.030662252989582615,0.6090513344295819,gbrt:dm_only
2008-11,0.018803936248310504,0.017680372300851163,0.561781973729671,gbrt:dm_only
2008-12,-0.0024689013746185358,-0.003521059329409931,0.5260789773956976,gbrt:dm_only
2009-01,0.0024648902069305317,0.0013034919346178524,0.5806991361563397,gbrt:dm_only
2009-02,0.008583563825318243,0.007341020857303171,0.6212714840075363,gbrt:dm_only
2009-03,-0.009968099048319627,-0.010963774018356768,0.4978374850185708,gbrt:dm_only
2009-04,-0.023180001061514684,-0.024441100539658974,0.6305497390721463,gbrt:dm_only
2009-05,0.00904800344455863,0.0072949220731904985,0.8765406856840658,gbrt:dm_only
2009-06,-0.0049470734119647095,-0.0067014640586740394,0.8771953233546644,gbrt:dm_only
2009-07,0.006287601274062796,0.004429492226468848,0.9290545237969738,gbrt:dm_only
2009-08,0.001973369433469212,0.0003566059073704961,0.8083817630493578,gbrt:dm_only
2009-09,0.005619914309500277,0.004112119285951624,0.7538975117743266,gbrt:dm_only
2009-10,0.002113403317275127,0.0007067196698573539,0.7033418237088866,gbrt:dm_only
2009-11,-0.0001453984628773544,-0.00168285506375039,0.7687283004365177,gbrt:dm_only
2009-12,-0.0029732922015212743,-0.004367037253264735,0.6968725258717308,gbrt:dm_only
2010-01,0.0030222530339915703,0.0015151298453164588,0.7535615943375558,gbrt:dm_only
2010-02,-0.001369254799662994,-0.002813391874862709,0.7220685375998578,gbrt:dm_only
2010-03,-0.003424810473392583,-0.004974156114598481,0.7746728206029488,gbrt:dm_only
2010-04,0.004814790573236216,0.003308788661785493,0.7530009557253614,gbrt:dm_only
2010-05,0.004085287812280515,0.0025537726759767487,0.7657575681518834,gbrt:dm_only
2010-06,0.007254978841007836,0.00596623653024703,0.6443711553804029,gbrt:dm_only
2010-07,0.0001249750289983573,-0.000962500590646545,0.5437378098224511,gbrt:dm_only
2010-08,0.0031060942732740802,0.0018101800897633426,0.6479570917553685,gbrt:dm_only
2010-09,0.001250859746136274,-7.501917442520556e-05,0.6629394602807399,gbrt:dm_only
2010-10,0.006846793732556406,0.005593983461591171,0.6264051354826173,gbrt:dm_only
2010-11,0.009088366927718486,0.007952182693871454,0.5680921169235164,gbrt:dm_only
2010-12,0.007641629492464127,0.006501586994716871,0.5700212488736284,gbrt:dm_only
2011-01,0.0037870262425634457,0.002744268319509053,0.5213789615271965,gbrt:dm_only
2011-02,-0.00023913077586552636,-0.0013832470711898884,0.5720581476621813,gbrt:dm_only
2011-03,0.00010662813431101235,-0.0009634981989245196,0.5350631666177658,gbrt:dm_only
2011-04,0.008995670133705766,0.007901942247125027,0.5468639432903698,gbrt:dm_only
2011-05,0.0047147902966119554,0.0037894478445008517,0.46267122605555244,gbrt:dm_only
2011-06,0.004375088903416767,0.0034544355163305483,0.4603266935431094,gbrt:dm_only
2011-07,0.008488003237569599,0.007612445858783036,0.437778689393281,gbrt:dm_only
2011-08,0.010123547991368418,0.00926903815149676,0.42725491993582776,gbrt:dm_only
2011-09,0.010264551391433674,0.009423472802645442,0.4205392943941157,gbrt:dm_only
2011-10,-0.008261162357645544,-0.009249794019498898,0.4943158309266776,gbrt:dm_only
2011-11,0.007915629731621575,0.006716338989228238,0.5996453711966689,gbrt:dm_only
2011-12,0.002830304537473204,0.0017377693007821734,0.5462676183455152,gbrt:dm_only
2012-01,-0.019481171870250842,-0.02045621536936811,0.4875217495586338,gbrt:dm_only
2012-02,-0.003678372010024483,-0.004957413129485806,0.6395205597306606,gbrt:dm_only
2012-03,0.006905939961523465,0.005664891584421196,0.620524188551134,gbrt:dm_only
2012-04,0.00623467903460816,0.005114163069403022,0.5602579826025689,gbrt:dm_only
2012-05,0.004318743055227558,0.003175602020478959,0.5715705173742996,gbrt:dm_only
2012-06,0.005267332997009046,0.0043609626782623355,0.4531851593733552,gbrt:dm_only
2012-07,0.007844980871822345,0.006884090409924408,0.48044523094896824,gbrt:dm_only
2012-08,0.005610915708041408,0.004740684962696256,0.43511537267257566,gbrt:dm_only
2012-09,-0.0005902859696149292,-0.0015172718758559565,0.46349295312051353,gbrt:dm_only
2012-10,0.0021558835195993483,0.0010952285748273003,0.530327472386024,gbrt:dm_only
2012-11,0.007503880041108817,0.006466506658298487,0.5186866914051652,gbrt:dm_only
2012-12,-0.0025749010035646756,-0.003517404448737684,0.47125172258650433,gbrt:dm_only
2013-01,0.00279019865952703,0.0017443547850386084,0.5229219372442108,gbrt:dm_only
2013-02,0.004862475883151821,0.003783425707498495,0.539525087826663,gbrt:dm_only
2013-03,0.009264778259742975,0.008279590304533449,0.49259397760476353,gbrt:dm_only
2013-04,0.012017980356039203,0.0111582687539213,0.4298558010589528,gbrt:dm_only
2013-05,0.0042994442215367286,0.0034430647464598857,0.42818973753842127,gbrt:dm_only
2013-06,0.0030869307686175024,0.002013764080385535,0.536583344115984,gbrt:dm_only
2013-07,0.008780139547678503,0.007608438770804696,0.5858503884369033,gbrt:dm_only
2013-08,0.0014389786745521852,0.0002826808537553254,0.5781489103984299,gbrt:dm_only
2013-09,-0.006411487424993265,-0.007617425253834955,0.6029689144208457,gbrt:dm_only
2013-10,0.00246625815823079,0.0013461352738189248,0.5600614422059326,gbrt:dm_only
2013-11,0.00011359838420227395,-0.0009108860360851815,0.5122422101437277,gbrt:dm_only
2013-12,0.004467997033234355,0.003532153128664299,0.46792195228502814,gbrt:dm_only
2014-01,0.0034748783404255014,0.0026263016680874774,0.42428833616901207,gbrt:dm_only
2014-02,0.005452776141183066,0.0044971848517296,0.4777956447267334,gbrt:dm_only
2014-03,0.0006761465666032324,-0.00027446321159471833,0.4753048890989753,gbrt:dm_only
2014-04,0.0010019783702108402,-5.061901655059869e-05,0.5262986933807196,gbrt:dm_only
2014-05,0.00503060892205261,0.003974540552023211,0.5280341850146991,gbrt:dm_only
2014-06,0.005924518485115198,0.004871883383978783,0.5263175505682077,gbrt:dm_only
2014-07,-0.0012205026696210106,-0.0023100234858511575,0.5447604081150735,gbrt:dm_only
2014-08,0.0020715402320114055,0.000922089901181114,0.5747251654151458,gbrt:dm_only
2014-09,-0.001254087812220477,-0.002258381916192803,0.5021470519861628,gbrt:dm_only
2014-10,0.004698955203448854,0.003694484797441139,0.5022352030038573,gbrt:dm_only
2014-11,0.009993636943612154,0.008979867260482029,0.5068848415650629,gbrt:dm_only
2014-12,0.014805997174766671,0.013882863568718007,0.46156680302433234,gbrt:dm_only
2015-01,0.007027354561573392,0.006091352092438976,0.4680012345672077,gbrt:dm_only
2015-02,-0.00016858191597939767,-0.0012705743449948632,0.5509962145077327,gbrt:dm_only
2015-03,0.009250438128157847,0.008140287461425331,0.5550753333662577,gbrt:dm_only
2015-04,-0.012509443629571447,-0.013585842225512167,0.5381992979703596,gbrt:dm_only
2015-05,0.00092237220082909,-0.0004888819272302516,0.7056270640296707,gbrt:dm_only
2015-06,0.004629545121428593,0.0033516772661174835,0.6389339276555548,gbrt:dm_only
2015-07,0.010017086410498602,0.009062738564934527,0.47717392278203685,gbrt:dm_only
2015-08,0.009037587091673842,0.008087316624851076,0.4751352334113828,gbrt:dm_only
2015-09,0.0059738549312516025,0.005046932664533207,0.46346113335919814,gbrt:dm_only
2015-10,-0.00585922784957157,-0.006834858451223431,0.4878153008259303,gbrt:dm_only
2015-11,0.003993908530239775,0.0028422033484950928,0.5758525908723409,gbrt:dm_only
2015-12,0.00012367524274133168,-0.0009967845270658009,0.5602298849035664,gbrt:dm_only
2016-01,0.0019762010917874833,0.0008946367727140434,0.5407821595367202,gbrt:dm_only
2016-02,-0.002606097203379709,-0.0037535165904930582,0.5737096935566749,gbrt:dm_only
2016-03,-0.007103196580429143,-0.008385950588022936,0.6413770037968963,gbrt:dm_only
2016-04,0.0034758901229228188,0.0021415652810854156,0.6671624209187016,gbrt:dm_only
2016-05,0.0024225601776406286,0.001212859351449809,0.6048504130954097,gbrt:dm_only
2016-06,-0.0013660671634028187,-0.0025710296609179153,0.6024812487575482,gbrt:dm_only
2016-07,-0.0015094468594513228,-0.002599531269407005,0.5450422049778408,gbrt:dm_only
2016-08,0.0045510398513276635,0.0033306427926649423,0.6101985293313609,gbrt:dm_only
2016-09,0.004652168732694153,0.003547227079018348,0.5524708268379022,gbrt:dm_only
2016-10,0.0018463098778756968,0.0009336549240889278,0.45632747689338465,gbrt:dm_only
2016-11,-0.0035294763147932203,-0.004578781749460025,0.524652717333402,gbrt:dm_only
2016-12,0.000435687281754524,-0.0007730713618410699,0.604379321797797,gbrt:dm_only
2017-01,0.003392145150019846,0.002243618740542488,0.574263204738679,gbrt:dm_only
2017-02,0.00033970985612486474,-0.0008590039390899985,0.5993568976074316,gbrt:dm_only
2017-03,0.0009166640805831723,-0.00014965399377205689,0.5331590371776146,gbrt:dm_only
2017-04,0.00013180120690053953,-0.0009455616481999402,0.5386814275502398,gbrt:dm_only
2017-05,0.004142963107594846,0.003129049025076925,0.5069570412589604,gbrt:dm_only
2017-06,0.001219374407496218,0.00011275645122682158,0.5533089781346983,gbrt:dm_only
2017-07,0.0027935967240825294,0.0017906086048089169,0.5014940596368062,gbrt:dm_only
2017-08,0.0032227226661171587,0.0021725855359019585,0.5250685651076001,gbrt:dm_only
2017-09,0.00032989930437325336,-0.0005750011855286847,0.45245024495096897,gbrt:dm_only
2017-10,0.0035036543434595175,0.0025901524993338083,0.45675092206285456,gbrt:dm_only
2017-11,0.0023339018517221206,0.0012494195524398845,0.5422411496411181,gbrt:dm_only
2017-12,0.003925374448013181,0.002869436044849786,0.5279692015816968,gbrt:dm_only
2018-01,0.003969059960829284,0.002822701209276398,0.5731793757764426,gbrt:dm_only
2018-02,0.003150703705683109,0.0019405925434147718,0.6050555811341689,gbrt:dm_only
2018-03,0.0025827326464768867,0.0015224352642532986,0.530148691111794,gbrt:dm_only
2018-04,0.0016176820483404296,0.0005494047183699206,0.5341386649852541,gbrt:dm_only
2018-05,0.003646214657344556,0.0025527244962137634,0.5467450805653967,gbrt:dm_only
2018-06,0.0028462727210086217,0.001746096126490712,0.5500882972589548,gbrt:dm_only
2018-07,0.003791708377826816,0.002798088043487242,0.49681016716978676,gbrt:dm_only
2018-08,0.005362480872818241,0.004348586171760266,0.5069473505289867,gbrt:dm_only
2018-09,0.013076254974148167,0.012080433288865865,0.49791084264115176,gbrt:dm_only
2018-10,0.004173801301431794,0.0031363778163251716,0.5187117425533109,gbrt:dm_only
2018-11,-0.0016328653496731822,-0.002716531839344612,0.541833244835715,gbrt:dm_only
2018-12,0.0058950369470667065,0.004607027909645179,0.6440045187107639,gbrt:dm_only
2019-01,-0.0003519043503844403,-0.0014216930012369109,0.5348943254262353,gbrt:dm_only
2019-02,-0.00658890750690912,-0.007869708773229327,0.6404006331601034,gbrt:dm_only
2019-03,0.004524540478862911,0.0032731877621876987,0.6256763583376057,gbrt:dm_only
2019-04,0.0026174471092965837,0.0015857665457683205,0.5158402817641314,gbrt:dm_only
2019-05,0.0022996413789077674,0.0012515195603634817,0.5240609092721428,gbrt:dm_only
2019-06,0.0018393959225328563,0.0006311349103915909,0.6041305060706326,gbrt:dm_only
2019-07,0.00681109185913577,0.005732058321170582,0.5395167689825942,gbrt:dm_only
2019-08,0.004401561213981239,0.0033968559688401807,0.5023526225705289,gbrt:dm_only
2019-09,-0.0024475512842421945,-0.003494597060972171,0.5235228883649884,gbrt:dm_only
2019-10,0.002688739136912841,0.0015894931904652165,0.5496229732238124,gbrt:dm_only
2019-11,0.0011925158926118895,0.00017591492939312856,0.5083004816093806,gbrt:dm_only
2019-12,0.006282284937109852,0.0051102010854931525,0.5860419258083497,gbrt:dm_only
2020-01,0.0062689747470512204,0.005345223446157434,0.4618756504468932,gbrt:dm_only
2020-02,0.00856331456760684,0.007629782435955248,0.4667660658257958,gbrt:dm_only
2020-03,0.015006660292097825,0.014139168827478064,0.4337457323098813,gbrt:dm_only
2020-04,-0.018432836047812526,-0.019806560544496622,0.6868622483420493,gbrt:dm_only
2020-05,-0.0014148316321194781,-0.003198840894741502,0.892004631311012,gbrt:dm_only
2020-06,-0.0035532573852322465,-0.005014994739159347,0.7308686769635501,gbrt:dm_only
2020-07,0.003648845998431247,0.0021626992667384535,0.7430733658463965,gbrt:dm_only
2020-08,-0.0012940442259332548,-0.0026675998705565406,0.686777822311643,gbrt:dm_only
2020-09,-0.0051790425584784935,-0.006517484352145061,0.6692208968332835,gbrt:dm_only
2020-10,0.0012984155814037954,-0.00012278016990303938,0.7105978756534171,gbrt:dm_only
2020-11,-0.019341637002665592,-0.020574800553874017,0.6165817756042108,gbrt:dm_only
2020-12,0.007621444619786644,0.0057248789735877045,0.9482828230994695,gbrt:dm_only
2021-01,0.0005908210790095246,-0.0010898415689567361,0.8403313239831302,gbrt:dm_only
2021-02,0.004147070931693247,0.002671081933110199,0.7379944992915242,gbrt:dm_only
2021-03,0.006907945111491501,0.005408599727661374,0.7496726919150636,gbrt:dm_only
2021-04,0.0037752253948245755,0.0022581481125240003,0.7585386411502875,gbrt:dm_only
2021-05,0.0033456549314755,0.001789935417730055,0.7778597568727222,gbrt:dm_only
2021-06,-0.0012867377718525947,-0.0026612110697616814,0.6872366489545435,gbrt:dm_only
2021-07,0.004149706625909453,0.0027774832190087806,0.6861117034503366,gbrt:dm_only
2021-08,-0.002204944121275115,-0.0035914584345730625,0.6932571566489741,gbrt:dm_only
2021-09,0.007321294521610649,0.005859741220769968,0.73077665042034,gbrt:dm_only
2021-10,0.0031719009657110637,0.0018508171802484733,0.6605418927312953,gbrt:dm_only
2021-11,0.0032944898330688906,0.0019908703100919756,0.6518097614884577,gbrt:dm_only
2021-12,0.008114250065655955,0.006630863979927014,0.74169304286447,gbrt:dm_only
2022-01,0.010747628955345444,0.009653765670572682,0.5469316423863808,gbrt:dm_only
2022-02,0.006671276524178322,0.005642672077330962,0.5143022234236798,gbrt:dm_only
2022-03,0.009979403508768577,0.008905243125943586,0.5370801914124954,gbrt:dm_only
2022-04,0.011894576591721556,0.010954979779603224,0.46979840605916573,gbrt:dm_only
2022-05,0.004378969811795475,0.003495383398586284,0.441793206604596,gbrt:dm_only
2022-06,0.00237353659017327,0.0013586615021011805,0.5074375440360449,gbrt:dm_only
2022-07,-0.004709969280264414,-0.0058248841881266555,0.557457453931121,gbrt:dm_only
2022-08,-0.000683810153050315,-0.0017820643469672699,0.5491270969584776,gbrt:dm_only
2022-09,0.006757133353294222,0.005651712836111627,0.5527102585912979,gbrt:dm_only
2022-10,0.006036028597901772,0.0049927320201204346,0.5216482888906685,gbrt:dm_only
2022-11,-0.0076350407606997125,-0.008730443131091269,0.5477011851957779,gbrt:dm_only
2022-12,0.003955464918810705,0.0027066727338653914,0.6243960924726567,gbrt:dm_only
2023-01,0.000485839041470837,-0.0007630600829408116,0.6244495622058245,gbrt:dm_only
2023-02,0.006288923618131798,0.005141391385726484,0.5737661162026579,gbrt:dm_only
2023-03,0.003617757673095475,0.002662322055188326,0.4777178089535745,gbrt:dm_only
2023-04,0.0004978316830952302,-0.0005333717955859352,0.5156017393405826,gbrt:dm_only
2023-05,-0.001443617225857683,-0.0023891728315739184,0.4727778028581176,gbrt:dm_only
2023-06,0.0020795132325437792,0.0010326361809852495,0.5234385257792646,gbrt:dm_only
2023-07,0.0036133375736919606,0.0025121433862541494,0.5505970937189058,gbrt:dm_only
2023-08,0.003009287380047999,0.002006773772396459,0.5012568038257696,gbrt:dm_only
2023-09,0.01059635246674147,0.009601395841803058,0.49747831246920543,gbrt:dm_only
2023-10,0.00813277182637995,0.007237075480765089,0.4478481728074304,gbrt:dm_only
2023-11,-0.007946531958725415,-0.008947826279733373,0.5006471605039786,gbrt:dm_only
2023-12,0.004088498794288665,0.0029814833894828865,0.553507702402889,gbrt:dm_only
2024-01,0.010177641494163598,0.009145517034573671,0.5160622297949631,gbrt:dm_only
2024-02,0.0009262660405671859,-7.07414888420976e-05,0.4985037647046418,gbrt:dm_only
2024-03,0.003128756771933784,0.002109308864555915,0.5097239536889344,gbrt:dm_only
2024-04,-0.0001627456085271718,-0.001220804474385455,0.5290294329291416,gbrt:dm_only
2024-05,0.0021641026572136695,0.001163668423976305,0.5002171166186822,gbrt:dm_only
2024-06,-0.0006219079131663304,-0.0016342432229360742,0.506167654884872,gbrt:dm_only
2024-07,0.0004603836607984451,-0.0005111503649973453,0.48576701289789526,gbrt:dm_only
2024-08,0.0038384410525012518,0.0028540300320813784,0.4922055102099366,gbrt:dm_only
2024-09,0.0004694261660231671,-0.0004653022593536917,0.4673642126884295,gbrt:dm_only
2024-10,0.00517255616047577,0.0041915964763595505,0.49047984205811007,gbrt:dm_only
2024-11,0.010220339421546232,0.009254284285958049,0.4830275677940917,gbrt:dm_only
2024-12,0.002645483860594702,0.0016636358711490456,0.49092399472282794,gbrt:dm_only
2025-01,0.0009035051627444573,1.891896237182052e-05,0.4422931001863184,gbrt:dm_only
2025-02,0.004473835787546918,0.0035340459340804905,0.46989492673321354,gbrt:dm_only
2025-03,0.006059957065768676,0.005175100619956702,0.442428222905987,gbrt:dm_only
2025-04,-0.001157978053987615,-0.0019733947550542364,0.40770835053331084,gbrt:dm_only
2025-05,-0.001291140791031639,-0.0022390700778553087,0.47396464341183475,gbrt:dm_only
2025-06,-0.0002575799739294822,-0.0011700007774841654,0.45621040177734185,gbrt:dm_only
2025-07,-0.000815319465005769,-0.001626316578695223,0.4054985568447272,gbrt:dm_only
2025-08,0.004112422757704589,0.0031416500534910265,0.4853863521067814,gbrt:dm_only
2025-09,0.0056293714150110665,0.004653742433975863,0.48781449051760184,gbrt:dm_only
2025-10,0.011560057054272871,0.010600437782847479,0.4798096357126966,gbrt:dm_only
2025-11,0.0019937337346278496,0.000950489015088293,0.5216223597697784,gbrt:dm_only
2025-12,0.010145311564212488,0.009116598543626118,0.5143565102931851,gbrt:dm_only
2000-01,0.008765814767378598,0.008765814767378598,0.0,gbrt:own
2000-02,0.007819886545538042,0.0058934913743473654,0.9631975855953381,gbrt:own
2000-03,-0.002260118682716999,-0.00393420661606261,0.8370439666728056,gbrt:own
2000-04,-0.003134937602191092,-0.005192478106009249,1.0287702519090782,gbrt:own
2000-05,0.003042979679246218,0.0012332551074211284,0.9048622859125449,gbrt:own
2000-06,-0.0054195829507100906,-0.007310468778508314,0.9454429138991118,gbrt:own
2000-07,0.003014646880749258,0.001185877205339417,0.9143848377049206,gbrt:own
2000-08,-0.003869385301667536,-0.005477860641660398,0.8042376699964309,gbrt:own
2000-09,0.0018408368237346844,-7.343022621552166e-05,0.957133524975103,gbrt:own
2000-10,0.0032180964459820726,0.0014336459895541906,0.8922252282139411,gbrt:own
2000-11,0.004239111646059126,0.0026188581918595694,0.8101267270997783,gbrt:own
2000-12,-0.0075635282582903,-0.009599614535845234,1.0180431387774669,gbrt:own
2001-01,-0.007011372005603192,-0.008936657787549328,0.9626428909730681,gbrt:own
2001-02,0.019806889710525178,0.017641450692619288,1.082719508952944,gbrt:own
2001-03,0.005861491172125737,0.0036459137422562467,1.1077887149347458,gbrt:own
2001-04,-0.00268029967884054,-0.00444843285338804,0.88406658727375,gbrt:own
2001-05,0.010216915453032528,0.008364025314462944,0.9264450692847918,gbrt:own
2001-06,-0.0005391756908722132,-0.0022470144930548503,0.8539194010913185,gbrt:own
2001-07,0.009898967241138345,0.008049703402179191,0.9246319194795769,gbrt:own
2001-08,-0.005243154573420045,-0.006852545574959278,0.8046955007696163,gbrt:own
2001-09,0.009026034240148606,0.007325655771176149,0.8501892344862287,gbrt:own
2001-10,-0.005078771780235881,-0.006986981625532472,0.9541049226482954,gbrt:own
2001-11,-0.0032208985402222287,-0.0050803292399625565,0.9297153498701637,gbrt:own
2001-12,0.011632259564617742,0.00977865295809646,0.9268033032606405,gbrt:own
2002-01,-0.005800906475096576,-0.007784774076161491,0.9919338005324573,gbrt:own
2002-02,0.006704200304272634,0.0051898480661151545,0.7571761190787389,gbrt:own
2002-03,0.0036138123154360754,0.0022059645537783495,0.7039238808288631,gbrt:own
2002-04,0.008335575684325717,0.006892343285154689,0.721616199585514,gbrt:own
2002-05,0.003749607985263769,0.0022137883850967045,0.767909800083532,gbrt:own
2002-06,0.0013734794697878652,6.307000484898606e-05,0.6552047324694394,gbrt:own
2002-07,-0.003987809730174081,-0.005258667707904217,0.6354289888650684,gbrt:own
2002-08,0.004506983404653492,0.0031214780749343318,0.6927526648595796,gbrt:own
2002-09,0.01093558531498277,0.00980657313417533,0.5645060904037201,gbrt:own
2002-10,0.005989700963067613,0.004907176204842214,0.5412623791126995,gbrt:own
2002-11,-0.0010506481992762226,-0.0023621878179071456,0.6557698093154615,gbrt:own
2002-12,-0.0010690001485829932,-0.002311170514681299,0.6210851830491528,gbrt:own
2003-01,-0.00028311230462766567,-0.0014465039566582097,0.5816958260152718,gbrt:own
2003-02,0.002873306617220938,0.0018209364385380073,0.5261850893414651,gbrt:own
2003-03,0.004503169014156648,0.00344630580626821,0.528431603944219,gbrt:own
2003-04,0.005543302167053727,0.004715853727265414,0.41372421989415703,gbrt:own
2003-05,0.0027977372414252975,0.0016330342651267333,0.5823514881492818,gbrt:own
2003-06,0.005439569464803322,0.004275577383882364,0.5819960404604785,gbrt:own
2003-07,0.003965079081590868,0.002895986351576522,0.5345463650071727,gbrt:own
2003-08,0.0014929177688572017,0.0004954962879851291,0.49871074043603636,gbrt:own
2003-09,0.00733070076747463,0.006165005397840944,0.5828476848168427,gbrt:own
2003-10,0.0069762264434878535,0.005933829023123995,0.5211987101819291,gbrt:own
2003-11,0.003497612180083094,0.0024979953370146053,0.49980842153424426,gbrt:own
2003-12,0.0019078554109039415,0.0008764666697109703,0.5156943705964857,gbrt:own
2004-01,-0.0016278842750046727,-0.0026845628042336213,0.5283392646144741,gbrt:own
2004-02,0.0023388926515622976,0.001120062758296041,0.6094149466331283,gbrt:own
2004-03,0.003526548089545036,0.002451546548233323,0.5375007706558564,gbrt:own
2004-04,0.001069497830668535,2.1037742604688905e-05,0.5242300440319232,gbrt:own
2004-05,-0.0011954000120988776,-0.0023647972481180106,0.5846986180095664,gbrt:own
2004-06,0.003960632116014555,0.0028509691634250292,0.5548314762947628,gbrt:own
2004-07,0.005653188580656761,0.004618343537239924,0.5174225217084187,gbrt:own
2004-08,0.004873277152384451,0.003923730387090316,0.47477338264706753,gbrt:own
2004-09,0.004536614330104168,0.003521906055010583,0.5073541375467927,gbrt:own
2004-10,0.00714416604251848,0.006211421034340559,0.4663725040889604,gbrt:own
2004-11,0.005345770413616741,0.0044623672378296154,0.44170158789356234,gbrt:own
2004-12,0.006924041982938453,0.005846586345092574,0.5387278189229392,gbrt:own
2005-01,-0.0010754552395671572,-0.0022229571560274256,0.5737509582301342,gbrt:own
2005-02,0.00988797209837353,0.00882977742465984,0.529097336856845,gbrt:own
2005-03,0.008574198257066002,0.007541055837038847,0.5165712100135776,gbrt:own
2005-04,0.01394330973132104,0.01307845344111877,0.4324281451011352,gbrt:own
2005-05,-0.01307159942449356,-0.013789994884319166,0.35919772991280363,gbrt:own
2005-06,0.001610596759507406,0.0004959999178867333,0.5572984208103364,gbrt:own
2005-07,0.009558403149362946,0.008579477820729644,0.48946266431665103,gbrt:own
2005-08,-0.0023242388758956713,-0.003220935963553555,0.44834854382894196,gbrt:own
2005-09,0.0014477418156374502,0.0004415037193931089,0.5031190481221708,gbrt:own
2005-10,-0.0007877469462646274,-0.001635908183773098,0.4240806187542354,gbrt:own
2005-11,-0.0016648753475171257,-0.00251487334756427,0.42499900002357194,gbrt:own
2005-12,-0.0017351950503755311,-0.0026534258877834505,0.45911541870395967,gbrt:own
2006-01,-0.006276225805638948,-0.007226108290621911,0.4749412424914818,gbrt:own
2006-02,-0.005508444984151191,-0.00660502752597853,0.5482912709136695,gbrt:own
2006-03,0.003403695072012432,0.002481901132242477,0.4608969698849774,gbrt:own
2006-04,0.00261477230669914,0.0017242428396980944,0.44526473350052254,gbrt:own
2006-05,-0.0029705763452469876,-0.0038974941000347743,0.4634588773938934,gbrt:own
2006-06,0.010791961549466244,0.00999463336297397,0.398664093246137,gbrt:own
2006-07,0.0007783925739416269,-0.0002688639970956261,0.5236282855186264,gbrt:own
2006-08,-0.005409950372098874,-0.006310900412467943,0.45047502018453484,gbrt:own
2006-09,-0.0013326960144805337,-0.0022380496606554962,0.4526768230874813,gbrt:own
2006-10,0.00025773981718837973,-0.0005870668376363002,0.4224033274123399,gbrt:own
2006-11,0.00967625737324121,0.008811822536468047,0.4322174183865804,gbrt:own
2006-12,0.000874759250662956,-4.548257940198191e-05,0.46012091503246877,gbrt:own
2007-01,0.008685204223289337,0.007739427183068927,0.47288852011020416,gbrt:own
2007-02,-0.0006626102738190149,-0.0016905817166030488,0.513985721392017,gbrt:own
2007-03,0.008310838442497949,0.007376009283333877,0.4674145795820359,gbrt:own
2007-04,0.004005782417088881,0.003061542791005057,0.47211981304191203,gbrt:own
2007-05,1.018602003009501e-05,-0.00098884904700028,0.49951753351518763,gbrt:own
2007-06,-0.00042092723985447176,-0.0014516172891823008,0.5153450246639145,gbrt:own
2007-07,-0.0007922015386834731,-0.0018698238254885547,0.5388111434025407,gbrt:own
2007-08,0.0007254784124857667,-0.00030932266972412414,0.5174005411049454,gbrt:own
2007-09,0.0017707520093307601,0.000771345910812094,0.4997030492593332,gbrt:own
2007-10,0.010568900367049158,0.009586624646805713,0.4911378601217214,gbrt:own
2007-11,0.0024721459412592587,0.0014644592937404631,0.503843323759398,gbrt:own
2007-12,0.0037961945569253155,0.002767226553025077,0.5144840019501193,gbrt:own
2008-01,0.0005127988598750495,-0.000491856159028799,0.5023275094519241,gbrt:own
2008-02,0.005438774431658019,0.0044137590943195346,0.5125076686692419,gbrt:own
2008-03,0.00018653307194475567,-0.0006856951314420731,0.43611410169341436,gbrt:own
2008-04,0.003643370444323774,0.0026282194552249886,0.5075754945493922,gbrt:own
2008-05,-0.00130372249381533,-0.0024257855450150823,0.5610315255998761,gbrt:own
2008-06,0.00729116787456893,0.00627813496631129,0.5065164541288195,gbrt:own
2008-07,-0.0021213771631619087,-0.0030753194814291725,0.4769711591336319,gbrt:own
2008-08,0.006953684462802413,0.005794345691190249,0.5796693858060817,gbrt:own
2008-09,0.0072849307776870105,0.006260268664904384,0.5123310563913126,gbrt:own
2008-10,0.022006233855266615,0.020869240081441285,0.5684968869126654,gbrt:own
2008-11,0.017375527920024603,0.016046699368216136,0.6644142759042337,gbrt:own
2008-12,0.0014049067318067387,-9.643799993182945e-05,0.7506723658692841,gbrt:own
2009-01,-0.0036322584553368305,-0.005044299812195525,0.7060206784293469,gbrt:own
2009-02,0.002483597762519582,0.0010534489461598512,0.7150744081798653,gbrt:own
2009-03,-0.0011319081327934414,-0.0024591677348524783,0.6636298010295184,gbrt:own
2009-04,-0.00888627746636444,-0.010243125985153827,0.6784242593946935,gbrt:own
2009-05,0.0004983795384436631,-0.0011040763737361617,0.8012279560899125,gbrt:own
2009-06,0.0028359255132197623,0.0012729561513310445,0.7814846809443586,gbrt:own
2009-07,0.0011566052621800064,-0.00020905012400925505,0.6828276930946306,gbrt:own
2009-08,0.0017068281882456733,0.00042497115659455157,0.6409285158255608,gbrt:own
2009-09,0.004546177204912802,0.0033998120426462497,0.5731825811332765,gbrt:own
2009-10,0.002709436687550621,0.001683139301302445,0.513148693124088,gbrt:own
2009-11,0.004287016349487774,0.003184074774999536,0.551470787244119,gbrt:own
2009-12,-7.125648675235835e-05,-0.0010479973527358472,0.4883704329917444,gbrt:own
2010-01,-0.0029525490051942435,-0.004106859705289278,0.5771553500475176,gbrt:own
2010-02,0.000974913856131374,-6.945385236389011e-05,0.522183854247632,gbrt:own
2010-03,-0.002594625991523906,-0.0036560961271976324,0.5307350678368631,gbrt:own
2010-04,0.00572835120584371,0.004708918468305521,0.5097163687690941,gbrt:own
2010-05,0.0047341281264937606,0.0037141787187608215,0.5099747038664691,gbrt:own
2010-06,0.006179862513729986,0.005182655925694325,0.4986032940178305,gbrt:own
2010-07,0.0007270554878322052,-9.423215771861923e-05,0.41064382277541206,gbrt:own
2010-08,0.0031338939437589117,0.0021153773877497935,0.5092582780045593,gbrt:own
2010-09,9.247754154281876e-05,-0.0009125846788184889,0.5025311101806538,gbrt:own
2010-10,0.005170253257010921,0.004133548146802104,0.5183525551044081,gbrt:own
2010-11,0.005763573023679532,0.004745498747951684,0.5090371378639239,gbrt:own
2010-12,0.005734782030474657,0.00470568698545622,0.5145475225092184,gbrt:own
2011-01,0.00392844153326712,0.002980267152258062,0.4740871905045292,gbrt:own
2011-02,0.0019014345610916924,0.0009464350507275129,0.4774997551820898,gbrt:own
2011-03,0.0017631025751770283,0.0008761044998761949,0.4434990376504166,gbrt:own
2011-04,0.0045198062815011405,0.0035406005044758986,0.48960288851262085,gbrt:own
2011-05,0.003658637169211575,0.002899371137865966,0.3796330156728043,gbrt:own
2011-06,0.006538634019286967,0.00580444918707578,0.3670924161055935,gbrt:own
2011-07,0.0064237383273080305,0.005637734258475223,0.3930020344164038,gbrt:own
2011-08,0.007159963360084455,0.006317871953587353,0.4210457032485507,gbrt:own
2011-09,0.005371762296595521,0.004495670081458257,0.4380461075686319,gbrt:own
2011-10,-0.014430855129381238,-0.015385666966344495,0.4774059184816296,gbrt:own
2011-11,0.00844632511961075,0.007298016577708231,0.5741542709512589,gbrt:own
2011-12,0.0010170683035168567,-3.282276604150154e-05,0.5249455347791793,gbrt:own
2012-01,0.004548109032666634,0.003673866719582609,0.43712115654201283,gbrt:own
2012-02,-0.002894049458104845,-0.003800062623916019,0.45300658290558704,gbrt:own
2012-03,0.003477454394555277,0.002586170640152246,0.44564187720151566,gbrt:own
2012-04,0.0010567671904744582,0.00028108731071185014,0.3878399398813041,gbrt:own
2012-05,0.0005562361815482007,-0.00020136843918149163,0.37880231036484646,gbrt:own
2012-06,0.00545331920311895,0.004721472194730461,0.3659235041942446,gbrt:own
2012-07,0.007377742148859138,0.006625761860810267,0.375990144024436,gbrt:own
2012-08,0.005787196175732092,0.005087902211458376,0.34964698213685763,gbrt:own
2012-09,-0.0013202061875822637,-0.002078792916860677,0.3792933646392067,gbrt:own
2012-10,0.002555131157156205,0.001717979580192117,0.4185757884820442,gbrt:own
2012-11,0.0069377365697070245,0.006118790645598514,0.40947296205425576,gbrt:own
2012-12,-0.0021193965699733736,-0.0028579772230369928,0.36929032653180965,gbrt:own
2013-01,0.0034892715732775257,0.0027364137229037378,0.3764289251868938,gbrt:own
2013-02,0.005098920505547571,0.004300258157582832,0.39933117398236967,gbrt:own
2013-03,0.008451171298393137,0.007757524974166856,0.3468231621131406,gbrt:own
2013-04,0.010575631696961995,0.009977209695125657,0.2992110009181695,gbrt:own
2013-05,0.002645907020236388,0.001892939701385902,0.3764836594252428,gbrt:own
2013-06,0.0029324389608482377,0.0020616642692316387,0.4353873458082994,gbrt:own
2013-07,0.01284170164355442,0.011964922205921586,0.43838971881641714,gbrt:own
2013-08,0.002302707451494014,0.0014873396719635211,0.4076838897652461,gbrt:own
2013-09,-0.0019680276256261596,-0.0028439286787109957,0.43795052654241834,gbrt:own
2013-10,-0.0014462371989363099,-0.0023799417581853587,0.4668522796245242,gbrt:own
2013-11,-0.00025961069307990447,-0.001059060608312525,0.3997249576163103,gbrt:own
2013-12,0.004746087036944155,0.00403199647642231,0.35704528026092236,gbrt:own
2014-01,0.004087516914497648,0.0034629021870211663,0.31230736373824075,gbrt:own
2014-02,0.004468697502414675,0.003767393725909356,0.35065188825265947,gbrt:own
2014-03,-0.00017226626570772616,-0.0008423663983251246,0.3350500663086993,gbrt:own
2014-04,-3.874905369967098e-05,-0.0008192036974725476,0.3902273218864383,gbrt:own
2014-05,0.005120566127451442,0.004340541628865613,0.39001224929291456,gbrt:own
2014-06,0.006698956728864982,0.0059549514188337585,0.3720026550156115,gbrt:own
2014-07,0.0009310158867781938,0.00021275573979278662,0.3591300734927037,gbrt:own
2014-08,0.0012027011961530892,0.00046933301558569674,0.36668409028369614,gbrt:own
2014-09,-0.0012700871360225084,-0.0019565374268625106,0.3432251454200009,gbrt:own
2014-10,0.004745276938517673,0.0040657312324819265,0.33977285301787313,gbrt:own
2014-11,0.00835271548047746,0.0076423913841930655,0.3551620481421974,gbrt:own
2014-12,0.012859557419574858,0.012247260868225023,0.3061482756749177,gbrt:own
2015-01,0.006815868997517724,0.006127639784794187,0.3441146063617683,gbrt:own
2015-02,0.0031438083069561615,0.002292921991011056,0.42544315797255283,gbrt:own
2015-03,0.007164173419491309,0.006341834138604798,0.4111696404432561,gbrt:own
2015-04,-0.006072717282273567,-0.006929101396473809,0.4281920571001207,gbrt:own
2015-05,0.0008982214113465524,-0.00014541291270215066,0.5218171620243516,gbrt:own
2015-06,0.007139116957843996,0.006289126825796237,0.4249950660238792,gbrt:own
2015-07,0.010152516831956164,0.009468364689206686,0.3420760713747387,gbrt:own
2015-08,0.008978390209836143,0.008303698205555925,0.33734600214010957,gbrt:own
2015-09,0.006341689288310202,0.005642156573360364,0.3497663574749185,gbrt:own
2015-10,-0.005633543597562607,-0.006351623182541301,0.3590397924893472,gbrt:own
2015-11,0.00444550914788257,0.003573292215120924,0.4361084663808231,gbrt:own
2015-12,0.0010352665613229469,0.0001882551361510024,0.42350571258597214,gbrt:own
2016-01,0.0011900462670192406,0.0004249680171482721,0.38253912493548414,gbrt:own
2016-02,-0.002576749815611703,-0.0033713839521109143,0.39731706824960594,gbrt:own
2016-03,-0.011321374570421013,-0.012162520277019737,0.4205728532993629,gbrt:own
2016-04,0.002326671586910319,0.001447121351220624,0.4397751178448475,gbrt:own
2016-05,0.0038693268585729156,0.0030809057223283374,0.39421056812228933,gbrt:own
2016-06,-0.001085721940932013,-0.0018474696975417867,0.3808738783048869,gbrt:own
2016-07,0.0004770082531356961,-0.00023867779338346604,0.3578430232595811,gbrt:own
2016-08,0.004926339091693245,0.004161408546275042,0.38246527270910186,gbrt:own
2016-09,0.004718584839042249,0.003900331471084363,0.4091266839789433,gbrt:own
2016-10,0.0027672136799537766,0.0020724969132133275,0.3473583833702247,gbrt:own
2016-11,-0.0040646032886263025,-0.004755070596256682,0.34523365381518967,gbrt:own
2016-12,0.001139448276634239,0.0003405728217244535,0.3994377274548928,gbrt:own
2017-01,0.006515327858320855,0.00579837286205811,0.3584774981313727,gbrt:own
2017-02,-0.0009864407824359096,-0.001652936379833234,0.3332477986986621,gbrt:own
2017-03,0.004265792907791918,0.003678134056109561,0.2938294258411785,gbrt:own
2017-04,0.002364555416898558,0.0017193476089858762,0.3226039039563406,gbrt:own
2017-05,0.005400028828002666,0.004748784635923646,0.3256220960395095,gbrt:own
2017-06,-0.0008504110839365373,-0.001536500763573392,0.3430448398184273,gbrt:own
2017-07,0.00468762106387363,0.004044906048908629,0.32135750748250025,gbrt:own
2017-08,0.002436333060581008,0.0018256993764305264,0.3053168420752408,gbrt:own
2017-09,0.0020108895657434127,0.0014549338160276127,0.2779778748578998,gbrt:own
2017-10,0.0039976725347073555,0.00345690886919677,0.2703818327552926,gbrt:own
2017-11,0.002995029965458678,0.00232207919454521,0.3364753854567341,gbrt:own
2017-12,0.0022446716883998204,0.00159585673834593,0.324407475026945,gbrt:own
2018-01,0.004833119510271584,0.004144210510659683,0.34445449980595133,gbrt:own
2018-02,0.0032879784402364007,0.002619359240633879,0.3343095998012609,gbrt:own
2018-03,0.003443002198183663,0.0027756236658843087,0.3336892661496775,gbrt:own
2018-04,0.0026453960298311015,0.0019980355103380865,0.3236802597465075,gbrt:own
2018-05,0.00602156300108021,0.005344663312610908,0.3384498442346517,gbrt:own
2018-06,0.003328283835559561,0.0026602168414698976,0.3340334970448316,gbrt:own
2018-07,0.004571294844846956,0.003947936645654202,0.3116790995963775,gbrt:own
2018-08,0.005227958177217249,0.004597078808303075,0.3154396844570868,gbrt:own
2018-09,0.012249400417958035,0.011598940100742096,0.32523015860797105,gbrt:own
2018-10,0.0012457102932325874,0.0005732290489977931,0.3362406221173971,gbrt:own
2018-11,-0.000640377798573349,-0.0013377448951848638,0.34868354830575704,gbrt:own
2018-12,-0.001283525602617823,-0.0020455435021821053,0.38100894978214117,gbrt:own
2019-01,0.002495613451107979,0.001751568824882395,0.37202231311279194,gbrt:own
2019-02,-0.004090567377005986,-0.004876614477102884,0.3930235500484491,gbrt:own
2019-03,0.0035316321752160654,0.0028053450468079203,0.3631435642040727,gbrt:own
2019-04,0.0030890132943069593,0.0024576045707026613,0.31570436180214917,gbrt:own
2019-05,0.0019744805419291645,0.0013576414919165079,0.30841952500632835,gbrt:own
2019-06,0.003492604698497348,0.0027925702497688582,0.350017224364245,gbrt:own
2019-07,0.006722767705852395,0.006164252123584984,0.27925779113370547,gbrt:own
2019-08,0.003095901301588038,0.002517904450729798,0.2889984254291202,gbrt:own
2019-09,-0.0015131880525402314,-0.0021016636613250613,0.29423780439241487,gbrt:own
2019-10,0.0016460874186939084,0.0010206811908105512,0.31270311394167866,gbrt:own
2019-11,0.0020868924721170923,0.0014933784315089482,0.2967570203040722,gbrt:own
2019-12,0.005337521055817556,0.004667592721287997,0.3349641672647797,gbrt:own
2020-01,0.004688519801745814,0.00404517531798354,0.32167224188113686,gbrt:own
2020-02,0.00822279464535798,0.00752074877220615,0.3510229365759146,gbrt:own
2020-03,0.011553970551235249,0.010936356734546985,0.30880690834413055,gbrt:own
2020-04,-0.010570814345311423,-0.011506285592511501,0.467735623600039,gbrt:own
2020-05,-0.0016890750784620003,-0.002696029184638448,0.5034770530882239,gbrt:own
2020-06,-0.003202775134238714,-0.004084089185926803,0.4406570258440448,gbrt:own
2020-07,0.002415763821842179,0.0015525736670482968,0.4315950773969407,gbrt:own
2020-08,-0.004631207415818981,-0.0054458349270002804,0.4073137555906497,gbrt:own
2020-09,-4.009769432519723e-06,-0.0008354956438032864,0.4157429371853833,gbrt:own
2020-10,0.004138307062747222,0.003327349185229024,0.4054789387590994,gbrt:own
2020-11,-0.018044991034395788,-0.018725395619470845,0.3402022925375285,gbrt:own
2020-12,0.001502648958648014,0.0003709407593925833,0.5658540996277153,gbrt:own
2021-01,0.003587975260186346,0.0025150854713479436,0.5364448944192014,gbrt:own
2021-02,0.0013092081504398336,0.0004939067835500906,0.40765068344487165,gbrt:own
2021-03,0.0030659787733940303,0.0021192535118797658,0.4733626307571322,gbrt:own
2021-04,0.0034699173604757715,0.0024986057616626727,0.4856557994065494,gbrt:own
2021-05,0.004180078334085267,0.0032791425112676355,0.45046791140881515,gbrt:own
2021-06,-0.0036626812095121725,-0.004577421720113966,0.45737025530089676,gbrt:own
2021-07,-0.00010505421327575621,-0.0009376687134129602,0.4163072500686021,gbrt:own
2021-08,0.0010907058609831502,0.00028239324472253844,0.4041563081303059,gbrt:own
2021-09,0.006557323814569236,0.0057135454029144765,0.4218892058273795,gbrt:own
2021-10,0.0015590512288013092,0.0006499352048770564,0.4545580119621263,gbrt:own
2021-11,0.005449076092880745,0.004650871194056872,0.39910244941193673,gbrt:own
2021-12,0.010564703097421415,0.00953422147834898,0.5152408095362172,gbrt:own
2022-01,0.01260746590056036,0.011879473350987544,0.36399627478640806,gbrt:own
2022-02,0.008616843417509666,0.007767932432142772,0.42445549268344657,gbrt:own
2022-03,0.008831204640537561,0.007950346724503744,0.4404289580169079,gbrt:own
2022-04,0.01146624856791707,0.010693756396207671,0.38624608585469855,gbrt:own
2022-05,0.0042564550597081596,0.003482535676668914,0.3869596915196229,gbrt:own
2022-06,0.0008236990941628748,1.1483955470640687e-05,0.40610756934611714,gbrt:own
2022-07,-0.0024504512224429865,-0.003352346553161155,0.450947665359084,gbrt:own
2022-08,0.00020506910378948658,-0.0007220520643074011,0.4635605840484435,gbrt:own
2022-09,0.006907631166081968,0.006081989115001959,0.4128210255400045,gbrt:own
2022-10,0.0032408020419199173,0.0023902929037524956,0.4252545690837108,gbrt:own
2022-11,-0.003081361876755333,-0.003945556061256957,0.43209709225081155,gbrt:own
2022-12,0.00539978359375638,0.004508816628565275,0.445483482595553,gbrt:own
2023-01,0.000993438401992156,6.132152462602062e-05,0.4660584386830676,gbrt:own
2023-02,0.003756126053494022,0.0028110788635765205,0.4725235949587509,gbrt:own
2023-03,0.0043829347596810765,0.0036548757076619778,0.36402952600954935,gbrt:own
2023-04,-0.0015482503548358963,-0.002312459145744523,0.3821043954543134,gbrt:own
2023-05,-0.002448027930060874,-0.0032039763872731514,0.37797422860613855,gbrt:own
2023-06,0.0035711241473765656,0.0027959329412858194,0.38759560304537305,gbrt:own
2023-07,0.0032606750863443845,0.002458463779351752,0.401105653496316,gbrt:own
2023-08,0.0018197787785386302,0.0009805165350815527,0.4196311217285387,gbrt:own
2023-09,0.009549686771249035,0.008730683792005494,0.40950148962177,gbrt:own
2023-10,0.007467147463227605,0.006804323388304864,0.3314120374613705,gbrt:own
2023-11,-0.00631936295813356,-0.007071105923873552,0.37587148286999567,gbrt:own
2023-12,0.004216451118290024,0.003419421534683084,0.39851479180347,gbrt:own
2024-01,0.010450057385181302,0.009684407489802494,0.38282494768940434,gbrt:own
2024-02,0.0013500257566346151,0.0006099753114107892,0.370025222611913,gbrt:own
2024-03,0.003606419366113693,0.0028292233711040816,0.38859799750480595,gbrt:own
2024-04,0.0015668065732791269,0.0007881020098368945,0.38935228172111613,gbrt:own
2024-05,0.003699037966030551,0.0030060585365071614,0.346489714761695,gbrt:own
2024-06,0.0017981114283357835,0.0010530639789039981,0.37252372471589246,gbrt:own
2024-07,0.0013259580970292684,0.0006178821999055365,0.35403794856186604,gbrt:own
2024-08,0.0030996535847104736,0.0023615447369764978,0.3690544238669878,gbrt:own
2024-09,-0.0006875518282712386,-0.0014165134851450622,0.3644808284369118,gbrt:own
2024-10,0.0032396047728338625,0.0024719435820749753,0.3838305953794437,gbrt:own
2024-11,0.009330945845636101,0.008570477512057013,0.38023416678954425,gbrt:own
2024-12,0.0024531804336612177,0.0017030054792608502,0.3750874772001839,gbrt:own
2025-01,0.0019190657890250879,0.001150832694848664,0.3841165470882121,gbrt:own
2025-02,0.004626050071274551,0.003826085308400326,0.39998238143711246,gbrt:own
2025-03,0.0060362279304174375,0.005281512333335918,0.3773577985407595,gbrt:own
2025-04,-0.0013987290139375467,-0.0021284156397050214,0.36484331288373734,gbrt:own
2025-05,-0.001157123222025191,-0.0019230039278375665,0.38294035290618783,gbrt:own
2025-06,-0.002049501093824883,-0.002733844686189972,0.3421717961825444,gbrt:own
2025-07,-0.0016308290753180852,-0.002254479987555637,0.3118254561187761,gbrt:own
2025-08,0.002675866478290254,0.0019481779647847453,0.3638442567527544,gbrt:own
2025-09,0.004810194758526128,0.004057223492969147,0.3764856327784909,gbrt:own
2025-10,0.013443239713473658,0.012693694496864655,0.3747726083045011,gbrt:own
2025-11,0.0024401959937919147,0.0016588946270570159,0.39065068336744935,gbrt:own
2025-12,0.009470340534615462,0.008726215708973355,0.3720624128210536,gbrt:own
2000-01,0.00910555413172216,0.00910555413172216,0.0,gbrt:pooled
2000-02,0.0028454408716769115,0.00101507745319085,0.915181709243031,gbrt:pooled
2000-03,0.0004911123872839359,-0.0014735552683873565,0.9823338278356462,gbrt:pooled
2000-04,-0.0048447314976848375,-0.006998508335016543,1.0768884186658525,gbrt:pooled
2000-05,-0.0010825198919452664,-0.0029000871124742413,0.908783610264487,gbrt:pooled
2000-06,-0.0040602509078839786,-0.00601923203275436,0.9794905624351908,gbrt:pooled
2000-07,0.0014893256559026487,-0.0004401018043334849,0.964713730118067,gbrt:pooled
2000-08,-0.0045965217984074245,-0.006321938906914444,0.8627085542535096,gbrt:pooled
2000-09,0.004298867341763655,0.002400156253906938,0.9493555439283586,gbrt:pooled
2000-10,0.0032299635343848525,0.0015595858016994953,0.8351888663426783,gbrt:pooled
2000-11,0.012797119349359645,0.01124735783761957,0.7748807558700367,gbrt:pooled
2000-12,0.001934987246644378,0.00018678204462026357,0.8741026010120573,gbrt:pooled
2001-01,-0.010429579359511033,-0.012391867618612757,0.9811441295508622,gbrt:pooled
2001-02,0.013194684500193898,0.010856737544670444,1.1689734777617269,gbrt:pooled
2001-03,0.018623277410419362,0.016168871128449492,1.227203140984935,gbrt:pooled
2001-04,-0.00019413151549639628,-0.0021779560379510676,0.9919122612273358,gbrt:pooled
2001-05,0.009787336120045648,0.007940110704494388,0.9236127077756303,gbrt:pooled
2001-06,-0.001358263658592363,-0.003050076395686884,0.8459063685472603,gbrt:pooled
2001-07,0.013916734855381002,0.012081123770448192,0.9178055424664052,gbrt:pooled
2001-08,-0.005620820576870885,-0.007234540999124132,0.8068602111266248,gbrt:pooled
2001-09,0.008633533467923567,0.0066524494954149855,0.9905419862542914,gbrt:pooled
2001-10,-0.007641733844832766,-0.009608247960097934,0.983257057632584,gbrt:pooled
2001-11,0.001805207112210261,-0.00031202547055942883,1.058616291384845,gbrt:pooled
2001-12,0.010233921302081095,0.007993065664672856,1.1204278187041192,gbrt:pooled
2002-01,-0.0013050829583083018,-0.0033090507729063483,1.0019839072990233,gbrt:pooled
2002-02,0.00569671333269412,0.004077018754637445,0.8098472890283362,gbrt:pooled
2002-03,0.011547692336820448,0.010028681364166582,0.7595054863269322,gbrt:pooled
2002-04,0.01068089866584392,0.009296230305319845,0.6923341802620373,gbrt:pooled
2002-05,0.006514245111386518,0.005070904997819152,0.7216700567836829,gbrt:pooled
2002-06,0.008608747418847361,0.007252264317217395,0.6782415508149829,gbrt:pooled
2002-07,0.0007146338102939821,-0.0005955698061052667,0.6551018081996245,gbrt:pooled
2002-08,8.796033480377175e-05,-0.0012751010221359984,0.6815306784698852,gbrt:pooled
2002-09,0.009653638655442966,0.008293732309663031,0.679953172889968,gbrt:pooled
2002-10,0.002193566142120448,0.0009487639531357606,0.6224010944923433,gbrt:pooled
2002-11,-0.0004594557693642786,-0.0020732244538937353,0.8068843422647284,gbrt:pooled
2002-12,0.0003144710505891204,-0.001102228655094909,0.7083498528420146,gbrt:pooled
2003-01,-0.000840787910567813,-0.0021603075436860174,0.6597598165591022,gbrt:pooled
2003-02,0.005463970067781136,0.004405848058528212,0.5290610046264617,gbrt:pooled
2003-03,0.008897437437250607,0.007972104655425733,0.46266639091243555,gbrt:pooled
2003-04,-0.004204764433574281,-0.004940038367829205,0.3676369671274622,gbrt:pooled
2003-05,0.0019294937342707323,0.0008498603600250731,0.5398166871228293,gbrt:pooled
2003-06,0.004683109461417034,0.0035463457702461882,0.5683818455854227,gbrt:pooled
2003-07,0.00870982501366505,0.007636321826690376,0.5367515934873371,gbrt:pooled
2003-08,0.00624450709630456,0.005129873065014447,0.5573170156450564,gbrt:pooled
2003-09,0.00015584704322795114,-0.0011317567790105185,0.643801911119235,gbrt:pooled
2003-10,0.013445178031681309,0.012191366501280082,0.6269057652006131,gbrt:pooled
2003-11,0.001062600637468161,-0.00010286870931100886,0.5827346733895851,gbrt:pooled
2003-12,0.003937290009755202,0.0027775105376766163,0.5798897360392931,gbrt:pooled
2004-01,-0.0041368498901437,-0.005336160946428925,0.5996555281426127,gbrt:pooled
2004-02,0.0023382451628871283,0.0010137733336708725,0.6622359146081278,gbrt:pooled
2004-03,0.0033097669944421016,0.0021568086771051338,0.5764791586684836,gbrt:pooled
2004-04,-0.0005912464484647466,-0.0016915984749574647,0.5501760132463592,gbrt:pooled
2004-05,-0.003242983943051553,-0.004399792976196502,0.5784045165724743,gbrt:pooled
2004-06,0.0036753641565455885,0.0024893390291090985,0.5930125637182452,gbrt:pooled
2004-07,0.006369951173068884,0.005186336405822568,0.5918073836231584,gbrt:pooled
2004-08,0.005225148129286001,0.0042955145586578945,0.4648167853140531,gbrt:pooled
2004-09,0.00568715790376261,0.0047075489169391485,0.4898044934117303,gbrt:pooled
2004-10,0.010956108361865632,0.00990310159628138,0.5265033827921269,gbrt:pooled
2004-11,0.006577240931158698,0.005773360591652654,0.4019401697530223,gbrt:pooled
2004-12,0.011268852960601471,0.01022348357112281,0.5226846947393301,gbrt:pooled
2005-01,-0.0013401174205257555,-0.0024189512970635508,0.5394169382688976,gbrt:pooled
2005-02,0.009898124682911012,0.008912548258230266,0.4927882123403731,gbrt:pooled
2005-03,0.00901947730857856,0.008034308623767538,0.4925843424055113,gbrt:pooled
2005-04,0.01613025059411274,0.015217610898995603,0.45631984755856714,gbrt:pooled
2005-05,-0.015230644080229562,-0.01603453301747911,0.4019444686247722,gbrt:pooled
2005-06,0.005234628956228808,0.004022944285670158,0.6058423352793253,gbrt:pooled
2005-07,0.0058880726530553375,0.004970478042552239,0.4587973052515491,gbrt:pooled
2005-08,-0.0013767971109604439,-0.002347728637351328,0.485465763195442,gbrt:pooled
2005-09,0.005907555838738515,0.004791526002997022,0.5580149178707468,gbrt:pooled
2005-10,0.0008772785473554562,-0.00010286747054288119,0.4900730089491686,gbrt:pooled
2005-11,-0.002566499046271026,-0.0036788991623709945,0.5562000580499843,gbrt:pooled
2005-12,-0.002697441209026744,-0.0037684676679082003,0.5355132294407283,gbrt:pooled
2006-01,-0.009007945571716408,-0.010093016881170733,0.5425356547271626,gbrt:pooled
2006-02,0.0037358119842361825,0.002180925061760227,0.777443461237978,gbrt:pooled
2006-03,0.006431952775913032,0.0050922074529118,0.6698726615006156,gbrt:pooled
2006-04,0.009040445545166156,0.007827620906085974,0.6064123195400908,gbrt:pooled
2006-05,-0.002074090978515407,-0.0032624051371314897,0.5941570793080414,gbrt:pooled
2006-06,0.014711392172218724,0.013601294107054301,0.5550490325822106,gbrt:pooled
2006-07,-0.0009059972563063009,-0.002238078418282056,0.6660405809878773,gbrt:pooled
2006-08,-0.007611817358747269,-0.008874785829602319,0.6314842354275245,gbrt:pooled
2006-09,0.0020941451474378613,0.00075015170128102,0.6719967230784208,gbrt:pooled
2006-10,0.0007861675303994032,-0.00037997978032857895,0.583073655363991,gbrt:pooled
2006-11,0.010635700040566493,0.009514574265663144,0.5605628874516738,gbrt:pooled
2006-12,0.0004485683339033665,-0.0006334680866079338,0.5410182102556501,gbrt:pooled
2007-01,0.007850427024130883,0.006711374065037617,0.5695264795466333,gbrt:pooled
2007-02,-0.0006844417179547608,-0.0018681961171314158,0.5918771995883275,gbrt:pooled
2007-03,0.007905986147611448,0.006776711183402915,0.5646374821042665,gbrt:pooled
2007-04,0.008462748434178916,0.00740188511996462,0.5304316571071477,gbrt:pooled
2007-05,0.003383886060429099,0.0023202296245467134,0.5318282179411927,gbrt:pooled
2007-06,-0.0023621768576858083,-0.0035707833712335,0.6043032567738456,gbrt:pooled
2007-07,-0.0019238412638314672,-0.003297065392927552,0.6866120645480427,gbrt:pooled
2007-08,-5.617843873198087e-05,-0.0013697210061170406,0.6567712836925297,gbrt:pooled
2007-09,0.00229300503794732,0.0010480711811916683,0.6224669283778255,gbrt:pooled
2007-10,0.013174156820871625,0.011965838636344721,0.6041590922634519,gbrt:pooled
2007-11,0.002002249811954366,0.0009032701476605611,0.5494898321469024,gbrt:pooled
2007-12,0.004417418249478041,0.0032381196506614065,0.5896492994083172,gbrt:pooled
2008-01,0.0017134522696838068,0.0005558960651078395,0.5787781022879839,gbrt:pooled
2008-02,0.0014214165173970462,5.41344073071394e-05,0.6836410550449533,gbrt:pooled
2008-03,0.0014598510105018456,0.00018378088255328767,0.6380350639742789,gbrt:pooled
2008-04,0.004444583927560993,0.003144409047901195,0.6500874398298985,gbrt:pooled
2008-05,-0.0008885328395122343,-0.0022825214275192453,0.6969942940035054,gbrt:pooled
2008-06,0.008392249778936102,0.007116979680387185,0.6376350492744585,gbrt:pooled
2008-07,-0.008083779689259841,-0.009198245578176938,0.5572329444585479,gbrt:pooled
2008-08,0.008620470937914808,0.007132485736228423,0.7439926008431929,gbrt:pooled
2008-09,0.010837294745851406,0.009718299432865955,0.5594976564927258,gbrt:pooled
2008-10,0.030040743619819395,0.02887007722242598,0.5853331986967066,gbrt:pooled
2008-11,0.018420437970224645,0.01738598150829628,0.5172282309641827,gbrt:pooled
2008-12,-0.001910128031940576,-0.0028614706677258673,0.4756713178926457,gbrt:pooled
2009-01,0.0015193870608676816,0.00040004463400363893,0.5596712134320213,gbrt:pooled
2009-02,0.007012505671603889,0.005762570487978383,0.6249675918127527,gbrt:pooled
2009-03,-0.0061814421407875245,-0.007179570090081754,0.49906397464711444,gbrt:pooled
2009-04,-0.018842861587554747,-0.020092202918390187,0.6246706654177194,gbrt:pooled
2009-05,0.004592919289728063,0.002969566682152483,0.8116763037877898,gbrt:pooled
2009-06,-0.003648401133808923,-0.005389164472244203,0.8703816692176403,gbrt:pooled
2009-07,0.005846203802478531,0.0041544395879265445,0.8458821072759932,gbrt:pooled
2009-08,0.0010783740576367244,-0.00036083564900762655,0.7196048533221757,gbrt:pooled
2009-09,0.005409438232287261,0.003988882473112599,0.7102778795873315,gbrt:pooled
2009-10,0.002742510846128936,0.001354463483471984,0.6940236813284761,gbrt:pooled
2009-11,0.0011294919169625992,-0.0002509159458518786,0.6902039314072392,gbrt:pooled
2009-12,-0.002545744500180076,-0.0038499904711498454,0.6521229854848845,gbrt:pooled
2010-01,0.0009591322893203331,-0.00041023372873943547,0.6846830090298842,gbrt:pooled
2010-02,0.00017226262052302352,-0.001044524471241712,0.6083935458823677,gbrt:pooled
2010-03,-0.003288679195418305,-0.004610991350344765,0.6611560774632307,gbrt:pooled
2010-04,0.005618870170816196,0.004343108794698941,0.6378806880586276,gbrt:pooled
2010-05,0.004331537785698392,0.0029703538750158313,0.6805919553412804,gbrt:pooled
2010-06,0.006473900078697647,0.005392849123544318,0.5405254775766642,gbrt:pooled
2010-07,0.0009344557669970256,5.280984710230747e-05,0.4408229599473591,gbrt:pooled
2010-08,0.0035232122177506066,0.0024118547227551215,0.5556787474977422,gbrt:pooled
2010-09,0.0013407672834634052,0.0002227969664388022,0.5589851585123013,gbrt:pooled
2010-10,0.006518809108466134,0.00550150443824532,0.5086523351104068,gbrt:pooled
2010-11,0.009306607635019384,0.008361179141271333,0.47271424687402547,gbrt:pooled
2010-12,0.0054294351534424695,0.004508834206931147,0.46030047325566065,gbrt:pooled
2011-01,0.004434355285148171,0.003455339119378774,0.4895080828846984,gbrt:pooled
2011-02,5.25714013471223e-05,-0.0010069616832994487,0.5297665423232856,gbrt:pooled
2011-03,0.0008470792575439761,-0.00015970031150260494,0.5033897845232906,gbrt:pooled
2011-04,0.008447337358471193,0.0074312806261580345,0.5080283661565792,gbrt:pooled
2011-05,0.00450742260324736,0.003639050069628092,0.43418626680963407,gbrt:pooled
2011-06,0.004896457708937559,0.00402786249255826,0.4342976081896498,gbrt:pooled
2011-07,0.00821431272715553,0.007386221830307394,0.41404544842406854,gbrt:pooled
2011-08,0.009375253696480231,0.00857974287117735,0.39775541265144004,gbrt:pooled
2011-09,0.009433007146296567,0.008650927841033716,0.3910396526314252,gbrt:pooled
2011-10,-0.00864437304675937,-0.009577663610748131,0.46664528199438043,gbrt:pooled
2011-11,0.009747097320511457,0.008586206069053706,0.5804456257288754,gbrt:pooled
2011-12,0.0016257182781597738,0.0005872657208174746,0.5192262786711497,gbrt:pooled
2012-01,-0.014983072209275047,-0.01586473404446554,0.44083091759524734,gbrt:pooled
2012-02,-0.004361561889916739,-0.00547347030615807,0.5559542081206658,gbrt:pooled
2012-03,0.008350386233331756,0.007265574008214946,0.5424061125584045,gbrt:pooled
2012-04,0.005965076562062229,0.005026759162631841,0.46915869971519436,gbrt:pooled
2012-05,0.00872083666337311,0.007771361507043819,0.47473757816464596,gbrt:pooled
2012-06,0.0052915188711944745,0.004491799011362608,0.3998599299159326,gbrt:pooled
2012-07,0.008013002529576324,0.007152368542858316,0.4303169933590041,gbrt:pooled
2012-08,0.005804801962820299,0.005042742234642828,0.3810298640887356,gbrt:pooled
2012-09,-0.0007531941163730555,-0.0015600220178841196,0.40341395075553194,gbrt:pooled
2012-10,0.003016466203328511,0.0021002641317493347,0.45810103578958816,gbrt:pooled
2012-11,0.007443864871016047,0.006555849734093867,0.4440075684610894,gbrt:pooled
2012-12,-0.002616319615278357,-0.003440495166978512,0.41208777585007733,gbrt:pooled
2013-01,0.002962106645063257,0.0020152508429291983,0.4734279010670293,gbrt:pooled
2013-02,0.004837030892606691,0.0038910726692200307,0.4729791116933301,gbrt:pooled
2013-03,0.00848818452744867,0.007649278361706797,0.4194530828709367,gbrt:pooled
2013-04,0.011668428646553129,0.0109429869527251,0.3627208469140141,gbrt:pooled
2013-05,0.0042211053027522445,0.003515266810733437,0.3529192460094037,gbrt:pooled
2013-06,0.0034083498082001125,0.0024838611189742198,0.46224434461294645,gbrt:pooled
2013-07,0.01061938038088281,0.009661372565038335,0.47900390792223674,gbrt:pooled
2013-08,-0.0005904364369401382,-0.0015359846118221587,0.47277408744101,gbrt:pooled
2013-09,-0.0035254498068958574,-0.004548555229453761,0.5115527112789517,gbrt:pooled
2013-10,-0.001819662429360193,-0.0027798772653331995,0.4801074179865031,gbrt:pooled
2013-11,0.000280121604025399,-0.0006265359609517581,0.45332878248857844,gbrt:pooled
2013-12,0.0048400097141366,0.0040329853554707425,0.40351217933292854,gbrt:pooled
2014-01,0.0035227484079260294,0.002741254514636785,0.3907469466446221,gbrt:pooled
2014-02,0.005347852010914826,0.004454399246042816,0.44672638243600465,gbrt:pooled
2014-03,0.0004474895539865737,-0.0004209842442898674,0.43423689913822056,gbrt:pooled
2014-04,-0.0002026579843240628,-0.0012011266417517362,0.499234328713837,gbrt:pooled
2014-05,0.004571401022212195,0.003608574553796243,0.48141323420797605,gbrt:pooled
2014-06,0.005990629250764461,0.00499379927603094,0.4984149873667608,gbrt:pooled
2014-07,-0.0013262886345750122,-0.002297502950975049,0.4856071582000183,gbrt:pooled
2014-08,0.002060893270653827,0.001079722921315526,0.49058517466915047,gbrt:pooled
2014-09,-0.0009787012523121959,-0.001832384426515124,0.42684158710146397,gbrt:pooled
2014-10,0.004335414745594832,0.003455189766854182,0.4401124893703247,gbrt:pooled
2014-11,0.009626928096956484,0.00871735827188545,0.45478491253551706,gbrt:pooled
2014-12,0.014431480493394643,0.013611612110195128,0.40993419159975686,gbrt:pooled
2015-01,0.007524587782500624,0.006660758240411827,0.43191477104439857,gbrt:pooled
2015-02,-0.0002723640770532914,-0.0012943314303518636,0.510983676649286,gbrt:pooled
2015-03,0.007891228127542378,0.00684777544538477,0.521726341078804,gbrt:pooled
2015-04,-0.010822885928428456,-0.011856871674410054,0.5169928729907985,gbrt:pooled
2015-05,0.0009604581143298908,-0.00031956251869447584,0.6400103165121833,gbrt:pooled
2015-06,0.005294896385384133,0.004136528168187197,0.5791841085984678,gbrt:pooled
2015-07,0.01035111575279689,0.009461772069708298,0.4446718415442966,gbrt:pooled
2015-08,0.00924984442934628,0.008360010619797097,0.4449169047745916,gbrt:pooled
2015-09,0.006039449456140021,0.005171408973732248,0.4340202412038862,gbrt:pooled
2015-10,-0.005754531941542514,-0.00667141376102,0.4584409097387432,gbrt:pooled
2015-11,0.004860241727664716,0.003775900325973093,0.5421707008458115,gbrt:pooled
2015-12,0.000574078733912189,-0.0004749301239509858,0.5245044289315874,gbrt:pooled
2016-01,0.0017033377801260862,0.0007274349967687779,0.48795139167865414,gbrt:pooled
2016-02,-0.003087913637525702,-0.00406234606256624,0.4872162125202689,gbrt:pooled
2016-03,-0.008777825839136952,-0.00988858721055085,0.5553806857069497,gbrt:pooled
2016-04,0.0034839250119381967,0.0023365147528990244,0.5737051295195862,gbrt:pooled
2016-05,0.0027647267774304585,0.0017549814550874485,0.504872661171505,gbrt:pooled
2016-06,-0.0013314557894438576,-0.002353644343423609,0.5110942769898756,gbrt:pooled
2016-07,-0.0007741990404331744,-0.0017011021715927493,0.4634515655797874,gbrt:pooled
2016-08,0.004405061177565105,0.0034079321741210637,0.4985645017220205,gbrt:pooled
2016-09,0.004345547694986413,0.003409055117225465,0.46824628888047426,gbrt:pooled
2016-10,0.002257293435506628,0.0014913616697873728,0.3829658828596277,gbrt:pooled
2016-11,-0.0031871497485186696,-0.004073931795316462,0.4433910233988966,gbrt:pooled
2016-12,0.0008838380514583674,-0.00013916136824871744,0.5114997098535423,gbrt:pooled
2017-01,0.0063340936859380284,0.005323197358267843,0.5054481638350927,gbrt:pooled
2017-02,-0.0007243350381937949,-0.0016678780560306222,0.47177150891841346,gbrt:pooled
2017-03,0.002953941364795625,0.0020890891421080104,0.4324261113438074,gbrt:pooled
2017-04,-3.8773435404517217e-07,-0.0009118493712697981,0.4557308184578764,gbrt:pooled
2017-05,0.005035578718955231,0.004187636430780221,0.42397114408750475,gbrt:pooled
2017-06,0.00039762305433899733,-0.0004887813285123135,0.4432021914256555,gbrt:pooled
2017-07,0.003816822877878717,0.0029583129737405967,0.42925495206906017,gbrt:pooled
2017-08,0.0029391826537863695,0.002048922918589312,0.44512986759852874,gbrt:pooled
2017-09,0.0007485602051598175,-4.3342586691889345e-05,0.39595139592585343,gbrt:pooled
2017-10,0.003865244454542073,0.0030736401005930503,0.39580217697451153,gbrt:pooled
2017-11,0.002521011670656865,0.0016235255788151412,0.448743045920862,gbrt:pooled
2017-12,0.0029805077452250465,0.002101802289175296,0.4393527280248753,gbrt:pooled
2018-01,0.0047884307203157,0.003900118926062083,0.44415589712680853,gbrt:pooled
2018-02,0.0037246074206951705,0.0028445120151050535,0.4400477027950585,gbrt:pooled
2018-03,0.0024430405285663323,0.0016892949511047315,0.3768727887308005,gbrt:pooled
2018-04,0.0026569340195941073,0.001858269142005825,0.3993324387941412,gbrt:pooled
2018-05,0.004899615592979282,0.004126093731185503,0.38676093089688984,gbrt:pooled
2018-06,0.002924046163012767,0.0021277170124645254,0.39816457527412097,gbrt:pooled
2018-07,0.0042690220148473654,0.003531287647825857,0.3688671835107542,gbrt:pooled
2018-08,0.005917427349352958,0.005166147524092394,0.3756399126302821,gbrt:pooled
2018-09,0.01391736684152618,0.01319525635266827,0.3610552444289557,gbrt:pooled
2018-10,0.003043143112062348,0.0022735451962863154,0.38479895788801666,gbrt:pooled
2018-11,-0.0032732105928610783,-0.004075268915401709,0.4010291612703163,gbrt:pooled
2018-12,0.0037317400983854637,0.00276210090150909,0.4848195984381867,gbrt:pooled
2019-01,0.0012779198214335164,0.00036810960985065157,0.4549051057914323,gbrt:pooled
2019-02,-0.005498350471849991,-0.006534304061948803,0.5179767950494049,gbrt:pooled
2019-03,0.004339235194494532,0.003340252196259129,0.4994914991177014,gbrt:pooled
2019-04,0.002679756804819888,0.001827686319758972,0.42603524253045805,gbrt:pooled
2019-05,0.0021330248124801837,0.0012502913689594242,0.4413667217603798,gbrt:pooled
2019-06,0.002818915888711787,0.0018075277162271383,0.5056940862423243,gbrt:pooled
2019-07,0.006903584905661212,0.006001129706557684,0.45122759955176406,gbrt:pooled
2019-08,0.003935639769244926,0.0030911783152465216,0.4222307269992021,gbrt:pooled
2019-09,-0.0018291229883598019,-0.0026720759962882367,0.42147650396421754,gbrt:pooled
2019-10,0.0024188865226653002,0.0014877390362153207,0.4655737432249896,gbrt:pooled
2019-11,0.0016893221662136742,0.000824238051363561,0.43254205742505664,gbrt:pooled
2019-12,0.005870284164792175,0.0049200070721475584,0.47513854632230834,gbrt:pooled
2020-01,0.00713151776104764,0.0062635992710225385,0.4339592450125507,gbrt:pooled
2020-02,0.009252638114270899,0.008346346213274862,0.45314595049801887,gbrt:pooled
2020-03,0.01479772604360392,0.013962077515741307,0.41782426393130534,gbrt:pooled
2020-04,-0.015558010303859145,-0.016819950043363962,0.6309698697524088,gbrt:pooled
2020-05,-0.0026014532266840254,-0.004290322416592746,0.8444345949543599,gbrt:pooled
2020-06,-0.0027410985674518923,-0.004119926289943657,0.6894138612458826,gbrt:pooled
2020-07,0.0026710524361379493,0.0012830771663749688,0.69398763488149,gbrt:pooled
2020-08,-0.003001231915128197,-0.004272380559812801,0.6355743223423019,gbrt:pooled
2020-09,-0.0038108233078653834,-0.00510353945414219,0.6463580731384034,gbrt:pooled
2020-10,0.00017526008193906634,-0.0012275674858932089,0.7014137839161376,gbrt:pooled
2020-11,-0.017750594313658042,-0.01892117712063264,0.5852914034872989,gbrt:pooled
2020-12,0.007094580126334283,0.005316234017987689,0.8891730541732975,gbrt:pooled
2021-01,0.0011199369636009037,-0.00035562411232620077,0.7377805379635519,gbrt:pooled
2021-02,0.006504430095180035,0.005329556329539709,0.5874368828201624,gbrt:pooled
2021-03,0.004792858895070761,0.0035148860430248337,0.638986426022964,gbrt:pooled
2021-04,0.0038699712440439394,0.002552344753633893,0.6588132452050232,gbrt:pooled
2021-05,0.004124618887681649,0.0028549844516122624,0.634817218034693,gbrt:pooled
2021-06,-0.0031021862492419104,-0.004243142581864293,0.5704781663111912,gbrt:pooled
2021-07,0.0005629441861811622,-0.0005912766839161944,0.5771104350486783,gbrt:pooled
2021-08,-0.0006885771304385537,-0.0017336681340326234,0.522545501797035,gbrt:pooled
2021-09,0.006668568699897823,0.005536469512803571,0.5660495935471261,gbrt:pooled
2021-10,0.0032694658328517572,0.002140848431906263,0.5643087004727468,gbrt:pooled
2021-11,0.0022596864003509225,0.0012606776207589243,0.49950438979599904,gbrt:pooled
2021-12,0.009406649922270261,0.008114488387971026,0.6460807671496164,gbrt:pooled
2022-01,0.011470530687064091,0.010534523684502183,0.46800350128095514,gbrt:pooled
2022-02,0.007524749800632716,0.006652281207741553,0.43623429644558215,gbrt:pooled
2022-03,0.010349214582071413,0.009456842824008844,0.446185879031284,gbrt:pooled
2022-04,0.012145954953997944,0.011355750082275377,0.39510243586128446,gbrt:pooled
2022-05,0.004277204717689526,0.0035233764757193766,0.37691412098507426,gbrt:pooled
2022-06,0.0026317896511861565,0.0017823202336575195,0.4247347087643183,gbrt:pooled
2022-07,-0.004430863931440931,-0.00535330490745979,0.4612204880094301,gbrt:pooled
2022-08,-0.0009618384952254671,-0.001854724650718053,0.4464430777462926,gbrt:pooled
2022-09,0.005937548748009513,0.0050513283686880305,0.443110189660741,gbrt:pooled
2022-10,0.004631106661981884,0.0037732069099616727,0.4289498760101054,gbrt:pooled
2022-11,-0.006504688107865946,-0.007467419546049472,0.4813657190917629,gbrt:pooled
2022-12,0.0042687096317652745,0.0032045254610854126,0.5320920853399307,gbrt:pooled
2023-01,0.0003044025616663778,-0.0007371220564232852,0.5207623090448316,gbrt:pooled
2023-02,0.00563595091552969,0.0046761600447914374,0.4798954353691261,gbrt:pooled
2023-03,0.0034781433807829503,0.0026895181258524844,0.3943126274652331,gbrt:pooled
2023-04,0.00010983694524439275,-0.000767236474107503,0.43853670967594777,gbrt:pooled
2023-05,-0.002576926310414796,-0.0033882032722110877,0.40563848089814597,gbrt:pooled
2023-06,0.002115867491608996,0.0012227337410045385,0.44656687530222877,gbrt:pooled
2023-07,0.003910580169092594,0.00299838644930002,0.4560968598962871,gbrt:pooled
2023-08,0.003493274753455526,0.002604755429805929,0.4442596618247988,gbrt:pooled
2023-09,0.009882527383912683,0.009017788608609457,0.4323693876516126,gbrt:pooled
2023-10,0.00786661199391047,0.007091779697926118,0.38741614799217566,gbrt:pooled
2023-11,-0.00789560303993751,-0.008749188953131452,0.42679295659697075,gbrt:pooled
2023-12,0.004342931934504787,0.0034231306416786303,0.4599006464130783,gbrt:pooled
2024-01,0.009824359864094884,0.008895299610549287,0.46453012677279804,gbrt:pooled
2024-02,0.001224558876874225,0.00035098825613109257,0.43678531037156626,gbrt:pooled
2024-03,0.0030730802970115284,0.002170484873116351,0.45129771194758866,gbrt:pooled
2024-04,0.0009396495989967831,6.6544531298805e-06,0.4664975729334515,gbrt:pooled
2024-05,0.002155612353440951,0.001299827942975766,0.42789220523259225,gbrt:pooled
2024-06,0.0004306199329986105,-0.00041577412567595336,0.4231970293372818,gbrt:pooled
2024-07,0.0008002176534384607,-2.419687039574952e-05,0.4122072619171051,gbrt:pooled
2024-08,0.0037408387169106504,0.002892276157167865,0.4242812798713926,gbrt:pooled
2024-09,0.00011741729951124711,-0.0007142891588255142,0.4158532291683806,gbrt:pooled
2024-10,0.005038191990776083,0.004181358031540361,0.4284169796178601,gbrt:pooled
2024-11,0.00978630247234817,0.008916371354046068,0.4349655591510507,gbrt:pooled
2024-12,0.0024242570770025697,0.0015923820015419155,0.4159375377303272,gbrt:pooled
2025-01,0.0013558055134909957,0.0005444707296298486,0.40566739193057333,gbrt:pooled
2025-02,0.00464035206483192,0.0037762499508545637,0.43205105698867785,gbrt:pooled
2025-03,0.006331868812348573,0.005550429596141894,0.3907196081033398,gbrt:pooled
2025-04,-0.0014087646669351135,-0.0021477003987019007,0.36946786588339364,gbrt:pooled
2025-05,-0.0014056211819170681,-0.0022488437736280244,0.4216112958554781,gbrt:pooled
2025-06,-0.0009887501314655572,-0.0017871115841961564,0.3991807263652996,gbrt:pooled
2025-07,-0.0012348729679378166,-0.001957597917976327,0.3613624750192553,gbrt:pooled
2025-08,0.0035112108422159474,0.002647075164351359,0.4320678389322938,gbrt:pooled
2025-09,0.005288673042372274,0.004471366621189296,0.40865321059148896,gbrt:pooled
2025-10,0.012362997164238389,0.011537092903414193,0.4129521304120977,gbrt:pooled
2025-11,0.002302059700407083,0.0014226842043063355,0.439687748050374,gbrt:pooled
2025-12,0.01092129390302866,0.0100678072684271,0.42674331730077986,gbrt:pooled
2000-01,0.008813461351109594,0.008813461351109594,0.0,hist_mean:rule
2000-02,-8.209966579722635e-05,-0.0003666495011590619,0.14227491768091738,hist_mean:rule
2000-03,0.005736909275304468,0.005373985081768108,0.18146209676817943,hist_mean:rule
2000-04,-0.011277336995766035,-0.011563350841675814,0.14300692295488984,hist_mean:rule
2000-05,-0.0022060970314672526,-0.002797388864860676,0.2956459166967118,hist_mean:rule
2000-06,-0.003131590635791353,-0.0035544033480020996,0.21140635610537317,hist_mean:rule
2000-07,0.004245786120790322,0.003971231922509254,0.13727709914053357,hist_mean:rule
2000-08,0.0007701282762872313,0.0005730598557536202,0.09853421026680521,hist_mean:rule
2000-09,0.004104492532986769,0.0039202879385373335,0.09210229722471755,hist_mean:rule
2000-10,-0.002340825102435379,-0.002537663321566898,0.09841910956575942,hist_mean:rule
2000-11,0.007805500271673333,0.007549486066096678,0.1280071027883274,hist_mean:rule
2000-12,-0.010501348250951104,-0.01086505678541576,0.18185426723232867,hist_mean:rule
2001-01,-0.005501372375145279,-0.005759582807564314,0.12910521620951762,hist_mean:rule
2001-02,0.004556812992188774,0.004292931173049875,0.1319409095694494,hist_mean:rule
2001-03,0.015589054641628516,0.015287880056389463,0.15058729261952614,hist_mean:rule
2001-04,0.006350176610321088,0.006036977725880551,0.1565994422202687,hist_mean:rule
2001-05,0.00038191711984404827,-0.00014134564769387637,0.26163138376896233,hist_mean:rule
2001-06,0.002057820592043868,0.0018660515371173936,0.09588452746323718,hist_mean:rule
2001-07,0.011248721713309373,0.011078168079095865,0.08527681710675399,hist_mean:rule
2001-08,-0.007098986363594759,-0.007438473380732123,0.1697435085686817,hist_mean:rule
2001-09,-0.0014263632245582094,-0.0016331806106668545,0.10340869305432246,hist_mean:rule
2001-10,0.004614861627704713,0.004212790061107659,0.2010357832985274,hist_mean:rule
2001-11,0.0038131968647399967,0.003611263806614071,0.10096652906296316,hist_mean:rule
2001-12,0.010631307407272647,0.01044001014937574,0.09564862894845333,hist_mean:rule
2002-01,-0.004622505445664396,-0.004795651834059849,0.0865731941977262,hist_mean:rule
2002-02,-0.0029219384695084337,-0.003151360498044084,0.11471101426782494,hist_mean:rule
2002-03,0.003435114168680207,0.0032419055320467042,0.09660431831675145,hist_mean:rule
2002-04,0.004671559953732687,0.004428011010574297,0.12177447157919556,hist_mean:rule
2002-05,0.0007694080971352158,0.0005368764608833489,0.11626581812593348,hist_mean:rule
2002-06,0.0028255549519297356,0.0026433951011680715,0.09107992538083189,hist_mean:rule
2002-07,-0.0015677218742144612,-0.0017119847867016022,0.07213145624357058,hist_mean:rule
2002-08,0.0068514686634305105,0.006685110284863755,0.08317918928337795,hist_mean:rule
2002-09,0.008643299280870577,0.008457256214444339,0.09302153321311893,hist_mean:rule
2002-10,0.0008299270216906294,0.0006964936885672982,0.06671666656166547,hist_mean:rule
2002-11,0.0048338332400911215,0.004627939876616887,0.10294668173711696,hist_mean:rule
2002-12,0.0049975884694553364,0.004812834955725885,0.0923767568647254,hist_mean:rule
2003-01,-0.0026121820675723906,-0.0027769207651655837,0.08236934879659635,hist_mean:rule
2003-02,0.002375159996870645,0.0022114231628929163,0.0818684169888644,hist_mean:rule
2003-03,0.004166845504988624,0.0040415568275750284,0.0626443387067973,hist_mean:rule
2003-04,-0.006669739326542619,-0.00682033049064746,0.0752955820524203,hist_mean:rule
2003-05,0.0057094230444343095,0.0053491978951599375,0.1801125746371861,hist_mean:rule
2003-06,0.007662980792943365,0.00751736268140631,0.07280905576852759,hist_mean:rule
2003-07,0.00772037373063757,0.007559717393431085,0.08032816860324253,hist_mean:rule
2003-08,0.005602498129101869,0.00545964820976144,0.07142495967021416,hist_mean:rule
2003-09,0.002728126184393089,0.0023430165131195675,0.1925548356367607,hist_mean:rule
2003-10,0.006897947431539409,0.006767927377533624,0.06501002700289256,hist_mean:rule
2003-11,0.0047806226564846765,0.004637260963467188,0.07168084650874385,hist_mean:rule
2003-12,0.0013355899224945446,0.0012152132296546127,0.06018834641996605,hist_mean:rule
2004-01,0.005199965251823944,0.0050166184789535795,0.091673386435182,hist_mean:rule
2004-02,0.004808596594297645,0.004614099869774522,0.09724836226156144,hist_mean:rule
2004-03,0.004385090624053842,0.004206055792552578,0.08951741575063232,hist_mean:rule
2004-04,0.011888724770940055,0.01174715646923363,0.07078415085321275,hist_mean:rule
2004-05,-0.0025171604588401595,-0.0027269539565810057,0.10489674887042272,hist_mean:rule
2004-06,0.0015694442473591298,0.0014322249669523996,0.06860964020336514,hist_mean:rule
2004-07,0.0027848490694212993,0.0026662947693128158,0.059277150054241654,hist_mean:rule
2004-08,0.006783209680694525,0.0066316083995603325,0.07580064056709608,hist_mean:rule
2004-09,0.0026673153926813223,0.0025284086580454643,0.06945336731792892,hist_mean:rule
2004-10,0.0002444517303135318,9.576908560925568e-05,0.07434132235213804,hist_mean:rule
2004-11,0.0021602839780762505,0.001982731561172355,0.08877620845194763,hist_mean:rule
2004-12,0.006068461189951235,0.005915040949096622,0.07671012042730635,hist_mean:rule
2005-01,0.00048184804752615304,0.00022016946245237355,0.13083929253688975,hist_mean:rule
2005-02,0.012481570489174063,0.012359029272523574,0.061270608325244585,hist_mean:rule
2005-03,0.005960174596362438,0.005805125988977254,0.07752430369259188,hist_mean:rule
2005-04,0.012444959654360824,0.012288841266741858,0.07805919380948405,hist_mean:rule
2005-05,-0.009548151668859512,-0.009738168705950855,0.0950085185456718,hist_mean:rule
2005-06,-0.004809962908395158,-0.004965357712009878,0.0776974018073602,hist_mean:rule
2005-07,0.010867884715367163,0.010758334543525903,0.05477508592062956,hist_mean:rule
2005-08,0.0023347607947062465,0.002199384452250352,0.06768817122794714,hist_mean:rule
2005-09,-0.0012650917988602677,-0.001460518398312773,0.09771329972625242,hist_mean:rule
2005-10,-0.0012453994161025792,-0.0013783956275260105,0.06649810571171566,hist_mean:rule
2005-11,-0.0015264092422326671,-0.001664135009969041,0.06886288386818674,hist_mean:rule
2005-12,-0.00022361931527238712,-0.0003686016602493318,0.07249117248847242,hist_mean:rule
2006-01,0.010805488975982368,0.010678825944446869,0.06333151576775034,hist_mean:rule
2006-02,-0.0007424181045478576,-0.001084937957352107,0.17125992640212462,hist_mean:rule
2006-03,-0.0150920422908407,-0.0152270633629477,0.06751053605349966,hist_mean:rule
2006-04,-0.0007148589872408032,-0.0009574667332498127,0.12130387300450468,hist_mean:rule
2006-05,0.0010695790006248077,0.0008544940164196169,0.1075424921025955,hist_mean:rule
2006-06,0.00870664326734029,0.00859552868566407,0.0555572908381102,hist_mean:rule
2006-07,0.0028884259905984162,0.002480433555381688,0.20399621760836406,hist_mean:rule
2006-08,0.0031989801725389047,0.0029803898689023897,0.10929515181825744,hist_mean:rule
2006-09,0.000186985580286211,-5.370170151123468e-05,0.12034364089872297,hist_mean:rule
2006-10,-0.0019380651428502428,-0.002078816336302139,0.0703755967259479,hist_mean:rule
2006-11,-0.006585393326671949,-0.006724041505793086,0.06932408956056876,hist_mean:rule
2006-12,-0.0007910737126688291,-0.0009524873055206896,0.08070679642593019,hist_mean:rule
2007-01,0.0003231210640367295,0.00013498377893202243,0.09406864255235364,hist_mean:rule
2007-02,-0.003718210831455202,-0.004115703773931058,0.19874647123792813,hist_mean:rule
2007-03,0.004938654721237354,0.0047466129713503195,0.09602087494351765,hist_mean:rule
2007-04,0.0035158781072819043,0.0032852051291503374,0.11533648906578364,hist_mean:rule
2007-05,0.0033048019312352742,0.0030395493148087697,0.1326263082132526,hist_mean:rule
2007-06,-1.3950472633369453e-06,-0.00018594058110303806,0.09227276691985059,hist_mean:rule
2007-07,-0.002007180497704583,-0.0022248053436995144,0.10881242299746556,hist_mean:rule
2007-08,0.0035591664975462164,0.0033226551710975175,0.11825566322434951,hist_mean:rule
2007-09,-0.0006514150606545858,-0.000841095341601317,0.09484014047336564,hist_mean:rule
2007-10,0.00794852570529554,0.007600085043356034,0.17422033096975267,hist_mean:rule
2007-11,0.001966811917297451,0.0016670860755904088,0.14986292085352088,hist_mean:rule
2007-12,0.001470585644582621,0.0012244240703567148,0.12308078711295305,hist_mean:rule
2008-01,-0.0003862598882944341,-0.0006502890799341946,0.1320145958198803,hist_mean:rule
2008-02,0.0035777250719907605,0.0033591335429562323,0.10929576451726393,hist_mean:rule
2008-03,-0.00032827807887043307,-0.0005022672153636055,0.0869945682465863,hist_mean:rule
2008-04,0.0032577175805170028,0.003051889969575475,0.1029138054707636,hist_mean:rule
2008-05,-0.001388490304554581,-0.0016467004476926226,0.12910507156902098,hist_mean:rule
2008-06,0.0035237050002491534,0.0033643301125199495,0.07968744386460183,hist_mean:rule
2008-07,0.005185245515630853,0.005035427081414786,0.0749092171080335,hist_mean:rule
2008-08,0.0016650601822310457,0.0014705615772345533,0.09724930249824605,hist_mean:rule
2008-09,0.003723558621650141,0.0035711341306529335,0.07621224549860398,hist_mean:rule
2008-10,0.005758678102674455,0.005545098919529806,0.10678959157232416,hist_mean:rule
2008-11,0.007735034897390635,0.007475508350897566,0.12976327324653436,hist_mean:rule
2008-12,0.0008785197440805563,0.0006123010048619389,0.13310936960930855,hist_mean:rule
2009-01,0.0016734557319955023,0.001443540702480879,0.11495751475731178,hist_mean:rule
2009-02,-0.002912549601483974,-0.003138694545455408,0.1130724719857173,hist_mean:rule
2009-03,-0.0034251369337173713,-0.0036331662093927633,0.10401463783769586,hist_mean:rule
2009-04,-0.019795828132083894,-0.020054817323491122,0.12949459570361332,hist_mean:rule
2009-05,-0.0047940986674826274,-0.005099996531486086,0.1529489320017296,hist_mean:rule
2009-06,0.000920118972499422,0.0006431243298908882,0.1384973213042668,hist_mean:rule
2009-07,0.0029895242457479584,0.0027957905630382495,0.0968668413548543,hist_mean:rule
2009-08,0.002471445009956141,0.002261482531777865,0.1049812390891382,hist_mean:rule
2009-09,-0.0009870802985769034,-0.0011512475397443607,0.08208362058372853,hist_mean:rule
2009-10,0.0011144944785100985,0.0009196028411394247,0.09744581868533694,hist_mean:rule
2009-11,0.0033223068363598548,0.0031661054301356313,0.0781007031121117,hist_mean:rule
2009-12,-0.0019080064046336574,-0.002065327004763404,0.07866030006487376,hist_mean:rule
2010-01,-0.0002235486783464146,-0.0003756695741902153,0.07606044792190017,hist_mean:rule
2010-02,0.0010050525833236016,0.0007901965831555832,0.10742800008400934,hist_mean:rule
2010-03,0.0006623717216412125,0.000488327380419577,0.0870221706108178,hist_mean:rule
2010-04,0.0025185830665351624,0.002370599008367592,0.07399202908378523,hist_mean:rule
2010-05,0.0028355010319334258,0.0026975396645536136,0.06898068368990617,hist_mean:rule
2010-06,0.002529516283894266,0.002388711100885215,0.07040259150452545,hist_mean:rule
2010-07,0.0021704503188129383,0.0020561397792578083,0.05715526977756504,hist_mean:rule
2010-08,0.0021003184182815226,0.0019504497482269623,0.07493433502727992,hist_mean:rule
2010-09,0.0015819430247718572,0.0014267677843445598,0.07758762021364887,hist_mean:rule
2010-10,0.00374726318395104,0.0036163605745599195,0.06545130469556042,hist_mean:rule
2010-11,0.006129902506863632,0.005994204303705827,0.06784910157890255,hist_mean:rule
2010-12,-0.00035553769120034756,-0.000498713004183879,0.07158765649176557,hist_mean:rule
2011-01,0.001137014924110724,0.0009963538180685655,0.07033055302107917,hist_mean:rule
2011-02,0.002190290859348955,0.0020398259045821816,0.07523247738338654,hist_mean:rule
2011-03,0.0011090860354818198,0.0009401889207544348,0.08444855736369233,hist_mean:rule
2011-04,0.004042198081515828,0.0039109669011619524,0.06561559017693795,hist_mean:rule
2011-05,0.002629969594881955,0.002513981878313313,0.05799385828432097,hist_mean:rule
2011-06,0.00175834603250123,0.0016509423961566117,0.05370181817230927,hist_mean:rule
2011-07,0.005188495320178205,0.005078897260213499,0.054799029982352886,hist_mean:rule
2011-08,0.003704104510260016,0.0035958402356100773,0.054132137324968944,hist_mean:rule
2011-09,0.006528148949307928,0.006408641070341352,0.059753939483287916,hist_mean:rule
2011-10,2.9823898586031232e-05,-8.442396281609858e-05,0.05712393070106524,hist_mean:rule
2011-11,0.003726567325397386,0.003592328456432799,0.06711943448229343,hist_mean:rule
2011-12,0.003438505854203235,0.0033392060312153133,0.0496499114939606,hist_mean:rule
2012-01,-0.008475380584319939,-0.008689577863324126,0.10709863950209379,hist_mean:rule
2012-02,0.0016676876566074702,0.0015296807790608263,0.06900343877332163,hist_mean:rule
2012-03,0.009508333112371897,0.009390460155420123,0.05893647847588725,hist_mean:rule
2012-04,0.0020859243620402717,0.001869406238458498,0.10825906179088655,hist_mean:rule
2012-05,0.0032458280565272417,0.0030889884450567328,0.07841980573525427,hist_mean:rule
2012-06,0.004447828108155647,0.004354392971880693,0.046717568137477544,hist_mean:rule
2012-07,0.00388518904526953,0.0037645319386697055,0.060328553299912234,hist_mean:rule
2012-08,0.004439464713772937,0.004341006266910912,0.049229223431012506,hist_mean:rule
2012-09,0.0003367442210309906,0.0002385388886778809,0.04910266617655491,hist_mean:rule
2012-10,0.002354827197708529,0.0022566640334087604,0.049081582149884374,hist_mean:rule
2012-11,0.0030001229137650845,0.002900497044311574,0.049812934726755194,hist_mean:rule
2012-12,-0.00034399042913924174,-0.00044954387419305584,0.05277672252690705,hist_mean:rule
2013-01,0.0006066480802177863,0.0005087255976763978,0.04896124127069426,hist_mean:rule
2013-02,0.0029114284178248526,0.0027671442471718087,0.07214208532652217,hist_mean:rule
2013-03,0.0037673688835964756,0.003647586305125553,0.059891289235461276,hist_mean:rule
2013-04,0.0051243764357211535,0.004984293668171975,0.07004138377458957,hist_mean:rule
2013-05,0.00017785817467433975,5.393310564882954e-05,0.061962534512755095,hist_mean:rule
2013-06,0.003538815931709092,0.003414423277446413,0.06219632713133963,hist_mean:rule
2013-07,0.009290303164568893,0.00914978394649841,0.07025960903524094,hist_mean:rule
2013-08,-0.0015468854183864809,-0.0016762235625594217,0.06466907208647024,hist_mean:rule
2013-09,-0.0011911027317180912,-0.001372957915132527,0.09092759170721801,hist_mean:rule
2013-10,-0.0019398937985661455,-0.0020526039091153694,0.05635505527461189,hist_mean:rule
2013-11,0.0005294884201460022,0.00040126154464527385,0.06411343775036431,hist_mean:rule
2013-12,0.003162183516958218,0.0030813465759771575,0.04041847049053013,hist_mean:rule
2014-01,0.003239068986268544,0.0031488095183162704,0.045129733976136906,hist_mean:rule
2014-02,0.0051381060090997825,0.005035231195128465,0.051437406985658664,hist_mean:rule
2014-03,0.0017740588207469559,0.0016783417099737249,0.04785855538661554,hist_mean:rule
2014-04,-0.002061620921736236,-0.0022173184174824976,0.07784874787313045,hist_mean:rule
2014-05,0.0009574545953201286,0.0008063880155790889,0.07553328987051983,hist_mean:rule
2014-06,0.0021136202503012837,0.00200921723495504,0.05220150767312197,hist_mean:rule
2014-07,0.003274863373348085,0.0031838024850083598,0.045530444169862364,hist_mean:rule
2014-08,0.0011414129721923848,0.000992986088667243,0.07421344176257083,hist_mean:rule
2014-09,-0.0009902099162580622,-0.0010780737994184183,0.0439319415801782,hist_mean:rule
2014-10,0.0016953460633269718,0.0015949908011293674,0.05017763109880213,hist_mean:rule
2014-11,0.006453941690494173,0.006366753884190718,0.043593903151726926,hist_mean:rule
2014-12,0.006462696541767823,0.006368452088569382,0.047122226599220635,hist_mean:rule
2015-01,0.007326941604075383,0.00721368959831474,0.05662600288032083,hist_mean:rule
2015-02,-0.0008841884863508106,-0.001007491229069893,0.06165137135954142,hist_mean:rule
2015-03,0.008022038980953654,0.007915726305661057,0.053156337646299394,hist_mean:rule
2015-04,-0.006423169042957244,-0.006554495696619675,0.06566332683121595,hist_mean:rule
2015-05,0.0016242116950993958,0.0014537433179199455,0.0852341885897251,hist_mean:rule
2015-06,0.004428293100583521,0.004340042279860331,0.0441254103615956,hist_mean:rule
2015-07,0.0071157200374940294,0.007032502818439973,0.04160860952702751,hist_mean:rule
2015-08,0.004652585083440144,0.0045567566831419245,0.04791420014911007,hist_mean:rule
2015-09,0.00482086339183571,0.004731332044049826,0.04476567389294183,hist_mean:rule
2015-10,-0.0015788844995601066,-0.0016826553657188102,0.05188543307935178,hist_mean:rule
2015-11,0.0018645087876303437,0.0017685417485149744,0.04798351955768484,hist_mean:rule
2015-12,0.003789126496713009,0.0036804715968465945,0.05432744993320754,hist_mean:rule
2016-01,0.0022341104759581215,0.0021365880376752605,0.048761219141430466,hist_mean:rule
2016-02,-0.0009402907592869088,-0.0010416436109497468,0.0506764258314188,hist_mean:rule
2016-03,-0.008173953953636074,-0.008284687858516758,0.0553669524403429,hist_mean:rule
2016-04,0.0012962310293432706,0.0011813035714773798,0.05746372893294534,hist_mean:rule
2016-05,0.0045014287839525114,0.004401631264178564,0.04989875988697365,hist_mean:rule
2016-06,-0.0008269904880608714,-0.0009119799972375072,0.042494754588317814,hist_mean:rule
2016-07,0.0030371139282517148,0.002957300489218061,0.03990671951682687,hist_mean:rule
2016-08,0.004740910522082512,0.004647832637849279,0.046538942116616897,hist_mean:rule
2016-09,0.004880574548667762,0.004768477499113125,0.05604852477731806,hist_mean:rule
2016-10,0.0027145684608402354,0.002656330050361988,0.029119205239123723,hist_mean:rule
2016-11,-0.00515629313778698,-0.005249025272825141,0.046366067519080484,hist_mean:rule
2016-12,0.0007593224412260274,0.0006016827936385389,0.07881982379374426,hist_mean:rule
2017-01,0.004140516773084119,0.004044338031014147,0.048089371034986055,hist_mean:rule
2017-02,-0.001223788681925821,-0.0013167144077076995,0.04646286289093943,hist_mean:rule
2017-03,0.004264054660824622,0.004187611062293877,0.038221799265372655,hist_mean:rule
2017-04,-0.001142303931266844,-0.0012234481273159516,0.040572098024553846,hist_mean:rule
2017-05,0.004833074638649199,0.004750336354961742,0.04136914184372838,hist_mean:rule
2017-06,0.0004865849547097842,0.00039173666167018225,0.047424146519800904,hist_mean:rule
2017-07,0.0035312052764922626,0.0034601446252467256,0.03553032562276842,hist_mean:rule
2017-08,0.0012238011940264072,0.0011456298102697291,0.0390856918783389,hist_mean:rule
2017-09,0.0033264870036813915,0.003261546497120918,0.03247025328023666,hist_mean:rule
2017-10,0.0015339592891631792,0.001459386637920578,0.03728632562130064,hist_mean:rule
2017-11,0.0013645793160098729,0.0012643783732880264,0.05010047136092328,hist_mean:rule
2017-12,-0.00025790296249297026,-0.00033397974471382016,0.038038391110425056,hist_mean:rule
2018-01,0.003644328253341045,0.0035396068579332377,0.0523606977039036,hist_mean:rule
2018-02,0.002228418460110357,0.0021343660025691024,0.0470262287706272,hist_mean:rule
2018-03,0.0018787566481227216,0.001749446344658969,0.06465515173187643,hist_mean:rule
2018-04,0.0009548536560986243,0.0008665501507315602,0.04415175268353199,hist_mean:rule
2018-05,0.003991230140249051,0.003891845973911898,0.04969208316857672,hist_mean:rule
2018-06,0.0030803995418799313,0.002986426133280262,0.046986704299834425,hist_mean:rule
2018-07,0.004745311888923688,0.004661795597560982,0.04175814568135312,hist_mean:rule
2018-08,0.0038950736582872513,0.0038105261828050075,0.04227373774112152,hist_mean:rule
2018-09,0.0105247567154472,0.010442199779229177,0.04127846810901155,hist_mean:rule
2018-10,0.0025228336875872024,0.0024343772640241664,0.044228211781518006,hist_mean:rule
2018-11,-0.0010837312130737146,-0.0011756487971125004,0.045958792019393103,hist_mean:rule
2018-12,-0.0016715213460282133,-0.0017647724209039007,0.04662553743784393,hist_mean:rule
2019-01,0.004842472502533907,0.004772907523274325,0.034782489629791365,hist_mean:rule
2019-02,-0.00440644220585184,-0.004497795984939678,0.045676889543919026,hist_mean:rule
2019-03,0.003076955074245553,0.003004402763391578,0.036276155426987346,hist_mean:rule
2019-04,0.0016944600524634696,0.0016243734662158198,0.035043293123824926,hist_mean:rule
2019-05,0.0014202172789602296,0.001342122600675566,0.0390473391423319,hist_mean:rule
2019-06,0.004245153297302986,0.004164169052262307,0.040492122520339305,hist_mean:rule
2019-07,0.005140757918650157,0.005082133463472707,0.029312227588725082,hist_mean:rule
2019-08,0.0017953634721358752,0.0017100493163340934,0.04265707790089103,hist_mean:rule
2019-09,-0.0015468333193606942,-0.0016188668103621442,0.03601674550072514,hist_mean:rule
2019-10,0.00028560072351425226,0.00020680532531803077,0.03939769909811065,hist_mean:rule
2019-11,0.0020552417776824104,0.001987060050137788,0.0340908637723111,hist_mean:rule
2019-12,0.0038164980740349715,0.003738510531264015,0.03899377138547803,hist_mean:rule
2020-01,0.002187460372826168,0.002127869139540547,0.029795616642810174,hist_mean:rule
2020-02,0.004001655030488845,0.003922659509367138,0.039497760560853086,hist_mean:rule
2020-03,0.0047658529988681714,0.00468890750691335,0.03847274597741099,hist_mean:rule
2020-04,-0.004280286892631082,-0.004440154686796292,0.07993389708260543,hist_mean:rule
2020-05,-0.000662749486864374,-0.0008033902406914752,0.07032037691355063,hist_mean:rule
2020-06,-0.005859406683389562,-0.005958132213658787,0.0493627651346126,hist_mean:rule
2020-07,0.0034567657274472124,0.003328674152290223,0.06404578757849444,hist_mean:rule
2020-08,-0.0028124635340511725,-0.0029319548410659123,0.05974565350736969,hist_mean:rule
2020-09,0.0009232090006220363,0.0008273637066283867,0.04792264699682487,hist_mean:rule
2020-10,0.004412370489792449,0.0043200988309814005,0.04613582940552437,hist_mean:rule
2020-11,-0.018043097572602966,-0.018130791380467113,0.04384690393207257,hist_mean:rule
2020-12,-0.0055948923174597796,-0.005730848333477276,0.06797800800874855,hist_mean:rule
2021-01,0.00426666676020951,0.004162238232904049,0.05221426365273029,hist_mean:rule
2021-02,-0.002301255680607402,-0.002398901224491381,0.04882277194198961,hist_mean:rule
2021-03,0.0019029307296362992,0.0017923982664058665,0.055266231615216446,hist_mean:rule
2021-04,0.0011336110152773116,0.0010402446171407854,0.046683199068263105,hist_mean:rule
2021-05,0.0005984612752219331,0.0004865456077566076,0.0559578337326627,hist_mean:rule
2021-06,-0.004209227049619105,-0.00429579615953108,0.043284554955987486,hist_mean:rule
2021-07,0.0037199595290126255,0.0036243790175659635,0.04779025572333076,hist_mean:rule
2021-08,-0.0009614130775924712,-0.0010332225122860147,0.03590471734677185,hist_mean:rule
2021-09,0.00415269431898286,0.004061101966203049,0.045796176389905824,hist_mean:rule
2021-10,0.00011675249386592948,3.0229159624460732e-05,0.04326166712073414,hist_mean:rule
2021-11,0.0058340621042209965,0.005750910659332199,0.041575722444398194,hist_mean:rule
2021-12,0.00785670659118828,0.0077515243728713355,0.05259110915847229,hist_mean:rule
2022-01,0.007511861783902936,0.007433588248595127,0.039136767653904274,hist_mean:rule
2022-02,0.007962194341738003,0.007875407858480558,0.043393241628723274,hist_mean:rule
2022-03,0.0047544206456142804,0.00465926445635071,0.047578094631785285,hist_mean:rule
2022-04,0.009041041160270687,0.008935011729815588,0.053014715227549906,hist_mean:rule
2022-05,0.004689992119178358,0.004575056453817606,0.057467832680375565,hist_mean:rule
2022-06,-0.0013599911124281073,-0.0014547058150889873,0.04735735133044008,hist_mean:rule
2022-07,-0.000978793350655271,-0.0010707679207202475,0.04598728503248823,hist_mean:rule
2022-08,-0.002486676653459198,-0.0025635570414034078,0.038440193972105206,hist_mean:rule
2022-09,0.0027590272757369028,0.0026703678555978294,0.04432971006953666,hist_mean:rule
2022-10,0.003004847996820895,0.0029200903577876647,0.04237881951661503,hist_mean:rule
2022-11,-0.0014885284846127245,-0.0015961532641428583,0.05381238976506661,hist_mean:rule
2022-12,0.0056287558364008705,0.005515959673052083,0.05639808167439366,hist_mean:rule
2023-01,0.001713222185993215,0.0016269173495152575,0.04315241823897863,hist_mean:rule
2023-02,0.001922348453706881,0.0018255181692650795,0.04841514222090058,hist_mean:rule
2023-03,0.0018941003744781337,0.0018260188228343783,0.03404077582187782,hist_mean:rule
2023-04,-0.0005117282042936618,-0.0005916598649997617,0.03996583035305007,hist_mean:rule
2023-05,-0.0022919701081790607,-0.0023741238461500347,0.04107686898548651,hist_mean:rule
2023-06,0.0026380615670032847,0.002561461702314594,0.03829993234434519,hist_mean:rule
2023-07,0.001541044084128162,0.0014642611961091963,0.03839144400948268,hist_mean:rule
2023-08,0.0011746518361603997,0.0010797613012084848,0.047445267475957315,hist_mean:rule
2023-09,0.005777500971009344,0.0057061475756747275,0.035676697667307605,hist_mean:rule
2023-10,0.005247932685495368,0.005175884344109791,0.03602417069278808,hist_mean:rule
2023-11,-0.0030145867134826793,-0.003153231066103819,0.06932217631056978,hist_mean:rule
2023-12,0.0037407922411433676,0.00366684488820329,0.03697367647003887,hist_mean:rule
2024-01,0.010211384508225637,0.01013758667926017,0.036898914482734066,hist_mean:rule
2024-02,-0.0016677494482437937,-0.0017576588891563536,0.04495472045627983,hist_mean:rule
2024-03,0.0037017961315799694,0.0036154694850522254,0.04316332326387204,hist_mean:rule
2024-04,0.0017007732970907902,0.0015939600021006766,0.05340664749505677,hist_mean:rule
2024-05,0.0014191699182760627,0.0013127899537204073,0.05318998227782765,hist_mean:rule
2024-06,0.002431926109506726,0.0023402096634892637,0.04585822300873084,hist_mean:rule
2024-07,0.0017429653506938934,0.0016847776180166653,0.029093866338614195,hist_mean:rule
2024-08,0.002035242164716789,0.0019690051517358043,0.033118506490492264,hist_mean:rule
2024-09,8.04834250789988e-05,1.2548694408249924e-05,0.03396736533537441,hist_mean:rule
2024-10,-0.00039484192265284,-0.00045831497964811445,0.03173652849763738,hist_mean:rule
2024-11,0.009991781643614788,0.009917161932195663,0.037309855709561836,hist_mean:rule
2024-12,0.0009947356810944322,0.0009268236734343776,0.0339560038300273,hist_mean:rule
2025-01,0.0023260221330640585,0.0022646576526239763,0.03068224022004112,hist_mean:rule
2025-02,0.0029095388186587624,0.0028333660525896795,0.03808638303454183,hist_mean:rule
2025-03,0.0045327505066765006,0.004461971335770875,0.03538958545281255,hist_mean:rule
2025-04,-0.00020766617660326837,-0.0002838761124866983,0.03810496794171492,hist_mean:rule
2025-05,-0.00047463861270105335,-0.0005553890161627982,0.04037520173087234,hist_mean:rule
2025-06,-0.003406667618794705,-0.0034934584352791145,0.04339540824220431,hist_mean:rule
2025-07,-0.0016283056830460269,-0.001687355882851826,0.029525099902899546,hist_mean:rule
2025-08,-0.0020873448973564783,-0.002166355767706784,0.03950543517515305,hist_mean:rule
2025-09,0.0036071569453896483,0.003534995534487201,0.036080705451223424,hist_mean:rule
2025-10,0.007452497077137492,0.007375402287248811,0.03854739494434048,hist_mean:rule
2025-11,0.003924233507515017,0.00383081915624017,0.04670717563742372,hist_mean:rule
2025-12,0.006178147882459223,0.00611448052143912,0.0318336805100518,hist_mean:rule
2000-01,-0.007548913469342363,-0.007548913469342363,0.0,nn:dm_only
2000-02,0.005335058526384081,0.0034019446063075108,0.966556960038285,nn:dm_only
2000-03,-0.0027163839484029327,-0.0043853670681148664,0.8344915598559669,nn:dm_only
2000-04,0.013005173484315185,0.011087219309854724,0.9589770872302312,nn:dm_only
2000-05,0.005267909835767476,0.003619711640721589,0.8240990975229433,nn:dm_only
2000-06,0.004597642079007199,0.0030088136985628802,0.7944141902221589,nn:dm_only
2000-07,0.0010116779118454614,-0.0006860272992988147,0.8488526055721379,nn:dm_only
2000-08,-0.0009328877140451575,-0.00238730011898611,0.727206202470476,nn:dm_only
2000-09,0.003201633214213714,0.0016825394848411306,0.7595468646862918,nn:dm_only
2000-10,0.01288518634468792,0.011417099847835031,0.734043248426444,nn:dm_only
2000-11,0.012532729990198999,0.011195446827995784,0.6686415811016067,nn:dm_only
2000-12,0.002007397929823568,0.0003295129300105444,0.8389424999065117,nn:dm_only
2001-01,-0.014367720026550578,-0.01635199592002387,0.9921379467366465,nn:dm_only
2001-02,-0.002202124188376864,-0.004521154295759142,1.1595150536911394,nn:dm_only
2001-03,0.026208068727299916,0.023862672539377974,1.172698093960971,nn:dm_only
2001-04,0.0018895895175048067,1.1868522032227344e-05,0.9388604977362895,nn:dm_only
2001-05,0.014152932126952875,0.01195237998911722,1.1002760689178275,nn:dm_only
2001-06,-0.005418412300195489,-0.00722095711792716,0.9012724088658355,nn:dm_only
2001-07,0.022423100339718876,0.0204132633054393,1.0049185171397859,nn:dm_only
2001-08,-0.007398734072620301,-0.009122035905654266,0.8616509165169826,nn:dm_only
2001-09,-0.0012021502468914922,-0.003300412211058884,1.049130982083696,nn:dm_only
2001-10,0.0010697953875839809,-0.0010047685124003173,1.0372819499921493,nn:dm_only
2001-11,0.01182295279882973,0.009639380785685677,1.0917860065720262,nn:dm_only
2001-12,0.006372147894972737,0.004382474049058379,0.9948369229571791,nn:dm_only
2002-01,-0.0035184680423602866,-0.005652240549151468,1.0668862533955905,nn:dm_only
2002-02,0.004599967555679527,0.003128315559566505,0.7358259980565106,nn:dm_only
2002-03,0.011499739833801825,0.010136176415107046,0.6817817093473901,nn:dm_only
2002-04,0.010867243764258154,0.00956293555120009,0.6521541065290315,nn:dm_only
2002-05,0.00930816708839413,0.008004231416086308,0.6519678361539103,nn:dm_only
2002-06,0.009465729980367262,0.008386336791908169,0.5396965942295477,nn:dm_only
2002-07,0.0011715468369755558,3.750413014021112e-05,0.5670213534176722,nn:dm_only
2002-08,0.005504919937558491,0.004330647519384121,0.5871362090871858,nn:dm_only
2002-09,0.006106683932656504,0.0048886222166739345,0.6090308579912848,nn:dm_only
2002-10,0.0026428445672414475,0.0015433831324312812,0.5497307174050834,nn:dm_only
2002-11,0.001890086852280852,0.0005362229819526095,0.6769319351641213,nn:dm_only
2002-12,-0.001269329482082102,-0.002508398132189373,0.6195343250536355,nn:dm_only
2003-01,-0.0019045709424516273,-0.003159339127891063,0.6273840927197178,nn:dm_only
2003-02,0.00519825953451713,0.004306410587263165,0.4459244736269825,nn:dm_only
2003-03,0.006102073966326278,0.005170126932781043,0.46597351677261767,nn:dm_only
2003-04,-0.002297562407623335,-0.003075238560246769,0.38883807631171696,nn:dm_only
2003-05,-0.002701505897085919,-0.003955144982341066,0.6268195426275736,nn:dm_only
2003-06,0.004875089589657682,0.0036855008849095185,0.5947943523740821,nn:dm_only
2003-07,0.008637500000463193,0.007485900798568914,0.5757996009471394,nn:dm_only
2003-08,0.005561725025522139,0.004274678898236711,0.6435230636427138,nn:dm_only
2003-09,1.088120261982003e-05,-0.0013012121417642652,0.6560466721920427,nn:dm_only
2003-10,0.006410972162762789,0.004947398002784736,0.7317870799890261,nn:dm_only
2003-11,-0.002630514145613234,-0.003910362994049941,0.6399244242183534,nn:dm_only
2003-12,0.0071531035249449235,0.005824785029044886,0.6641592479500188,nn:dm_only
2004-01,-0.0013976954486444812,-0.003000078060837897,0.8011913060967079,nn:dm_only
2004-02,-0.00014570994018844765,-0.0016750598961225536,0.7646749779670527,nn:dm_only
2004-03,0.002941186392720273,0.0015526331400012102,0.6942766263595314,nn:dm_only
2004-04,-0.00167070587266721,-0.0032226151148775735,0.7759546211051815,nn:dm_only
2004-05,0.0013456917779665633,-0.00017341350510220518,0.7595526415343842,nn:dm_only
2004-06,0.0013949530826899512,-3.2912695864543247e-05,0.7139328892772473,nn:dm_only
2004-07,0.005630947568675441,0.00438529710390793,0.6228252323837555,nn:dm_only
2004-08,0.005417682309211375,0.0042272222136697825,0.5952300477707966,nn:dm_only
2004-09,0.007961509873092685,0.0067116315713553944,0.6249391508686456,nn:dm_only
2004-10,0.011983288459715403,0.010829513034357162,0.5768877126791209,nn:dm_only
2004-11,0.008935896509414589,0.00786493277238855,0.5354818685130185,nn:dm_only
2004-12,0.004241322933775868,0.0029316393604098684,0.6548417866829995,nn:dm_only
2005-01,-0.0007741915420450881,-0.0021629740414279936,0.6943912496914528,nn:dm_only
2005-02,0.008631331632462179,0.007620661363403624,0.5053351345292778,nn:dm_only
2005-03,0.008066105305507491,0.007022666578521604,0.5217193634929435,nn:dm_only
2005-04,0.014034042864339215,0.013030665549934524,0.5016886572023461,nn:dm_only
2005-05,-0.011412916340716525,-0.012317796376393589,0.4524400178385317,nn:dm_only
2005-06,0.0050970766216577095,0.0038818045495854566,0.6076360360361266,nn:dm_only
2005-07,0.003984239308999703,0.003047069356028362,0.4685849764856709,nn:dm_only
2005-08,0.0012156375761086795,9.388990062264037e-05,0.5608738377430196,nn:dm_only
2005-09,0.007760374175320845,0.006616881591802678,0.5717462917590831,nn:dm_only
2005-10,0.00014605889832541863,-0.0008973524619485916,0.521705680137005,nn:dm_only
2005-11,-0.0014361873212574345,-0.0024782334494514655,0.5210230640970155,nn:dm_only
2005-12,-0.0021958895214656687,-0.0033590660856866123,0.5815882821104714,nn:dm_only
2006-01,-0.00959274140762539,-0.010784727389448068,0.5959929909113386,nn:dm_only
2006-02,0.004049581999616349,0.0025346856444613606,0.7574481775774942,nn:dm_only
2006-03,0.0031423419587290865,0.001967801788947716,0.5872700848906851,nn:dm_only
2006-04,0.007032298595327617,0.005649743913132447,0.6912773410975852,nn:dm_only
2006-05,-0.0014439451387293664,-0.0027985876616609443,0.677321261465789,nn:dm_only
2006-06,0.0036248694544603437,0.002522951444299182,0.5509590050805806,nn:dm_only
2006-07,-0.002914699333729285,-0.004178418492080851,0.631859579175783,nn:dm_only
2006-08,-0.003991378403874468,-0.005105276591349055,0.5569490937372935,nn:dm_only
2006-09,0.003994894816109781,0.002796802269001489,0.5990462735541459,nn:dm_only
2006-10,-0.0016750446634647934,-0.0027012723761233397,0.5131138563292733,nn:dm_only
2006-11,0.012928669217897504,0.01174981622865281,0.5894264946223479,nn:dm_only
2006-12,-0.00036495559622363663,-0.0014180943698617068,0.5265693868190349,nn:dm_only
2007-01,0.006396792971565759,0.005121349707037418,0.6377216322641702,nn:dm_only
2007-02,-0.001425112020812353,-0.002693531193056412,0.6342095861220292,nn:dm_only
2007-03,0.004662368173235253,0.003463279455560257,0.599544358837498,nn:dm_only
2007-04,0.009829776527337282,0.008662105320092404,0.5838356036224385,nn:dm_only
2007-05,0.0032804960509562595,0.002152682241615004,0.563906904670628,nn:dm_only
2007-06,-0.004220437346683963,-0.005553301475652044,0.6664320644840399,nn:dm_only
2007-07,-0.0005422003357920451,-0.0019513476220969525,0.7045736431524535,nn:dm_only
2007-08,0.0021216418339790924,0.0006590393875149903,0.7313012232320512,nn:dm_only
2007-09,0.0053152212559842245,0.003967363757296456,0.6739287493438845,nn:dm_only
2007-10,0.014184989355758695,0.012895901005840413,0.6445441749591412,nn:dm_only
2007-11,0.004291221430405884,0.0030120866898045717,0.6395673703006566,nn:dm_only
2007-12,0.004365648242528827,0.0030645870807058675,0.65053058091148,nn:dm_only
2008-01,0.0011641334565051413,1.9068161661392583e-05,0.5725326474218742,nn:dm_only
2008-02,0.0007306392197004764,-0.00047179066911468687,0.6012149444075818,nn:dm_only
2008-03,0.004356387406843293,0.0032949806420063963,0.5307033824184488,nn:dm_only
2008-04,0.004142565593683696,0.003071873349419786,0.5353461221319551,nn:dm_only
2008-05,0.0001725337261028471,-0.0010576191849124134,0.6150764555076301,nn:dm_only
2008-06,0.010092280916854178,0.009063852251527938,0.5142143326631199,nn:dm_only
2008-07,-0.002466475347739248,-0.0034492198645712864,0.4913722584160192,nn:dm_only
2008-08,0.009447349522083148,0.008166808709629512,0.6402704062268182,nn:dm_only
2008-09,0.007882717607142388,0.00684868053306727,0.5170185370375582,nn:dm_only
2008-10,0.016779057278049323,0.015675209964450175,0.5519236567995747,nn:dm_only
2008-11,0.011318536786162167,0.010058951446091495,0.6297926700353357,nn:dm_only
2008-12,0.003418934612742402,0.0020601623872528283,0.679386112744787,nn:dm_only
2009-01,0.00260513110317606,0.0010685356172046919,0.7682977429856838,nn:dm_only
2009-02,0.00742446978333107,0.0062176536257859015,0.6034080787725848,nn:dm_only
2009-03,-0.006840091769545859,-0.007810243217676455,0.4850757240652983,nn:dm_only
2009-04,-0.020924408102789685,-0.02215947998629468,0.6175359417524956,nn:dm_only
2009-05,0.01037503288525619,0.008611773366454419,0.8816297594008863,nn:dm_only
2009-06,-0.005217817251936625,-0.006887466436168572,0.8348245921159734,nn:dm_only
2009-07,0.008840252435177982,0.007048677290999377,0.8957875720893026,nn:dm_only
2009-08,0.0004055451395109211,-0.0010508309584045773,0.7281880489577494,nn:dm_only
2009-09,0.005252028017720467,0.003745583785609755,0.7532221160553558,nn:dm_only
2009-10,0.0015581445533972345,0.0001841345915250653,0.6870049809360843,nn:dm_only
2009-11,-0.0009577932455141883,-0.0024615485305580745,0.7518776425219431,nn:dm_only
2009-12,-0.0018339976586724026,-0.0031165120384252635,0.6412571898764301,nn:dm_only
2010-01,0.0024236222606148048,0.0007865906590360073,0.8185158007893986,nn:dm_only
2010-02,-0.002033386010974669,-0.003325148426379179,0.6458812077022551,nn:dm_only
2010-03,-0.004939475214421624,-0.006394695675845135,0.7276102307117553,nn:dm_only
2010-04,0.004182891170935852,0.002862322125380563,0.6602845227776443,nn:dm_only
2010-05,0.004311900273715687,0.002967976123951316,0.6719620748821856,nn:dm_only
2010-06,0.006500410162966322,0.005357558784314835,0.5714256893257428,nn:dm_only
2010-07,0.0015107710697817244,0.0006263320634782437,0.4422195031517402,nn:dm_only
2010-08,0.0033317829788378868,0.002234834383792218,0.5484742975228343,nn:dm_only
2010-09,0.002051530383994791,0.0009161954971036671,0.5676674434455617,nn:dm_only
2010-10,0.0059587333114274575,0.004979458298535966,0.48963750644574583,nn:dm_only
2010-11,0.008858658588898387,0.007906515757961521,0.47607141546843307,nn:dm_only
2010-12,0.008046762868212914,0.007101128435990097,0.4728172161114079,nn:dm_only
2011-01,0.002787952138799928,0.0013871580367753912,0.7003970510122682,nn:dm_only
2011-02,-0.0018486969947077967,-0.003107459635515072,0.6293813204036376,nn:dm_only
2011-03,-0.0007366653962072242,-0.001924786707053319,0.5940606554230473,nn:dm_only
2011-04,0.009000474328692522,0.007765095559703803,0.6176893844943604,nn:dm_only
2011-05,0.0045532531237077204,0.0035118121260994937,0.5207204988041132,nn:dm_only
2011-06,0.0035798758223421134,0.002571900584025196,0.5039876191584587,nn:dm_only
2011-07,0.008609125641846226,0.007622032580597009,0.49354653062460824,nn:dm_only
2011-08,0.00990686025853829,0.008955095836820881,0.47588221085870464,nn:dm_only
2011-09,0.009810802347414114,0.008895242537624254,0.45777990489492904,nn:dm_only
2011-10,-0.006169229430356254,-0.007257793290871652,0.5442819302576991,nn:dm_only
2011-11,0.005436065612392042,0.004095795258166143,0.670135177112949,nn:dm_only
2011-12,0.003117390933259274,0.0018903638037061949,0.6135135647765392,nn:dm_only
2012-01,-0.017360882127161803,-0.018401424674318084,0.5202712735781396,nn:dm_only
2012-02,-0.005618501980379943,-0.006750252531281119,0.5658752754505878,nn:dm_only
2012-03,0.00791166108223179,0.006785618571132664,0.5630212555495631,nn:dm_only
2012-04,0.00666266860835325,0.005625267799519126,0.5187004044170621,nn:dm_only
2012-05,0.0041860096181853546,0.003128237100013216,0.5288862590860691,nn:dm_only
2012-06,0.004813398646125923,0.003954410985635777,0.4294938302450725,nn:dm_only
2012-07,0.008098212280016259,0.007231559147828609,0.43332656609382497,nn:dm_only
2012-08,0.006108981902804962,0.005335458224606743,0.38676183909910933,nn:dm_only
2012-09,7.364545922894356e-05,-0.0007297269849542939,0.40168622209161875,nn:dm_only
2012-10,0.0027886646739465133,0.0018027875458057668,0.4929385640703733,nn:dm_only
2012-11,0.007714302262055555,0.006783498935674016,0.4654016631907698,nn:dm_only
2012-12,-0.0018957898871813396,-0.0027281539289803675,0.416182020899514,nn:dm_only
2013-01,0.004611649020156735,0.003513554552255551,0.5490472339505914,nn:dm_only
2013-02,0.003923053453435812,0.0027716081487732668,0.5757226523312725,nn:dm_only
2013-03,0.007707559675532385,0.006667045108525704,0.5202572835033404,nn:dm_only
2013-04,0.011427748320082734,0.010540584808450123,0.44358175581630604,nn:dm_only
2013-05,0.004431333749259398,0.003579326186663102,0.42600378129814825,nn:dm_only
2013-06,0.002861837793690789,0.001745869237371801,0.5579842781594943,nn:dm_only
2013-07,0.009330417225954603,0.008146217154485845,0.5921000357343779,nn:dm_only
2013-08,-0.0007410294667128471,-0.0019527361892123466,0.6058533612497498,nn:dm_only
2013-09,-0.005885726988880874,-0.007159609111129614,0.6369410611243697,nn:dm_only
2013-10,0.00309225530460262,0.0019326043915671124,0.579825456517754,nn:dm_only
2013-11,-0.0007300400544638346,-0.0017643197001389196,0.5171398228375423,nn:dm_only
2013-12,0.004922461373009706,0.004005184964411164,0.45863820429927105,nn:dm_only
2014-01,0.0031132864690032107,0.002266638835837377,0.4233238165829168,nn:dm_only
2014-02,0.004690337007721015,0.0037794917964738164,0.4554226056235993,nn:dm_only
2014-03,-0.001303625142310373,-0.0021241154882390197,0.4102451729643233,nn:dm_only
2014-04,-0.0015485365398823754,-0.0025957886028201596,0.5236260314688921,nn:dm_only
2014-05,0.009663959729708758,0.008641727679341203,0.5111160251837781,nn:dm_only
2014-06,0.0017345890765229797,0.0007613371888526253,0.4866259438351774,nn:dm_only
2014-07,-0.003113805062058782,-0.0041879081598404635,0.5370515488908407,nn:dm_only
2014-08,0.002556627014706817,0.001479327903065726,0.5386495558205454,nn:dm_only
2014-09,-0.0012471292578118188,-0.0021494568120030014,0.4511637770955913,nn:dm_only
2014-10,0.0026396275639448932,0.0017431820059594745,0.44822277899270974,nn:dm_only
2014-11,0.00956939055399909,0.00860567833740531,0.4818561082968891,nn:dm_only
2014-12,0.013644023149206647,0.012774964339640031,0.4345294047833079,nn:dm_only
2015-01,0.006548962521979565,0.005613361079324015,0.4678007213277743,nn:dm_only
2015-02,-0.0011008120712898346,-0.002205009819128264,0.5520988739192146,nn:dm_only
2015-03,0.001042160358652085,-0.0001700011925795506,0.606080775615818,nn:dm_only
2015-04,-0.011731473830736227,-0.012877503992765658,0.573015081014716,nn:dm_only
2015-05,-8.09785379614281e-05,-0.0015496914170443279,0.7343564395414497,nn:dm_only
2015-06,0.0031727028103206005,0.0018765409574978131,0.6480809264113936,nn:dm_only
2015-07,0.008492289613019446,0.0075534962773569515,0.4693966678312476,nn:dm_only
2015-08,0.009445999659771316,0.00847639216015104,0.4848037498101379,nn:dm_only
2015-09,0.003812357460666286,0.0029112425388544546,0.4505574609059158,nn:dm_only
2015-10,-0.005513069996117564,-0.006498957845957796,0.4929439249201155,nn:dm_only
2015-11,0.003734559697897077,0.002584690676080783,0.5749345109081473,nn:dm_only
2015-12,-0.0005210932403875983,-0.0016666544887545315,0.5727806241834665,nn:dm_only
2016-01,0.000579555260864925,-0.0005236224240259911,0.551588842445458,nn:dm_only
2016-02,0.0002099062099577854,-0.0008204771130394743,0.51519166149863,nn:dm_only
2016-03,-0.0074840237032976695,-0.00859302645821243,0.5545013774573798,nn:dm_only
2016-04,0.005221452212812638,0.003982576720613685,0.6194377460994768,nn:dm_only
2016-05,0.00035909247321942825,-0.0006682976944197774,0.5136950838196027,nn:dm_only
2016-06,-0.00020018942642783944,-0.0012574919259889566,0.5286512497805587,nn:dm_only
2016-07,-0.0006513773715136242,-0.0016518442080602654,0.5002334182733205,nn:dm_only
2016-08,0.005919066206040459,0.004810485430455926,0.5542903877922667,nn:dm_only
2016-09,0.005798393156658015,0.004828543639905201,0.4849247583764072,nn:dm_only
2016-10,0.0032430252424806407,0.0024692978686724266,0.38686368690410705,nn:dm_only
2016-11,-0.004388392725761597,-0.005305326024548896,0.45846664939364956,nn:dm_only
2016-12,0.0006825958470166551,-0.00040348093995458867,0.5430383934856219,nn:dm_only
2017-01,0.003668991280266443,0.0024902218962935003,0.5893846919864713,nn:dm_only
2017-02,0.0004134358749858039,-0.0007762175941987866,0.5948267345922954,nn:dm_only
2017-03,0.0005492980639100036,-0.0005082239015761281,0.5287609827430659,nn:dm_only
2017-04,-0.00045912285112119497,-0.0015159684177308429,0.5284227833048241,nn:dm_only
2017-05,0.0027210684492045096,0.0016884566181398118,0.5163059155323488,nn:dm_only
2017-06,0.0012162230014714918,6.154780910754904e-05,0.5773375961819713,nn:dm_only
2017-07,0.0025542174339648815,0.0015511278766469922,0.5015447786589446,nn:dm_only
2017-08,0.0034361474491796155,0.00238769311918947,0.5242271649950728,nn:dm_only
2017-09,-0.0012873203863883644,-0.0021830519489379197,0.44786578127477755,nn:dm_only
2017-10,0.0039339361987370015,0.002973060549741524,0.4804378244977387,nn:dm_only
2017-11,0.002707436819445811,0.0015957842855403505,0.5558262669527301,nn:dm_only
2017-12,0.004551058914452589,0.0034349195488057754,0.5580696828234074,nn:dm_only
2018-01,0.003889630620046803,0.0024593873140247267,0.7151216530110378,nn:dm_only
2018-02,0.0018330350527576739,0.000746516267238799,0.5432593927594374,nn:dm_only
2018-03,-0.00041372343027748574,-0.001407555642328619,0.49691610602556663,nn:dm_only
2018-04,0.0019630068937894953,0.0009953874970431516,0.4838096983731722,nn:dm_only
2018-05,0.002617484295763518,0.0016374773762588073,0.49000345975235543,nn:dm_only
2018-06,0.001809959280340403,0.0008303372041672602,0.4898110380865711,nn:dm_only
2018-07,0.004982883912420335,0.004097485364309657,0.4426992740553393,nn:dm_only
2018-08,0.005492122834230639,0.004611169880669892,0.4404764767803732,nn:dm_only
2018-09,0.0126911161098209,0.011833659001733636,0.4287285540436326,nn:dm_only
2018-10,0.0030668605919853815,0.0022176412170677156,0.42460968745883315,nn:dm_only
2018-11,-0.002131738586033218,-0.0030675518191457902,0.4679066165562855,nn:dm_only
2018-12,0.004349397097454361,0.003168143409062402,0.5906268441959794,nn:dm_only
2019-01,-0.0005983618749921082,-0.00207049381415289,0.7360659695803907,nn:dm_only
2019-02,-0.006838241555549827,-0.007830560218639088,0.49615933154463027,nn:dm_only
2019-03,0.004291989547818662,0.0033241594541289776,0.4839150468448425,nn:dm_only
2019-04,0.003221020221675028,0.0024099732211461523,0.40552350026443784,nn:dm_only
2019-05,0.002011552715638521,0.0011660257460936179,0.42276348477245146,nn:dm_only
2019-06,0.001168492993556623,0.00015113465654090425,0.5086791685078593,nn:dm_only
2019-07,0.007011947131192608,0.006156256288086507,0.4278454215530504,nn:dm_only
2019-08,0.0041027772568051095,0.003276204087575614,0.41328658461474765,nn:dm_only
2019-09,-0.0022988224937212083,-0.003171386349505563,0.43628192789217723,nn:dm_only
2019-10,0.0027280322295067925,0.0017939720135269621,0.4670301079899151,nn:dm_only
2019-11,0.0022610946741802892,0.0014033594857560108,0.42886759421213916,nn:dm_only
2019-12,0.005898445626620155,0.004941423007773616,0.4785113094232688,nn:dm_only
2020-01,0.008026588424633507,0.006315081367539315,0.8557535285470962,nn:dm_only
2020-02,0.009956169392525463,0.008725435817622128,0.6153667874516668,nn:dm_only
2020-03,0.017023147784561644,0.015875083446803825,0.5740321688789085,nn:dm_only
2020-04,-0.020760154761417123,-0.02238579072029437,0.8128179794386231,nn:dm_only
2020-05,-0.0026471423019756293,-0.004948351125872317,1.1506044119483438,nn:dm_only
2020-06,-0.0018500186019621571,-0.0037509109332808685,0.9504461656593555,nn:dm_only
2020-07,-0.006249846479576008,-0.007998775303850462,0.8744644121372264,nn:dm_only
2020-08,0.0003147769959557605,-0.001376363632439549,0.8455703141976546,nn:dm_only
2020-09,-0.004062275970291483,-0.005765715115539956,0.8517195726242363,nn:dm_only
2020-10,-0.002146189154030452,-0.00393484334254238,0.8943270942559639,nn:dm_only
2020-11,-0.015551825089805188,-0.01712952864403242,0.7888517771136146,nn:dm_only
2020-12,0.003890540027345987,0.001709343079354518,1.0905984739957346,nn:dm_only
2021-01,-0.0008651303169462196,-0.002835299403567863,0.9850845433108216,nn:dm_only
2021-02,0.006427012125686723,0.005006058524463539,0.7104768006115926,nn:dm_only
2021-03,0.004632374907706919,0.003097531847929418,0.7674215298887503,nn:dm_only
2021-04,0.002928833069693093,0.0013470478222032773,0.7908926237449075,nn:dm_only
2021-05,0.0018946221993675731,0.00043907294714378884,0.7277746261118921,nn:dm_only
2021-06,-4.12549552413977e-05,-0.0014243329381369732,0.6915389914477879,nn:dm_only
2021-07,0.004522730229217273,0.003209695739761799,0.6565172447277369,nn:dm_only
2021-08,-0.0032394764901566547,-0.004539697687967167,0.6501105989052566,nn:dm_only
2021-09,0.005878198307584445,0.004452438585486832,0.7128798610488064,nn:dm_only
2021-10,0.0017108206390943916,0.0003078879281900107,0.7014663554521902,nn:dm_only
2021-11,0.004389073237797613,0.0031311885425720264,0.6289423476127927,nn:dm_only
2021-12,0.009086734662627298,0.00763645788876714,0.7251383869300786,nn:dm_only
2022-01,0.008833782287271467,0.007786057760227407,0.5238622635220292,nn:dm_only
2022-02,0.005983052331152492,0.005024255575400919,0.47939837787578676,nn:dm_only
2022-03,0.008818021029222519,0.007867088615706197,0.4754662067581609,nn:dm_only
2022-04,0.011654480306869388,0.010798158788345901,0.42816075926174335,nn:dm_only
2022-05,0.005174690747906525,0.004305263149453852,0.4347137992263362,nn:dm_only
2022-06,0.0035616184894318764,0.00263351265231251,0.4640529185596829,nn:dm_only
2022-07,-0.005479621294628888,-0.006508165476674794,0.5142720910229532,nn:dm_only
2022-08,-0.0015168638321914026,-0.0025338269155979263,0.508481541703262,nn:dm_only
2022-09,0.0056934930254644404,0.004591981673927864,0.550755675768288,nn:dm_only
2022-10,0.003620851895300321,0.002626590890944352,0.497130502177984,nn:dm_only
2022-11,-0.006315426885204723,-0.007332817883906717,0.5086954993509974,nn:dm_only
2022-12,0.0023430717859140933,0.0011392812809021679,0.6018952525059628,nn:dm_only
2023-01,-9.81233107402897e-07,-0.0014136662087845938,0.7063424878385955,nn:dm_only
2023-02,0.0060408746487124135,0.0049699338179423685,0.5354704153850229,nn:dm_only
2023-03,0.0016052701457382945,0.0006865135281573002,0.45937830879049707,nn:dm_only
2023-04,0.00028193311656419937,-0.0007466462958412699,0.5142897062027346,nn:dm_only
2023-05,-0.0023997579194309712,-0.0033141028787370087,0.4571724796530186,nn:dm_only
2023-06,0.0010206339068157598,6.443709656809527e-05,0.4780984051238324,nn:dm_only
2023-07,0.004878735345994561,0.0038612784193915966,0.5087284633014816,nn:dm_only
2023-08,0.0020838519648861747,0.0011205686252791227,0.481641669803526,nn:dm_only
2023-09,0.009230228644015785,0.00833328978366443,0.4484694301756785,nn:dm_only
2023-10,0.006954465398149113,0.006138135339095271,0.40816502952692085,nn:dm_only
2023-11,-0.007918397417199897,-0.0088456034894649,0.4636030361325018,nn:dm_only
2023-12,0.004083365752277483,0.0030588172019421237,0.5122742751676799,nn:dm_only
2024-01,0.01133487022425511,0.010114101231350295,0.610384496452407,nn:dm_only
2024-02,0.0005383880362719375,-0.0003478216157165898,0.44310482599426365,nn:dm_only
2024-03,0.0031509461462128252,0.0022475099487594265,0.4517180987266993,nn:dm_only
2024-04,-0.00019889494061383272,-0.0011036212793375166,0.4523631693618419,nn:dm_only
2024-05,0.002077832540146956,0.0012205335098563854,0.42864951514528526,nn:dm_only
2024-06,4.587388635077529e-05,-0.0008270554747128325,0.4364646805318038,nn:dm_only
2024-07,0.0009396350790013536,0.00012515519366119407,0.40723994267007985,nn:dm_only
2024-08,0.003687889371284399,0.0028788333712213136,0.4045280000315424,nn:dm_only
2024-09,0.00041453731361253197,-0.0003754970233779962,0.3950171684952641,nn:dm_only
2024-10,0.004863615639792152,0.004046452015879092,0.4085818119565307,nn:dm_only
2024-11,0.009631553402569552,0.008818539149036556,0.40650712676649764,nn:dm_only
2024-12,0.0020417881227200022,0.001210905088195498,0.41544151726225215,nn:dm_only
2025-01,-0.0019110684525171723,-0.002966659495704686,0.5277955215937564,nn:dm_only
2025-02,0.0028057011556917727,0.0017335607339627657,0.5360702108645035,nn:dm_only
2025-03,0.005567190114905498,0.004597618217557173,0.48478594867416214,nn:dm_only
2025-04,-0.0022828500114868773,-0.0032198880958813013,0.468519042197212,nn:dm_only
2025-05,-0.0014564446901471253,-0.002478144529552937,0.5108499197029057,nn:dm_only
2025-06,0.0005651047312049372,-0.00047697735211093065,0.5210410416579341,nn:dm_only
2025-07,0.002133780696231456,0.0011912858455598247,0.4712474253358154,nn:dm_only
2025-08,0.005390351890872685,0.004273388940536877,0.5584814751679041,nn:dm_only
2025-09,0.007990481393785753,0.006959630024215769,0.5154256847849924,nn:dm_only
2025-10,0.0131748425980646,0.012178010948663907,0.4984158247003465,nn:dm_only
2025-11,0.0015855515004523152,0.00043797246977904153,0.5737895153366369,nn:dm_only
2025-12,0.012674540313024545,0.011583240649159065,0.54564983193274,nn:dm_only
2000-01,-0.0021896935267920643,-0.0021896935267920643,0.0,nn:own
2000-02,0.00809383237036858,0.006420428218876647,0.8367020757459668,nn:own
2000-03,-0.004127907589758157,-0.005720354240912736,0.7962233255772891,nn:own
2000-04,-0.014958866209988037,-0.01630662449458688,0.6738791422994219,nn:own
2000-05,-0.00040526151152634767,-0.0020027764954638023,0.7987574919687274,nn:own
2000-06,-0.0031830740168525373,-0.004821761182946548,0.819343583047005,nn:own
2000-07,-0.005723948998022575,-0.007192008044632463,0.7340295233049443,nn:own
2000-08,-0.0016912015038776222,-0.0030113667721476697,0.660082634135024,nn:own
2000-09,0.0015301433157111858,0.00012119745980058647,0.7044729279552996,nn:own
2000-10,0.0036027878446672707,0.002294830585633293,0.6539786295169885,nn:own
2000-11,0.008068522014116187,0.006589016890747611,0.7397525616842884,nn:own
2000-12,-0.0017939918641750583,-0.0035981793326550883,0.902093734240015,nn:own
2001-01,-0.014919845614168486,-0.017175197619255234,1.1276760025433739,nn:own
2001-02,0.002477721697598183,0.00024004529627522303,1.1188382006614799,nn:own
2001-03,0.022417391477778485,0.020065246698937746,1.17607238942037,nn:own
2001-04,-0.0005028458240305745,-0.0022821841210954982,0.8896691485324618,nn:own
2001-05,0.011741923160236976,0.009471402385159098,1.1352603875389395,nn:own
2001-06,0.0010774487476742768,-0.0008561625562779666,0.9668056519761216,nn:own
2001-07,0.014905545287567275,0.012933891432907536,0.9858269273298703,nn:own
2001-08,-0.002020900935382979,-0.003730079624890051,0.8545893447535363,nn:own
2001-09,0.0017405825313585768,-0.00017449498126483864,0.9575387563117077,nn:own
2001-10,-0.002099364777463766,-0.00395086366678529,0.925749444660762,nn:own
2001-11,0.002695952982154739,0.0006773008835188379,1.0093260493179506,nn:own
2001-12,0.012136985960340067,0.009799908084025111,1.1685389381574784,nn:own
2002-01,-0.0027068996612184242,-0.004871001313322271,1.0820508260519235,nn:own
2002-02,0.006156576185967854,0.004489913538677106,0.833331323645374,nn:own
2002-03,0.010196231085133933,0.008606397322575548,0.794916881279192,nn:own
2002-04,0.009693621763558946,0.008165305464757612,0.7641581494006677,nn:own
2002-05,0.009079512133869448,0.007442356449052796,0.8185778424083258,nn:own
2002-06,0.0024601755842485014,0.001083463657085118,0.6883559635816917,nn:own
2002-07,7.71514400965131e-05,-0.0013388361746960917,0.7079938073963026,nn:own
2002-08,0.00690555089474223,0.005533884671726014,0.6858331115081076,nn:own
2002-09,0.005043258675114572,0.0037230503758667907,0.6601041496238904,nn:own
2002-10,0.003773801369968303,0.0024965617824898915,0.638619793739206,nn:own
2002-11,-0.00016290549653379994,-0.0016818131635969679,0.7594538335315838,nn:own
2002-12,-0.0030227981317833366,-0.004424409409354036,0.700805638785349,nn:own
2003-01,0.00010522575454160912,-0.0011761912127187597,0.6407084836301845,nn:own
2003-02,0.005174844746428038,0.004341673212089886,0.4165857671690757,nn:own
2003-03,0.003166583166264754,0.002259093682825746,0.4537447417195037,nn:own
2003-04,0.0025385138010499183,0.0017830113768127131,0.3777512121186027,nn:own
2003-05,0.002200643242745587,0.0012292003599661105,0.4857214413897384,nn:own
2003-06,0.0038380364268365617,0.002852858673131901,0.4925888768523306,nn:own
2003-07,0.005664732794569469,0.004735077386987671,0.46482770379089894,nn:own
2003-08,0.0002007090204655148,-0.0007874926785373694,0.49410084950144223,nn:own
2003-09,0.004896761124188152,0.0038853638871207265,0.5056986185337128,nn:own
2003-10,0.005256892110078794,0.0042197146396951634,0.5185887351918154,nn:own
2003-11,0.003699825037816435,0.002765907726260407,0.46695865577801426,nn:own
2003-12,0.0007104516788196203,-0.0001256934610300997,0.4180725699248598,nn:own
2004-01,-0.0017861377678864846,-0.0029410584305333957,0.5774603313234555,nn:own
2004-02,6.0540934659059987e-05,-0.0010451309710633899,0.5528359528612248,nn:own
2004-03,0.0032690703170391686,0.0023764235413611216,0.4463233878390234,nn:own
2004-04,-0.0037344845345415783,-0.004544401438653338,0.40495845205587994,nn:own
2004-05,-0.00257574915456349,-0.003523657827828348,0.473954336632429,nn:own
2004-06,0.002996586619554387,0.0020555645148002486,0.47051105237706925,nn:own
2004-07,0.005137121081450113,0.004315553618993729,0.4107837312281918,nn:own
2004-08,0.0033317241741096853,0.002614263340752925,0.3587304166783801,nn:own
2004-09,0.003724436064280958,0.003023086554146147,0.3506747550674055,nn:own
2004-10,0.009302299149861101,0.00853014172087572,0.3860787144926906,nn:own
2004-11,0.0039717650911899665,0.003258920718681651,0.3564221862541576,nn:own
2004-12,0.009030420182972398,0.008208449136896724,0.41098552303783686,nn:own
2005-01,-0.0007013134483113732,-0.0017200510340445734,0.5093687928666002,nn:own
2005-02,0.007725021731709857,0.006914063663276004,0.40547903421692644,nn:own
2005-03,0.008260708871005901,0.007445541542647344,0.40758366417927877,nn:own
2005-04,0.015629019192292263,0.014919659109905434,0.3546800411934158,nn:own
2005-05,-0.012577334775490763,-0.01323628368033462,0.3294744524219293,nn:own
2005-06,0.0026692692601727485,0.001730963026346488,0.46915311691313044,nn:own
2005-07,0.009348382512711893,0.008493893196146657,0.4272446582826184,nn:own
2005-08,-0.0017250606386689897,-0.0024796626889201402,0.3773010251255752,nn:own
2005-09,0.0035930826500109405,0.0027351615466639024,0.4289605516735192,nn:own
2005-10,-0.000733731821866012,-0.0014565452613181141,0.361406719726051,nn:own
2005-11,-0.0008983807966855991,-0.0015956826278955213,0.34865091560496103,nn:own
2005-12,-0.0003717927024227144,-0.0011522291451767576,0.39021822137702145,nn:own
2006-01,-0.005543628143185889,-0.006485542145406611,0.4709570011103608,nn:own
2006-02,-0.0005413619425159551,-0.0018950899580421952,0.6768640077631202,nn:own
2006-03,0.005008528157741058,0.0038071424659726735,0.6006928458841926,nn:own
2006-04,0.005047455914289413,0.003949887329492581,0.5487842923984159,nn:own
2006-05,-0.0036030608806647537,-0.004625875283480052,0.5114072014076491,nn:own
2006-06,0.006853773427487491,0.005764542455219108,0.5446154861341919,nn:own
2006-07,-0.001200808679841252,-0.0022908217513613457,0.5450065357600471,nn:own
2006-08,-0.005518164192474977,-0.0066323534953076566,0.5570946514163398,nn:own
2006-09,0.002293161421176275,0.0010803743576484107,0.6063935317639323,nn:own
2006-10,-0.0033679878566217764,-0.004356592976815027,0.4943025600966254,nn:own
2006-11,0.012122138152376519,0.011130103083241902,0.4960175345673076,nn:own
2006-12,0.0020389254831330917,0.0011418593422694017,0.4485330704318451,nn:own
2007-01,0.007900360816011068,0.006779884265618215,0.5602382751964264,nn:own
2007-02,-0.0009745863557950209,-0.0017770148964288007,0.40121427031688983,nn:own
2007-03,0.0051582489512522044,0.004417481166530783,0.3703838923607104,nn:own
2007-04,0.002920847775262291,0.0021685931477811566,0.37612731374056707,nn:own
2007-05,0.0003648815846937615,-0.0003053244710438768,0.3351030278688191,nn:own
2007-06,-0.002553022360078546,-0.003288773371466317,0.36787550569388516,nn:own
2007-07,-0.0007260615201176812,-0.0015307245105128792,0.402331495197599,nn:own
2007-08,0.003269240870068605,0.0025017422493472533,0.3837493103606757,nn:own
2007-09,0.0031217264733210104,0.002401378689787377,0.3601738917668171,nn:own
2007-10,0.009437565497692906,0.008684612456077004,0.3764765208079506,nn:own
2007-11,0.004602348978444131,0.003845309308918069,0.3785198347630314,nn:own
2007-12,0.002388598876307805,0.0016387814273327525,0.3749087244875263,nn:own
2008-01,0.0018057080867076997,0.0007678152592134443,0.5189464137471277,nn:own
2008-02,0.0018544029365926574,0.0008160848783879284,0.5191590291023646,nn:own
2008-03,0.002675827035660685,0.0017344584348367323,0.4706843004119762,nn:own
2008-04,0.0033281433375026764,0.0023625704183968498,0.4827864595529132,nn:own
2008-05,-0.0015316596887422359,-0.00260887341850536,0.5386068648815618,nn:own
2008-06,0.006923831700170464,0.00597126257449108,0.47628456283969267,nn:own
2008-07,-0.0027920400032197517,-0.003647560346793395,0.4277601717868215,nn:own
2008-08,0.005942641861940796,0.004768849967866228,0.5868959470372842,nn:own
2008-09,0.00974716169049502,0.008829353950091894,0.458903870201563,nn:own
2008-10,0.02583662057895926,0.02487467816405018,0.4809712074545398,nn:own
2008-11,0.01578831825511793,0.014661858638866508,0.5632298081257111,nn:own
2008-12,0.00034466491951911645,-0.0009622765607861018,0.6534707401526092,nn:own
2009-01,-0.003324740812584917,-0.004915044125177401,0.7951516562962425,nn:own
2009-02,0.006850380402096907,0.0055479786726702965,0.6512008647133047,nn:own
2009-03,-0.000870251584890199,-0.001882116954398913,0.5059326847543575,nn:own
2009-04,-0.017490919951461906,-0.0186942203490524,0.6016501987952471,nn:own
2009-05,-0.0051368712586950735,-0.006619623686818157,0.7413762140615421,nn:own
2009-06,0.00031008437328784423,-0.0010867902289530297,0.698437301120437,nn:own
2009-07,0.004097890885044204,0.002746164251214795,0.6758633169147047,nn:own
2009-08,0.0005858251186226406,-0.00056831578828282,0.5770704534527303,nn:own
2009-09,0.0025466505404744826,0.0016278197027647648,0.4594154188548591,nn:own
2009-10,0.002069318351979893,0.0011688667599506987,0.45022579601459695,nn:own
2009-11,0.002088593874476836,0.0010984574484364789,0.49506821302017856,nn:own
2009-12,-0.0024084533319409978,-0.003215285239846999,0.40341595395300084,nn:own
2010-01,-0.00037987714477545376,-0.0016627118640389854,0.6414173596317655,nn:own
2010-02,0.0005917815322550841,-0.0002554510044554609,0.42361626835527255,nn:own
2010-03,-0.0013984312637298423,-0.0023470744645097195,0.47432160038993826,nn:own
2010-04,0.006466969680762005,0.005592694434410765,0.4371376231756205,nn:own
2010-05,0.0054194004409828175,0.004505912259288625,0.4567440908470959,nn:own
2010-06,0.005704031288801159,0.00484116353444222,0.4314338771794693,nn:own
2010-07,0.000782169857935,3.5379544751180635e-05,0.37339515659190964,nn:own
2010-08,0.004273472452920595,0.0034218609918373398,0.4258057305416274,nn:own
2010-09,0.001629780681016499,0.0008011134758882422,0.4143336025641284,nn:own
2010-10,0.006635382791993782,0.005826863539139942,0.40425962642692,nn:own
2010-11,0.00428185235095057,0.0034801500712721757,0.400851139839197,nn:own
2010-12,0.006104596031256907,0.005329769935800741,0.38741304772808255,nn:own
2011-01,0.0031102493545006925,0.0021902471515010385,0.4600011014998273,nn:own
2011-02,0.0021512887872696096,0.0012815049234238425,0.4348919319228836,nn:own
2011-03,0.0005994727137143829,-0.0001706100237312443,0.3850413687228138,nn:own
2011-04,0.008441691713342712,0.007542815112854036,0.4494383002443384,nn:own
2011-05,0.00514767573554347,0.0043866931029478175,0.3804913162978262,nn:own
2011-06,0.005516291461008548,0.004797790685397112,0.3592503878057178,nn:own
2011-07,0.0057341446620102045,0.005061480163781032,0.3363322491145863,nn:own
2011-08,0.008184653332272675,0.007426454616905132,0.3790993576837711,nn:own
2011-09,0.008106597474034975,0.007448306341081385,0.32914556647679477,nn:own
2011-10,-0.01093248609131188,-0.011769442895467976,0.41847840207804776,nn:own
2011-11,0.009347129438382335,0.00844253565366764,0.45229689235734827,nn:own
2011-12,0.000895759949934549,7.910753916930127e-05,0.408326205382624,nn:own
2012-01,-0.014598622004939327,-0.015556684801312993,0.47903139818683255,nn:own
2012-02,-0.002561915800366071,-0.003434316443123644,0.4362003213787865,nn:own
2012-03,0.007344315405904043,0.0065404786666225815,0.4019183696407307,nn:own
2012-04,0.003028009975770492,0.002231418869430407,0.39829555317004234,nn:own
2012-05,-0.000841153604890406,-0.0015815432147695562,0.3701948049395751,nn:own
2012-06,0.0050921121474878095,0.004462781796773486,0.3146651753571619,nn:own
2012-07,0.007602621702444622,0.006963616352013292,0.31950267521566533,nn:own
2012-08,0.005942691654671058,0.005356180735449386,0.2932554596108357,nn:own
2012-09,-0.0003717991433208528,-0.000986793728712831,0.3074972926959893,nn:own
2012-10,0.002434502620843885,0.0017345586273745767,0.34997199673465423,nn:own
2012-11,0.005939877713693172,0.005272369331577912,0.3337541910576298,nn:own
2012-12,-0.00021632876293601087,-0.0008384660189242494,0.3110686279941192,nn:own
2013-01,0.00398001840448089,0.00330295546004187,0.33853147221950985,nn:own
2013-02,0.005564594883989866,0.004982500591565652,0.29104714621210637,nn:own
2013-03,0.007973600444417283,0.007459430997231415,0.25708472359293427,nn:own
2013-04,0.010478467092675494,0.009964080630525448,0.25719323107502323,nn:own
2013-05,0.0035935889901671124,0.003098560842318594,0.24751407392425906,nn:own
2013-06,0.003001761408014687,0.00245670521958219,0.2725280942162486,nn:own
2013-07,0.013326343705571375,0.012627807920015128,0.3492678927781236,nn:own
2013-08,0.0028380846362336403,0.0021880424137793353,0.32502111122715244,nn:own
2013-09,-0.005044526664469649,-0.005680806407782148,0.31813987165624974,nn:own
2013-10,-0.0020725139015673843,-0.0027028517147378683,0.3151689065852419,nn:own
2013-11,0.0005527687614876233,-2.298080542356104e-05,0.28787478345559214,nn:own
2013-12,0.005648407719731061,0.005155718146063217,0.24634478683392144,nn:own
2014-01,0.0044000914003834496,0.003736590822282922,0.3317502890502634,nn:own
2014-02,0.004435900985941334,0.0037669175524979196,0.33449171672170736,nn:own
2014-03,-0.0013567732066888244,-0.0019505433096817294,0.29688505149645245,nn:own
2014-04,-0.0023888338889326223,-0.0030997743520269753,0.3554702315471767,nn:own
2014-05,0.0006170652416815953,-0.0001251535141006027,0.37110937789109893,nn:own
2014-06,0.0016762738723439723,0.0009388994076135377,0.3686872323652172,nn:own
2014-07,0.0022586388330403506,0.0015914316657615632,0.33360358363939385,nn:own
2014-08,0.0028324485247279486,0.0021457838976103676,0.3433323135587905,nn:own
2014-09,-0.0021175453680977517,-0.002733836825897956,0.3081457289001021,nn:own
2014-10,0.004387629911239869,0.0038244366532308987,0.2815966290044853,nn:own
2014-11,0.007137564304172523,0.006529221775677186,0.30417126424766844,nn:own
2014-12,0.011931566033526813,0.011369612841845888,0.28097659584046286,nn:own
2015-01,0.006147253879509537,0.0052925374184478674,0.42735823053083516,nn:own
2015-02,0.0011805328328773682,0.0003936155779121975,0.39345862748258537,nn:own
2015-03,0.003969793551634299,0.003174663552262165,0.3975649996860673,nn:own
2015-04,-0.007882414919775442,-0.008677964291304453,0.3977746857645055,nn:own
2015-05,-0.0011890450986363035,-0.002133426283428081,0.4721905923958886,nn:own
2015-06,0.004896070089025357,0.0040273030898064525,0.43438349960945255,nn:own
2015-07,0.007712770934752804,0.0070745821118877355,0.31909441143253364,nn:own
2015-08,0.007632753276749653,0.006966256870364023,0.3332482031928149,nn:own
2015-09,0.0036676458791113603,0.002990397730559543,0.33862407427590824,nn:own
2015-10,-0.0028694579386427626,-0.0035852092444014225,0.3578756528793299,nn:own
2015-11,0.0017945687389499772,0.001025432090142496,0.3845683244037405,nn:own
2015-12,-0.0002345286226912525,-0.0010377397936685664,0.4016055854886568,nn:own
2016-01,0.0020922096993230125,0.0010353487550707054,0.5284304721261535,nn:own
2016-02,-0.0030360879405024717,-0.00385293622462401,0.4084241420607691,nn:own
2016-03,-0.0127435319549021,-0.013604977286852131,0.4307226659750166,nn:own
2016-04,0.0025081041130608768,0.0015538497307490007,0.4771271911559382,nn:own
2016-05,0.0032400548681869893,0.002406047654872174,0.41700360665740716,nn:own
2016-06,-0.0015091106787133491,-0.0022963960633153226,0.39364269230098664,nn:own
2016-07,-0.00011436051011220664,-0.000793321782560089,0.3394806362239412,nn:own
2016-08,0.004562279736683422,0.0038188115593248933,0.3717340886792649,nn:own
2016-09,0.0022389739208619783,0.0014340267114889345,0.40247360468652205,nn:own
2016-10,0.002719453517176365,0.0020482674186401762,0.33559304926809413,nn:own
2016-11,-0.0033306604869754288,-0.004072697788224091,0.37101865062433076,nn:own
2016-12,0.0010895726681055924,0.000232754514361437,0.4284090768720778,nn:own
2017-01,0.006021370084289376,0.005105506380844548,0.45793185172241374,nn:own
2017-02,-0.0013605074176497745,-0.001939551390140156,0.289521986245191,nn:own
2017-03,0.003518404055288956,0.0029673498978861927,0.27552707870138143,nn:own
2017-04,0.0006770095142411161,0.00012467262063597015,0.2761684468025728,nn:own
2017-05,0.005237909390829655,0.004642875439976934,0.2975169754263607,nn:own
2017-06,-0.0007176395962748163,-0.0013291391261081777,0.3057497649166807,nn:own
2017-07,0.004404510666615673,0.0038549731657986593,0.27476875040850646,nn:own
2017-08,0.002536766375161687,0.0020049488751505582,0.2659087500055643,nn:own
2017-09,0.0006562341553333359,0.00011080469666479895,0.2727147293342685,nn:own
2017-10,0.004199885143756264,0.0036674916011613353,0.26619677129746444,nn:own
2017-11,0.002736370570973829,0.00210551537606126,0.31542759745628485,nn:own
2017-12,0.003119604872662536,0.00252748827798406,0.2960582973392385,nn:own
2018-01,0.004935532071912479,0.004113233709252365,0.41114918133005673,nn:own
2018-02,0.004573580563917109,0.004017891097913259,0.2778447330019252,nn:own
2018-03,0.003141831220562802,0.00264733758550661,0.24724681752809613,nn:own
2018-04,0.002286035955591945,0.0017317767084364297,0.2771296235777579,nn:own
2018-05,0.0060618629965455495,0.005504098654159215,0.2788821711931671,nn:own
2018-06,0.0031416137866212596,0.002582793490073246,0.2794101482740065,nn:own
2018-07,0.004300611002983631,0.003791865354181824,0.254372824400904,nn:own
2018-08,0.0056934176125703175,0.005172918354554879,0.2602496290077194,nn:own
2018-09,0.01237126904718155,0.011873063042399889,0.24910300239082994,nn:own
2018-10,0.001236996238905078,0.0006970611191256097,0.2699675598897342,nn:own
2018-11,-0.003992846450379044,-0.004595227977381478,0.3011907635012167,nn:own
2018-12,0.0008115814969061327,0.00016767648413600414,0.3219525063850645,nn:own
2019-01,0.002753408825692227,0.0018600373335726887,0.44668574605976913,nn:own
2019-02,-0.004239444671089262,-0.0050146400836524364,0.38759770628158724,nn:own
2019-03,0.003262979999303038,0.002570079745148527,0.34645012707725553,nn:own
2019-04,0.002763947059017728,0.0021676496181886984,0.29814872041451446,nn:own
2019-05,0.0016247524201075546,0.0010405414666699885,0.292105476718783,nn:own
2019-06,0.003069461918210531,0.0023984972653951497,0.33548232640769077,nn:own
2019-07,0.007140132779282688,0.006590179698307147,0.27497654048777087,nn:own
2019-08,0.0035358726697339773,0.0029720184352436192,0.2819271172451789,nn:own
2019-09,-0.0010669372880252712,-0.001615963595329638,0.2745131536521835,nn:own
2019-10,0.0010501072797566727,0.0004936035799211726,0.27825184991775004,nn:own
2019-11,0.0018837764498949626,0.0013495312798230369,0.2671225850359629,nn:own
2019-12,0.005032011421576081,0.0044122449182982405,0.3098832516389197,nn:own
2020-01,0.0060668979752406755,0.0052050036508052575,0.4309471622177085,nn:own
2020-02,0.00610632848340712,0.005442113759316366,0.33210736204537766,nn:own
2020-03,0.00950114481137456,0.008874922013535168,0.31311139891969614,nn:own
2020-04,-0.004555262906075306,-0.005490368713930437,0.46755290392756554,nn:own
2020-05,-0.002563235023157544,-0.003667986271523857,0.5523756241831564,nn:own
2020-06,-0.004139709176548636,-0.005017154887754553,0.4387228556029585,nn:own
2020-07,0.012811286621897499,0.011876275407308722,0.46750560729438817,nn:own
2020-08,-0.001871804775725062,-0.0027343849090510834,0.43129006666301034,nn:own
2020-09,-0.0025023922260103055,-0.00332500544813775,0.4113066110637222,nn:own
2020-10,0.0035965030847639277,0.0028209081527114416,0.3877974660262428,nn:own
2020-11,-0.020948083368864917,-0.02164596911758443,0.34894287435975685,nn:own
2020-12,-0.004399888102268076,-0.0054974527019575545,0.5487822998447393,nn:own
2021-01,0.005513414517053007,0.004002746558152929,0.7553339794500392,nn:own
2021-02,-0.0014220798468965645,-0.0021329019555291124,0.3554110543162737,nn:own
2021-03,0.002792553239791561,0.002010743934226833,0.3909046527823641,nn:own
2021-04,0.0039060213587110066,0.003125322405878543,0.3903494764162318,nn:own
2021-05,0.002096981499117928,0.0014457973714126328,0.3255920638526474,nn:own
2021-06,-0.0033962335772056065,-0.004029076489073243,0.3164214559338184,nn:own
2021-07,0.00018357358497509923,-0.0004053497583483437,0.2944616716617215,nn:own
2021-08,0.001046566632878893,0.0004524012501911702,0.2970826913438612,nn:own
2021-09,0.006857771773172331,0.006239654931788049,0.3090584206921413,nn:own
2021-10,0.0013509616787068322,0.0006944512702781975,0.32825520421431714,nn:own
2021-11,0.005113991161795759,0.004517498486649839,0.29824633757296004,nn:own
2021-12,0.010438277844440612,0.009573484961932492,0.432396441254061,nn:own
2022-01,0.013044436317071495,0.012217627129063451,0.4134045940040218,nn:own
2022-02,0.008453170269982808,0.007730746907528883,0.3612116812269622,nn:own
2022-03,0.00867277890512249,0.007989553838101248,0.3416125335106208,nn:own
2022-04,0.012064950478199533,0.011448651714240459,0.3081493819795372,nn:own
2022-05,0.003616275725151402,0.002998546692558619,0.30886451629639194,nn:own
2022-06,0.0016501669774900926,0.0010054016251296724,0.32238267618021,nn:own
2022-07,-0.0022160713997223264,-0.0029056345594820217,0.34478157987984787,nn:own
2022-08,-0.0012264846462111672,-0.0018778200224999675,0.32566768814440006,nn:own
2022-09,0.007128616619239681,0.0064814473974414205,0.3235846108991307,nn:own
2022-10,0.004344453400896775,0.0037095647376543823,0.31744433162119595,nn:own
2022-11,-0.003076394014277305,-0.0037504771675870045,0.3370415766548496,nn:own
2022-12,0.0064811343857038425,0.005740822368066652,0.3701560088185953,nn:own
2023-01,0.0010899072385407672,1.649611788805455e-05,0.5367055603263563,nn:own
2023-02,0.005156384583044668,0.004214595580697814,0.47089450117342674,nn:own
2023-03,0.0029174172354379745,0.002156771098847593,0.38032306829519075,nn:own
2023-04,-0.0012648354221275534,-0.0020860388803644516,0.4106017291184491,nn:own
2023-05,-0.0024088918988306508,-0.003192313751795012,0.39171092648218075,nn:own
2023-06,0.002145851642066451,0.0013169018493906551,0.414474896337898,nn:own
2023-07,0.00371678487421828,0.0028763285942721723,0.42022813997305375,nn:own
2023-08,0.0018276660184789997,0.0009695720963069087,0.4290469610860455,nn:own
2023-09,0.008345328786925836,0.007581423470312682,0.38195265830657676,nn:own
2023-10,0.007301580975961951,0.006565968106217654,0.36780643487214865,nn:own
2023-11,-0.007214273307741467,-0.008098847128999996,0.4422869106292648,nn:own
2023-12,0.0047415738712772906,0.0038266255667683256,0.4574741522544823,nn:own
2024-01,0.009779089472686518,0.00865260579485184,0.5632418389173393,nn:own
2024-02,0.0012401462324887545,0.0005325846247340181,0.3537808038773682,nn:own
2024-03,0.002900409797323569,0.002177110662345516,0.36164956748902666,nn:own
2024-04,0.0015308077250360784,0.000788509720489761,0.37114900227315867,nn:own
2024-05,0.0027344781142128877,0.0020977610643385033,0.3183585249371919,nn:own
2024-06,0.0024147100255592848,0.0017492414220006318,0.33273430177932634,nn:own
2024-07,0.0013376049903577273,0.0006894801829130499,0.32406240372233863,nn:own
2024-08,0.0035219692220970437,0.0028704409964283363,0.3257641128343538,nn:own
2024-09,2.1204205630840645e-05,-0.0006308080496779923,0.3260061276544164,nn:own
2024-10,0.003566065381760639,0.0028988521990705863,0.33360659134502674,nn:own
2024-11,0.00970723133963646,0.009034455562923689,0.3363878883563847,nn:own
2024-12,0.002577410798655341,0.0018590734214785083,0.3591686885884166,nn:own
2025-01,0.0018314070015975202,0.0010439311818073228,0.39373790989509855,nn:own
2025-02,0.002642772363658322,0.0019936876732348455,0.3245423452117379,nn:own
2025-03,0.006088541598482885,0.005375108474617158,0.35671656193286333,nn:own
2025-04,-0.0013846564001400526,-0.0020347969645298416,0.3250702821948944,nn:own
2025-05,-0.0011065040533372484,-0.0017156933131312676,0.30459462989700964,nn:own
2025-06,-0.001600387136938248,-0.0022271700544335016,0.3133914587476269,nn:own
2025-07,-0.004503979163845353,-0.005097781948826004,0.29690139249032543,nn:own
2025-08,0.002770856519851982,0.0021287044138324296,0.3210760530097762,nn:own
2025-09,0.004626725213750221,0.003983544413139403,0.3215904003054089,nn:own
2025-10,0.008743417793624144,0.008119752041315017,0.31183287615456345,nn:own
2025-11,0.004448064334927025,0.003649979757512582,0.3990422887072217,nn:own
2025-12,0.009258227747459678,0.008525651282554982,0.3662882324523487,nn:own
2000-01,0.00507216093407757,0.00507216093407757,0.0,nn:pooled
2000-02,0.006894548276018614,0.00474506299332824,1.0747426413451864,nn:pooled
2000-03,-0.004506868690480859,-0.006398509422420406,0.9458203659697743,nn:pooled
2000-04,-0.015937668727270208,-0.01800756379588552,1.034947534307657,nn:pooled
2000-05,0.0012622519679730173,-0.0008142626282521448,1.0382572981125808,nn:pooled
2000-06,-0.005537348406816908,-0.007543330985082307,1.0029912891326997,nn:pooled
2000-07,-0.0017981272774899469,-0.0038921321500023864,1.0470024362562198,nn:pooled
2000-08,-0.005902964975107981,-0.007775456352464473,0.9362456886782455,nn:pooled
2000-09,0.0007464008372342169,-0.0012335229021665515,0.989961869700384,nn:pooled
2000-10,0.0013449996440948928,-0.0004121560090293141,0.8785778265621034,nn:pooled
2000-11,0.010424966783662327,0.008681046425595624,0.8719601790333509,nn:pooled
2000-12,-0.0016728959948768421,-0.0036970693377051784,1.0120866714141679,nn:pooled
2001-01,-0.016346292319547744,-0.01851692571531827,1.085316697885264,nn:pooled
2001-02,0.0052509790688198684,0.0030601240846573827,1.0954274920812428,nn:pooled
2001-03,0.020611330491475236,0.01850495392498189,1.053188283246672,nn:pooled
2001-04,0.0017886212575847816,-1.0370049372895635e-05,0.8994956534788386,nn:pooled
2001-05,0.012867744092482416,0.01079523282345772,1.036255634512348,nn:pooled
2001-06,-0.0022398096028461833,-0.004092993173688691,0.9265917854212533,nn:pooled
2001-07,0.01859417323823771,0.01663863304196766,0.9777700981350261,nn:pooled
2001-08,-0.002951887134266424,-0.004554513381967353,0.801313123850464,nn:pooled
2001-09,0.003088824139719832,0.001132658204255966,0.9780829677319328,nn:pooled
2001-10,0.0029986275209096277,0.001017209582690788,0.99070896910942,nn:pooled
2001-11,0.0018301319711134397,-0.0002210780326585767,1.0256050018860081,nn:pooled
2001-12,0.010089314362670321,0.007939805557078971,1.0747544027956741,nn:pooled
2002-01,-0.002407319494732059,-0.004439398263510331,1.0160393843891362,nn:pooled
2002-02,0.006534680805596934,0.0049948201051678845,0.7699303502145249,nn:pooled
2002-03,0.01274417856132923,0.011424743621046977,0.6597174701411261,nn:pooled
2002-04,0.011405817856131328,0.010070089499886664,0.6678641781223327,nn:pooled
2002-05,0.009051676281351395,0.007690305562506118,0.6806853594226391,nn:pooled
2002-06,0.00787285704463525,0.006768037002241722,0.5524100211967643,nn:pooled
2002-07,0.0008197809046026971,-0.0003972864350702997,0.6085336698364983,nn:pooled
2002-08,0.0051503395500246815,0.003946026285707007,0.6021566321588374,nn:pooled
2002-09,0.007517314122617886,0.006281975695447454,0.6176692135852161,nn:pooled
2002-10,0.0013448336267247664,0.00019743432553090263,0.5736996505969317,nn:pooled
2002-11,0.001718685426715672,0.00035215165678165644,0.6832668849670078,nn:pooled
2002-12,-0.0025363907934361357,-0.003794876596540464,0.6292429015521642,nn:pooled
2003-01,-0.0014667413233924096,-0.002635893513666226,0.584576095136908,nn:pooled
2003-02,0.004649657784696796,0.0038349114624875425,0.407373161104627,nn:pooled
2003-03,0.0036584507766716534,0.0028304488722259115,0.41400095222287103,nn:pooled
2003-04,-0.00013497304728404542,-0.0008672685473073039,0.3661477500116293,nn:pooled
2003-05,0.0022193036217791917,0.0011383284857308202,0.5404875680241861,nn:pooled
2003-06,0.0059905710800837834,0.004931537092757179,0.5295169936633025,nn:pooled
2003-07,0.007196864621404491,0.006262201297447189,0.46733166197865156,nn:pooled
2003-08,0.002415069679673917,0.0013710465334464512,0.522011573113733,nn:pooled
2003-09,0.0033233964978147475,0.0022085520645529024,0.5574222166309224,nn:pooled
2003-10,0.00610643342219096,0.0049799681017373984,0.5632326602267803,nn:pooled
2003-11,-0.0010747231657475436,-0.0020723311087933044,0.49880397152288025,nn:pooled
2003-12,0.0059804113888865034,0.004989814772496798,0.4952983081948529,nn:pooled
2004-01,-0.0035512492914008477,-0.004730185616755364,0.5894681626772584,nn:pooled
2004-02,0.0007277881115361645,-0.0005246256037740294,0.6262068576550969,nn:pooled
2004-03,0.0030681531844660337,0.00197178403037999,0.5481845770430218,nn:pooled
2004-04,-0.0034572692412442258,-0.004548232675443096,0.5454817170994349,nn:pooled
2004-05,-0.0008897081579954197,-0.001943382030910517,0.5268369364575486,nn:pooled
2004-06,0.0009317505953457433,-6.664731909009048e-05,0.4991989572179169,nn:pooled
2004-07,0.005825929416502274,0.004835960527574327,0.4949844444639734,nn:pooled
2004-08,0.005102693090045931,0.004269116859704817,0.41678811517055714,nn:pooled
2004-09,0.00728004918503805,0.006436136081182394,0.4219565519278276,nn:pooled
2004-10,0.008767862691147207,0.00792845909264206,0.4197017992525735,nn:pooled
2004-11,0.005883608244943593,0.00502273282166576,0.4304377116389167,nn:pooled
2004-12,0.010150312800102645,0.009247769272583644,0.45127176375950034,nn:pooled
2005-01,-0.0014545488225110026,-0.002562342010370966,0.5538965939299817,nn:pooled
2005-02,0.009116353389435233,0.008072851952304765,0.5217507185652335,nn:pooled
2005-03,0.007631249589773013,0.006606708124078023,0.5122707328474958,nn:pooled
2005-04,0.015651123214086834,0.014623021047849384,0.5140510831187255,nn:pooled
2005-05,-0.012240932697349969,-0.013117356655307675,0.43821197897885383,nn:pooled
2005-06,0.0049770682264902565,0.003781969469659029,0.5975493784156138,nn:pooled
2005-07,0.005679716005330492,0.004757794422589486,0.46096079137050283,nn:pooled
2005-08,-0.00011686449992497275,-0.0011810655818903716,0.5321005409826993,nn:pooled
2005-09,0.005974571687228336,0.004829287087117228,0.5726423000555537,nn:pooled
2005-10,-0.00048197210817015805,-0.0015088004710573544,0.5134141814435982,nn:pooled
2005-11,-0.0013714780223124119,-0.002427103360220101,0.5278126689538445,nn:pooled
2005-12,-0.0024805493484928443,-0.003676856538174669,0.5981535948409127,nn:pooled
2006-01,-0.008857432425121946,-0.010231223003909485,0.6868952893937695,nn:pooled
2006-02,0.005034539030406657,0.003473545264567758,0.7804968829194494,nn:pooled
2006-03,-0.007111153968920328,-0.008354774044341677,0.6218100377106737,nn:pooled
2006-04,0.008283557552234356,0.006783425637101413,0.7500659575664704,nn:pooled
2006-05,-0.002278253830801698,-0.003615396214517924,0.6685711918581126,nn:pooled
2006-06,0.010270850313052401,0.009071649566820194,0.5996003731161043,nn:pooled
2006-07,-0.004700544883721131,-0.005965562439465244,0.6325087778720565,nn:pooled
2006-08,-2.7783012766374487e-05,-0.0013088163296634233,0.6405166584485242,nn:pooled
2006-09,0.0028761029507823944,0.001556640551612212,0.6597311995850911,nn:pooled
2006-10,-0.002478972207816496,-0.0035738212336268063,0.547424512905155,nn:pooled
2006-11,0.00831687303974083,0.007081371979475585,0.6177505301326222,nn:pooled
2006-12,0.0021317591307542143,0.000999071231790674,0.5663439494817704,nn:pooled
2007-01,0.007757440754960695,0.006579324504543789,0.5890581252084528,nn:pooled
2007-02,-0.003150045432886773,-0.0043297336041082475,0.5898440856107374,nn:pooled
2007-03,0.0066672648295433646,0.0054841599047677474,0.591552462387808,nn:pooled
2007-04,0.009363967278089254,0.008342542389125686,0.5107124444817834,nn:pooled
2007-05,0.005100328318238821,0.004079874806005928,0.510226756116447,nn:pooled
2007-06,-0.004397114519627891,-0.005548646575210604,0.5757660277913569,nn:pooled
2007-07,-0.0023784075237020834,-0.0035634301521082325,0.5925113142030745,nn:pooled
2007-08,-0.001964271930757628,-0.003258172065644444,0.6469500674434079,nn:pooled
2007-09,0.003818369790638611,0.0026480587846669035,0.5851555029858536,nn:pooled
2007-10,0.014152278590321234,0.012926335381293555,0.6129716045138386,nn:pooled
2007-11,0.0031434464678490176,0.0019720839270394135,0.585681270404802,nn:pooled
2007-12,0.0055802599498698275,0.004469800001195954,0.5552299743369363,nn:pooled
2008-01,-0.001300356574031887,-0.0026326459179780415,0.6661446719730769,nn:pooled
2008-02,0.00040299425330208243,-0.0010953677852322454,0.749181019267164,nn:pooled
2008-03,7.320570511223749e-05,-0.0013290023925694979,0.7011040488408676,nn:pooled
2008-04,0.002092516577903723,0.0006135125509446964,0.739502013479513,nn:pooled
2008-05,0.0003925641951051113,-0.0011915140570624245,0.7920391260837679,nn:pooled
2008-06,0.0073194323035141555,0.005948832710980182,0.6852997962669873,nn:pooled
2008-07,-0.012183037989373013,-0.01343194115238061,0.6244515815037984,nn:pooled
2008-08,0.005896080820046639,0.004238090957382076,0.8289949313322811,nn:pooled
2008-09,0.009730632701236412,0.008448000060900225,0.6413163201680944,nn:pooled
2008-10,0.029711889551306825,0.028387959424103063,0.6619650636018806,nn:pooled
2008-11,0.020135423149035016,0.01889630372026283,0.6195597143860918,nn:pooled
2008-12,-0.0015257432848991578,-0.002787658512631672,0.6309576138662577,nn:pooled
2009-01,0.0018386663199844904,0.00036520809447903387,0.7367291127527285,nn:pooled
2009-02,0.005576051031602861,0.004334806930146396,0.6206220507282324,nn:pooled
2009-03,-0.006578927786623645,-0.007510904429270393,0.46598832132337376,nn:pooled
2009-04,-0.02037097752687422,-0.02155119154588536,0.5901070095055685,nn:pooled
2009-05,-0.0015558599845716776,-0.003052082170442108,0.7481110929352155,nn:pooled
2009-06,-0.002156270432307649,-0.0037472778200768097,0.7955036938845804,nn:pooled
2009-07,0.005428877363672408,0.0038469960835365346,0.7909406400679365,nn:pooled
2009-08,0.00021563694796991224,-0.0010987090956721625,0.6571730218210374,nn:pooled
2009-09,0.005074102095852774,0.0038089512043959117,0.6325754457284313,nn:pooled
2009-10,0.003010191402663086,0.0018071774292679906,0.6015069866975482,nn:pooled
2009-11,0.00285008972234682,0.0015738610101188586,0.6381143561139807,nn:pooled
2009-12,-0.0016547158769067891,-0.002792034373220521,0.5686592481568662,nn:pooled
2010-01,0.00045160047349526467,-0.001342215570495746,0.8969080219955056,nn:pooled
2010-02,-0.002568262767808341,-0.004092837978682164,0.7622876054369112,nn:pooled
2010-03,-0.007214212068204364,-0.008893802158425007,0.8397950451103212,nn:pooled
2010-04,0.004511327887218508,0.0029528744811836215,0.779226703017443,nn:pooled
2010-05,0.003129564880032069,0.0016884930102397196,0.7205359348961745,nn:pooled
2010-06,0.007155272346392619,0.005855540637712927,0.649865854339846,nn:pooled
2010-07,-0.0010715911752607339,-0.0021867688992087955,0.5575888619740307,nn:pooled
2010-08,0.003080015039451038,0.001723780874025804,0.6781170827126171,nn:pooled
2010-09,0.003287645872314897,0.0019222499529866098,0.6826979596641437,nn:pooled
2010-10,0.0076578483697533955,0.006295099937443747,0.6813742161548242,nn:pooled
2010-11,0.006127032562200132,0.0048998946406530845,0.6135689607735236,nn:pooled
2010-12,0.008785598565873196,0.007542882373134847,0.6213580963691749,nn:pooled
2011-01,0.004608789558505303,0.0033127461072541987,0.6480217256255524,nn:pooled
2011-02,0.0005102648732396624,-0.0005142225846094597,0.5122437289245609,nn:pooled
2011-03,0.0017184960826328978,0.0007955694466540001,0.4614633179894489,nn:pooled
2011-04,0.007957996547865744,0.007004701045098164,0.4766477513837907,nn:pooled
2011-05,0.005269860914375723,0.004450385001144137,0.4097379566157931,nn:pooled
2011-06,0.005305528338126251,0.004488970781261186,0.40827877843253285,nn:pooled
2011-07,0.007216322940925134,0.006493301090027626,0.36151092544875385,nn:pooled
2011-08,0.009455676474059007,0.008654240871799604,0.40071780112970157,nn:pooled
2011-09,0.009340388547709381,0.008607169434348918,0.3666095566802324,nn:pooled
2011-10,-0.007580436020359765,-0.008447506909231569,0.43353544443590203,nn:pooled
2011-11,0.010014287394633505,0.00902050438660229,0.4968915040156072,nn:pooled
2011-12,0.0009367948939689571,-1.4292365070562974e-05,0.47554362951975987,nn:pooled
2012-01,-0.01775840007999769,-0.018998289806170902,0.6199448630866066,nn:pooled
2012-02,-0.0037008708743035777,-0.004874695132116668,0.5869121289065455,nn:pooled
2012-03,0.009359843942943724,0.008275797302769857,0.5420233200869331,nn:pooled
2012-04,0.0053939587280588865,0.004430168036767663,0.4818953456456119,nn:pooled
2012-05,0.005229803361716607,0.004217042639320128,0.5063803611982396,nn:pooled
2012-06,0.00521963014365909,0.004338684650966539,0.44047274634627537,nn:pooled
2012-07,0.00787562067637747,0.006952563508817479,0.46152858377999495,nn:pooled
2012-08,0.005416779406390729,0.004598079006422852,0.40935019998393846,nn:pooled
2012-09,0.000551122060216417,-0.0002977057600623317,0.4244139101393744,nn:pooled
2012-10,0.0024727237829777165,0.0014598944829204558,0.5064146500286304,nn:pooled
2012-11,0.006495477358113948,0.0055398283660385746,0.47782449603768695,nn:pooled
2012-12,-0.0021794443092814663,-0.0031130878054438475,0.4668217480811908,nn:pooled
2013-01,0.003720716912572124,0.0024375329577118366,0.6415919774301435,nn:pooled
2013-02,0.004950557628323099,0.004037276339410008,0.45664064445654534,nn:pooled
2013-03,0.010058542201430775,0.009212835881995542,0.4228531597176175,nn:pooled
2013-04,0.010714640406861983,0.009985734562639634,0.36445292211117486,nn:pooled
2013-05,0.0039635646430801015,0.0032257380570881317,0.3689132929959847,nn:pooled
2013-06,0.0037562219964534464,0.0027984430719985116,0.47888946222746726,nn:pooled
2013-07,0.008435660155898354,0.00739243160583549,0.5216142750314329,nn:pooled
2013-08,0.002478864663170039,0.0014265718809958257,0.5261463910871067,nn:pooled
2013-09,-0.006952836357572024,-0.008033683641514954,0.5404236419714649,nn:pooled
2013-10,-0.0012389625381219252,-0.0022842010511186298,0.5226192564983522,nn:pooled
2013-11,0.00016889622768918703,-0.0007514767317910192,0.460186479740103,nn:pooled
2013-12,0.004866593423602721,0.004047699019679402,0.4094472019616594,nn:pooled
2014-01,0.003126435684721775,0.0023489436023714882,0.38874604117514316,nn:pooled
2014-02,0.005133774237424544,0.004495343615082991,0.3192153111707763,nn:pooled
2014-03,-0.0005502548397334724,-0.0011263289429337727,0.28803705160015025,nn:pooled
2014-04,-0.0018338334432540745,-0.002607832704663797,0.38699963070486115,nn:pooled
2014-05,0.004834876114397251,0.004058192819825119,0.3883416472860667,nn:pooled
2014-06,0.004643781729660901,0.003947017957649807,0.3483818860055472,nn:pooled
2014-07,-0.0017073406785647117,-0.00246814409153307,0.3804017064841792,nn:pooled
2014-08,0.0027973802773510023,0.0019856247424816656,0.4058777674346683,nn:pooled
2014-09,-0.0009017055463797676,-0.0016023415959350474,0.3503180247776399,nn:pooled
2014-10,0.0035951737061646126,0.0029595450995877123,0.3178143032884503,nn:pooled
2014-11,0.009550113078768485,0.008873108344953614,0.3385023669074355,nn:pooled
2014-12,0.01363272535448133,0.013012496204969337,0.31011457475599724,nn:pooled
2015-01,0.005937293569660204,0.005098271087027004,0.4195112413166005,nn:pooled
2015-02,0.00029022232751726453,-0.0005755752947736698,0.4328988111454671,nn:pooled
2015-03,0.004912552432192462,0.0040289167030803374,0.4418178645560624,nn:pooled
2015-04,-0.008525026041532198,-0.009409397431271423,0.44218569486961257,nn:pooled
2015-05,0.0009128793322528344,-0.00017446021421807037,0.5436697732354525,nn:pooled
2015-06,0.004784911500254423,0.003795562052499374,0.49467472387752437,nn:pooled
2015-07,0.008228876267867752,0.0074392226521804335,0.39482680784365926,nn:pooled
2015-08,0.008177794712202485,0.007324496568852122,0.4266490716751815,nn:pooled
2015-09,0.005511799418986392,0.0046890868700875344,0.4113562744494284,nn:pooled
2015-10,-0.005012321174009342,-0.005848057252204094,0.4178680390973762,nn:pooled
2015-11,0.0036000566418889664,0.002623673843321112,0.48819139928392685,nn:pooled
2015-12,0.0008426972565273566,-9.81172600723299e-05,0.47040725829984326,nn:pooled
2016-01,0.0014621489544086551,0.00037023702090378514,0.5459559667524351,nn:pooled
2016-02,-0.00188804166088893,-0.0029100218827020777,0.5109901109065738,nn:pooled
2016-03,-0.00922187763922761,-0.010321390367948389,0.549756364360389,nn:pooled
2016-04,0.003566885032674207,0.0023300478355290813,0.6184185985725626,nn:pooled
2016-05,0.002937441975116875,0.001840420837494773,0.548510568811051,nn:pooled
2016-06,-0.0013242988902740266,-0.002368360925177132,0.5220310174515526,nn:pooled
2016-07,-0.001811630269556842,-0.0027574164544813514,0.47289309246225464,nn:pooled
2016-08,0.005175380052156788,0.004133289233263886,0.5210454094464513,nn:pooled
2016-09,0.0032143142788136074,0.002226106559422977,0.4941038596953153,nn:pooled
2016-10,0.001819522769416424,0.0010147460358608266,0.4023883667777985,nn:pooled
2016-11,-0.0012119013267321678,-0.002164030684759698,0.4760646790137651,nn:pooled
2016-12,0.0005519827477909506,-0.0005581749181978074,0.5550788329943789,nn:pooled
2017-01,0.004038671452285198,0.00299760006855566,0.5205356918647692,nn:pooled
2017-02,-0.0006238377066687962,-0.0015367717276810083,0.45646701050610605,nn:pooled
2017-03,0.004217954591609214,0.0034330565120042613,0.3924490398024761,nn:pooled
2017-04,0.00010883870326325913,-0.0006389906098379783,0.37391465655061884,nn:pooled
2017-05,0.005056997198326615,0.0042917403179876645,0.3826284401694751,nn:pooled
2017-06,0.0001456204375520981,-0.0006811499871153351,0.4133852123337166,nn:pooled
2017-07,0.0033374118972076365,0.002575201382674799,0.3811052572664186,nn:pooled
2017-08,0.003068874271577578,0.00222925805960443,0.41980810598657425,nn:pooled
2017-09,0.0009729649921922269,0.00024654232509436873,0.36321133354892904,nn:pooled
2017-10,0.003765762814328208,0.0030463333717811953,0.35971472127350657,nn:pooled
2017-11,0.002546377914233024,0.0016932489129994972,0.4265645006167637,nn:pooled
2017-12,0.0035171426814710953,0.00267493515093244,0.42110376526932763,nn:pooled
2018-01,0.004525561000270732,0.0036025401527230196,0.4615104237738563,nn:pooled
2018-02,0.00344476935862987,0.0026203099812482974,0.41222968869078613,nn:pooled
2018-03,0.002027303407543481,0.0013470274874649618,0.34013796003925956,nn:pooled
2018-04,0.0017274852187000999,0.0009492184127159284,0.38913340299208554,nn:pooled
2018-05,0.004503350062425189,0.0037416824843953546,0.3808337890149172,nn:pooled
2018-06,0.00319554322400666,0.0024339839031815064,0.38077966041257666,nn:pooled
2018-07,0.003947671835844454,0.0032505233685459515,0.34857423364925133,nn:pooled
2018-08,0.004857062828690239,0.0041485939170456615,0.35423445582228913,nn:pooled
2018-09,0.01162427919828641,0.010928701735091622,0.3477887315973938,nn:pooled
2018-10,0.003316884988755909,0.0026036238349475566,0.35663057690417577,nn:pooled
2018-11,-0.0027787795548315374,-0.0035413550556636117,0.3812877504160372,nn:pooled
2018-12,0.003914730312802879,0.003022663381711592,0.4460334655456434,nn:pooled
2019-01,-0.00032178975575804795,-0.0014897496972772727,0.5839799707596124,nn:pooled
2019-02,-0.006179806045913427,-0.007426861276637628,0.6235276153621002,nn:pooled
2019-03,0.0052680836732299785,0.0040725285983909355,0.5977775374195214,nn:pooled
2019-04,0.002276571687653152,0.0013092148515993255,0.4836784180269134,nn:pooled
2019-05,0.001212884902305681,0.00014397684794596345,0.5344540271798587,nn:pooled
2019-06,0.0018595412589030031,0.0006689880855099853,0.595276586696509,nn:pooled
2019-07,0.005808954729129206,0.004746030275554865,0.5314622267871695,nn:pooled
2019-08,0.005001810619363897,0.003996957873543894,0.502426372910001,nn:pooled
2019-09,-0.0019489839311705574,-0.0029875139422934228,0.5192650055614328,nn:pooled
2019-10,0.0026599253442665467,0.0015094254025332092,0.5752499708666687,nn:pooled
2019-11,0.00023066852585162825,-0.0007873822444359046,0.5090253851437663,nn:pooled
2019-12,0.006966000068979067,0.005843315249589754,0.5613424096946565,nn:pooled
2020-01,0.00799568161632404,0.006885232414056345,0.5552246011338476,nn:pooled
2020-02,0.01141282109218108,0.010377061495173508,0.5178797985037868,nn:pooled
2020-03,0.017818697950763053,0.016880954176213152,0.4688718872749513,nn:pooled
2020-04,-0.01827789422209736,-0.019667922442246213,0.695014110074426,nn:pooled
2020-05,-0.001696743146291965,-0.003629554546962184,0.9664057003351091,nn:pooled
2020-06,-0.0029993420772746983,-0.004617704697846142,0.8091813102857217,nn:pooled
2020-07,0.00093415434665798,-0.0006707368190908176,0.8024455828743989,nn:pooled
2020-08,-0.0015660245465283344,-0.003039876054243902,0.7369257538577838,nn:pooled
2020-09,-0.0017515645778230155,-0.0032092290500314704,0.7288322361042279,nn:pooled
2020-10,0.000179222275604271,-0.0013363460511238497,0.7577841633640603,nn:pooled
2020-11,-0.02487870351268662,-0.026290663703213382,0.7059800952633798,nn:pooled
2020-12,0.0076383016515317505,0.005518435619058984,1.0599330162363831,nn:pooled
2021-01,-0.0004401739833648092,-0.002049127446773312,0.8044767317042514,nn:pooled
2021-02,0.005089585202349002,0.003874696306349338,0.6074444479998318,nn:pooled
2021-03,0.003590427285600809,0.0023064237377171276,0.642001773941841,nn:pooled
2021-04,0.0046683098314708816,0.003372853370996507,0.6477282302371873,nn:pooled
2021-05,0.0028679065679581587,0.0016884432074414533,0.5897316802583528,nn:pooled
2021-06,-0.0032744280477563577,-0.004354276326823365,0.5399241395335037,nn:pooled
2021-07,0.0023403171001693964,0.0012626822166330166,0.5388174417681898,nn:pooled
2021-08,-0.0016302562579995972,-0.0026324363973888065,0.5010900696946048,nn:pooled
2021-09,0.007051199373994285,0.006000939394353016,0.5251299898206342,nn:pooled
2021-10,0.0018304721409454284,0.0007778144584116086,0.5263288412669099,nn:pooled
2021-11,0.0036195281554694462,0.0026319390149848955,0.4937945702422754,nn:pooled
2021-12,0.009650093571131717,0.00848317093514427,0.583461317993724,nn:pooled
2022-01,0.011716599017033348,0.010787532481157146,0.4645332679381015,nn:pooled
2022-02,0.008556074186605504,0.007681824891620276,0.43712464749261404,nn:pooled
2022-03,0.009535816598129129,0.00866752174005375,0.43414742903768916,nn:pooled
2022-04,0.012683231154685486,0.011908395916017793,0.3874176193338466,nn:pooled
2022-05,0.004776928757748056,0.004022741453897877,0.3770936519250894,nn:pooled
2022-06,0.0018633944270835907,0.0010244268610032886,0.41948378304015105,nn:pooled
2022-07,-0.003723936648600547,-0.004637545842265747,0.4568045968325994,nn:pooled
2022-08,-0.0015544987908246565,-0.002426924940267278,0.43621307472131077,nn:pooled
2022-09,0.004682546350012726,0.0037354815691505753,0.4735323904310756,nn:pooled
2022-10,0.0059857046820259606,0.005106922985037672,0.43939084849414445,nn:pooled
2022-11,-0.005023185463321896,-0.005952302369800966,0.4645584532395352,nn:pooled
2022-12,0.003965131034790102,0.002934655508611381,0.5152377630893608,nn:pooled
2023-01,0.00011314341733495671,-0.0010867271722988653,0.599935294816911,nn:pooled
2023-02,0.005612581333781186,0.004572450742527175,0.5200652956270057,nn:pooled
2023-03,0.004375337899810524,0.0035288283889731657,0.4232547554186788,nn:pooled
2023-04,-0.0008230758869919949,-0.0017589593443578472,0.46794172868292616,nn:pooled
2023-05,-0.0017437410212249908,-0.002608729422664073,0.4324942007195412,nn:pooled
2023-06,0.0017398768650896707,0.0008585789577275289,0.440648953681071,nn:pooled
2023-07,0.004287137915959366,0.0033562802306475055,0.46542884265593015,nn:pooled
2023-08,0.0022707086429912607,0.0013312562685229093,0.4697261872341757,nn:pooled
2023-09,0.008536480076922254,0.007669041864428239,0.43371910624700843,nn:pooled
2023-10,0.006206390489156219,0.005416574229600745,0.394908129777737,nn:pooled
2023-11,-0.007828958976225058,-0.008713654314636981,0.44234766920596086,nn:pooled
2023-12,0.004174548220901567,0.003122684366407748,0.5259319272469096,nn:pooled
2024-01,0.010835976917754616,0.009716805709434572,0.5595856041600215,nn:pooled
2024-02,-0.00034249320160481973,-0.0012477917199808562,0.4526492591880181,nn:pooled
2024-03,0.003539202169492412,0.0025738416025523373,0.48268028347003755,nn:pooled
2024-04,9.210677516729003e-05,-0.0008440352506208902,0.46807101289409014,nn:pooled
2024-05,0.0032999599858056453,0.002395169520302268,0.45239523275168847,nn:pooled
2024-06,0.0013452942390915327,0.00043217689741259437,0.45655867083946916,nn:pooled
2024-07,0.0008770220016110215,-6.580419019253986e-07,0.43884002175647346,nn:pooled
2024-08,0.0038268994636779354,0.002955052064746357,0.4359236994657892,nn:pooled
2024-09,1.3164450491714453e-05,-0.0008437968888427568,0.4284806696672355,nn:pooled
2024-10,0.004604946147383683,0.0036972877794941637,0.45382918394475963,nn:pooled
2024-11,0.009942394212120587,0.009068355479018853,0.4370193665508672,nn:pooled
2024-12,0.0022018102817414915,0.00128565226325192,0.4580790092447858,nn:pooled
2025-01,0.001254439784642133,0.000487829720106252,0.3833050322679405,nn:pooled
2025-02,0.003738909558073453,0.003018566275709307,0.36017164118207307,nn:pooled
2025-03,0.005762226549867319,0.0051021004640163315,0.33006304292549415,nn:pooled
2025-04,-0.0017235270093148688,-0.0023677468408476285,0.3221099157663801,nn:pooled
2025-05,-0.0016749235583534477,-0.002399483578752006,0.3622800101992792,nn:pooled
2025-06,-0.0005778498986931802,-0.0012780223296518288,0.35008621547932434,nn:pooled
2025-07,-0.004722500973875127,-0.005365618419264925,0.32155872269489827,nn:pooled
2025-08,0.004633866896045523,0.003896670163558455,0.36859836624353354,nn:pooled
2025-09,0.004992509080640212,0.004268453232414626,0.36202792411279333,nn:pooled
2025-10,0.011314433571109566,0.010604147179833556,0.3551431956380061,nn:pooled
2025-11,0.004573900213052761,0.003725580792629131,0.4241597102118149,nn:pooled
2025-12,0.009896622761637792,0.009121643186925517,0.3874897873561377,nn:pooled
2000-01,0.005389060941367901,0.005389060941367901,0.0,ols:dm_only
2000-02,0.016300485692642426,0.014267458462526058,1.016513615058184,ols:dm_only
2000-03,-0.001901324562930468,-0.003906209484498305,1.0024424607839186,ols:dm_only
2000-04,-0.01774002496505922,-0.01976011146076778,1.0100432478542793,ols:dm_only
2000-05,-0.0022207121975690285,-0.00439506819081809,1.0871779966245312,ols:dm_only
2000-06,-0.008406028474729594,-0.010430427628592922,1.0121995769316636,ols:dm_only
2000-07,-0.0016416410000099574,-0.0037050278590944983,1.0316934295422706,ols:dm_only
2000-08,-0.0068437895872962414,-0.008731240838299556,0.9437256255016578,ols:dm_only
2000-09,0.00015938693375363308,-0.0017989352558376455,0.9791610947956391,ols:dm_only
2000-10,0.000516560039638366,-0.0012585233089746775,0.8875416743065219,ols:dm_only
2000-11,0.0076691988392489155,0.00604951192781706,0.8098434557159283,ols:dm_only
2000-12,0.0007813415060050678,-0.0009580703076109802,0.8697059068080241,ols:dm_only
2001-01,-0.014102503618128792,-0.01598915228965181,0.9433243357615089,ols:dm_only
2001-02,0.007065123792386675,0.004888164132003005,1.0884798301918353,ols:dm_only
2001-03,0.027590469870325516,0.025471157021777244,1.059656424274135,ols:dm_only
2001-04,0.004734204022754039,0.0029993060509504064,0.8674489859018158,ols:dm_only
2001-05,0.009860261504395049,0.007902143026606714,0.9790592388941683,ols:dm_only
2001-06,-0.0020273424819939314,-0.003668930923417108,0.8207942207115881,ols:dm_only
2001-07,0.018071881681124984,0.016226742744326075,0.9225694683994532,ols:dm_only
2001-08,-0.00585101107991225,-0.007433977479119046,0.7914831996033983,ols:dm_only
2001-09,0.01229817551971561,0.010393730168738973,0.9522226754883196,ols:dm_only
2001-10,-0.01976273950592774,-0.021651302410068123,0.9442814520701913,ols:dm_only
2001-11,0.003313570692000425,0.0010243512298517585,1.144609731074333,ols:dm_only
2001-12,0.013289040510950707,0.011330463793779428,0.9792883585856398,ols:dm_only
2002-01,0.0004687172286686305,-0.0015695571890256032,1.0191372088471167,ols:dm_only
2002-02,0.00798155390217663,0.006450478308298246,0.7655377969391917,ols:dm_only
2002-03,0.011672816821988796,0.010299854579267801,0.6864811213604973,ols:dm_only
2002-04,0.006657532693791735,0.005453518771869542,0.6020069609610961,ols:dm_only
2002-05,0.005436738897890772,0.004086501227402776,0.6751188352439979,ols:dm_only
2002-06,0.006189663209944487,0.0048520831337402455,0.6687900381021207,ols:dm_only
2002-07,0.0038413725428719484,0.0025468226703934077,0.6472749362392702,ols:dm_only
2002-08,0.001939862541669999,0.000693476132663034,0.6231932045034827,ols:dm_only
2002-09,0.005295104136581872,0.003974373178559328,0.6603654790112722,ols:dm_only
2002-10,0.0014146018563119247,0.00020173049256337923,0.6064356818742722,ols:dm_only
2002-11,0.002919362714543232,0.0013523766244443896,0.7834930450494213,ols:dm_only
2002-12,0.003272303754694466,0.0019772734511421582,0.6475151517761542,ols:dm_only
2003-01,0.001952068726691296,0.0006356913243213778,0.6581887011849592,ols:dm_only
2003-02,0.0003211433081416731,-0.0006844319206007479,0.5027876143712106,ols:dm_only
2003-03,0.010247229999720523,0.009179743742083947,0.5337431288182881,ols:dm_only
2003-04,-0.005081937585332977,-0.0058072477799565045,0.36265509731176404,ols:dm_only
2003-05,0.0033527161914932843,0.002101865580259882,0.6254253056167017,ols:dm_only
2003-06,0.005736691470588705,0.004516182935084842,0.6102542677519308,ols:dm_only
2003-07,0.008498946680701424,0.007408975233712202,0.5449857234946113,ols:dm_only
2003-08,0.004920219375226627,0.0037920110649957922,0.5641041551154176,ols:dm_only
2003-09,-0.0031642164648640826,-0.004398073128414583,0.6169283317752502,ols:dm_only
2003-10,0.011431080226728908,0.010261242887093678,0.5849186698176148,ols:dm_only
2003-11,0.00098881104631878,-0.00010155215569927573,0.5451816010090278,ols:dm_only
2003-12,0.0005526639300606225,-0.0006436035196970572,0.5981337248788402,ols:dm_only
2004-01,-0.008347528970267587,-0.009546193826358879,0.5993324280456465,ols:dm_only
2004-02,0.002335045919020449,0.0009475059778098635,0.6937699706052928,ols:dm_only
2004-03,0.0020164304809130026,0.0008550155806243348,0.5807074501443337,ols:dm_only
2004-04,0.0022895558979265625,0.001155696850871356,0.5669295235276035,ols:dm_only
2004-05,-0.006342678911843566,-0.00746083479148383,0.5590779398201321,ols:dm_only
2004-06,0.0027436202594838584,0.0015924332750904071,0.5755934921967257,ols:dm_only
2004-07,0.005299651561277727,0.004267048167614601,0.5163016968315631,ols:dm_only
2004-08,0.004030532934092023,0.0030783575903473863,0.4760876718723183,ols:dm_only
2004-09,0.00405747080763124,0.0030421291151793302,0.5076708462259553,ols:dm_only
2004-10,0.011361642874590103,0.010368807154982822,0.49641785980364045,ols:dm_only
2004-11,0.003873655208838941,0.002979045274541763,0.44730496714858936,ols:dm_only
2004-12,0.008220830316260867,0.007096165533912834,0.5623323911740163,ols:dm_only
2005-01,-0.002106439596430316,-0.0032954246403724724,0.5944925219710779,ols:dm_only
2005-02,0.003917866174642855,0.002797520490943814,0.5601728418495203,ols:dm_only
2005-03,0.008817586008445436,0.007683081988408897,0.5672520100182697,ols:dm_only
2005-04,0.014268765077020289,0.013162095684502023,0.5533346962591325,ols:dm_only
2005-05,-0.01531722185791173,-0.016241332457068648,0.4620552995784585,ols:dm_only
2005-06,0.002924149007264712,0.0015823251789481823,0.6709119141582646,ols:dm_only
2005-07,0.002973004595221292,0.0018812005387551557,0.5459020282330681,ols:dm_only
2005-08,0.00026360809656933264,-0.0008264895384965283,0.5450488175329306,ols:dm_only
2005-09,0.003376456005191682,0.0021222008603539845,0.6271275724188489,ols:dm_only
2005-10,0.000581549521682766,-0.000511064887510007,0.5463072045963864,ols:dm_only
2005-11,-0.003590100160657679,-0.004674136307145115,0.5420180732437175,ols:dm_only
2005-12,-0.0010733120815694134,-0.0021928730976556667,0.5597805080431267,ols:dm_only
2006-01,0.004025695496883613,0.0028389898387422407,0.5933528290706862,ols:dm_only
2006-02,0.004814072066969132,0.0033173958811885795,0.7483380928902762,ols:dm_only
2006-03,-0.010245571918663886,-0.011575708116813343,0.6650680990747273,ols:dm_only
2006-04,0.008094030892322275,0.006774940196722925,0.6595453477996748,ols:dm_only
2006-05,0.0007740748922408706,-0.000499062076541693,0.6365684843912819,ols:dm_only
2006-06,0.01441451888535704,0.01321339823459308,0.6005603253819797,ols:dm_only
2006-07,-0.005678110629646604,-0.006868392556379742,0.5951409633665687,ols:dm_only
2006-08,-0.006359467713193186,-0.007746188614072995,0.6933604504399042,ols:dm_only
2006-09,0.0026749304277136157,0.0013256743833345928,0.6746280221895116,ols:dm_only
2006-10,-0.0027862183522257707,-0.0039564311199812114,0.5851063838777205,ols:dm_only
2006-11,0.009775186650054132,0.008530953013369272,0.6221168183424303,ols:dm_only
2006-12,0.0018863201642177676,0.0007665249222483704,0.5598976209846985,ols:dm_only
2007-01,0.0060191670339066385,0.00475723290403646,0.6309670649350888,ols:dm_only
2007-02,0.0017548034778832803,0.00048311704238550274,0.6358432177488889,ols:dm_only
2007-03,0.006068946062305991,0.004895491047768935,0.586727507268528,ols:dm_only
2007-04,0.006291030682944918,0.005129933733650939,0.5805484746469896,ols:dm_only
2007-05,0.0010504287016157633,-0.0001440018031979132,0.5972152524068383,ols:dm_only
2007-06,-0.0024833633848490707,-0.003826148292432833,0.6713924537918808,ols:dm_only
2007-07,-0.0003225946847906835,-0.0018283941200620654,0.752899717635691,ols:dm_only
2007-08,0.0017183810654384242,0.00031152196970396604,0.703429547867229,ols:dm_only
2007-09,0.0027960853910038203,0.0013958270547881572,0.7001291681078312,ols:dm_only
2007-10,0.011715640380969127,0.010415129043077573,0.6502556689457768,ols:dm_only
2007-11,0.0030612032683055867,0.0017566918235564141,0.6522557223745861,ols:dm_only
2007-12,0.004561105613002539,0.003059070988378394,0.7510173123120722,ols:dm_only
2008-01,0.0020685393692228514,0.0008378400996633673,0.615349634779742,ols:dm_only
2008-02,-0.0012709512022346238,-0.0027628861007916363,0.7459674492785062,ols:dm_only
2008-03,0.004646090647640071,0.003185809906389666,0.7301403706252029,ols:dm_only
2008-04,0.0024463257014796587,0.0010485929168451203,0.6988663923172693,ols:dm_only
2008-05,-0.0036412739974557885,-0.005103568040856395,0.7311470217003029,ols:dm_only
2008-06,0.009952676305691513,0.008564074124819313,0.6943010904360999,ols:dm_only
2008-07,-0.004189058259872641,-0.005370290218690286,0.5906159794088222,ols:dm_only
2008-08,0.009305378643877517,0.007797371255528539,0.754003694174489,ols:dm_only
2008-09,0.013639560123014838,0.012465402673055443,0.587078724979698,ols:dm_only
2008-10,0.03340151943414623,0.032270785522760755,0.5653669556927345,ols:dm_only
2008-11,0.018669639872761455,0.017557413076110133,0.5561133983256612,ols:dm_only
2008-12,-0.004703352468679065,-0.00594376289171058,0.620205211515757,ols:dm_only
2009-01,0.0006538334689205611,-0.0008048619675908362,0.7293477182556988,ols:dm_only
2009-02,0.0064915124826790275,0.004965355043849663,0.7630787194146823,ols:dm_only
2009-03,-0.011121993914316041,-0.012355598631728713,0.6168023587063359,ols:dm_only
2009-04,-0.015359818699513255,-0.016952547962912394,0.7963646316995686,ols:dm_only
2009-05,0.011793775527309076,0.009945081390937653,0.9243470681857111,ols:dm_only
2009-06,-0.003734810640003026,-0.005425598092572531,0.8453937262847525,ols:dm_only
2009-07,0.0038344607671901084,0.0020120025462182192,0.9112291104859446,ols:dm_only
2009-08,0.001289251855859482,-0.00010085266230412986,0.6950522590818058,ols:dm_only
2009-09,0.005306870649393449,0.0038969400388772332,0.7049653052581082,ols:dm_only
2009-10,0.0014025131492793421,0.00013158103416480586,0.6354660575572683,ols:dm_only
2009-11,0.0019497138117118918,0.000611858339295456,0.6689277362082179,ols:dm_only
2009-12,-0.002249055956495163,-0.0035049917206188812,0.6279678820618592,ols:dm_only
2010-01,-0.0018366025048801638,-0.003265346955707504,0.7143722254136701,ols:dm_only
2010-02,-0.002506538717789528,-0.004052033450032195,0.7727473661213331,ols:dm_only
2010-03,-0.003036142586047866,-0.004660455383839965,0.8121563988960493,ols:dm_only
2010-04,0.005260910947158711,0.0037923825445585952,0.7342642013000581,ols:dm_only
2010-05,0.004280223190559352,0.0029050941165783477,0.6875645369905018,ols:dm_only
2010-06,0.008029053866543552,0.0067468682536298615,0.6410928064568453,ols:dm_only
2010-07,-0.0015631012606712525,-0.002699020462582695,0.5679596009557213,ols:dm_only
2010-08,0.0034030413862131364,0.001983002618468129,0.710019383872504,ols:dm_only
2010-09,0.0014792161303359272,8.397650397043003e-05,0.6976198131827485,ols:dm_only
2010-10,0.00630570675832326,0.004866291914394572,0.7197074219643448,ols:dm_only
2010-11,0.00877776125636258,0.00744479923151243,0.6664810124250757,ols:dm_only
2010-12,0.00576244610303904,0.004440567360983576,0.6609393710277321,ols:dm_only
2011-01,0.005267617179612414,0.003974444965944032,0.6465861068341913,ols:dm_only
2011-02,-0.001728240714110558,-0.0031425812406289826,0.7071702632592122,ols:dm_only
2011-03,-0.0003755378807037616,-0.001766624837043557,0.6955434781698975,ols:dm_only
2011-04,0.007696053741786472,0.006348613459169368,0.6737201413085522,ols:dm_only
2011-05,0.004334456843120303,0.0031364491785358687,0.5990038322922173,ols:dm_only
2011-06,0.00459157543175374,0.0033809700091839445,0.6053027112848982,ols:dm_only
2011-07,0.006215098499112214,0.005115418953948857,0.5498397725816788,ols:dm_only
2011-08,0.009663470387133838,0.008604277311238084,0.5295965379478771,ols:dm_only
2011-09,0.012151685395488877,0.011055881896491957,0.54790174949846,ols:dm_only
2011-10,-0.008110847371688453,-0.009309919044798684,0.5995358365551149,ols:dm_only
2011-11,0.0026296094404450153,0.0010835813083406379,0.7730140660521886,ols:dm_only
2011-12,0.0041000512562059015,0.002618426953063079,0.7408121515714109,ols:dm_only
2012-01,-0.01914472212342806,-0.020161819342040223,0.508548609306081,ols:dm_only
2012-02,-0.0021274726749353893,-0.003558083115002544,0.7153052200335773,ols:dm_only
2012-03,0.008012763050808457,0.006659088655085448,0.6768371978615043,ols:dm_only
2012-04,0.005523130352819275,0.004348620909770861,0.5872547215242067,ols:dm_only
2012-05,0.010620012597238871,0.009553585507405522,0.5332135449166737,ols:dm_only
2012-06,0.0051165479566504775,0.004074798166885894,0.5208748948822916,ols:dm_only
2012-07,0.006734485310369241,0.005642842820508799,0.5458212449302211,ols:dm_only
2012-08,0.005188521428507826,0.004128900906217573,0.529810261145127,ols:dm_only
2012-09,-0.001300383007603101,-0.0023303521448394086,0.5149845686181537,ols:dm_only
2012-10,0.002240501215348625,0.0010494142676785504,0.5955434738350371,ols:dm_only
2012-11,0.0074455715160941256,0.006302337399927025,0.5716170580835493,ols:dm_only
2012-12,-0.002913883203248881,-0.0039582840744775355,0.5222004356143273,ols:dm_only
2013-01,0.0030429926016057596,0.001800301465623853,0.6213455679909533,ols:dm_only
2013-02,0.0037257856142027448,0.0025200293407703204,0.6028781367162124,ols:dm_only
2013-03,0.00911745169057938,0.008040267659665418,0.5385920154569814,ols:dm_only
2013-04,0.009257328093956404,0.008341827030444572,0.45775053175591623,ols:dm_only
2013-05,0.003365979331306566,0.002381189176993604,0.4923950771564809,ols:dm_only
2013-06,0.0033819125785988125,0.002128454244538639,0.6267291670300866,ols:dm_only
2013-07,0.00909211009784727,0.007853716553402878,0.6191967722221959,ols:dm_only
2013-08,-0.0010488813961585038,-0.002307306978853711,0.6292127913476036,ols:dm_only
2013-09,-0.0053729846879919775,-0.006753075645590184,0.6900454787991029,ols:dm_only
2013-10,-0.000622547110144037,-0.0019003380068696293,0.638895448362796,ols:dm_only
2013-11,-0.0005661967135409381,-0.0017224251125456836,0.5781141995023726,ols:dm_only
2013-12,0.004071102329116862,0.0030195627268655993,0.5257698011256312,ols:dm_only
2014-01,0.0007003393848064773,-0.00022555187793305164,0.46294563136976447,ols:dm_only
2014-02,0.0048018985066726905,0.0036835647337468496,0.5591668864629205,ols:dm_only
2014-03,0.001260533744756851,0.00016045279857270235,0.5500404730920744,ols:dm_only
2014-04,0.0012344441904976434,6.126056163426925e-05,0.5865918144316872,ols:dm_only
2014-05,-0.0005004563332668154,-0.0016628105102824862,0.5811770885078353,ols:dm_only
2014-06,0.003215371207631702,0.0020257549130832772,0.5948081472742123,ols:dm_only
2014-07,0.0009934127620311298,-0.0001486063409461346,0.5710095514886322,ols:dm_only
2014-08,0.003005472020671532,0.0018819103972853484,0.5617808116930919,ols:dm_only
2014-09,-0.001968406877489986,-0.003032377980326463,0.5319855514182387,ols:dm_only
2014-10,0.0027225683285763487,0.001660829647142937,0.5308693407167058,ols:dm_only
2014-11,0.008582561386292585,0.0075101548738544886,0.5362032562190481,ols:dm_only
2014-12,0.012911675172541642,0.011915337423963222,0.49816887428920986,ols:dm_only
2015-01,0.005370346893804712,0.004397159520462156,0.48659368667127845,ols:dm_only
2015-02,-0.00033056461429890904,-0.0014873813511222884,0.5784083684116897,ols:dm_only
2015-03,0.0033045442862598695,0.0020863657925973968,0.6090892468312366,ols:dm_only
2015-04,-0.010553693801097162,-0.011732100953826789,0.5892035763648134,ols:dm_only
2015-05,-0.00010664768572793178,-0.0015879548819684177,0.7406535981202432,ols:dm_only
2015-06,0.0023757520870337566,0.0009729008436516743,0.7014256216910408,ols:dm_only
2015-07,0.008013156568298126,0.006970384749893822,0.521385909202152,ols:dm_only
2015-08,0.0075001222440558,0.00644085419181566,0.5296340261200703,ols:dm_only
2015-09,0.0035057463082475435,0.0024150398361127176,0.5453532360674129,ols:dm_only
2015-10,-0.004060737584376466,-0.0052066256190666195,0.5729440173450773,ols:dm_only
2015-11,0.0023934264474283293,0.0011362295067876404,0.6285984703203444,ols:dm_only
2015-12,-0.0003413419625257992,-0.0015762248879665555,0.617441462720378,ols:dm_only
2016-01,0.001818087923039276,0.0006048638268789949,0.6066120480801405,ols:dm_only
2016-02,7.175972906465251e-05,-0.0011462602538872817,0.609009991475967,ols:dm_only
2016-03,-0.0048807821259356544,-0.006181301456470775,0.6502596652675606,ols:dm_only
2016-04,0.0036583848075762617,0.002288538067198879,0.6849233701886916,ols:dm_only
2016-05,0.001399145671751512,0.00012659069840493327,0.6362774866732893,ols:dm_only
2016-06,-0.0015815678413537268,-0.002827596684670778,0.6230144216585254,ols:dm_only
2016-07,-0.0006502909664174389,-0.0017581291289769116,0.5539190812797364,ols:dm_only
2016-08,0.005813134600463367,0.004581519499734408,0.6158075503644793,ols:dm_only
2016-09,0.006072799633262103,0.00498173259586182,0.5455335187001418,ols:dm_only
2016-10,0.0013222716691482278,0.000455864963259554,0.4332033529443367,ols:dm_only
2016-11,-0.0023642983368256016,-0.003432134804357417,0.5339182337659076,ols:dm_only
2016-12,0.0006721519142247135,-0.000575696940806933,0.6239244275158233,ols:dm_only
2017-01,0.0029097715007735518,0.0017551192303083634,0.5773261352325941,ols:dm_only
2017-02,-0.0004484134268516807,-0.0016474826693184744,0.599534621233397,ols:dm_only
2017-03,0.002221203200860285,0.0010877691291352274,0.566717035862529,ols:dm_only
2017-04,-0.000125412416032154,-0.0012431694802414388,0.5588785321046422,ols:dm_only
2017-05,0.004500419995930205,0.003438606310300547,0.5309068428148291,ols:dm_only
2017-06,0.0005365229727861312,-0.0006399219904108011,0.5882224815984661,ols:dm_only
2017-07,0.001998581263217794,0.0009049815743459024,0.5467998444359459,ols:dm_only
2017-08,0.0034144992688603026,0.0022561742800730777,0.5791624943936123,ols:dm_only
2017-09,0.001256774775731057,0.00026002600423606815,0.4983743857474944,ols:dm_only
2017-10,0.0037880094124389052,0.0027814478941649823,0.5032807591369617,ols:dm_only
2017-11,0.002087515831173069,0.0009434355035171286,0.5720401638279703,ols:dm_only
2017-12,0.0036502798970137243,0.0024379239124998108,0.6061779922569567,ols:dm_only
2018-01,0.0042010132631565165,0.002983563172018489,0.6087250455690137,ols:dm_only
2018-02,0.0022704718811963785,0.000957972111649751,0.6562498847733137,ols:dm_only
2018-03,0.004154180926777909,0.0029627584902143355,0.595711218281787,ols:dm_only
2018-04,0.0006227993735306928,-0.000453350809949888,0.5380750917402902,ols:dm_only
2018-05,0.002596097895228864,0.0013499706723609317,0.6230636114339662,ols:dm_only
2018-06,0.0027324227913989325,0.0014668699028263356,0.6327764442862985,ols:dm_only
2018-07,0.0026281704145726128,0.0014896718384642253,0.5692492880541935,ols:dm_only
2018-08,0.004374082172329178,0.00323541151819369,0.5693353270677443,ols:dm_only
2018-09,0.013233391871973765,0.012103413426039577,0.5649892229670928,ols:dm_only
2018-10,0.004011107232684388,0.002969466042663159,0.5208205950106147,ols:dm_only
2018-11,-0.0032223537736529918,-0.0043401580111612345,0.5589021187541211,ols:dm_only
2018-12,0.004845959726172058,0.0034464635078399783,0.6997481091660397,ols:dm_only
2019-01,-0.001903556579778804,-0.003038977148041551,0.5677102841313734,ols:dm_only
2019-02,-0.0054788305050345485,-0.006769084649990095,0.645127072477773,ols:dm_only
2019-03,0.005104354887800518,0.0038513059320969237,0.6265244778517971,ols:dm_only
2019-04,0.0016952385295177896,0.0006939818859036927,0.5006283218070483,ols:dm_only
2019-05,0.0019890569507926186,0.0009094514689182976,0.5398027409371605,ols:dm_only
2019-06,0.002718906603541144,0.0015167637481466462,0.601071427697249,ols:dm_only
2019-07,0.005747665846384686,0.004624950705070353,0.5613575706571662,ols:dm_only
2019-08,0.003915657712685586,0.002916668776711026,0.49949446798728014,ols:dm_only
2019-09,-0.002677228902908907,-0.003753979372191638,0.5383752346413655,ols:dm_only
2019-10,0.0019712102752650696,0.0007540801156057339,0.6085650798296679,ols:dm_only
2019-11,0.0012268669034390563,0.0001390623224070025,0.5439022905160269,ols:dm_only
2019-12,0.005157387308276241,0.004003444779277551,0.5769712644993455,ols:dm_only
2020-01,0.005408867418214545,0.004432838965937893,0.48801422613832623,ols:dm_only
2020-02,0.009564844412190986,0.008513499856057842,0.5256722780665718,ols:dm_only
2020-03,0.016620750289633807,0.015615221944876473,0.5027641723786668,ols:dm_only
2020-04,-0.01856751451484122,-0.02001155604994145,0.7220207675501157,ols:dm_only
2020-05,-0.0010696246951261154,-0.0030740488523876954,1.00221207863079,ols:dm_only
2020-06,-0.0034610734255909282,-0.005068606043271078,0.8037663088400749,ols:dm_only
2020-07,0.004466083239118196,0.002983348271551164,0.7413674837835157,ols:dm_only
2020-08,0.001425030196984107,3.0441913602374204e-06,0.7109930028119348,ols:dm_only
2020-09,-0.004029696201147897,-0.005452934234224958,0.7116190165385307,ols:dm_only
2020-10,0.0017488342986331463,0.0002981788270620944,0.725327735785526,ols:dm_only
2020-11,-0.024593083973884825,-0.0258387865866257,0.6228513063704368,ols:dm_only
2020-12,0.0019939556951921555,6.845966216223291e-05,0.9627480165149613,ols:dm_only
2021-01,0.0017180106403123204,3.2644741416298935e-05,0.8426829494480107,ols:dm_only
2021-02,0.0005927304530002535,-0.0008307300394918074,0.7117302462460305,ols:dm_only
2021-03,0.006917305325593161,0.005430328455522004,0.7434884350355792,ols:dm_only
2021-04,0.00507839689025933,0.0038114315811769205,0.6334826545412043,ols:dm_only
2021-05,0.0036590872253882164,0.002277469780090956,0.6908087226486304,ols:dm_only
2021-06,-0.0037998991556158312,-0.0051351343515966255,0.667617597990397,ols:dm_only
2021-07,0.004245078166545423,0.0029727717113683925,0.636153227588515,ols:dm_only
2021-08,-0.0014860974678491804,-0.002689588344944537,0.6017454385476783,ols:dm_only
2021-09,0.0075139723772222715,0.006220457003933188,0.6467576866445419,ols:dm_only
2021-10,0.0019729675210704524,0.00078065750535695,0.5961550078567512,ols:dm_only
2021-11,0.0045117008385789125,0.0033403014499697706,0.585699694304571,ols:dm_only
2021-12,0.008119768091123367,0.0067591912561639315,0.6802884174797181,ols:dm_only
2022-01,0.011370977465447397,0.010286155556516892,0.5424109544652524,ols:dm_only
2022-02,0.007628498061712311,0.006632468494005483,0.49801478385341374,ols:dm_only
2022-03,0.008932094555403407,0.00784389394892092,0.5441003032412435,ols:dm_only
2022-04,0.010444867348022692,0.009441712535864415,0.5015774060791389,ols:dm_only
2022-05,0.0038775752959773913,0.002875297801551992,0.5011387472126998,ols:dm_only
2022-06,0.0019694547682464437,0.0008766550098285012,0.5463998792089714,ols:dm_only
2022-07,-0.0055838822362325406,-0.006696390799222774,0.5562542814951167,ols:dm_only
2022-08,-0.0011990597357320896,-0.0023856273748950186,0.5932838195814646,ols:dm_only
2022-09,0.006183681936920814,0.005116044065525211,0.5338189356978017,ols:dm_only
2022-10,0.005146323750824207,0.004098865587612899,0.5237290816056545,ols:dm_only
2022-11,-0.006349308825078437,-0.007472527185392311,0.5616091801569382,ols:dm_only
2022-12,0.005102732625009234,0.0038381793320860368,0.6322766464615988,ols:dm_only
2023-01,0.0006026143391653458,-0.0004949038294801352,0.5487590843227406,ols:dm_only
2023-02,0.007224948358809277,0.006144678462079305,0.5401349483649853,ols:dm_only
2023-03,0.0031002161302179695,0.0022049753382321403,0.44762039599291453,ols:dm_only
2023-04,-0.0003487068267938444,-0.0013873096127665875,0.5193013929863715,ols:dm_only
2023-05,-0.001733735474903303,-0.0027058186832767755,0.486041604186736,ols:dm_only
2023-06,0.0012532225220342234,0.0002214070859404437,0.51590771804689,ols:dm_only
2023-07,0.0042541598960087225,0.003163035974199706,0.5455619609045084,ols:dm_only
2023-08,0.0015800344742447328,0.0004963389373019927,0.5418477684713703,ols:dm_only
2023-09,0.010417765893339316,0.009367246089500488,0.5252599019194136,ols:dm_only
2023-10,0.007951920988061724,0.007083079354913227,0.4344208165742485,ols:dm_only
2023-11,-0.009298048380211841,-0.010239560552025186,0.47075608590667256,ols:dm_only
2023-12,0.0031898098392210876,0.001982920657211862,0.6034445910046127,ols:dm_only
2024-01,0.008294017066632301,0.007213603607318639,0.5402067296568315,ols:dm_only
2024-02,0.00014458987440704602,-0.0009474511699494605,0.5460205221782534,ols:dm_only
2024-03,0.003446099368333103,0.0023013441154319516,0.5723776264505758,ols:dm_only
2024-04,-0.00042316635265292644,-0.0015319429928431665,0.5543883200951201,ols:dm_only
2024-05,0.0020128810829832945,0.0009183081076762667,0.5472864876535137,ols:dm_only
2024-06,-0.0007420534695070358,-0.0017910008528798959,0.5244736916864301,ols:dm_only
2024-07,0.0001416229118147798,-0.0009088018095101433,0.5252123606624617,ols:dm_only
2024-08,0.003100139596327185,0.0020419381492676916,0.529100723529747,ols:dm_only
2024-09,0.0004197056943635352,-0.0006076118961300263,0.5136587952467808,ols:dm_only
2024-10,0.004555324657421852,0.003462895049202712,0.54621480410957,ols:dm_only
2024-11,0.009235513549927713,0.00815361079718177,0.5409513763729709,ols:dm_only
2024-12,0.0018903155269934862,0.0008195869544179464,0.5353642862877698,ols:dm_only
2025-01,0.0009790302080974961,6.23450029754415e-05,0.4583426025610271,ols:dm_only
2025-02,0.004200123357278535,0.0031338533100467403,0.5331350236158973,ols:dm_only
2025-03,0.00570295164113241,0.004708057676194027,0.49744698246919145,ols:dm_only
2025-04,-0.002854686337081341,-0.003831442881308826,0.48837827211374235,ols:dm_only
2025-05,-0.001201481628769611,-0.0022902148386778004,0.5443666049540945,ols:dm_only
2025-06,-0.00032208015509073396,-0.0013961928707188565,0.5370563578140611,ols:dm_only
2025-07,-0.00015951279903531345,-0.0011121297627166723,0.47630848184067925,ols:dm_only
2025-08,0.0026433061822193444,0.0015683093622826903,0.537498409968327,ols:dm_only
2025-09,0.0035569978621271484,0.0024204911177600607,0.5682533721835441,ols:dm_only
2025-10,0.008530411583381733,0.007417548363854053,0.5564316097638397,ols:dm_only
2025-11,0.0012940375489426522,0.00011511735640524008,0.5894600962687063,ols:dm_only
2025-12,0.00966137012622069,0.008511346731119997,0.5750116975503459,ols:dm_only
2000-01,0.0005630625369314226,0.0005630625369314226,0.0,ols:own
2000-02,-0.003862985463320356,-0.006424378273830746,1.2806964052551941,ols:own
2000-03,-0.0037560835835004085,-0.0060002800347433195,1.1220982256214556,ols:own
2000-04,0.007593487247616542,0.004995833439546026,1.2988269040352571,ols:own
2000-05,0.0051055610801507365,0.0030399594296837006,1.0328008252335172,ols:own
2000-06,-0.009765862299703063,-0.012110945761012726,1.1725417306548316,ols:own
2000-07,-0.00011374666356664056,-0.002440683004168513,1.1634681703009366,ols:own
2000-08,-0.007256697582937501,-0.009391715746548004,1.067509081805252,ols:own
2000-09,-0.0020845383342916286,-0.004399285501033023,1.1573735833706973,ols:own
2000-10,0.0055856651748363365,0.0034847412673840086,1.0504619537261635,ols:own
2000-11,0.009972955051870768,0.008034279031859886,0.9693380100054413,ols:own
2000-12,-0.006987594401605294,-0.009232018189410506,1.1222118939026064,ols:own
2001-01,-0.021275582429634992,-0.02334517159544805,1.034794582906529,ols:own
2001-02,0.002070307520327627,4.8626759736149824e-05,1.0108403802957389,ols:own
2001-03,0.02742889263107423,0.025412851774627963,1.0080204282231335,ols:own
2001-04,0.006426222241855415,0.005039090592651019,0.693565824602198,ols:own
2001-05,0.010381173566193691,0.00842884377982076,0.9761648931864662,ols:own
2001-06,-0.002600810766693703,-0.004145494152400938,0.7723416928536173,ols:own
2001-07,0.016755768020928867,0.014957382610861936,0.8991927050334648,ols:own
2001-08,-0.003867012576438422,-0.005304445920476789,0.7187166720191834,ols:own
2001-09,0.0065294378737893,0.004827598018923769,0.8509199274327657,ols:own
2001-10,-0.0047146786623237435,-0.006540869340986373,0.9130953393313155,ols:own
2001-11,0.01127098084183353,0.009299164181988968,0.9859083299222815,ols:own
2001-12,0.013498043893543017,0.011746132106754494,0.8759558933942618,ols:own
2002-01,-0.000893198584951401,-0.002826300744087952,0.9665510795682756,ols:own
2002-02,0.0066681921024296835,0.005236598645062918,0.7157967286833827,ols:own
2002-03,0.008887033162345483,0.007460963152484655,0.7130350049304133,ols:own
2002-04,0.004894581078276823,0.0036916179115389406,0.6014815833689414,ols:own
2002-05,0.0029380666845465154,0.0015489801303497444,0.6945432770983851,ols:own
2002-06,0.0028363136298792013,0.0014942580238223623,0.6710278030284195,ols:own
2002-07,-0.0008527587602832593,-0.002193222451953411,0.6702318458350761,ols:own
2002-08,0.006191665969960727,0.004923518505604378,0.634073732178175,ols:own
2002-09,0.00459853157099868,0.0033518241037163426,0.6233537336411684,ols:own
2002-10,0.0027852481179088794,0.0015547355307366359,0.6152562935861215,ols:own
2002-11,0.0045070139085081505,0.0030047989638765068,0.7511074723158218,ols:own
2002-12,0.002952647708424326,0.0016823672806718752,0.6351402138762251,ols:own
2003-01,0.000739645494224752,-0.0005017314746623548,0.6206884844435534,ols:own
2003-02,0.0016913058457839706,0.0006057790125329281,0.5427634166255212,ols:own
2003-03,0.007014103230459087,0.005841959844600124,0.5860716929294816,ols:own
2003-04,-0.006621308995589759,-0.007418679988737718,0.398685496573979,ols:own
2003-05,0.004086681586161376,0.002886778313014371,0.5999516365735031,ols:own
2003-06,0.0056538715068318365,0.0043086566195736035,0.6726074436291162,ols:own
2003-07,0.0048388214184171595,0.0037955706133459407,0.5216254025356095,ols:own
2003-08,0.0035949707783798426,0.00241078203447056,0.5920943719546413,ols:own
2003-09,0.0003123399193759285,-0.0008710838336619646,0.5917118765189463,ols:own
2003-10,0.010430159792240202,0.009334125152901693,0.5480173196692539,ols:own
2003-11,0.0018075795754184437,0.0008435586739305344,0.48201045074395454,ols:own
2003-12,-0.0013711466245971238,-0.0024590682818027357,0.5439608286028059,ols:own
2004-01,-0.0028932096677812976,-0.003928898169398615,0.5178442508086587,ols:own
2004-02,-0.0003393833129211709,-0.0015273064206239614,0.5939615538513952,ols:own
2004-03,0.0020681041849401486,0.0010618125138420543,0.5031458355490472,ols:own
2004-04,0.0017532047790243769,0.0007796609467830553,0.4867719161206606,ols:own
2004-05,-0.005350561652093244,-0.006324479727326207,0.4869590376164812,ols:own
2004-06,0.005233119427487647,0.004209597562399791,0.5117609325439285,ols:own
2004-07,0.005493903706969437,0.004659190000845826,0.4173568530618055,ols:own
2004-08,0.006019993505665902,0.005196687802624262,0.4116528515208196,ols:own
2004-09,0.0033979634026437694,0.00254402968539471,0.4269668586245298,ols:own
2004-10,0.009927948389798479,0.009039259704297031,0.44434434275072465,ols:own
2004-11,0.004133982493603725,0.0033665363191727965,0.38372308721546416,ols:own
2004-12,0.007906125585204609,0.006904094200024457,0.5010156925900758,ols:own
2005-01,-0.0018511022137080657,-0.0029370454697951846,0.5429716280435598,ols:own
2005-02,0.009079643353270724,0.008101035879923373,0.48930373667367466,ols:own
2005-03,0.008623726957337777,0.007704666917193806,0.45953002007198557,ols:own
2005-04,0.01277724239731961,0.01183381472799988,0.4717138346598647,ols:own
2005-05,-0.012366607689809456,-0.013226697778816979,0.43004504450376146,ols:own
2005-06,0.0026697372010970593,0.001518728795072869,0.5755042030120952,ols:own
2005-07,0.0074943158083580555,0.006462021573071832,0.5161471176431115,ols:own
2005-08,-0.004102627800777375,-0.005007988686742406,0.45268044298251503,ols:own
2005-09,0.0009883666852848944,-0.00018550351872610976,0.586935102005502,ols:own
2005-10,0.0010177740368413543,7.015803285695274e-05,0.47380800199220086,ols:own
2005-11,-0.0027307104385663667,-0.0036733020299859237,0.4712957957097786,ols:own
2005-12,-0.0013639432878174,-0.0023045826005210347,0.4703196563518172,ols:own
2006-01,0.01322970302471403,0.01229022832198209,0.4697373513659693,ols:own
2006-02,0.0030599234173418408,0.001918094778480729,0.5709143194305557,ols:own
2006-03,-0.00991527358715212,-0.011037792394582488,0.5612594037151833,ols:own
2006-04,0.006500337524577481,0.005457102843280034,0.5216173406487239,ols:own
2006-05,0.0031759356466919877,0.0020166103235567125,0.5796626615676376,ols:own
2006-06,0.01981102410037427,0.0188080214945743,0.5015013028999862,ols:own
2006-07,-0.0017237466450800772,-0.002703653990277593,0.48995367259875783,ols:own
2006-08,-0.004715929867377301,-0.005925193039299605,0.6046315859611515,ols:own
2006-09,0.0017919854683461794,0.0007478932041581226,0.5220461320940284,ols:own
2006-10,-0.003640803829650038,-0.004592613188012562,0.47590467918126184,ols:own
2006-11,0.008669684005488164,0.007682024467382083,0.49382976905304155,ols:own
2006-12,0.0022212128644801413,0.0013551720216555016,0.4330204214123196,ols:own
2007-01,0.006049983747962067,0.004964880097172379,0.5425518253948439,ols:own
2007-02,0.0027089039995192325,0.0015541599728397702,0.5773720133397312,ols:own
2007-03,0.006901877790243362,0.005818010364203455,0.5419337130199536,ols:own
2007-04,0.003061872911120269,0.0019312054600442333,0.5653337255380179,ols:own
2007-05,5.108936072014717e-05,-0.0010100130237611525,0.5305511922406497,ols:own
2007-06,0.00011113255877266767,-0.0010101809188534604,0.560656738813064,ols:own
2007-07,-0.000353867220326656,-0.0016603402257534465,0.6532365027133954,ols:own
2007-08,0.0022952473111015827,0.0011309178458009453,0.5821647326503188,ols:own
2007-09,0.0007442263133743233,-0.0005169988565599123,0.6306125849671178,ols:own
2007-10,0.007840549798635067,0.006673352142527728,0.5835988280536694,ols:own
2007-11,0.0009767423774111781,-0.0001686826222307111,0.5727124998209445,ols:own
2007-12,0.0027762306460197314,0.0014007619663566257,0.687734339831553,ols:own
2008-01,0.0006976505262938581,-0.0004947367163139696,0.5961936213039136,ols:own
2008-02,0.0012761082937901697,7.431846058935168e-06,0.6343382238656173,ols:own
2008-03,0.0008785520726480607,-0.00034355475796404687,0.611053415306054,ols:own
2008-04,0.0042716557412067055,0.003078098243681836,0.5967787487624346,ols:own
2008-05,-0.0055152537017032,-0.006758771833675156,0.6217590659859782,ols:own
2008-06,0.006361057852573545,0.0051184564039487845,0.6213007243123797,ols:own
2008-07,0.00033182350684452753,-0.0006988592219932994,0.5153413644189133,ols:own
2008-08,0.00766871653830964,0.0063411057454921425,0.6638053964087486,ols:own
2008-09,0.007900457190826608,0.0067427175782979664,0.5788698062643204,ols:own
2008-10,0.02345248178050385,0.02239152978807876,0.530475996212545,ols:own
2008-11,0.01608520339154835,0.014985729193710351,0.549737098919,ols:own
2008-12,-0.0013951820228607608,-0.0026665410225389197,0.6356794998390792,ols:own
2009-01,0.0020714299407222987,0.0007825415619119413,0.6444441894051789,ols:own
2009-02,0.0050137730626879685,0.0038027916540908993,0.6054907042985342,ols:own
2009-03,-0.007674314682415918,-0.008604512428833602,0.46509887320884163,ols:own
2009-04,-0.015480068037104689,-0.016706911423290338,0.6134216930928255,ols:own
2009-05,8.161608350212482e-05,-0.0013078855682907232,0.694750825896424,ols:own
2009-06,-0.0008826587633327589,-0.0022764574852446747,0.6968993609559576,ols:own
2009-07,0.002051972259244173,0.0006147172270573361,0.7186275160934184,ols:own
2009-08,0.0005125083977859029,-0.0006062897527903128,0.559399075288108,ols:own
2009-09,0.0040614758085672255,0.002896249378657524,0.5826132149548507,ols:own
2009-10,0.00237824315999506,0.001354865168648578,0.5116889956732411,ols:own
2009-11,0.003732375189328904,0.002605416624235389,0.5634792825467577,ols:own
2009-12,-0.002108556638582294,-0.0031120593999755418,0.5017513806966237,ols:own
2010-01,-0.001266016468523347,-0.002484976969110757,0.6094802502937052,ols:own
2010-02,-0.0005544409956374755,-0.0016552869139220836,0.5504229591423041,ols:own
2010-03,-0.002166779919570681,-0.0033818675546248666,0.607543817527093,ols:own
2010-04,0.006020257636292632,0.004981370992793284,0.5194433217496741,ols:own
2010-05,0.005005135545162675,0.004089805214791218,0.4576651651857284,ols:own
2010-06,0.0068783508564101035,0.006016644109971566,0.4308533732192688,ols:own
2010-07,0.0014766479363869849,0.0007102362722686916,0.38320583205914693,ols:own
2010-08,0.0026816815065826,0.0017156449732567093,0.4830182666629454,ols:own
2010-09,0.002389946556871162,0.0014259572613207116,0.48199464777522505,ols:own
2010-10,0.004629597702566297,0.003679768739255877,0.47491448165520994,ols:own
2010-11,0.007920211887748765,0.007003394233463202,0.45840882714278164,ols:own
2010-12,0.0035305184605079723,0.0026323031335576995,0.4491076634751364,ols:own
2011-01,0.005538477690056369,0.004684549353352246,0.4269641683520613,ols:own
2011-02,-0.00030221458057972224,-0.0011908698478892775,0.44432763365477745,ols:own
2011-03,0.0009826646393259941,8.461340464344028e-05,0.44902561734127683,ols:own
2011-04,0.006708834322260243,0.0058802590209062035,0.41428765067702,ols:own
2011-05,0.004213301536544741,0.0034898389688129495,0.361731283865896,ols:own
2011-06,0.004438091575949421,0.0037001722761708894,0.36895964988926583,ols:own
2011-07,0.0054829442664947724,0.0048301588452623985,0.3263927106161871,ols:own
2011-08,0.0061023815858403845,0.005431135124146759,0.33562323084681217,ols:own
2011-09,0.010801395215865062,0.010097815760923931,0.3517897274705657,ols:own
2011-10,-0.005163922479744036,-0.005917399979081304,0.376738749668634,ols:own
2011-11,0.004031942973669284,0.0030828518885500076,0.4745455425596384,ols:own
2011-12,0.003316828547870074,0.002348495513894248,0.4841665169879131,ols:own
2012-01,-0.01569733017648669,-0.016346435039664955,0.32455243158913266,ols:own
2012-02,-0.0011149395576199154,-0.0019353327796778278,0.41019661102895616,ols:own
2012-03,0.008431705429658334,0.007630413079264288,0.40064617519702306,ols:own
2012-04,0.004762473531990472,0.0040665512891335685,0.34796112142845176,ols:own
2012-05,0.008431275682689789,0.00780582397858784,0.3127258520509735,ols:own
2012-06,0.005083269452945188,0.004509017638848224,0.2871259070484819,ols:own
2012-07,0.005912239895684619,0.005330309484621616,0.2909652055315016,ols:own
2012-08,0.005521708182069949,0.0049404975417517835,0.2906053201590823,ols:own
2012-09,-0.0011237799994146436,-0.0016696774975304147,0.2729487490578857,ols:own
2012-10,0.0024915676131134494,0.0018505322765184015,0.32051766829752404,ols:own
2012-11,0.006535463753032587,0.005939241771987885,0.29811099052235085,ols:own
2012-12,-0.0018769670849989799,-0.002409023764991154,0.26602833999608694,ols:own
2013-01,0.0029907089618264816,0.0023256410188933242,0.33253397146657887,ols:own
2013-02,0.004032059289106397,0.0033448191337361963,0.3436200776851002,ols:own
2013-03,0.007575273087408036,0.006984825534112992,0.2952237766475223,ols:own
2013-04,0.007306482127257576,0.0068002863082392995,0.2530979095091381,ols:own
2013-05,0.0022086417340529347,0.0016781575458163025,0.2652420941183163,ols:own
2013-06,0.003991504694997008,0.00331893999769847,0.3362823486492686,ols:own
2013-07,0.00903218058239625,0.008320394361043147,0.3558931106765523,ols:own
2013-08,0.00035805968044153,-0.0003379674626823591,0.3480135715619447,ols:own
2013-09,-0.0045603257479491476,-0.005344881177596691,0.3922777148237712,ols:own
2013-10,-0.0013489568248890324,-0.0020483311174360804,0.34968714627352393,ols:own
2013-11,0.00035322071274468495,-0.0002640469779358726,0.30863384534027877,ols:own
2013-12,0.0035215139653854356,0.0029607054642919444,0.28040425054674584,ols:own
2014-01,0.002432049901854536,0.0019467331070714808,0.24265839739152772,ols:own
2014-02,0.004778869019221044,0.004198301768774634,0.29028362522320506,ols:own
2014-03,0.0013897119612504836,0.0008032233990704667,0.2932442810900084,ols:own
2014-04,-0.000494437368617633,-0.0011439111820997527,0.32473690674105976,ols:own
2014-05,-0.002431663794481977,-0.0031380426076276766,0.35318940657285,ols:own
2014-06,0.00484859002510564,0.004146664277192735,0.35096287395645215,ols:own
2014-07,0.002248894501604223,0.0016522390118489905,0.2983277448776164,ols:own
2014-08,0.0022027342858719195,0.0015784895635127664,0.31212236117957654,ols:own
2014-09,-0.002053046582349131,-0.0026294397768258488,0.2881965972383588,ols:own
2014-10,0.0028063222193015274,0.0022338300429804885,0.28624608816051933,ols:own
2014-11,0.006993427659944298,0.006443412166963727,0.27500774649028575,ols:own
2014-12,0.009992873968696976,0.009469026194324921,0.26192388718602805,ols:own
2015-01,0.00538272822267823,0.004833393283907895,0.2746674693851672,ols:own
2015-02,0.0002924667399889789,-0.0003428875538779123,0.3176771469334456,ols:own
2015-03,0.0050161714267863014,0.00436836485944457,0.3239032836708659,ols:own
2015-04,-0.008695084635946721,-0.009359987854829851,0.3324516094415646,ols:own
2015-05,0.001406513932913068,0.0006356090846926128,0.38545242411022773,ols:own
2015-06,0.004240852900036491,0.003519891793343445,0.360480553346523,ols:own
2015-07,0.007996286581195784,0.007451303242526663,0.27249166933456026,ols:own
2015-08,0.006978223569487894,0.006432874173168383,0.2726746981597557,ols:own
2015-09,0.004298612332375993,0.0037291445136686556,0.2847339093536687,ols:own
2015-10,-0.0030988522491254174,-0.003691972682245032,0.2965602165598072,ols:own
2015-11,0.0026086108679392937,0.001986471989942383,0.31106943899845546,ols:own
2015-12,0.0005566024498825182,-8.325116460542034e-05,0.31992680724396905,ols:own
2016-01,0.0038250903650089716,0.0032630999589431955,0.2809952030328879,ols:own
2016-02,2.6167081013528777e-05,-0.00047894009774773993,0.25255358938063444,ols:own
2016-03,-0.008693654442505597,-0.009219883575771883,0.2631145666331432,ols:own
2016-04,0.0027488151409856554,0.0021627629741487234,0.29302608341846603,ols:own
2016-05,0.004617008823657872,0.004072746657861471,0.2721310828982002,ols:own
2016-06,-0.0013718329932349352,-0.001862982692050382,0.24557484940772345,ols:own
2016-07,0.0016688759599857838,0.00119938926452703,0.234743347729377,ols:own
2016-08,0.005940930611639482,0.005425593061851734,0.25766877489387374,ols:own
2016-09,0.005740372692930178,0.005267502400055898,0.23643514643713967,ols:own
2016-10,0.002121395486462581,0.0017616992100792483,0.1798481381916664,ols:own
2016-11,-0.00312613729668338,-0.003585514991961905,0.22968884763926295,ols:own
2016-12,0.0012824950502392481,0.0007446729077498787,0.2689110712446849,ols:own
2017-01,0.0042150752489920834,0.0037566104216081283,0.22923241369197778,ols:own
2017-02,-0.0015711142709539218,-0.0020688371831839394,0.24886145611500865,ols:own
2017-03,0.004061491295578649,0.0035810960250249485,0.24019763527685023,ols:own
2017-04,-0.00015648631423279552,-0.0006072575164110519,0.2253856010891282,ols:own
2017-05,0.005909746609737569,0.005468493154213734,0.2206267277619171,ols:own
2017-06,-0.0002859216864215089,-0.000754431312148804,0.2342548128636476,ols:own
2017-07,0.0043097219820240245,0.0038709961520961367,0.21936291496394367,ols:own
2017-08,0.002944763706582543,0.0024893910639178793,0.22768632133233177,ols:own
2017-09,0.0017798255345796293,0.0013795593537717166,0.20013309040395644,ols:own
2017-10,0.003062146005343264,0.0026645379918823655,0.1988040067304493,ols:own
2017-11,0.0025080712282884434,0.0020359630433150456,0.23605409248669892,ols:own
2017-12,0.001678026350532869,0.0011982709139560569,0.2398777182884063,ols:own
2018-01,0.005569343865934153,0.005067318704138718,0.25101258089771783,ols:own
2018-02,0.0029866278401319457,0.002462615930174925,0.26200595497851026,ols:own
2018-03,0.003029416690951549,0.00251185094280596,0.2587828740727945,ols:own
2018-04,0.0014943414821707802,0.001073550663842114,0.21039540916433294,ols:own
2018-05,0.0044333388271874585,0.0039283534370808315,0.2524926950533135,ols:own
2018-06,0.0032775404740319368,0.0027649418590817796,0.2562993074750787,ols:own
2018-07,0.004493663028771396,0.0040367716985154675,0.22844566512796405,ols:own
2018-08,0.0043115350244295044,0.0038660129238922837,0.22276105026861037,ols:own
2018-09,0.012669273328725882,0.012202467392987127,0.2334029678693768,ols:own
2018-10,0.002161513911283972,0.0017426419090552773,0.20943600111434726,ols:own
2018-11,-0.0027190958294844914,-0.003186146594317535,0.2335253824165216,ols:own
2018-12,0.00014792413233659805,-0.00040243074062558913,0.2751774364810936,ols:own
2019-01,0.002016653063047202,0.001544927784881872,0.23586263908266505,ols:own
2019-02,-0.00437422023515319,-0.004889005369570995,0.2573925672089027,ols:own
2019-03,0.003960609756554736,0.0034808898805990013,0.239859937977867,ols:own
2019-04,0.001832169652261421,0.0014331953666935346,0.19948714278394333,ols:own
2019-05,0.0018548625880727165,0.0014059670690225363,0.22444775952509025,ols:own
2019-06,0.004128805833667481,0.003623717226419248,0.25254430362411573,ols:own
2019-07,0.005640088652215331,0.005184332785924274,0.22787793314552812,ols:own
2019-08,0.002072353836581612,0.0016341157697864243,0.21911903339759373,ols:own
2019-09,-0.0017996525230417428,-0.0022475997254063724,0.22397360118231474,ols:own
2019-10,0.0010834954197836441,0.0005889943118419002,0.24725055397087203,ols:own
2019-11,0.001908992764417295,0.0014596716564648908,0.22466055397620213,ols:own
2019-12,0.004207035734367596,0.003718692971046998,0.24417138166029886,ols:own
2020-01,0.003401989059846929,0.003002369748886539,0.1998096554801953,ols:own
2020-02,0.005930011104920616,0.005488728365252927,0.22064136983384464,ols:own
2020-03,0.009910852024848567,0.009495598767884052,0.20762662848225696,ols:own
2020-04,-0.011177200324593304,-0.01188899120508587,0.3558954402462831,ols:own
2020-05,-0.0022235560660287665,-0.0031791331854145633,0.47778855969289824,ols:own
2020-06,-0.005412543562928688,-0.006131182055252356,0.35931924616183436,ols:own
2020-07,0.0031942321997968435,0.002567832646724762,0.3131997765360403,ols:own
2020-08,-0.0015554988610226234,-0.0022096884109078607,0.32709477494261896,ols:own
2020-09,-0.0018313398027969446,-0.0024668129583684285,0.3177365777857422,ols:own
2020-10,0.0038204363310896713,0.003214658663394944,0.30288883384736354,ols:own
2020-11,-0.022099753905785446,-0.022633260537879136,0.2667533160468457,ols:own
2020-12,-0.002665907150045221,-0.003502664584806999,0.4183787173808891,ols:own
2021-01,0.0033150806695220153,0.0025870477136174944,0.3640164779522605,ols:own
2021-02,0.000425532339943557,-0.00017552471068099128,0.3005285253122741,ols:own
2021-03,0.004740678526726002,0.004111993224131733,0.3143426512971348,ols:own
2021-04,0.004360544257559774,0.0038024735355093628,0.27903536102520565,ols:own
2021-05,0.0027506380134586436,0.0021273754379823387,0.3116312877381524,ols:own
2021-06,-0.004451578893445504,-0.00503049011306046,0.2894556098074779,ols:own
2021-07,0.00316346389123483,0.0025896377894343682,0.28691305090023106,ols:own
2021-08,0.0002473030717334567,-0.00028422115382633104,0.26576211277989387,ols:own
2021-09,0.007173387263507474,0.00661438701712975,0.27950012318886164,ols:own
2021-10,0.0015463684627048065,0.0010276512154871174,0.25935862360884454,ols:own
2021-11,0.00585557079321268,0.005347147116493523,0.254211838359578,ols:own
2021-12,0.010000919613939315,0.009373715324208205,0.3136021448655548,ols:own
2022-01,0.012115517924995177,0.011606158993950162,0.2546794655225068,ols:own
2022-02,0.009063789517316283,0.008537435120202743,0.2631771985567695,ols:own
2022-03,0.008216410751037722,0.007650687765388883,0.28286149282441975,ols:own
2022-04,0.011127765279918172,0.010605213889626576,0.2612756951457968,ols:own
2022-05,0.003921188471821328,0.0034229996733120315,0.24909439925464782,ols:own
2022-06,0.0004862116538392084,-5.996005728610358e-05,0.27308585556265563,ols:own
2022-07,-0.0035513269948901542,-0.004099277682776139,0.2739753439429919,ols:own
2022-08,-0.0012374502837798453,-0.001784426627715402,0.2734881719677783,ols:own
2022-09,0.006197030824841645,0.005697734776100614,0.2496480243705152,ols:own
2022-10,0.005087008191094696,0.004577420486275871,0.2547938524094126,ols:own
2022-11,-0.004269336381445495,-0.0048330318180732305,0.281847718313868,ols:own
2022-12,0.006496536832281682,0.005867810074975958,0.31436337865286135,ols:own
2023-01,0.0014740279237339523,0.0009498590230430481,0.26208445034545225,ols:own
2023-02,0.005388420691944066,0.004834293212511639,0.27706373971621345,ols:own
2023-03,0.00411625584390277,0.003684082081633676,0.21608688113454744,ols:own
2023-04,-0.0010001362698653859,-0.001538255693182193,0.2690597116584035,ols:own
2023-05,-0.0022015095741507377,-0.0026857762090281285,0.24213331743869543,ols:own
2023-06,0.002595868960541729,0.002110756265252681,0.242556347644524,ols:own
2023-07,0.0031729347611614343,0.00263931497230197,0.266809894429732,ols:own
2023-08,0.0017046957337496502,0.0011587453170647704,0.2729752083424398,ols:own
2023-09,0.00871806685404584,0.008214784848162524,0.25164100294165714,ols:own
2023-10,0.007005794555277083,0.0065723660455883235,0.21671425484437992,ols:own
2023-11,-0.0066559817598937365,-0.007162212378885106,0.25311530949568506,ols:own
2023-12,0.0036961435582724173,0.0031079854935842973,0.2940790323440597,ols:own
2024-01,0.009572861360239073,0.009057020259617422,0.25792055031082567,ols:own
2024-02,0.00025811439254241046,-0.0002753377852956753,0.26672608891904276,ols:own
2024-03,0.003892077835094507,0.0033363353860937296,0.2778712245003886,ols:own
2024-04,0.0005166374212462465,-3.553316339883015e-05,0.27608529232253826,ols:own
2024-05,0.0018165170571519632,0.001278454421611024,0.26903131777046974,ols:own
2024-06,0.0014699986110416246,0.000965841674744253,0.25207846814868584,ols:own
2024-07,0.0008159847682447583,0.0003273769565516645,0.24430390584654693,ols:own
2024-08,0.0027832977324955513,0.002280832060761288,0.2512328358671317,ols:own
2024-09,0.00021244564587461046,-0.00028179497315770815,0.24712030951615951,ols:own
2024-10,0.0031093628570947173,0.0026021359380618086,0.25361345951645436,ols:own
2024-11,0.009672973015736018,0.009171267896611877,0.2508525595620699,ols:own
2024-12,0.002032588783725513,0.0015133595023714495,0.25961464067703177,ols:own
2025-01,0.0019511437212763882,0.0015191344358425807,0.21600464271690364,ols:own
2025-02,0.004223155275459172,0.003696588096902624,0.26328358927827417,ols:own
2025-03,0.005564878625155917,0.005074348610551263,0.24526500730232695,ols:own
2025-04,-0.0015447449223586784,-0.002012909137012779,0.23408210732705018,ols:own
2025-05,-0.000941833021775847,-0.0014690585598612826,0.2636127690427179,ols:own
2025-06,-0.002499652708145318,-0.003000546403601381,0.25044684772803144,ols:own
2025-07,-0.0018731758739105131,-0.002315656711631946,0.22124041886071655,ols:own
2025-08,0.0016480137929200144,0.00111997758089544,0.2640181060122872,ols:own
2025-09,0.00423625178395443,0.003692758252497473,0.2717467657284786,ols:own
2025-10,0.008547510957510692,0.008009694922316233,0.26890801759722976,ols:own
2025-11,0.0027328459204401414,0.0021484152410658542,0.29221533968714336,ols:own
2025-12,0.009272458980727588,0.00873113466896825,0.270662155879669,ols:own
2000-01,0.004312740962179236,0.004312740962179236,0.0,ols:pooled
2000-02,0.012397736559722768,0.010108033053988769,1.1448517528670004,ols:pooled
2000-03,-0.0024866319958103946,-0.004675243770888695,1.09430588753915,ols:pooled
2000-04,-0.012327987087648535,-0.014681502937679568,1.1767579250155171,ols:pooled
2000-05,-0.0007857867624948393,-0.003035436516396232,1.1248248769506963,ols:pooled
2000-06,-0.009230729601468637,-0.011408661693372277,1.0889660459518198,ols:pooled
2000-07,-0.001386701441093399,-0.0035570996505538805,1.0851991047302405,ols:pooled
2000-08,-0.006546201921550561,-0.008535834662779865,0.9948163706146518,ols:pooled
2000-09,-0.0011366409588170635,-0.003271906202748369,1.0676326219656531,ols:pooled
2000-10,0.0016827863518315582,-0.00023827067410281237,0.9605285129671853,ols:pooled
2000-11,0.00801008199393507,0.00631483430959672,0.8476238421691746,ols:pooled
2000-12,-0.0007613479542455377,-0.002616762478245094,0.927707261999778,ols:pooled
2001-01,-0.015753128665443993,-0.017645657050415577,0.9462641924857915,ols:pooled
2001-02,0.004938923243057961,0.002816152783842666,1.0613852296076478,ols:pooled
2001-03,0.028750965554217422,0.026661130572898213,1.0449174906596055,ols:pooled
2001-04,0.0054331318659582226,0.0037896819397177334,0.8217249631202443,ols:pooled
2001-05,0.010196642967792238,0.008259214597979167,0.9687141849065356,ols:pooled
2001-06,-0.0019467043739861847,-0.003558344351598159,0.8058199888059873,ols:pooled
2001-07,0.017922598781319122,0.01610480425326904,0.9088972640250392,ols:pooled
2001-08,-0.005312340503581968,-0.0068386388152771975,0.7631491558476147,ols:pooled
2001-09,0.011772600727688431,0.009919825474384917,0.9263876266517576,ols:pooled
2001-10,-0.016416971518377194,-0.018273477016037782,0.9282527488302944,ols:pooled
2001-11,0.0050348827184438765,0.002827212548355761,1.103835085044058,ols:pooled
2001-12,0.013370835784987113,0.01146463308139368,0.953101351796717,ols:pooled
2002-01,9.554495930807972e-05,-0.0019139115995948732,1.004728279451476,ols:pooled
2002-02,0.008159025695390657,0.006658816140344751,0.750104777522953,ols:pooled
2002-03,0.010972551552304111,0.009581754371108715,0.6953985905976985,ols:pooled
2002-04,0.007290024495024245,0.006090608265206655,0.5997081149087944,ols:pooled
2002-05,0.005231477107080457,0.0038760781769803616,0.6776994650500477,ols:pooled
2002-06,0.006081645690188911,0.0047338680610725095,0.6738888145582007,ols:pooled
2002-07,0.00263669587890362,0.0013403312299328494,0.6481823244853853,ols:pooled
2002-08,0.003338572246707826,0.0020997115729638883,0.6194303368719691,ols:pooled
2002-09,0.0055315662074169126,0.004216555826020283,0.6575051906983141,ols:pooled
2002-10,0.0013486498887321221,0.00013657781604739066,0.6060360363423657,ols:pooled
2002-11,0.003353131786078661,0.0017815324161070385,0.7857996849858111,ols:pooled
2002-12,0.0035737253388661433,0.0022867817694297134,0.643471784718215,ols:pooled
2003-01,0.0016935254330476884,0.00039380054588183586,0.6498624435829263,ols:pooled
2003-02,0.0008179043804765445,-0.00020619225366115318,0.5120483170688489,ols:pooled
2003-03,0.009535661463515255,0.008440766190127359,0.5474476366939481,ols:pooled
2003-04,-0.0055589819857178,-0.006296364427046508,0.3686912206643535,ols:pooled
2003-05,0.0035874039673541545,0.0023643156814538817,0.6115441429501369,ols:pooled
2003-06,0.0056113689486417435,0.00435499562635584,0.6281866611429512,ols:pooled
2003-07,0.007637102183543107,0.006551424573078772,0.5428388052321673,ols:pooled
2003-08,0.004849776376867692,0.003694165406403419,0.5778054852321365,ols:pooled
2003-09,-0.001778136438641013,-0.003010815534529928,0.6163395479444576,ols:pooled
2003-10,0.011626466365425466,0.010465081791979849,0.5806922867228093,ols:pooled
2003-11,0.0011811793105556763,0.0001110351634078257,0.5350720735739254,ols:pooled
2003-12,0.0003372359797552179,-0.0008559512517528355,0.5965936157540265,ols:pooled
2004-01,-0.006767949186166603,-0.00791624522718763,0.5741480205105144,ols:pooled
2004-02,0.0017371557710841514,0.0004026350985007086,0.6672603362917213,ols:pooled
2004-03,0.0020294408471934716,0.0009065865950024601,0.5614271260955057,ols:pooled
2004-04,0.0023036102534174045,0.0012101230831697537,0.5467435851238253,ols:pooled
2004-05,-0.006246980268129143,-0.007321423504184004,0.5372216180274303,ols:pooled
2004-06,0.003588398498706793,0.0024653180557179934,0.5615402214943997,ols:pooled
2004-07,0.005548428806668586,0.004567442241760468,0.4904932824540595,ols:pooled
2004-08,0.0050590623661730255,0.004146271464532841,0.45639545082009236,ols:pooled
2004-09,0.004212007013884711,0.0032342593538239135,0.48887383003039925,ols:pooled
2004-10,0.01096693716522532,0.010001416570898907,0.4827602971632066,ols:pooled
2004-11,0.004211575205072574,0.0033463920886647146,0.4325915582039296,ols:pooled
2004-12,0.008375002711927322,0.007274955154019732,0.550023778953795,ols:pooled
2005-01,-0.0020739420073861555,-0.0032434926191067734,0.584775305860309,ols:pooled
2005-02,0.006186828526764885,0.005100396070590996,0.5432162280869446,ols:pooled
2005-03,0.008948821947351785,0.007884341354998804,0.53224029617649,ols:pooled
2005-04,0.014370521606724036,0.013322541389751145,0.5239901084864466,ols:pooled
2005-05,-0.014968041602330912,-0.015866773374539324,0.44936588610420597,ols:pooled
2005-06,0.002797823992796868,0.0015089018134626163,0.6444610896671259,ols:pooled
2005-07,0.004885231026546072,0.0038170430883869115,0.5340939690795802,ols:pooled
2005-08,-0.001572650664551022,-0.00261273885983886,0.5200440976439191,ols:pooled
2005-09,0.0030407339619232315,0.0017994290930189523,0.6206524344521391,ols:pooled
2005-10,0.0008510013707606423,-0.00020727767534613163,0.5291395230533871,ols:pooled
2005-11,-0.003145933727062165,-0.0041851620996932026,0.5196141863155189,ols:pooled
2005-12,-0.0009648262471775966,-0.002035077953296895,0.535125853059649,ols:pooled
2006-01,0.005956318784373735,0.004848194976127234,0.5540619041232502,ols:pooled
2006-02,0.004826274994199552,0.003421093346819924,0.7025908236898138,ols:pooled
2006-03,-0.010872878278010353,-0.012137054325969364,0.6320880239795058,ols:pooled
2006-04,0.007824359785346348,0.006591765912900404,0.6162969362229718,ols:pooled
2006-05,0.0011455775680584354,-8.852579210864236e-05,0.6170516800835388,ols:pooled
2006-06,0.017254026447751737,0.016098977727496508,0.5775243601276141,ols:pooled
2006-07,-0.0045241663484369725,-0.00564911614281364,0.5624748971883339,ols:pooled
2006-08,-0.005797760090737752,-0.007141267949207773,0.6717539292350104,ols:pooled
2006-09,0.0027177333488054164,0.0014656769200752917,0.6260282143650622,ols:pooled
2006-10,-0.0032301184988811926,-0.004317286728846753,0.54358411498278,ols:pooled
2006-11,0.009487155381483732,0.008317795988924738,0.5846796962794972,ols:pooled
2006-12,0.0018408721100831994,0.0008021971365500881,0.5193374867665557,ols:pooled
2007-01,0.006156855403733329,0.00496256937584396,0.5971430139446844,ols:pooled
2007-02,0.0018087276557315333,0.0005693323609261331,0.6196976474027001,ols:pooled
2007-03,0.006577189067986068,0.005434998038309329,0.5710955148383695,ols:pooled
2007-04,0.005720382296901551,0.004576464161263498,0.5719590678190267,ols:pooled
2007-05,0.0009530619175424095,-0.0001908321869755373,0.5719470522589735,ols:pooled
2007-06,-0.0016336336349737635,-0.002908992719589627,0.6376795423079318,ols:pooled
2007-07,-0.0002868136965794666,-0.0017277150727630559,0.7204506880917945,ols:pooled
2007-08,0.0016909413233427446,0.00037145525025755993,0.6597430365425924,ols:pooled
2007-09,0.0022638117936943946,0.000912989326050636,0.675411233821879,ols:pooled
2007-10,0.010826760394529336,0.009565782850716357,0.6304887719064908,ols:pooled
2007-11,0.0022630301019850455,0.00101840256351204,0.6223137692365024,ols:pooled
2007-12,0.00424234214849138,0.0027758996127075874,0.7332212678918966,ols:pooled
2008-01,0.0014781780152557228,0.000273488873500261,0.6023445708777311,ols:pooled
2008-02,-0.000468055635073653,-0.0018900110318944455,0.7109776984103965,ols:pooled
2008-03,0.003384354757608096,0.0019957152861238814,0.6943197357421071,ols:pooled
2008-04,0.0029943003859198964,0.0016596752956321657,0.6673125451438657,ols:pooled
2008-05,-0.00429427280887779,-0.0056915752519844775,0.6986512215533432,ols:pooled
2008-06,0.008986671461217895,0.007646645479462838,0.6700129908775287,ols:pooled
2008-07,-0.0032610594130825067,-0.004390398559587874,0.5646695732526834,ols:pooled
2008-08,0.008814116899994711,0.007361203771455554,0.7264565642695779,ols:pooled
2008-09,0.011987998479907365,0.010831396530635768,0.578300974635798,ols:pooled
2008-10,0.031030717337364035,0.02992330826929124,0.5537045340363963,ols:pooled
2008-11,0.018374083663933824,0.01728745562381105,0.5433140200613888,ols:pooled
2008-12,-0.0038292851873401577,-0.00506006725093417,0.6153910317970059,ols:pooled
2009-01,0.0012374712284307426,-0.00013724405100231987,0.6873576397165311,ols:pooled
2009-02,0.006080800643502507,0.004678049573479979,0.7013755350112645,ols:pooled
2009-03,-0.010242283043180887,-0.011361630798438155,0.5596738776286342,ols:pooled
2009-04,-0.016301705256984947,-0.017760906954194165,0.7296008486046097,ols:pooled
2009-05,0.007974858446159349,0.00626423696899451,0.8553107385824191,ols:pooled
2009-06,-0.003006412288627015,-0.004619081197117827,0.8063344542454064,ols:pooled
2009-07,0.0036193436138618816,0.001915098852253639,0.8521223808041207,ols:pooled
2009-08,0.0012452236793871335,-5.754176751627497e-05,0.6513827234517044,ols:pooled
2009-09,0.004910472928575903,0.003592161891722317,0.6591555184267929,ols:pooled
2009-10,0.0016432443018859861,0.00044675996628469573,0.5982421678006454,ols:pooled
2009-11,0.002482253252762717,0.0012152119476390522,0.6335206525618321,ols:pooled
2009-12,-0.0022286809983894356,-0.003399926159540371,0.5856225805754677,ols:pooled
2010-01,-0.0020364953656604096,-0.003363537030888396,0.6635208326139931,ols:pooled
2010-02,-0.002096661594263108,-0.003520412106786929,0.7118752562619107,ols:pooled
2010-03,-0.0025534636133821708,-0.004063308640858454,0.7549225137381416,ols:pooled
2010-04,0.005557865231132598,0.004221130269454098,0.6683674808392501,ols:pooled
2010-05,0.00435087392829714,0.0031219313043522423,0.6144713119724483,ols:pooled
2010-06,0.007673510723869639,0.006524996803583305,0.574256960143167,ols:pooled
2010-07,-0.0005734052478458097,-0.001585027922559625,0.5058113373569078,ols:pooled
2010-08,0.0032761934297045434,0.0020073734028754277,0.6344100134145578,ols:pooled
2010-09,0.001815151868390061,0.0005635492097834931,0.6258013293032838,ols:pooled
2010-10,0.005976559566501391,0.004702011214216316,0.6372741761425375,ols:pooled
2010-11,0.008724577506023628,0.007535826114530007,0.5943756957468106,ols:pooled
2010-12,0.005223506096794425,0.0040463326404654295,0.5885867281644974,ols:pooled
2011-01,0.005250102269207874,0.004113328837080674,0.5683867160636003,ols:pooled
2011-02,-0.0012892481453512209,-0.0025237224682349117,0.6172371614418454,ols:pooled
2011-03,3.47564055679474e-05,-0.0011827333260701763,0.6087448658190617,ols:pooled
2011-04,0.007471582173954313,0.006309755787657116,0.5809131931485984,ols:pooled
2011-05,0.004334253465047096,0.003302657240282906,0.5157981123820955,ols:pooled
2011-06,0.004533055052955438,0.003490940766741725,0.5210571431068565,ols:pooled
2011-07,0.006138766322127111,0.005196829461781731,0.4709684301726902,ols:pooled
2011-08,0.008626648036340482,0.007707669130403403,0.4594894529685395,ols:pooled
2011-09,0.011764610773798959,0.010804846410066774,0.47988218186609266,ols:pooled
2011-10,-0.007172798760397766,-0.008222931662113173,0.5250664508577036,ols:pooled
2011-11,0.003435317228378278,0.0020998878382117244,0.667714695083277,ols:pooled
2011-12,0.004159913588322079,0.002868806072810359,0.6455537577558597,ols:pooled
2012-01,-0.01820824798167238,-0.019087087793544625,0.4394199059361232,ols:pooled
2012-02,-0.00207249214615868,-0.003293739093398782,0.6106234736200508,ols:pooled
2012-03,0.008329609336236768,0.007166479267913568,0.5815650341615998,ols:pooled
2012-04,0.0052359519074054815,0.004233828412151379,0.5010617476270514,ols:pooled
2012-05,0.009933398658963984,0.009028316118786553,0.45254127008871503,ols:pooled
2012-06,0.005106904062531917,0.004235970786579609,0.43546663797615376,ols:pooled
2012-07,0.006531275518598478,0.005617620335087726,0.456827591755376,ols:pooled
2012-08,0.0053415861147160255,0.004453301212077584,0.4441424513192206,ols:pooled
2012-09,-0.001222457172537607,-0.00208017823078401,0.4288605291232016,ols:pooled
2012-10,0.0023919437434704403,0.0013949886161192895,0.4984775636755754,ols:pooled
2012-11,0.007138167987984879,0.006190365872018965,0.47390105798295723,ols:pooled
2012-12,-0.0025218506926329093,-0.003383945677814848,0.4310474925909692,ols:pooled
2013-01,0.0030817090937054793,0.002054370907308075,0.513669093198702,ols:pooled
2013-02,0.003936672982473767,0.0029221897504578356,0.5072416160079655,ols:pooled
2013-03,0.008599498433373988,0.007703700572106256,0.4478989306338661,ols:pooled
2013-04,0.008747694670243125,0.007984523886170667,0.3815853920362288,ols:pooled
2013-05,0.0030391954595941745,0.0022225289340846565,0.4083332627547591,ols:pooled
2013-06,0.0035233104825775404,0.002478366038295553,0.5224722221409941,ols:pooled
2013-07,0.009251455937627958,0.008202333830058074,0.5245610537849422,ols:pooled
2013-08,-0.000733041021551127,-0.0017879466815383745,0.5274528299936239,ols:pooled
2013-09,-0.004883545868938431,-0.00604560581871667,0.5810299748891191,ols:pooled
2013-10,-0.0009239204515923641,-0.001983774016136999,0.5299267822723173,ols:pooled
2013-11,-0.00019801838375341747,-0.0011590499843265936,0.480515800286588,ols:pooled
2013-12,0.0039505051768136505,0.003081549598499635,0.4344777891570077,ols:pooled
2014-01,0.0014401094955717514,0.0006836539339585914,0.37822778080657976,ols:pooled
2014-02,0.004894118331037099,0.0039774283814323335,0.4583449748023828,ols:pooled
2014-03,0.0012033042522100296,0.00029831828278446533,0.45249298471278204,ols:pooled
2014-04,0.0006930501360126029,-0.00028892456150738565,0.4909873487599944,ols:pooled
2014-05,-0.0011816289044509565,-0.0021785676651659464,0.4984693803574947,ols:pooled
2014-06,0.0036481548496539317,0.002638323638891327,0.5049156053813023,ols:pooled
2014-07,0.0013615618215345273,0.0004223212091151868,0.4696203062096703,ols:pooled
2014-08,0.0027275065820521766,0.00179065707563375,0.46842475320921334,ols:pooled
2014-09,-0.002093757178134512,-0.002976683601946701,0.44146321190609467,ols:pooled
2014-10,0.0027875834658302335,0.0019091531384494405,0.4392151636903965,ols:pooled
2014-11,0.008082665578777045,0.007206132511237042,0.4382665337700022,ols:pooled
2014-12,0.012081054956453502,0.011259826522487684,0.41061421698290873,ols:pooled
2015-01,0.005415044653748569,0.004602348386832321,0.4063481334581232,ols:pooled
2015-02,-0.00013965542005149202,-0.0011026010717151743,0.48147282583184087,ols:pooled
2015-03,0.004261679221836425,0.0032575877214260324,0.5020457502051963,ols:pooled
2015-04,-0.0100346360443841,-0.011016946019136038,0.4911549873759677,ols:pooled
2015-05,0.00042704974533393664,-0.0007960263291829032,0.6115380372584199,ols:pooled
2015-06,0.0030950240213621434,0.001937852612333174,0.5785857045144849,ols:pooled
2015-07,0.008165036062701933,0.007310536369297337,0.4272498467022977,ols:pooled
2015-08,0.00743968315654016,0.006575344190862556,0.43216948283880235,ols:pooled
2015-09,0.003990328013813814,0.0030961235377647152,0.4471022380245491,ols:pooled
2015-10,-0.0038248722268427134,-0.0047622870434627556,0.4687074083100211,ols:pooled
2015-11,0.0024854940716487438,0.0014676053274203875,0.5089443721141781,ols:pooled
2015-12,3.8189746279684794e-05,-0.0009746013480477529,0.506395547163719,ols:pooled
2016-01,0.002635320256755559,0.0016694027363295591,0.4829587602129998,ols:pooled
2016-02,-0.0001575828978618758,-0.001105616686031542,0.4740168940848329,ols:pooled
2016-03,-0.006560711100244414,-0.00757557787569241,0.5074333877239983,ols:pooled
2016-04,0.0034425511481822623,0.0023476283592606235,0.5474613944608193,ols:pooled
2016-05,0.0026069579526282662,0.0015993104750713044,0.5038237387784809,ols:pooled
2016-06,-0.001516115554908234,-0.0024794230790351167,0.4816537620634415,ols:pooled
2016-07,0.00023935702934537012,-0.0006238445486695996,0.4316007890074848,ols:pooled
2016-08,0.0059217163414132315,0.004962319285955565,0.479698527728833,ols:pooled
2016-09,0.00600935165699002,0.005156835509034701,0.4262580739776599,ols:pooled
2016-10,0.0016462600416846606,0.0009760363494516647,0.3351118461164979,ols:pooled
2016-11,-0.002796447171704686,-0.0036340529476214596,0.418802887958387,ols:pooled
2016-12,0.0009090478220609763,-6.996655839811712e-05,0.4895071902295467,ols:pooled
2017-01,0.003503286121692574,0.002617346093589963,0.44297001405130526,ols:pooled
2017-02,-0.0009355718712484464,-0.0018761614393844744,0.470294784068014,ols:pooled
2017-03,0.002895943120485416,0.0020000621393298935,0.4479404905777614,ols:pooled
2017-04,-7.426557307081016e-05,-0.0009367051640026093,0.43121979546589995,ols:pooled
2017-05,0.005185462095252068,0.004369640439042401,0.4079108281048333,ols:pooled
2017-06,0.0002628281381853746,-0.0006448948861488042,0.45386151216708936,ols:pooled
2017-07,0.0029292786826026155,0.002086202413830921,0.42153813438584703,ols:pooled
2017-08,0.00326697454208401,0.0023787564986323733,0.4441090217258183,ols:pooled
2017-09,0.0014766157295133385,0.0007143275690009863,0.3811440802561762,ols:pooled
2017-10,0.0036047999712965776,0.002834455415052314,0.38517227812213145,ols:pooled
2017-11,0.0023106239850955194,0.0014164306105474954,0.4470966872740121,ols:pooled
2017-12,0.0029857977212413983,0.002052557129406828,0.46662029591728493,ols:pooled
2018-01,0.004878131256487057,0.003930397012979968,0.4738671217535444,ols:pooled
2018-02,0.002563686009607908,0.0015521812055542268,0.5057524020268407,ols:pooled
2018-03,0.0037082998862003015,0.0027798926526446037,0.46420361677784866,ols:pooled
2018-04,0.001043758858348816,0.00022375609914137087,0.41000137960372257,ols:pooled
2018-05,0.0034096955488355243,0.0024536171629744607,0.4780391929305317,ols:pooled
2018-06,0.0029771555791510886,0.002000939656507855,0.4881079613216166,ols:pooled
2018-07,0.0034471407172464138,0.0025723373114623182,0.43740170289204766,ols:pooled
2018-08,0.004457110515380717,0.0035882349532884005,0.43443778104615843,ols:pooled
2018-09,0.013165507071521605,0.01229201268841451,0.4367471915535475,ols:pooled
2018-10,0.0033457022387926765,0.002541319541608554,0.4021913485920612,ols:pooled
2018-11,-0.003128364889395857,-0.004001992994602334,0.43681405260323847,ols:pooled
2018-12,0.0034237911682708055,0.0023385436968862893,0.542623735692258,ols:pooled
2019-01,-0.0006948269068919991,-0.0015737649052284426,0.43946899916822174,ols:pooled
2019-02,-0.00505285605623857,-0.006053446365131957,0.5002951544466935,ols:pooled
2019-03,0.004772211238621433,0.0038244129468284014,0.47389914589651555,ols:pooled
2019-04,0.0018062283300819694,0.001049459857083647,0.37838423649916114,ols:pooled
2019-05,0.0018623755848917144,0.0010337109598957802,0.41433231249796704,ols:pooled
2019-06,0.003313459602258971,0.002377397689846443,0.4680309562062641,ols:pooled
2019-07,0.005764821802682348,0.004902074325262614,0.4313737387098666,ols:pooled
2019-08,0.0032916497981467386,0.0025066747579747376,0.39248752008600046,ols:pooled
2019-09,-0.002316479381310405,-0.0031530757012069445,0.41829815994826997,ols:pooled
2019-10,0.0017830394074382259,0.0008442384187554911,0.46940049434136744,ols:pooled
2019-11,0.0015434474975477188,0.0007058244916913525,0.4188115029281832,ols:pooled
2019-12,0.004953179176488024,0.0040561840999259295,0.44849753828104716,ols:pooled
2020-01,0.004747594469465662,0.004000242152921372,0.37367615827214457,ols:pooled
2020-02,0.008274589533066508,0.007462798383604682,0.4058955747309128,ols:pooled
2020-03,0.014212615048063164,0.013433885184071341,0.3893649319959113,ols:pooled
2020-04,-0.016351106571958925,-0.017557166707739196,0.6030300678901356,ols:pooled
2020-05,-0.0014506310860261538,-0.003105290740010072,0.8273298269919589,ols:pooled
2020-06,-0.004256312582101069,-0.005544826390043348,0.6442569039711398,ols:pooled
2020-07,0.004640507767822246,0.0034654070548438397,0.5875503564892035,ols:pooled
2020-08,0.00044853556152188223,-0.0006971206494656338,0.572828105493758,ols:pooled
2020-09,-0.0032987582406640574,-0.00443318017998088,0.5672109696584109,ols:pooled
2020-10,0.0025115802129280717,0.0013754109805459633,0.5680846161910538,ols:pooled
2020-11,-0.024348106645371903,-0.025325796806376186,0.48884508050214015,ols:pooled
2020-12,0.000641470847463569,-0.0009275175970454682,0.7844942222545186,ols:pooled
2021-01,0.002302990905257686,0.000949337532513689,0.6768266863719986,ols:pooled
2021-02,0.000726502015735071,-0.00039531844583191763,0.5609102307834942,ols:pooled
2021-03,0.006225494789324576,0.005054994214921024,0.5852502872017767,ols:pooled
2021-04,0.005001687530450172,0.004000577491109489,0.5005550196703414,ols:pooled
2021-05,0.003385988014035605,0.0022827106621539045,0.5516386759408501,ols:pooled
2021-06,-0.0041454455481204164,-0.005203802553325969,0.5291785026027763,ols:pooled
2021-07,0.0037272883751270735,0.0027098903153675424,0.5086990298797655,ols:pooled
2021-08,-0.0006842252350044705,-0.0016367826389038517,0.47627870194969035,ols:pooled
2021-09,0.0075860672471125675,0.0065747606409332,0.505653303089684,ols:pooled
2021-10,0.0017783640417444867,0.0008449025621342681,0.4667307398051095,ols:pooled
2021-11,0.004950058272403613,0.004028721320310503,0.460668476046555,ols:pooled
2021-12,0.008983950190579274,0.00789470849386834,0.5446208483554672,ols:pooled
2022-01,0.011751775118352683,0.010891433790136915,0.4301706641078841,ols:pooled
2022-02,0.008207552182238002,0.007395118392992337,0.4062168946228328,ols:pooled
2022-03,0.008769364602140138,0.007880738055375452,0.4443132733823428,ols:pooled
2022-04,0.010756976505565284,0.009939883635761131,0.40854643490207554,ols:pooled
2022-05,0.00388016089226154,0.00307588183099127,0.40213953063513463,ols:pooled
2022-06,0.0014116887042054875,0.00052918541223048,0.4412516459875036,ols:pooled
2022-07,-0.00484936018385839,-0.005746069344151263,0.4483545801464361,ols:pooled
2022-08,-0.0012371762962186178,-0.0021704706840609427,0.4666471939211624,ols:pooled
2022-09,0.00624671559423578,0.005406888130993739,0.4199137316210209,ols:pooled
2022-10,0.005171386022831503,0.004336831213504148,0.41727740466367763,ols:pooled
2022-11,-0.00572092780646144,-0.006628235458331574,0.4536538259350667,ols:pooled
2022-12,0.005574244979908699,0.004551350661340187,0.5114471592842563,ols:pooled
2023-01,0.000927000090184878,5.1854503152907605e-05,0.43757279351598516,ols:pooled
2023-02,0.006481461704265573,0.005610115164815554,0.43567326972500964,ols:pooled
2023-03,0.00352318637319214,0.002814042780129115,0.3545717965315128,ols:pooled
2023-04,-0.0005910122073099403,-0.0014307941397980507,0.4198909662440551,ols:pooled
2023-05,-0.0018965101494111034,-0.002670131592611402,0.38681072160014923,ols:pooled
2023-06,0.0018371800154376979,0.00102801297930808,0.4045835180648089,ols:pooled
2023-07,0.0038762288651843554,0.003008628535151888,0.4338001650162335,ols:pooled
2023-08,0.0016158090978778267,0.0007404765859051432,0.43766625598634173,ols:pooled
2023-09,0.009818776784933349,0.008985782609331885,0.41649708780073136,ols:pooled
2023-10,0.007713752927721613,0.007021494056724014,0.3461294354987997,ols:pooled
2023-11,-0.008361120312082086,-0.009129725052409247,0.38430237016358054,ols:pooled
2023-12,0.0034689773508738055,0.0025092559285379745,0.47986071116791557,ols:pooled
2024-01,0.00896650939795263,0.008118452960221949,0.4240282188653404,ols:pooled
2024-02,0.0001582799281559785,-0.0007091398253936364,0.43370987677480727,ols:pooled
2024-03,0.003674437860923256,0.0027630361391775566,0.45570086087284944,ols:pooled
2024-04,-4.520176516547671e-05,-0.0009319225601078455,0.44336039747118433,ols:pooled
2024-05,0.0018759359551823419,0.0010090183970116343,0.4334587790853537,ols:pooled
2024-06,7.659852170877763e-05,-0.0007526724288084613,0.41463547525861943,ols:pooled
2024-07,0.00043583080176023124,-0.0003870046314502839,0.41141771660525756,ols:pooled
2024-08,0.0030237295148878005,0.0021936175445502327,0.41505598516878384,ols:pooled
2024-09,0.0003708606116542796,-0.0004401943619252582,0.4055274867897689,ols:pooled
2024-10,0.004030042114246864,0.0031759575295134236,0.4270422923667201,ols:pooled
2024-11,0.009543903100099033,0.008698803262199987,0.42254991894952365,ols:pooled
2024-12,0.001974216706798305,0.0011253180590204475,0.4244493238889289,ols:pooled
2025-01,0.0014029437973446081,0.0006874905875853877,0.3577266048796101,ols:pooled
2025-02,0.004253267234607109,0.003408886747192018,0.4221902437075454,ols:pooled
2025-03,0.0057499812120359725,0.004965639994652656,0.39217060869165826,ols:pooled
2025-04,-0.0024555387736082085,-0.003222934101469718,0.38369766393075433,ols:pooled
2025-05,-0.0010984056485163715,-0.0019625989223318956,0.43209663690776207,ols:pooled
2025-06,-0.0012629811320200824,-0.002098271194687576,0.4176450313337467,ols:pooled
2025-07,-0.0008624495773997359,-0.0016016835429462683,0.36961698277326605,ols:pooled
2025-08,0.002314414070868965,0.001457119021874445,0.4286475244972602,ols:pooled
2025-09,0.003965354055700295,0.003067746040785303,0.4488040074574959,ols:pooled
2025-10,0.008724370438969604,0.007843029639440651,0.44067039976447675,ols:pooled
2025-11,0.001858182549697055,0.0009200282145225822,0.4690771675872364,ols:pooled
2025-12,0.009661711383438616,0.008760293479479514,0.4507089519795516,ols:pooled
2000-01,0.0014215838512325627,0.0014215838512325627,0.0,shrink_mean:rule
2000-02,0.0006868148551539351,0.0004047290954199579,0.14104287986698916,shrink_mean:rule
2000-03,0.00486762998994548,0.004553429720383886,0.15710013478079704,shrink_mean:rule
2000-04,-0.016208369448153556,-0.01644951855570513,0.12057455377578673,shrink_mean:rule
2000-05,0.00048450636037807916,-1.5857312843678244e-05,0.2501818366108787,shrink_mean:rule
2000-06,0.006928590946598906,0.006501139441485484,0.21372575255671117,shrink_mean:rule
2000-07,0.0037655266193241154,0.0034777226213329707,0.14390199899557232,shrink_mean:rule
2000-08,0.002427042689422716,0.002233102327511719,0.09697018095549832,shrink_mean:rule
2000-09,0.00795860868367129,0.007769996741314447,0.09430597117842185,shrink_mean:rule
2000-10,0.0017977912567311587,0.0016034577485995595,0.09716675406579942,shrink_mean:rule
2000-11,0.009155053987597068,0.008903932468459727,0.1255607595686706,shrink_mean:rule
2000-12,-0.00474607469719864,-0.005045479160696692,0.14970223174902594,shrink_mean:rule
2001-01,-0.003582887871817495,-0.003786291737174373,0.10170193267843887,shrink_mean:rule
2001-02,0.00710513231235517,0.006834603269832743,0.13526452126121358,shrink_mean:rule
2001-03,0.019769617498919215,0.019543709663545454,0.1129539176868792,shrink_mean:rule
2001-04,0.006560370174469164,0.006322233901753642,0.11906813635776119,shrink_mean:rule
2001-05,0.003739515331548339,0.0033148230749984117,0.21234612827496363,shrink_mean:rule
2001-06,0.005053118488703972,0.0048891861001787735,0.08196619426259912,shrink_mean:rule
2001-07,0.012592723089535457,0.012437894658854174,0.07741421534064105,shrink_mean:rule
2001-08,-0.003075296819960428,-0.0033017983115180825,0.11325074577882731,shrink_mean:rule
2001-09,0.005867747525896381,0.005693053680638505,0.08734692262893828,shrink_mean:rule
2001-10,0.002627122818734615,0.0022585263957545843,0.1842982114900155,shrink_mean:rule
2001-11,-0.0041584353513846335,-0.004349039585894548,0.09530211725495678,shrink_mean:rule
2001-12,0.010470040295247297,0.01027588309559545,0.09707859982592419,shrink_mean:rule
2002-01,0.0006472169309234585,0.00049527150604497,0.07597271243924439,shrink_mean:rule
2002-02,0.0008594883589010361,0.0006560351698584905,0.10172659452127257,shrink_mean:rule
2002-03,0.0028417650010036074,0.0026632699053949294,0.08924754780433894,shrink_mean:rule
2002-04,0.008375734010176253,0.008178446302232927,0.09864385397166411,shrink_mean:rule
2002-05,0.0009251993183464225,0.0007032825946564732,0.11095836184497461,shrink_mean:rule
2002-06,0.005960819462687687,0.005799597121566207,0.0806111705607402,shrink_mean:rule
2002-07,0.001403360371659138,0.0012772285724889562,0.063065899585091,shrink_mean:rule
2002-08,0.008297165480980933,0.008159827143785716,0.06866916859760869,shrink_mean:rule
2002-09,0.009535966231972209,0.009380335643542308,0.0778152942149511,shrink_mean:rule
2002-10,0.005699905955117488,0.005555216515203441,0.0723447199570232,shrink_mean:rule
2002-11,0.0032409549644746155,0.0030381152515406634,0.1014198564669763,shrink_mean:rule
2002-12,0.007599146078201837,0.007448938810450723,0.07510363387555694,shrink_mean:rule
2003-01,-4.9399458525412517e-05,-0.00020980335503811102,0.08020194825634912,shrink_mean:rule
2003-02,0.0038281455497067565,0.003681802019830731,0.07317176493801288,shrink_mean:rule
2003-03,0.007267182610405327,0.007160421080050514,0.05338076517740649,shrink_mean:rule
2003-04,-0.0067363088947341,-0.00687081408787361,0.06725259656975514,shrink_mean:rule
2003-05,0.007407601950472468,0.007158788804918813,0.12440657277682753,shrink_mean:rule
2003-06,0.0073623791819309465,0.007185700967875113,0.08833910702791686,shrink_mean:rule
2003-07,0.006579413254451227,0.00642321955943271,0.0780968475092582,shrink_mean:rule
2003-08,0.004675133112308557,0.004497969332181297,0.08858189006363001,shrink_mean:rule
2003-09,0.001965458625436245,0.0015889959988156814,0.18823131331028198,shrink_mean:rule
2003-10,0.010061468626525658,0.00994667054149856,0.057399042513549034,shrink_mean:rule
2003-11,0.003661502134855066,0.003544099249761213,0.05870144254692657,shrink_mean:rule
2003-12,0.001820398894113476,0.0017081387430931824,0.0561300755101468,shrink_mean:rule
2004-01,-0.001867971548008909,-0.0020221527620557936,0.07709060702344224,shrink_mean:rule
2004-02,0.003839085417027565,0.00365539498196666,0.0918452175304526,shrink_mean:rule
2004-03,0.004379481965649427,0.004224927888759664,0.07727703844488155,shrink_mean:rule
2004-04,0.003436607480558605,0.0033153012771497364,0.0606531017044345,shrink_mean:rule
2004-05,-0.002445037371169204,-0.0026124755244512766,0.0837190766410365,shrink_mean:rule
2004-06,0.00464105351563067,0.004519248554056018,0.06090248078732591,shrink_mean:rule
2004-07,0.002705166487067764,0.0025995091562465746,0.052828665410594444,shrink_mean:rule
2004-08,0.006371858194235092,0.006248121794871136,0.061868199681977876,shrink_mean:rule
2004-09,0.003184299247123172,0.003063050780932566,0.06062423309530312,shrink_mean:rule
2004-10,0.003067202722345816,0.0029445866251364495,0.0613080486046833,shrink_mean:rule
2004-11,0.004112952151498257,0.003955529474451217,0.07871133852351997,shrink_mean:rule
2004-12,0.008126156939664207,0.007997706585790429,0.06422517693688895,shrink_mean:rule
2005-01,0.001070434352670701,0.0008349787458564515,0.11772780340712474,shrink_mean:rule
2005-02,0.011248464621641476,0.01115958603509063,0.044439293275423265,shrink_mean:rule
2005-03,0.0062280449090300165,0.006099567346397704,0.06423878131615611,shrink_mean:rule
2005-04,0.010451273775588823,0.010324165940638274,0.06355391747527399,shrink_mean:rule
2005-05,-0.010009535358296257,-0.010149963384817858,0.0702140132608001,shrink_mean:rule
2005-06,-0.001706623559131527,-0.001840644915719346,0.0670106782939096,shrink_mean:rule
2005-07,0.00936301108025619,0.009272270390336308,0.04537034495994069,shrink_mean:rule
2005-08,0.0030278540168619545,0.002924245800803385,0.05180410802928444,shrink_mean:rule
2005-09,-0.0010172966959180753,-0.0011830968493105262,0.08290007669622558,shrink_mean:rule
2005-10,-0.0012044704874452738,-0.0013233661079556894,0.059447810255207935,shrink_mean:rule
2005-11,-0.0024268248386467624,-0.0025543181896882207,0.06374667552072927,shrink_mean:rule
2005-12,-0.0005410265039126651,-0.0006646084738363095,0.06179098496182213,shrink_mean:rule
2006-01,0.012094626382084852,0.011980354877125763,0.05713575247954469,shrink_mean:rule
2006-02,0.0007644908577967721,0.00046445065569036093,0.1500201010532055,shrink_mean:rule
2006-03,-0.012671790575920858,-0.012787903943692976,0.0580566838860593,shrink_mean:rule
2006-04,0.0024422848469571215,0.0022608191886977253,0.09073282912969804,shrink_mean:rule
2006-05,0.0018998605957517806,0.0017402744070708848,0.07979309434044775,shrink_mean:rule
2006-06,0.012489989211891003,0.012387091992618643,0.051448609636180045,shrink_mean:rule
2006-07,0.0039727071837522745,0.0035857125735855324,0.19349730508337087,shrink_mean:rule
2006-08,0.0008677494632800723,0.0006512284983208829,0.1082604824795945,shrink_mean:rule
2006-09,1.5212110305836387e-05,-0.0001865999472963557,0.10090602880109607,shrink_mean:rule
2006-10,-0.0008427185257516773,-0.0009662294062189327,0.061755440233627834,shrink_mean:rule
2006-11,-0.004132049387139215,-0.00423386615176576,0.05090838231327268,shrink_mean:rule
2006-12,0.0002388462709965548,0.00010553959214409699,0.06665333942622892,shrink_mean:rule
2007-01,0.003742510211718787,0.0035966765628616224,0.07291682442858237,shrink_mean:rule
2007-02,-0.003999089420944414,-0.0043688620877059105,0.18488633338074809,shrink_mean:rule
2007-03,0.004823478178879279,0.004659876136918767,0.08180102098025571,shrink_mean:rule
2007-04,0.005795632413871681,0.005623213849111298,0.08620928238019161,shrink_mean:rule
2007-05,0.0010143003687738694,0.000819253130394674,0.09752361918959769,shrink_mean:rule
2007-06,-0.0006158253712250367,-0.0007678707186719392,0.07602267372345119,shrink_mean:rule
2007-07,-0.0002724513818513542,-0.0004463514173922609,0.0869500177704533,shrink_mean:rule
2007-08,0.004939709513730807,0.004736898689158782,0.10140541228601246,shrink_mean:rule
2007-09,0.0012405124684785286,0.0010614829870269269,0.08951474072580086,shrink_mean:rule
2007-10,0.008119147498139186,0.007835712442778335,0.14171752768042492,shrink_mean:rule
2007-11,0.002982382112955932,0.0027552558375229428,0.11356313771649465,shrink_mean:rule
2007-12,0.001203957488458073,0.0010279935724326447,0.08798195801271425,shrink_mean:rule
2008-01,0.002068274972324675,0.0018624883311920359,0.1028933205663195,shrink_mean:rule
2008-02,0.0037505740083767568,0.0035417650433686074,0.10440448250407448,shrink_mean:rule
2008-03,0.002031481079487295,0.0018816489628019945,0.07491605834265018,shrink_mean:rule
2008-04,0.0038426181192795497,0.0036732434783258057,0.08468732047687222,shrink_mean:rule
2008-05,-0.0018523185629773617,-0.002064569071546067,0.10612525428435239,shrink_mean:rule
2008-06,0.005389970627769426,0.005259018532845548,0.06547604746193912,shrink_mean:rule
2008-07,0.006316336466452897,0.006186245635810883,0.0650454153210074,shrink_mean:rule
2008-08,0.004117589485603941,0.003942545287883378,0.08752209886028149,shrink_mean:rule
2008-09,0.005312298764971574,0.005188114921620954,0.06209192167531041,shrink_mean:rule
2008-10,0.011916999206696215,0.01173521646081428,0.0908913729409671,shrink_mean:rule
2008-11,0.010415357011421973,0.010168850554303464,0.12325322855925323,shrink_mean:rule
2008-12,-0.0007258016975062912,-0.0009381219225605482,0.10616011252712866,shrink_mean:rule
2009-01,0.0048304701016968895,0.0046546212944424585,0.08792440362721514,shrink_mean:rule
2009-02,-0.00010406720324407922,-0.00028093681958729394,0.08843480817160737,shrink_mean:rule
2009-03,-0.0025059825634067574,-0.00266918627576707,0.08160185618015615,shrink_mean:rule
2009-04,-0.01851484232453833,-0.01872183411461688,0.10349589503927614,shrink_mean:rule
2009-05,-0.00986127298270168,-0.010139317964094459,0.13902249069638992,shrink_mean:rule
2009-06,0.005265246555472564,0.004980834829131996,0.14220586317028402,shrink_mean:rule
2009-07,0.0052897358911900665,0.005139040249336754,0.07534782092665597,shrink_mean:rule
2009-08,0.0032569591789645244,0.0030954059138967927,0.08077663253386552,shrink_mean:rule
2009-09,-0.0024095987868132675,-0.002531067665548248,0.060734439367490144,shrink_mean:rule
2009-10,0.004011441199223877,0.003864694217364246,0.07337349092981592,shrink_mean:rule
2009-11,0.004559168066068416,0.004442325445495923,0.05842131028624642,shrink_mean:rule
2009-12,-0.00030705880424637216,-0.0004225580855236884,0.05774964063865818,shrink_mean:rule
2010-01,-0.0016275677331192193,-0.001745043894425558,0.058738080653169274,shrink_mean:rule
2010-02,0.005002074847644456,0.004830796775346945,0.08563903614875511,shrink_mean:rule
2010-03,0.00214895989701583,0.002010434934275151,0.06926248137033943,shrink_mean:rule
2010-04,0.0050718192166691115,0.004952637704897567,0.05959075588577239,shrink_mean:rule
2010-05,0.004628208083033462,0.004520175081780176,0.054016500626642656,shrink_mean:rule
2010-06,0.0033883523235121405,0.003273278390253978,0.057536966629081206,shrink_mean:rule
2010-07,0.004675855070827206,0.004579975046857068,0.04794001198506886,shrink_mean:rule
2010-08,0.0039391337453539375,0.0038223003312018206,0.058416707076058644,shrink_mean:rule
2010-09,0.0019651110582019067,0.0018615828486352238,0.051764104783341175,shrink_mean:rule
2010-10,0.0033173840748851966,0.0032219618797388024,0.04771109757319732,shrink_mean:rule
2010-11,0.007261193091466612,0.007159452501497315,0.05087029498464837,shrink_mean:rule
2010-12,0.0004802933609993414,0.0003676845933394321,0.05630438382995467,shrink_mean:rule
2011-01,0.005190380641735888,0.0050877843940725495,0.05129812383166905,shrink_mean:rule
2011-02,0.0032145230212800337,0.0030995903919490784,0.057466314665477504,shrink_mean:rule
2011-03,0.0030621025406248475,0.0029317873172660515,0.06515761167939788,shrink_mean:rule
2011-04,0.005833130793995868,0.005740514963452725,0.04630791527157174,shrink_mean:rule
2011-05,0.0039799226339330045,0.0038866402541456032,0.04664118989370068,shrink_mean:rule
2011-06,0.003728601598222221,0.0036490032844007647,0.03979915691072807,shrink_mean:rule
2011-07,0.006422281943752997,0.006343500883843757,0.039390529954620626,shrink_mean:rule
2011-08,0.004260634413281352,0.004174038342125337,0.04329803557800742,shrink_mean:rule
2011-09,0.008406431211074376,0.008303920324555797,0.05125544325929023,shrink_mean:rule
2011-10,-0.00040055316078188135,-0.0004935213941025922,0.04648411666035537,shrink_mean:rule
2011-11,0.006389167638062609,0.006282124291557137,0.053521673252735505,shrink_mean:rule
2011-12,0.004671550769692291,0.0045896913632222,0.04092970323504594,shrink_mean:rule
2012-01,-0.008948452584770176,-0.00914006787478476,0.09580764500729226,shrink_mean:rule
2012-02,0.0023543627711698567,0.002239784312670731,0.057289229249562756,shrink_mean:rule
2012-03,0.009046688944436849,0.008960766970233399,0.04296098710172504,shrink_mean:rule
2012-04,0.002194193274334525,0.0020036164220149986,0.09528842615976311,shrink_mean:rule
2012-05,0.00450767592638248,0.004379241352215134,0.06421728708367315,shrink_mean:rule
2012-06,0.006281140867879213,0.006205253869203054,0.037943499338079535,shrink_mean:rule
2012-07,0.005568232146051021,0.005475344112154469,0.046444016948276295,shrink_mean:rule
2012-08,0.005200441592185687,0.005122796237659062,0.03882267726331206,shrink_mean:rule
2012-09,-0.0004772481214084239,-0.0005510549064539352,0.03690339252275573,shrink_mean:rule
2012-10,0.0034313366053863557,0.003358378388134391,0.036479108625982616,shrink_mean:rule
2012-11,0.005759744172738136,0.005683603840160341,0.03807016628889695,shrink_mean:rule
2012-12,-0.0009670115644710724,-0.0010458385723386837,0.039413503933805695,shrink_mean:rule
2013-01,0.0021517464636175094,0.002077361975607135,0.03719224400518714,shrink_mean:rule
2013-02,0.003912962209547126,0.0038001506441758914,0.05640578268561718,shrink_mean:rule
2013-03,0.005835098049539812,0.00574521695105839,0.044940549240710836,shrink_mean:rule
2013-04,0.0063992768482809366,0.006284856557480657,0.05721014540014021,shrink_mean:rule
2013-05,0.0010161610759951538,0.0009264651775649184,0.044847949215117686,shrink_mean:rule
2013-06,0.005364321218362323,0.005272645310272673,0.04583795404482441,shrink_mean:rule
2013-07,0.009922026915423173,0.00980468168028987,0.058672617566650945,shrink_mean:rule
2013-08,1.846776791005806e-05,-7.83813649231243e-05,0.04842456641659147,shrink_mean:rule
2013-09,-0.0010028649127270842,-0.0011557732701041835,0.0764541786885496,shrink_mean:rule
2013-10,-0.00230821293797334,-0.0024003736779853162,0.046080370005987976,shrink_mean:rule
2013-11,0.001031304638520531,0.0009267665895208554,0.05226902449983788,shrink_mean:rule
2013-12,0.0032349679204566524,0.00317753304477061,0.028717437843021,shrink_mean:rule
2014-01,0.002932797580160938,0.0028669431094202826,0.032927235370327684,shrink_mean:rule
2014-02,0.004947844511452907,0.004864866834780678,0.0414888383361142,shrink_mean:rule
2014-03,0.002033700142623705,0.0019597405839825925,0.03697977932055621,shrink_mean:rule
2014-04,-0.001872824135135478,-0.002000143042220453,0.06365945354248707,shrink_mean:rule
2014-05,0.0009106272526944059,0.0007990387983693479,0.055794227162528916,shrink_mean:rule
2014-06,0.0045744140869294035,0.004498893390059564,0.03776034843491934,shrink_mean:rule
2014-07,0.003823394515883592,0.0037572546794866772,0.033069918198457254,shrink_mean:rule
2014-08,0.001520932182391866,0.001398417897765041,0.06125714231341251,shrink_mean:rule
2014-09,-0.0008336112669292788,-0.0008993314453093752,0.032860089190048125,shrink_mean:rule
2014-10,0.0025842102778113416,0.0025103974874956924,0.03690639515782468,shrink_mean:rule
2014-11,0.006581269704671882,0.006516433089323637,0.03241830767412241,shrink_mean:rule
2014-12,0.007678943118494285,0.0076088869258951345,0.03502809629957555,shrink_mean:rule
2015-01,0.007047503113435965,0.006964244219856772,0.041629446789596125,shrink_mean:rule
2015-02,-0.00027448500404381524,-0.00036695886286635635,0.04623692941127073,shrink_mean:rule
2015-03,0.008594179228150409,0.008508958332002924,0.042610448073742584,shrink_mean:rule
2015-04,-0.006881244216254919,-0.006996680990394548,0.05771838706981451,shrink_mean:rule
2015-05,0.002428531452769667,0.0022912991473558113,0.06861615270692802,shrink_mean:rule
2015-06,0.005485967056661944,0.005416321808712069,0.03482262397493738,shrink_mean:rule
2015-07,0.00785816648371171,0.007791044135650974,0.0335611740303673,shrink_mean:rule
2015-08,0.005779391129428807,0.0057020959912160146,0.03864756910639623,shrink_mean:rule
2015-09,0.005192419603513597,0.005123669577928426,0.03437501279258623,shrink_mean:rule
2015-10,-0.002667508450328659,-0.0027492711280837348,0.04088133887753772,shrink_mean:rule
2015-11,0.0025852081450145384,0.0025133022891813987,0.035952927916569934,shrink_mean:rule
2015-12,0.0029068803470950863,0.002823681944098498,0.04159920149829433,shrink_mean:rule
2016-01,0.0037466345147708587,0.003675303406505222,0.035665554132818605,shrink_mean:rule
2016-02,-0.0008590779328046085,-0.0009370618786087067,0.03899197290204905,shrink_mean:rule
2016-03,-0.009204479856199169,-0.009289543270279019,0.042531707039925204,shrink_mean:rule
2016-04,0.001290509070642286,0.0011931886447189531,0.048660212961666394,shrink_mean:rule
2016-05,0.005214012537655873,0.005133295326114447,0.0403586057707132,shrink_mean:rule
2016-06,-0.0010894689660167853,-0.0011576147669270695,0.03407290045514207,shrink_mean:rule
2016-07,0.002720061776763765,0.002658455213594241,0.03080328158476218,shrink_mean:rule
2016-08,0.00506291869538137,0.004984167054588735,0.0393758203963175,shrink_mean:rule
2016-09,0.005702047159463603,0.00560637742986056,0.047834864801521035,shrink_mean:rule
2016-10,0.0026983457135233983,0.002652855403681037,0.0227451549211808,shrink_mean:rule
2016-11,-0.0042279387414618196,-0.004305262466004293,0.038661862271236754,shrink_mean:rule
2016-12,0.0013511429381141296,0.0012210250598324703,0.06505893914082969,shrink_mean:rule
2017-01,0.004202219409270482,0.00412534290438708,0.03843825244170099,shrink_mean:rule
2017-02,-0.0011630237045633489,-0.0012382221883446554,0.037599241890653286,shrink_mean:rule
2017-03,0.005132258182689321,0.005071352523531385,0.03045282957896777,shrink_mean:rule
2017-04,-0.0009573155394469243,-0.0010222395844185846,0.03246202248582989,shrink_mean:rule
2017-05,0.006720860376993919,0.006655323818280318,0.03276827935680087,shrink_mean:rule
2017-06,0.00011443583707452165,3.901616701885255e-05,0.03770983502783455,shrink_mean:rule
2017-07,0.004230237857157865,0.004177072593921245,0.026582631618310155,shrink_mean:rule
2017-08,0.0022884258442310247,0.00223039176377087,0.029017040230077347,shrink_mean:rule
2017-09,0.003110369693730167,0.0030586363830328337,0.0258666553486666,shrink_mean:rule
2017-10,0.002135902435047435,0.002077693647183336,0.029104393932049555,shrink_mean:rule
2017-11,0.0023131858053636965,0.0022333356021215626,0.03992510162106697,shrink_mean:rule
2017-12,4.221305974605626e-05,-1.757692064421394e-05,0.029894990195135085,shrink_mean:rule
2018-01,0.004537971500718498,0.00445572033987268,0.041125580422908356,shrink_mean:rule
2018-02,0.003388332978498631,0.0033144389223933386,0.036947028052646304,shrink_mean:rule
2018-03,0.0023862820798394384,0.0022795408614345865,0.05337060920242611,shrink_mean:rule
2018-04,0.0015800031533520049,0.0015103857832272462,0.03480868506237941,shrink_mean:rule
2018-05,0.0054849829733346145,0.005407807602269992,0.03858768553231125,shrink_mean:rule
2018-06,0.003536382780111902,0.003460853956578251,0.037764411766825295,shrink_mean:rule
2018-07,0.005327634465903747,0.005260371566920382,0.033631449491682903,shrink_mean:rule
2018-08,0.003960198709771633,0.003893719208285375,0.03323975074312904,shrink_mean:rule
2018-09,0.011101123924421006,0.011037770036294829,0.03167694406308888,shrink_mean:rule
2018-10,0.0025026791253189395,0.0024321187867194925,0.03528016929972339,shrink_mean:rule
2018-11,-0.0017254979839123779,-0.0017960460983433091,0.03527405721546569,shrink_mean:rule
2018-12,-0.0016652128211182846,-0.0017381552900193886,0.03647123445055214,shrink_mean:rule
2019-01,0.005084094624240724,0.005030168936009425,0.026962844115649386,shrink_mean:rule
2019-02,-0.004201472488869747,-0.004271711619444256,0.03511956528725447,shrink_mean:rule
2019-03,0.0033289117112674307,0.0032711513802515025,0.028880165507963917,shrink_mean:rule
2019-04,0.0019330932154063634,0.00187913466413435,0.026979275636006595,shrink_mean:rule
2019-05,0.0021039751205100617,0.0020398129555231283,0.0320810824934668,shrink_mean:rule
2019-06,0.0044846068706909025,0.004421289004980881,0.03165893285501061,shrink_mean:rule
2019-07,0.005443866395436954,0.005397457605870108,0.023204394783422986,shrink_mean:rule
2019-08,0.0010115201877225095,0.000942526857635765,0.03449666504337227,shrink_mean:rule
2019-09,-0.001270760431724214,-0.0013291988203450577,0.029219194310421814,shrink_mean:rule
2019-10,0.00011458347616361462,5.77768487724517e-05,0.02840331369558152,shrink_mean:rule
2019-11,0.002749939162591965,0.0026949410968812233,0.02749903285537089,shrink_mean:rule
2019-12,0.0034724570951333027,0.003414285199550726,0.029085947791288494,shrink_mean:rule
2020-01,0.001796412371334707,0.001748143939805815,0.024134215764446135,shrink_mean:rule
2020-02,0.0040850445478557585,0.004018441038400728,0.033301754727515114,shrink_mean:rule
2020-03,0.005800216702095003,0.0057349220298940655,0.032647336100468466,shrink_mean:rule
2020-04,-0.004862542578337534,-0.00499740599226502,0.0674317069637428,shrink_mean:rule
2020-05,-0.0011195238341537095,-0.0012380461460712974,0.059261155958794005,shrink_mean:rule
2020-06,-0.007097643116687461,-0.00717696180910816,0.03965934621034961,shrink_mean:rule
2020-07,0.0022992826919824784,0.0021875005915868804,0.055891050197799205,shrink_mean:rule
2020-08,-0.003759123078074125,-0.0038615979271099036,0.05123742451788926,shrink_mean:rule
2020-09,-0.000333761718682168,-0.00041143559681087164,0.03883693906435195,shrink_mean:rule
2020-10,0.005137652540354817,0.0050616211531302234,0.03801569361229658,shrink_mean:rule
2020-11,-0.018997838589101118,-0.01906812853894219,0.03514497492053545,shrink_mean:rule
2020-12,-0.0050237211849889505,-0.0051476695266925295,0.06197417085178955,shrink_mean:rule
2021-01,0.004833768881463684,0.004745354852948148,0.0442070142577681,shrink_mean:rule
2021-02,-0.0018039313900389245,-0.001882392542588332,0.039230576274703596,shrink_mean:rule
2021-03,0.002645806576782234,0.002551946152472292,0.046930212154971035,shrink_mean:rule
2021-04,0.0018009995674867947,0.0017250306628237907,0.03798445233150195,shrink_mean:rule
2021-05,6.546638336654386e-05,-2.7996774767810106e-05,0.04673157906717702,shrink_mean:rule
2021-06,-0.00442636890179012,-0.004496509333623981,0.03507021591693039,shrink_mean:rule
2021-07,0.003829180075595014,0.0037509480244381156,0.03911602557844873,shrink_mean:rule
2021-08,-0.0007162843939113112,-0.0007761734621010128,0.029944534094850875,shrink_mean:rule
2021-09,0.004461854403112944,0.004385819927644336,0.03801723773430379,shrink_mean:rule
2021-10,0.0006832382301195567,0.000613216422807197,0.03501090365617994,shrink_mean:rule
2021-11,0.006884424626136185,0.006816041022418409,0.03419180185888759,shrink_mean:rule
2021-12,0.008995999537949948,0.008908470100603102,0.04376471867342288,shrink_mean:rule
2022-01,0.008348629381351225,0.0082853563140096,0.031636533670812435,shrink_mean:rule
2022-02,0.009276224460714999,0.00920045240100298,0.037886029856009085,shrink_mean:rule
2022-03,0.004898568911238906,0.004818120099147158,0.04022440604587391,shrink_mean:rule
2022-04,0.010606871190957294,0.010519535661454808,0.043667764751242594,shrink_mean:rule
2022-05,0.005140960275940806,0.005054194929353609,0.04338267329359816,shrink_mean:rule
2022-06,-0.0011121374053048502,-0.0011896281371090395,0.038745365902094514,shrink_mean:rule
2022-07,-0.0012164394557205025,-0.001293868349983754,0.03871444713162578,shrink_mean:rule
2022-08,-0.0018767003856977756,-0.0019408662746718875,0.032082944487056134,shrink_mean:rule
2022-09,0.003737666909163661,0.003667773289725358,0.034946809719151456,shrink_mean:rule
2022-10,0.0033098180715278435,0.0032369852909632556,0.0364163902822941,shrink_mean:rule
2022-11,-0.0012726763117017253,-0.0013621689663121906,0.04474632730523261,shrink_mean:rule
2022-12,0.00650055070876506,0.00641842397274836,0.041063368008350136,shrink_mean:rule
2023-01,0.002394951679783528,0.0023262030482049285,0.03437431578929983,shrink_mean:rule
2023-02,0.003138405280542485,0.0030576689335488007,0.0403681734968419,shrink_mean:rule
2023-03,0.0029910823787369927,0.0029360340718584104,0.027524153439291474,shrink_mean:rule
2023-04,-0.0005898598817853658,-0.000654911000968792,0.03252555959171308,shrink_mean:rule
2023-05,-0.002627070418925615,-0.0026925728677075714,0.03275122439097836,shrink_mean:rule
2023-06,0.004009936460073344,0.003946348884554018,0.031793787759663,shrink_mean:rule
2023-07,0.0025102950681367693,0.0024471602346920213,0.03156741672237406,shrink_mean:rule
2023-08,0.0023376893412166548,0.002263560292448101,0.03706452438427707,shrink_mean:rule
2023-09,0.007013113971295759,0.006952883471373377,0.03011524996119136,shrink_mean:rule
2023-10,0.006483388706778806,0.006421887331479898,0.030750687649454676,shrink_mean:rule
2023-11,-0.0035617412608656557,-0.003668437293359358,0.05334801624685127,shrink_mean:rule
2023-12,0.004390159734298222,0.004328400730287132,0.030879502005545203,shrink_mean:rule
2024-01,0.01167166203531188,0.011609206765217438,0.031227635047220828,shrink_mean:rule
2024-02,-0.0011634178939486561,-0.0012369454861032483,0.036763796077295845,shrink_mean:rule
2024-03,0.0038480314216800715,0.0037775997105425675,0.03521585556875227,shrink_mean:rule
2024-04,0.001996598974365401,0.0019071389057168453,0.04473003432427778,shrink_mean:rule
2024-05,0.0028992150255659137,0.002812513757076198,0.043350634244857585,shrink_mean:rule
2024-06,0.0032900635947057193,0.0032151004026271936,0.03748159603926298,shrink_mean:rule
2024-07,0.001755689825667862,0.001707440723510682,0.024124551078589938,shrink_mean:rule
2024-08,0.0024231161855485265,0.0023674037492412855,0.027856218153620414,shrink_mean:rule
2024-09,-1.2670675386628054e-05,-6.704727973480361e-05,0.027188302174087756,shrink_mean:rule
2024-10,-0.000455080223268454,-0.0005072011510376238,0.026060463884584863,shrink_mean:rule
2024-11,0.010590954421115758,0.010528666788771287,0.031143816172235418,shrink_mean:rule
2024-12,0.0018709947266290889,0.0018145774709717177,0.028208627828685596,shrink_mean:rule
2025-01,0.003496713053202938,0.003445079411920023,0.025816820641457475,shrink_mean:rule
2025-02,0.0036438314090958437,0.003580628055762479,0.0316016766666823,shrink_mean:rule
2025-03,0.005035000636511445,0.004976626961659321,0.02918683742606133,shrink_mean:rule
2025-04,-0.00021666796282442428,-0.00027951503152209796,0.03142353434883678,shrink_mean:rule
2025-05,-0.0003078167264733125,-0.00037606406650877023,0.034123670017728785,shrink_mean:rule
2025-06,-0.003844394643493147,-0.0039116513080356,0.03362833227122658,shrink_mean:rule
2025-07,-0.0015210082916695031,-0.0015700548451274892,0.024523276728993057,shrink_mean:rule
2025-08,-0.0015859276280962451,-0.0016502464801237454,0.03215942601375021,shrink_mean:rule
2025-09,0.0034405074285632086,0.003380773827561639,0.02986680050078495,shrink_mean:rule
2025-10,0.007500143362976084,0.0074348505028732975,0.03264643005139279,shrink_mean:rule
2025-11,0.004952816877285008,0.0048735904843839484,0.03961319645052979,shrink_mean:rule
2025-12,0.006942318375091447,0.006889555514045327,0.02638143052306038,shrink_mean:rule
